sex,scenario,outcome,iso3,paf_base,paf_scen,averted_frac_alldeaths
male,sodium30,IHD,AUS,0.4504616645228715,0.4447877236717849,0.005673940851086635
male,sodium30,IHD,BGD,0.5563036024215536,0.549655653955352,0.006647948466201576
male,sodium30,IHD,BGR,0.5067898189490062,0.47798875029558524,0.028801068653420914
male,sodium30,IHD,BRA,0.42029872418429165,0.40016259354778605,0.020136130636505614
male,sodium30,IHD,CAN,0.3899486367075887,0.373439476531819,0.016509160175769724
male,sodium30,IHD,CHN,0.45238154655050583,0.41506092701471725,0.03732061953578861
male,sodium30,IHD,DEU,0.41382509605561674,0.3995619071859666,0.014263188869650128
male,sodium30,IHD,EGY,0.4163678703472711,0.4059737673383054,0.010394103008965693
male,sodium30,IHD,GBR,0.4758246964849554,0.4703994908042723,0.005425205680683119
male,sodium30,IHD,GLB,0.47876457968269615,0.4502079050422556,0.028556674640440576
male,sodium30,IHD,IND,0.5428690585365629,0.5267249773892686,0.01614408114729423
male,sodium30,IHD,ISR,0.310498626276045,0.2950159795533929,0.015482646722652092
male,sodium30,IHD,JPN,0.43767054089445034,0.41852007709458844,0.01915046379986188
male,sodium30,IHD,MEX,0.4313053245308271,0.41304273670097363,0.018262587829853467
male,sodium30,IHD,NGA,0.381591087905692,0.381591087905692,0.0
male,sodium30,IHD,NZL,0.43649019469574163,0.4296104225833689,0.006879772112372728
male,sodium30,IHD,ROU,0.5228917243933635,0.49044993588586316,0.03244178850750034
male,sodium30,IHD,TUR,0.28903067495736695,0.2827392701932031,0.006291404764163844
male,sodium30,IHD,USA,0.41029194863902935,0.3973252618131259,0.012966686825903488
male,sodium30,IHD,ZAF,0.49196452572082444,0.49157484544589314,0.00038968027493129935
male,sodium30,T2D,AUS,0.36466997499334075,0.36466997499334075,0.0
male,sodium30,T2D,BGD,0.2889451225731197,0.2889451225731197,0.0
male,sodium30,T2D,BGR,0.2941101402358065,0.2941101402358065,0.0
male,sodium30,T2D,BRA,0.2312157696059605,0.2312157696059605,0.0
male,sodium30,T2D,CAN,0.3288875081657465,0.3288875081657465,0.0
male,sodium30,T2D,CHN,0.2240341366375308,0.2240341366375308,0.0
male,sodium30,T2D,DEU,0.3507082252201217,0.3507082252201217,0.0
male,sodium30,T2D,EGY,0.11610794874563297,0.11610794874563297,0.0
male,sodium30,T2D,GBR,0.35727464621660215,0.35727464621660215,0.0
male,sodium30,T2D,GLB,0.22097006043489614,0.22097006043489614,0.0
male,sodium30,T2D,IND,0.178885513310306,0.178885513310306,0.0
male,sodium30,T2D,ISR,0.26680544392053535,0.26680544392053535,0.0
male,sodium30,T2D,JPN,0.32150296841689047,0.32150296841689047,0.0
male,sodium30,T2D,MEX,0.254664633054482,0.254664633054482,0.0
male,sodium30,T2D,NGA,0.14120814674147192,0.14120814674147192,0.0
male,sodium30,T2D,NZL,0.33240073808654547,0.33240073808654547,0.0
male,sodium30,T2D,ROU,0.29505807653501587,0.29505807653501587,0.0
male,sodium30,T2D,TUR,0.14464063091246188,0.14464063091246188,0.0
male,sodium30,T2D,USA,0.41472027079556245,0.41472027079556245,0.0
male,sodium30,T2D,ZAF,0.2480643452965826,0.2480643452965826,0.0
male,sodium30,IschStroke,AUS,0.09130194255776819,0.0831626336717211,0.008139308886047098
male,sodium30,IschStroke,BGD,0.22717918837395304,0.21230037391872494,0.014878814455228106
male,sodium30,IschStroke,BGR,0.24244741579920853,0.17055736547657924,0.0718900503226293
male,sodium30,IschStroke,BRA,0.16770562403054673,0.12695700712901084,0.04074861690153589
male,sodium30,IschStroke,CAN,0.11745040113418032,0.08823205116478264,0.029218349969397685
male,sodium30,IschStroke,CHN,0.2555387298208225,0.17752324120729307,0.07801548861352942
male,sodium30,IschStroke,DEU,0.1307670038072804,0.09883983007834414,0.03192717372893627
male,sodium30,IschStroke,EGY,0.0629042345673888,0.04615040683260403,0.016753827734784774
male,sodium30,IschStroke,GBR,0.10351783238753835,0.0940063747521493,0.009511457635389044
male,sodium30,IschStroke,GLB,0.196834477781792,0.1326021463908835,0.06423233139090852
male,sodium30,IschStroke,IND,0.22547769743915574,0.19193711042358666,0.033540587015569084
male,sodium30,IschStroke,ISR,0.09237694651636724,0.0658960815969336,0.026480864919433647
male,sodium30,IschStroke,JPN,0.1407568418683888,0.10769747215612557,0.033059369712263226
male,sodium30,IschStroke,MEX,0.12733398946276425,0.08544215833107913,0.04189183113168513
male,sodium30,IschStroke,NGA,0.1094488440799445,0.1094488440799445,0.0
male,sodium30,IschStroke,NZL,0.10174917057320837,0.09040893489687273,0.01134023567633565
male,sodium30,IschStroke,ROU,0.24340068824382902,0.1539666716553483,0.08943401658848073
male,sodium30,IschStroke,TUR,0.0696840060680987,0.055411190756621424,0.014272815311477269
male,sodium30,IschStroke,USA,0.13335521507056575,0.10600298276501614,0.027352232305549586
male,sodium30,IschStroke,ZAF,0.14646534604519532,0.14564120605153236,0.0008241399936629516
male,sodium30,CKD,NZL,0.008878354396273713,0.0,0.008878354396273713
male,sodium30,CKD,JPN,0.03356122863457245,0.002039423494122783,0.031521805140449666
male,sodium30,CKD,ISR,0.017230110914442376,0.0,0.017230110914442376
male,sodium30,CKD,GLB,0.0375707022532894,0.005919327293793963,0.03165137495949544
male,sodium30,CKD,NGA,0.0,0.0,0.0
male,sodium30,CKD,CAN,0.019858243129001862,0.0015306790189965058,0.018327564110005357
male,sodium30,CKD,BGD,0.013695479815884481,0.0,0.013695479815884481
male,sodium30,CKD,EGY,0.011112624168932439,0.001512636580288107,0.009599987588644332
male,sodium30,CKD,BGR,0.09094450444770008,0.0416633306074945,0.04928117384020558
male,sodium30,CKD,AUS,0.007045597322723918,0.0,0.007045597322723918
male,sodium30,CKD,USA,0.013393625573512646,0.0,0.013393625573512646
male,sodium30,CKD,ZAF,0.0006028983308736802,0.0,0.0006028983308736802
male,sodium30,CKD,DEU,0.023085076069163546,0.001330519102931138,0.021754556966232408
male,sodium30,CKD,GBR,0.007407950814520281,0.0,0.007407950814520281
male,sodium30,CKD,ROU,0.09120369486335778,0.041771975410912265,0.04943171945244551
male,sodium30,CKD,TUR,0.009771441824631744,0.0015369781265804905,0.008234463698051253
male,sodium30,CKD,BRA,0.024242392390776635,0.0,0.024242392390776635
male,sodium30,CKD,MEX,0.01814195440157418,0.0,0.01814195440157418
male,sodium30,CKD,IND,0.021869677756613637,0.0016646013966520323,0.020205076359961605
male,sodium30,CKD,CHN,0.08130058323037626,0.039095059627014206,0.04220552360336205
male,feasible,IHD,AUS,0.4504616645228715,0.4124425364541379,0.038019128068733574
male,feasible,IHD,BGD,0.5563036024215536,0.5178048850358823,0.03849871738567129
male,feasible,IHD,BGR,0.5067898189490062,0.47757334533406676,0.02921647361493942
male,feasible,IHD,BRA,0.42029872418429165,0.38464040078618394,0.035658323398107684
male,feasible,IHD,CAN,0.3899486367075887,0.3552320487459165,0.0347165879616722
male,feasible,IHD,CHN,0.45238154655050583,0.4113403579532238,0.04104118859728201
male,feasible,IHD,DEU,0.41382509605561674,0.38409356928376914,0.029731526771847615
male,feasible,IHD,EGY,0.4163678703472711,0.40101045217518955,0.015357418172081548
male,feasible,IHD,GBR,0.4758246964849554,0.4427927491998052,0.03303194728515017
male,feasible,IHD,GLB,0.47876457968269615,0.44158931704102045,0.03717526264167575
male,feasible,IHD,IND,0.5428690585365629,0.516362488325176,0.026506570211386943
male,feasible,IHD,ISR,0.310498626276045,0.2725151302010174,0.03798349607502764
male,feasible,IHD,JPN,0.43767054089445034,0.4001397887378552,0.037530752156595085
male,feasible,IHD,MEX,0.4313053245308271,0.40895656474977254,0.022348759781054547
male,feasible,IHD,NGA,0.381591087905692,0.37607829599008435,0.005512791915607644
male,feasible,IHD,NZL,0.43649019469574163,0.40102556980441056,0.035464624891331044
male,feasible,IHD,ROU,0.5228917243933635,0.49230317877602636,0.030588545617337152
male,feasible,IHD,TUR,0.28903067495736695,0.2688847514768418,0.020145923480525085
male,feasible,IHD,USA,0.41029194863902935,0.3705813942876493,0.039710554351380045
male,feasible,IHD,ZAF,0.49196452572082444,0.48832288765678505,0.0036416380640393728
male,feasible,T2D,AUS,0.36466997499334075,0.3044743747923367,0.060195600201004076
male,feasible,T2D,BGD,0.2889451225731197,0.21064776592363496,0.07829735664948477
male,feasible,T2D,BGR,0.2941101402358065,0.26915776496251753,0.02495237527328899
male,feasible,T2D,BRA,0.2312157696059605,0.1982619839622328,0.03295378564372768
male,feasible,T2D,CAN,0.3288875081657465,0.2956241313014627,0.03326337686428378
male,feasible,T2D,CHN,0.2240341366375308,0.1849053849479238,0.03912875168960699
male,feasible,T2D,DEU,0.3507082252201217,0.31951197776927825,0.031196247450843446
male,feasible,T2D,EGY,0.11610794874563297,0.106025117579936,0.010082831165696965
male,feasible,T2D,GBR,0.35727464621660215,0.31749437030202654,0.03978027591457561
male,feasible,T2D,GLB,0.22097006043489614,0.1955468680409986,0.025423192393897533
male,feasible,T2D,IND,0.178885513310306,0.1578489177620843,0.021036595548221716
male,feasible,T2D,ISR,0.26680544392053535,0.23324340483440287,0.03356203908613247
male,feasible,T2D,JPN,0.32150296841689047,0.2736038636471872,0.047899104769703264
male,feasible,T2D,MEX,0.254664633054482,0.23677285929749844,0.017891773756983566
male,feasible,T2D,NGA,0.14120814674147192,0.1357324931091211,0.0054756536323508085
male,feasible,T2D,NZL,0.33240073808654547,0.28545295256827796,0.04694778551826751
male,feasible,T2D,ROU,0.29505807653501587,0.2720964796062364,0.022961596928779443
male,feasible,T2D,TUR,0.14464063091246188,0.12354777169790883,0.021092859214553058
male,feasible,T2D,USA,0.41472027079556245,0.37785854336421537,0.03686172743134712
male,feasible,T2D,ZAF,0.2480643452965826,0.2378061192730004,0.01025822602358218
male,feasible,IschStroke,AUS,0.09130194255776819,0.07019203918989554,0.02110990336787265
male,feasible,IschStroke,BGD,0.22717918837395304,0.18918190898897505,0.037997279384977975
male,feasible,IschStroke,BGR,0.24244741579920853,0.19658136679926538,0.04586604899994315
male,feasible,IschStroke,BRA,0.16770562403054673,0.12805296354853898,0.03965266048200775
male,feasible,IschStroke,CAN,0.11745040113418032,0.0865529923057534,0.030897408828426915
male,feasible,IschStroke,CHN,0.2555387298208225,0.20230588037783212,0.05323284944299035
male,feasible,IschStroke,DEU,0.1307670038072804,0.09718895846890928,0.033578045338371124
male,feasible,IschStroke,EGY,0.0629042345673888,0.04831334151493685,0.014590893052451951
male,feasible,IschStroke,GBR,0.10351783238753835,0.07994725782605085,0.023570574561487503
male,feasible,IschStroke,GLB,0.196834477781792,0.14777113495770391,0.0490633428240881
male,feasible,IschStroke,IND,0.22547769743915574,0.1938147773877026,0.03166292005145313
male,feasible,IschStroke,ISR,0.09237694651636724,0.061607734720791334,0.03076921179557591
male,feasible,IschStroke,JPN,0.1407568418683888,0.10785450177930016,0.03290234008908864
male,feasible,IschStroke,MEX,0.12733398946276425,0.09498312974407037,0.032350859718693885
male,feasible,IschStroke,NGA,0.1094488440799445,0.1061752291150158,0.0032736149649286975
male,feasible,IschStroke,NZL,0.10174917057320837,0.07557810008650033,0.026171070486708033
male,feasible,IschStroke,ROU,0.24340068824382902,0.18919189643756212,0.054208791806266886
male,feasible,IschStroke,TUR,0.0696840060680987,0.05054098595328121,0.01914302011481749
male,feasible,IschStroke,USA,0.13335521507056575,0.09695998818941125,0.036395226881154485
male,feasible,IschStroke,ZAF,0.14646534604519532,0.14462911600012057,0.0018362300450747385
male,feasible,CKD,NZL,0.008878354396273713,0.000526646333343761,0.008351708062929952
male,feasible,CKD,JPN,0.03356122863457245,0.017639594625057486,0.015921634009514962
male,feasible,CKD,ISR,0.017230110914442376,0.0055163180943731405,0.011713792820069235
male,feasible,CKD,GLB,0.0375707022532894,0.021051018602418647,0.016519683650870753
male,feasible,CKD,NGA,0.0,0.0,0.0
male,feasible,CKD,CAN,0.019858243129001862,0.007911897093378473,0.01194634603562339
male,feasible,CKD,BGD,0.013695479815884481,0.001409214444336393,0.012286265371548089
male,feasible,CKD,EGY,0.011112624168932439,0.004827289425826775,0.006285334743105664
male,feasible,CKD,BGR,0.09094450444770008,0.06692310532229118,0.024021399125408904
male,feasible,CKD,AUS,0.007045597322723918,0.002166853172584693,0.004878744150139225
male,feasible,CKD,USA,0.013393625573512646,0.004069350791578885,0.009324274781933761
male,feasible,CKD,ZAF,0.0006028983308736802,0.0,0.0006028983308736802
male,feasible,CKD,DEU,0.023085076069163546,0.009172615376464743,0.013912460692698803
male,feasible,CKD,GBR,0.007407950814520281,0.0012092327274758619,0.006198718087044419
male,feasible,CKD,ROU,0.09120369486335778,0.06710423627489936,0.02409945858845841
male,feasible,CKD,TUR,0.009771441824631744,0.004644756032348263,0.005126685792283481
male,feasible,CKD,BRA,0.024242392390776635,0.008851431500616846,0.015390960890159788
male,feasible,CKD,MEX,0.01814195440157418,0.004361348481215943,0.013780605920358235
male,feasible,CKD,IND,0.021869677756613637,0.009304110262872256,0.01256556749374138
male,feasible,CKD,CHN,0.08130058323037626,0.061033291107650434,0.020267292122725822
male,aspirational,IHD,AUS,0.4504616645228715,0.33977551502939723,0.11068614949347427
male,aspirational,IHD,BGD,0.5563036024215536,0.3999478187067054,0.15635578371484815
male,aspirational,IHD,BGR,0.5067898189490062,0.39331497436164087,0.11347484458736529
male,aspirational,IHD,BRA,0.42029872418429165,0.3252370487583962,0.09506167542589544
male,aspirational,IHD,CAN,0.3899486367075887,0.30723847095401946,0.08271016575356925
male,aspirational,IHD,CHN,0.45238154655050583,0.3525819827672617,0.09979956378324412
male,aspirational,IHD,DEU,0.41382509605561674,0.30918511419672046,0.10463998185889631
male,aspirational,IHD,EGY,0.4163678703472711,0.31404700763881915,0.10232086270845195
male,aspirational,IHD,GBR,0.4758246964849554,0.34901351475014414,0.12681118173481126
male,aspirational,IHD,GLB,0.47876457968269615,0.3713433654375964,0.1074212142450998
male,aspirational,IHD,IND,0.5428690585365629,0.4193709898842506,0.1234980686523123
male,aspirational,IHD,ISR,0.310498626276045,0.24504566364367728,0.06545296263236776
male,aspirational,IHD,JPN,0.43767054089445034,0.323109210065552,0.11456133082889833
male,aspirational,IHD,MEX,0.4313053245308271,0.3425645623231828,0.08874076220764432
male,aspirational,IHD,NGA,0.381591087905692,0.30681957803943805,0.07477150986625394
male,aspirational,IHD,NZL,0.43649019469574163,0.3292887529257598,0.1072014417699818
male,aspirational,IHD,ROU,0.5228917243933635,0.39769160206287835,0.12520012233048516
male,aspirational,IHD,TUR,0.28903067495736695,0.23437879756025973,0.0546518773971072
male,aspirational,IHD,USA,0.41029194863902935,0.3178484474500279,0.09244350118900145
male,aspirational,IHD,ZAF,0.49196452572082444,0.352829015214981,0.13913551050584344
male,aspirational,T2D,AUS,0.36466997499334075,0.2635628743366105,0.10110710065673027
male,aspirational,T2D,BGD,0.2889451225731197,0.11998727172597416,0.16895785084714557
male,aspirational,T2D,BGR,0.2941101402358065,0.23069472045737902,0.06341541977842749
male,aspirational,T2D,BRA,0.2312157696059605,0.1675679765000931,0.06364779310586739
male,aspirational,T2D,CAN,0.3288875081657465,0.26558019948734085,0.06330730867840566
male,aspirational,T2D,CHN,0.2240341366375308,0.14503804094607836,0.07899609569145243
male,aspirational,T2D,DEU,0.3507082252201217,0.2881212964762856,0.0625869287438361
male,aspirational,T2D,EGY,0.11610794874563297,0.09336014661943434,0.022747802126198632
male,aspirational,T2D,GBR,0.35727464621660215,0.28157860707578386,0.07569603914081828
male,aspirational,T2D,GLB,0.22097006043489614,0.16246509610583074,0.0585049643290654
male,aspirational,T2D,IND,0.178885513310306,0.10977582207911667,0.06910969123118933
male,aspirational,T2D,ISR,0.26680544392053535,0.21230272282753135,0.054502721093003983
male,aspirational,T2D,JPN,0.32150296841689047,0.22765917029036084,0.09384379812652963
male,aspirational,T2D,MEX,0.254664633054482,0.21725893286364303,0.03740570019083899
male,aspirational,T2D,NGA,0.14120814674147192,0.09928352536091864,0.04192462138055329
male,aspirational,T2D,NZL,0.33240073808654547,0.2471477774763506,0.08525296061019487
male,aspirational,T2D,ROU,0.29505807653501587,0.24525104484705484,0.049807031687961
male,aspirational,T2D,TUR,0.14464063091246188,0.1145000633417028,0.03014056757075908
male,aspirational,T2D,USA,0.41472027079556245,0.3460704754412126,0.06864979535434987
male,aspirational,T2D,ZAF,0.2480643452965826,0.16611844039932572,0.08194590489725688
male,aspirational,IschStroke,AUS,0.09130194255776819,0.05955709439210002,0.03174484816566818
male,aspirational,IschStroke,BGD,0.22717918837395304,0.12439339446136852,0.10278579391258452
male,aspirational,IschStroke,BGR,0.24244741579920853,0.18774914393325126,0.054698271865957285
male,aspirational,IschStroke,BRA,0.16770562403054673,0.11749298394001606,0.05021264009053068
male,aspirational,IschStroke,CAN,0.11745040113418032,0.08465785695893456,0.03279254417524576
male,aspirational,IschStroke,CHN,0.2555387298208225,0.19941961254323792,0.05611911727758455
male,aspirational,IschStroke,DEU,0.1307670038072804,0.09465506556673606,0.036111938240544345
male,aspirational,IschStroke,EGY,0.0629042345673888,0.05219653159229621,0.0107077029750926
male,aspirational,IschStroke,GBR,0.10351783238753835,0.06937067365281871,0.03414715873471964
male,aspirational,IschStroke,GLB,0.196834477781792,0.14716181322036753,0.04967266456142447
male,aspirational,IschStroke,IND,0.22547769743915574,0.12286360086071677,0.10261409657843898
male,aspirational,IschStroke,ISR,0.09237694651636724,0.06788764063812777,0.02448930587823947
male,aspirational,IschStroke,JPN,0.1407568418683888,0.09421276361872713,0.04654407824966167
male,aspirational,IschStroke,MEX,0.12733398946276425,0.09712470430917444,0.030209285153589813
male,aspirational,IschStroke,NGA,0.1094488440799445,0.07163721342493352,0.03781163065501098
male,aspirational,IschStroke,NZL,0.10174917057320837,0.0688983233236363,0.03285084724957208
male,aspirational,IschStroke,ROU,0.24340068824382902,0.19556025865848967,0.04784042958533935
male,aspirational,IschStroke,TUR,0.0696840060680987,0.05299210275181827,0.016691903316280426
male,aspirational,IschStroke,USA,0.13335521507056575,0.09465855631412871,0.038696658756437026
male,aspirational,IschStroke,ZAF,0.14646534604519532,0.0714415411618876,0.0750238048833077
male,aspirational,CKD,NZL,0.008878354396273713,0.007128031489321396,0.0017503229069523174
male,aspirational,CKD,JPN,0.03356122863457245,0.027064835787142916,0.006496392847429533
male,aspirational,CKD,ISR,0.017230110914442376,0.013869421141898708,0.003360689772543668
male,aspirational,CKD,GLB,0.0375707022532894,0.030361635721501745,0.007209066531787656
male,aspirational,CKD,NGA,0.0,0.0,0.0
male,aspirational,CKD,CAN,0.019858243129001862,0.016063266578365987,0.0037949765506358757
male,aspirational,CKD,BGD,0.013695479815884481,0.011011083117202669,0.0026843966986818124
male,aspirational,CKD,EGY,0.011112624168932439,0.008958951675744786,0.0021536724931876527
male,aspirational,CKD,BGR,0.09094450444770008,0.07400165494545796,0.01694284950224212
male,aspirational,CKD,AUS,0.007045597322723918,0.005675648274645173,0.0013699490480787446
male,aspirational,CKD,USA,0.013393625573512646,0.010795853868458938,0.0025977717050537086
male,aspirational,CKD,ZAF,0.0006028983308736802,0.0004834521679744075,0.00011944616289927268
male,aspirational,CKD,DEU,0.023085076069163546,0.018606266477748545,0.004478809591415001
male,aspirational,CKD,GBR,0.007407950814520281,0.00594868471396981,0.0014592661005504715
male,aspirational,CKD,ROU,0.09120369486335778,0.07418691869614902,0.017016776167208758
male,aspirational,CKD,TUR,0.009771441824631744,0.007875831448045156,0.0018956103765865873
male,aspirational,CKD,BRA,0.024242392390776635,0.019502016308607595,0.00474037608216904
male,aspirational,CKD,MEX,0.01814195440157418,0.014581267488412042,0.0035606869131621366
male,aspirational,CKD,IND,0.021869677756613637,0.01766156147084119,0.004208116285772445
male,aspirational,CKD,CHN,0.08130058323037626,0.06708175849966547,0.014218824730710788
male,single_v01,IHD,AUS,0.4504616645228715,0.43867714645894024,0.011784518063931278
male,single_v01,IHD,BGD,0.5563036024215536,0.5401691536818857,0.01613444873966798
male,single_v01,IHD,BGR,0.5067898189490062,0.49330427175597147,0.013485547193034672
male,single_v01,IHD,BRA,0.42029872418429165,0.4127340049118647,0.007564719272426974
male,single_v01,IHD,CAN,0.3899486367075887,0.3828146872892032,0.007133949418385535
male,single_v01,IHD,CHN,0.45238154655050583,0.43585375261474507,0.016527793935760735
male,single_v01,IHD,DEU,0.41382509605561674,0.40592113642767497,0.007903959627941761
male,single_v01,IHD,EGY,0.4163678703472711,0.40983706425523886,0.00653080609203224
male,single_v01,IHD,GBR,0.4758246964849554,0.46351384621182656,0.012310850273128855
male,single_v01,IHD,GLB,0.47876457968269615,0.4617087481153521,0.017055831567344037
male,single_v01,IHD,IND,0.5428690585365629,0.5133166687529713,0.029552389783591516
male,single_v01,IHD,ISR,0.310498626276045,0.3061561308180472,0.0043424954579978125
male,single_v01,IHD,JPN,0.43767054089445034,0.4211629929815951,0.016507547912855195
male,single_v01,IHD,MEX,0.4313053245308271,0.4236960167419476,0.007609307788879492
male,single_v01,IHD,NGA,0.381591087905692,0.3600345141096352,0.021556573796056775
male,single_v01,IHD,NZL,0.43649019469574163,0.42550597725054573,0.010984217445195914
male,single_v01,IHD,ROU,0.5228917243933635,0.5162475008429155,0.006644223550448028
male,single_v01,IHD,TUR,0.28903067495736695,0.2873391115816514,0.0016915633757155603
male,single_v01,IHD,USA,0.41029194863902935,0.4000421167301889,0.010249831908840434
male,single_v01,IHD,ZAF,0.49196452572082444,0.466906883572681,0.02505764214814343
male,single_v01,T2D,AUS,0.36466997499334075,0.3511736301938332,0.01349634479950759
male,single_v01,T2D,BGD,0.2889451225731197,0.26585908117788687,0.02308604139523287
male,single_v01,T2D,BGR,0.2941101402358065,0.2750535509581733,0.019056589277633183
male,single_v01,T2D,BRA,0.2312157696059605,0.22291628179464443,0.008299487811316057
male,single_v01,T2D,CAN,0.3288875081657465,0.3217441160202983,0.007143392145448202
male,single_v01,T2D,CHN,0.2240341366375308,0.20007726984740723,0.023956866790123568
male,single_v01,T2D,DEU,0.3507082252201217,0.34175948529400785,0.008948739926113843
male,single_v01,T2D,EGY,0.11610794874563297,0.1110507295278974,0.005057219217735577
male,single_v01,T2D,GBR,0.35727464621660215,0.3450284067993228,0.012246239417279342
male,single_v01,T2D,GLB,0.22097006043489614,0.20452211423741418,0.016447946197481977
male,single_v01,T2D,IND,0.178885513310306,0.14029642589142816,0.03858908741887785
male,single_v01,T2D,ISR,0.26680544392053535,0.263152460673561,0.0036529832469743236
male,single_v01,T2D,JPN,0.32150296841689047,0.30158175657890973,0.019921211837980703
male,single_v01,T2D,MEX,0.254664633054482,0.2471779005496656,0.007486732504816422
male,single_v01,T2D,NGA,0.14120814674147192,0.12028835901477676,0.02091978772669517
male,single_v01,T2D,NZL,0.33240073808654547,0.31980478925152067,0.012595948835024831
male,single_v01,T2D,ROU,0.29505807653501587,0.2867629498581741,0.008295126676841784
male,single_v01,T2D,TUR,0.14464063091246188,0.14317003861514405,0.001470592297317835
male,single_v01,T2D,USA,0.41472027079556245,0.40573889111542727,0.008981379680135206
male,single_v01,T2D,ZAF,0.2480643452965826,0.20861059679124075,0.03945374850534185
male,single_v01,IschStroke,AUS,0.09130194255776819,0.0880275152874999,0.0032744272702682903
male,single_v01,IschStroke,BGD,0.22717918837395304,0.20150436385082982,0.025674824523123207
male,single_v01,IschStroke,BGR,0.24244741579920853,0.23350697348245514,0.008940442316753403
male,single_v01,IschStroke,BRA,0.16770562403054673,0.16462775564617949,0.0030778683843672473
male,single_v01,IschStroke,CAN,0.11745040113418032,0.11501425369662129,0.002436147437559037
male,single_v01,IschStroke,CHN,0.2555387298208225,0.2472336309128778,0.008305098907944659
male,single_v01,IschStroke,DEU,0.1307670038072804,0.1274340350197023,0.00333296878757812
male,single_v01,IschStroke,EGY,0.0629042345673888,0.060371049406832245,0.0025331851605565605
male,single_v01,IschStroke,GBR,0.10351783238753835,0.09923227369019633,0.004285558697342015
male,single_v01,IschStroke,GLB,0.196834477781792,0.18801918544599366,0.008815292335798353
male,single_v01,IschStroke,IND,0.22547769743915574,0.1578835208633295,0.06759417657582625
male,single_v01,IschStroke,ISR,0.09237694651636724,0.0905312980218727,0.0018456484944945532
male,single_v01,IschStroke,JPN,0.1407568418683888,0.1291663615841897,0.011590480284199097
male,single_v01,IschStroke,MEX,0.12733398946276425,0.12369818331801281,0.0036358061447514457
male,single_v01,IschStroke,NGA,0.1094488440799445,0.09749772930083778,0.011951114779106731
male,single_v01,IschStroke,NZL,0.10174917057320837,0.09834654432924954,0.003402626243958836
male,single_v01,IschStroke,ROU,0.24340068824382902,0.2398189571838085,0.003581731060020513
male,single_v01,IschStroke,TUR,0.0696840060680987,0.0683768987394208,0.001307107328677904
male,single_v01,IschStroke,USA,0.13335521507056575,0.12942767151104878,0.003927543559516958
male,single_v01,IschStroke,ZAF,0.14646534604519532,0.10189282532594078,0.04457252071925453
male,single_v01,CKD,NZL,0.008878354396273713,0.008878354396273713,0.0
male,single_v01,CKD,JPN,0.03356122863457245,0.03356122863457245,0.0
male,single_v01,CKD,ISR,0.017230110914442376,0.017230110914442376,0.0
male,single_v01,CKD,GLB,0.0375707022532894,0.0375707022532894,0.0
male,single_v01,CKD,NGA,0.0,0.0,0.0
male,single_v01,CKD,CAN,0.019858243129001862,0.019858243129001862,0.0
male,single_v01,CKD,BGD,0.013695479815884481,0.013695479815884481,0.0
male,single_v01,CKD,EGY,0.011112624168932439,0.011112624168932439,0.0
male,single_v01,CKD,BGR,0.09094450444770008,0.09094450444770008,0.0
male,single_v01,CKD,AUS,0.007045597322723918,0.007045597322723918,0.0
male,single_v01,CKD,USA,0.013393625573512646,0.013393625573512646,0.0
male,single_v01,CKD,ZAF,0.0006028983308736802,0.0006028983308736802,0.0
male,single_v01,CKD,DEU,0.023085076069163546,0.023085076069163546,0.0
male,single_v01,CKD,GBR,0.007407950814520281,0.007407950814520281,0.0
male,single_v01,CKD,ROU,0.09120369486335778,0.09120369486335778,0.0
male,single_v01,CKD,TUR,0.009771441824631744,0.009771441824631744,0.0
male,single_v01,CKD,BRA,0.024242392390776635,0.024242392390776635,0.0
male,single_v01,CKD,MEX,0.01814195440157418,0.01814195440157418,0.0
male,single_v01,CKD,IND,0.021869677756613637,0.021869677756613637,0.0
male,single_v01,CKD,CHN,0.08130058323037626,0.08130058323037626,0.0
male,single_v02,IHD,AUS,0.4504616645228715,0.4478428355884596,0.0026188289344118943
male,single_v02,IHD,BGD,0.5563036024215536,0.54740994112278,0.008893661298773633
male,single_v02,IHD,BGR,0.5067898189490062,0.5049829735224004,0.0018068454266057601
male,single_v02,IHD,BRA,0.42029872418429165,0.41594448633447084,0.004354237849820834
male,single_v02,IHD,CAN,0.3899486367075887,0.3870188149304254,0.002929821777163323
male,single_v02,IHD,CHN,0.45238154655050583,0.4526203017278142,-0.00023875517730836032
male,single_v02,IHD,DEU,0.41382509605561674,0.41144552892094144,0.0023795671346753104
male,single_v02,IHD,EGY,0.4163678703472711,0.4156824516782677,0.0006854186690034477
male,single_v02,IHD,GBR,0.4758246964849554,0.47311156537839305,0.0027131311065623563
male,single_v02,IHD,GLB,0.47876457968269615,0.4762698706408819,0.002494709041814294
male,single_v02,IHD,IND,0.5428690585365629,0.5401517636963733,0.002717294840189563
male,single_v02,IHD,ISR,0.310498626276045,0.3094590217933769,0.0010396044826680958
male,single_v02,IHD,JPN,0.43767054089445034,0.4361528456084096,0.0015176952860407077
male,single_v02,IHD,MEX,0.4313053245308271,0.42731381410936337,0.00399151042146375
male,single_v02,IHD,NGA,0.381591087905692,0.37698141984688804,0.004609668058803943
male,single_v02,IHD,NZL,0.43649019469574163,0.4337050962319601,0.0027850984637815654
male,single_v02,IHD,ROU,0.5228917243933635,0.52256424457506,0.0003274798183034778
male,single_v02,IHD,TUR,0.28903067495736695,0.28931408281153426,-0.00028340785416730796
male,single_v02,IHD,USA,0.41029194863902935,0.4075850748191533,0.002706873819876046
male,single_v02,IHD,ZAF,0.49196452572082444,0.4855072752992887,0.006457250421535704
male,single_v02,T2D,AUS,0.36466997499334075,0.36376919303555066,0.0009007819577901125
male,single_v02,T2D,BGD,0.2889451225731197,0.2578496641517631,0.031095458421356643
male,single_v02,T2D,BGR,0.2941101402358065,0.2938850731135432,0.00022506712226327602
male,single_v02,T2D,BRA,0.2312157696059605,0.22381335927414864,0.007402410331811854
male,single_v02,T2D,CAN,0.3288875081657465,0.3277520712500672,0.0011354369156792732
male,single_v02,T2D,CHN,0.2240341366375308,0.22405616082049906,-2.202418296827133e-05
male,single_v02,T2D,DEU,0.3507082252201217,0.3500971852376113,0.0006110399825103918
male,single_v02,T2D,EGY,0.11610794874563297,0.11606996874780035,3.7979997832635173e-05
male,single_v02,T2D,GBR,0.35727464621660215,0.35653154915836727,0.0007430970582348674
male,single_v02,T2D,GLB,0.22097006043489614,0.22076203484329446,0.00020802559160167498
male,single_v02,T2D,IND,0.178885513310306,0.1778763696040137,0.001009143706292288
male,single_v02,T2D,ISR,0.26680544392053535,0.2667417927476617,6.365117287361826e-05
male,single_v02,T2D,JPN,0.32150296841689047,0.32132787124715606,0.00017509716973440582
male,single_v02,T2D,MEX,0.254664633054482,0.25160409577005566,0.003060537284426357
male,single_v02,T2D,NGA,0.14120814674147192,0.1353062914980213,0.00590185524345062
male,single_v02,T2D,NZL,0.33240073808654547,0.3316259175913089,0.0007748204952366097
male,single_v02,T2D,ROU,0.29505807653501587,0.29503051183303936,2.7564701976528527e-05
male,single_v02,T2D,TUR,0.14464063091246188,0.14466032832931747,-1.9697416855599848e-05
male,single_v02,T2D,USA,0.41472027079556245,0.41442253728576,0.00029773350980247726
male,single_v02,T2D,ZAF,0.2480643452965826,0.2258407948705956,0.02222355042598698
male,single_v02,IschStroke,AUS,0.09130194255776819,0.08600048573891933,0.005301456818848864
male,single_v02,IschStroke,BGD,0.22717918837395304,0.2005073710789548,0.026671817294998224
male,single_v02,IschStroke,BGR,0.24244741579920853,0.23870914636540813,0.0037382694338004016
male,single_v02,IschStroke,BRA,0.16770562403054673,0.1482171880687111,0.019488435961835655
male,single_v02,IschStroke,CAN,0.11745040113418032,0.10969965581210714,0.007750745322073186
male,single_v02,IschStroke,CHN,0.2555387298208225,0.2557169575151815,-0.00017822769435902713
male,single_v02,IschStroke,DEU,0.1307670038072804,0.12394304568196145,0.006823958125318952
male,single_v02,IschStroke,EGY,0.0629042345673888,0.06239908533542282,0.0005051492319659884
male,single_v02,IschStroke,GBR,0.10351783238753835,0.09684350120639529,0.006674331181143059
male,single_v02,IschStroke,GLB,0.196834477781792,0.1925194169649565,0.004315060816835493
male,single_v02,IschStroke,IND,0.22547769743915574,0.21715500434394377,0.008322693095211978
male,single_v02,IschStroke,ISR,0.09237694651636724,0.09151552228558978,0.0008614242307774714
male,single_v02,IschStroke,JPN,0.1407568418683888,0.1387874694839501,0.001969372384438696
male,single_v02,IschStroke,MEX,0.12733398946276425,0.10979486199072817,0.017539127472036085
male,single_v02,IschStroke,NGA,0.1094488440799445,0.08785303787405833,0.02159580620588617
male,single_v02,IschStroke,NZL,0.10174917057320837,0.09568586909964741,0.006063301473560955
male,single_v02,IschStroke,ROU,0.24340068824382902,0.24299700120924683,0.00040368703458218603
male,single_v02,IschStroke,TUR,0.0696840060680987,0.06992254807034375,-0.00023854200224504392
male,single_v02,IschStroke,USA,0.13335521507056575,0.12797533020896296,0.0053798848616027715
male,single_v02,IschStroke,ZAF,0.14646534604519532,0.12092212462775752,0.025543221417437794
male,single_v02,CKD,NZL,0.008878354396273713,0.008878354396273713,0.0
male,single_v02,CKD,JPN,0.03356122863457245,0.03356122863457245,0.0
male,single_v02,CKD,ISR,0.017230110914442376,0.017230110914442376,0.0
male,single_v02,CKD,GLB,0.0375707022532894,0.0375707022532894,0.0
male,single_v02,CKD,NGA,0.0,0.0,0.0
male,single_v02,CKD,CAN,0.019858243129001862,0.019858243129001862,0.0
male,single_v02,CKD,BGD,0.013695479815884481,0.013695479815884481,0.0
male,single_v02,CKD,EGY,0.011112624168932439,0.011112624168932439,0.0
male,single_v02,CKD,BGR,0.09094450444770008,0.09094450444770008,0.0
male,single_v02,CKD,AUS,0.007045597322723918,0.007045597322723918,0.0
male,single_v02,CKD,USA,0.013393625573512646,0.013393625573512646,0.0
male,single_v02,CKD,ZAF,0.0006028983308736802,0.0006028983308736802,0.0
male,single_v02,CKD,DEU,0.023085076069163546,0.023085076069163546,0.0
male,single_v02,CKD,GBR,0.007407950814520281,0.007407950814520281,0.0
male,single_v02,CKD,ROU,0.09120369486335778,0.09120369486335778,0.0
male,single_v02,CKD,TUR,0.009771441824631744,0.009771441824631744,0.0
male,single_v02,CKD,BRA,0.024242392390776635,0.024242392390776635,0.0
male,single_v02,CKD,MEX,0.01814195440157418,0.01814195440157418,0.0
male,single_v02,CKD,IND,0.021869677756613637,0.021869677756613637,0.0
male,single_v02,CKD,CHN,0.08130058323037626,0.08130058323037626,0.0
male,single_v05,IHD,AUS,0.4504616645228715,0.4343711809884048,0.016090483534466658
male,single_v05,IHD,BGD,0.5563036024215536,0.5460832398899204,0.010220362531633264
male,single_v05,IHD,BGR,0.5067898189490062,0.48698656986016686,0.019803249088839313
male,single_v05,IHD,BRA,0.42029872418429165,0.41545139834484485,0.004847325839446818
male,single_v05,IHD,CAN,0.3899486367075887,0.37711992065153344,0.012828716056055293
male,single_v05,IHD,CHN,0.45238154655050583,0.4344382945020165,0.017943252048489334
male,single_v05,IHD,DEU,0.41382509605561674,0.3810249515919504,0.032800144463666366
male,single_v05,IHD,EGY,0.4163678703472711,0.40537688203208366,0.010990988315187425
male,single_v05,IHD,GBR,0.4758246964849554,0.455935763796487,0.019888932688468412
male,single_v05,IHD,GLB,0.47876457968269615,0.466008288875222,0.012756290807474173
male,single_v05,IHD,IND,0.5428690585365629,0.5387079417518447,0.004161116784718203
male,single_v05,IHD,ISR,0.310498626276045,0.2966146541952597,0.01388397208078539
male,single_v05,IHD,JPN,0.43767054089445034,0.4337036746582135,0.00396686623623682
male,single_v05,IHD,MEX,0.4313053245308271,0.42361705351028267,0.007688271020544424
male,single_v05,IHD,NGA,0.381591087905692,0.368223612523738,0.013367475381954002
male,single_v05,IHD,NZL,0.43649019469574163,0.41505483465778314,0.021435360037958456
male,single_v05,IHD,ROU,0.5228917243933635,0.4976525943159776,0.02523913007738592
male,single_v05,IHD,TUR,0.28903067495736695,0.28540229810590695,0.00362837685145999
male,single_v05,IHD,USA,0.41029194863902935,0.38931701268793734,0.020974935951091987
male,single_v05,IHD,ZAF,0.49196452572082444,0.4661208215630588,0.02584370415776566
male,single_v05,T2D,AUS,0.36466997499334075,0.36466997499334075,0.0
male,single_v05,T2D,BGD,0.2889451225731197,0.2889451225731197,0.0
male,single_v05,T2D,BGR,0.2941101402358065,0.2941101402358065,0.0
male,single_v05,T2D,BRA,0.2312157696059605,0.2312157696059605,0.0
male,single_v05,T2D,CAN,0.3288875081657465,0.3288875081657465,0.0
male,single_v05,T2D,CHN,0.2240341366375308,0.2240341366375308,0.0
male,single_v05,T2D,DEU,0.3507082252201217,0.3507082252201217,0.0
male,single_v05,T2D,EGY,0.11610794874563297,0.11610794874563297,0.0
male,single_v05,T2D,GBR,0.35727464621660215,0.35727464621660215,0.0
male,single_v05,T2D,GLB,0.22097006043489614,0.22097006043489614,0.0
male,single_v05,T2D,IND,0.178885513310306,0.178885513310306,0.0
male,single_v05,T2D,ISR,0.26680544392053535,0.26680544392053535,0.0
male,single_v05,T2D,JPN,0.32150296841689047,0.32150296841689047,0.0
male,single_v05,T2D,MEX,0.254664633054482,0.254664633054482,0.0
male,single_v05,T2D,NGA,0.14120814674147192,0.14120814674147192,0.0
male,single_v05,T2D,NZL,0.33240073808654547,0.33240073808654547,0.0
male,single_v05,T2D,ROU,0.29505807653501587,0.29505807653501587,0.0
male,single_v05,T2D,TUR,0.14464063091246188,0.14464063091246188,0.0
male,single_v05,T2D,USA,0.41472027079556245,0.41472027079556245,0.0
male,single_v05,T2D,ZAF,0.2480643452965826,0.2480643452965826,0.0
male,single_v05,IschStroke,AUS,0.09130194255776819,0.09130194255776819,0.0
male,single_v05,IschStroke,BGD,0.22717918837395304,0.22717918837395304,0.0
male,single_v05,IschStroke,BGR,0.24244741579920853,0.24244741579920853,0.0
male,single_v05,IschStroke,BRA,0.16770562403054673,0.16770562403054673,0.0
male,single_v05,IschStroke,CAN,0.11745040113418032,0.11745040113418032,0.0
male,single_v05,IschStroke,CHN,0.2555387298208225,0.2555387298208225,0.0
male,single_v05,IschStroke,DEU,0.1307670038072804,0.1307670038072804,0.0
male,single_v05,IschStroke,EGY,0.0629042345673888,0.0629042345673888,0.0
male,single_v05,IschStroke,GBR,0.10351783238753835,0.10351783238753835,0.0
male,single_v05,IschStroke,GLB,0.196834477781792,0.196834477781792,0.0
male,single_v05,IschStroke,IND,0.22547769743915574,0.22547769743915574,0.0
male,single_v05,IschStroke,ISR,0.09237694651636724,0.09237694651636724,0.0
male,single_v05,IschStroke,JPN,0.1407568418683888,0.1407568418683888,0.0
male,single_v05,IschStroke,MEX,0.12733398946276425,0.12733398946276425,0.0
male,single_v05,IschStroke,NGA,0.1094488440799445,0.1094488440799445,0.0
male,single_v05,IschStroke,NZL,0.10174917057320837,0.10174917057320837,0.0
male,single_v05,IschStroke,ROU,0.24340068824382902,0.24340068824382902,0.0
male,single_v05,IschStroke,TUR,0.0696840060680987,0.0696840060680987,0.0
male,single_v05,IschStroke,USA,0.13335521507056575,0.13335521507056575,0.0
male,single_v05,IschStroke,ZAF,0.14646534604519532,0.14646534604519532,0.0
male,single_v05,CKD,NZL,0.008878354396273713,0.008878354396273713,0.0
male,single_v05,CKD,JPN,0.03356122863457245,0.03356122863457245,0.0
male,single_v05,CKD,ISR,0.017230110914442376,0.017230110914442376,0.0
male,single_v05,CKD,GLB,0.0375707022532894,0.0375707022532894,0.0
male,single_v05,CKD,NGA,0.0,0.0,0.0
male,single_v05,CKD,CAN,0.019858243129001862,0.019858243129001862,0.0
male,single_v05,CKD,BGD,0.013695479815884481,0.013695479815884481,0.0
male,single_v05,CKD,EGY,0.011112624168932439,0.011112624168932439,0.0
male,single_v05,CKD,BGR,0.09094450444770008,0.09094450444770008,0.0
male,single_v05,CKD,AUS,0.007045597322723918,0.007045597322723918,0.0
male,single_v05,CKD,USA,0.013393625573512646,0.013393625573512646,0.0
male,single_v05,CKD,ZAF,0.0006028983308736802,0.0006028983308736802,0.0
male,single_v05,CKD,DEU,0.023085076069163546,0.023085076069163546,0.0
male,single_v05,CKD,GBR,0.007407950814520281,0.007407950814520281,0.0
male,single_v05,CKD,ROU,0.09120369486335778,0.09120369486335778,0.0
male,single_v05,CKD,TUR,0.009771441824631744,0.009771441824631744,0.0
male,single_v05,CKD,BRA,0.024242392390776635,0.024242392390776635,0.0
male,single_v05,CKD,MEX,0.01814195440157418,0.01814195440157418,0.0
male,single_v05,CKD,IND,0.021869677756613637,0.021869677756613637,0.0
male,single_v05,CKD,CHN,0.08130058323037626,0.08130058323037626,0.0
male,single_v06,IHD,AUS,0.4504616645228715,0.4377469085837091,0.012714755939162381
male,single_v06,IHD,BGD,0.5563036024215536,0.5233907347035244,0.0329128677180292
male,single_v06,IHD,BGR,0.5067898189490062,0.4845786726481746,0.022211146300831555
male,single_v06,IHD,BRA,0.42029872418429165,0.38804522193187124,0.032253502252420393
male,single_v06,IHD,CAN,0.3899486367075887,0.38052703686695294,0.009421599840635817
male,single_v06,IHD,CHN,0.45238154655050583,0.44141136997950686,0.010970176570998991
male,single_v06,IHD,DEU,0.41382509605561674,0.4009188919108409,0.01290620414477586
male,single_v06,IHD,EGY,0.4163678703472711,0.36127599377985414,0.055091876567416986
male,single_v06,IHD,GBR,0.4758246964849554,0.4426912369474743,0.03313345953748111
male,single_v06,IHD,GLB,0.47876457968269615,0.4570076106948992,0.021756968987796957
male,single_v06,IHD,IND,0.5428690585365629,0.5136233945293573,0.029245664007205487
male,single_v06,IHD,ISR,0.310498626276045,0.30685125968450117,0.0036473665915438746
male,single_v06,IHD,JPN,0.43767054089445034,0.4100825973960393,0.027587943498411028
male,single_v06,IHD,MEX,0.4313053245308271,0.39038970219641655,0.040915622334410526
male,single_v06,IHD,NGA,0.381591087905692,0.37731288530878676,0.004278202596905241
male,single_v06,IHD,NZL,0.43649019469574163,0.4240599722229207,0.012430222472820933
male,single_v06,IHD,ROU,0.5228917243933635,0.48561781093655887,0.037273913456804614
male,single_v06,IHD,TUR,0.28903067495736695,0.281389031662406,0.0076416432949609715
male,single_v06,IHD,USA,0.41029194863902935,0.40456233097568695,0.005729617663342423
male,single_v06,IHD,ZAF,0.49196452572082444,0.44627051799656015,0.04569400772426429
male,single_v06,T2D,AUS,0.36466997499334075,0.36466997499334075,0.0
male,single_v06,T2D,BGD,0.2889451225731197,0.2889451225731197,0.0
male,single_v06,T2D,BGR,0.2941101402358065,0.2941101402358065,0.0
male,single_v06,T2D,BRA,0.2312157696059605,0.2312157696059605,0.0
male,single_v06,T2D,CAN,0.3288875081657465,0.3288875081657465,0.0
male,single_v06,T2D,CHN,0.2240341366375308,0.2240341366375308,0.0
male,single_v06,T2D,DEU,0.3507082252201217,0.3507082252201217,0.0
male,single_v06,T2D,EGY,0.11610794874563297,0.11610794874563297,0.0
male,single_v06,T2D,GBR,0.35727464621660215,0.35727464621660215,0.0
male,single_v06,T2D,GLB,0.22097006043489614,0.22097006043489614,0.0
male,single_v06,T2D,IND,0.178885513310306,0.178885513310306,0.0
male,single_v06,T2D,ISR,0.26680544392053535,0.26680544392053535,0.0
male,single_v06,T2D,JPN,0.32150296841689047,0.32150296841689047,0.0
male,single_v06,T2D,MEX,0.254664633054482,0.254664633054482,0.0
male,single_v06,T2D,NGA,0.14120814674147192,0.14120814674147192,0.0
male,single_v06,T2D,NZL,0.33240073808654547,0.33240073808654547,0.0
male,single_v06,T2D,ROU,0.29505807653501587,0.29505807653501587,0.0
male,single_v06,T2D,TUR,0.14464063091246188,0.14464063091246188,0.0
male,single_v06,T2D,USA,0.41472027079556245,0.41472027079556245,0.0
male,single_v06,T2D,ZAF,0.2480643452965826,0.2480643452965826,0.0
male,single_v06,IschStroke,AUS,0.09130194255776819,0.09130194255776819,0.0
male,single_v06,IschStroke,BGD,0.22717918837395304,0.22717918837395304,0.0
male,single_v06,IschStroke,BGR,0.24244741579920853,0.24244741579920853,0.0
male,single_v06,IschStroke,BRA,0.16770562403054673,0.16770562403054673,0.0
male,single_v06,IschStroke,CAN,0.11745040113418032,0.11745040113418032,0.0
male,single_v06,IschStroke,CHN,0.2555387298208225,0.2555387298208225,0.0
male,single_v06,IschStroke,DEU,0.1307670038072804,0.1307670038072804,0.0
male,single_v06,IschStroke,EGY,0.0629042345673888,0.0629042345673888,0.0
male,single_v06,IschStroke,GBR,0.10351783238753835,0.10351783238753835,0.0
male,single_v06,IschStroke,GLB,0.196834477781792,0.196834477781792,0.0
male,single_v06,IschStroke,IND,0.22547769743915574,0.22547769743915574,0.0
male,single_v06,IschStroke,ISR,0.09237694651636724,0.09237694651636724,0.0
male,single_v06,IschStroke,JPN,0.1407568418683888,0.1407568418683888,0.0
male,single_v06,IschStroke,MEX,0.12733398946276425,0.12733398946276425,0.0
male,single_v06,IschStroke,NGA,0.1094488440799445,0.1094488440799445,0.0
male,single_v06,IschStroke,NZL,0.10174917057320837,0.10174917057320837,0.0
male,single_v06,IschStroke,ROU,0.24340068824382902,0.24340068824382902,0.0
male,single_v06,IschStroke,TUR,0.0696840060680987,0.0696840060680987,0.0
male,single_v06,IschStroke,USA,0.13335521507056575,0.13335521507056575,0.0
male,single_v06,IschStroke,ZAF,0.14646534604519532,0.14646534604519532,0.0
male,single_v06,CKD,NZL,0.008878354396273713,0.008878354396273713,0.0
male,single_v06,CKD,JPN,0.03356122863457245,0.03356122863457245,0.0
male,single_v06,CKD,ISR,0.017230110914442376,0.017230110914442376,0.0
male,single_v06,CKD,GLB,0.0375707022532894,0.0375707022532894,0.0
male,single_v06,CKD,NGA,0.0,0.0,0.0
male,single_v06,CKD,CAN,0.019858243129001862,0.019858243129001862,0.0
male,single_v06,CKD,BGD,0.013695479815884481,0.013695479815884481,0.0
male,single_v06,CKD,EGY,0.011112624168932439,0.011112624168932439,0.0
male,single_v06,CKD,BGR,0.09094450444770008,0.09094450444770008,0.0
male,single_v06,CKD,AUS,0.007045597322723918,0.007045597322723918,0.0
male,single_v06,CKD,USA,0.013393625573512646,0.013393625573512646,0.0
male,single_v06,CKD,ZAF,0.0006028983308736802,0.0006028983308736802,0.0
male,single_v06,CKD,DEU,0.023085076069163546,0.023085076069163546,0.0
male,single_v06,CKD,GBR,0.007407950814520281,0.007407950814520281,0.0
male,single_v06,CKD,ROU,0.09120369486335778,0.09120369486335778,0.0
male,single_v06,CKD,TUR,0.009771441824631744,0.009771441824631744,0.0
male,single_v06,CKD,BRA,0.024242392390776635,0.024242392390776635,0.0
male,single_v06,CKD,MEX,0.01814195440157418,0.01814195440157418,0.0
male,single_v06,CKD,IND,0.021869677756613637,0.021869677756613637,0.0
male,single_v06,CKD,CHN,0.08130058323037626,0.08130058323037626,0.0
male,single_v08,IHD,AUS,0.4504616645228715,0.41288495495966565,0.03757670956320586
male,single_v08,IHD,BGD,0.5563036024215536,0.5177134338739421,0.03859016854761157
male,single_v08,IHD,BGR,0.5067898189490062,0.4917930228650086,0.014996796083997557
male,single_v08,IHD,BRA,0.42029872418429165,0.39591734649915655,0.02438137768513513
male,single_v08,IHD,CAN,0.3899486367075887,0.3644418612505952,0.025506775456993515
male,single_v08,IHD,CHN,0.45238154655050583,0.42619451496402194,0.026187031586483892
male,single_v08,IHD,DEU,0.41382509605561674,0.3923137186889719,0.021511377366644845
male,single_v08,IHD,EGY,0.4163678703472711,0.40783223423888676,0.008535636108384339
male,single_v08,IHD,GBR,0.4758246964849554,0.4448848624261411,0.030939834058814262
male,single_v08,IHD,GLB,0.47876457968269615,0.45399846511880826,0.0247661145638879
male,single_v08,IHD,IND,0.5428690585365629,0.5231365288357082,0.01973252970085468
male,single_v08,IHD,ISR,0.310498626276045,0.2828275479628835,0.027671078313161516
male,single_v08,IHD,JPN,0.43767054089445034,0.40643806766412344,0.03123247323032687
male,single_v08,IHD,MEX,0.4313053245308271,0.429814058506246,0.0014912660245810791
male,single_v08,IHD,NGA,0.381591087905692,0.37510691716522654,0.006484170740465436
male,single_v08,IHD,NZL,0.43649019469574163,0.4041508601443959,0.03233933455134574
male,single_v08,IHD,ROU,0.5228917243933635,0.5092313174177043,0.013660406975659168
male,single_v08,IHD,TUR,0.28903067495736695,0.27248237000277387,0.01654830495459305
male,single_v08,IHD,USA,0.41029194863902935,0.38016229392529255,0.030129654713736808
male,single_v08,IHD,ZAF,0.49196452572082444,0.4898579893312457,0.0021065363895787837
male,single_v08,T2D,AUS,0.36466997499334075,0.30755657353841387,0.057113401454926924
male,single_v08,T2D,BGD,0.2889451225731197,0.1997601307919715,0.0891849917811482
male,single_v08,T2D,BGR,0.2941101402358065,0.2765991179567249,0.017511022279081554
male,single_v08,T2D,BRA,0.2312157696059605,0.20553294660336077,0.02568282300259971
male,single_v08,T2D,CAN,0.3288875081657465,0.30216740113441354,0.026720107031332978
male,single_v08,T2D,CHN,0.2240341366375308,0.18622803091117499,0.0378061057263558
male,single_v08,T2D,DEU,0.3507082252201217,0.3260975239595504,0.024610701260571306
male,single_v08,T2D,EGY,0.11610794874563297,0.11259003427657678,0.003517914469056193
male,single_v08,T2D,GBR,0.35727464621660215,0.32202969006643334,0.035244956150168774
male,single_v08,T2D,GLB,0.22097006043489614,0.19991055621550274,0.021059504219393413
male,single_v08,T2D,IND,0.178885513310306,0.15849077099508668,0.02039474231521932
male,single_v08,T2D,ISR,0.26680544392053535,0.2418897188090526,0.024915725111482708
male,single_v08,T2D,JPN,0.32150296841689047,0.2743836981009312,0.04711927031595921
male,single_v08,T2D,MEX,0.254664633054482,0.2541316364631804,0.0005329965913016485
male,single_v08,T2D,NGA,0.14120814674147192,0.13833950562419794,0.0028686411172739847
male,single_v08,T2D,NZL,0.33240073808654547,0.2891436396599253,0.04325709842662021
male,single_v08,T2D,ROU,0.29505807653501587,0.2816226213471627,0.013435455187853128
male,single_v08,T2D,TUR,0.14464063091246188,0.13195454001931078,0.012686090893151099
male,single_v08,T2D,USA,0.41472027079556245,0.3860195322025939,0.0287007385929686
male,single_v08,T2D,ZAF,0.2480643452965826,0.2468919408268631,0.0011724044697194766
male,single_v08,IschStroke,AUS,0.09130194255776819,0.07275431078787063,0.018547631769897568
male,single_v08,IschStroke,BGD,0.22717918837395304,0.1980827154695993,0.02909647290435375
male,single_v08,IschStroke,BGR,0.24244741579920853,0.22981177729843835,0.012635638500770196
male,single_v08,IschStroke,BRA,0.16770562403054673,0.1509298793658452,0.016775744664701536
male,single_v08,IschStroke,CAN,0.11745040113418032,0.10239675877575705,0.015053642358423271
male,single_v08,IschStroke,CHN,0.2555387298208225,0.23694378171192015,0.018594948108902307
male,single_v08,IschStroke,DEU,0.1307670038072804,0.11425171037686609,0.01651529343041432
male,single_v08,IschStroke,EGY,0.0629042345673888,0.058653738907669055,0.004250495659719753
male,single_v08,IschStroke,GBR,0.10351783238753835,0.08452790951089387,0.018989922876644482
male,single_v08,IschStroke,GLB,0.196834477781792,0.17811743277864533,0.018717045003146686
male,single_v08,IschStroke,IND,0.22547769743915574,0.21191236778912068,0.013565329650035082
male,single_v08,IschStroke,ISR,0.09237694651636724,0.0762466653012871,0.016130281215080148
male,single_v08,IschStroke,JPN,0.1407568418683888,0.12186391332257987,0.018892928545808933
male,single_v08,IschStroke,MEX,0.12733398946276425,0.12635375087225686,0.0009802385905073967
male,single_v08,IschStroke,NGA,0.1094488440799445,0.10527166887771174,0.004177175202232759
male,single_v08,IschStroke,NZL,0.10174917057320837,0.08320463856465601,0.01854453200855235
male,single_v08,IschStroke,ROU,0.24340068824382902,0.2309345158032306,0.012466172440598408
male,single_v08,IschStroke,TUR,0.0696840060680987,0.05701298667041185,0.01267101939768684
male,single_v08,IschStroke,USA,0.13335521507056575,0.1120796203779131,0.021275594692652635
male,single_v08,IschStroke,ZAF,0.14646534604519532,0.1451574910043933,0.0013078550408020153
male,single_v08,CKD,NZL,0.008878354396273713,0.008878354396273713,0.0
male,single_v08,CKD,JPN,0.03356122863457245,0.03356122863457245,0.0
male,single_v08,CKD,ISR,0.017230110914442376,0.017230110914442376,0.0
male,single_v08,CKD,GLB,0.0375707022532894,0.0375707022532894,0.0
male,single_v08,CKD,NGA,0.0,0.0,0.0
male,single_v08,CKD,CAN,0.019858243129001862,0.019858243129001862,0.0
male,single_v08,CKD,BGD,0.013695479815884481,0.013695479815884481,0.0
male,single_v08,CKD,EGY,0.011112624168932439,0.011112624168932439,0.0
male,single_v08,CKD,BGR,0.09094450444770008,0.09094450444770008,0.0
male,single_v08,CKD,AUS,0.007045597322723918,0.007045597322723918,0.0
male,single_v08,CKD,USA,0.013393625573512646,0.013393625573512646,0.0
male,single_v08,CKD,ZAF,0.0006028983308736802,0.0006028983308736802,0.0
male,single_v08,CKD,DEU,0.023085076069163546,0.023085076069163546,0.0
male,single_v08,CKD,GBR,0.007407950814520281,0.007407950814520281,0.0
male,single_v08,CKD,ROU,0.09120369486335778,0.09120369486335778,0.0
male,single_v08,CKD,TUR,0.009771441824631744,0.009771441824631744,0.0
male,single_v08,CKD,BRA,0.024242392390776635,0.024242392390776635,0.0
male,single_v08,CKD,MEX,0.01814195440157418,0.01814195440157418,0.0
male,single_v08,CKD,IND,0.021869677756613637,0.021869677756613637,0.0
male,single_v08,CKD,CHN,0.08130058323037626,0.08130058323037626,0.0
male,single_v09,IHD,AUS,0.4504616645228715,0.4504616645228715,0.0
male,single_v09,IHD,BGD,0.5563036024215536,0.5563036024215536,0.0
male,single_v09,IHD,BGR,0.5067898189490062,0.5067898189490062,0.0
male,single_v09,IHD,BRA,0.42029872418429165,0.42029872418429165,0.0
male,single_v09,IHD,CAN,0.3899486367075887,0.3899486367075887,0.0
male,single_v09,IHD,CHN,0.45238154655050583,0.45238154655050583,0.0
male,single_v09,IHD,DEU,0.41382509605561674,0.41382509605561674,0.0
male,single_v09,IHD,EGY,0.4163678703472711,0.4163678703472711,0.0
male,single_v09,IHD,GBR,0.4758246964849554,0.4758246964849554,0.0
male,single_v09,IHD,GLB,0.47876457968269615,0.47876457968269615,0.0
male,single_v09,IHD,IND,0.5428690585365629,0.5428690585365629,0.0
male,single_v09,IHD,ISR,0.310498626276045,0.310498626276045,0.0
male,single_v09,IHD,JPN,0.43767054089445034,0.43767054089445034,0.0
male,single_v09,IHD,MEX,0.4313053245308271,0.4313053245308271,0.0
male,single_v09,IHD,NGA,0.381591087905692,0.381591087905692,0.0
male,single_v09,IHD,NZL,0.43649019469574163,0.43649019469574163,0.0
male,single_v09,IHD,ROU,0.5228917243933635,0.5228917243933635,0.0
male,single_v09,IHD,TUR,0.28903067495736695,0.28903067495736695,0.0
male,single_v09,IHD,USA,0.41029194863902935,0.41029194863902935,0.0
male,single_v09,IHD,ZAF,0.49196452572082444,0.49196452572082444,0.0
male,single_v09,T2D,AUS,0.36466997499334075,0.3507567111068665,0.013913263886474228
male,single_v09,T2D,BGD,0.2889451225731197,0.2855131842985747,0.0034319382745450345
male,single_v09,T2D,BGR,0.2941101402358065,0.2808848195269065,0.013225320708899993
male,single_v09,T2D,BRA,0.2312157696059605,0.22241197673481353,0.008803792871146951
male,single_v09,T2D,CAN,0.3288875081657465,0.3130722471583882,0.01581526100735828
male,single_v09,T2D,CHN,0.2240341366375308,0.21631323056667262,0.007720906070858172
male,single_v09,T2D,DEU,0.3507082252201217,0.33514240058910616,0.015565824631015536
male,single_v09,T2D,EGY,0.11610794874563297,0.10915906813754124,0.006948880608091735
male,single_v09,T2D,GBR,0.35727464621660215,0.34256863009905975,0.014706016117542391
male,single_v09,T2D,GLB,0.22097006043489614,0.20998040953712574,0.01098965089777041
male,single_v09,T2D,IND,0.178885513310306,0.17620186927982415,0.00268364403048187
male,single_v09,T2D,ISR,0.26680544392053535,0.25447539881439973,0.012330045106135605
male,single_v09,T2D,JPN,0.32150296841689047,0.30912517197891515,0.012377796437975309
male,single_v09,T2D,MEX,0.254664633054482,0.2460352986782157,0.008629334376266331
male,single_v09,T2D,NGA,0.14120814674147192,0.13261365470669717,0.008594492034774758
male,single_v09,T2D,NZL,0.33240073808654547,0.3171841804614066,0.015216557625138863
male,single_v09,T2D,ROU,0.29505807653501587,0.27981332005014353,0.015244756484872302
male,single_v09,T2D,TUR,0.14464063091246188,0.13917430384645096,0.005466327066010906
male,single_v09,T2D,USA,0.41472027079556245,0.3991689675639016,0.015551303231660886
male,single_v09,T2D,ZAF,0.2480643452965826,0.2413522633774298,0.006712081919152808
male,single_v09,IschStroke,AUS,0.09130194255776819,0.09130194255776819,0.0
male,single_v09,IschStroke,BGD,0.22717918837395304,0.22717918837395304,0.0
male,single_v09,IschStroke,BGR,0.24244741579920853,0.24244741579920853,0.0
male,single_v09,IschStroke,BRA,0.16770562403054673,0.16770562403054673,0.0
male,single_v09,IschStroke,CAN,0.11745040113418032,0.11745040113418032,0.0
male,single_v09,IschStroke,CHN,0.2555387298208225,0.2555387298208225,0.0
male,single_v09,IschStroke,DEU,0.1307670038072804,0.1307670038072804,0.0
male,single_v09,IschStroke,EGY,0.0629042345673888,0.0629042345673888,0.0
male,single_v09,IschStroke,GBR,0.10351783238753835,0.10351783238753835,0.0
male,single_v09,IschStroke,GLB,0.196834477781792,0.196834477781792,0.0
male,single_v09,IschStroke,IND,0.22547769743915574,0.22547769743915574,0.0
male,single_v09,IschStroke,ISR,0.09237694651636724,0.09237694651636724,0.0
male,single_v09,IschStroke,JPN,0.1407568418683888,0.1407568418683888,0.0
male,single_v09,IschStroke,MEX,0.12733398946276425,0.12733398946276425,0.0
male,single_v09,IschStroke,NGA,0.1094488440799445,0.1094488440799445,0.0
male,single_v09,IschStroke,NZL,0.10174917057320837,0.10174917057320837,0.0
male,single_v09,IschStroke,ROU,0.24340068824382902,0.24340068824382902,0.0
male,single_v09,IschStroke,TUR,0.0696840060680987,0.0696840060680987,0.0
male,single_v09,IschStroke,USA,0.13335521507056575,0.13335521507056575,0.0
male,single_v09,IschStroke,ZAF,0.14646534604519532,0.14646534604519532,0.0
male,single_v09,CKD,NZL,0.008878354396273713,0.008878354396273713,0.0
male,single_v09,CKD,JPN,0.03356122863457245,0.03356122863457245,0.0
male,single_v09,CKD,ISR,0.017230110914442376,0.017230110914442376,0.0
male,single_v09,CKD,GLB,0.0375707022532894,0.0375707022532894,0.0
male,single_v09,CKD,NGA,0.0,0.0,0.0
male,single_v09,CKD,CAN,0.019858243129001862,0.019858243129001862,0.0
male,single_v09,CKD,BGD,0.013695479815884481,0.013695479815884481,0.0
male,single_v09,CKD,EGY,0.011112624168932439,0.011112624168932439,0.0
male,single_v09,CKD,BGR,0.09094450444770008,0.09094450444770008,0.0
male,single_v09,CKD,AUS,0.007045597322723918,0.007045597322723918,0.0
male,single_v09,CKD,USA,0.013393625573512646,0.013393625573512646,0.0
male,single_v09,CKD,ZAF,0.0006028983308736802,0.0006028983308736802,0.0
male,single_v09,CKD,DEU,0.023085076069163546,0.023085076069163546,0.0
male,single_v09,CKD,GBR,0.007407950814520281,0.007407950814520281,0.0
male,single_v09,CKD,ROU,0.09120369486335778,0.09120369486335778,0.0
male,single_v09,CKD,TUR,0.009771441824631744,0.009771441824631744,0.0
male,single_v09,CKD,BRA,0.024242392390776635,0.024242392390776635,0.0
male,single_v09,CKD,MEX,0.01814195440157418,0.01814195440157418,0.0
male,single_v09,CKD,IND,0.021869677756613637,0.021869677756613637,0.0
male,single_v09,CKD,CHN,0.08130058323037626,0.08130058323037626,0.0
male,single_v10,IHD,AUS,0.4504616645228715,0.4504616645228715,0.0
male,single_v10,IHD,BGD,0.5563036024215536,0.5563036024215536,0.0
male,single_v10,IHD,BGR,0.5067898189490062,0.5067898189490062,0.0
male,single_v10,IHD,BRA,0.42029872418429165,0.42029872418429165,0.0
male,single_v10,IHD,CAN,0.3899486367075887,0.3899486367075887,0.0
male,single_v10,IHD,CHN,0.45238154655050583,0.45238154655050583,0.0
male,single_v10,IHD,DEU,0.41382509605561674,0.41382509605561674,0.0
male,single_v10,IHD,EGY,0.4163678703472711,0.4163678703472711,0.0
male,single_v10,IHD,GBR,0.4758246964849554,0.4758246964849554,0.0
male,single_v10,IHD,GLB,0.47876457968269615,0.47876457968269615,0.0
male,single_v10,IHD,IND,0.5428690585365629,0.5428690585365629,0.0
male,single_v10,IHD,ISR,0.310498626276045,0.310498626276045,0.0
male,single_v10,IHD,JPN,0.43767054089445034,0.43767054089445034,0.0
male,single_v10,IHD,MEX,0.4313053245308271,0.4313053245308271,0.0
male,single_v10,IHD,NGA,0.381591087905692,0.381591087905692,0.0
male,single_v10,IHD,NZL,0.43649019469574163,0.43649019469574163,0.0
male,single_v10,IHD,ROU,0.5228917243933635,0.5228917243933635,0.0
male,single_v10,IHD,TUR,0.28903067495736695,0.28903067495736695,0.0
male,single_v10,IHD,USA,0.41029194863902935,0.41029194863902935,0.0
male,single_v10,IHD,ZAF,0.49196452572082444,0.49196452572082444,0.0
male,single_v10,T2D,AUS,0.36466997499334075,0.36466997499334075,0.0
male,single_v10,T2D,BGD,0.2889451225731197,0.2889451225731197,0.0
male,single_v10,T2D,BGR,0.2941101402358065,0.2941101402358065,0.0
male,single_v10,T2D,BRA,0.2312157696059605,0.2312157696059605,0.0
male,single_v10,T2D,CAN,0.3288875081657465,0.3288875081657465,0.0
male,single_v10,T2D,CHN,0.2240341366375308,0.2240341366375308,0.0
male,single_v10,T2D,DEU,0.3507082252201217,0.3507082252201217,0.0
male,single_v10,T2D,EGY,0.11610794874563297,0.11610794874563297,0.0
male,single_v10,T2D,GBR,0.35727464621660215,0.35727464621660215,0.0
male,single_v10,T2D,GLB,0.22097006043489614,0.22097006043489614,0.0
male,single_v10,T2D,IND,0.178885513310306,0.178885513310306,0.0
male,single_v10,T2D,ISR,0.26680544392053535,0.26680544392053535,0.0
male,single_v10,T2D,JPN,0.32150296841689047,0.32150296841689047,0.0
male,single_v10,T2D,MEX,0.254664633054482,0.254664633054482,0.0
male,single_v10,T2D,NGA,0.14120814674147192,0.14120814674147192,0.0
male,single_v10,T2D,NZL,0.33240073808654547,0.33240073808654547,0.0
male,single_v10,T2D,ROU,0.29505807653501587,0.29505807653501587,0.0
male,single_v10,T2D,TUR,0.14464063091246188,0.14464063091246188,0.0
male,single_v10,T2D,USA,0.41472027079556245,0.41472027079556245,0.0
male,single_v10,T2D,ZAF,0.2480643452965826,0.2480643452965826,0.0
male,single_v10,IschStroke,AUS,0.09130194255776819,0.09130194255776819,0.0
male,single_v10,IschStroke,BGD,0.22717918837395304,0.22717918837395304,0.0
male,single_v10,IschStroke,BGR,0.24244741579920853,0.24244741579920853,0.0
male,single_v10,IschStroke,BRA,0.16770562403054673,0.16770562403054673,0.0
male,single_v10,IschStroke,CAN,0.11745040113418032,0.11745040113418032,0.0
male,single_v10,IschStroke,CHN,0.2555387298208225,0.2555387298208225,0.0
male,single_v10,IschStroke,DEU,0.1307670038072804,0.1307670038072804,0.0
male,single_v10,IschStroke,EGY,0.0629042345673888,0.0629042345673888,0.0
male,single_v10,IschStroke,GBR,0.10351783238753835,0.10351783238753835,0.0
male,single_v10,IschStroke,GLB,0.196834477781792,0.196834477781792,0.0
male,single_v10,IschStroke,IND,0.22547769743915574,0.22547769743915574,0.0
male,single_v10,IschStroke,ISR,0.09237694651636724,0.09237694651636724,0.0
male,single_v10,IschStroke,JPN,0.1407568418683888,0.1407568418683888,0.0
male,single_v10,IschStroke,MEX,0.12733398946276425,0.12733398946276425,0.0
male,single_v10,IschStroke,NGA,0.1094488440799445,0.1094488440799445,0.0
male,single_v10,IschStroke,NZL,0.10174917057320837,0.10174917057320837,0.0
male,single_v10,IschStroke,ROU,0.24340068824382902,0.24340068824382902,0.0
male,single_v10,IschStroke,TUR,0.0696840060680987,0.0696840060680987,0.0
male,single_v10,IschStroke,USA,0.13335521507056575,0.13335521507056575,0.0
male,single_v10,IschStroke,ZAF,0.14646534604519532,0.14646534604519532,0.0
male,single_v10,CKD,NZL,0.008878354396273713,0.008878354396273713,0.0
male,single_v10,CKD,JPN,0.03356122863457245,0.03356122863457245,0.0
male,single_v10,CKD,ISR,0.017230110914442376,0.017230110914442376,0.0
male,single_v10,CKD,GLB,0.0375707022532894,0.0375707022532894,0.0
male,single_v10,CKD,NGA,0.0,0.0,0.0
male,single_v10,CKD,CAN,0.019858243129001862,0.019858243129001862,0.0
male,single_v10,CKD,BGD,0.013695479815884481,0.013695479815884481,0.0
male,single_v10,CKD,EGY,0.011112624168932439,0.011112624168932439,0.0
male,single_v10,CKD,BGR,0.09094450444770008,0.09094450444770008,0.0
male,single_v10,CKD,AUS,0.007045597322723918,0.007045597322723918,0.0
male,single_v10,CKD,USA,0.013393625573512646,0.013393625573512646,0.0
male,single_v10,CKD,ZAF,0.0006028983308736802,0.0006028983308736802,0.0
male,single_v10,CKD,DEU,0.023085076069163546,0.023085076069163546,0.0
male,single_v10,CKD,GBR,0.007407950814520281,0.007407950814520281,0.0
male,single_v10,CKD,ROU,0.09120369486335778,0.09120369486335778,0.0
male,single_v10,CKD,TUR,0.009771441824631744,0.009771441824631744,0.0
male,single_v10,CKD,BRA,0.024242392390776635,0.024242392390776635,0.0
male,single_v10,CKD,MEX,0.01814195440157418,0.01814195440157418,0.0
male,single_v10,CKD,IND,0.021869677756613637,0.021869677756613637,0.0
male,single_v10,CKD,CHN,0.08130058323037626,0.08130058323037626,0.0
male,single_v15,IHD,AUS,0.4504616645228715,0.44751552931864597,0.002946135204225564
male,single_v15,IHD,BGD,0.5563036024215536,0.5562503612440365,5.3241177517184126e-05
male,single_v15,IHD,BGR,0.5067898189490062,0.5043991797931797,0.0023906391558264615
male,single_v15,IHD,BRA,0.42029872418429165,0.4175743612276349,0.0027243629566567535
male,single_v15,IHD,CAN,0.3899486367075887,0.38684283070667924,0.003105806000909508
male,single_v15,IHD,CHN,0.45238154655050583,0.45151289671903583,0.0008686498314700034
male,single_v15,IHD,DEU,0.41382509605561674,0.4108841697270867,0.002940926328530065
male,single_v15,IHD,EGY,0.4163678703472711,0.41471137967693894,0.001656490670332164
male,single_v15,IHD,GBR,0.4758246964849554,0.47277098715904115,0.0030537093259142595
male,single_v15,IHD,GLB,0.47876457968269615,0.47701487159962774,0.0017497080830684289
male,single_v15,IHD,IND,0.5428690585365629,0.5424080667351776,0.00046099180138532887
male,single_v15,IHD,ISR,0.310498626276045,0.3057024827889164,0.004796143487128659
male,single_v15,IHD,JPN,0.43767054089445034,0.4361590204843883,0.0015115204100619897
male,single_v15,IHD,MEX,0.4313053245308271,0.4241275129460318,0.007177811584795324
male,single_v15,IHD,NGA,0.381591087905692,0.38114018548306344,0.00045090242262852255
male,single_v15,IHD,NZL,0.43649019469574163,0.43422814808082627,0.0022620466149153424
male,single_v15,IHD,ROU,0.5228917243933635,0.5197835711559166,0.0031081532374468922
male,single_v15,IHD,TUR,0.28903067495736695,0.2861597180934159,0.002870956863951051
male,single_v15,IHD,USA,0.41029194863902935,0.404617213599317,0.005674735039712321
male,single_v15,IHD,ZAF,0.49196452572082444,0.49034721772329487,0.0016173079975295962
male,single_v15,T2D,AUS,0.36466997499334075,0.3544507114582588,0.010219263535081975
male,single_v15,T2D,BGD,0.2889451225731197,0.28829930904784856,0.0006458135252711348
male,single_v15,T2D,BGR,0.2941101402358065,0.2840579824368378,0.010052157798968751
male,single_v15,T2D,BRA,0.2312157696059605,0.220175066700142,0.011040702905818484
male,single_v15,T2D,CAN,0.3288875081657465,0.3185947482864858,0.010292759879260671
male,single_v15,T2D,CHN,0.2240341366375308,0.21725298517826186,0.006781151459268926
male,single_v15,T2D,DEU,0.3507082252201217,0.34067304543938237,0.010035179780739298
male,single_v15,T2D,EGY,0.11610794874563297,0.10886113545329901,0.007246813292333973
male,single_v15,T2D,GBR,0.35727464621660215,0.34808184115301866,0.00919280506358346
male,single_v15,T2D,GLB,0.22097006043489614,0.2134628454614809,0.007507214973415261
male,single_v15,T2D,IND,0.178885513310306,0.17507744671669678,0.0038080665936092114
male,single_v15,T2D,ISR,0.26680544392053535,0.25464698120222795,0.012158462718307398
male,single_v15,T2D,JPN,0.32150296841689047,0.31467060083004267,0.006832367586847796
male,single_v15,T2D,MEX,0.254664633054482,0.23719162712129296,0.01747300593318905
male,single_v15,T2D,NGA,0.14120814674147192,0.1380311350832826,0.0031770116581893277
male,single_v15,T2D,NZL,0.33240073808654547,0.3229257722820008,0.009474965804544646
male,single_v15,T2D,ROU,0.29505807653501587,0.28343466831392455,0.011623408221091275
male,single_v15,T2D,TUR,0.14464063091246188,0.13419229639770364,0.010448334514758247
male,single_v15,T2D,USA,0.41472027079556245,0.40275013516688263,0.011970135628679861
male,single_v15,T2D,ZAF,0.2480643452965826,0.23873244704110477,0.009331898255477828
male,single_v15,IschStroke,AUS,0.09130194255776819,0.09130194255776819,0.0
male,single_v15,IschStroke,BGD,0.22717918837395304,0.22717918837395304,0.0
male,single_v15,IschStroke,BGR,0.24244741579920853,0.24244741579920853,0.0
male,single_v15,IschStroke,BRA,0.16770562403054673,0.16770562403054673,0.0
male,single_v15,IschStroke,CAN,0.11745040113418032,0.11745040113418032,0.0
male,single_v15,IschStroke,CHN,0.2555387298208225,0.2555387298208225,0.0
male,single_v15,IschStroke,DEU,0.1307670038072804,0.1307670038072804,0.0
male,single_v15,IschStroke,EGY,0.0629042345673888,0.0629042345673888,0.0
male,single_v15,IschStroke,GBR,0.10351783238753835,0.10351783238753835,0.0
male,single_v15,IschStroke,GLB,0.196834477781792,0.196834477781792,0.0
male,single_v15,IschStroke,IND,0.22547769743915574,0.22547769743915574,0.0
male,single_v15,IschStroke,ISR,0.09237694651636724,0.09237694651636724,0.0
male,single_v15,IschStroke,JPN,0.1407568418683888,0.1407568418683888,0.0
male,single_v15,IschStroke,MEX,0.12733398946276425,0.12733398946276425,0.0
male,single_v15,IschStroke,NGA,0.1094488440799445,0.1094488440799445,0.0
male,single_v15,IschStroke,NZL,0.10174917057320837,0.10174917057320837,0.0
male,single_v15,IschStroke,ROU,0.24340068824382902,0.24340068824382902,0.0
male,single_v15,IschStroke,TUR,0.0696840060680987,0.0696840060680987,0.0
male,single_v15,IschStroke,USA,0.13335521507056575,0.13335521507056575,0.0
male,single_v15,IschStroke,ZAF,0.14646534604519532,0.14646534604519532,0.0
male,single_v15,CKD,NZL,0.008878354396273713,0.008878354396273713,0.0
male,single_v15,CKD,JPN,0.03356122863457245,0.03356122863457245,0.0
male,single_v15,CKD,ISR,0.017230110914442376,0.017230110914442376,0.0
male,single_v15,CKD,GLB,0.0375707022532894,0.0375707022532894,0.0
male,single_v15,CKD,NGA,0.0,0.0,0.0
male,single_v15,CKD,CAN,0.019858243129001862,0.019858243129001862,0.0
male,single_v15,CKD,BGD,0.013695479815884481,0.013695479815884481,0.0
male,single_v15,CKD,EGY,0.011112624168932439,0.011112624168932439,0.0
male,single_v15,CKD,BGR,0.09094450444770008,0.09094450444770008,0.0
male,single_v15,CKD,AUS,0.007045597322723918,0.007045597322723918,0.0
male,single_v15,CKD,USA,0.013393625573512646,0.013393625573512646,0.0
male,single_v15,CKD,ZAF,0.0006028983308736802,0.0006028983308736802,0.0
male,single_v15,CKD,DEU,0.023085076069163546,0.023085076069163546,0.0
male,single_v15,CKD,GBR,0.007407950814520281,0.007407950814520281,0.0
male,single_v15,CKD,ROU,0.09120369486335778,0.09120369486335778,0.0
male,single_v15,CKD,TUR,0.009771441824631744,0.009771441824631744,0.0
male,single_v15,CKD,BRA,0.024242392390776635,0.024242392390776635,0.0
male,single_v15,CKD,MEX,0.01814195440157418,0.01814195440157418,0.0
male,single_v15,CKD,IND,0.021869677756613637,0.021869677756613637,0.0
male,single_v15,CKD,CHN,0.08130058323037626,0.08130058323037626,0.0
male,single_v29,IHD,AUS,0.4504616645228715,0.4416909783824153,0.008770686140456252
male,single_v29,IHD,BGD,0.5563036024215536,0.5502932061861846,0.006010396235368981
male,single_v29,IHD,BGR,0.5067898189490062,0.5043557452414966,0.0024340737075094973
male,single_v29,IHD,BRA,0.42029872418429165,0.41997500245354186,0.0003237217307498235
male,single_v29,IHD,CAN,0.3899486367075887,0.37984817208692806,0.010100464620660646
male,single_v29,IHD,CHN,0.45238154655050583,0.44968462189380126,0.0026969246567045803
male,single_v29,IHD,DEU,0.41382509605561674,0.4091767280453159,0.004648368010300851
male,single_v29,IHD,EGY,0.4163678703472711,0.4025676594324522,0.013800210914818872
male,single_v29,IHD,GBR,0.4758246964849554,0.468996515172822,0.006828181312133437
male,single_v29,IHD,GLB,0.47876457968269615,0.4719708821529466,0.0067936975297496
male,single_v29,IHD,IND,0.5428690585365629,0.5327834483600039,0.010085610176559028
male,single_v29,IHD,ISR,0.310498626276045,0.30569896240650357,0.004799663869541485
male,single_v29,IHD,JPN,0.43767054089445034,0.43283405859444973,0.004836482300000569
male,single_v29,IHD,MEX,0.4313053245308271,0.42265169547103193,0.008653629059795186
male,single_v29,IHD,NGA,0.381591087905692,0.36895865453718923,0.012632433368502734
male,single_v29,IHD,NZL,0.43649019469574163,0.42779542328598225,0.008694771409759374
male,single_v29,IHD,ROU,0.5228917243933635,0.5159236413547693,0.006968083038594171
male,single_v29,IHD,TUR,0.28903067495736695,0.2773855540431474,0.011645120914219547
male,single_v29,IHD,USA,0.41029194863902935,0.4101340135364051,0.00015793510262425206
male,single_v29,IHD,ZAF,0.49196452572082444,0.48832031130806347,0.00364421441276099
male,single_v29,T2D,AUS,0.36466997499334075,0.36466997499334075,0.0
male,single_v29,T2D,BGD,0.2889451225731197,0.2889451225731197,0.0
male,single_v29,T2D,BGR,0.2941101402358065,0.2941101402358065,0.0
male,single_v29,T2D,BRA,0.2312157696059605,0.2312157696059605,0.0
male,single_v29,T2D,CAN,0.3288875081657465,0.3288875081657465,0.0
male,single_v29,T2D,CHN,0.2240341366375308,0.2240341366375308,0.0
male,single_v29,T2D,DEU,0.3507082252201217,0.3507082252201217,0.0
male,single_v29,T2D,EGY,0.11610794874563297,0.11610794874563297,0.0
male,single_v29,T2D,GBR,0.35727464621660215,0.35727464621660215,0.0
male,single_v29,T2D,GLB,0.22097006043489614,0.22097006043489614,0.0
male,single_v29,T2D,IND,0.178885513310306,0.178885513310306,0.0
male,single_v29,T2D,ISR,0.26680544392053535,0.26680544392053535,0.0
male,single_v29,T2D,JPN,0.32150296841689047,0.32150296841689047,0.0
male,single_v29,T2D,MEX,0.254664633054482,0.254664633054482,0.0
male,single_v29,T2D,NGA,0.14120814674147192,0.14120814674147192,0.0
male,single_v29,T2D,NZL,0.33240073808654547,0.33240073808654547,0.0
male,single_v29,T2D,ROU,0.29505807653501587,0.29505807653501587,0.0
male,single_v29,T2D,TUR,0.14464063091246188,0.14464063091246188,0.0
male,single_v29,T2D,USA,0.41472027079556245,0.41472027079556245,0.0
male,single_v29,T2D,ZAF,0.2480643452965826,0.2480643452965826,0.0
male,single_v29,IschStroke,AUS,0.09130194255776819,0.09130194255776819,0.0
male,single_v29,IschStroke,BGD,0.22717918837395304,0.22717918837395304,0.0
male,single_v29,IschStroke,BGR,0.24244741579920853,0.24244741579920853,0.0
male,single_v29,IschStroke,BRA,0.16770562403054673,0.16770562403054673,0.0
male,single_v29,IschStroke,CAN,0.11745040113418032,0.11745040113418032,0.0
male,single_v29,IschStroke,CHN,0.2555387298208225,0.2555387298208225,0.0
male,single_v29,IschStroke,DEU,0.1307670038072804,0.1307670038072804,0.0
male,single_v29,IschStroke,EGY,0.0629042345673888,0.0629042345673888,0.0
male,single_v29,IschStroke,GBR,0.10351783238753835,0.10351783238753835,0.0
male,single_v29,IschStroke,GLB,0.196834477781792,0.196834477781792,0.0
male,single_v29,IschStroke,IND,0.22547769743915574,0.22547769743915574,0.0
male,single_v29,IschStroke,ISR,0.09237694651636724,0.09237694651636724,0.0
male,single_v29,IschStroke,JPN,0.1407568418683888,0.1407568418683888,0.0
male,single_v29,IschStroke,MEX,0.12733398946276425,0.12733398946276425,0.0
male,single_v29,IschStroke,NGA,0.1094488440799445,0.1094488440799445,0.0
male,single_v29,IschStroke,NZL,0.10174917057320837,0.10174917057320837,0.0
male,single_v29,IschStroke,ROU,0.24340068824382902,0.24340068824382902,0.0
male,single_v29,IschStroke,TUR,0.0696840060680987,0.0696840060680987,0.0
male,single_v29,IschStroke,USA,0.13335521507056575,0.13335521507056575,0.0
male,single_v29,IschStroke,ZAF,0.14646534604519532,0.14646534604519532,0.0
male,single_v29,CKD,NZL,0.008878354396273713,0.008878354396273713,0.0
male,single_v29,CKD,JPN,0.03356122863457245,0.03356122863457245,0.0
male,single_v29,CKD,ISR,0.017230110914442376,0.017230110914442376,0.0
male,single_v29,CKD,GLB,0.0375707022532894,0.0375707022532894,0.0
male,single_v29,CKD,NGA,0.0,0.0,0.0
male,single_v29,CKD,CAN,0.019858243129001862,0.019858243129001862,0.0
male,single_v29,CKD,BGD,0.013695479815884481,0.013695479815884481,0.0
male,single_v29,CKD,EGY,0.011112624168932439,0.011112624168932439,0.0
male,single_v29,CKD,BGR,0.09094450444770008,0.09094450444770008,0.0
male,single_v29,CKD,AUS,0.007045597322723918,0.007045597322723918,0.0
male,single_v29,CKD,USA,0.013393625573512646,0.013393625573512646,0.0
male,single_v29,CKD,ZAF,0.0006028983308736802,0.0006028983308736802,0.0
male,single_v29,CKD,DEU,0.023085076069163546,0.023085076069163546,0.0
male,single_v29,CKD,GBR,0.007407950814520281,0.007407950814520281,0.0
male,single_v29,CKD,ROU,0.09120369486335778,0.09120369486335778,0.0
male,single_v29,CKD,TUR,0.009771441824631744,0.009771441824631744,0.0
male,single_v29,CKD,BRA,0.024242392390776635,0.024242392390776635,0.0
male,single_v29,CKD,MEX,0.01814195440157418,0.01814195440157418,0.0
male,single_v29,CKD,IND,0.021869677756613637,0.021869677756613637,0.0
male,single_v29,CKD,CHN,0.08130058323037626,0.08130058323037626,0.0
male,single_v30,IHD,AUS,0.4504616645228715,0.45026832322672494,0.00019334129614655238
male,single_v30,IHD,BGD,0.5563036024215536,0.5570377949612895,-0.0007341925397358777
male,single_v30,IHD,BGR,0.5067898189490062,0.49920712139028917,0.007582697558716992
male,single_v30,IHD,BRA,0.42029872418429165,0.41564195544839183,0.004656768735899833
male,single_v30,IHD,CAN,0.3899486367075887,0.38934188502644707,0.0006067516811416824
male,single_v30,IHD,CHN,0.45238154655050583,0.45163812741642934,0.0007434191340764888
male,single_v30,IHD,DEU,0.41382509605561674,0.41118173396177804,0.0026433620938387217
male,single_v30,IHD,EGY,0.4163678703472711,0.41731737907686517,-0.0009495087295940675
male,single_v30,IHD,GBR,0.4758246964849554,0.4759971605733958,-0.00017246408844041904
male,single_v30,IHD,GLB,0.47876457968269615,0.4776759054071922,0.0010886742755040035
male,single_v30,IHD,IND,0.5428690585365629,0.5356260808113362,0.007242977725226668
male,single_v30,IHD,ISR,0.310498626276045,0.31182533417647385,-0.0013267079004287974
male,single_v30,IHD,JPN,0.43767054089445034,0.4382256270091745,-0.0005550861147241561
male,single_v30,IHD,MEX,0.4313053245308271,0.4275373799106628,0.0037679446201643015
male,single_v30,IHD,NGA,0.381591087905692,0.37327125367304737,0.008319834232644641
male,single_v30,IHD,NZL,0.43649019469574163,0.4357790343657345,0.0007111603300071195
male,single_v30,IHD,ROU,0.5228917243933635,0.5165569894107754,0.006334734982588038
male,single_v30,IHD,TUR,0.28903067495736695,0.28102130730972114,0.008009367647645803
male,single_v30,IHD,USA,0.41029194863902935,0.40678399593169134,0.0035079527073380327
male,single_v30,IHD,ZAF,0.49196452572082444,0.48218132917980383,0.00978319654102061
male,single_v30,T2D,AUS,0.36466997499334075,0.36466997499334075,0.0
male,single_v30,T2D,BGD,0.2889451225731197,0.2889451225731197,0.0
male,single_v30,T2D,BGR,0.2941101402358065,0.2941101402358065,0.0
male,single_v30,T2D,BRA,0.2312157696059605,0.2312157696059605,0.0
male,single_v30,T2D,CAN,0.3288875081657465,0.3288875081657465,0.0
male,single_v30,T2D,CHN,0.2240341366375308,0.2240341366375308,0.0
male,single_v30,T2D,DEU,0.3507082252201217,0.3507082252201217,0.0
male,single_v30,T2D,EGY,0.11610794874563297,0.11610794874563297,0.0
male,single_v30,T2D,GBR,0.35727464621660215,0.35727464621660215,0.0
male,single_v30,T2D,GLB,0.22097006043489614,0.22097006043489614,0.0
male,single_v30,T2D,IND,0.178885513310306,0.178885513310306,0.0
male,single_v30,T2D,ISR,0.26680544392053535,0.26680544392053535,0.0
male,single_v30,T2D,JPN,0.32150296841689047,0.32150296841689047,0.0
male,single_v30,T2D,MEX,0.254664633054482,0.254664633054482,0.0
male,single_v30,T2D,NGA,0.14120814674147192,0.14120814674147192,0.0
male,single_v30,T2D,NZL,0.33240073808654547,0.33240073808654547,0.0
male,single_v30,T2D,ROU,0.29505807653501587,0.29505807653501587,0.0
male,single_v30,T2D,TUR,0.14464063091246188,0.14464063091246188,0.0
male,single_v30,T2D,USA,0.41472027079556245,0.41472027079556245,0.0
male,single_v30,T2D,ZAF,0.2480643452965826,0.2480643452965826,0.0
male,single_v30,IschStroke,AUS,0.09130194255776819,0.09130194255776819,0.0
male,single_v30,IschStroke,BGD,0.22717918837395304,0.22717918837395304,0.0
male,single_v30,IschStroke,BGR,0.24244741579920853,0.24244741579920853,0.0
male,single_v30,IschStroke,BRA,0.16770562403054673,0.16770562403054673,0.0
male,single_v30,IschStroke,CAN,0.11745040113418032,0.11745040113418032,0.0
male,single_v30,IschStroke,CHN,0.2555387298208225,0.2555387298208225,0.0
male,single_v30,IschStroke,DEU,0.1307670038072804,0.1307670038072804,0.0
male,single_v30,IschStroke,EGY,0.0629042345673888,0.0629042345673888,0.0
male,single_v30,IschStroke,GBR,0.10351783238753835,0.10351783238753835,0.0
male,single_v30,IschStroke,GLB,0.196834477781792,0.196834477781792,0.0
male,single_v30,IschStroke,IND,0.22547769743915574,0.22547769743915574,0.0
male,single_v30,IschStroke,ISR,0.09237694651636724,0.09237694651636724,0.0
male,single_v30,IschStroke,JPN,0.1407568418683888,0.1407568418683888,0.0
male,single_v30,IschStroke,MEX,0.12733398946276425,0.12733398946276425,0.0
male,single_v30,IschStroke,NGA,0.1094488440799445,0.1094488440799445,0.0
male,single_v30,IschStroke,NZL,0.10174917057320837,0.10174917057320837,0.0
male,single_v30,IschStroke,ROU,0.24340068824382902,0.24340068824382902,0.0
male,single_v30,IschStroke,TUR,0.0696840060680987,0.0696840060680987,0.0
male,single_v30,IschStroke,USA,0.13335521507056575,0.13335521507056575,0.0
male,single_v30,IschStroke,ZAF,0.14646534604519532,0.14646534604519532,0.0
male,single_v30,CKD,NZL,0.008878354396273713,0.008878354396273713,0.0
male,single_v30,CKD,JPN,0.03356122863457245,0.03356122863457245,0.0
male,single_v30,CKD,ISR,0.017230110914442376,0.017230110914442376,0.0
male,single_v30,CKD,GLB,0.0375707022532894,0.0375707022532894,0.0
male,single_v30,CKD,NGA,0.0,0.0,0.0
male,single_v30,CKD,CAN,0.019858243129001862,0.019858243129001862,0.0
male,single_v30,CKD,BGD,0.013695479815884481,0.013695479815884481,0.0
male,single_v30,CKD,EGY,0.011112624168932439,0.011112624168932439,0.0
male,single_v30,CKD,BGR,0.09094450444770008,0.09094450444770008,0.0
male,single_v30,CKD,AUS,0.007045597322723918,0.007045597322723918,0.0
male,single_v30,CKD,USA,0.013393625573512646,0.013393625573512646,0.0
male,single_v30,CKD,ZAF,0.0006028983308736802,0.0006028983308736802,0.0
male,single_v30,CKD,DEU,0.023085076069163546,0.023085076069163546,0.0
male,single_v30,CKD,GBR,0.007407950814520281,0.007407950814520281,0.0
male,single_v30,CKD,ROU,0.09120369486335778,0.09120369486335778,0.0
male,single_v30,CKD,TUR,0.009771441824631744,0.009771441824631744,0.0
male,single_v30,CKD,BRA,0.024242392390776635,0.024242392390776635,0.0
male,single_v30,CKD,MEX,0.01814195440157418,0.01814195440157418,0.0
male,single_v30,CKD,IND,0.021869677756613637,0.021869677756613637,0.0
male,single_v30,CKD,CHN,0.08130058323037626,0.08130058323037626,0.0
male,single_v34,IHD,AUS,0.4504616645228715,0.4442978244245377,0.0061638400983338205
male,single_v34,IHD,BGD,0.5563036024215536,0.542764871213989,0.013538731207564646
male,single_v34,IHD,BGR,0.5067898189490062,0.5020010929163908,0.004788726032615387
male,single_v34,IHD,BRA,0.42029872418429165,0.41695357891584717,0.0033451452684444645
male,single_v34,IHD,CAN,0.3899486367075887,0.38822200131879225,0.0017266353887964933
male,single_v34,IHD,CHN,0.45238154655050583,0.44989846333674405,0.0024830832137617957
male,single_v34,IHD,DEU,0.41382509605561674,0.41019333320106277,0.0036317628545539573
male,single_v34,IHD,EGY,0.4163678703472711,0.41753129409846046,-0.0011634237511893473
male,single_v34,IHD,GBR,0.4758246964849554,0.47210270753426914,0.0037219889506862787
male,single_v34,IHD,GLB,0.47876457968269615,0.47518290738831065,0.003581672294385495
male,single_v34,IHD,IND,0.5428690585365629,0.5390441337402052,0.0038249247963577132
male,single_v34,IHD,ISR,0.310498626276045,0.3099015618908785,0.0005970643851665788
male,single_v34,IHD,JPN,0.43767054089445034,0.4266891240090239,0.010981416885426422
male,single_v34,IHD,MEX,0.4313053245308271,0.4322779964451499,-0.0009726719143228402
male,single_v34,IHD,NGA,0.381591087905692,0.3825392119248144,-0.0009481240191224117
male,single_v34,IHD,NZL,0.43649019469574163,0.4318506021677987,0.004639592527942934
male,single_v34,IHD,ROU,0.5228917243933635,0.5227414567659315,0.00015026762743190964
male,single_v34,IHD,TUR,0.28903067495736695,0.2899162429195308,-0.0008855679621638331
male,single_v34,IHD,USA,0.41029194863902935,0.4062315754179802,0.004060373221049126
male,single_v34,IHD,ZAF,0.49196452572082444,0.489899925963393,0.002064599757431448
male,single_v34,T2D,AUS,0.36466997499334075,0.36321852923308096,0.001451445760259821
male,single_v34,T2D,BGD,0.2889451225731197,0.281596143050992,0.007348979522127692
male,single_v34,T2D,BGR,0.2941101402358065,0.2927680283148239,0.0013421119209826007
male,single_v34,T2D,BRA,0.2312157696059605,0.23042901921116274,0.0007867503947977468
male,single_v34,T2D,CAN,0.3288875081657465,0.32851412145233744,0.00037338671340904925
male,single_v34,T2D,CHN,0.2240341366375308,0.22332017687310368,0.0007139597644270983
male,single_v34,T2D,DEU,0.3507082252201217,0.34985514155643443,0.0008530836636872191
male,single_v34,T2D,EGY,0.11610794874563297,0.11637584122640858,-0.0002678924807756027
male,single_v34,T2D,GBR,0.35727464621660215,0.3565306708363419,0.0007439753802602268
male,single_v34,T2D,GLB,0.22097006043489614,0.22028240909889615,0.0006876513359999911
male,single_v34,T2D,IND,0.178885513310306,0.17797187552093988,0.00091363778936613
male,single_v34,T2D,ISR,0.26680544392053535,0.26668886875356834,0.00011657516696700315
male,single_v34,T2D,JPN,0.32150296841689047,0.31835527467483404,0.003147693742056435
male,single_v34,T2D,MEX,0.254664633054482,0.25493771267311416,-0.00027307961863212666
male,single_v34,T2D,NGA,0.14120814674147192,0.14146437106426138,-0.0002562243227894656
male,single_v34,T2D,NZL,0.33240073808654547,0.33131365647578265,0.00108708161076282
male,single_v34,T2D,ROU,0.29505807653501587,0.2950205152423348,3.756129268104663e-05
male,single_v34,T2D,TUR,0.14464063091246188,0.1449069617220535,-0.0002663308095916281
male,single_v34,T2D,USA,0.41472027079556245,0.4139830638999389,0.000737206895623573
male,single_v34,T2D,ZAF,0.2480643452965826,0.24745438246416895,0.0006099628324136547
male,single_v34,IschStroke,AUS,0.09130194255776819,0.08899712841665135,0.002304814141116854
male,single_v34,IschStroke,BGD,0.22717918837395304,0.21745605517451858,0.009723133199434469
male,single_v34,IschStroke,BGR,0.24244741579920853,0.23926690569341702,0.003180510105791515
male,single_v34,IschStroke,BRA,0.16770562403054673,0.16600983021658142,0.0016957938139653226
male,single_v34,IschStroke,CAN,0.11745040113418032,0.11672971602642923,0.0007206851077510838
male,single_v34,IschStroke,CHN,0.2555387298208225,0.25425538614760423,0.0012833436732182118
male,single_v34,IschStroke,DEU,0.1307670038072804,0.12868770647866157,0.0020792973286188265
male,single_v34,IschStroke,EGY,0.0629042345673888,0.06328376641005465,-0.00037953184266583566
male,single_v34,IschStroke,GBR,0.10351783238753835,0.10185872979738295,0.001659102590155399
male,single_v34,IschStroke,GLB,0.196834477781792,0.19482305112006706,0.0020114266617249385
male,single_v34,IschStroke,IND,0.22547769743915574,0.22348973137706502,0.001987966062090736
male,single_v34,IschStroke,ISR,0.09237694651636724,0.09213361840596807,0.00024332811039917747
male,single_v34,IschStroke,JPN,0.1407568418683888,0.1352031300290189,0.005553711839369897
male,single_v34,IschStroke,MEX,0.12733398946276425,0.1277755855329761,-0.0004415960702118443
male,single_v34,IschStroke,NGA,0.1094488440799445,0.10983684124796787,-0.0003879971680233778
male,single_v34,IschStroke,NZL,0.10174917057320837,0.09978603785306543,0.001963132720142942
male,single_v34,IschStroke,ROU,0.24340068824382902,0.24329591501305647,0.00010477323077255003
male,single_v34,IschStroke,TUR,0.0696840060680987,0.07008537542625658,-0.00040136935815788817
male,single_v34,IschStroke,USA,0.13335521507056575,0.13124792748429795,0.00210728758626778
male,single_v34,IschStroke,ZAF,0.14646534604519532,0.14538566656936833,0.0010796794758269823
male,single_v34,CKD,NZL,0.008878354396273713,0.008878354396273713,0.0
male,single_v34,CKD,JPN,0.03356122863457245,0.03356122863457245,0.0
male,single_v34,CKD,ISR,0.017230110914442376,0.017230110914442376,0.0
male,single_v34,CKD,GLB,0.0375707022532894,0.0375707022532894,0.0
male,single_v34,CKD,NGA,0.0,0.0,0.0
male,single_v34,CKD,CAN,0.019858243129001862,0.019858243129001862,0.0
male,single_v34,CKD,BGD,0.013695479815884481,0.013695479815884481,0.0
male,single_v34,CKD,EGY,0.011112624168932439,0.011112624168932439,0.0
male,single_v34,CKD,BGR,0.09094450444770008,0.09094450444770008,0.0
male,single_v34,CKD,AUS,0.007045597322723918,0.007045597322723918,0.0
male,single_v34,CKD,USA,0.013393625573512646,0.013393625573512646,0.0
male,single_v34,CKD,ZAF,0.0006028983308736802,0.0006028983308736802,0.0
male,single_v34,CKD,DEU,0.023085076069163546,0.023085076069163546,0.0
male,single_v34,CKD,GBR,0.007407950814520281,0.007407950814520281,0.0
male,single_v34,CKD,ROU,0.09120369486335778,0.09120369486335778,0.0
male,single_v34,CKD,TUR,0.009771441824631744,0.009771441824631744,0.0
male,single_v34,CKD,BRA,0.024242392390776635,0.024242392390776635,0.0
male,single_v34,CKD,MEX,0.01814195440157418,0.01814195440157418,0.0
male,single_v34,CKD,IND,0.021869677756613637,0.021869677756613637,0.0
male,single_v34,CKD,CHN,0.08130058323037626,0.08130058323037626,0.0
male,single_v37,IHD,AUS,0.4504616645228715,0.4493500780666158,0.001111586456255676
male,single_v37,IHD,BGD,0.5563036024215536,0.5549952146344469,0.001308387787106671
male,single_v37,IHD,BGR,0.5067898189490062,0.4968867324487738,0.009903086500232375
male,single_v37,IHD,BRA,0.42029872418429165,0.4163393165036799,0.003959407680611787
male,single_v37,IHD,CAN,0.3899486367075887,0.3864442343494894,0.003504402358099331
male,single_v37,IHD,CHN,0.45238154655050583,0.4393363672998698,0.013045179250636023
male,single_v37,IHD,DEU,0.41382509605561674,0.41086359642524256,0.0029614996303741832
male,single_v37,IHD,EGY,0.4163678703472711,0.4140349583831023,0.0023329119641687934
male,single_v37,IHD,GBR,0.4758246964849554,0.4747549806416503,0.0010697158433050945
male,single_v37,IHD,GLB,0.47876457968269615,0.4721822821910425,0.006582297491653643
male,single_v37,IHD,IND,0.5428690585365629,0.5394659087014804,0.0034031498350824787
male,single_v37,IHD,ISR,0.310498626276045,0.30746261073298653,0.0030360155430584988
male,single_v37,IHD,JPN,0.43767054089445034,0.43371981066134796,0.003950730233102348
male,single_v37,IHD,MEX,0.4313053245308271,0.42771665232276523,0.0035886722080618345
male,single_v37,IHD,NGA,0.381591087905692,0.381591087905692,0.0
male,single_v37,IHD,NZL,0.43649019469574163,0.43512079858203623,0.001369396113705409
male,single_v37,IHD,ROU,0.5228917243933635,0.5117359195166369,0.011155804876726594
male,single_v37,IHD,TUR,0.28903067495736695,0.2875708973391471,0.001459777618219846
male,single_v37,IHD,USA,0.41029194863902935,0.40775951712293157,0.0025324315160977894
male,single_v37,IHD,ZAF,0.49196452572082444,0.4918871034614278,7.742225939667141e-05
male,single_v37,T2D,AUS,0.36466997499334075,0.36466997499334075,0.0
male,single_v37,T2D,BGD,0.2889451225731197,0.2889451225731197,0.0
male,single_v37,T2D,BGR,0.2941101402358065,0.2941101402358065,0.0
male,single_v37,T2D,BRA,0.2312157696059605,0.2312157696059605,0.0
male,single_v37,T2D,CAN,0.3288875081657465,0.3288875081657465,0.0
male,single_v37,T2D,CHN,0.2240341366375308,0.2240341366375308,0.0
male,single_v37,T2D,DEU,0.3507082252201217,0.3507082252201217,0.0
male,single_v37,T2D,EGY,0.11610794874563297,0.11610794874563297,0.0
male,single_v37,T2D,GBR,0.35727464621660215,0.35727464621660215,0.0
male,single_v37,T2D,GLB,0.22097006043489614,0.22097006043489614,0.0
male,single_v37,T2D,IND,0.178885513310306,0.178885513310306,0.0
male,single_v37,T2D,ISR,0.26680544392053535,0.26680544392053535,0.0
male,single_v37,T2D,JPN,0.32150296841689047,0.32150296841689047,0.0
male,single_v37,T2D,MEX,0.254664633054482,0.254664633054482,0.0
male,single_v37,T2D,NGA,0.14120814674147192,0.14120814674147192,0.0
male,single_v37,T2D,NZL,0.33240073808654547,0.33240073808654547,0.0
male,single_v37,T2D,ROU,0.29505807653501587,0.29505807653501587,0.0
male,single_v37,T2D,TUR,0.14464063091246188,0.14464063091246188,0.0
male,single_v37,T2D,USA,0.41472027079556245,0.41472027079556245,0.0
male,single_v37,T2D,ZAF,0.2480643452965826,0.2480643452965826,0.0
male,single_v37,IschStroke,AUS,0.09130194255776819,0.08971013268530383,0.0015918098724643686
male,single_v37,IschStroke,BGD,0.22717918837395304,0.22425740519439308,0.002921783179559962
male,single_v37,IschStroke,BGR,0.24244741579920853,0.21791653987188542,0.024530875927323125
male,single_v37,IschStroke,BRA,0.16770562403054673,0.15973489501877072,0.007970729011776027
male,single_v37,IschStroke,CAN,0.11745040113418032,0.11127508950050023,0.006175311633680085
male,single_v37,IschStroke,CHN,0.2555387298208225,0.2289358601559995,0.026602869664822972
male,single_v37,IschStroke,DEU,0.1307670038072804,0.12414986147766173,0.006617142329618669
male,single_v37,IschStroke,EGY,0.0629042345673888,0.05915434136920673,0.003749893198182083
male,single_v37,IschStroke,GBR,0.10351783238753835,0.10164859704669839,0.0018692353408399644
male,single_v37,IschStroke,GLB,0.196834477781792,0.18210911287403533,0.014725364907756673
male,single_v37,IschStroke,IND,0.22547769743915574,0.21843887674261098,0.007038820696544771
male,single_v37,IschStroke,ISR,0.09237694651636724,0.08721038739840276,0.005166559117964491
male,single_v37,IschStroke,JPN,0.1407568418683888,0.13397056624977768,0.006786275618611112
male,single_v37,IschStroke,MEX,0.12733398946276425,0.11911989371279637,0.008214095749967891
male,single_v37,IschStroke,NGA,0.1094488440799445,0.1094488440799445,0.0
male,single_v37,IschStroke,NZL,0.10174917057320837,0.09950808714949116,0.0022410834237172
male,single_v37,IschStroke,ROU,0.24340068824382902,0.21287312006647055,0.030527568177358452
male,single_v37,IschStroke,TUR,0.0696840060680987,0.06639307889273356,0.0032909271753651325
male,single_v37,IschStroke,USA,0.13335521507056575,0.1280389729975779,0.00531624207298783
male,single_v37,IschStroke,ZAF,0.14646534604519532,0.1463005180464628,0.00016482799873251164
male,single_v37,CKD,NZL,0.008878354396273713,0.007128031489321396,0.0017503229069523174
male,single_v37,CKD,JPN,0.03356122863457245,0.027064835787142916,0.006496392847429533
male,single_v37,CKD,ISR,0.017230110914442376,0.013869421141898708,0.003360689772543668
male,single_v37,CKD,GLB,0.0375707022532894,0.030361635721501745,0.007209066531787656
male,single_v37,CKD,NGA,0.0,0.0,0.0
male,single_v37,CKD,CAN,0.019858243129001862,0.016063266578365987,0.0037949765506358757
male,single_v37,CKD,BGD,0.013695479815884481,0.011011083117202669,0.0026843966986818124
male,single_v37,CKD,EGY,0.011112624168932439,0.008958951675744786,0.0021536724931876527
male,single_v37,CKD,BGR,0.09094450444770008,0.07400165494545796,0.01694284950224212
male,single_v37,CKD,AUS,0.007045597322723918,0.005675648274645173,0.0013699490480787446
male,single_v37,CKD,USA,0.013393625573512646,0.010795853868458938,0.0025977717050537086
male,single_v37,CKD,ZAF,0.0006028983308736802,0.0004834521679744075,0.00011944616289927268
male,single_v37,CKD,DEU,0.023085076069163546,0.018606266477748545,0.004478809591415001
male,single_v37,CKD,GBR,0.007407950814520281,0.00594868471396981,0.0014592661005504715
male,single_v37,CKD,ROU,0.09120369486335778,0.07418691869614902,0.017016776167208758
male,single_v37,CKD,TUR,0.009771441824631744,0.007875831448045156,0.0018956103765865873
male,single_v37,CKD,BRA,0.024242392390776635,0.019502016308607595,0.00474037608216904
male,single_v37,CKD,MEX,0.01814195440157418,0.014581267488412042,0.0035606869131621366
male,single_v37,CKD,IND,0.021869677756613637,0.01766156147084119,0.004208116285772445
male,single_v37,CKD,CHN,0.08130058323037626,0.06708175849966547,0.014218824730710788
female,sodium30,IHD,AUS,0.45106771822746633,0.45106771822746633,0.0
female,sodium30,IHD,BGD,0.5572922130683491,0.5535834876242505,0.0037087254440985873
female,sodium30,IHD,BGR,0.4840670330249749,0.4656828542758032,0.018384178749171698
female,sodium30,IHD,BRA,0.42670376213598066,0.4231004843336883,0.00360327780229234
female,sodium30,IHD,CAN,0.38000689346226263,0.3781609080872665,0.001845985374996095
female,sodium30,IHD,CHN,0.43652860767917195,0.4091844726273808,0.027344135051791202
female,sodium30,IHD,DEU,0.4038031367168019,0.4033438609417436,0.00045927577505828137
female,sodium30,IHD,EGY,0.421930886268583,0.4175726380059694,0.0043582482626136195
female,sodium30,IHD,GBR,0.4750163919835456,0.4750163919835456,0.0
female,sodium30,IHD,GLB,0.4737043460531396,0.4582501586875609,0.01545418736557868
female,sodium30,IHD,IND,0.5461870891431714,0.5408180383968495,0.005369050746321827
female,sodium30,IHD,ISR,0.29916093485818207,0.2990684199641433,9.251489403876127e-05
female,sodium30,IHD,JPN,0.42858861544057264,0.4186056482550072,0.009982967185565487
female,sodium30,IHD,MEX,0.4243350151357545,0.4238984682657655,0.00043654686998901904
female,sodium30,IHD,NGA,0.40131631829718545,0.40131631829718545,0.0
female,sodium30,IHD,NZL,0.43747390951863746,0.43747390951863746,0.0
female,sodium30,IHD,ROU,0.49482601385935515,0.47410777943933363,0.0207182344200215
female,sodium30,IHD,TUR,0.2978381815834439,0.2945906331853544,0.003247548398089492
female,sodium30,IHD,USA,0.4050078777845515,0.40411042110384604,0.0008974566807054276
female,sodium30,IHD,ZAF,0.5043514829737527,0.5042553974853915,9.608548836110798e-05
female,sodium30,T2D,AUS,0.3397638762605645,0.3397638762605645,0.0
female,sodium30,T2D,BGD,0.28776865141929436,0.28776865141929436,0.0
female,sodium30,T2D,BGR,0.2673726065688635,0.2673726065688635,0.0
female,sodium30,T2D,BRA,0.2243641117166233,0.2243641117166233,0.0
female,sodium30,T2D,CAN,0.3056508825465323,0.3056508825465323,0.0
female,sodium30,T2D,CHN,0.20619820130392397,0.20619820130392397,0.0
female,sodium30,T2D,DEU,0.3239140311594503,0.3239140311594503,0.0
female,sodium30,T2D,EGY,0.09832079328409457,0.09832079328409457,0.0
female,sodium30,T2D,GBR,0.33248137142346307,0.33248137142346307,0.0
female,sodium30,T2D,GLB,0.20274999783935183,0.20274999783935183,0.0
female,sodium30,T2D,IND,0.17510644438993866,0.17510644438993866,0.0
female,sodium30,T2D,ISR,0.24240314990817882,0.24240314990817882,0.0
female,sodium30,T2D,JPN,0.301895827401996,0.301895827401996,0.0
female,sodium30,T2D,MEX,0.22869290449743224,0.22869290449743224,0.0
female,sodium30,T2D,NGA,0.13610234995020976,0.13610234995020976,0.0
female,sodium30,T2D,NZL,0.3085018379498796,0.3085018379498796,0.0
female,sodium30,T2D,ROU,0.2645680931459498,0.2645680931459498,0.0
female,sodium30,T2D,TUR,0.1286721309364339,0.1286721309364339,0.0
female,sodium30,T2D,USA,0.3811156760520181,0.3811156760520181,0.0
female,sodium30,T2D,ZAF,0.23330057394200696,0.23330057394200696,0.0
female,sodium30,IschStroke,AUS,0.08546629063736165,0.08546629063736165,0.0
female,sodium30,IschStroke,BGD,0.2154447890633988,0.20745114897589984,0.007993640087498977
female,sodium30,IschStroke,BGR,0.16950726805733768,0.12183878602130743,0.04766848203603025
female,sodium30,IschStroke,BRA,0.14864508982577024,0.14108942815490916,0.007555661670861081
female,sodium30,IschStroke,CAN,0.09065584424095342,0.08778137205710831,0.002874472183845101
female,sodium30,IschStroke,CHN,0.19602128917177966,0.14022728290823905,0.05579400626354062
female,sodium30,IschStroke,DEU,0.10123581824431661,0.10015765254775831,0.0010781656965583013
female,sodium30,IschStroke,EGY,0.05250134297415909,0.04559034577630322,0.006910997197855867
female,sodium30,IschStroke,GBR,0.09665383981045012,0.09665383981045012,0.0
female,sodium30,IschStroke,GLB,0.1602170195176209,0.12438719148819719,0.03582982802942371
female,sodium30,IschStroke,IND,0.2022828905587607,0.19111227583409438,0.011170614724666322
female,sodium30,IschStroke,ISR,0.06820748881727169,0.06804321448108407,0.00016427433618763587
female,sodium30,IschStroke,JPN,0.12252394526160144,0.10516616828906789,0.017357776972533556
female,sodium30,IschStroke,MEX,0.09595092556141815,0.09568081536033042,0.00027011020108772937
female,sodium30,IschStroke,NGA,0.11407377358690547,0.11407377358690547,0.0
female,sodium30,IschStroke,NZL,0.09341587399025945,0.09341587399025945,0.0
female,sodium30,IschStroke,ROU,0.15223164312557735,0.09338490250272372,0.05884674062285364
female,sodium30,IschStroke,TUR,0.06280685180334764,0.05534220702476724,0.0074646447785803975
female,sodium30,IschStroke,USA,0.11136629506735353,0.10972364397458807,0.0016426510927654598
female,sodium30,IschStroke,ZAF,0.1506614042954622,0.1504536025413069,0.0002078017541553077
female,sodium30,CKD,NZL,0.0,0.0,0.0
female,sodium30,CKD,JPN,0.01651685158013816,0.0,0.01651685158013816
female,sodium30,CKD,ISR,8.142988165016352e-05,0.0,8.142988165016352e-05
female,sodium30,CKD,GLB,0.017122567067725192,0.0,0.017122567067725192
female,sodium30,CKD,NGA,0.0,0.0,0.0
female,sodium30,CKD,CAN,0.002100160871584267,0.0,0.002100160871584267
female,sodium30,CKD,BGD,0.008349744053803954,0.0,0.008349744053803954
female,sodium30,CKD,EGY,0.005091332619402422,0.00021320438659722107,0.004878128232805201
female,sodium30,CKD,BGR,0.03929501069958774,0.00696619889615413,0.03232881180343361
female,sodium30,CKD,AUS,0.0,0.0,0.0
female,sodium30,CKD,USA,0.0007614652252267984,0.0,0.0007614652252267984
female,sodium30,CKD,ZAF,0.00014109783561444544,0.0,0.00014109783561444544
female,sodium30,CKD,DEU,0.0005817291217448117,0.0,0.0005817291217448117
female,sodium30,CKD,GBR,0.0,0.0,0.0
female,sodium30,CKD,ROU,0.03993359707696209,0.007249306295055602,0.03268429078190649
female,sodium30,CKD,TUR,0.004892755046125852,0.00021559446339280974,0.004677160582733042
female,sodium30,CKD,BRA,0.004535301293428606,0.0,0.004535301293428606
female,sodium30,CKD,MEX,0.0003306570113490448,0.0,0.0003306570113490448
female,sodium30,CKD,IND,0.006312500693798295,0.0,0.006312500693798295
female,sodium30,CKD,CHN,0.05370436533336398,0.020531814966242568,0.03317255036712141
female,feasible,IHD,AUS,0.45106771822746633,0.4159019080863267,0.03516581014113965
female,feasible,IHD,BGD,0.5572922130683491,0.520843178356224,0.036449034712125086
female,feasible,IHD,BGR,0.4840670330249749,0.4567928854346944,0.027274147590280504
female,feasible,IHD,BRA,0.42670376213598066,0.3989108510928938,0.027792911043086843
female,feasible,IHD,CAN,0.38000689346226263,0.3521548591201045,0.027852034342158057
female,feasible,IHD,CHN,0.43652860767917195,0.3971825698005685,0.03934603787860346
female,feasible,IHD,DEU,0.4038031367168019,0.38097686591402297,0.022826270802778926
female,feasible,IHD,EGY,0.421930886268583,0.40955640599059534,0.012374480277987692
female,feasible,IHD,GBR,0.4750163919835456,0.44513573701945075,0.029880654964094856
female,feasible,IHD,GLB,0.4737043460531396,0.4386753603719648,0.03502898568117478
female,feasible,IHD,IND,0.5461870891431714,0.5254692929329039,0.020717796210267387
female,feasible,IHD,ISR,0.29916093485818207,0.26947298311482215,0.02968795174335989
female,feasible,IHD,JPN,0.42858861544057264,0.3917540392849629,0.03683457615560974
female,feasible,IHD,MEX,0.4243350151357545,0.41609552066151945,0.008239494474235083
female,feasible,IHD,NGA,0.40131631829718545,0.39448334141727287,0.006832976879912566
female,feasible,IHD,NZL,0.43747390951863746,0.4071240934769202,0.03034981604171731
female,feasible,IHD,ROU,0.49482601385935515,0.4666661636212555,0.028159850238099624
female,feasible,IHD,TUR,0.2978381815834439,0.2785718294756161,0.01926635210782777
female,feasible,IHD,USA,0.4050078777845515,0.3723506134388463,0.03265726434570519
female,feasible,IHD,ZAF,0.5043514829737527,0.5008153128356362,0.0035361701381163924
female,feasible,T2D,AUS,0.3397638762605645,0.2727554736566442,0.06700840260392028
female,feasible,T2D,BGD,0.28776865141929436,0.20755530969154184,0.08021334172775253
female,feasible,T2D,BGR,0.2673726065688635,0.23911589475432116,0.02825671181454233
female,feasible,T2D,BRA,0.2243641117166233,0.18775036052260277,0.036613751194020515
female,feasible,T2D,CAN,0.3056508825465323,0.2681621956161981,0.03748868693033422
female,feasible,T2D,CHN,0.20619820130392397,0.16140104737158828,0.04479715393233569
female,feasible,T2D,DEU,0.3239140311594503,0.28837271850075274,0.03554131265869756
female,feasible,T2D,EGY,0.09832079328409457,0.0881417274089755,0.010179065875119077
female,feasible,T2D,GBR,0.33248137142346307,0.2875057650621099,0.044975606361353206
female,feasible,T2D,GLB,0.20274999783935183,0.17443402098074626,0.028315976858605575
female,feasible,T2D,IND,0.17510644438993866,0.15513303861531783,0.01997340577462086
female,feasible,T2D,ISR,0.24240314990817882,0.2045756839983454,0.03782746590983344
female,feasible,T2D,JPN,0.301895827401996,0.248505252584308,0.05339057481768799
female,feasible,T2D,MEX,0.22869290449743224,0.21194660523372055,0.016746299263711698
female,feasible,T2D,NGA,0.13610234995020976,0.1301066226510803,0.00599572729912946
female,feasible,T2D,NZL,0.3085018379498796,0.2555080459914691,0.05299379195841052
female,feasible,T2D,ROU,0.2645680931459498,0.23895597956891035,0.025612113577039495
female,feasible,T2D,TUR,0.1286721309364339,0.10554602422165196,0.023126106714781942
female,feasible,T2D,USA,0.3811156760520181,0.3397154681373717,0.04140020791464644
female,feasible,T2D,ZAF,0.23330057394200696,0.22390904796155905,0.009391525980447896
female,feasible,IschStroke,AUS,0.08546629063736165,0.06880413007436038,0.01666216056300127
female,feasible,IschStroke,BGD,0.2154447890633988,0.18178707461572516,0.03365771444767365
female,feasible,IschStroke,BGR,0.16950726805733768,0.12946107726969872,0.04004619078763896
female,feasible,IschStroke,BRA,0.14864508982577024,0.12476734796335383,0.023877741862416407
female,feasible,IschStroke,CAN,0.09065584424095342,0.07322761423157981,0.017428230009373616
female,feasible,IschStroke,CHN,0.19602128917177966,0.14896230042654723,0.047058988745232434
female,feasible,IschStroke,DEU,0.10123581824431661,0.08408277295717197,0.017153045287144647
female,feasible,IschStroke,EGY,0.05250134297415909,0.04407633071364474,0.008425012260514354
female,feasible,IschStroke,GBR,0.09665383981045012,0.07927546584613555,0.017378373964314568
female,feasible,IschStroke,GLB,0.1602170195176209,0.11686900125520326,0.04334801826241763
female,feasible,IschStroke,IND,0.2022828905587607,0.18111829141578126,0.021164599142979443
female,feasible,IschStroke,ISR,0.06820748881727169,0.052444678314719544,0.015762810502552155
female,feasible,IschStroke,JPN,0.12252394526160144,0.09242189189840694,0.030102053363194502
female,feasible,IschStroke,MEX,0.09595092556141815,0.09432487691893017,0.0016260486424879833
female,feasible,IschStroke,NGA,0.11407377358690547,0.10964170857296386,0.004432065013941617
female,feasible,IschStroke,NZL,0.09341587399025945,0.07639327099440521,0.017022602995854248
female,feasible,IschStroke,ROU,0.15223164312557735,0.10598293690415024,0.04624870622142712
female,feasible,IschStroke,TUR,0.06280685180334764,0.04626491626591142,0.016541935537436214
female,feasible,IschStroke,USA,0.11136629506735353,0.08992833883166274,0.0214379562356908
female,feasible,IschStroke,ZAF,0.1506614042954622,0.14893452833453372,0.0017268759609284864
female,feasible,CKD,NZL,0.0,0.0,0.0
female,feasible,CKD,JPN,0.01651685158013816,0.005105047605390989,0.01141180397474717
female,feasible,CKD,ISR,8.142988165016352e-05,0.0,8.142988165016352e-05
female,feasible,CKD,GLB,0.017122567067725192,0.005027345557534368,0.012095221510190823
female,feasible,CKD,NGA,0.0,0.0,0.0
female,feasible,CKD,CAN,0.002100160871584267,0.0,0.002100160871584267
female,feasible,CKD,BGD,0.008349744053803954,0.0,0.008349744053803954
female,feasible,CKD,EGY,0.005091332619402422,0.002386083579475229,0.0027052490399271933
female,feasible,CKD,BGR,0.03929501069958774,0.021979842866859278,0.017315167832728462
female,feasible,CKD,AUS,0.0,0.0,0.0
female,feasible,CKD,USA,0.0007614652252267984,0.0,0.0007614652252267984
female,feasible,CKD,ZAF,0.00014109783561444544,0.0,0.00014109783561444544
female,feasible,CKD,DEU,0.0005817291217448117,0.0,0.0005817291217448117
female,feasible,CKD,GBR,0.0,0.0,0.0
female,feasible,CKD,ROU,0.03993359707696209,0.02250806972939501,0.017425527347567082
female,feasible,CKD,TUR,0.004892755046125852,0.0023449910177246736,0.002547764028401178
female,feasible,CKD,BRA,0.004535301293428606,0.0,0.004535301293428606
female,feasible,CKD,MEX,0.0003306570113490448,0.0,0.0003306570113490448
female,feasible,CKD,IND,0.006312500693798295,0.0007254122845807842,0.005587088409217511
female,feasible,CKD,CHN,0.05370436533336398,0.03715229942653464,0.01655206590682934
female,aspirational,IHD,AUS,0.45106771822746633,0.3366687971546178,0.11439892107284858
female,aspirational,IHD,BGD,0.5572922130683491,0.3997312551016718,0.1575609579666773
female,aspirational,IHD,BGR,0.4840670330249749,0.3641818056706296,0.11988522735434531
female,aspirational,IHD,BRA,0.42670376213598066,0.3242148786772751,0.10248888345870551
female,aspirational,IHD,CAN,0.38000689346226263,0.29480941494696755,0.08519747851529506
female,aspirational,IHD,CHN,0.43652860767917195,0.33329713283797435,0.10323147484119762
female,aspirational,IHD,DEU,0.4038031367168019,0.29555595896563813,0.10824717775116378
female,aspirational,IHD,EGY,0.421930886268583,0.31782185660915885,0.10410902965942416
female,aspirational,IHD,GBR,0.4750163919835456,0.34487082841945654,0.13014556356408905
female,aspirational,IHD,GLB,0.4737043460531396,0.3619393601757835,0.1117649858773561
female,aspirational,IHD,IND,0.5461870891431714,0.41824879203541254,0.12793829710775878
female,aspirational,IHD,ISR,0.29916093485818207,0.2312555255680771,0.06790540929010495
female,aspirational,IHD,JPN,0.42858861544057264,0.3128959224099979,0.11569269303057475
female,aspirational,IHD,MEX,0.4243350151357545,0.33181814041008884,0.09251687472566568
female,aspirational,IHD,NGA,0.40131631829718545,0.3195944038838869,0.08172191441329854
female,aspirational,IHD,NZL,0.43747390951863746,0.32637735685909447,0.111096552659543
female,aspirational,IHD,ROU,0.49482601385935515,0.36327313669960215,0.13155287715975303
female,aspirational,IHD,TUR,0.2978381815834439,0.2388262010973495,0.05901198048609436
female,aspirational,IHD,USA,0.4050078777845515,0.30675733462569454,0.09825054315885692
female,aspirational,IHD,ZAF,0.5043514829737527,0.36099133174550935,0.14336015122824328
female,aspirational,T2D,AUS,0.3397638762605645,0.2348855788739435,0.10487829738662098
female,aspirational,T2D,BGD,0.28776865141929436,0.11560249713395288,0.17216615428534152
female,aspirational,T2D,BGR,0.2673726065688635,0.2041622331960624,0.06321037337280112
female,aspirational,T2D,BRA,0.2243641117166233,0.1514680278530221,0.07289608386360116
female,aspirational,T2D,CAN,0.3056508825465323,0.24023748683647866,0.06541339571005363
female,aspirational,T2D,CHN,0.20619820130392397,0.12722853080490287,0.0789696704990211
female,aspirational,T2D,DEU,0.3239140311594503,0.25938809854883327,0.06452593261061704
female,aspirational,T2D,EGY,0.09832079328409457,0.07860108118462242,0.019719712099472163
female,aspirational,T2D,GBR,0.33248137142346307,0.254124742912355,0.0783566285111081
female,aspirational,T2D,GLB,0.20274999783935183,0.14438337939755816,0.05836661844179367
female,aspirational,T2D,IND,0.17510644438993866,0.10641330832693487,0.06869313606300381
female,aspirational,T2D,ISR,0.24240314990817882,0.18545428073498474,0.056948869173194076
female,aspirational,T2D,JPN,0.301895827401996,0.2040664282592879,0.09782939914270809
female,aspirational,T2D,MEX,0.22869290449743224,0.18996785448844042,0.03872505000899184
female,aspirational,T2D,NGA,0.13610234995020976,0.09338320946593574,0.04271914048427402
female,aspirational,T2D,NZL,0.3085018379498796,0.22042861892101104,0.0880732190288686
female,aspirational,T2D,ROU,0.2645680931459498,0.21544094795188173,0.049127145194068106
female,aspirational,T2D,TUR,0.1286721309364339,0.0975475302172396,0.03112460071919431
female,aspirational,T2D,USA,0.3811156760520181,0.3100907722645435,0.07102490378747461
female,aspirational,T2D,ZAF,0.23330057394200696,0.15117128241019911,0.08212929153180784
female,aspirational,IschStroke,AUS,0.08546629063736165,0.05365447228473772,0.03181181835262393
female,aspirational,IschStroke,BGD,0.2154447890633988,0.11814957197240622,0.09729521709099258
female,aspirational,IschStroke,BGR,0.16950726805733768,0.12564626158755718,0.04386100646978051
female,aspirational,IschStroke,BRA,0.14864508982577024,0.09608532627561078,0.05255976355015946
female,aspirational,IschStroke,CAN,0.09065584424095342,0.060426074848274836,0.03022976939267858
female,aspirational,IschStroke,CHN,0.19602128917177966,0.14926921432630902,0.04675207484547064
female,aspirational,IschStroke,DEU,0.10123581824431661,0.06793300828580996,0.03330280995850666
female,aspirational,IschStroke,EGY,0.05250134297415909,0.04328402930007058,0.009217313674088509
female,aspirational,IschStroke,GBR,0.09665383981045012,0.062488382886453295,0.03416545692399682
female,aspirational,IschStroke,GLB,0.1602170195176209,0.11574636451680739,0.044470655000813514
female,aspirational,IschStroke,IND,0.2022828905587607,0.10197283438859621,0.10031005617016447
female,aspirational,IschStroke,ISR,0.06820748881727169,0.0462850149238291,0.021922473893442592
female,aspirational,IschStroke,JPN,0.12252394526160144,0.08015716396522442,0.042366781296377026
female,aspirational,IschStroke,MEX,0.09595092556141815,0.06866073563165451,0.02729018992976364
female,aspirational,IschStroke,NGA,0.11407377358690547,0.07420169528059924,0.03987207830630624
female,aspirational,IschStroke,NZL,0.09341587399025945,0.06046700359093186,0.0329488703993276
female,aspirational,IschStroke,ROU,0.15223164312557735,0.11768730753402484,0.03454433559155251
female,aspirational,IschStroke,TUR,0.06280685180334764,0.04605522474463907,0.016751627058708567
female,aspirational,IschStroke,USA,0.11136629506735353,0.07446083375538459,0.036905461311968944
female,aspirational,IschStroke,ZAF,0.1506614042954622,0.07361689690995439,0.07704450738550782
female,aspirational,CKD,NZL,0.0,0.0,0.0
female,aspirational,CKD,JPN,0.01651685158013816,0.013272700243382896,0.0032441513367552632
female,aspirational,CKD,ISR,8.142988165016352e-05,6.51439053200864e-05,1.6285976330077112e-05
female,aspirational,CKD,GLB,0.017122567067725192,0.01377625393200288,0.003346313135722312
female,aspirational,CKD,NGA,0.0,0.0,0.0
female,aspirational,CKD,CAN,0.002100160871584267,0.001687558762051622,0.00041260210953264487
female,aspirational,CKD,BGD,0.008349744053803954,0.006693539449760477,0.0016562046040434764
female,aspirational,CKD,EGY,0.005091332619402422,0.004093622249955353,0.000997710369447069
female,aspirational,CKD,BGR,0.03929501069958774,0.031677578262594985,0.007617432436992755
female,aspirational,CKD,AUS,0.0,0.0,0.0
female,aspirational,CKD,USA,0.0007614652252267984,0.0006254533886301816,0.00013601183659661675
female,aspirational,CKD,ZAF,0.00014109783561444544,0.00011287826849160076,2.821956712284468e-05
female,aspirational,CKD,DEU,0.0005817291217448117,0.0004657706246412596,0.0001159584971035521
female,aspirational,CKD,GBR,0.0,0.0,0.0
female,aspirational,CKD,ROU,0.03993359707696209,0.032255532373869356,0.007678064703092735
female,aspirational,CKD,TUR,0.004892755046125852,0.003935338123416288,0.0009574169227095641
female,aspirational,CKD,BRA,0.004535301293428606,0.003631101496498146,0.0009041997969304605
female,aspirational,CKD,MEX,0.0003306570113490448,0.00026712315903421047,6.353385231483433e-05
female,aspirational,CKD,IND,0.006312500693798295,0.0050771527429674945,0.0012353479508308007
female,aspirational,CKD,CHN,0.05370436533336398,0.04436716301503496,0.009337202318329019
female,single_v01,IHD,AUS,0.45106771822746633,0.44305268970634654,0.00801502852111981
female,single_v01,IHD,BGD,0.5572922130683491,0.542514196627141,0.01477801644120812
female,single_v01,IHD,BGR,0.4840670330249749,0.4731180857605511,0.01094894726442379
female,single_v01,IHD,BRA,0.42670376213598066,0.41855409153676265,0.008149670599218008
female,single_v01,IHD,CAN,0.38000689346226263,0.3759131519417356,0.0040937415205270465
female,single_v01,IHD,CHN,0.43652860767917195,0.42354793702629545,0.012980670652876527
female,single_v01,IHD,DEU,0.4038031367168019,0.39890533435381403,0.004897802362987871
female,single_v01,IHD,EGY,0.421930886268583,0.41893339158043597,0.0029974946881470635
female,single_v01,IHD,GBR,0.4750163919835456,0.4665575909493192,0.008458801034226386
female,single_v01,IHD,GLB,0.4737043460531396,0.46002736522695525,0.013676980826184352
female,single_v01,IHD,IND,0.5461870891431714,0.5172875985561242,0.028899490587047178
female,single_v01,IHD,ISR,0.29916093485818207,0.2973263009415761,0.0018346339166059882
female,single_v01,IHD,JPN,0.42858861544057264,0.4142591501849147,0.014329465255657948
female,single_v01,IHD,MEX,0.4243350151357545,0.4158767028388434,0.008458312296911071
female,single_v01,IHD,NGA,0.40131631829718545,0.38005082291840214,0.021265495378783292
female,single_v01,IHD,NZL,0.43747390951863746,0.4301860487443186,0.007287860774318913
female,single_v01,IHD,ROU,0.49482601385935515,0.49091393854079174,0.003912075318563391
female,single_v01,IHD,TUR,0.2978381815834439,0.29746983933581866,0.00036834224762520763
female,single_v01,IHD,USA,0.4050078777845515,0.3985567385564568,0.006451139228094654
female,single_v01,IHD,ZAF,0.5043514829737527,0.47999211339583076,0.024359369577921855
female,single_v01,T2D,AUS,0.3397638762605645,0.330589699659993,0.00917417660057149
female,single_v01,T2D,BGD,0.28776865141929436,0.2667163318388431,0.02105231958045131
female,single_v01,T2D,BGR,0.2673726065688635,0.25271512242128924,0.014657484147574246
female,single_v01,T2D,BRA,0.2243641117166233,0.2151461606790751,0.009217951037548184
female,single_v01,T2D,CAN,0.3056508825465323,0.30175050038506457,0.0039003821614677385
female,single_v01,T2D,CHN,0.20619820130392397,0.1881624670277854,0.018035734276138568
female,single_v01,T2D,DEU,0.3239140311594503,0.3185871075094411,0.005326923650009216
female,single_v01,T2D,EGY,0.09832079328409457,0.09609756599206984,0.0022232272920247346
female,single_v01,T2D,GBR,0.33248137142346307,0.3240681448794425,0.008413226544020555
female,single_v01,T2D,GLB,0.20274999783935183,0.18962350235919653,0.01312649548015528
female,single_v01,T2D,IND,0.17510644438993866,0.13693444603897328,0.03817199835096538
female,single_v01,T2D,ISR,0.24240314990817882,0.24096439853876198,0.0014387513694168455
female,single_v01,T2D,JPN,0.301895827401996,0.2847696587001717,0.017126168701824325
female,single_v01,T2D,MEX,0.22869290449743224,0.22016635959786346,0.008526544899568795
female,single_v01,T2D,NGA,0.13610234995020976,0.11446960781930722,0.021632742130902532
female,single_v01,T2D,NZL,0.3085018379498796,0.30020904951950783,0.008292788430371806
female,single_v01,T2D,ROU,0.2645680931459498,0.26013616091330916,0.004431932232640683
female,single_v01,T2D,TUR,0.1286721309364339,0.12835349245067515,0.00031863848575876583
female,single_v01,T2D,USA,0.3811156760520181,0.37551436508244174,0.005601310969576367
female,single_v01,T2D,ZAF,0.23330057394200696,0.1928551857959912,0.04044538814601577
female,single_v01,IschStroke,AUS,0.08546629063736165,0.08330264951927237,0.0021636411180892914
female,single_v01,IschStroke,BGD,0.2154447890633988,0.1965126850815582,0.018932103981840604
female,single_v01,IschStroke,BGR,0.16950726805733768,0.16365989573537268,0.005847372321965011
female,single_v01,IschStroke,BRA,0.14864508982577024,0.14527854835297668,0.0033665414727935645
female,single_v01,IschStroke,CAN,0.09065584424095342,0.08889924451330852,0.0017565997276449022
female,single_v01,IschStroke,CHN,0.19602128917177966,0.1905395514477963,0.005481737723983365
female,single_v01,IschStroke,DEU,0.10123581824431661,0.09883216698675065,0.00240365125756596
female,single_v01,IschStroke,EGY,0.05250134297415909,0.05096887660568041,0.0015324663684786759
female,single_v01,IschStroke,GBR,0.09665383981045012,0.093809619020064,0.002844220790386119
female,single_v01,IschStroke,GLB,0.1602170195176209,0.1536502407943437,0.006566778723277203
female,single_v01,IschStroke,IND,0.2022828905587607,0.134805727135751,0.06747716342300969
female,single_v01,IschStroke,ISR,0.06820748881727169,0.06716839213959398,0.0010390966776777089
female,single_v01,IschStroke,JPN,0.12252394526160144,0.11500949225059297,0.0075144530110084675
female,single_v01,IschStroke,MEX,0.09595092556141815,0.09194722241881459,0.004003703142603566
female,single_v01,IschStroke,NGA,0.11407377358690547,0.10145207793652586,0.012621695650379615
female,single_v01,IschStroke,NZL,0.09341587399025945,0.09102238045062411,0.002393493539635348
female,single_v01,IschStroke,ROU,0.15223164312557735,0.14953483710899798,0.002696806016579372
female,single_v01,IschStroke,TUR,0.06280685180334764,0.06247828582281299,0.0003285659805346479
female,single_v01,IschStroke,USA,0.11136629506735353,0.10855927216729651,0.002807022900057028
female,single_v01,IschStroke,ZAF,0.1506614042954622,0.10512459831675111,0.0455368059787111
female,single_v01,CKD,NZL,0.0,0.0,0.0
female,single_v01,CKD,JPN,0.01651685158013816,0.01651685158013816,0.0
female,single_v01,CKD,ISR,8.142988165016352e-05,8.142988165016352e-05,0.0
female,single_v01,CKD,GLB,0.017122567067725192,0.017122567067725192,0.0
female,single_v01,CKD,NGA,0.0,0.0,0.0
female,single_v01,CKD,CAN,0.002100160871584267,0.002100160871584267,0.0
female,single_v01,CKD,BGD,0.008349744053803954,0.008349744053803954,0.0
female,single_v01,CKD,EGY,0.005091332619402422,0.005091332619402422,0.0
female,single_v01,CKD,BGR,0.03929501069958774,0.03929501069958774,0.0
female,single_v01,CKD,AUS,0.0,0.0,0.0
female,single_v01,CKD,USA,0.0007614652252267984,0.0007614652252267984,0.0
female,single_v01,CKD,ZAF,0.00014109783561444544,0.00014109783561444544,0.0
female,single_v01,CKD,DEU,0.0005817291217448117,0.0005817291217448117,0.0
female,single_v01,CKD,GBR,0.0,0.0,0.0
female,single_v01,CKD,ROU,0.03993359707696209,0.03993359707696209,0.0
female,single_v01,CKD,TUR,0.004892755046125852,0.004892755046125852,0.0
female,single_v01,CKD,BRA,0.004535301293428606,0.004535301293428606,0.0
female,single_v01,CKD,MEX,0.0003306570113490448,0.0003306570113490448,0.0
female,single_v01,CKD,IND,0.006312500693798295,0.006312500693798295,0.0
female,single_v01,CKD,CHN,0.05370436533336398,0.05370436533336398,0.0
female,single_v02,IHD,AUS,0.45106771822746633,0.4484301051922003,0.002637613035266075
female,single_v02,IHD,BGD,0.5572922130683491,0.5479389735947344,0.009353239473614607
female,single_v02,IHD,BGR,0.4840670330249749,0.482074711389589,0.001992321635385841
female,single_v02,IHD,BRA,0.42670376213598066,0.4215563235903901,0.0051474385455905465
female,single_v02,IHD,CAN,0.38000689346226263,0.37698427299067705,0.0030226204715855833
female,single_v02,IHD,CHN,0.43652860767917195,0.43672049947257413,-0.0001918917934021534
female,single_v02,IHD,DEU,0.4038031367168019,0.4013346955617865,0.002468441155015393
female,single_v02,IHD,EGY,0.421930886268583,0.42107934717773793,0.0008515390908450744
female,single_v02,IHD,GBR,0.4750163919835456,0.4722687260878544,0.002747665895691166
female,single_v02,IHD,GLB,0.4737043460531396,0.47102886749126643,0.0026754785618731576
female,single_v02,IHD,IND,0.5461870891431714,0.5434134736831386,0.002773615460032712
female,single_v02,IHD,ISR,0.29916093485818207,0.29796897787107,0.001191956987112057
female,single_v02,IHD,JPN,0.42858861544057264,0.42691759774522486,0.0016710176953478133
female,single_v02,IHD,MEX,0.4243350151357545,0.4199279380585893,0.004407077077165189
female,single_v02,IHD,NGA,0.40131631829718545,0.39688249172462,0.004433826572565448
female,single_v02,IHD,NZL,0.43747390951863746,0.4346657291368448,0.002808180381792678
female,single_v02,IHD,ROU,0.49482601385935515,0.49436963230510284,0.0004563815542523425
female,single_v02,IHD,TUR,0.2978381815834439,0.2980595505167827,-0.0002213689333387947
female,single_v02,IHD,USA,0.4050078777845515,0.40223020822590677,0.002777669558644706
female,single_v02,IHD,ZAF,0.5043514829737527,0.498124179589985,0.006227303383767588
female,single_v02,T2D,AUS,0.3397638762605645,0.33870816206063015,0.0010557141999343411
female,single_v02,T2D,BGD,0.28776865141929436,0.25478500291091544,0.03298364850837893
female,single_v02,T2D,BGR,0.2673726065688635,0.26711322620776684,0.0002593803610966855
female,single_v02,T2D,BRA,0.2243641117166233,0.21317548558381255,0.011188626132810733
female,single_v02,T2D,CAN,0.3056508825465323,0.30434609279079844,0.0013047897557338327
female,single_v02,T2D,CHN,0.20619820130392397,0.20621554569384884,-1.7344389924856918e-05
female,single_v02,T2D,DEU,0.3239140311594503,0.32319522161981873,0.0007188095396315948
female,single_v02,T2D,EGY,0.09832079328409457,0.09827223975817684,4.855352591774365e-05
female,single_v02,T2D,GBR,0.33248137142346307,0.3315807133777253,0.000900658045737728
female,single_v02,T2D,GLB,0.20274999783935183,0.20250890699068808,0.0002410908486637447
female,single_v02,T2D,IND,0.17510644438993866,0.17354681666421712,0.0015596277257215719
female,single_v02,T2D,ISR,0.24240314990817882,0.2423293403421757,7.3809566003098e-05
female,single_v02,T2D,JPN,0.301895827401996,0.3016894679897497,0.0002063594122462456
female,single_v02,T2D,MEX,0.22869290449743224,0.22369665723590557,0.004996247261526692
female,single_v02,T2D,NGA,0.13610234995020976,0.1301643238932535,0.005938026056956273
female,single_v02,T2D,NZL,0.3085018379498796,0.3075743064097411,0.000927531540138553
female,single_v02,T2D,ROU,0.2645680931459498,0.26453101666865164,3.707647729819435e-05
female,single_v02,T2D,TUR,0.1286721309364339,0.12868809324425942,-1.5962307825520063e-05
female,single_v02,T2D,USA,0.3811156760520181,0.38076799957325846,0.00034767647875964987
female,single_v02,T2D,ZAF,0.23330057394200696,0.2107380821159274,0.022562491826079563
female,single_v02,IschStroke,AUS,0.08546629063736165,0.07980644072977128,0.005659849907590376
female,single_v02,IschStroke,BGD,0.2154447890633988,0.18712588087604537,0.02831890818735345
female,single_v02,IschStroke,BGR,0.16950726805733768,0.16495146507180936,0.004555802985528334
female,single_v02,IschStroke,BRA,0.14864508982577024,0.1250156096563993,0.023629480169370956
female,single_v02,IschStroke,CAN,0.09065584424095342,0.08216683381012876,0.00848901043082466
female,single_v02,IschStroke,CHN,0.19602128917177966,0.1961732459030233,-0.00015195673124360806
female,single_v02,IschStroke,DEU,0.10123581824431661,0.09367066384528192,0.007565154399034698
female,single_v02,IschStroke,EGY,0.05250134297415909,0.051848258510968345,0.0006530844631907423
female,single_v02,IschStroke,GBR,0.09665383981045012,0.08944718884798082,0.007206650962469305
female,single_v02,IschStroke,GLB,0.1602170195176209,0.15511573138086718,0.005101288136753719
female,single_v02,IschStroke,IND,0.2022828905587607,0.19207070442840152,0.010212186130359163
female,single_v02,IschStroke,ISR,0.06820748881727169,0.06718026238972212,0.0010272264275495702
female,single_v02,IschStroke,JPN,0.12252394526160144,0.12020807669279668,0.002315868568804763
female,single_v02,IschStroke,MEX,0.09595092556141815,0.07426803099585168,0.02168289456556648
female,single_v02,IschStroke,NGA,0.11407377358690547,0.09260338576349937,0.021470387823406104
female,single_v02,IschStroke,NZL,0.09341587399025945,0.08684695293036278,0.006568921059896679
female,single_v02,IschStroke,ROU,0.15223164312557735,0.15163600468774194,0.0005956384378354128
female,single_v02,IschStroke,TUR,0.06280685180334764,0.06299795360495192,-0.00019110180160427796
female,single_v02,IschStroke,USA,0.11136629506735353,0.10549111848589854,0.005875176581454995
female,single_v02,IschStroke,ZAF,0.1506614042954622,0.12533159493782772,0.025329809357634483
female,single_v02,CKD,NZL,0.0,0.0,0.0
female,single_v02,CKD,JPN,0.01651685158013816,0.01651685158013816,0.0
female,single_v02,CKD,ISR,8.142988165016352e-05,8.142988165016352e-05,0.0
female,single_v02,CKD,GLB,0.017122567067725192,0.017122567067725192,0.0
female,single_v02,CKD,NGA,0.0,0.0,0.0
female,single_v02,CKD,CAN,0.002100160871584267,0.002100160871584267,0.0
female,single_v02,CKD,BGD,0.008349744053803954,0.008349744053803954,0.0
female,single_v02,CKD,EGY,0.005091332619402422,0.005091332619402422,0.0
female,single_v02,CKD,BGR,0.03929501069958774,0.03929501069958774,0.0
female,single_v02,CKD,AUS,0.0,0.0,0.0
female,single_v02,CKD,USA,0.0007614652252267984,0.0007614652252267984,0.0
female,single_v02,CKD,ZAF,0.00014109783561444544,0.00014109783561444544,0.0
female,single_v02,CKD,DEU,0.0005817291217448117,0.0005817291217448117,0.0
female,single_v02,CKD,GBR,0.0,0.0,0.0
female,single_v02,CKD,ROU,0.03993359707696209,0.03993359707696209,0.0
female,single_v02,CKD,TUR,0.004892755046125852,0.004892755046125852,0.0
female,single_v02,CKD,BRA,0.004535301293428606,0.004535301293428606,0.0
female,single_v02,CKD,MEX,0.0003306570113490448,0.0003306570113490448,0.0
female,single_v02,CKD,IND,0.006312500693798295,0.006312500693798295,0.0
female,single_v02,CKD,CHN,0.05370436533336398,0.05370436533336398,0.0
female,single_v05,IHD,AUS,0.45106771822746633,0.43193578138909683,0.019131936838369487
female,single_v05,IHD,BGD,0.5572922130683491,0.5456738764368984,0.011618336631450784
female,single_v05,IHD,BGR,0.4840670330249749,0.4601424691791037,0.023924563845871178
female,single_v05,IHD,BRA,0.42670376213598066,0.4205657377562402,0.006138024379740444
female,single_v05,IHD,CAN,0.38000689346226263,0.36468276912846115,0.015324124333801446
female,single_v05,IHD,CHN,0.43652860767917195,0.414507918375578,0.02202068930359395
female,single_v05,IHD,DEU,0.4038031367168019,0.36811993851230973,0.03568319820449216
female,single_v05,IHD,EGY,0.421930886268583,0.4081460757021334,0.013784810566449623
female,single_v05,IHD,GBR,0.4750163919835456,0.45176760052548254,0.023248791458063033
female,single_v05,IHD,GLB,0.4737043460531396,0.4578012443096308,0.015903101743508785
female,single_v05,IHD,IND,0.5461870891431714,0.5410247018354153,0.005162387307756068
female,single_v05,IHD,ISR,0.29916093485818207,0.28170068355360106,0.017460251304580975
female,single_v05,IHD,JPN,0.42858861544057264,0.42381573591970195,0.004772879520870709
female,single_v05,IHD,MEX,0.4243350151357545,0.4145093151255973,0.009825700010157201
female,single_v05,IHD,NGA,0.40131631829718545,0.3861793115100052,0.015137006787180246
female,single_v05,IHD,NZL,0.43747390951863746,0.4128840256416152,0.024589883877022295
female,single_v05,IHD,ROU,0.49482601385935515,0.4647787999369873,0.030047213922367876
female,single_v05,IHD,TUR,0.2978381815834439,0.29313844620834084,0.004699735375103017
female,single_v05,IHD,USA,0.4050078777845515,0.37973324784428053,0.025274629940270948
female,single_v05,IHD,ZAF,0.5043514829737527,0.47680983648027253,0.027541646493480114
female,single_v05,T2D,AUS,0.3397638762605645,0.3397638762605645,0.0
female,single_v05,T2D,BGD,0.28776865141929436,0.28776865141929436,0.0
female,single_v05,T2D,BGR,0.2673726065688635,0.2673726065688635,0.0
female,single_v05,T2D,BRA,0.2243641117166233,0.2243641117166233,0.0
female,single_v05,T2D,CAN,0.3056508825465323,0.3056508825465323,0.0
female,single_v05,T2D,CHN,0.20619820130392397,0.20619820130392397,0.0
female,single_v05,T2D,DEU,0.3239140311594503,0.3239140311594503,0.0
female,single_v05,T2D,EGY,0.09832079328409457,0.09832079328409457,0.0
female,single_v05,T2D,GBR,0.33248137142346307,0.33248137142346307,0.0
female,single_v05,T2D,GLB,0.20274999783935183,0.20274999783935183,0.0
female,single_v05,T2D,IND,0.17510644438993866,0.17510644438993866,0.0
female,single_v05,T2D,ISR,0.24240314990817882,0.24240314990817882,0.0
female,single_v05,T2D,JPN,0.301895827401996,0.301895827401996,0.0
female,single_v05,T2D,MEX,0.22869290449743224,0.22869290449743224,0.0
female,single_v05,T2D,NGA,0.13610234995020976,0.13610234995020976,0.0
female,single_v05,T2D,NZL,0.3085018379498796,0.3085018379498796,0.0
female,single_v05,T2D,ROU,0.2645680931459498,0.2645680931459498,0.0
female,single_v05,T2D,TUR,0.1286721309364339,0.1286721309364339,0.0
female,single_v05,T2D,USA,0.3811156760520181,0.3811156760520181,0.0
female,single_v05,T2D,ZAF,0.23330057394200696,0.23330057394200696,0.0
female,single_v05,IschStroke,AUS,0.08546629063736165,0.08546629063736165,0.0
female,single_v05,IschStroke,BGD,0.2154447890633988,0.2154447890633988,0.0
female,single_v05,IschStroke,BGR,0.16950726805733768,0.16950726805733768,0.0
female,single_v05,IschStroke,BRA,0.14864508982577024,0.14864508982577024,0.0
female,single_v05,IschStroke,CAN,0.09065584424095342,0.09065584424095342,0.0
female,single_v05,IschStroke,CHN,0.19602128917177966,0.19602128917177966,0.0
female,single_v05,IschStroke,DEU,0.10123581824431661,0.10123581824431661,0.0
female,single_v05,IschStroke,EGY,0.05250134297415909,0.05250134297415909,0.0
female,single_v05,IschStroke,GBR,0.09665383981045012,0.09665383981045012,0.0
female,single_v05,IschStroke,GLB,0.1602170195176209,0.1602170195176209,0.0
female,single_v05,IschStroke,IND,0.2022828905587607,0.2022828905587607,0.0
female,single_v05,IschStroke,ISR,0.06820748881727169,0.06820748881727169,0.0
female,single_v05,IschStroke,JPN,0.12252394526160144,0.12252394526160144,0.0
female,single_v05,IschStroke,MEX,0.09595092556141815,0.09595092556141815,0.0
female,single_v05,IschStroke,NGA,0.11407377358690547,0.11407377358690547,0.0
female,single_v05,IschStroke,NZL,0.09341587399025945,0.09341587399025945,0.0
female,single_v05,IschStroke,ROU,0.15223164312557735,0.15223164312557735,0.0
female,single_v05,IschStroke,TUR,0.06280685180334764,0.06280685180334764,0.0
female,single_v05,IschStroke,USA,0.11136629506735353,0.11136629506735353,0.0
female,single_v05,IschStroke,ZAF,0.1506614042954622,0.1506614042954622,0.0
female,single_v05,CKD,NZL,0.0,0.0,0.0
female,single_v05,CKD,JPN,0.01651685158013816,0.01651685158013816,0.0
female,single_v05,CKD,ISR,8.142988165016352e-05,8.142988165016352e-05,0.0
female,single_v05,CKD,GLB,0.017122567067725192,0.017122567067725192,0.0
female,single_v05,CKD,NGA,0.0,0.0,0.0
female,single_v05,CKD,CAN,0.002100160871584267,0.002100160871584267,0.0
female,single_v05,CKD,BGD,0.008349744053803954,0.008349744053803954,0.0
female,single_v05,CKD,EGY,0.005091332619402422,0.005091332619402422,0.0
female,single_v05,CKD,BGR,0.03929501069958774,0.03929501069958774,0.0
female,single_v05,CKD,AUS,0.0,0.0,0.0
female,single_v05,CKD,USA,0.0007614652252267984,0.0007614652252267984,0.0
female,single_v05,CKD,ZAF,0.00014109783561444544,0.00014109783561444544,0.0
female,single_v05,CKD,DEU,0.0005817291217448117,0.0005817291217448117,0.0
female,single_v05,CKD,GBR,0.0,0.0,0.0
female,single_v05,CKD,ROU,0.03993359707696209,0.03993359707696209,0.0
female,single_v05,CKD,TUR,0.004892755046125852,0.004892755046125852,0.0
female,single_v05,CKD,BRA,0.004535301293428606,0.004535301293428606,0.0
female,single_v05,CKD,MEX,0.0003306570113490448,0.0003306570113490448,0.0
female,single_v05,CKD,IND,0.006312500693798295,0.006312500693798295,0.0
female,single_v05,CKD,CHN,0.05370436533336398,0.05370436533336398,0.0
female,single_v06,IHD,AUS,0.45106771822746633,0.4382119599458458,0.012855758281620569
female,single_v06,IHD,BGD,0.5572922130683491,0.5244285351725342,0.0328636778958149
female,single_v06,IHD,BGR,0.4840670330249749,0.46009796372350875,0.023969069301466115
female,single_v06,IHD,BRA,0.42670376213598066,0.39461753039287983,0.0320862317431008
female,single_v06,IHD,CAN,0.38000689346226263,0.3702120741108842,0.009794819351378402
female,single_v06,IHD,CHN,0.43652860767917195,0.4236819107131482,0.012846696966023778
female,single_v06,IHD,DEU,0.4038031367168019,0.39037560843368313,0.013427528283118776
female,single_v06,IHD,EGY,0.421930886268583,0.3669504474868157,0.054980438781767296
female,single_v06,IHD,GBR,0.4750163919835456,0.441897002070067,0.033119389913478584
female,single_v06,IHD,GLB,0.4737043460531396,0.45033286523717336,0.02337148081596625
female,single_v06,IHD,IND,0.5461870891431714,0.515127988295948,0.03105910084722337
female,single_v06,IHD,ISR,0.29916093485818207,0.29533552517916234,0.0038254096790197203
female,single_v06,IHD,JPN,0.42858861544057264,0.40041431910689756,0.028174296333675103
female,single_v06,IHD,MEX,0.4243350151357545,0.382584666123819,0.04175034901193556
female,single_v06,IHD,NGA,0.40131631829718545,0.3970926209250605,0.004223697372124958
female,single_v06,IHD,NZL,0.43747390951863746,0.42490718838325053,0.012566721135386927
female,single_v06,IHD,ROU,0.49482601385935515,0.4544906120181782,0.04033540184117698
female,single_v06,IHD,TUR,0.2978381815834439,0.29018721089640526,0.00765097068703858
female,single_v06,IHD,USA,0.4050078777845515,0.39856821346848376,0.00643966431606771
female,single_v06,IHD,ZAF,0.5043514829737527,0.4600900437025222,0.044261439271230406
female,single_v06,T2D,AUS,0.3397638762605645,0.3397638762605645,0.0
female,single_v06,T2D,BGD,0.28776865141929436,0.28776865141929436,0.0
female,single_v06,T2D,BGR,0.2673726065688635,0.2673726065688635,0.0
female,single_v06,T2D,BRA,0.2243641117166233,0.2243641117166233,0.0
female,single_v06,T2D,CAN,0.3056508825465323,0.3056508825465323,0.0
female,single_v06,T2D,CHN,0.20619820130392397,0.20619820130392397,0.0
female,single_v06,T2D,DEU,0.3239140311594503,0.3239140311594503,0.0
female,single_v06,T2D,EGY,0.09832079328409457,0.09832079328409457,0.0
female,single_v06,T2D,GBR,0.33248137142346307,0.33248137142346307,0.0
female,single_v06,T2D,GLB,0.20274999783935183,0.20274999783935183,0.0
female,single_v06,T2D,IND,0.17510644438993866,0.17510644438993866,0.0
female,single_v06,T2D,ISR,0.24240314990817882,0.24240314990817882,0.0
female,single_v06,T2D,JPN,0.301895827401996,0.301895827401996,0.0
female,single_v06,T2D,MEX,0.22869290449743224,0.22869290449743224,0.0
female,single_v06,T2D,NGA,0.13610234995020976,0.13610234995020976,0.0
female,single_v06,T2D,NZL,0.3085018379498796,0.3085018379498796,0.0
female,single_v06,T2D,ROU,0.2645680931459498,0.2645680931459498,0.0
female,single_v06,T2D,TUR,0.1286721309364339,0.1286721309364339,0.0
female,single_v06,T2D,USA,0.3811156760520181,0.3811156760520181,0.0
female,single_v06,T2D,ZAF,0.23330057394200696,0.23330057394200696,0.0
female,single_v06,IschStroke,AUS,0.08546629063736165,0.08546629063736165,0.0
female,single_v06,IschStroke,BGD,0.2154447890633988,0.2154447890633988,0.0
female,single_v06,IschStroke,BGR,0.16950726805733768,0.16950726805733768,0.0
female,single_v06,IschStroke,BRA,0.14864508982577024,0.14864508982577024,0.0
female,single_v06,IschStroke,CAN,0.09065584424095342,0.09065584424095342,0.0
female,single_v06,IschStroke,CHN,0.19602128917177966,0.19602128917177966,0.0
female,single_v06,IschStroke,DEU,0.10123581824431661,0.10123581824431661,0.0
female,single_v06,IschStroke,EGY,0.05250134297415909,0.05250134297415909,0.0
female,single_v06,IschStroke,GBR,0.09665383981045012,0.09665383981045012,0.0
female,single_v06,IschStroke,GLB,0.1602170195176209,0.1602170195176209,0.0
female,single_v06,IschStroke,IND,0.2022828905587607,0.2022828905587607,0.0
female,single_v06,IschStroke,ISR,0.06820748881727169,0.06820748881727169,0.0
female,single_v06,IschStroke,JPN,0.12252394526160144,0.12252394526160144,0.0
female,single_v06,IschStroke,MEX,0.09595092556141815,0.09595092556141815,0.0
female,single_v06,IschStroke,NGA,0.11407377358690547,0.11407377358690547,0.0
female,single_v06,IschStroke,NZL,0.09341587399025945,0.09341587399025945,0.0
female,single_v06,IschStroke,ROU,0.15223164312557735,0.15223164312557735,0.0
female,single_v06,IschStroke,TUR,0.06280685180334764,0.06280685180334764,0.0
female,single_v06,IschStroke,USA,0.11136629506735353,0.11136629506735353,0.0
female,single_v06,IschStroke,ZAF,0.1506614042954622,0.1506614042954622,0.0
female,single_v06,CKD,NZL,0.0,0.0,0.0
female,single_v06,CKD,JPN,0.01651685158013816,0.01651685158013816,0.0
female,single_v06,CKD,ISR,8.142988165016352e-05,8.142988165016352e-05,0.0
female,single_v06,CKD,GLB,0.017122567067725192,0.017122567067725192,0.0
female,single_v06,CKD,NGA,0.0,0.0,0.0
female,single_v06,CKD,CAN,0.002100160871584267,0.002100160871584267,0.0
female,single_v06,CKD,BGD,0.008349744053803954,0.008349744053803954,0.0
female,single_v06,CKD,EGY,0.005091332619402422,0.005091332619402422,0.0
female,single_v06,CKD,BGR,0.03929501069958774,0.03929501069958774,0.0
female,single_v06,CKD,AUS,0.0,0.0,0.0
female,single_v06,CKD,USA,0.0007614652252267984,0.0007614652252267984,0.0
female,single_v06,CKD,ZAF,0.00014109783561444544,0.00014109783561444544,0.0
female,single_v06,CKD,DEU,0.0005817291217448117,0.0005817291217448117,0.0
female,single_v06,CKD,GBR,0.0,0.0,0.0
female,single_v06,CKD,ROU,0.03993359707696209,0.03993359707696209,0.0
female,single_v06,CKD,TUR,0.004892755046125852,0.004892755046125852,0.0
female,single_v06,CKD,BRA,0.004535301293428606,0.004535301293428606,0.0
female,single_v06,CKD,MEX,0.0003306570113490448,0.0003306570113490448,0.0
female,single_v06,CKD,IND,0.006312500693798295,0.006312500693798295,0.0
female,single_v06,CKD,CHN,0.05370436533336398,0.05370436533336398,0.0
female,single_v08,IHD,AUS,0.45106771822746633,0.41075361597623283,0.04031410225123348
female,single_v08,IHD,BGD,0.5572922130683491,0.5182052664215077,0.03908694664684141
female,single_v08,IHD,BGR,0.4840670330249749,0.46559847223785694,0.018468560787117946
female,single_v08,IHD,BRA,0.42670376213598066,0.3993297362213989,0.02737402591458175
female,single_v08,IHD,CAN,0.38000689346226263,0.3509627737080982,0.029044119754164387
female,single_v08,IHD,CHN,0.43652860767917195,0.4062744277827895,0.03025417989638248
female,single_v08,IHD,DEU,0.4038031367168019,0.37897212030500166,0.02483101641180021
female,single_v08,IHD,EGY,0.421930886268583,0.41076278795210586,0.011168098316477155
female,single_v08,IHD,GBR,0.4750163919835456,0.4410429377029002,0.03397345428064541
female,single_v08,IHD,GLB,0.4737043460531396,0.44576952704826883,0.027934819004870794
female,single_v08,IHD,IND,0.5461870891431714,0.5268730211107776,0.019314068032393758
female,single_v08,IHD,ISR,0.29916093485818207,0.2671942277941944,0.031966707063987666
female,single_v08,IHD,JPN,0.42858861544057264,0.3941088473011554,0.03447976813941723
female,single_v08,IHD,MEX,0.4243350151357545,0.42173850187498013,0.0025965132607744055
female,single_v08,IHD,NGA,0.40131631829718545,0.39302102918664533,0.00829528911054013
female,single_v08,IHD,NZL,0.43747390951863746,0.40212639596677224,0.03534751355186525
female,single_v08,IHD,ROU,0.49482601385935515,0.4775232031952595,0.017302810664095662
female,single_v08,IHD,TUR,0.2978381815834439,0.27857370886462063,0.019264472718823242
female,single_v08,IHD,USA,0.4050078777845515,0.3717255332524867,0.0332823445320648
female,single_v08,IHD,ZAF,0.5043514829737527,0.5013330589886155,0.003018423985137109
female,single_v08,T2D,AUS,0.3397638762605645,0.2734893453962915,0.066274530864273
female,single_v08,T2D,BGD,0.28776865141929436,0.1961855420059614,0.09158310941333299
female,single_v08,T2D,BGR,0.2673726065688635,0.2446858397997345,0.022686766769129
female,single_v08,T2D,BRA,0.2243641117166233,0.19251195565902887,0.03185215605759441
female,single_v08,T2D,CAN,0.3056508825465323,0.2728304104871722,0.03282047205936006
female,single_v08,T2D,CHN,0.20619820130392397,0.16037835928294633,0.045819842020977636
female,single_v08,T2D,DEU,0.3239140311594503,0.29304866750507297,0.03086536365437732
female,single_v08,T2D,EGY,0.09832079328409457,0.09307996234567056,0.0052408309384240105
female,single_v08,T2D,GBR,0.33248137142346307,0.2900242975080535,0.04245707391540959
female,single_v08,T2D,GLB,0.20274999783935183,0.1769541896706575,0.025795808168694315
female,single_v08,T2D,IND,0.17510644438993866,0.15501395359638132,0.020092490793557374
female,single_v08,T2D,ISR,0.24240314990817882,0.21111641820777644,0.03128673170040238
female,single_v08,T2D,JPN,0.301895827401996,0.24733791465800253,0.05455791274399346
female,single_v08,T2D,MEX,0.22869290449743224,0.22766982145103998,0.0010230830463922728
female,single_v08,T2D,NGA,0.13610234995020976,0.13185416661506577,0.004248183335144002
female,single_v08,T2D,NZL,0.3085018379498796,0.25680742030037734,0.05169441764950226
female,single_v08,T2D,ROU,0.2645680931459498,0.24660207591477412,0.01796601723117572
female,single_v08,T2D,TUR,0.1286721309364339,0.11186133503879654,0.01681079589763736
female,single_v08,T2D,USA,0.3811156760520181,0.346307858090395,0.03480781796162314
female,single_v08,T2D,ZAF,0.23330057394200696,0.23135597046307466,0.0019446034789323062
female,single_v08,IschStroke,AUS,0.08546629063736165,0.06523765285387027,0.02022863778349138
female,single_v08,IschStroke,BGD,0.2154447890633988,0.18501437431500892,0.0304304147483899
female,single_v08,IschStroke,BGR,0.16950726805733768,0.15296411213379063,0.01654315592354706
female,single_v08,IschStroke,BRA,0.14864508982577024,0.12880218782860908,0.01984290199716116
female,single_v08,IschStroke,CAN,0.09065584424095342,0.07291895500669103,0.017736889234262393
female,single_v08,IschStroke,CHN,0.19602128917177966,0.17316892817428267,0.022852360997497004
female,single_v08,IschStroke,DEU,0.10123581824431661,0.08157997457967057,0.019655843664646046
female,single_v08,IschStroke,EGY,0.05250134297415909,0.04671503957052475,0.005786303403634342
female,single_v08,IschStroke,GBR,0.09665383981045012,0.07547207555919795,0.021181764251252174
female,single_v08,IschStroke,GLB,0.1602170195176209,0.13812651313559318,0.02209050638202771
female,single_v08,IschStroke,IND,0.2022828905587607,0.18839006216157367,0.01389282839718701
female,single_v08,IschStroke,ISR,0.06820748881727169,0.04908270335763006,0.019124785459641632
female,single_v08,IschStroke,JPN,0.12252394526160144,0.10131796119242789,0.021205984069173543
female,single_v08,IschStroke,MEX,0.09595092556141815,0.09419133250851457,0.0017595930529035828
female,single_v08,IschStroke,NGA,0.11407377358690547,0.10845389441459596,0.005619879172309503
female,single_v08,IschStroke,NZL,0.09341587399025945,0.07267065071362543,0.020745223276634025
female,single_v08,IschStroke,ROU,0.15223164312557735,0.1355090245724332,0.016722618553144164
female,single_v08,IschStroke,TUR,0.06280685180334764,0.04740804520061884,0.0153988066027288
female,single_v08,IschStroke,USA,0.11136629506735353,0.08722981630224969,0.024136478765103844
female,single_v08,IschStroke,ZAF,0.1506614042954622,0.14870946413308445,0.0019519401623777771
female,single_v08,CKD,NZL,0.0,0.0,0.0
female,single_v08,CKD,JPN,0.01651685158013816,0.01651685158013816,0.0
female,single_v08,CKD,ISR,8.142988165016352e-05,8.142988165016352e-05,0.0
female,single_v08,CKD,GLB,0.017122567067725192,0.017122567067725192,0.0
female,single_v08,CKD,NGA,0.0,0.0,0.0
female,single_v08,CKD,CAN,0.002100160871584267,0.002100160871584267,0.0
female,single_v08,CKD,BGD,0.008349744053803954,0.008349744053803954,0.0
female,single_v08,CKD,EGY,0.005091332619402422,0.005091332619402422,0.0
female,single_v08,CKD,BGR,0.03929501069958774,0.03929501069958774,0.0
female,single_v08,CKD,AUS,0.0,0.0,0.0
female,single_v08,CKD,USA,0.0007614652252267984,0.0007614652252267984,0.0
female,single_v08,CKD,ZAF,0.00014109783561444544,0.00014109783561444544,0.0
female,single_v08,CKD,DEU,0.0005817291217448117,0.0005817291217448117,0.0
female,single_v08,CKD,GBR,0.0,0.0,0.0
female,single_v08,CKD,ROU,0.03993359707696209,0.03993359707696209,0.0
female,single_v08,CKD,TUR,0.004892755046125852,0.004892755046125852,0.0
female,single_v08,CKD,BRA,0.004535301293428606,0.004535301293428606,0.0
female,single_v08,CKD,MEX,0.0003306570113490448,0.0003306570113490448,0.0
female,single_v08,CKD,IND,0.006312500693798295,0.006312500693798295,0.0
female,single_v08,CKD,CHN,0.05370436533336398,0.05370436533336398,0.0
female,single_v09,IHD,AUS,0.45106771822746633,0.45106771822746633,0.0
female,single_v09,IHD,BGD,0.5572922130683491,0.5572922130683491,0.0
female,single_v09,IHD,BGR,0.4840670330249749,0.4840670330249749,0.0
female,single_v09,IHD,BRA,0.42670376213598066,0.42670376213598066,0.0
female,single_v09,IHD,CAN,0.38000689346226263,0.38000689346226263,0.0
female,single_v09,IHD,CHN,0.43652860767917195,0.43652860767917195,0.0
female,single_v09,IHD,DEU,0.4038031367168019,0.4038031367168019,0.0
female,single_v09,IHD,EGY,0.421930886268583,0.421930886268583,0.0
female,single_v09,IHD,GBR,0.4750163919835456,0.4750163919835456,0.0
female,single_v09,IHD,GLB,0.4737043460531396,0.4737043460531396,0.0
female,single_v09,IHD,IND,0.5461870891431714,0.5461870891431714,0.0
female,single_v09,IHD,ISR,0.29916093485818207,0.29916093485818207,0.0
female,single_v09,IHD,JPN,0.42858861544057264,0.42858861544057264,0.0
female,single_v09,IHD,MEX,0.4243350151357545,0.4243350151357545,0.0
female,single_v09,IHD,NGA,0.40131631829718545,0.40131631829718545,0.0
female,single_v09,IHD,NZL,0.43747390951863746,0.43747390951863746,0.0
female,single_v09,IHD,ROU,0.49482601385935515,0.49482601385935515,0.0
female,single_v09,IHD,TUR,0.2978381815834439,0.2978381815834439,0.0
female,single_v09,IHD,USA,0.4050078777845515,0.4050078777845515,0.0
female,single_v09,IHD,ZAF,0.5043514829737527,0.5043514829737527,0.0
female,single_v09,T2D,AUS,0.3397638762605645,0.3261382842886958,0.01362559197186871
female,single_v09,T2D,BGD,0.28776865141929436,0.28466609476333204,0.003102556655962334
female,single_v09,T2D,BGR,0.2673726065688635,0.2544684884534911,0.012904118115372358
female,single_v09,T2D,BRA,0.2243641117166233,0.21647208201496876,0.007892029701654526
female,single_v09,T2D,CAN,0.3056508825465323,0.28982084980747463,0.01583003273905764
female,single_v09,T2D,CHN,0.20619820130392397,0.19925288324756238,0.006945318056361599
female,single_v09,T2D,DEU,0.3239140311594503,0.3082832433321058,0.015630787827344478
female,single_v09,T2D,EGY,0.09832079328409457,0.09206160201144002,0.00625919127265455
female,single_v09,T2D,GBR,0.33248137142346307,0.3177115438310656,0.014769827592397509
female,single_v09,T2D,GLB,0.20274999783935183,0.19236186542067793,0.010388132418673899
female,single_v09,T2D,IND,0.17510644438993866,0.17221474506554843,0.002891699324390237
female,single_v09,T2D,ISR,0.24240314990817882,0.23062359260964782,0.011779557298530995
female,single_v09,T2D,JPN,0.301895827401996,0.28987065651373206,0.012025170888263912
female,single_v09,T2D,MEX,0.22869290449743224,0.22081027661333,0.007882627884102251
female,single_v09,T2D,NGA,0.13610234995020976,0.12826036511935934,0.007841984830850426
female,single_v09,T2D,NZL,0.3085018379498796,0.29363347819081903,0.014868359759060592
female,single_v09,T2D,ROU,0.2645680931459498,0.24952413952960742,0.015043953616342415
female,single_v09,T2D,TUR,0.1286721309364339,0.12375586195051859,0.004916268985915315
female,single_v09,T2D,USA,0.3811156760520181,0.3654480517562183,0.01566762429579981
female,single_v09,T2D,ZAF,0.23330057394200696,0.22727254893978677,0.006028025002220179
female,single_v09,IschStroke,AUS,0.08546629063736165,0.08546629063736165,0.0
female,single_v09,IschStroke,BGD,0.2154447890633988,0.2154447890633988,0.0
female,single_v09,IschStroke,BGR,0.16950726805733768,0.16950726805733768,0.0
female,single_v09,IschStroke,BRA,0.14864508982577024,0.14864508982577024,0.0
female,single_v09,IschStroke,CAN,0.09065584424095342,0.09065584424095342,0.0
female,single_v09,IschStroke,CHN,0.19602128917177966,0.19602128917177966,0.0
female,single_v09,IschStroke,DEU,0.10123581824431661,0.10123581824431661,0.0
female,single_v09,IschStroke,EGY,0.05250134297415909,0.05250134297415909,0.0
female,single_v09,IschStroke,GBR,0.09665383981045012,0.09665383981045012,0.0
female,single_v09,IschStroke,GLB,0.1602170195176209,0.1602170195176209,0.0
female,single_v09,IschStroke,IND,0.2022828905587607,0.2022828905587607,0.0
female,single_v09,IschStroke,ISR,0.06820748881727169,0.06820748881727169,0.0
female,single_v09,IschStroke,JPN,0.12252394526160144,0.12252394526160144,0.0
female,single_v09,IschStroke,MEX,0.09595092556141815,0.09595092556141815,0.0
female,single_v09,IschStroke,NGA,0.11407377358690547,0.11407377358690547,0.0
female,single_v09,IschStroke,NZL,0.09341587399025945,0.09341587399025945,0.0
female,single_v09,IschStroke,ROU,0.15223164312557735,0.15223164312557735,0.0
female,single_v09,IschStroke,TUR,0.06280685180334764,0.06280685180334764,0.0
female,single_v09,IschStroke,USA,0.11136629506735353,0.11136629506735353,0.0
female,single_v09,IschStroke,ZAF,0.1506614042954622,0.1506614042954622,0.0
female,single_v09,CKD,NZL,0.0,0.0,0.0
female,single_v09,CKD,JPN,0.01651685158013816,0.01651685158013816,0.0
female,single_v09,CKD,ISR,8.142988165016352e-05,8.142988165016352e-05,0.0
female,single_v09,CKD,GLB,0.017122567067725192,0.017122567067725192,0.0
female,single_v09,CKD,NGA,0.0,0.0,0.0
female,single_v09,CKD,CAN,0.002100160871584267,0.002100160871584267,0.0
female,single_v09,CKD,BGD,0.008349744053803954,0.008349744053803954,0.0
female,single_v09,CKD,EGY,0.005091332619402422,0.005091332619402422,0.0
female,single_v09,CKD,BGR,0.03929501069958774,0.03929501069958774,0.0
female,single_v09,CKD,AUS,0.0,0.0,0.0
female,single_v09,CKD,USA,0.0007614652252267984,0.0007614652252267984,0.0
female,single_v09,CKD,ZAF,0.00014109783561444544,0.00014109783561444544,0.0
female,single_v09,CKD,DEU,0.0005817291217448117,0.0005817291217448117,0.0
female,single_v09,CKD,GBR,0.0,0.0,0.0
female,single_v09,CKD,ROU,0.03993359707696209,0.03993359707696209,0.0
female,single_v09,CKD,TUR,0.004892755046125852,0.004892755046125852,0.0
female,single_v09,CKD,BRA,0.004535301293428606,0.004535301293428606,0.0
female,single_v09,CKD,MEX,0.0003306570113490448,0.0003306570113490448,0.0
female,single_v09,CKD,IND,0.006312500693798295,0.006312500693798295,0.0
female,single_v09,CKD,CHN,0.05370436533336398,0.05370436533336398,0.0
female,single_v10,IHD,AUS,0.45106771822746633,0.45106771822746633,0.0
female,single_v10,IHD,BGD,0.5572922130683491,0.5572922130683491,0.0
female,single_v10,IHD,BGR,0.4840670330249749,0.4840670330249749,0.0
female,single_v10,IHD,BRA,0.42670376213598066,0.42670376213598066,0.0
female,single_v10,IHD,CAN,0.38000689346226263,0.38000689346226263,0.0
female,single_v10,IHD,CHN,0.43652860767917195,0.43652860767917195,0.0
female,single_v10,IHD,DEU,0.4038031367168019,0.4038031367168019,0.0
female,single_v10,IHD,EGY,0.421930886268583,0.421930886268583,0.0
female,single_v10,IHD,GBR,0.4750163919835456,0.4750163919835456,0.0
female,single_v10,IHD,GLB,0.4737043460531396,0.4737043460531396,0.0
female,single_v10,IHD,IND,0.5461870891431714,0.5461870891431714,0.0
female,single_v10,IHD,ISR,0.29916093485818207,0.29916093485818207,0.0
female,single_v10,IHD,JPN,0.42858861544057264,0.42858861544057264,0.0
female,single_v10,IHD,MEX,0.4243350151357545,0.4243350151357545,0.0
female,single_v10,IHD,NGA,0.40131631829718545,0.40131631829718545,0.0
female,single_v10,IHD,NZL,0.43747390951863746,0.43747390951863746,0.0
female,single_v10,IHD,ROU,0.49482601385935515,0.49482601385935515,0.0
female,single_v10,IHD,TUR,0.2978381815834439,0.2978381815834439,0.0
female,single_v10,IHD,USA,0.4050078777845515,0.4050078777845515,0.0
female,single_v10,IHD,ZAF,0.5043514829737527,0.5043514829737527,0.0
female,single_v10,T2D,AUS,0.3397638762605645,0.3397638762605645,0.0
female,single_v10,T2D,BGD,0.28776865141929436,0.28776865141929436,0.0
female,single_v10,T2D,BGR,0.2673726065688635,0.2673726065688635,0.0
female,single_v10,T2D,BRA,0.2243641117166233,0.2243641117166233,0.0
female,single_v10,T2D,CAN,0.3056508825465323,0.3056508825465323,0.0
female,single_v10,T2D,CHN,0.20619820130392397,0.20619820130392397,0.0
female,single_v10,T2D,DEU,0.3239140311594503,0.3239140311594503,0.0
female,single_v10,T2D,EGY,0.09832079328409457,0.09832079328409457,0.0
female,single_v10,T2D,GBR,0.33248137142346307,0.33248137142346307,0.0
female,single_v10,T2D,GLB,0.20274999783935183,0.20274999783935183,0.0
female,single_v10,T2D,IND,0.17510644438993866,0.17510644438993866,0.0
female,single_v10,T2D,ISR,0.24240314990817882,0.24240314990817882,0.0
female,single_v10,T2D,JPN,0.301895827401996,0.301895827401996,0.0
female,single_v10,T2D,MEX,0.22869290449743224,0.22869290449743224,0.0
female,single_v10,T2D,NGA,0.13610234995020976,0.13610234995020976,0.0
female,single_v10,T2D,NZL,0.3085018379498796,0.3085018379498796,0.0
female,single_v10,T2D,ROU,0.2645680931459498,0.2645680931459498,0.0
female,single_v10,T2D,TUR,0.1286721309364339,0.1286721309364339,0.0
female,single_v10,T2D,USA,0.3811156760520181,0.3811156760520181,0.0
female,single_v10,T2D,ZAF,0.23330057394200696,0.23330057394200696,0.0
female,single_v10,IschStroke,AUS,0.08546629063736165,0.08546629063736165,0.0
female,single_v10,IschStroke,BGD,0.2154447890633988,0.2154447890633988,0.0
female,single_v10,IschStroke,BGR,0.16950726805733768,0.16950726805733768,0.0
female,single_v10,IschStroke,BRA,0.14864508982577024,0.14864508982577024,0.0
female,single_v10,IschStroke,CAN,0.09065584424095342,0.09065584424095342,0.0
female,single_v10,IschStroke,CHN,0.19602128917177966,0.19602128917177966,0.0
female,single_v10,IschStroke,DEU,0.10123581824431661,0.10123581824431661,0.0
female,single_v10,IschStroke,EGY,0.05250134297415909,0.05250134297415909,0.0
female,single_v10,IschStroke,GBR,0.09665383981045012,0.09665383981045012,0.0
female,single_v10,IschStroke,GLB,0.1602170195176209,0.1602170195176209,0.0
female,single_v10,IschStroke,IND,0.2022828905587607,0.2022828905587607,0.0
female,single_v10,IschStroke,ISR,0.06820748881727169,0.06820748881727169,0.0
female,single_v10,IschStroke,JPN,0.12252394526160144,0.12252394526160144,0.0
female,single_v10,IschStroke,MEX,0.09595092556141815,0.09595092556141815,0.0
female,single_v10,IschStroke,NGA,0.11407377358690547,0.11407377358690547,0.0
female,single_v10,IschStroke,NZL,0.09341587399025945,0.09341587399025945,0.0
female,single_v10,IschStroke,ROU,0.15223164312557735,0.15223164312557735,0.0
female,single_v10,IschStroke,TUR,0.06280685180334764,0.06280685180334764,0.0
female,single_v10,IschStroke,USA,0.11136629506735353,0.11136629506735353,0.0
female,single_v10,IschStroke,ZAF,0.1506614042954622,0.1506614042954622,0.0
female,single_v10,CKD,NZL,0.0,0.0,0.0
female,single_v10,CKD,JPN,0.01651685158013816,0.01651685158013816,0.0
female,single_v10,CKD,ISR,8.142988165016352e-05,8.142988165016352e-05,0.0
female,single_v10,CKD,GLB,0.017122567067725192,0.017122567067725192,0.0
female,single_v10,CKD,NGA,0.0,0.0,0.0
female,single_v10,CKD,CAN,0.002100160871584267,0.002100160871584267,0.0
female,single_v10,CKD,BGD,0.008349744053803954,0.008349744053803954,0.0
female,single_v10,CKD,EGY,0.005091332619402422,0.005091332619402422,0.0
female,single_v10,CKD,BGR,0.03929501069958774,0.03929501069958774,0.0
female,single_v10,CKD,AUS,0.0,0.0,0.0
female,single_v10,CKD,USA,0.0007614652252267984,0.0007614652252267984,0.0
female,single_v10,CKD,ZAF,0.00014109783561444544,0.00014109783561444544,0.0
female,single_v10,CKD,DEU,0.0005817291217448117,0.0005817291217448117,0.0
female,single_v10,CKD,GBR,0.0,0.0,0.0
female,single_v10,CKD,ROU,0.03993359707696209,0.03993359707696209,0.0
female,single_v10,CKD,TUR,0.004892755046125852,0.004892755046125852,0.0
female,single_v10,CKD,BRA,0.004535301293428606,0.004535301293428606,0.0
female,single_v10,CKD,MEX,0.0003306570113490448,0.0003306570113490448,0.0
female,single_v10,CKD,IND,0.006312500693798295,0.006312500693798295,0.0
female,single_v10,CKD,CHN,0.05370436533336398,0.05370436533336398,0.0
female,single_v15,IHD,AUS,0.45106771822746633,0.44893945123497386,0.002128266992492497
female,single_v15,IHD,BGD,0.5572922130683491,0.5572509124048495,4.130066349962842e-05
female,single_v15,IHD,BGR,0.4840670330249749,0.4822175028249748,0.001849530200000123
female,single_v15,IHD,BRA,0.42670376213598066,0.4247947732054384,0.0019089889305422473
female,single_v15,IHD,CAN,0.38000689346226263,0.37764782318076845,0.002359070281494144
female,single_v15,IHD,CHN,0.43652860767917195,0.4359025343400256,0.0006260733391463671
female,single_v15,IHD,DEU,0.4038031367168019,0.4015975344608766,0.0022056022559253205
female,single_v15,IHD,EGY,0.421930886268583,0.4207938064798403,0.0011370797887426836
female,single_v15,IHD,GBR,0.4750163919835456,0.4728182130728441,0.002198178910701469
female,single_v15,IHD,GLB,0.4737043460531396,0.472478461569862,0.0012258844832775827
female,single_v15,IHD,IND,0.5461870891431714,0.5458513019359802,0.00033578720719113696
female,single_v15,IHD,ISR,0.29916093485818207,0.29549480122262967,0.003666133635552408
female,single_v15,IHD,JPN,0.42858861544057264,0.42750394272583514,0.0010846727147374997
female,single_v15,IHD,MEX,0.4243350151357545,0.4185557096919395,0.0057793054438149945
female,single_v15,IHD,NGA,0.40131631829718545,0.4009902221849041,0.0003260961122813292
female,single_v15,IHD,NZL,0.43747390951863746,0.4358846564041829,0.0015892531144545685
female,single_v15,IHD,ROU,0.49482601385935515,0.4923700210271269,0.002455992832228234
female,single_v15,IHD,TUR,0.2978381815834439,0.29584141652566603,0.0019967650577778218
female,single_v15,IHD,USA,0.4050078777845515,0.40046854652442093,0.00453933126013055
female,single_v15,IHD,ZAF,0.5043514829737527,0.5032598104588778,0.0010916725148747925
female,single_v15,T2D,AUS,0.3397638762605645,0.3307498277254691,0.009014048535095336
female,single_v15,T2D,BGD,0.28776865141929436,0.28725580049264127,0.0005128509266531341
female,single_v15,T2D,BGR,0.2673726065688635,0.25849133259255586,0.00888127397630765
female,single_v15,T2D,BRA,0.2243641117166233,0.21501572911534653,0.009348382601276755
female,single_v15,T2D,CAN,0.3056508825465323,0.2964489508941892,0.009201931652343068
female,single_v15,T2D,CHN,0.20619820130392397,0.2007155151747888,0.005482686129135158
female,single_v15,T2D,DEU,0.3239140311594503,0.3149798044147484,0.00893422674470191
female,single_v15,T2D,EGY,0.09832079328409457,0.09239980593125678,0.005920987352837794
female,single_v15,T2D,GBR,0.33248137142346307,0.3243968427530091,0.008084528670453945
female,single_v15,T2D,GLB,0.20274999783935183,0.19644134666263138,0.006308651176720434
female,single_v15,T2D,IND,0.17510644438993866,0.17208077512272318,0.00302566926721549
female,single_v15,T2D,ISR,0.24240314990817882,0.23152658445702123,0.010876565451157592
female,single_v15,T2D,JPN,0.301895827401996,0.2960691057582345,0.005826721643761494
female,single_v15,T2D,MEX,0.22869290449743224,0.21275609251353264,0.015936811983899613
female,single_v15,T2D,NGA,0.13610234995020976,0.1335406545972944,0.0025616953529153615
female,single_v15,T2D,NZL,0.3085018379498796,0.30035050153911413,0.008151336410765469
female,single_v15,T2D,ROU,0.2645680931459498,0.25418899865462513,0.010379094491324717
female,single_v15,T2D,TUR,0.1286721309364339,0.11972437900326934,0.008947751933164574
female,single_v15,T2D,USA,0.3811156760520181,0.36994571103244045,0.011169965019577652
female,single_v15,T2D,ZAF,0.23330057394200696,0.22545774851947573,0.00784282542253124
female,single_v15,IschStroke,AUS,0.08546629063736165,0.08546629063736165,0.0
female,single_v15,IschStroke,BGD,0.2154447890633988,0.2154447890633988,0.0
female,single_v15,IschStroke,BGR,0.16950726805733768,0.16950726805733768,0.0
female,single_v15,IschStroke,BRA,0.14864508982577024,0.14864508982577024,0.0
female,single_v15,IschStroke,CAN,0.09065584424095342,0.09065584424095342,0.0
female,single_v15,IschStroke,CHN,0.19602128917177966,0.19602128917177966,0.0
female,single_v15,IschStroke,DEU,0.10123581824431661,0.10123581824431661,0.0
female,single_v15,IschStroke,EGY,0.05250134297415909,0.05250134297415909,0.0
female,single_v15,IschStroke,GBR,0.09665383981045012,0.09665383981045012,0.0
female,single_v15,IschStroke,GLB,0.1602170195176209,0.1602170195176209,0.0
female,single_v15,IschStroke,IND,0.2022828905587607,0.2022828905587607,0.0
female,single_v15,IschStroke,ISR,0.06820748881727169,0.06820748881727169,0.0
female,single_v15,IschStroke,JPN,0.12252394526160144,0.12252394526160144,0.0
female,single_v15,IschStroke,MEX,0.09595092556141815,0.09595092556141815,0.0
female,single_v15,IschStroke,NGA,0.11407377358690547,0.11407377358690547,0.0
female,single_v15,IschStroke,NZL,0.09341587399025945,0.09341587399025945,0.0
female,single_v15,IschStroke,ROU,0.15223164312557735,0.15223164312557735,0.0
female,single_v15,IschStroke,TUR,0.06280685180334764,0.06280685180334764,0.0
female,single_v15,IschStroke,USA,0.11136629506735353,0.11136629506735353,0.0
female,single_v15,IschStroke,ZAF,0.1506614042954622,0.1506614042954622,0.0
female,single_v15,CKD,NZL,0.0,0.0,0.0
female,single_v15,CKD,JPN,0.01651685158013816,0.01651685158013816,0.0
female,single_v15,CKD,ISR,8.142988165016352e-05,8.142988165016352e-05,0.0
female,single_v15,CKD,GLB,0.017122567067725192,0.017122567067725192,0.0
female,single_v15,CKD,NGA,0.0,0.0,0.0
female,single_v15,CKD,CAN,0.002100160871584267,0.002100160871584267,0.0
female,single_v15,CKD,BGD,0.008349744053803954,0.008349744053803954,0.0
female,single_v15,CKD,EGY,0.005091332619402422,0.005091332619402422,0.0
female,single_v15,CKD,BGR,0.03929501069958774,0.03929501069958774,0.0
female,single_v15,CKD,AUS,0.0,0.0,0.0
female,single_v15,CKD,USA,0.0007614652252267984,0.0007614652252267984,0.0
female,single_v15,CKD,ZAF,0.00014109783561444544,0.00014109783561444544,0.0
female,single_v15,CKD,DEU,0.0005817291217448117,0.0005817291217448117,0.0
female,single_v15,CKD,GBR,0.0,0.0,0.0
female,single_v15,CKD,ROU,0.03993359707696209,0.03993359707696209,0.0
female,single_v15,CKD,TUR,0.004892755046125852,0.004892755046125852,0.0
female,single_v15,CKD,BRA,0.004535301293428606,0.004535301293428606,0.0
female,single_v15,CKD,MEX,0.0003306570113490448,0.0003306570113490448,0.0
female,single_v15,CKD,IND,0.006312500693798295,0.006312500693798295,0.0
female,single_v15,CKD,CHN,0.05370436533336398,0.05370436533336398,0.0
female,single_v29,IHD,AUS,0.45106771822746633,0.44260096799004517,0.008466750237421187
female,single_v29,IHD,BGD,0.5572922130683491,0.5514088568760243,0.005883356192324782
female,single_v29,IHD,BGR,0.4840670330249749,0.4818740908810645,0.002192942143910376
female,single_v29,IHD,BRA,0.42670376213598066,0.42670181029840587,1.95183757476407e-06
female,single_v29,IHD,CAN,0.38000689346226263,0.36994176152529845,0.010065131936964136
female,single_v29,IHD,CHN,0.43652860767917195,0.4342146162505006,0.0023139914286713233
female,single_v29,IHD,DEU,0.4038031367168019,0.3995003467230164,0.004302789993785514
female,single_v29,IHD,EGY,0.421930886268583,0.40879553380197653,0.013135352466606482
female,single_v29,IHD,GBR,0.4750163919835456,0.4686430571219591,0.006373334861586502
female,single_v29,IHD,GLB,0.4737043460531396,0.46741764714456074,0.0062866989085788505
female,single_v29,IHD,IND,0.5461870891431714,0.5363031511583936,0.009883937984777763
female,single_v29,IHD,ISR,0.29916093485818207,0.29488497107703393,0.004275963781148109
female,single_v29,IHD,JPN,0.42858861544057264,0.4240464814693396,0.004542133971233056
female,single_v29,IHD,MEX,0.4243350151357545,0.41623351985094637,0.008101495284808144
female,single_v29,IHD,NGA,0.40131631829718545,0.38904494110022436,0.012271377196961076
female,single_v29,IHD,NZL,0.43747390951863746,0.4291908984876423,0.008283011030995192
female,single_v29,IHD,ROU,0.49482601385935515,0.4877364019223252,0.007089611937029981
female,single_v29,IHD,TUR,0.2978381815834439,0.28663721336882547,0.01120096821461837
female,single_v29,IHD,USA,0.4050078777845515,0.40514479285743554,-0.00013691507288407108
female,single_v29,IHD,ZAF,0.5043514829737527,0.5012750443304846,0.003076438643267961
female,single_v29,T2D,AUS,0.3397638762605645,0.3397638762605645,0.0
female,single_v29,T2D,BGD,0.28776865141929436,0.28776865141929436,0.0
female,single_v29,T2D,BGR,0.2673726065688635,0.2673726065688635,0.0
female,single_v29,T2D,BRA,0.2243641117166233,0.2243641117166233,0.0
female,single_v29,T2D,CAN,0.3056508825465323,0.3056508825465323,0.0
female,single_v29,T2D,CHN,0.20619820130392397,0.20619820130392397,0.0
female,single_v29,T2D,DEU,0.3239140311594503,0.3239140311594503,0.0
female,single_v29,T2D,EGY,0.09832079328409457,0.09832079328409457,0.0
female,single_v29,T2D,GBR,0.33248137142346307,0.33248137142346307,0.0
female,single_v29,T2D,GLB,0.20274999783935183,0.20274999783935183,0.0
female,single_v29,T2D,IND,0.17510644438993866,0.17510644438993866,0.0
female,single_v29,T2D,ISR,0.24240314990817882,0.24240314990817882,0.0
female,single_v29,T2D,JPN,0.301895827401996,0.301895827401996,0.0
female,single_v29,T2D,MEX,0.22869290449743224,0.22869290449743224,0.0
female,single_v29,T2D,NGA,0.13610234995020976,0.13610234995020976,0.0
female,single_v29,T2D,NZL,0.3085018379498796,0.3085018379498796,0.0
female,single_v29,T2D,ROU,0.2645680931459498,0.2645680931459498,0.0
female,single_v29,T2D,TUR,0.1286721309364339,0.1286721309364339,0.0
female,single_v29,T2D,USA,0.3811156760520181,0.3811156760520181,0.0
female,single_v29,T2D,ZAF,0.23330057394200696,0.23330057394200696,0.0
female,single_v29,IschStroke,AUS,0.08546629063736165,0.08546629063736165,0.0
female,single_v29,IschStroke,BGD,0.2154447890633988,0.2154447890633988,0.0
female,single_v29,IschStroke,BGR,0.16950726805733768,0.16950726805733768,0.0
female,single_v29,IschStroke,BRA,0.14864508982577024,0.14864508982577024,0.0
female,single_v29,IschStroke,CAN,0.09065584424095342,0.09065584424095342,0.0
female,single_v29,IschStroke,CHN,0.19602128917177966,0.19602128917177966,0.0
female,single_v29,IschStroke,DEU,0.10123581824431661,0.10123581824431661,0.0
female,single_v29,IschStroke,EGY,0.05250134297415909,0.05250134297415909,0.0
female,single_v29,IschStroke,GBR,0.09665383981045012,0.09665383981045012,0.0
female,single_v29,IschStroke,GLB,0.1602170195176209,0.1602170195176209,0.0
female,single_v29,IschStroke,IND,0.2022828905587607,0.2022828905587607,0.0
female,single_v29,IschStroke,ISR,0.06820748881727169,0.06820748881727169,0.0
female,single_v29,IschStroke,JPN,0.12252394526160144,0.12252394526160144,0.0
female,single_v29,IschStroke,MEX,0.09595092556141815,0.09595092556141815,0.0
female,single_v29,IschStroke,NGA,0.11407377358690547,0.11407377358690547,0.0
female,single_v29,IschStroke,NZL,0.09341587399025945,0.09341587399025945,0.0
female,single_v29,IschStroke,ROU,0.15223164312557735,0.15223164312557735,0.0
female,single_v29,IschStroke,TUR,0.06280685180334764,0.06280685180334764,0.0
female,single_v29,IschStroke,USA,0.11136629506735353,0.11136629506735353,0.0
female,single_v29,IschStroke,ZAF,0.1506614042954622,0.1506614042954622,0.0
female,single_v29,CKD,NZL,0.0,0.0,0.0
female,single_v29,CKD,JPN,0.01651685158013816,0.01651685158013816,0.0
female,single_v29,CKD,ISR,8.142988165016352e-05,8.142988165016352e-05,0.0
female,single_v29,CKD,GLB,0.017122567067725192,0.017122567067725192,0.0
female,single_v29,CKD,NGA,0.0,0.0,0.0
female,single_v29,CKD,CAN,0.002100160871584267,0.002100160871584267,0.0
female,single_v29,CKD,BGD,0.008349744053803954,0.008349744053803954,0.0
female,single_v29,CKD,EGY,0.005091332619402422,0.005091332619402422,0.0
female,single_v29,CKD,BGR,0.03929501069958774,0.03929501069958774,0.0
female,single_v29,CKD,AUS,0.0,0.0,0.0
female,single_v29,CKD,USA,0.0007614652252267984,0.0007614652252267984,0.0
female,single_v29,CKD,ZAF,0.00014109783561444544,0.00014109783561444544,0.0
female,single_v29,CKD,DEU,0.0005817291217448117,0.0005817291217448117,0.0
female,single_v29,CKD,GBR,0.0,0.0,0.0
female,single_v29,CKD,ROU,0.03993359707696209,0.03993359707696209,0.0
female,single_v29,CKD,TUR,0.004892755046125852,0.004892755046125852,0.0
female,single_v29,CKD,BRA,0.004535301293428606,0.004535301293428606,0.0
female,single_v29,CKD,MEX,0.0003306570113490448,0.0003306570113490448,0.0
female,single_v29,CKD,IND,0.006312500693798295,0.006312500693798295,0.0
female,single_v29,CKD,CHN,0.05370436533336398,0.05370436533336398,0.0
female,single_v30,IHD,AUS,0.45106771822746633,0.44945000198813984,0.0016177162393264828
female,single_v30,IHD,BGD,0.5572922130683491,0.5579334161501937,-0.0006412030818445751
female,single_v30,IHD,BGR,0.4840670330249749,0.47318111605110413,0.010885916973870756
female,single_v30,IHD,BRA,0.42670376213598066,0.41910357259828446,0.007600189537696153
female,single_v30,IHD,CAN,0.38000689346226263,0.3775766598919497,0.0024302335703128997
female,single_v30,IHD,CHN,0.43652860767917195,0.4339206803141611,0.0026079273650108582
female,single_v30,IHD,DEU,0.4038031367168019,0.39887226624712746,0.004930870469674455
female,single_v30,IHD,EGY,0.421930886268583,0.42125360546866975,0.0006772807999132819
female,single_v30,IHD,GBR,0.4750163919835456,0.4738772303050206,0.0011391616785249774
female,single_v30,IHD,GLB,0.4737043460531396,0.4705218617763225,0.0031824842768171198
female,single_v30,IHD,IND,0.5461870891431714,0.5359782076800095,0.010208881463161871
female,single_v30,IHD,ISR,0.29916093485818207,0.2998476418109492,-0.0006867069527671395
female,single_v30,IHD,JPN,0.42858861544057264,0.4293084870687469,-0.0007198716281742742
female,single_v30,IHD,MEX,0.4243350151357545,0.4173047127596071,0.007030302376147405
female,single_v30,IHD,NGA,0.40131631829718545,0.38962108220429537,0.011695236092890072
female,single_v30,IHD,NZL,0.43747390951863746,0.4349865988148974,0.0024873107037401013
female,single_v30,IHD,ROU,0.49482601385935515,0.4850397016812619,0.009786312178093259
female,single_v30,IHD,TUR,0.2978381815834439,0.2864555496942465,0.011382631889197341
female,single_v30,IHD,USA,0.4050078777845515,0.3988267381379257,0.006181139646625761
female,single_v30,IHD,ZAF,0.5043514829737527,0.49202657066692507,0.01232491230682757
female,single_v30,T2D,AUS,0.3397638762605645,0.3397638762605645,0.0
female,single_v30,T2D,BGD,0.28776865141929436,0.28776865141929436,0.0
female,single_v30,T2D,BGR,0.2673726065688635,0.2673726065688635,0.0
female,single_v30,T2D,BRA,0.2243641117166233,0.2243641117166233,0.0
female,single_v30,T2D,CAN,0.3056508825465323,0.3056508825465323,0.0
female,single_v30,T2D,CHN,0.20619820130392397,0.20619820130392397,0.0
female,single_v30,T2D,DEU,0.3239140311594503,0.3239140311594503,0.0
female,single_v30,T2D,EGY,0.09832079328409457,0.09832079328409457,0.0
female,single_v30,T2D,GBR,0.33248137142346307,0.33248137142346307,0.0
female,single_v30,T2D,GLB,0.20274999783935183,0.20274999783935183,0.0
female,single_v30,T2D,IND,0.17510644438993866,0.17510644438993866,0.0
female,single_v30,T2D,ISR,0.24240314990817882,0.24240314990817882,0.0
female,single_v30,T2D,JPN,0.301895827401996,0.301895827401996,0.0
female,single_v30,T2D,MEX,0.22869290449743224,0.22869290449743224,0.0
female,single_v30,T2D,NGA,0.13610234995020976,0.13610234995020976,0.0
female,single_v30,T2D,NZL,0.3085018379498796,0.3085018379498796,0.0
female,single_v30,T2D,ROU,0.2645680931459498,0.2645680931459498,0.0
female,single_v30,T2D,TUR,0.1286721309364339,0.1286721309364339,0.0
female,single_v30,T2D,USA,0.3811156760520181,0.3811156760520181,0.0
female,single_v30,T2D,ZAF,0.23330057394200696,0.23330057394200696,0.0
female,single_v30,IschStroke,AUS,0.08546629063736165,0.08546629063736165,0.0
female,single_v30,IschStroke,BGD,0.2154447890633988,0.2154447890633988,0.0
female,single_v30,IschStroke,BGR,0.16950726805733768,0.16950726805733768,0.0
female,single_v30,IschStroke,BRA,0.14864508982577024,0.14864508982577024,0.0
female,single_v30,IschStroke,CAN,0.09065584424095342,0.09065584424095342,0.0
female,single_v30,IschStroke,CHN,0.19602128917177966,0.19602128917177966,0.0
female,single_v30,IschStroke,DEU,0.10123581824431661,0.10123581824431661,0.0
female,single_v30,IschStroke,EGY,0.05250134297415909,0.05250134297415909,0.0
female,single_v30,IschStroke,GBR,0.09665383981045012,0.09665383981045012,0.0
female,single_v30,IschStroke,GLB,0.1602170195176209,0.1602170195176209,0.0
female,single_v30,IschStroke,IND,0.2022828905587607,0.2022828905587607,0.0
female,single_v30,IschStroke,ISR,0.06820748881727169,0.06820748881727169,0.0
female,single_v30,IschStroke,JPN,0.12252394526160144,0.12252394526160144,0.0
female,single_v30,IschStroke,MEX,0.09595092556141815,0.09595092556141815,0.0
female,single_v30,IschStroke,NGA,0.11407377358690547,0.11407377358690547,0.0
female,single_v30,IschStroke,NZL,0.09341587399025945,0.09341587399025945,0.0
female,single_v30,IschStroke,ROU,0.15223164312557735,0.15223164312557735,0.0
female,single_v30,IschStroke,TUR,0.06280685180334764,0.06280685180334764,0.0
female,single_v30,IschStroke,USA,0.11136629506735353,0.11136629506735353,0.0
female,single_v30,IschStroke,ZAF,0.1506614042954622,0.1506614042954622,0.0
female,single_v30,CKD,NZL,0.0,0.0,0.0
female,single_v30,CKD,JPN,0.01651685158013816,0.01651685158013816,0.0
female,single_v30,CKD,ISR,8.142988165016352e-05,8.142988165016352e-05,0.0
female,single_v30,CKD,GLB,0.017122567067725192,0.017122567067725192,0.0
female,single_v30,CKD,NGA,0.0,0.0,0.0
female,single_v30,CKD,CAN,0.002100160871584267,0.002100160871584267,0.0
female,single_v30,CKD,BGD,0.008349744053803954,0.008349744053803954,0.0
female,single_v30,CKD,EGY,0.005091332619402422,0.005091332619402422,0.0
female,single_v30,CKD,BGR,0.03929501069958774,0.03929501069958774,0.0
female,single_v30,CKD,AUS,0.0,0.0,0.0
female,single_v30,CKD,USA,0.0007614652252267984,0.0007614652252267984,0.0
female,single_v30,CKD,ZAF,0.00014109783561444544,0.00014109783561444544,0.0
female,single_v30,CKD,DEU,0.0005817291217448117,0.0005817291217448117,0.0
female,single_v30,CKD,GBR,0.0,0.0,0.0
female,single_v30,CKD,ROU,0.03993359707696209,0.03993359707696209,0.0
female,single_v30,CKD,TUR,0.004892755046125852,0.004892755046125852,0.0
female,single_v30,CKD,BRA,0.004535301293428606,0.004535301293428606,0.0
female,single_v30,CKD,MEX,0.0003306570113490448,0.0003306570113490448,0.0
female,single_v30,CKD,IND,0.006312500693798295,0.006312500693798295,0.0
female,single_v30,CKD,CHN,0.05370436533336398,0.05370436533336398,0.0
female,single_v34,IHD,AUS,0.45106771822746633,0.44308481877986106,0.00798289944760528
female,single_v34,IHD,BGD,0.5572922130683491,0.5433589374163998,0.013933275651949264
female,single_v34,IHD,BGR,0.4840670330249749,0.47718344607429414,0.006883586950680754
female,single_v34,IHD,BRA,0.42670376213598066,0.4211565577134745,0.0055472044225061716
female,single_v34,IHD,CAN,0.38000689346226263,0.37718197286009736,0.002824920602165225
female,single_v34,IHD,CHN,0.43652860767917195,0.4333708850433484,0.0031577226358235457
female,single_v34,IHD,DEU,0.4038031367168019,0.3988590006423661,0.004944136074435764
female,single_v34,IHD,EGY,0.421930886268583,0.4225069424651013,-0.0005760561965182895
female,single_v34,IHD,GBR,0.4750163919835456,0.469934581264883,0.005081810718662565
female,single_v34,IHD,GLB,0.4737043460531396,0.46853768662342143,0.0051666594297181435
female,single_v34,IHD,IND,0.5461870891431714,0.5410386492007531,0.00514843994241824
female,single_v34,IHD,ISR,0.29916093485818207,0.29768903267339764,0.0014719021847844137
female,single_v34,IHD,JPN,0.42858861544057264,0.41594245443884414,0.0126461610017285
female,single_v34,IHD,MEX,0.4243350151357545,0.4250485833273354,-0.0007135681915809097
female,single_v34,IHD,NGA,0.40131631829718545,0.4022284825111333,-0.0009121642139478531
female,single_v34,IHD,NZL,0.43747390951863746,0.43138489317536693,0.006089016343270531
female,single_v34,IHD,ROU,0.49482601385935515,0.493893946462341,0.0009320673970141185
female,single_v34,IHD,TUR,0.2978381815834439,0.2985166880456784,-0.0006785064622345374
female,single_v34,IHD,USA,0.4050078777845515,0.39901508959912674,0.005992788185424713
female,single_v34,IHD,ZAF,0.5043514829737527,0.5013780312436097,0.002973451730142896
female,single_v34,T2D,AUS,0.3397638762605645,0.3377635887273991,0.0020002875331653716
female,single_v34,T2D,BGD,0.28776865141929436,0.2793696503579369,0.008399001061357434
female,single_v34,T2D,BGR,0.2673726065688635,0.2654510964592329,0.0019215101096305863
female,single_v34,T2D,BRA,0.2243641117166233,0.22302950329393725,0.0013346084226860317
female,single_v34,T2D,CAN,0.3056508825465323,0.3050408161865544,0.0006100663599778876
female,single_v34,T2D,CHN,0.20619820130392397,0.20530324950108056,0.0008949518028434078
female,single_v34,T2D,DEU,0.3239140311594503,0.3227304044948758,0.0011836266645745127
female,single_v34,T2D,EGY,0.09832079328409457,0.09844553292142419,-0.00012473963732960992
female,single_v34,T2D,GBR,0.33248137142346307,0.3314246873335736,0.0010566840898894676
female,single_v34,T2D,GLB,0.20274999783935183,0.2017427715361426,0.0010072263032092328
female,single_v34,T2D,IND,0.17510644438993866,0.17385308929099647,0.0012533550989422006
female,single_v34,T2D,ISR,0.24240314990817882,0.24211360506829585,0.00028954483988297364
female,single_v34,T2D,JPN,0.301895827401996,0.2980257231949488,0.0038701042070472137
female,single_v34,T2D,MEX,0.22869290449743224,0.22888252654238728,-0.00018962204495503055
female,single_v34,T2D,NGA,0.13610234995020976,0.13634546038875003,-0.00024311043854027874
female,single_v34,T2D,NZL,0.3085018379498796,0.3070136712392498,0.0014881667106298319
female,single_v34,T2D,ROU,0.2645680931459498,0.26432563116458957,0.00024246198136028917
female,single_v34,T2D,TUR,0.1286721309364339,0.12885900844641193,-0.00018687750997803566
female,single_v34,T2D,USA,0.3811156760520181,0.3799824504376635,0.0011332256143546226
female,single_v34,T2D,ZAF,0.23330057394200696,0.23238029715807815,0.0009202767839288172
female,single_v34,IschStroke,AUS,0.08546629063736165,0.08234977138456004,0.0031165192528016163
female,single_v34,IschStroke,BGD,0.2154447890633988,0.2049584298747599,0.010486359188638897
female,single_v34,IschStroke,BGR,0.16950726805733768,0.16456034849573942,0.0049469195615982516
female,single_v34,IschStroke,BRA,0.14864508982577024,0.14560348706060036,0.003041602765169871
female,single_v34,IschStroke,CAN,0.09065584424095342,0.08941841931278288,0.0012374249281705376
female,single_v34,IschStroke,CHN,0.19602128917177966,0.1942761384674092,0.0017451507043704604
female,single_v34,IschStroke,DEU,0.10123581824431661,0.09827281645606636,0.0029630017882502496
female,single_v34,IschStroke,EGY,0.05250134297415909,0.05270191053479882,-0.0002005675606397329
female,single_v34,IschStroke,GBR,0.09665383981045012,0.09430596881769375,0.0023478709927563742
female,single_v34,IschStroke,GLB,0.1602170195176209,0.15713520246589155,0.003081817051729342
female,single_v34,IschStroke,IND,0.2022828905587607,0.19940980071895575,0.0028730898398049267
female,single_v34,IschStroke,ISR,0.06820748881727169,0.06759403366052215,0.0006134551567495533
female,single_v34,IschStroke,JPN,0.12252394526160144,0.115901824331435,0.0066221209301664296
female,single_v34,IschStroke,MEX,0.09595092556141815,0.09629409347421718,-0.00034316791279902014
female,single_v34,IschStroke,NGA,0.11407377358690547,0.11447115948196791,-0.0003973858950624465
female,single_v34,IschStroke,NZL,0.09341587399025945,0.09072687219148798,0.00268900179877148
female,single_v34,IschStroke,ROU,0.15223164312557735,0.15158603682928076,0.0006456062962965931
female,single_v34,IschStroke,TUR,0.06280685180334764,0.06314394345968362,-0.00033709165633598673
female,single_v34,IschStroke,USA,0.11136629506735353,0.10810892801831086,0.0032573670490426724
female,single_v34,IschStroke,ZAF,0.1506614042954622,0.14902421537498714,0.001637188920475085
female,single_v34,CKD,NZL,0.0,0.0,0.0
female,single_v34,CKD,JPN,0.01651685158013816,0.01651685158013816,0.0
female,single_v34,CKD,ISR,8.142988165016352e-05,8.142988165016352e-05,0.0
female,single_v34,CKD,GLB,0.017122567067725192,0.017122567067725192,0.0
female,single_v34,CKD,NGA,0.0,0.0,0.0
female,single_v34,CKD,CAN,0.002100160871584267,0.002100160871584267,0.0
female,single_v34,CKD,BGD,0.008349744053803954,0.008349744053803954,0.0
female,single_v34,CKD,EGY,0.005091332619402422,0.005091332619402422,0.0
female,single_v34,CKD,BGR,0.03929501069958774,0.03929501069958774,0.0
female,single_v34,CKD,AUS,0.0,0.0,0.0
female,single_v34,CKD,USA,0.0007614652252267984,0.0007614652252267984,0.0
female,single_v34,CKD,ZAF,0.00014109783561444544,0.00014109783561444544,0.0
female,single_v34,CKD,DEU,0.0005817291217448117,0.0005817291217448117,0.0
female,single_v34,CKD,GBR,0.0,0.0,0.0
female,single_v34,CKD,ROU,0.03993359707696209,0.03993359707696209,0.0
female,single_v34,CKD,TUR,0.004892755046125852,0.004892755046125852,0.0
female,single_v34,CKD,BRA,0.004535301293428606,0.004535301293428606,0.0
female,single_v34,CKD,MEX,0.0003306570113490448,0.0003306570113490448,0.0
female,single_v34,CKD,IND,0.006312500693798295,0.006312500693798295,0.0
female,single_v34,CKD,CHN,0.05370436533336398,0.05370436533336398,0.0
female,single_v37,IHD,AUS,0.45106771822746633,0.45106771822746633,0.0
female,single_v37,IHD,BGD,0.5572922130683491,0.55655627006891,0.0007359429994391193
female,single_v37,IHD,BGR,0.4840670330249749,0.4798103614822906,0.004256671542684281
female,single_v37,IHD,BRA,0.42670376213598066,0.42598391540691566,0.0007198467290649949
female,single_v37,IHD,CAN,0.38000689346226263,0.3796495763025206,0.00035731715974200376
female,single_v37,IHD,CHN,0.43652860767917195,0.42862250524539475,0.007906102433777214
female,single_v37,IHD,DEU,0.4038031367168019,0.40371190018244757,9.12365343543347e-05
female,single_v37,IHD,EGY,0.421930886268583,0.421035238402181,0.0008956478664020403
female,single_v37,IHD,GBR,0.4750163919835456,0.4750163919835456,0.0
female,single_v37,IHD,GLB,0.4737043460531396,0.4706768838914582,0.003027462161681406
female,single_v37,IHD,IND,0.5461870891431714,0.5451256767348684,0.0010614124083028744
female,single_v37,IHD,ISR,0.29916093485818207,0.29914269527424353,1.8239583938549186e-05
female,single_v37,IHD,JPN,0.42858861544057264,0.42663043751989405,0.0019581779206785826
female,single_v37,IHD,MEX,0.4243350151357545,0.42425770673282276,7.730840293177716e-05
female,single_v37,IHD,NGA,0.40131631829718545,0.40131631829718545,0.0
female,single_v37,IHD,NZL,0.43747390951863746,0.43747390951863746,0.0
female,single_v37,IHD,ROU,0.49482601385935515,0.4900349174691753,0.004791096390179858
female,single_v37,IHD,TUR,0.2978381815834439,0.29716879681847497,0.0006693847649688963
female,single_v37,IHD,USA,0.4050078777845515,0.40483415149840396,0.0001737262861475131
female,single_v37,IHD,ZAF,0.5043514829737527,0.5043322658760804,1.921709767225954e-05
female,single_v37,T2D,AUS,0.3397638762605645,0.3397638762605645,0.0
female,single_v37,T2D,BGD,0.28776865141929436,0.28776865141929436,0.0
female,single_v37,T2D,BGR,0.2673726065688635,0.2673726065688635,0.0
female,single_v37,T2D,BRA,0.2243641117166233,0.2243641117166233,0.0
female,single_v37,T2D,CAN,0.3056508825465323,0.3056508825465323,0.0
female,single_v37,T2D,CHN,0.20619820130392397,0.20619820130392397,0.0
female,single_v37,T2D,DEU,0.3239140311594503,0.3239140311594503,0.0
female,single_v37,T2D,EGY,0.09832079328409457,0.09832079328409457,0.0
female,single_v37,T2D,GBR,0.33248137142346307,0.33248137142346307,0.0
female,single_v37,T2D,GLB,0.20274999783935183,0.20274999783935183,0.0
female,single_v37,T2D,IND,0.17510644438993866,0.17510644438993866,0.0
female,single_v37,T2D,ISR,0.24240314990817882,0.24240314990817882,0.0
female,single_v37,T2D,JPN,0.301895827401996,0.301895827401996,0.0
female,single_v37,T2D,MEX,0.22869290449743224,0.22869290449743224,0.0
female,single_v37,T2D,NGA,0.13610234995020976,0.13610234995020976,0.0
female,single_v37,T2D,NZL,0.3085018379498796,0.3085018379498796,0.0
female,single_v37,T2D,ROU,0.2645680931459498,0.2645680931459498,0.0
female,single_v37,T2D,TUR,0.1286721309364339,0.1286721309364339,0.0
female,single_v37,T2D,USA,0.3811156760520181,0.3811156760520181,0.0
female,single_v37,T2D,ZAF,0.23330057394200696,0.23330057394200696,0.0
female,single_v37,IschStroke,AUS,0.08546629063736165,0.08546629063736165,0.0
female,single_v37,IschStroke,BGD,0.2154447890633988,0.21385736557672894,0.0015874234866698749
female,single_v37,IschStroke,BGR,0.16950726805733768,0.158578113699778,0.01092915435755968
female,single_v37,IschStroke,BRA,0.14864508982577024,0.1471361276511753,0.0015089621745949387
female,single_v37,IschStroke,CAN,0.09065584424095342,0.09008605081147952,0.0005697934294738894
female,single_v37,IschStroke,CHN,0.19602128917177966,0.1801518669387949,0.01586942223298479
female,single_v37,IschStroke,DEU,0.10123581824431661,0.10102018510500484,0.0002156331393117727
female,single_v37,IschStroke,EGY,0.05250134297415909,0.05108486265875199,0.0014164803154071005
female,single_v37,IschStroke,GBR,0.09665383981045012,0.09665383981045012,0.0
female,single_v37,IschStroke,GLB,0.1602170195176209,0.15338069233204168,0.006836327185579202
female,single_v37,IschStroke,IND,0.2022828905587607,0.20008476033710682,0.002198130221653882
female,single_v37,IschStroke,ISR,0.06820748881727169,0.06817463395003419,3.2854867237511466e-05
female,single_v37,IschStroke,JPN,0.12252394526160144,0.11912034751801502,0.00340359774358642
female,single_v37,IschStroke,MEX,0.09595092556141815,0.09589690352120059,5.402204021756871e-05
female,single_v37,IschStroke,NGA,0.11407377358690547,0.11407377358690547,0.0
female,single_v37,IschStroke,NZL,0.09341587399025945,0.09341587399025945,0.0
female,single_v37,IschStroke,ROU,0.15223164312557735,0.13876737834363223,0.013464264781945118
female,single_v37,IschStroke,TUR,0.06280685180334764,0.06127856049214057,0.0015282913112070683
female,single_v37,IschStroke,USA,0.11136629506735353,0.11103911625334124,0.00032717881401228923
female,single_v37,IschStroke,ZAF,0.1506614042954622,0.15062035803620039,4.1046259261821125e-05
female,single_v37,CKD,NZL,0.0,0.0,0.0
female,single_v37,CKD,JPN,0.01651685158013816,0.013272700243382896,0.0032441513367552632
female,single_v37,CKD,ISR,8.142988165016352e-05,6.51439053200864e-05,1.6285976330077112e-05
female,single_v37,CKD,GLB,0.017122567067725192,0.01377625393200288,0.003346313135722312
female,single_v37,CKD,NGA,0.0,0.0,0.0
female,single_v37,CKD,CAN,0.002100160871584267,0.001687558762051622,0.00041260210953264487
female,single_v37,CKD,BGD,0.008349744053803954,0.006693539449760477,0.0016562046040434764
female,single_v37,CKD,EGY,0.005091332619402422,0.004093622249955353,0.000997710369447069
female,single_v37,CKD,BGR,0.03929501069958774,0.031677578262594985,0.007617432436992755
female,single_v37,CKD,AUS,0.0,0.0,0.0
female,single_v37,CKD,USA,0.0007614652252267984,0.0006254533886301816,0.00013601183659661675
female,single_v37,CKD,ZAF,0.00014109783561444544,0.00011287826849160076,2.821956712284468e-05
female,single_v37,CKD,DEU,0.0005817291217448117,0.0004657706246412596,0.0001159584971035521
female,single_v37,CKD,GBR,0.0,0.0,0.0
female,single_v37,CKD,ROU,0.03993359707696209,0.032255532373869356,0.007678064703092735
female,single_v37,CKD,TUR,0.004892755046125852,0.003935338123416288,0.0009574169227095641
female,single_v37,CKD,BRA,0.004535301293428606,0.003631101496498146,0.0009041997969304605
female,single_v37,CKD,MEX,0.0003306570113490448,0.00026712315903421047,6.353385231483433e-05
female,single_v37,CKD,IND,0.006312500693798295,0.0050771527429674945,0.0012353479508308007
female,single_v37,CKD,CHN,0.05370436533336398,0.04436716301503496,0.009337202318329019
