iso3,sex,outcome,arm,averted_10yr,averted_yr1,averted_yr10,yr1,yr2,yr3,yr4,yr5,yr6,yr7,yr8,yr9,yr10,yr11,yr12,yr13,yr14,yr15,yr16,yr17,yr18,yr19,yr20,yr21,yr22,yr23,yr24,yr25,yr26,yr27,yr28,yr29,yr30
CHN,Male,IHD,glp1,514737.82334377104,1735.2758940814529,19219.49394867383,1735.2758940814529,7337.943242185051,12023.424307886045,15635.329045330407,17408.092666602693,17973.208861975232,18020.892547521507,17912.18626211537,17792.024144992232,17708.495676741237,17672.024630977307,17679.864505489822,17725.498416219372,17801.962296340847,17902.806342267664,18022.198541413993,18154.78066736739,18295.516238760436,18439.60882732109,18582.497801485937,18719.90941975778,18847.933273906354,18963.096937475726,19062.419342903886,19143.43232395337,19204.16785206017,19243.114722300787,19259.152461851714,19251.472143812338,19219.49394867383
CHN,Male,IHD,diet,144867.07715998334,0.0,8577.930700822268,0.0,85.15824595256709,206.09818588080816,381.2804550305009,628.5641846191138,959.0097450003959,1370.8658002053853,1848.5209333794191,2367.687898507109,2903.004648901755,3433.5848795122,3945.0717797435354,4429.181018255418,4882.188227135222,5303.315021614311,5693.421029918129,6054.089392876951,6387.058327082079,6693.913821796654,6975.961061493959,7234.207319723908,7469.405957004521,7682.126158083091,7872.825303878402,8041.910433513578,8189.782395894406,8316.861347559607,8423.59555496485,8510.457331633195,8577.930700822268
CHN,Male,IHD,combo,657131.6985885685,1735.2758940814529,27669.27876254893,1735.2758940814529,7422.391276097624,12226.757675497793,16009.846232755575,18023.90559141198,18911.70070151915,19362.043349246494,19720.888579563936,20109.50026200502,20551.16347008967,21035.811062033055,21546.553384379484,22068.655924032908,22591.401492418954,23107.483667771332,23611.835141945165,24100.588990609394,24570.367947453167,25017.89847302623,25439.877066654153,25833.00149482698,26194.08789994195,26520.21207466116,26808.83272372838,27057.872740858,27265.749594594818,27431.35710619553,27554.008180347504,27633.351828272687,27669.27876254893
CHN,Female,IHD,glp1,460262.09967246954,1491.2333679797594,18985.4563520581,1491.2333679797594,6225.298259329051,10091.463766335859,13030.817330371821,14440.953439576318,14875.563741920865,14915.712667244254,14858.337217163644,14818.575823479332,14831.52624420647,14901.79358954914,15023.710264118738,15189.009171368903,15389.510234325659,15617.872603271971,15867.628461040207,16132.99276294047,16408.651930427644,16689.608864983078,16971.103394628037,17248.59964679717,17517.82013581856,17774.80369969108,18015.966920660343,18238.153756109066,18438.6640329645,18615.25706208148,18766.131228765473,18889.883703262545,18985.4563520581
CHN,Female,IHD,diet,137074.14803259494,0.0,8605.749950476224,0.0,70.56588403484784,172.59965188684873,321.9931134732906,534.2296773850685,819.3151465299306,1176.8064694184577,1594.861602258985,2054.3400072418153,2534.861113348976,3019.2423212550348,3495.1889520058176,3955.031943593407,4394.648801462376,4812.292447573738,5207.628259645426,5581.042109150207,5933.187900976278,6264.719398824265,6576.153789652977,6867.824027593248,7139.886770629557,7392.361046273494,7625.179617995629,7838.240638925228,8031.451780359726,8204.762720342493,8358.184730527224,8491.79815975437,8605.749950476224
CHN,Female,IHD,combo,594890.5785483284,1491.2333679797594,27453.51034955727,1491.2333679797594,6295.275630297721,10261.740797823993,13347.06619061809,14964.253790868563,15677.149351831176,16066.63985230145,16418.235744419857,16828.437448984594,17312.429732860066,17857.982756845886,18447.342110856087,19064.66266976786,19697.653028131812,20337.190627697273,20976.417900017346,21609.876406105002,22232.85232026293,22840.957498888485,23429.914471691707,23995.49523412413,24533.561404427746,25040.15866990527,25511.627543336712,25944.702975673135,26336.585764914053,26684.977907856228,26988.08143304754,27244.565567236627,27453.51034955727
IND,Male,IHD,glp1,480806.85007415013,1446.5473887119442,18801.598594312556,1446.5473887119442,6133.51682603755,10073.984484250774,13226.912503634114,14923.565947854659,15632.391232271912,15893.552574009751,15995.89074740617,16060.042362402077,16130.696039123693,16222.367299990496,16338.16432521143,16476.965046441182,16636.06743593095,16812.139765044674,17001.55028054281,17200.479571545962,17404.96358073596,17610.920057205018,17814.17623114935,18010.50285562896,18195.655357562704,18365.421390343457,18515.673628720222,18642.426482972456,18741.895293623675,18810.556438256754,18845.206644631457,18843.019688597415,18801.598594312556
IND,Male,IHD,diet,41964.34674645751,0.0,2397.4202030850574,0.0,27.013789120013826,66.45557211188134,123.61980226426385,203.31281986646354,307.895373104373,435.67080454330426,580.9642106702086,735.985034594778,893.138741362025,1046.5132983007934,1192.2784768450074,1328.4018758796155,1454.1355817867443,1569.5320127301384,1675.0776533365715,1771.4472570596263,1859.3522984851152,1939.4548457735218,2012.3238678830676,2078.4178502268624,2138.083136028843,2191.5613217551727,2239.001610151492,2280.4756497284397,2315.993383500492,2345.51902038604,2368.9865827970207,2386.3146730805747,2397.4202030850574
IND,Male,IHD,combo,522058.33050023776,1446.5473887119442,21165.546532696113,1446.5473887119442,6160.305322609143,10139.543329382781,13348.318550700322,15122.697652869509,15933.576677147299,16319.558742574533,16563.997294124216,16779.94610505749,17004.678075195523,17246.917460998986,17506.002890996635,17778.794028408825,18061.825556806056,18351.787526250817,18645.49858277547,18939.77845836035,19231.34255540301,19516.743596436456,19792.3558685577,20054.39156459854,20298.939677731832,20522.020243946463,20719.648773144232,20887.90712522366,21023.017939259997,21121.420170330908,21179.843483737437,21195.37932620151,21165.546532696113
IND,Female,IHD,glp1,375706.89284058986,932.0464729145169,15106.979518135078,932.0464729145169,4095.402445602347,6877.800819633761,9225.316061198479,10609.606715307222,11308.521177589544,11683.959061480942,11935.321978488355,12146.667247873149,12348.988114805194,12552.231358499965,12758.601476428681,12967.627726863837,13177.97610186087,13388.041454621009,13596.105307095684,13800.353045215015,13998.856738610426,14189.559826095589,14370.274360017618,14538.692498333636,14692.410953630344,14828.966239947244,14945.87837557448,15040.700706054457,15111.073552635964,15154.77943692985,15169.797693225788,15154.35637592082,15106.979518135078
IND,Female,IHD,diet,36428.529385831906,0.0,2098.5915148193017,0.0,25.326635471894406,61.42347792419605,113.06000055011827,184.37844677257817,277.1900008780649,389.62930787703954,516.373464383767,650.4262433561962,785.2002652725205,915.7684860585723,1039.1162979173241,1153.807419743389,1259.484223898151,1356.4252757908544,1445.22561273654,1526.5913703216938,1601.2191679831594,1669.7317253536312,1732.6483712668996,1790.376188675873,1843.2128595404793,1891.3558411232661,1934.9147496221121,1973.9251784263179,2008.3629614037927,2038.1583267515525,2063.209616145352,2083.3963557672687,2098.5915148193017
IND,Female,IHD,combo,411538.6800654704,932.0464729145169,17177.079887598287,932.0464729145169,4120.517859234009,6938.401109598228,9336.375803014147,10790.257128011319,11579.79707113991,12065.15768737928,12440.585535717779,12783.3198155578,13117.911939273356,13449.472171706962,13777.22800524137,14099.271730833803,14413.888836865663,14719.72014156275,15015.607867712039,15300.411864524358,15572.87381533836,15831.538111240603,16074.719402031507,16300.504659823491,16506.779759041267,16691.273168327054,16851.611349000596,16985.381777600385,17090.200316135073,17163.78012574953,17203.999605837744,17208.967047459213,17177.079887598287
BRA,Male,IHD,glp1,60634.4454384929,150.61284451214306,2378.876762814616,150.61284451214306,649.1714027206763,1094.6719299711694,1473.7049807612493,1705.5204260045575,1831.1085018091253,1904.248872424374,1954.9201599983935,1996.1904687899223,2033.2672710766637,2068.1475619997364,2101.56986228624,2133.7795428390527,2164.821055416338,2194.6482663055504,2223.1660127469368,2250.2459952840873,2275.7333198141714,2299.4498680242395,2321.1968629107287,2340.7575569263427,2357.9004118624434,2372.3829043834994,2383.95597420758,2392.3690599672846,2397.375615904486,2398.738963158423,2396.238300704921,2389.674682867946,2378.876762814616
BRA,Male,IHD,diet,4688.7768913321925,0.0,279.79583231455763,0.0,2.465404645205126,6.180429655010812,11.662109253011295,19.40387255087262,29.697205167569336,42.47576417653181,57.30172160023358,73.51068877561192,90.4074032943754,107.40258676737722,124.06259753413906,140.1002435792907,155.34225553410943,169.69492708523467,183.11628281584126,195.59609443871886,207.14244922311627,217.77307968898094,227.50992543750908,236.37581457820488,244.39251591527136,251.57967908654246,257.95435839961283,263.53092975442996,268.3212795488653,272.3351855134533,275.58083286084,278.06542213767534,279.79583231455763
BRA,Male,IHD,combo,65231.571921588344,150.61284451214306,2653.905799664819,150.61284451214306,651.6162461149652,1100.768304041616,1485.1550944612245,1724.5159886402835,1860.1375657491299,1945.7425799008342,2010.8869983392215,2067.9932866804156,2121.5917117697245,2173.104282292552,2222.8454951745807,2270.779018291709,2316.7784642338374,2360.7044050303084,2402.41890557234,2441.781993314129,2478.645130880497,2512.846137287881,2544.206442792638,2572.530526186689,2597.60717727468,2619.2122499933175,2637.1126278985757,2651.07116204896,2660.8523568762466,2666.22858005375,2666.9865663810924,2662.933980130183,2653.905799664819
BRA,Female,IHD,glp1,52389.83904199825,106.36630377881374,2296.4095532498905,106.36630377881374,464.8638955820061,794.3795349261345,1085.4538914159057,1275.8546928909054,1391.4641219460755,1469.6240779059299,1531.5667012290942,1586.5847962091502,1638.3322449391271,1688.1482959139248,1736.474925807328,1783.418390006511,1828.9643805222295,1873.0581230640528,1915.6325650598592,1956.6166939357208,1995.936254781438,2033.5116192021233,2069.2547356627183,2103.0660389110417,2134.831793598729,2164.4221741096117,2191.690284719676,2216.4722482701327,2238.5884216222476,2257.845729582157,2274.041047221952,2286.9655059337674,2296.4095532498905
BRA,Female,IHD,diet,4126.040948458336,0.0,262.08134753323975,0.0,2.0352141839975957,5.073712074838113,9.553152957218117,15.894841660701786,24.358225391973974,34.91106544880313,47.215292943190434,60.74419283987663,74.94276107529004,89.34016833611531,103.59035528493405,117.46420561779814,130.82279357212246,143.58949026059418,155.72770428011427,167.2251767594571,178.08362137319637,188.31214555469342,197.92315414985933,206.92981565911032,215.3444931794511,223.17777348020172,230.4378799523256,237.13034948782297,243.2579084619938,248.8205128996342,253.8155322886014,258.2380617511808,262.08134753323975
BRA,Female,IHD,combo,56434.60561193921,106.36630377881374,2553.864202033321,106.36630377881374,466.88213626448123,799.384349597356,1094.8338276431023,1291.4162170813797,1415.276671311949,1503.7320150267187,1577.6881656321784,1645.9260028054414,1711.5586639114917,1775.4658111677709,1837.750881439657,1898.2952825502289,1956.9476794676448,2013.5770345315977,2068.0791720481793,2120.369821862201,2170.3752476547234,2218.0236983708455,2263.2383538825234,2305.931749698284,2346.001575094502,2383.3277904128918,2417.7710593411757,2449.172507768628,2477.354804539893,2502.1245219837,2523.2756863381364,2540.5943787003926,2553.864202033321
CAN,Male,IHD,glp1,13652.016438059367,42.9492855209719,472.99392507381344,42.9492855209719,180.39654514580616,298.05190376771134,392.94947377359495,445.8264036765795,470.12843636424077,481.12933739583605,486.85403213795144,490.57282258621126,493.4571454667639,495.8755094479857,497.9149212076409,499.57467202517,500.83441364899045,501.67634287207693,502.0913746344777,502.0800409527001,501.65176074532064,500.82360023613364,499.61881143948995,498.0652094167526,496.1934207878039,494.03505850516376,491.6209012916697,488.9791670435625,486.13396739654127,483.1040188443767,479.90166806309935,476.53226859093047,472.99392507381344
CAN,Male,IHD,diet,553.627794531254,0.0,33.152191273882636,0.0,0.2714231002537417,0.6881688922039757,1.3141137144120876,2.212010509967513,3.420995407635928,4.935918123577721,6.704261480863352,8.643821014105924,10.667751124274218,12.702434420381906,14.694008119528007,16.60711026507488,18.420574287345516,20.122979547402792,21.70917076889964,23.177882306645188,24.530243182398408,25.768880980060203,26.897392911370844,27.920023038448562,28.841445057936653,29.666593660953367,30.40051610118826,31.048233002449706,31.614607129842625,32.10422354050752,32.521286134688125,32.86953543495474,33.152191273882636
CAN,Male,IHD,combo,14194.301892577518,42.9492855209719,505.523425368523,42.9492855209719,180.6657046020373,298.73070280475076,394.2396416250085,447.9917304097107,473.4722624380156,485.9509092949411,493.4018685306255,499.0154703123553,503.87845333402583,508.28739891570876,512.2765819184206,515.8105799182631,518.8481787165474,521.3602321436665,523.3324460594995,524.7639606432822,525.6651603973223,526.0555582408997,525.9618159811253,525.415805030385,524.4526416967674,523.1086963317139,521.4196269186796,519.4185155926534,517.1341939793492,514.5898360573337,511.80188111176903,508.77932868316566,505.523425368523
CAN,Female,IHD,glp1,8800.847478339765,30.80718579585664,321.50462862425775,30.80718579585664,124.27486139242683,198.21944939095556,254.52456943362267,282.96141870515567,294.03249563363715,298.0618335738145,300.0555256241132,301.82343099913123,303.8539055213878,306.1752855022205,308.6840155628379,311.2574450445936,313.78782553610654,316.18943346578453,318.39748820150635,320.3652028543256,322.0608826108146,323.4654749586989,324.57051749940365,325.3763370083834,325.8903774579958,326.12558499316947,326.098824023411,325.8293323259859,325.3372438975457,324.6422183545146,323.762217605763,322.712466742345,321.50462862425775
CAN,Female,IHD,diet,387.6287449807023,0.0,23.811525853809144,0.0,0.19991598323758808,0.4890582539519528,0.9134955802874174,1.5173960707979859,2.328950651201012,3.346921606316755,4.538527222648554,5.851009209211043,7.228113351578941,8.621852940275858,9.996799976521288,11.32927590619147,12.604567716385645,13.814074776310008,14.953104228308803,16.019393969188968,17.012210802175105,17.931836268624465,18.779286438420968,19.556158171275456,20.264533809036948,20.906905027102766,21.486095893502352,22.005177399223612,22.467372968989366,22.87595837137269,23.234161185515404,23.545065349240758,23.811525853809144
CAN,Female,IHD,combo,9180.385959818326,30.80718579585664,344.8496391630797,30.80718579585664,124.47311009451369,198.70186604242917,255.42147704418312,284.44690671040007,296.3090849979235,301.33142968688117,304.48836199060315,307.5384037025833,310.9150395430188,314.599715905606,318.454191022538,322.3325711198013,326.1126114571198,329.7000658590114,333.0254581628178,336.0396926010835,338.7102712030937,341.01834082787536,342.956366123326,344.5261774112405,345.73720484091973,346.6047884098152,347.1485184494595,347.3906068332544,347.35431709805925,347.0624955762578,346.5362492784334,345.79381286714124,344.8496391630797
TUR,Male,IHD,glp1,41701.149867192275,101.67022063066543,1679.6798793199705,101.67022063066543,444.31681201384345,750.3602169009828,1009.7652361596847,1165.8950032392313,1248.6261673572153,1296.3391671266581,1329.8950090998696,1357.9465484237153,1383.6465980000503,1408.0433540700906,1431.4640805280505,1454.0224882267794,1475.7840836356045,1496.806587079016,1517.1389028223784,1536.8095766144397,1555.8155518673884,1574.1144623618457,1591.6209324348165,1608.2064208538213,1623.7019022254972,1637.9026908275264,1650.5748052589624,1661.4623808357283,1670.2957337957632,1676.7997579315997,1680.7023890429846,1681.7429085080948,1679.6798793199705
TUR,Male,IHD,diet,1270.0242717781002,0.0,76.72575052989123,0.0,0.7956667797625414,1.9167565458046738,3.511132092346088,5.716838702181121,8.606484084724798,12.145444532841793,16.194861341122305,20.56008610522258,25.04933877385338,29.51054555371229,33.840954807936214,37.98038585316681,41.89934037865896,45.587973813177086,49.04779500995937,52.286035754936165,55.31206483049027,58.135216318041785,60.76355089322897,63.20321990734374,65.458216196188,67.5303729067382,69.41952152409067,71.12375172937755,72.639735306293,73.96308840325219,75.08875381120015,76.0113892925583,76.72575052989123
TUR,Male,IHD,combo,42949.78850582527,101.67022063066543,1755.3265065536834,101.67022063066543,445.10584300487244,752.2513291352952,1013.2143800429913,1171.4965106995805,1257.0494188915472,1308.2221803165885,1345.7413297995372,1378.0699354376993,1408.1732590888569,1436.9503751424345,1464.6274366364087,1491.2585994378023,1516.879841097878,1541.5386452467792,1565.2848748554825,1588.153725188895,1610.1509647603962,1631.2430911307165,1651.3524050687702,1670.3562181798625,1688.0892775447282,1704.3485770896805,1718.8998673983879,1731.4853147824033,1741.831876623066,1749.6600483248767,1754.6926991698274,1756.6637545455596,1755.3265065536834
TUR,Female,IHD,glp1,31605.16949659415,77.69762076895859,1395.976937553627,77.69762076895859,334.1736494280267,555.163593854486,737.7202344650432,842.9239506801605,895.5056906279497,924.9050483101091,946.6525033560902,966.8745280411968,987.5171807355509,1008.9624506614709,1031.0938406615605,1053.6883399355283,1076.5441346557345,1099.5102003974607,1122.4818950755725,1145.3866411462077,1168.1684848683362,1190.7745508059452,1213.1442579795112,1235.2013734140346,1256.8486978445726,1277.9650886189047,1298.4045077376504,1317.996793625658,1336.5498756628658,1353.8531726564252,1369.6819363295654,1383.8023166959465,1395.976937553627
TUR,Female,IHD,diet,1077.4233097904726,0.0,68.32928597647697,0.0,0.6511648795276415,1.5698165834037354,2.881348652554152,4.700528515568294,7.088031787709042,10.014994388315245,13.364954342971032,16.97477501805406,20.684785461824504,24.37037178454193,27.949950308859115,31.378619725743192,34.63739926171547,37.723418673689594,40.64270765398396,43.4054603564,46.02313412465446,48.50675852781569,50.865994463471,53.10864332845085,55.24042409652611,57.264912680897396,59.18358418735443,60.99592515117547,62.69959731615381,64.29064197150001,65.76371737988666,67.11236319124873,68.32928597647697
TUR,Female,IHD,combo,32664.215800563397,77.69762076895859,1463.2893533945025,77.69762076895859,334.8193836515711,556.7123692762543,740.5505715323743,847.5293277456221,902.4422703183882,934.7029188346496,959.7290671012743,983.4881936763777,1007.7702108095909,1032.8348459479603,1058.4851977575454,1084.45365556686,1110.5191878091719,1136.5273926377704,1162.3790560990892,1188.0112004654657,1213.3787944185315,1238.439539223371,1263.142150192376,1287.417917021361,1311.1751599655108,1334.2961835848837,1356.6363577744487,1378.024992333274,1398.2677059248963,1417.150019754903,1434.4419296458364,1449.9032273305784,1463.2893533945025
ZAF,Male,IHD,glp1,7746.651272337538,26.19715094201092,298.3148020894587,26.19715094201092,109.14602713112254,178.56425708600545,232.7845788695795,260.69087880878214,270.9915234199325,273.2864968285903,272.6570150271291,271.23663443842815,269.83897752460325,268.7517441508462,268.06112490536907,267.7775804229095,267.8841629319977,268.3551280878746,269.16295374370384,270.2806319129231,271.6819141780288,273.3406341395312,275.22963882586555,277.31962129752355,279.5780358447264,281.96821485262626,284.44876395623214,286.97327935946305,289.4904044551149,291.94422070821383,294.27494949716856,296.4199269017772,298.3148020894587
ZAF,Male,IHD,diet,9.624099959242812,0.0,0.6282614324627502,0.0,0.004403086000820622,0.011025759427866433,0.020925771741531207,0.035155206016497687,0.05440994560558465,0.07869200603454374,0.10723886967025464,0.13878619098613854,0.1719639740913408,0.20559353022326832,0.23880859768905793,0.27104859135943116,0.3019960605124652,0.3315054091362981,0.35954280099394964,0.3861415768878942,0.4113712305552326,0.4353164933854714,0.45806342725700233,0.479690237189061,0.5002612723474158,0.5198232493567048,0.5384031094399688,0.5560071541985963,0.572621237643034,0.5882118602203263,0.6027280395719572,0.6161038392383489,0.6282614324627502
ZAF,Male,IHD,combo,7756.078637393744,26.19715094201092,298.93117981413525,26.19715094201092,109.15039349578728,178.57513278318766,232.80512340474525,260.72529172426766,271.0447044065386,273.36336219607074,272.7617458504956,271.3721829934948,270.006961099145,268.9526292104656,268.2945301833133,268.04257418779525,268.17949986337044,268.6794170435969,269.51476715654644,270.65857181878164,272.0846480154869,273.7669101281499,275.6782877284859,277.7895491542513,280.06821078149005,282.4776501304186,284.9764988571842,287.5183591617133,290.05186053360376,292.5210516494881,294.8661039949184,297.0242890848058,298.93117981413525
ZAF,Female,IHD,glp1,6971.390641319218,21.31647022965626,278.8308706797943,21.31647022965626,88.57200575748902,145.37978715129793,190.5307444551563,215.06893703685273,225.7942850918189,230.23089365718806,232.3426878466944,233.7770855606086,235.14875844044036,236.66358672242131,238.37239478012452,240.2687667373848,242.32650653231758,244.5142550351884,246.80137396829923,249.16033128411982,251.56753763445886,254.0033850154632,256.4518077382163,258.8995335721538,261.33513937228963,263.74800512900583,266.1272496306774,268.46072167746934,270.7341105182404,272.93022742012727,275.0284972715199,277.00468537274355,278.8308706797943
ZAF,Female,IHD,diet,6.737698902496049,0.0,0.4561879391367256,0.0,0.0030642394067399437,0.007538468498751172,0.014128641360002803,0.023532287148555042,0.03622222942613007,0.052236827616070514,0.0711350567817135,0.0921567615459935,0.11446461391278717,0.1373256766655686,0.16018656707274204,0.18267169539467432,0.2045481345448934,0.22568530188436853,0.2460212578662322,0.26553808911739907,0.2842451052802062,0.3021676990774722,0.3193399442516238,0.33579951505998906,0.35158399430292775,0.3667280092195142,0.3812608937769255,0.3952047430211678,0.4085728253739944,0.4213683707166638,0.4335837726248428,0.44520024241137435,0.4561879391367256
ZAF,Female,IHD,combo,6977.978605341465,21.31647022965626,279.27735411697904,21.31647022965626,88.57504444141887,145.38722265322758,190.54461384631395,215.09196685590177,225.8296763091348,230.28189311428468,232.4121168217098,233.86702631398657,235.26047749134705,236.7976356004001,238.52878441819303,240.44714044583634,242.52627894700163,244.7347119091628,247.0417391977171,249.41980998214967,251.84534284319489,254.2987535603861,256.7640088598473,259.2278725930755,261.6789577502004,264.1066777010983,266.5001795610988,268.8473334891478,271.13384155720814,273.34251811845024,275.45278061267345,277.4403760006626,279.27735411697904
MEX,Male,IHD,glp1,43598.15844035825,121.17420902273443,1785.7139918026514,121.17420902273443,503.0335298728023,821.3523457685224,1077.6941032508475,1221.5194613291387,1290.9574449358624,1328.1274520638544,1354.7759216778213,1379.4303562562854,1404.8123175330547,1431.445447158083,1459.1100683511468,1487.385029929821,1515.8361694685736,1544.0734786165121,1571.761386793034,1598.6136034582305,1624.383991408322,1648.8574881006207,1671.8423342065216,1693.1638685811195,1712.659805847492,1730.1768148677656,1745.5682084715809,1758.6925774954725,1769.4132317362964,1777.5983368517045,1783.1216553391569,1785.8638101632241,1785.7139918026514
MEX,Male,IHD,diet,2528.6791022060206,0.0,157.64644336803758,0.0,1.173773642964079,2.9809929221810307,5.702632788219489,9.615119438254624,14.893278107847436,21.52023906352406,29.273245349904755,37.80001786889625,46.72790470441396,55.74226354165876,64.61536725798214,73.20097460970283,81.41511051153066,89.21586856106296,96.5872884970886,103.52808471499884,110.04438383397064,116.14532338549907,121.84053461351141,127.13880235182296,132.04743115699966,136.5720202489756,140.71646685239102,144.48309276407235,147.87283567304257,150.88547481039132,153.5198766415997,155.77425492547627,157.64644336803758
MEX,Male,IHD,combo,46080.92376946907,121.17420902273443,1940.9253673334315,121.17420902273443,504.19751435013313,824.292911260156,1083.2936508390703,1230.934124991647,1305.5202990425896,1349.1596195482125,1383.3838737576007,1416.3782337404118,1450.5010167572473,1485.96843436778,1522.3376822955324,1559.0437459639506,1595.5692989618692,1631.482273932561,1666.4304690783902,1700.125408948661,1732.3261275082623,1762.8257817211852,1791.4414080253046,1818.0063942376146,1842.3651249959803,1864.3693290713563,1883.875762721349,1900.7449591920013,1914.840849590677,1926.031114218713,1934.188158381381,1939.1906256132643,1940.9253673334315
MEX,Female,IHD,glp1,35128.1789554468,100.7402886500713,1622.6840713411657,100.7402886500713,403.90559907705756,639.4327003468279,821.262866175377,916.2659924226464,957.9906615485015,979.725294329306,997.6153373121342,1017.3879571641082,1040.4261970620137,1066.5935985137621,1095.3229957423318,1125.995563695018,1158.0559541553812,1191.0351632154925,1224.5439513893216,1258.2588829572487,1291.9082232433284,1325.2596971826715,1358.1103640607034,1390.2783553068439,1421.5961387079878,1451.9050219010242,1481.0506887509982,1508.8796396613034,1535.236469560361,1559.9619617277785,1582.8920011845476,1603.8573190614843,1622.6840713411657
MEX,Female,IHD,diet,2162.210674263326,0.0,143.39982166838308,0.0,0.9862707829743158,2.484614704444539,4.731425854639383,7.9588475159034715,12.310550782211067,17.765274772020348,24.128385167939996,31.102575465214613,38.38424151940853,45.72887928922137,52.97099863830954,60.01441532984609,66.81232429989905,73.34844881322351,79.62311434288858,85.644276574385,91.42228599311784,96.96710416293354,102.286987434607,107.38798234637943,112.27383160011959,116.94606164861761,121.40413093200186,125.6455822482967,129.6661795743712,133.46002961190243,137.01969814818585,140.33633504188037,143.39982166838308
MEX,Female,IHD,combo,37252.41195872899,100.7402886500713,1763.8670690655272,100.7402886500713,404.883644451249,641.8838218236269,825.9096837660327,924.0615426138029,970.0338778622609,997.0983011735007,1021.2124712363075,1047.8142237284846,1077.9901004170097,1111.364137751254,1147.206446103679,1184.8030576315214,1223.5517785795673,1262.9667281739967,1302.6581760062982,1342.3098038298194,1381.6594622677221,1420.484182335873,1458.5887403256347,1495.7968837845401,1531.9444897748035,1566.8741436045093,1600.4308123985393,1632.458428425598,1662.7972960050975,1691.2822999550554,1717.7419288837846,1741.9981381038233,1763.8670690655272
AUS,Male,IHD,glp1,9167.403561972618,21.47497987326824,365.37645883309233,21.47497987326824,93.59867101360032,158.3725635513929,214.129540924685,249.06979940537713,269.0817666285511,281.842654691387,291.5051949843328,299.76596494545447,307.2228615890963,314.061831446812,320.3353424867346,326.06308964107666,331.2638204071627,335.9625336024328,340.1898709197085,343.9796998335987,347.3667917776147,350.3850309111658,353.06611895863534,355.43863573159615,357.5273292082129,359.35255266202876,360.92980795947005,362.2693849946336,363.37610660314385,364.2491979918814,364.882301996804,365.2636583996682,365.37645883309233
AUS,Male,IHD,diet,146.0791689429334,0.0,8.674276832924079,0.0,0.08841698774631368,0.21569175266813545,0.4019600943538535,0.6652961938852968,1.015276996877219,1.447225235053338,1.9422067221421457,2.4734641184877546,3.014650222219643,3.5451940797356656,4.051754870648438,4.52720723488892,4.9688213693953,5.37658108145115,5.751948548771907,6.097066320235172,6.4142867142181785,6.7059162724726775,6.9740899859207275,7.220718545049749,7.447473750067729,7.655791959423368,7.846884708244033,8.021751162203145,8.181190246548795,8.32581201803987,8.45604870815805,8.57216621110274,8.674276832924079
AUS,Male,IHD,combo,9310.721669386625,21.47497987326824,373.9030265057045,21.47497987326824,93.68635061169698,158.5853452880292,214.52429028900224,249.7213610700055,270.0747858638679,283.25750508211604,293.403916325904,302.1845227569538,310.1714709197986,317.5305468506158,324.3010951250508,330.4957551658081,336.1305224062635,341.23030965813814,345.8271326431386,349.9569115015438,353.6566865570312,356.96257479476844,359.908349588266,362.52444793276663,364.83724495318165,366.868493431939,368.63487676578734,370.1476600308015,371.4124463273365,372.4290569780678,373.19155728348414,373.688446806289,373.9030265057045
AUS,Female,IHD,glp1,5388.410327711079,15.179421484135673,229.79828849039404,15.179421484135673,61.58725257660262,97.97574193631044,127.02809290000187,143.27698363234776,151.52069788860717,156.62590632894535,160.90965818275617,165.15293272965027,169.51798328358564,173.96778108923354,178.4216886826507,182.80528985947603,187.0623024970664,191.15426698687588,195.0571049859809,198.75751573656635,202.2500048181846,205.5346168898359,208.61523879144806,211.49831134629858,214.19181429968376,216.70442603557785,219.04479410341082,221.22088050841012,223.2393669056055,225.10511996282366,226.82072704037455,228.38611773823868,229.79828849039404
AUS,Female,IHD,diet,99.86503409274337,0.0,5.985378792618576,0.0,0.07341066864319146,0.1680355916978442,0.30023693979637756,0.4831501349417522,0.7232194732387143,1.016828510164487,1.3507872566715378,1.7070622596056637,2.0684193349516136,2.4218375356340403,2.7591934778538416,3.07636688065395,3.3719370404342044,3.6460698881528515,3.8997506373852957,4.134317987081886,4.351207544919816,4.551823488340233,4.737482126251052,4.909392439891235,5.068653533691759,5.216258197368006,5.353097222028737,5.479962178333153,5.597546033646722,5.7064418602840306,5.8071403148751415,5.900026743587659,5.985378792618576
AUS,Female,IHD,combo,5486.405507544401,15.179421484135673,235.67989531197054,15.179421484135673,61.66005100693292,98.14153109981817,127.32301773592553,143.7503294579401,152.2283745469922,157.62048329796016,162.23090805871288,166.82302995878854,171.54223468888085,176.3387113064382,181.12381376975463,185.81903137281915,190.36663543722716,194.72828246661265,198.88082230564396,202.81223734352716,206.5184184265454,210.00077034479182,213.2644583309957,216.3170997631605,219.16774582225844,221.82604411721877,224.30151300928264,226.6028892995946,228.73753377526555,230.71089510057027,232.526042849433,234.183286055204,235.67989531197054
NZL,Male,IHD,glp1,2601.4101750431983,5.72741477565296,101.26430230014739,5.72741477565296,25.812332347768915,44.65785277125724,61.222380259788224,71.827245497072,77.95777422529864,81.79116980131039,84.56693795427782,86.82790975543594,88.79072272404574,90.5408072315413,92.11440533739278,93.530111291102,94.80032407505405,95.93516862204979,96.94374087614688,97.83446565807026,98.61518559866545,99.29317098957472,99.87509486109411,100.36697633274707,100.77409007905771,101.10084512294907,101.35064293635605,101.52572993963622,101.62706215478465,101.6542000099771,101.60524945223642,101.47686206270737,101.26430230014739
NZL,Male,IHD,diet,46.57668797254746,0.0,2.633763237598032,0.0,0.03420829622245947,0.08177046985520064,0.1491155732965126,0.24188701056573336,0.362606348629015,0.5089073124145216,0.6738384720665636,0.8482162403888651,1.0233658637725966,1.1927693936768264,1.352398119015561,1.5002744297189565,1.6358199331116339,1.7592846382167409,1.8713421715419827,1.972837024572982,2.064641857281458,2.1475850915603587,2.222419505535072,2.289812716083361,2.3503480464833046,2.4045293560684513,2.452786584930436,2.4954806549403656,2.5329074307437622,2.5653009906855004,2.5928366873713458,2.6156345161998615,2.633763237598032
NZL,Male,IHD,combo,2647.17830306136,5.72741477565296,103.85894612560696,5.72741477565296,25.84625534990755,44.73852426048143,61.368842214163124,72.06420174997493,78.31257051704324,82.2889503328779,85.22610798357982,87.65791464128324,89.79251662451134,91.70894333581509,93.43946147885708,95.00069505569718,96.40444503314939,97.6610541755199,98.78025635435642,99.77128650667782,100.64282903088679,101.4029558791226,102.05907013262276,102.61783943739283,103.08510587161982,103.46576913937679,103.76364985788678,103.98134667037903,104.12010462647686,104.17971305661013,104.15844955748798,104.05308328634237,103.85894612560696
NZL,Female,IHD,glp1,1678.559929287369,4.011762895715492,70.15911412598143,4.011762895715492,17.497325824615018,29.18221106491046,38.87729595716655,44.60537170501402,47.661272380799346,49.54042945602805,51.0132915621989,52.37550173682666,53.717381738528275,55.05450834760677,56.379070953463724,57.67805124523875,58.93898342476223,60.151408238849854,61.30698503427948,62.399275366268284,63.423504524301734,64.37636532299939,65.25585540393467,66.0611248249661,66.79231470156628,67.45037598642875,68.03686549676468,68.5537227210043,69.00303554351922,69.3868059141846,69.70672782835027,69.96398996109565,70.15911412598143
NZL,Female,IHD,diet,34.411458157014295,0.0,2.009748679115546,0.0,0.026027630403859803,0.06033924226176168,0.10800197808111989,0.17337509828030306,0.2585690361293018,0.36218954069090614,0.47951836762285893,0.6041791361903961,0.730107561404111,0.8527423470745816,0.9692648159966666,1.0782821464040353,1.1793601441645478,1.2726190493949616,1.3584520131958016,1.4373541399772876,1.509830425612563,1.576353185599146,1.6373475567079367,1.6931912075983746,1.7442199633169366,1.790734735926435,1.833007452487891,1.8712850469873956,1.9057913740916774,1.936727333340059,1.9642697018744002,1.9885692470834329,2.009748679115546
NZL,Female,IHD,combo,1712.3539632197326,4.011762895715492,72.13645606519094,4.011762895715492,17.52313638694477,29.24174251309114,38.98338624249163,44.77523299311224,47.91430266382713,49.89473704260263,51.482408047234,52.96673545846443,54.432103846767404,55.88961000848985,57.328661949250545,58.734854314172935,60.095274814003005,61.399564117446516,62.639752512958694,63.80987569661147,64.90564549301507,65.9242113066407,66.86398268173298,67.72447619672448,68.5061593235805,69.21027580124519,69.83864734456165,70.39345428219258,70.87700310366608,71.29149221071339,71.63878871656016,71.92022919072497,72.13645606519094
ROU,Male,IHD,glp1,11288.358863475249,45.33007638890922,329.8439451795457,45.33007638890922,194.0468078507729,315.40337195410757,410.2515936595446,456.59914093486077,470.6136405927391,469.92543547531386,463.5118954422942,454.980781152688,445.72162633756307,436.342088947662,427.18680751237844,418.4945263712507,410.43376844555314,403.1064101268821,396.5485406888838,390.7359650178623,385.5943130011037,381.0117562955202,376.85228393241414,372.9680166303515,369.2096471781588,365.4346071929176,361.51293362825163,357.33104684232967,352.7937795279977,347.8250405955805,342.367486787949,336.3815297838628,329.8439451795457
ROU,Male,IHD,diet,3171.669559773778,0.0,154.02803470732033,0.0,3.451343013857695,7.9308613796347345,14.079049617383134,22.298720342736488,32.64975042954757,44.73911308335664,57.81211045175223,71.00866689783288,83.609499316859,95.1510953251709,105.41758685559762,114.37465556929237,122.09687761567329,128.71069354886276,134.3567003312055,139.16778912424343,143.25834817579016,146.72050630202284,149.62452056735492,152.0213695516286,153.94631030679375,155.42263530077253,156.46518673724495,157.08339882397195,157.28377777120113,157.07181706333358,156.45339710239568,155.43574446094135,154.02803470732033
ROU,Male,IHD,combo,14415.740408706224,45.33007638890922,482.296227897059,45.33007638890922,197.46936697723868,323.23088638823174,424.0923657600797,478.4731998613024,502.61681289949775,513.7780113708395,520.198640270155,524.6436536751789,527.794797380775,529.8009712170569,530.7904129429771,530.9639356984189,530.5598205890892,529.8015772330473,528.8617225823291,527.8456445556367,526.7909024009641,525.6760605344898,524.4341859124324,522.9675921093003,521.161696000614,518.896831104732,516.0575484637739,512.5393838110685,508.2533349273872,503.12842539899793,497.1127717205163,490.1735526341254,482.296227897059
ROU,Female,IHD,glp1,9403.275331434947,46.62220121611608,297.55166081674906,46.62220121611608,187.670279598271,285.8138894818985,353.50717461970635,377.17504606297007,377.1036256163934,369.895062490712,362.14565928316733,355.4647342519056,349.83862959354883,344.92950617618044,340.4579672437758,336.27002834963787,332.3132167140211,328.59620043995164,325.1539600393771,322.02326452590205,319.2278313361312,316.77110981498845,314.6344931994936,312.7790480913318,311.1492456304768,309.6775718209756,308.2892420335156,306.9065308220779,305.4524501357264,303.8536709833206,302.0426934887546,299.95933755786973,297.55166081674906
ROU,Female,IHD,diet,3199.873496511056,0.0,155.22754015035025,0.0,4.055531560188683,8.99699712967049,15.734586672442674,24.655748728557228,35.75024176135412,48.50553199039132,62.05411120057397,75.47912942295807,88.06702719080931,99.39485849147604,109.29243629480698,117.76174220462053,124.90344198248931,130.8650026764226,135.8083772179707,139.89136389937266,143.25758778896488,146.0317153548931,148.3178267131807,150.19970047943207,151.74224677029633,152.993595589498,153.98750657252094,154.74586687643023,155.28111513158,155.59848388613318,155.69799625342057,155.5761865202512,155.22754015035025
ROU,Female,IHD,combo,12561.455946423106,46.62220121611608,451.15314672771274,46.62220121611608,191.69198839344608,294.6965169585128,368.9850534379402,401.3838349929392,412.1875267470168,417.5045199578126,423.0823940981245,429.62894297155435,436.4258124691187,442.7146798058784,448.0439312594681,452.25713943427763,455.3972360051048,457.6152049834818,459.10342669941747,460.05270856440256,460.62745222336525,460.95358763329205,461.11505158450746,461.15568279189756,461.08426924459854,460.88114102415057,460.50520359697475,459.9006907341827,459.00320758843736,457.7448499536695,456.058338377803,453.8802069479025,451.15314672771274
BGR,Male,IHD,glp1,4781.207179337218,19.95863418153931,129.22627289225966,19.95863418153931,84.69952304825529,139.3149274374373,182.2876417972584,203.71363769560594,210.26910645359203,209.74267614696691,206.30844569475084,201.74091187619888,196.7566101372704,191.6661761918731,186.62996245349677,181.74796204030645,177.08863853554976,172.69743583687705,168.5996275173802,164.80229186350698,161.29666569619985,158.06096352366694,155.06343286337687,152.26538947838344,149.62403440899106,147.0949270010533,144.63405153725398,142.19946355288266,139.75253544641782,137.2588416081071,134.68873362037266,132.01765880038693,129.22627289225966
BGR,Male,IHD,diet,916.87496550982,0.0,44.37616734570656,0.0,0.8659535153838078,2.0760640931021044,3.781737773279019,6.095275294796011,9.043452444147988,12.52527900874884,16.328959590739032,20.20273422014543,23.92915844237541,27.363230933071463,30.432960411531894,33.120912909733306,35.44288487664198,37.431059779104544,39.12297464477888,40.55520316212096,41.76023284719122,42.765292399095415,43.592278255577185,44.258246963137935,44.77615617023366,45.155673202747494,45.403952715478226,45.526334018213674,45.52693755047949,45.40915667322406,45.176050229900284,44.83064603913408,44.37616734570656
BGR,Male,IHD,combo,5683.778563727856,19.95863418153931,173.07096022811675,19.95863418153931,85.5582545899415,141.36332686286005,186.00313245791585,209.6875686210824,219.12377976628886,222.0044143710984,222.297632039159,221.53178616523473,220.2100141287101,218.49994585727472,216.49022937519476,214.26265154071552,211.90022039655196,209.47921609742298,207.0612129958372,204.688822636439,202.38493986664616,200.15436995575146,197.9867774561917,195.86017836455358,193.74446566579718,191.60466358399026,189.40375010603566,187.1049840956639,184.67373536403102,182.07885326755422,179.2936290474263,176.29641464283122,173.07096022811675
BGR,Female,IHD,glp1,3873.938864512387,18.289236798013008,110.47012577954592,18.289236798013008,75.04315976301223,118.59420134693573,150.60969640932854,164.26617887449174,166.56990419835893,164.32931807891873,160.7737537854482,157.04138947501633,153.44585623699822,150.03667732970462,146.79943209952762,143.71626393450606,140.77871357107324,137.9864348317442,135.34304361613795,132.85244057345335,130.5163160723605,128.33275782585406,126.29570230349418,124.39497458999904,122.61670849042093,120.94398832088882,119.35759619736928,117.83678285885435,116.36000714806687,114.90561029909259,113.45240701415241,111.98018668961959,110.47012577954592
BGR,Female,IHD,diet,849.7718160357927,0.0,40.86600109584106,0.0,0.840244910259571,1.963690842525466,3.5387830355775804,5.693713169797775,8.475048976735707,11.79990827633992,15.464646761871336,19.212860587924297,22.814060165221235,26.10876359230133,29.014064937846342,31.507090191087627,33.60347231090418,35.339426938930046,36.75949373320691,37.9091411277077,38.830768449406605,39.561836167124056,40.13423703429362,40.57434899140753,40.90343794486216,41.1382207236893,41.29148254315078,41.37269137398289,41.38857871611617,41.34367156649023,41.2407691117005,41.08136275949073,40.86600109584106
BGR,Female,IHD,combo,4710.678841415429,18.289236798013008,150.80850896316952,18.289236798013008,75.87639710700932,120.53205824580436,154.08768370839243,169.84929559155353,174.87306237347184,175.88887138100108,175.92792756697963,175.87757253512245,175.8250753429711,175.66253958421294,175.29291114315674,174.67459074271756,173.81334885553224,172.7435306177158,171.51187405784003,170.16653673974542,168.75062733988125,167.29893050283863,165.83670078677278,164.3797227779978,162.93510275540393,161.50244584791653,160.07519741568467,158.64200894910755,157.1880426779644,155.69616531928114,154.1480059767182,152.524869711453,150.80850896316952
ISR,Male,IHD,glp1,2062.8256428049426,4.603555701897676,89.88377405118354,4.603555701897676,20.02567990630405,34.05165404655736,46.152950098853125,53.75949960631624,58.11544359406207,60.88138829259742,62.97405259509878,64.77961559165078,66.44052183956182,68.00406362539479,69.48483442601173,70.88872810542716,72.22133027516793,73.49020722618843,74.70489727554923,75.87612200907006,77.01482703104011,78.13129572642629,79.23442643264025,80.33119617697866,81.42630346495207,82.52196892907796,83.61786771036714,84.71116733965209,85.79664745018363,86.86688150584087,87.91246492252321,88.92227784836814,89.88377405118354
ISR,Male,IHD,diet,80.71671203440246,0.0,5.315555741337448,0.0,0.0401059709670335,0.09943031966349736,0.1868401519263898,0.3109460726477664,0.47712484718203996,0.6847795259172926,0.9269305670659378,1.1925719068308354,1.4700385442392871,1.7494615649261505,2.023729927382192,2.2883933029315813,2.5411116353370744,2.7810377633431926,3.008294658738123,3.223582560380237,3.427901105782439,3.6223594829007197,3.808049926476997,3.9859657266706563,4.156950383371623,4.321668665660582,4.480593197499729,4.6340021156311195,4.781984642970201,4.924452315261078,5.061154233815614,5.1916951775456255,5.315555741337448
ISR,Male,IHD,combo,2141.903074667978,4.603555701897676,95.09880053566849,4.603555701897676,20.06545139711443,34.14973441022539,46.336402370254746,54.063925026327524,58.581884071766126,61.550430289321866,63.87954240038698,65.9446936047243,67.87695182672724,69.71396435827546,71.46335736167975,73.1266474179788,74.70710132869772,76.21142623127162,77.64925277375642,79.0319637148059,80.37146345545807,81.67910601659423,82.96484801044517,84.23663153387588,85.49997651591184,86.75775236405934,88.01009658395014,89.25444980402244,90.48568045728462,91.6962770918135,92.87659109124706,94.01511692243548,95.09880053566849
ISR,Female,IHD,glp1,1208.3765717514445,3.4759384820163177,53.254589322094034,3.4759384820163177,14.078749107332442,22.512520545972166,29.084042627954204,32.629371702471644,34.30058714865777,35.24246386200343,36.00839054935477,36.7915899618456,37.634722806132686,38.52833134647699,39.44962233178285,40.37645936161016,41.291764557789975,42.184283847881034,43.048003242278355,43.88111194272187,44.684878070168,45.462593025848946,46.218651010611666,46.95778783358037,47.68448090737775,48.40250004450945,49.11459214466231,49.82228006976902,50.5257557253567,51.22384872648763,51.9140543386834,52.592607108013,53.254589322094034
ISR,Female,IHD,diet,53.938571173841865,0.0,3.41596058135201,0.0,0.030778667574395513,0.07392148988265035,0.13603529372949197,0.22333537478107246,0.33967966876480205,0.48467360762924727,0.6533706665568388,0.8379218224367833,1.0299568786449527,1.2223342063480231,1.4098401624969483,1.5891414028315012,1.7584164263448656,1.9169374616235473,2.0647150709432935,2.202229427993643,2.330237684489475,2.4496389580367577,2.5613804328722836,2.666392286889277,2.7655429658866524,2.8596091071453884,2.949256266429529,3.0350277847228426,3.117339880972395,3.196481545728602,3.2726181467423885,3.3457979039922066,3.41596058135201
ISR,Female,IHD,combo,1261.1953052273848,3.4759384820163177,56.60328517567996,3.4759384820163177,14.109271083614203,22.58543910871572,29.21761193252678,32.84802105080553,34.6326488983359,35.71597116438784,36.64659545377663,37.61010673398687,38.64100121106367,39.72284155150555,40.82772702428201,41.930243971597065,43.011511658564814,44.05954207288778,45.06831083734687,46.03645872203515,46.965979485376465,47.861032249066284,48.72692897250636,49.56930926719497,50.39349623666703,51.204017434176876,52.00427029634102,52.79630976112185,53.58073622507436,54.35666382700947,55.12175168259455,55.8722836571269,56.60328517567996
NGA,Male,IHD,glp1,17690.74804051098,72.489940769854,826.2871625021435,72.489940769854,288.8424548939947,443.8780424493889,547.8050154706652,582.2689992292435,577.4429082291244,560.1238299409888,542.7626911665575,529.5979097294112,521.5539249714202,518.4246809623583,519.6880469629687,524.7803546457726,533.1769094387564,544.4072046979782,558.0503578426651,573.7261290248498,591.0862788826635,609.8074261370566,629.5854370420275,650.1310968150865,671.1668057203133,692.4241095104517,713.6419470045948,734.5655544941619,754.946001760909,774.5403483760456,793.1124049619248,810.4340668776058,826.2871625021435
NGA,Male,IHD,combo,17690.74804051098,72.489940769854,826.2871625021435,72.489940769854,288.8424548939947,443.8780424493889,547.8050154706652,582.2689992292435,577.4429082291244,560.1238299409888,542.7626911665575,529.5979097294112,521.5539249714202,518.4246809623583,519.6880469629687,524.7803546457726,533.1769094387564,544.4072046979782,558.0503578426651,573.7261290248498,591.0862788826635,609.8074261370566,629.5854370420275,650.1310968150865,671.1668057203133,692.4241095104517,713.6419470045948,734.5655544941619,754.946001760909,774.5403483760456,793.1124049619248,810.4340668776058,826.2871625021435
NGA,Female,IHD,glp1,22459.377135751223,72.5750642731291,1090.141850815955,72.5750642731291,292.2677869801191,459.73954560857237,582.9464234307015,638.1726780234894,652.2733354597585,651.4206729057987,648.4247021287883,647.9887306220044,651.396550088677,658.6913546522628,669.5221452267724,683.4467899439114,700.0326919791623,718.8855077297994,739.6533673719678,762.0232455641817,785.715063034404,810.475269675575,836.0704270370261,862.2809774914494,888.8953465019513,915.7045558014142,942.4975546191563,969.0574808824167,995.1590411336947,1020.567150512783,1045.0369092134642,1068.314917042837,1090.141850815955
NGA,Female,IHD,combo,22459.377135751223,72.5750642731291,1090.141850815955,72.5750642731291,292.2677869801191,459.73954560857237,582.9464234307015,638.1726780234894,652.2733354597585,651.4206729057987,648.4247021287883,647.9887306220044,651.396550088677,658.6913546522628,669.5221452267724,683.4467899439114,700.0326919791623,718.8855077297994,739.6533673719678,762.0232455641817,785.715063034404,810.475269675575,836.0704270370261,862.2809774914494,888.8953465019513,915.7045558014142,942.4975546191563,969.0574808824167,995.1590411336947,1020.567150512783,1045.0369092134642,1068.314917042837,1090.141850815955
EGY,Male,IHD,glp1,58182.65106639045,198.03218064758403,2129.6016802357044,198.03218064758403,832.3806623134733,1353.847717667435,1763.0883040331391,1969.0268743708293,2039.4136832353252,2049.978577249858,2040.3609486712376,2026.725442988798,2014.949662144907,2006.9834050757054,2003.359016795439,2004.093987928587,2008.9891090978053,2017.7143460944935,2029.8273710244102,2044.7761291983188,2061.9024916237977,2080.451715212286,2099.58811589345,2118.4159193861997,2136.003837623226,2151.411865814065,2163.718872985017,2172.049686347018,2175.600519851927,2173.661761887226,2165.637314546795,2151.0598664463905,2129.6016802357044
EGY,Male,IHD,diet,3313.9977496765205,0.0,189.2639052432496,0.0,2.2803616937162587,5.395301804281189,9.862740048469277,16.092399298300734,24.27966984489467,34.28637500171317,45.65365630632732,57.7592426117626,70.0074634460907,81.94685613102047,93.29682991441223,103.91958367780899,113.77548233536072,122.88258729715017,131.286798263347,139.04225007304922,146.19955299361027,152.79944532044465,158.86999112556805,164.42603530341876,169.47006772077293,173.99394429769018,177.98110078487662,181.40901119163027,184.25171460595448,186.4822797770612,188.0751077448367,189.00799581970205,189.2639052432496
EGY,Male,IHD,combo,61450.47603873983,198.03218064758403,2316.999109737051,198.03218064758403,834.642005997739,1359.1718552057428,1772.78057151768,1984.803768497295,2063.19514554154,2083.5574943256797,2085.085814958322,2083.3375883253757,2083.606828879536,2087.399152451573,2094.9691220787645,2106.196106481657,2120.839214143518,2138.583757186483,2159.030586854875,2181.6794094287616,2205.9208246344933,2231.039459795895,2256.2267933959956,2280.6013797276246,2303.2341952716233,2323.177061794995,2339.49236178532,2351.282502481423,2357.717804726446,2358.061701956147,2351.6923422804393,2338.119898630248,2316.999109737051
EGY,Female,IHD,glp1,43279.07828502418,160.0298948923446,1815.9358997693344,160.0298948923446,628.9105183028878,970.5366700314044,1227.7781209494278,1343.1022942726122,1372.0346017817064,1369.2895352303603,1360.9420970935753,1356.0998974897811,1357.0627568568598,1363.8800419042382,1376.0113914540416,1392.8479400689976,1413.8335186806216,1438.459983231529,1466.232190991068,1496.6338091958023,1529.1027929617703,1563.0178945384687,1597.6952212442557,1632.3932268887875,1666.3244281261286,1698.6721936861577,1728.6110417502641,1755.3289718433225,1778.0504553438223,1796.0588232775917,1808.7169302273542,1815.4851429396658,1815.9358997693344
EGY,Female,IHD,diet,2823.9393111761165,0.0,169.6169312359998,0.0,2.3634046576480614,5.19778767869866,9.085072191781364,14.39968387024419,21.29088323742326,29.613064440884045,38.960158915273496,48.8134150467813,58.70223550296214,68.2926990450942,77.39734190808667,85.94297019629448,93.9297092873312,101.39701325098576,108.40010631943005,114.99528157673194,121.23144859349122,127.14574154900038,132.76168076430622,138.08893661617185,143.12411610793788,147.85221653731423,152.24851755981217,156.28075142984744,159.9114271614817,163.10020369992708,165.8062192220532,167.99029357312247,169.6169312359998
EGY,Female,IHD,combo,46065.50347030003,160.0298948923446,1983.8507808250724,160.0298948923446,631.2542123802705,975.6674599015241,1236.7114130811533,1357.2312828090653,1392.9093498421862,1398.323761736392,1399.1548152429314,1404.0025788439525,1414.7045358256146,1430.9803956780815,1452.1032181613555,1477.3896898898674,1506.2815012553183,1538.307456216673,1573.025332491845,1609.9732010501757,1648.6365230593074,1688.4302592672611,1728.6935395083856,1768.6943477229797,1807.6419464802311,1844.7050404576003,1879.0338896815956,1909.7847413868585,1936.1450821745675,1957.3583454957989,1972.7468612665834,1981.732013675035,1983.8507808250724
BGD,Male,IHD,glp1,54443.240778884065,198.9584507256659,1997.970547545934,198.9584507256659,818.5005050023174,1295.7966393264214,1656.8862383064989,1827.1490550603485,1877.403479961853,1879.9821313341963,1870.594693934443,1862.345113489544,1858.8672373310546,1860.4588310678373,1866.4270187772636,1875.8900894135877,1888.0151954506582,1902.0657934960327,1917.3925874288834,1933.4129721098288,1949.5925460494473,1965.4316970868385,1980.457050713012,1994.2168255496072,2006.2791482649336,2016.2325620727497,2023.6881400956772,2028.2827444614377,2029.6830546765414,2027.5900370991149,2021.7435550428054,2011.926838009531,1997.970547545934
BGD,Male,IHD,diet,2733.4462567951414,0.0,144.93309961870546,0.0,2.163258692366071,5.179728457194869,9.464926405184087,15.37487547119963,23.058441515939194,32.33982360914524,42.73834149102913,53.62760143738706,64.42185912726563,74.68805650775903,84.16787165155984,92.74690849712351,100.40903976082336,107.19603861111682,113.17839390272275,118.43652505255886,123.04971109502367,127.09015264283516,130.62023560507805,133.69170170646976,136.34590763883898,138.61467462888686,140.52143271407112,142.0824876111874,143.3083114902838,144.20480153846438,144.77447420201497,145.01757611290668,144.93309961870546
BGD,Male,IHD,combo,57137.52965027078,198.9584507256659,2141.334244180587,198.9584507256659,820.6457223136094,1300.9074767673592,1666.1859710068093,1842.2191376287228,1899.982759895298,1911.6452690584556,1912.4506401549297,1914.8919033545826,1922.0293219312152,1933.7345806374506,1949.058640818519,1967.0041851624264,1986.719178698695,2007.505086385092,2028.7793454345083,2050.0364007220196,2070.8183019755234,2090.695377413358,2109.254903986992,2126.095561398397,2140.825925340876,2153.0657471117447,2162.4491404504515,2168.629046319722,2171.282500715344,2170.1163205954363,2164.8728744053515,2155.3356356816366,2141.334244180587
BGD,Female,IHD,glp1,31766.174241180728,93.74394525288517,1292.201458979238,93.74394525288517,387.92336636106484,617.3021390705471,802.013027002431,900.7238171649806,943.6380505780689,964.1064687353937,978.794615716848,993.7463958825974,1010.5484255946649,1029.2466114964336,1049.456007974135,1070.7303275541635,1092.6626452463825,1114.8975844031957,1137.1190727330686,1159.0348916010844,1180.3642123562167,1200.8293427186727,1220.1514138276543,1238.049375763323,1254.2416339625634,1268.449697088392,1280.403251031894,1289.8461144047324,1296.542573158251,1300.2836415129714,1300.8928559310298,1298.2312780778448,1292.201458979238
BGD,Female,IHD,diet,1754.8496033215197,0.0,100.44478265923681,0.0,1.4222725537765655,3.2831727770608268,5.876627128331165,9.43577622086741,14.056199485850811,19.630998841661494,25.868888239667285,32.39668750093551,38.87511759871268,45.064864914806094,50.8351848761813,56.14033211393689,60.988553123228485,65.41616636043182,69.46986932361324,73.19619094290829,76.63596647174563,79.82195622213476,82.77827801923559,85.52081251260825,88.05808792402968,90.39237135638541,92.52082363436057,94.43664618453477,96.13018502255727,97.58997375024774,98.80370399913227,99.75911356334109,100.44478265923681
BGD,Female,IHD,combo,33495.53977665122,93.74394525288517,1391.4594364322547,93.74394525288517,389.33377729088534,620.5421753254486,807.7889704805639,909.9767454377943,957.409565298185,983.3379613996221,1004.1448398729262,1025.5096511641605,1048.686196671304,1073.4843087207992,1099.3887621729955,1125.9062540953455,1152.6360708926368,1179.257009335226,1205.4977893737669,1231.1111934979417,1255.8560940639727,1279.4867760171328,1301.7479925816297,1322.374300034964,1341.0925190933485,1357.6264234568953,1371.7029273318913,1383.0591548718076,1391.4498530251585,1396.6546757116885,1398.484933509637,1396.7894742383505,1391.4594364322547
USA,Male,IHD,glp1,171727.17378267902,446.1331035529729,6055.719989008561,446.1331035529729,1956.0507805892848,3333.1918997858884,4510.836807206215,5229.791678096168,5614.0121986834565,5830.604465919838,5972.548032914288,6079.686774624861,6167.343734336435,6241.094905756414,6302.938466662192,6353.671101582702,6393.761045762454,6423.65138280543,6443.852415880945,6454.956754325889,6457.625893080432,6452.566072193964,6440.500281333458,6422.139566552185,6398.155544030422,6369.1555325530935,6335.661418932839,6298.093104374013,6256.7571114630555,6211.840663602925,6163.41128997202,6111.421767096617,6055.719989008561
USA,Male,IHD,diet,5671.951250565413,0.0,314.88224167213775,0.0,3.61654246825492,8.844454758800566,16.4143297446426,26.98984899604693,40.92551011091564,58.05855627293931,77.70664668822428,98.88858474016888,120.60816999879899,142.04479452595115,162.61534987791674,181.95296873146435,199.85553424828686,216.23457400256302,231.07542433706112,244.40947562886868,256.29589273483725,266.80983847606694,276.0348519347608,284.05778138851747,290.9652717077988,296.8412201947067,301.76487739465665,305.8094252956216,309.040951674222,311.5177826171275,313.29015293199336,314.40019741206197,314.88224167213775
USA,Male,IHD,combo,177297.71493336448,446.1331035529729,6365.851247951796,446.1331035529729,1959.6371614216478,3341.9169426247827,4526.9566199026885,5256.224501806952,5654.041039403703,5887.365509661147,6048.517809749581,6176.386596862285,6285.322190073435,6380.0972747743945,6462.137436165824,6531.877434706199,6589.584450671158,6635.611747202638,6670.452265926055,6694.726649117132,6709.151963257638,6714.506033106358,6711.591970283189,6701.204496277089,6684.0989897463005,6660.964098095254,6632.398711786955,6598.893985936942,6560.82090996136,6518.423700608022,6471.819052354898,6421.0010403760825,6365.851247951796
USA,Female,IHD,glp1,122124.2012645058,323.68165566396783,4555.879793406755,323.68165566396783,1389.4418179086642,2315.4478640719317,3092.572056823992,3553.2265712539665,3794.5031784781895,3934.5587158604467,4035.485125166859,4121.695915386663,4201.0730000853655,4275.3733147309395,4344.383158408629,4407.429474587378,4463.887685701775,4513.328738246753,4555.542053669458,4590.517951717135,4618.417774786183,4639.540794440894,4654.290779759758,4663.143324557284,4666.614629742573,4665.232387959608,4659.509403957811,4649.9205306847,4636.883405377099,4620.74334542721,4601.76262337435,4580.114193269459,4555.879793406755
USA,Female,IHD,diet,4966.699583072797,0.0,280.6155139040784,0.0,3.4345958044286817,8.079888610169291,14.664857533411123,23.80271570640616,35.816156866407255,50.57076590677025,67.48115458554821,85.70833046291955,104.40724128481816,122.88843095937045,140.6663516909466,157.4371170931263,173.03262959310086,187.37699841090944,200.45366920769447,212.28321979974862,222.9091761764721,232.38913204311393,240.78912019048585,248.1798803397105,254.63419970689574,260.22485968720866,265.0229449381004,269.0964024262503,272.50881062063854,275.3183555463911,277.5770254537929,279.33003852388356,280.6155139040784
USA,Female,IHD,combo,127001.5252342133,323.68165566396783,4832.0572894332,323.68165566396783,1392.847769495973,2323.4195820969762,3106.9770844489976,3576.545452630351,3829.5475799305714,3984.018685861578,4101.483991977817,4205.539542477491,4303.241515868489,4395.671413645061,4482.138336246891,4561.669152152375,4633.471924238605,4697.040591419267,4752.145893165434,4798.796116873971,4837.193349205016,4867.691678537754,4890.758233123401,4906.9368314085295,4916.814136862464,4920.988508417329,4920.041941457952,4914.515569210867,4904.889169835311,4891.565035911626,4874.856437452545,4854.980765163491,4832.0572894332
JPN,Male,IHD,glp1,33233.13822271131,123.22163178828487,1035.4185446150877,123.22163178828487,507.3505743638525,828.5678208676109,1082.123759787035,1218.1958660559612,1274.8400687760295,1293.6305680263904,1296.2974991171213,1291.8904909866105,1283.9306946367287,1273.8318325437867,1262.2581111378095,1249.6207670794101,1236.2455125370761,1222.419788412517,1208.3988253992138,1194.3999746857226,1180.5960459086564,1167.1112321097244,1154.020411498299,1141.35152350719,1129.0903199566965,1117.1867009076232,1105.5618953283774,1094.115862278144,1082.7344283430139,1071.295818247061,1059.6763643198792,1047.7552894904002,1035.4185446150877
JPN,Male,IHD,diet,1765.3962431429245,0.0,98.3396822127761,0.0,1.2158388252137229,3.071676242267131,5.781229253334459,9.525475978240138,14.361708006748813,20.1602572054544,26.623813356243772,33.3820557417057,40.09559536479355,46.515545419752016,52.49342421996698,57.96296006342163,62.91436471686757,67.37163601629436,71.37591071148927,74.97445078234887,78.21388912731345,81.13641435122554,83.77789291073714,86.16723366163205,88.32652807502018,90.27165399318619,92.01313256043795,93.55709551736072,94.90626628331665,96.06089111558686,97.0195807301352,97.78004070005409,98.3396822127761
JPN,Male,IHD,combo,34959.0392162998,123.22163178828487,1131.6633785225204,123.22163178828487,508.55627320364874,831.5974755072821,1087.798746168788,1227.517832351834,1288.8725147501245,1313.31415671586,1322.2844923108205,1324.4723746259406,1323.0677035860717,1319.2408850649372,1313.51060708538,1306.2227717790374,1297.6929233996634,1288.2313974022836,1278.1331517540966,1267.6613470404045,1257.0340804392254,1246.4165704814368,1235.9186082936867,1225.596296658172,1215.4569233295551,1205.4658740830637,1195.5546404282504,1185.6291581766418,1175.577898056552,1165.279302746516,1154.6083169465055,1143.44188360322,1131.6633785225204
JPN,Female,IHD,glp1,23173.71429095034,101.90069898882939,722.6800925490606,101.90069898882939,405.4945118614123,639.1919055541657,811.2821690344645,891.4064412336083,914.4938736218901,913.7697185685902,905.2932566906165,895.0083137921683,884.7037578308154,874.7193703195153,864.9753682506125,855.3295429191858,845.6858056343553,836.014426002992,826.3425980643879,816.7366958992934,807.2840687793796,798.0772542961349,789.2015667256856,780.7262050877252,772.6986418880115,765.1418614317954,758.0539283470353,751.4093449556749,745.1616791592751,739.2469972748731,733.5877065131863,728.0964896755977,722.6800925490606
JPN,Female,IHD,diet,1567.2621645680847,0.0,83.01553046044137,0.0,1.3605279334296938,3.2672809779905947,5.938775969247217,9.551140540985216,14.15608921572857,19.624534402231802,25.668168196345505,31.93120435700257,38.08918848452595,43.90469036724244,49.235978436998266,54.01969898522657,58.246990657775314,61.94270358760696,65.15026621739526,67.92161379937897,70.3108128617896,72.37015596726269,74.1478518529475,75.6867448939447,77.02371189501719,78.18951681520412,79.20898122317158,80.10137207728985,80.8809337607745,81.55750719681964,82.13719027277693,82.62300316153414,83.01553046044137
JPN,Female,IHD,combo,24706.704592398622,101.90069898882939,803.9603719231236,101.90069898882939,406.84369311538467,642.4146716780597,817.1125264304865,900.7552386330062,928.328588373799,932.9353501134683,930.3549907357883,926.1846080676405,921.8962680876139,917.5974705829867,913.0693373002359,908.1070048783513,902.6049643021979,896.5570742210548,890.0323789256436,883.1475342697449,876.042368762246,868.8602684113503,861.7334923564849,854.7730132704673,848.0623010013369,841.6544047033531,835.5716755034082,829.8074923199965,824.3294010992904,819.0831459419351,813.9971519321698,808.9871064691688,803.9603719231236
GBR,Male,IHD,glp1,29465.2332891317,89.19432069199684,1022.0476548109727,89.19432069199684,384.28347377981845,643.3690104450798,855.6344684158103,975.4568098412128,1030.4838142799126,1054.2231421565157,1064.83000342577,1070.0234580163815,1072.8228816857154,1074.4035567010578,1075.2544935101105,1075.608489388651,1075.5927052910338,1075.2791426930853,1074.7022762521883,1073.8674854603014,1072.7576355049823,1071.339410780507,1069.5692392063575,1067.3983213165193,1064.776418521309,1061.6542924299356,1057.9848925994374,1053.7235279350134,1048.8273272837832,1043.2543099432078,1036.9623620778002,1029.9083646872314,1022.0476548109727
GBR,Male,IHD,diet,391.0672262186272,0.0,22.09315024211537,0.0,0.2733862107270397,0.6696791439171648,1.237043660657946,2.0176697183778742,3.028998222958762,4.249601587267534,5.6219070520673995,7.07121827328956,8.527553784915654,9.938614440972742,11.272253936091147,12.512825465688366,13.655829381423246,14.703219112780062,15.660066305506916,16.532491927209776,17.326532112019777,18.047612331261917,18.70038051546726,19.2887299987633,19.815906324147363,20.284636330092326,20.697247202486324,21.05576156020834,21.361965592222987,21.617453279199253,21.82365254386241,21.98183996292937,22.09315024211537
GBR,Male,IHD,combo,29848.736116237662,89.19432069199684,1043.7606095922383,89.19432069199684,384.5545799743486,644.0296182495949,856.8491903499598,977.4325027022423,1033.4457416554724,1058.3764889961603,1070.3241487963605,1076.9349799962147,1081.1599709536385,1084.1231618586025,1086.2819447157817,1087.8536055446675,1088.9607049243568,1089.6769832512073,1090.0417372344818,1090.066225588991,1089.7391347598968,1089.0323916884954,1087.9069192961178,1086.3176837506544,1084.217584292921,1081.5600170533944,1078.300178311736,1074.3953284986637,1069.8043193181365,1064.4867074942958,1058.4017567330302,1051.5075799640035,1043.7606095922383
GBR,Female,IHD,glp1,15609.851512563637,56.12812930966902,562.4161004092784,56.12812930966902,230.9998077227574,372.2179971169462,479.9293916352981,533.6017617178586,552.76355884449,557.2131444787665,556.8176016758116,555.3511544190733,554.0222100313622,553.1183460411157,552.6408847713792,552.5252504469281,552.7072372653347,553.136033423667,553.7712727716498,554.5772446882402,555.5183795392659,556.5568298480066,557.6518404444942,558.7603044398893,559.8379192152788,560.8404820878895,561.7250143134515,562.4505393728141,562.9784533315105,563.2725077020987,563.2984798124344,563.0236356868772,562.4161004092784
GBR,Female,IHD,diet,207.0268970881407,0.0,12.104507338703115,0.0,0.14703957063466078,0.3552061496884562,0.6501448219860322,1.0543125037002028,1.577478050639911,2.2093544416711666,2.9207754979652236,3.6733586654736428,4.430815895371779,5.165829564681189,5.861536763452023,6.509794175934076,7.108478281050338,7.659047196313622,8.164752635573677,8.629482578722673,9.057086779339443,9.451031578435504,9.81426255140832,10.149188954008423,10.457732568687788,10.741404296386463,11.00138618431447,11.238606290189637,11.453800260173011,11.647557728654647,11.820354305822548,11.972571459158644,12.104507338703115
GBR,Female,IHD,combo,15812.568485123076,56.12812930966902,574.283960394594,56.12812930966902,231.14562099671457,372.5683810200135,480.5677460331135,534.6339576443424,554.3056935442073,559.3716792165615,559.670716286415,558.9396237608198,558.3513643610349,558.1667733446848,558.3706096851784,558.8902417205645,559.659294058918,560.628298364325,561.7600010544556,563.0224418125945,564.3837776264772,565.80952369632,567.2617864918684,568.6998020822648,570.0811379591578,571.3630621873745,572.5037466658468,573.4631180344404,574.2032879293329,574.6885810769563,574.8852369031083,574.7608918617225,574.283960394594
DEU,Male,IHD,glp1,50021.83399715228,154.0680506654462,1659.696892625303,154.0680506654462,672.5288142338832,1133.3583908323053,1506.6898609387426,1707.7313424276945,1788.2846792991622,1812.553630234048,1816.2313909645163,1814.757056653456,1813.8872017629183,1815.2295302747516,1818.6852095580834,1823.504417845019,1828.7564460983558,1833.5456097068818,1837.1087480697752,1838.8529983363987,1838.3615863383748,1835.3821015538997,1829.8054434298538,1821.6403485685296,1810.9865630268469,1798.0086300820403,1782.91158558194,1765.9194075515406,1747.2567506534251,1727.1342523868952,1705.7374977124418,1683.2195597397513,1659.696892625303
DEU,Male,IHD,diet,1714.9200574467832,0.0,89.28011824692658,0.0,1.385539618000621,3.388912148453528,6.226524752491969,10.061506123951403,14.927619285648689,20.681610310581164,27.033501932950458,33.64056787395384,40.19987585830677,46.493862222341704,52.39088339713635,57.82435313377937,62.76938968716422,67.22498580087267,71.20273855002597,74.72058067853504,77.79964349529473,80.46282466581033,82.73415532530635,84.63845853001112,86.20104922905739,87.44737861375324,88.40260894174571,89.0911454041634,89.5361667672405,89.75919727224391,89.7797553470009,89.61510423403524,89.28011824692658
DEU,Male,IHD,combo,51706.45863693231,154.0680506654462,1747.647567619526,154.0680506654462,673.9027985772409,1136.7015659687313,1512.8049592254974,1717.5865040560748,1802.8887375676277,1832.7799679621821,1842.6718606306094,1847.6687684994686,1853.2304574562004,1860.7508202403114,1870.0011077033705,1880.1652747537737,1890.2873189633247,1899.469757327126,1906.960077930882,1912.1823543146602,1914.7399472654797,1914.4023674477503,1911.0835986252205,1904.816291234165,1895.7246435354755,1883.9978436738602,1869.8653498748026,1853.574880780594,1835.3736871728906,1815.4934337080049,1794.1388125451485,1771.4798316068627,1747.647567619526
DEU,Female,IHD,glp1,33756.0002792313,119.34126401167305,1182.1464951264934,119.34126401167305,507.6326700236823,828.8025665145979,1074.769419885124,1191.7913700359059,1224.4982854339469,1221.4732611895306,1208.0715346476209,1194.534911640454,1184.3486696804466,1178.2994374257541,1176.1293159923225,1177.188055926832,1180.7005730513483,1185.8865769929107,1192.0193224047107,1198.4558125191543,1204.6513462824369,1210.1643034792214,1214.6543715766602,1217.876243720908,1219.6702207371272,1219.9508068791329,1218.6941734737047,1215.9252163605706,1211.7048180282727,1206.1178235589614,1199.2621404404927,1191.2392721913056,1182.1464951264934
DEU,Female,IHD,diet,1421.4684435106028,0.0,76.43605094826489,0.0,1.339591671639937,3.1594030386186205,5.690796384442365,9.078966858331114,13.321782512037316,18.24086771416478,23.532863688786165,28.876717407270917,34.02464782052266,38.834244366458734,43.25252732929948,47.282440249968204,50.95280972062028,54.29878275973897,57.35187458091241,60.13644663030573,62.66970613024023,64.96325292857364,67.02503527488443,68.86114366486436,70.4772081981937,71.87934611628589,73.0746950104949,74.07160478264268,74.87957208650187,75.50899812552962,75.97084149897273,76.2762260120362,76.43605094826489
DEU,Female,IHD,combo,35151.63681979677,119.34126401167305,1257.3386830191448,119.34126401167305,508.9610896224185,831.9195561486704,1080.359154169215,1200.6858505573764,1237.5343198178307,1239.3172153135092,1231.0946545570623,1222.794393252203,1217.6583247446542,1216.3323402377573,1218.5053191176848,1223.5287776115583,1230.6550577280577,1239.1377674980467,1248.2807070685085,1257.4645424281916,1266.1612896552397,1273.9405747940182,1280.469754940641,1285.5093654689263,1288.9050914002582,1290.577296423755,1290.5090156681254,1288.7332079057524,1285.3199590522709,1280.3642247768876,1273.9745923515293,1266.2634304558014,1257.3386830191448
GLB,Male,IHD,glp1,2665172.002156498,8059.264537151903,102860.56441054959,8059.264537151903,34048.870711683296,56202.51244541071,73966.34707692172,83641.2919064369,87822.76491401717,89487.92662456725,90222.61740548722,90686.08972294256,91120.8992665708,91605.45107867476,92157.62090513203,92774.40193260554,93446.40998910274,94162.85005106311,94912.96836737171,95686.28340317495,96472.45460307598,97261.09592740331,98041.62905522343,98803.19239567593,99534.59662252571,100224.31332376879,100860.48706195131,101430.96671717335,101923.35677962564,102325.09221909288,102623.5414747838,102806.1412273338,102860.56441054959
GLB,Male,IHD,diet,367935.01789758913,0.0,22257.136805139482,0.0,203.71961855422705,504.8119612643495,945.9474614877254,1567.2902214201167,2391.7175453482196,3411.9190929597244,4589.67772632651,5868.694238295779,7191.520496281795,8511.071359654889,9794.385387610644,11021.289772399701,12181.176519143395,13269.786384711042,14286.698696610518,15233.597784979269,16113.164093120024,16928.405357561074,17682.275447467342,18377.471751417965,19016.338674438186,19600.831599188037,20132.51391821727,20612.571666410193,21041.837786635384,21420.82255911082,21749.74920033943,22028.59477149602,22257.136805139482
GLB,Male,IHD,combo,3026217.4496072074,8059.264537151903,124753.70839563385,8059.264537151903,34250.891327113844,56700.487688669935,74895.2287894478,85175.98243221268,90161.54442385677,92822.62683295924,94708.14116057474,96422.55412565079,98152.36106400006,99929.91300544143,101740.75377258472,103562.00183729641,105373.73521453328,107160.83371074125,108911.98724853527,110618.2357534375,112271.75380093604,113865.00840667821,115390.2370169526,116839.15580117702,118202.81843789108,119471.56745860912,120635.04166093655,121682.22029035632,122601.49681127816,123380.78245296795,124007.64306766354,124469.47308191936,124753.70839563385
GLB,Female,IHD,glp1,2089630.0785054686,6392.212336781435,86151.89723736886,6392.212336781435,26710.278666207567,43489.740526967216,56627.1986026573,63451.80797622027,66156.26543883188,67107.6069755461,67523.21111931233,67881.20599215431,68336.33187050652,68921.26916272286,69627.45365504362,70435.02263538912,71323.14377035946,72273.09259396046,73268.7692590598,74296.39823298436,75344.04122410715,76401.13441422954,77458.1046938207,78506.0640951274,79536.56556857191,80541.40266201366,81512.4406754747,82441.4731444763,83320.10306423157,84139.65223106463,84891.1041776929,85565.08650258463,86151.89723736886
GLB,Female,IHD,diet,313512.40374961635,0.0,19588.40618870966,0.0,180.40385744255036,439.62965711019933,814.4043233566917,1338.3212805199437,2029.832427836489,2881.9407384730875,3862.2357030669227,4924.090573132969,6020.834845339879,7114.999449307099,8180.987359860912,9203.621820375323,10175.310825114138,11093.363619713113,11957.970834605396,12770.853689340875,13534.426170217805,14251.304636765271,14924.036080024205,15554.956671713851,16146.124006637372,16699.28854322899,17215.884279466234,17697.027967384085,18143.52193719335,18555.859070336446,18934.230405925773,19278.536787417717,19588.40618870966
GLB,Female,IHD,combo,2397319.535848861,6392.212336781435,105415.33972937707,6392.212336781435,26889.177971857134,43923.43921731925,57427.006233921275,64762.5359864817,68141.64631042909,69925.11396311596,71298.97488062875,72695.9576252983,74225.22926351242,75882.78915099427,77634.93222471699,79446.81159423105,81290.02141143288,83143.06612472981,84989.90947002545,86818.35532202106,88618.74052396324,90382.99048882257,92103.96724931616,93775.0232017599,95389.68853311334,96941.44120349549,98423.52750905324,99828.81656319089,101149.68322873954,102377.92139738984,103504.69352897257,104520.52360417042,105415.33972937707
CHN,Male,IschStroke,glp1,471420.3099149852,794.64777732722,19353.599238036433,794.64777732722,3708.974830529187,6584.624923868338,9250.922516305116,11098.560119420406,12297.75336582819,13157.93428543699,13862.403100443655,14491.740310485358,15076.67207522539,15627.544331575627,16147.090168739669,16635.37904905458,17091.577500515035,17514.527237891336,17902.940732532297,18255.504766772967,18570.977115740767,18848.284991167486,19086.611316508148,19285.454002545914,19444.649939956842,19564.36311110691,19645.04240108258,19687.35849910043,19692.130754409824,19660.25442590844,19592.637027346063,19490.150000124006,19353.599238036433
CHN,Male,IschStroke,diet,366416.86825230333,0.0,20852.764687791932,0.0,211.90786187164485,525.556204869994,985.2444130368531,1632.949737184681,2492.662111563608,3556.66131741507,4784.514529085369,6116.337094424292,7490.554825231782,8856.163728967775,10176.911559298867,11430.069061777322,12603.122129686293,13690.403981851065,14690.445312211988,15604.14960077987,16433.647409787867,17181.63369655446,17851.017739101313,18444.758707822068,18965.8003567541,19417.050203224877,19801.37179679377,20121.574656066252,20380.396775023546,20580.48068630928,20724.347091342555,20814.370976474835,20852.764687791932
CHN,Male,IschStroke,combo,831201.9583263685,794.64777732722,39879.916175171966,794.64777732722,3919.1154000714887,7103.091368484427,10218.520405163756,12697.87961505435,14735.895447315765,16635.1785102454,18539.963837382267,20472.566897214507,22403.626728296396,24293.58537377848,26109.58658840973,27829.273629463278,29439.356788128964,30932.92518900393,32307.0649889746,33561.18328569201,34695.98382866266,35712.91442198586,36613.90725423605,37401.27410666924,38077.663902556524,38646.02859274228,39109.572099914076,39471.67642614874,39735.810610783985,39905.43380040745,39983.904969844734,39974.410307238344,39879.916175171966
CHN,Female,IschStroke,glp1,352344.87163247954,596.2502340449719,15616.72040952649,596.2502340449719,2722.7858196732122,4745.992064934631,6580.089539260778,7818.188002787065,8609.905351500318,9186.903047153377,9680.455164863728,10145.05934355664,10598.956140355673,11046.027499757125,11485.148306373972,11913.762139932951,12329.10193891183,12728.52599479619,13109.564454823965,13469.90355809324,13807.382720493828,14120.018137776875,14406.044021711918,14663.957089943346,14892.551768205129,15090.938091935008,15258.539194297977,15395.06940761907,15500.49692127062,15574.996558436891,15618.898705240339,15632.640005202382,15616.72040952649
CHN,Female,IschStroke,diet,282540.50720996934,0.0,17093.13704394875,0.0,151.7374580859323,373.90082986163907,698.6737532691914,1156.8025103295222,1766.9027505640406,2525.8103585169883,3407.5847333729034,4372.409351967392,5378.724468523753,6391.671841196134,7386.043588835397,8345.54535099375,9260.636815965525,10126.312957999413,10940.348786994,11702.08297590958,12411.649458205327,13069.533401893685,13676.34306931158,14232.714970123721,14739.2937561929,15196.747500311816,15605.793477883562,15967.22016669251,16281.89870766399,16550.782182240393,16774.894278293126,16955.310664822813,17093.13704394875
CHN,Female,IschStroke,combo,629667.5487634963,596.2502340449719,32429.551611604635,596.2502340449719,2873.2578011347796,5114.856283956149,7266.275732123177,8951.221902815101,10338.245639013301,11656.406046114978,13011.925320983282,14420.563467007712,15860.009482590714,17300.047862047213,18714.820149110747,20085.7119927468,21400.488827132038,22651.479902591207,23833.91777896427,24944.73654395342,25981.817340586917,26943.575834046933,27828.777848125435,28636.488724919036,29366.08694160136,30017.295574404183,30590.204115349567,31085.267580139218,31503.280103604775,31845.326849695994,32112.72170722217,32306.939565866254,32429.551611604635
IND,Male,IschStroke,glp1,182080.73675244494,337.8709060914116,8574.509028503788,337.8709060914116,1519.3196129191783,2613.354219604691,3581.7850821801985,4205.316641561425,4574.141965775227,4820.519517281617,5019.375026106776,5202.848180783505,5383.059803513868,5564.123361103993,5747.1795826561865,5932.312012083072,6119.224019962479,6307.452343348239,6496.416461693589,6685.415285325726,6873.611453269259,7060.017318905215,7243.487299288681,7422.717976401327,7596.256191201101,7762.514921710012,7919.796479015145,8066.322326394671,8200.268587899744,8319.806070154358,8423.143397366046,8508.571680344408,8574.509028503788
IND,Male,IschStroke,diet,32397.120868888946,0.0,2076.983738243929,0.0,17.786771910759853,43.820811113138916,82.05157599711674,136.03780937049305,207.60462256136816,295.7235605507158,396.60196849447675,505.0419829309685,616.0803267110023,725.9868136227014,832.4674355562311,934.401119229442,1031.450594114489,1123.725315081363,1211.544966818008,1295.2927538268268,1375.332379006024,1451.9652321981266,1525.411226615135,1595.8029119971325,1663.1868436503573,1727.5289110990125,1788.7219148462755,1846.594544499705,1900.9213479702012,1951.433473965386,1997.8300296114176,2039.7898872971418,2076.983738243929
IND,Male,IschStroke,combo,213879.53553536156,337.8709060914116,10616.748160761606,337.8709060914116,1536.9580447670014,2656.5870656056504,3662.3796512015106,4338.585265591129,4777.271689309622,5109.75232551893,5407.279106981587,5696.92433667084,5985.954369450104,6274.822334449913,6562.407476291584,6847.678359208803,7129.992284383159,7408.980275690323,7684.365134724474,7955.814112920198,8222.841353121214,8484.75139234215,8740.612260660797,8989.249423162313,9229.254899657622,9459.00810934807,9676.706283844775,9880.40291407844,10068.052889072627,10237.562933547422,10386.84578796284,10513.876388945442,10616.748160761606
IND,Female,IschStroke,glp1,164308.8752958403,372.38543148955796,7498.741033039638,372.38543148955796,1670.5843762575532,2752.43664535039,3659.592242167273,4170.521168457577,4421.628000573663,4568.330471598252,4687.298351797857,4805.932286644005,4931.5165939437575,5064.631046905066,5204.074852350983,5348.435281055281,5496.482343680633,5647.192987471062,5799.67831731739,5953.099928384821,6106.599015713553,6259.242758299515,6409.987437079602,6557.656892484461,6700.935034814174,6838.3712462642,6968.397454748454,7089.355439137202,7199.532622004859,7297.204300677287,7380.680026370101,7448.3517097621225,7498.741033039638
IND,Female,IschStroke,diet,38172.98415256021,0.0,2317.6893398670945,0.0,33.356546728377,74.29228926938958,131.66357000364223,210.07548586220946,310.7217256592121,430.17488063004566,561.3840690653888,696.3362522186362,828.5235503122094,953.9571038362337,1070.9220750012319,1179.2360266207252,1279.5430524181575,1372.8241122423788,1460.1131390444934,1542.3546403516666,1620.3439850074938,1694.7107892396161,1765.922427667596,1834.2956541380845,1900.0106817233027,1963.1254622570123,2023.5895639670198,2081.257755631814,2135.9036223578732,2187.233513996238,2234.90099910344,2278.5218383396277,2317.6893398670945
IND,Female,IschStroke,combo,201904.17095209923,372.38543148955796,9785.33973453485,372.38543148955796,1703.6627324146684,2825.778854152508,3789.0761328527005,4376.691986605292,4726.347390824289,4990.183789466799,5237.992986360972,5489.3163085586275,5745.026995707187,6001.751505093649,6256.566628487082,6507.847939692379,6754.973928359454,6997.868848771905,7236.649511092284,7471.400030915975,7702.040845657,7928.257689280261,8149.467368934827,8364.80706925044,8573.14027776284,8773.075899760006,8962.998718516086,9141.109847311745,9305.475738547626,9454.083992451895,9584.903844524873,9695.948924721451,9785.33973453485
BRA,Male,IschStroke,glp1,31621.627229998972,58.758747103536734,1437.895646236735,58.758747103536734,259.67745135285077,446.34283749520546,612.2852964903432,722.2271075458339,790.8690342010304,839.4022655554945,879.7751233120143,917.0806555426898,953.182436105024,988.6370378938882,1023.5168503309615,1057.7353180267019,1091.1686687607144,1123.6973994802029,1155.2167973540418,1185.635931743207,1214.8727905050328,1242.848620784498,1269.4827160452987,1294.688161673228,1318.3687459110515,1340.4171021427028,1360.7140721022151,1379.1292289631965,1395.5224603378592,1409.7464793383115,1421.650105993307,1431.0821416717954,1437.895646236735
BRA,Male,IschStroke,diet,5173.14331931316,0.0,326.7669257130183,0.0,2.4108449539053254,6.085763107381354,11.575897561713646,19.422824268629483,29.974261082345038,43.21350513964717,58.73063591972459,75.86202394795691,93.89206946655759,112.20109416033665,130.32441495583043,147.94854112753092,164.88058027788793,181.01375361144164,196.2984929337108,210.7210867954709,224.28888922232727,237.02042339142645,248.9388869600807,260.0679473861819,270.4290685755259,280.03987516807683,288.91324114217423,297.05690492691065,304.4734836935677,311.16080047948344,317.11246031602786,322.31862302828813,326.7669257130183
BRA,Male,IschStroke,combo,36691.01496858367,58.758747103536734,1758.696504372987,58.758747103536734,262.068190078724,452.3458967544866,623.6510209835687,741.2418365098201,820.170032950431,881.6183141163638,937.1396735937014,991.1823387486584,1044.9128241677317,1098.2829420433845,1150.9105806443404,1202.4015968390304,1252.4420141978262,1300.80609854644,1347.3388297171768,1391.9341424186496,1434.515667417625,1475.02142300563,1513.3922536636092,1549.5634516817372,1583.4590333834494,1614.9882574542426,1644.0440712056152,1670.5032319570892,1694.227880115257,1715.0683483627072,1732.8669872923201,1747.4627792575338,1758.696504372987
BRA,Female,IschStroke,glp1,28590.307987205197,56.36313068655727,1360.241145844324,56.36313068655727,245.19383061886037,413.53763976253686,559.4865350993423,652.186344946902,707.07207104587,744.5562573938878,775.8713688485295,805.6915075812576,835.6506527282108,866.1645948117148,897.1993108280076,928.5725417392096,960.0680977044467,991.4775170870489,1022.6136977936112,1053.3135242027201,1083.4359824215499,1112.8583230504591,1141.4713885261735,1169.1746975723654,1195.8716791783809,1221.4653545808833,1245.8547012438066,1268.9318736031128,1290.5803959015466,1310.6743834530353,1329.078792385073,1345.650646565773,1360.241145844324
BRA,Female,IschStroke,diet,5051.126229987538,0.0,325.7580557093461,0.0,2.6715918068075553,6.53872697224142,12.176682349861949,20.129046254616696,30.717603398072242,43.87318236623105,59.12410960714624,75.76273407738336,93.06678231013939,110.44925660269655,127.50574918982602,143.99474129051669,159.7938911590827,174.85756200482865,189.18457181916892,202.7966762658616,215.72538257954875,228.00438463770843,239.66547004217864,250.73642908185138,261.2400484634127,271.19366071866534,280.60897013497015,289.492026498614,297.84330197663803,305.6578683711414,312.92568834789563,319.63203595108644,325.7580557093461
BRA,Female,IschStroke,combo,33544.60077019552,56.36313068655727,1680.2755219565734,56.36313068655727,247.84314159252972,419.98806657085515,571.444535197159,671.8989439455763,737.1134837676655,787.4416190255943,833.6600928300832,879.7544481895602,926.6538479121809,974.199798953814,1021.9613006885411,1069.5177479967024,1116.5309703329913,1162.7456607723143,1207.9716199002069,1252.0653879783567,1294.9154548551523,1336.4309884114045,1376.5331153140723,1415.1479180564056,1452.2006473822985,1487.61093178812,1521.288944473883,1553.132575656462,1583.0256809832208,1610.8374590293824,1636.4229708489584,1659.6247650988953,1680.2755219565734
CAN,Male,IschStroke,glp1,3978.248912330504,7.818000497216417,167.55308747166418,7.818000497216417,34.377600070173685,59.02874346697081,80.84828460155313,95.27246355312855,104.30396182111781,110.72594315007518,116.07373008552895,120.98001999185726,125.66003800173803,130.16383579531703,134.48248857677027,138.5895192457201,142.45648976391476,146.05872352847746,149.37731529237135,152.399709858214,155.11966133888563,157.5368529645766,159.65628073090375,161.48745593985404,163.0434751513876,164.34000921599,165.39426513204126,166.22397278605422,166.84644338867838,167.2777386486614,167.53198053042797,167.62082173123417,167.55308747166418
CAN,Male,IschStroke,diet,357.70305152986475,0.0,21.788423883010182,0.0,0.17086484375067812,0.43259344546095235,0.8248308432584963,1.387164691619546,2.145166444622191,3.0974262265881407,4.213227679911142,5.4429581137119385,6.73325117598506,8.038021885294256,9.322743133368931,10.563994658030424,11.747079922567536,12.86346096615489,13.90870501714744,14.88105216995973,15.780490706296405,16.60818384673803,17.366115450864527,18.056860531589336,18.683420591964023,19.24908915362903,19.757329950525673,20.211660972288882,20.615543721483846,20.97228018839087,21.284921235470392,21.556190080182205,21.788423883010182
CAN,Male,IschStroke,combo,4328.08773320401,7.818000497216417,188.88354879025428,7.818000497216417,34.54703991664155,59.45544094230627,81.65804762259359,96.63020616548692,106.4003300264485,113.75071897235921,120.18700659419665,126.29362682319788,132.23378147361836,138.01253013417863,143.58718464315734,148.90831661488937,153.93304139902284,158.6282487688468,162.97061502032193,166.9457862156869,170.54743531388158,173.7763218453183,176.6393287893752,179.1484401551079,181.3196493464111,183.1718161890003,184.7255092193882,186.00187859548896,187.0216057842281,187.80397149061355,188.36607527216256,188.7222305826108,188.88354879025428
CAN,Female,IschStroke,glp1,5054.622037822978,11.357369363453472,218.5303133282905,11.357369363453472,47.69482715540289,78.47784901966043,104.77040563768878,121.1226932364043,130.76241033400038,137.53647740912675,143.41505250888076,149.1263427085596,154.86070573289362,160.61319362290305,166.31890963125625,171.90181538970137,177.29119557412196,182.42676722084434,187.2599915503779,191.75412940052047,195.883808922561,199.63429831667236,203.00052290420172,205.98584927041702,208.6006775339556,210.86090203707317,212.78631170484914,214.39900337634936,215.72187651156855,216.7772681560764,217.58577490435346,218.16529536081362,218.5303133282905
CAN,Female,IschStroke,diet,572.3245028361871,0.0,34.11148953346856,0.0,0.3791199447277904,0.8883670849681948,1.6078691933425944,2.606165085907378,3.920106511854101,5.5359832680533145,7.390319045585784,9.392368214173985,11.452053380526195,13.4977181588456,15.480730991059318,17.372119098597977,19.156789041466254,20.82833594883232,22.38534697085015,23.82910465884015,25.16230368995275,26.38840469405477,27.511345053033438,28.535423428975264,29.465248995828006,30.30569698898762,31.061844395098888,31.738878872041823,32.34198465383088,32.876214343092215,33.34635721859922,33.756814371592554,34.11148953346856
CAN,Female,IschStroke,combo,5615.791625573284,11.357369363453472,252.02075066862017,11.357369363453472,48.07078527420981,79.35429968453718,106.34968052097884,123.67557309463245,134.59734474746801,142.94950919425355,150.6407180288461,158.31072472142114,166.06184810257764,173.8189283479387,181.46926297550817,188.90819449324954,196.04997170449133,202.8278068513664,209.19157945043662,215.1056435778355,220.54713473782067,225.5046042717513,229.9767480785613,233.97107360598056,237.50243947322997,240.591470643114,243.26289447280942,245.54386390833497,247.4623396864481,249.0455989922957,250.31892763069663,251.30453927041708,252.02075066862017
TUR,Male,IschStroke,glp1,9938.559874856406,22.219546219730546,441.51761924462335,22.219546219730546,100.44339280839085,160.67918054015172,213.1724276177374,243.41858917753416,260.24494866904934,271.7502506806304,281.77784955115203,291.58895570892855,301.4714822408532,311.40790614689104,321.3154920511806,331.11632266736706,340.7516869615356,350.179471689964,359.36796162423707,368.29001238023557,376.91857891949985,385.2236259247911,393.17020898865667,400.7174917939046,407.81850004053194,414.4204555825454,420.4655698080678,425.89220057607963,430.6362926613074,434.6330295519547,437.8186269665821,440.13219806229245,441.51761924462335
TUR,Male,IschStroke,diet,1179.0590043117627,0.0,68.63525769390981,0.0,1.328125308660674,2.623222987749614,4.471869411463558,6.97228712159631,10.169281344333285,13.94548826870232,18.07565934430386,22.308994201353926,26.445294921395543,30.3624937898785,34.00679402685273,37.36955132737785,40.466398475928145,43.32315141192157,45.967750370586145,48.42621642333688,50.72091561743218,52.87002388991459,54.887564212785946,56.78368928670898,58.56505320818542,60.23520439411004,61.79497536893177,63.24286430910797,64.57541044573009,65.78756685207554,66.87307299479653,67.82482730263291,68.63525769390981
TUR,Male,IschStroke,combo,11099.80017533577,22.219546219730546,509.21832395458114,22.219546219730546,101.76044167255895,163.27031804465878,217.57279730436676,250.265946404259,270.22465966692835,285.43503090294325,299.52010273642736,313.49476257805145,327.4495488314169,341.2460123544952,354.7475700292125,367.86698941357827,380.56030586155975,392.810346190221,404.61257135930646,415.96523761116623,426.8631873460072,437.29420908499014,447.2371366906518,456.6611305936094,465.52578670638104,473.78184902430803,481.37238031179004,488.2342897065573,494.300138941715,499.50015828396135,503.7644047536087,507.02499275672744,509.21832395458114
TUR,Female,IschStroke,glp1,11014.024648049708,28.632504003384383,501.80118156104436,28.632504003384383,127.57737712187009,193.88499452879114,250.4906234067239,279.11823146475217,292.5748256995721,301.1976327163211,309.257652633245,317.9136971295229,327.271616337639,337.1691829951087,347.420273261665,357.8740554900505,368.41914850712055,378.9744088950756,389.4785871905624,399.8818522880174,410.13949882510497,420.2074989163302,430.0394927430898,439.5848861080085,448.7878094746484,457.5867620465797,465.91481315359124,473.70026483735273,480.86769793176063,487.3393325901052,493.0366362233399,497.8821099693305,501.80118156104436
TUR,Female,IschStroke,diet,1496.9993232787783,0.0,87.40138148140977,0.0,2.1057997045900265,3.961343261755246,6.561084671906428,10.038230153433688,14.392077786003938,19.405133904274408,24.7286477860398,30.02002860133507,35.04281912317674,39.68530838798688,43.927784386720305,47.80060337992836,51.353439650632936,54.63806704401577,57.70061764950515,60.579078972368734,63.30323056612542,65.89550432951364,68.37205402778636,70.74374648952653,73.01699102231214,75.19441058840312,77.27538859775086,79.25653017442528,81.13207171315298,82.89426445909339,84.5337496668435,86.03993569876184,87.40138148140977
TUR,Female,IschStroke,combo,12490.838336785488,28.632504003384383,588.1447623098647,28.632504003384383,129.6656146481073,197.79931501862666,256.95117197391664,288.9859738928062,306.71580587606877,320.2671756669479,333.568842741126,347.44171773364724,361.75716808848665,376.2411004207934,390.6864449726054,404.9712015646037,419.03225064643266,432.83906635121457,446.37564754691266,459.6295061872006,472.5852662031175,485.2210334227493,497.5064210470664,509.40161142028956,520.8571238709264,531.8141141493325,542.2051101875841,551.9551258339852,560.983107880129,569.2036725310027,576.5290815078479,582.8713990887118,588.1447623098647
ZAF,Male,IschStroke,glp1,6641.269126291424,10.72063321146561,319.99058240596787,10.72063321146561,49.21320311804084,86.25926931176127,120.18710420060415,143.4160232482136,158.3644650745755,169.10134769331853,178.01915117961653,186.18110827314922,194.00904447178982,201.6620114375237,209.20061581260234,216.65154272583823,224.03058138032247,231.34923116072605,238.61513600714716,245.8304816487962,252.9900272490504,260.07944707587376,267.0742443489453,273.9393180647003,280.62917679622115,287.0887472599097,293.254698546345,299.05718675956086,304.4219157819789,309.2724062957168,313.5323661120201,317.12805963964274,319.99058240596787
ZAF,Male,IschStroke,diet,27.429585026343375,0.0,1.7342628346996207,0.0,0.014354308763358858,0.03558132564739935,0.06693833430108498,0.11150960025042878,0.17111338011090993,0.24530503848836815,0.3312794801004202,0.42481973558824393,0.5215957010022976,0.6180714854199323,0.711818194235093,0.8014228555748559,0.886239495852351,0.9661326495897811,1.0412712445067882,1.1119810690870509,1.178645766862246,1.2416431762721913,1.3013059995555523,1.3578989077996084,1.4116068153125525,1.4625309117145662,1.5106902386360161,1.5560273289956967,1.5984168546128785,1.6376764705055393,1.6735791819301085,1.7058666409284342,1.7342628346996207
ZAF,Male,IschStroke,combo,6668.191556133714,10.72063321146561,321.6960111711742,10.72063321146561,49.22743771317346,86.2943702962666,120.25284141176053,143.52522992246486,158.5318232403606,169.34115570096765,178.3429989420365,186.59648410590125,194.51921181565012,202.26677381234003,209.89739074722638,217.43635048267424,224.8987935555051,232.29607071627106,239.63597701497565,246.9210053090992,254.1462811686688,261.2978420962045,268.35151256959216,275.2724480722645,282.0153370071894,288.5252049807459,294.73874020803487,300.5860433453854,305.99269644226297,310.8820423523284,315.17756699625534,318.8052817254684,321.6960111711742
ZAF,Female,IschStroke,glp1,9397.72025300185,16.374156870424486,443.25337645052423,16.374156870424486,80.47549094560782,139.54121221465357,191.03272500485582,222.90084065913834,240.82759180410903,252.55188732427814,262.2264075243984,271.45045878772,280.6893681411966,290.000945471711,299.3284780255235,308.6041668746766,317.7794121734223,326.8289852703856,335.746739631566,344.53914298952077,353.2187544364642,361.79833458448775,370.28581735070475,378.6802366211923,386.96865865785367,395.12414615267335,403.10475201379086,410.85350809908414,418.2993390548436,425.35879777601804,431.938489875527,437.9380322154975,443.25337645052423
ZAF,Female,IschStroke,diet,46.23035867421822,0.0,2.8085894111791276,0.0,0.0381649382179603,0.08559407809116237,0.15121660951808735,0.2412215752628981,0.35804916819506616,0.4990095403372834,0.6568587162328186,0.8224163904560555,0.9874173531025008,1.1460610112299037,1.2951470745174447,1.4334725507178518,1.5610980106030183,1.6787639145368303,1.7875083449471276,1.888445301905449,1.9826473618595628,2.071088328186306,2.1546172625530744,2.233947600241663,2.3096530368311505,2.382166519990278,2.4517811441583035,2.5186529040292953,2.5828056840909994,2.6441388928651577,2.702437993932108,2.7573879564297386,2.8085894111791276
ZAF,Female,IschStroke,combo,9443.237173089696,16.374156870424486,446.0237164631217,16.374156870424486,80.51333759170666,139.62568735374407,191.18136435856468,223.13741043529444,241.1784198919977,253.04077334486465,262.8701135702868,272.25677281354,281.6579647636536,291.1257761541383,300.6003089628757,310.0125376161086,319.3138813812584,328.47980629596714,337.5051608923641,346.39748960841825,355.1703933292556,363.8375820064575,372.4078199295509,380.8808408878285,389.24427587558966,397.4716155975693,405.5212046446759,413.3362324928421,420.84565184485837,427.9659212322149,434.60343951563846,440.6575173648853,446.0237164631217
MEX,Male,IschStroke,glp1,9046.319845655316,14.357114105014261,450.0922159286165,14.357114105014261,63.936534231788755,111.13999327247257,154.14594420845242,183.9079869738689,203.66604336774435,218.47279436929784,231.24857050733408,243.28047453972067,255.07198651742874,266.7997632817169,278.5107765925495,290.20136253931196,301.84798711951953,313.4190139401544,324.8791202311695,336.19089721714045,347.31538448403444,358.2122091726269,368.83958649573106,379.15428099174096,389.1115704030417,398.6652349972064,407.7675905230062,416.36958304537256,424.42096443760965,431.87056645307166,438.66668830030176,444.7576074082717,450.0922159286165
MEX,Male,IschStroke,diet,1185.6860769218438,0.0,80.73564327638087,0.0,0.49329837619188766,1.2495566126763151,2.383853311501298,4.0104024869888235,6.204702561164595,8.96855606983081,12.224273297913896,15.843328530563667,19.687401429224337,23.63792698995894,27.607243311653292,31.536986950672144,35.39131781520882,39.14968664040498,42.801015260971326,46.33959889891412,49.762445295084035,53.06764674529404,56.2534365668871,59.3176752669533,62.257595447659696,65.06969706161544,67.74972764587437,70.2927103093898,72.69299996920017,74.94435900746248,77.04004952196556,78.97294226423764,80.73564327638087
MEX,Male,IschStroke,combo,10206.343925304256,14.357114105014261,529.1776034678114,14.357114105014261,64.42571854430935,112.37251627109072,156.48624739859588,187.83332433502983,209.72957590808437,227.23091695070252,243.18271475642177,258.74714566431066,274.29295023871964,289.88111908372775,305.47296580992224,321.0076701312082,336.42648171909786,351.6774641861957,366.71425149834613,381.49365849815877,395.97362089953094,410.1117444699885,423.86438184219514,437.18608894309,450.0293366736623,462.3443951217632,474.07934475408183,485.1801964654951,495.59112016261133,505.25479112484027,514.1128662614392,522.1066000188112,529.1776034678114
MEX,Female,IschStroke,glp1,9346.653882765055,15.542865679388342,486.9190598878886,15.542865679388342,67.97458587286746,115.8214390008452,158.3596138265748,186.80423779202465,205.07834795404233,218.64223401355594,230.5506385664903,242.1038359797658,253.77994340505938,265.7220405530097,277.9442774364197,290.4128916200916,303.07707210551234,315.88053642942396,328.7658404504,341.67596597003285,354.5548641741807,367.34755954253706,380.0000295354839,392.4589422114732,404.6712944903629,416.583987108148,428.14337567562325,439.29484206483903,449.98243320838446,460.1486139168592,469.7341760329291,478.678338260841,486.9190598878886
MEX,Female,IschStroke,diet,1319.329071849559,0.0,91.71875804023875,0.0,0.6078796224792313,1.5016845540067152,2.8126793685260054,4.668659752725944,7.149659383067046,10.248541998087603,13.867308174614664,17.853914496838115,22.05182095769669,26.333638193433217,30.611719923057535,34.83366808944629,38.97244860569481,43.01682697839715,46.964159652998205,50.81565733623938,54.573571772805735,58.239683083895216,61.81458878852209,65.29744828715775,68.68596231432821,71.97645651350831,75.16399759458727,78.24250786220364,81.20486635999987,84.04299760422509,86.74795534008808,89.3100112006905,91.71875804023875
MEX,Female,IschStroke,combo,10638.747443215621,15.542865679388342,576.8514446855952,15.542865679388342,68.57739583448347,117.30275787490064,161.12137314968822,191.375155265001,212.06811680232204,228.65541215793928,244.0971355833608,259.5456524326364,275.3264004998837,291.45794757038857,307.86854874931305,324.47288007189127,341.19332942129404,357.962279860596,374.71939911015943,391.40860361812884,407.97584794205613,424.36774143596995,440.530723538086,456.4105431644384,471.9518700310946,487.0979460730232,501.79024618880067,515.9681587551531,529.5687211842378,542.526457819291,554.7733695671996,566.2391191493007,576.8514446855952
AUS,Male,IschStroke,glp1,2446.787880238935,4.250622755928362,111.24098313392369,4.250622755928362,18.852598562661115,32.646455911466546,45.25065473418408,54.01891565859523,59.88336547303652,64.28452728272487,68.03102086489389,71.45913148466434,74.68732108687755,77.75063844760916,80.65683372782223,83.40721251602645,86.00341536243195,88.44899762041041,90.74929170271753,92.91084368652355,94.94085760909093,96.84675706573853,98.63586139233485,100.31514319598955,101.89103355537463,103.36925031679493,104.75463558714728,106.05099785269613,107.26096123874322,108.38582916616451,109.42547224790451,110.3782509984585,111.24098313392369
AUS,Male,IschStroke,diet,57.93890454577149,0.0,3.5884696389557575,0.0,0.030102526693099207,0.07511868300662172,0.14210302983110523,0.23788891827462066,0.3666157246429975,0.5274342124394025,0.7141984939948998,0.9175247129828676,1.127691495487852,1.3367033145277674,1.5390237979245285,1.7313867936472889,1.9122394246051044,2.081165190298634,2.2384255981660317,2.3846416693841093,2.5205913510126265,2.647089721710472,2.7649233270039986,2.874817560504198,2.977422879860569,3.073310854995725,3.162974674920406,3.2468311438396995,3.325222730826681,3.398419177215146,3.4666187096663634,3.5299491893529193,3.5884696389557575
AUS,Male,IschStroke,combo,2503.4787091099656,4.250622755928362,114.75535219431185,4.250622755928362,18.882450037014678,32.72055292807454,45.39017083429826,54.251783975731996,60.24169842717356,64.79970139489478,68.72846641721662,72.35514527560417,75.78871609389716,79.05641246474943,82.1605599044533,85.099251385157,87.87258760429359,90.48369623276358,92.93814777131865,95.24308131859834,97.40645066038451,99.43646828692818,101.3412168246814,103.12837415429294,104.80500469413346,106.3773834858539,107.85083392130491,109.22957162050079,110.51655555437992,111.7133531676418,112.82002937896596,113.83507034541799,114.75535219431185
AUS,Female,IschStroke,glp1,3317.403899131511,6.784656936375541,152.69333804976304,6.784656936375541,28.724809056257072,47.35326602191981,63.71069547937714,74.36332716736251,81.09881902397319,86.13234776040372,90.5884821639047,94.8703222478589,99.0768690364248,103.20450816594348,107.22435781370041,111.10799368258085,114.83421640404231,118.38952819686892,121.76687948851668,124.96419936193524,127.98313158583096,130.82803157401213,133.50517429220508,136.02210716719674,138.3870934358638,140.60860857974876,142.69486862865415,144.6533823395148,146.49052931361985,148.21117317294375,149.81832321560978,151.31285976910294,152.69333804976304
AUS,Female,IschStroke,diet,100.06397221424686,0.0,5.963061481492332,0.0,0.07582792896118917,0.1739498329716298,0.31054659676556184,0.4986816776390697,0.7446891053978106,1.0446449980081525,1.3848139418005303,1.7464679231707123,2.1116908724525274,2.4669506601021567,2.8038791398157628,3.1183919661571053,3.4093352236086503,3.6772916831760085,3.9237312096292953,4.150478702156761,4.359413155488255,4.552315429350529,4.730803660550009,4.896316053436749,5.050116377571612,5.193307970399474,5.326848661839904,5.4515630594833056,5.568150994642565,5.677192260181982,5.779148469597203,5.874363178400017,5.963061481492332
AUS,Female,IschStroke,combo,3415.598498115649,6.784656936375541,158.55203773870562,6.784656936375541,28.800004587174953,47.52489674788103,64.01577465783794,74.85195253216898,81.82761089768155,87.15428676459214,91.94322228121382,96.57924334150084,101.14381532944844,105.62003519720292,109.97076292708607,114.16350366393908,118.17586257118273,121.99485856904448,125.61484036372349,129.0354947248179,132.26028567430603,135.29530009670998,138.14839039400613,140.82850894543935,143.3451556476275,145.7078872121674,147.9258595012052,150.00739134634568,151.9595506774931,153.78777216272465,155.49552055663844,157.08401606940788,158.55203773870562
NZL,Male,IschStroke,glp1,604.1269078903,1.2251678756767888,26.392232386385103,1.2251678756767888,5.322875195294046,9.0042802445588,12.245785956834197,14.378813786590172,15.714394162705958,16.6674693323597,17.461578792282353,18.186626319609445,18.872982770431236,19.528793156052416,20.154996112458775,20.750734036338145,21.31509020787621,21.84753194999803,22.347946031069114,22.816573588494975,23.253937929063568,23.66078435075974,24.038028724728065,24.386707504643255,24.70792361272288,25.002785765940644,25.27234169856797,25.517507934737978,25.739000177158232,25.937269049268934,26.112445951719565,26.26430328597371,26.392232386385103
NZL,Male,IschStroke,diet,21.960917820647182,0.0,1.3063814654442467,0.0,0.01315882898666132,0.03242807866297426,0.06057457516988052,0.10019491979630857,0.15267210486229033,0.21730928476279132,0.29133046010281305,0.3708164000963734,0.4518958580861181,0.53152359153205,0.6076977798177268,0.6793219390631293,0.7459474497627525,0.8075319461961499,0.8642595258363599,0.9164232121852365,0.9643550057701304,1.0083877458882853,1.048836399227639,1.0859902800646068,1.1201108329748877,1.151431808932557,1.1801601094803118,1.2064764785120587,1.2305357650043334,1.2524667889113061,1.2723720004942152,1.2903271850229885,1.3063814654442467
NZL,Male,IschStroke,combo,625.6411440357059,1.2251678756767888,27.67358931269814,1.2251678756767888,5.335924280841596,9.036269325258672,12.305267422303814,14.476921034721272,15.863674143753542,16.879829443118297,17.746238071523976,18.548986550025347,19.314665442624573,20.048438806721833,20.74927917218656,21.415245715796345,22.0449719097669,22.637873732643357,23.194009790604696,23.713901348980926,24.198391534335087,24.64854758154297,25.065590840078812,25.45083893688161,25.8056493049271,26.131358538654467,26.42921633643209,26.700315871600424,26.945524378822483,27.16541871754839,27.360230854502106,27.529807761133725,27.67358931269814
NZL,Female,IschStroke,glp1,698.6591037034616,1.832036231455504,30.26641846556231,1.832036231455504,7.478631948214797,11.90959443245174,15.541415969389845,17.66845748177957,18.83618034053916,19.61807612191342,20.28974049224621,20.945813358373243,21.60818864118869,22.27510892931332,22.93904716982297,23.592313955593454,24.228437643602547,24.84227022328855,25.429803502034247,25.987980615165952,26.514557928338036,27.008007146670025,27.46743622375675,27.89251190766663,28.2833738159336,28.64053612954649,28.964777596043177,29.257023627662875,29.518226129502636,29.7492475349743,29.95075555983476,30.123134581596787,30.26641846556231
NZL,Female,IschStroke,diet,30.722808998985784,0.0,1.7592134104988872,0.0,0.024723197077719306,0.05743652311821279,0.10295896904790425,0.16527866682281456,0.24607809890335375,0.3435752550824418,0.45281996691483073,0.5674346443861396,0.6815768793335337,0.7910570354367792,0.8934875689099044,0.9878954635516948,1.0742145076467295,1.152865710442029,1.2244759980533217,1.2897151181396111,1.3492139761235649,1.403532260065731,1.4531527420299426,1.4984880668635014,1.5398918408666304,1.5776696947050368,1.6120883296516695,1.6433818998607421,1.6717558159843975,1.6973884223359619,1.7204311514142319,1.741007785718466,1.7592134104988872
NZL,Female,IschStroke,combo,728.8258905536911,1.832036231455504,31.996315538864337,1.832036231455504,7.503148956073801,11.966264743267175,15.642562821715273,17.830408972160512,19.07702378546128,19.95422515804421,20.732803632253308,21.50117388879562,22.27550786878487,23.049928681334677,23.814546233219517,24.56069197547049,25.281806174928988,25.97313468116522,26.631269738832543,27.25380106298894,27.83909680545071,28.386173050557545,28.894608408739487,29.364472669880797,29.79625136606637,30.190758058909978,30.54903305343055,30.872231658311875,31.161507686431833,31.41789909840554,31.642222880287136,31.834985672403036,31.996315538864337
ROU,Male,IschStroke,glp1,6616.0048948783915,21.28266437192906,218.9516264534068,21.28266437192906,94.70282395946924,153.29334089367512,199.91530902559862,223.97269306831186,233.88353011419713,237.92645843035461,239.90586852713386,241.1042132244147,241.87962434241854,242.33364142849314,242.52383746413398,242.5106928314308,242.35530852616284,242.1083939729906,241.8023814920889,241.44863511217045,241.03871246547715,240.54806508303955,239.94078206485574,239.1743932155514,238.2041383183605,236.98641511494498,235.4813317279295,233.65442197035009,231.47765233456084,228.92987543048002,225.9968817520712,222.67118216239032,218.9516264534068
ROU,Male,IschStroke,diet,6654.097057807088,0.0,309.77482798272104,0.0,8.473306332129141,18.702729976990668,32.635484198361155,51.18985421776051,74.48261914559407,101.54364588989847,130.55893816257594,159.48840323952027,186.65380293999988,211.00728434035773,232.10334684400732,249.93297235137288,264.74454714681997,276.9048788714863,286.80842840431797,294.8254549625053,301.2768551561603,306.4256307889227,310.47791556959055,313.5889696338527,315.8713032460655,317.40324941864674,318.23704735749925,318.4059661066276,317.9302871227774,316.82213810780013,315.0892681527148,312.737902140012,309.77482798272104
ROU,Male,IschStroke,combo,13176.005964427555,21.28266437192906,525.2216520640795,21.28266437192906,103.1054636860681,171.75599219155265,232.00760349590018,274.2051290040581,306.9180092722545,337.49476704054905,367.9705366067574,397.62783774047057,425.17241044534603,449.6672523207344,470.7209969052856,488.3744821392647,502.92401793359386,514.774318963191,524.3413065331806,531.9979394171933,538.0502449685846,542.7321644976728,546.2109219444465,548.5974323198861,549.958359147251,550.3278661195181,549.7180488888444,548.1276263920809,545.548828575229,541.9726170525937,537.3924713036904,531.8070030863491,525.2216520640795
ROU,Female,IschStroke,glp1,7322.102341639351,27.95430429811313,240.63255114880667,27.95430429811313,132.21435418485635,194.0451534507847,244.94730734096447,265.384990562663,270.30445504848467,270.15817531391804,268.9873927021581,267.810362506174,266.7543831208859,265.76335687195024,264.7864683075568,263.80610670042006,262.82734163543137,261.86348632471345,260.92586089673205,260.01827333619076,259.13500298175495,258.2609879381889,257.3732189919174,256.44266318277005,255.43629432537637,254.31898971039845,253.05517515517568,251.61017927822104,249.95130466175397,248.0486480224863,245.87571094660598,243.4098426938981,240.63255114880667
ROU,Female,IschStroke,diet,9910.148194021895,0.0,425.65680532026454,0.0,24.919011013695126,45.96820149923951,73.87762636605476,109.7195399557022,152.62929202124724,199.42894685296415,245.87712338598794,288.2832235551432,324.4923650430683,353.8949432332338,376.91238252890616,394.45415051042437,407.55078265865814,417.16335264095324,424.10825822519473,429.04262886414654,432.476413719236,434.79357609472936,436.27444705896414,437.1161587945862,437.45027467245745,437.3576096519173,436.8805231288861,436.03302207815796,434.8089915970886,433.18883331799225,431.14475824248075,428.6449519905145,425.65680532026454
ROU,Female,IschStroke,combo,17125.455428265195,27.95430429811313,662.6202125283999,27.95430429811313,156.92554290905537,239.47576576037682,317.72903755473817,373.3287787258414,420.4396330944328,466.41637262316726,511.12343226687517,551.923110384043,586.788554304956,615.0326662454936,636.9968416820484,653.5451416564756,665.6906480473117,674.3911275543505,680.4628236288481,684.5592149315089,687.1800182252155,688.6916990764184,689.3505561146703,689.3245908406861,688.7128181859007,687.5617361991026,685.8790919883613,683.645222150848,680.8222772324843,677.3616315087893,673.2097578152716,668.3128207314112,662.6202125283999
BGR,Male,IschStroke,glp1,3371.4232630675124,12.532309907449417,98.29324803924465,12.532309907449417,54.329528449844474,88.49414399522357,115.69489105950925,129.35405378163705,133.91052383174247,134.41158465275112,133.46155491336685,132.0821303714365,130.61654860658928,129.16319732582997,127.74285037697518,126.35542498576251,124.99637317121778,123.65989136620192,122.33865204416361,121.02318536885468,119.70170354384572,118.36040113300442,116.98406774990508,115.55684011503035,114.06296331613885,112.4874795304604,110.8168021089059,109.03916097396177,107.14492289434565,105.12679967040276,102.97996099066768,100.70206879304351,98.29324803924465
BGR,Male,IschStroke,diet,2593.764437978589,0.0,111.87331653942601,0.0,3.412557819561698,7.743967183540008,13.68609678582834,21.645499437698163,31.649110804499287,43.21061113918404,55.45088431162549,67.41223498802901,78.34974982306994,87.84951573232865,95.79125272874626,102.24693793174447,107.38421192886926,111.3999156788359,114.48308723387709,116.79844895736824,118.4817392588593,119.64093047488859,120.35985920359417,120.70247499784455,120.71688846979487,120.43890978862146,119.89501092906903,119.10474732729017,118.08270929963692,116.84007845685119,115.38585766908,113.72783307882673,111.87331653942601
BGR,Male,IschStroke,combo,5929.377889344031,12.532309907449417,209.00332844509194,12.532309907449417,57.713625847011826,96.13721628120402,129.14936203191974,150.58771612961027,164.93500327047514,176.77232835452196,187.8466764945424,198.2402134433014,207.56133764235528,215.49626531469949,221.94162663075804,226.96300389832322,230.71693925236104,233.3887829671985,235.15575909720428,236.16977848332317,236.5523918377512,236.39608387352564,235.76832168467809,234.71640271602337,233.27215004384198,231.45605650682046,229.2807612655106,226.7538741563876,223.8802170873969,220.66356736284615,217.10798583536052,213.21880348253762,209.00332844509194
BGR,Female,IschStroke,glp1,3713.2147835778615,16.05018504459622,109.35040099189428,16.05018504459622,66.53159039886305,102.92959957292624,131.43150038110798,144.85248363502797,148.7933776178961,148.86544939398482,147.68230739823957,146.13637623954492,144.4664292549569,142.7192989105897,140.90524870480112,139.03835914074625,137.1405024308333,135.2366144264197,133.3497727257054,131.4980316804449,129.69297727152298,127.93951515735898,126.23641812614733,124.57727689008789,122.95161389129498,121.3460093490321,119.74515222993978,118.1327716287069,116.49243167902569,114.80818993442699,113.06512845072393,111.24977102101548,109.35040099189428
BGR,Female,IschStroke,diet,3378.907547059831,0.0,136.15617484872746,0.0,6.186996357591852,13.133340243346538,22.361619676144983,34.57043717765373,49.73457600630172,66.92108745768746,84.56570273488614,101.06663406759071,115.29408373295882,126.75420887332984,135.46906755198324,141.76010204958948,146.0632137869161,148.8139341326132,150.39261060937497,151.10734730755576,151.19620018801106,150.83709266628466,150.15944102046342,149.2548638499993,148.18612256299093,146.99424431490297,145.7040766783266,144.32858674255658,142.87218825633136,141.33332527553648,139.70648674156473,137.98378214861077,136.15617484872746
BGR,Female,IschStroke,combo,7052.529681267408,16.05018504459622,244.2827167115047,16.05018504459622,72.66698776854173,115.8967625422265,153.43112281851973,178.8028063693182,197.61619485870142,214.58314174354382,230.7869262729455,245.5426093202641,257.9675689506421,267.60911728313295,274.4863910009972,278.92031351266814,281.3561231596814,282.24496344371255,281.9839778248588,280.8954243317712,279.2267226958975,277.15958587690875,274.8217815772223,272.2985162904879,269.6423111610329,266.881137951199,264.0249536277315,261.0708862189458,258.0073288810072,254.81716454338311,251.48030109097272,247.97565839499293,244.2827167115047
ISR,Male,IschStroke,glp1,587.376588391851,1.0248365180259498,28.703714985763327,1.0248365180259498,4.506395727985705,7.764717206154501,10.688760351203996,12.674971818389508,13.968141018103097,14.922211436086968,15.735150220034711,16.490026174185914,17.216383130392728,17.92270278667661,18.610286417627208,19.278704371140407,19.927757191187766,20.558030797509446,21.17089366230107,21.768284756762796,22.35244062972515,22.925627203756676,23.48990549355881,24.04694298782465,24.597873306468955,25.143201777856348,25.682752002167035,26.215647398212923,26.74032163709444,27.25455236481389,27.755513416148688,28.23984160469172,28.703714985763327
ISR,Male,IschStroke,diet,43.26856670599625,0.0,2.938354155906609,0.0,0.01909349673678662,0.04797660913186519,0.09108141504896139,0.1528223281756027,0.23613319234993924,0.34108196446493366,0.4645871947470823,0.601483756750099,0.7461232948219276,0.893581545567713,1.0401702162823767,1.1834401129701746,1.3219553154162895,1.4550217780449657,1.5824500304079265,1.7043720566980483,1.8211079858897392,1.9330717184284367,2.0407050777371296,2.144432403236351,2.2446298003499123,2.3416050284295125,2.4355852377059364,2.5267105915759203,2.6150323625963665,2.7005144676286363,2.7830376733400044,2.8624058955570035,2.938354155906609
ISR,Male,IschStroke,combo,629.6737236238782,1.0248365180259498,31.57837316442624,1.0248365180259498,4.525329986693237,7.812039028473805,10.778173596202691,12.824539557940852,14.198871796828712,15.255233654239419,16.188615807272186,17.077064576916428,17.944620605708792,18.794961350644257,19.625784124241363,20.434260789821906,21.218780486586184,21.97924146369519,22.71681766359916,23.433568505932044,24.132036091882583,24.81488491281516,25.484603191946917,26.143269771184123,26.79238354915242,27.432749217489572,28.06441165453407,28.686631065407937,29.2978913979523,29.89593542800185,30.477820965326373,31.03999370093652,31.57837316442624
ISR,Female,IschStroke,glp1,777.799280901278,1.5544258322765927,37.14571537212032,1.5544258322765927,6.7046051673098646,11.175162647190746,15.039818525601731,17.508539518806174,19.021414152002762,20.12103779568588,21.08845923650847,22.026778937201698,22.96090972478828,23.88800555002331,24.798213813987104,25.68234528392668,26.534252946637935,27.351136987079826,28.133072028445895,28.882287104348052,29.60242185688776,30.29785404413201,30.973135816513604,31.632548228741143,32.27976910354914,32.917642120223036,33.54803190308735,34.171749362852324,34.78853261090626,35.39707072590659,35.995059986605156,36.579284517932365,37.14571537212032
ISR,Female,IschStroke,diet,73.03925779483984,0.0,4.560961326776123,0.0,0.05050194124999052,0.11720755857038512,0.21044349213002533,0.3390628759552783,0.5078300828179181,0.714943804842278,0.9520504109677859,1.207092148350739,1.4679735400836762,1.7250112590299977,1.9716970407357621,2.204371127896593,2.4215041619472686,2.6229906745659264,2.809596781920618,2.9825723348467363,3.1433933225885085,3.2935956974392866,3.434669839692333,3.567994377578998,3.6947955886084856,3.816123739589557,3.9328409724141693,4.04561731813169,4.154932604716805,4.261082740958727,4.364189311339942,4.464211719094237,4.560961326776123
ISR,Female,IschStroke,combo,849.4102458069189,1.5544258322765927,41.62227816630411,1.5544258322765927,6.754685926954835,11.29079551013217,15.246510590343405,17.840648921511956,19.51817254840057,20.82004666488524,22.019227603269428,23.20706583883316,24.396655453617313,25.57566330767304,26.7278366420976,27.840363742335285,28.90555841550804,29.92047886490832,30.88591704063333,31.80529981889481,32.68369280389675,33.52696437847794,34.34111767634363,35.131779298289985,35.90382650153174,36.66113231442955,37.40640808211106,38.14112434475669,38.86549316863898,39.57849770883081,40.27795755991542,40.9606210811171,41.62227816630411
NGA,Male,IschStroke,glp1,17573.49949100168,33.04591241131857,907.6957311127844,33.04591241131857,141.99630253161376,237.29154689070128,317.9066070766421,367.515002121163,396.0625812054459,415.6563531382526,432.83739978768426,450.3105787794375,469.01940185901185,489.1964332601128,510.8006413563635,533.6872678321524,557.6714293775949,582.5509920841359,608.1142307659466,634.142074401585,660.4086918815883,686.6818507493881,712.7235839805799,738.2913465852253,763.1396997128977,787.0224967625763,809.6955143474988,830.9194517249707,850.4632082403477,868.1073370583181,883.647564616047,896.8982593502951,907.6957311127844
NGA,Male,IschStroke,combo,17573.49949100168,33.04591241131857,907.6957311127844,33.04591241131857,141.99630253161376,237.29154689070128,317.9066070766421,367.515002121163,396.0625812054459,415.6563531382526,432.83739978768426,450.3105787794375,469.01940185901185,489.1964332601128,510.8006413563635,533.6872678321524,557.6714293775949,582.5509920841359,608.1142307659466,634.142074401585,660.4086918815883,686.6818507493881,712.7235839805799,738.2913465852253,763.1396997128977,787.0224967625763,809.6955143474988,830.9194517249707,850.4632082403477,868.1073370583181,883.647564616047,896.8982593502951,907.6957311127844
NGA,Female,IschStroke,glp1,18382.478036099015,31.963742537842336,993.7214974906674,31.963742537842336,136.44570698146708,226.94065718818092,304.67489834367734,353.9126322824959,384.06078398648606,406.59455752094436,427.5832695276986,449.38028506575574,472.6587708492734,497.44464843132664,523.5452306653133,550.7130178175357,578.7040554581399,607.2958330874098,636.2899402011462,665.5090691968144,694.7920019111334,723.9880088395585,752.9513008101203,781.5359034969297,809.5912319239942,836.9585959886608,863.4688233621928,888.941129898587,913.1832997982492,935.9931631049112,957.1612831056264,976.4746972268767,993.7214974906674
NGA,Female,IschStroke,combo,18382.478036099015,31.963742537842336,993.7214974906674,31.963742537842336,136.44570698146708,226.94065718818092,304.67489834367734,353.9126322824959,384.06078398648606,406.59455752094436,427.5832695276986,449.38028506575574,472.6587708492734,497.44464843132664,523.5452306653133,550.7130178175357,578.7040554581399,607.2958330874098,636.2899402011462,665.5090691968144,694.7920019111334,723.9880088395585,752.9513008101203,781.5359034969297,809.5912319239942,836.9585959886608,863.4688233621928,888.941129898587,913.1832997982492,935.9931631049112,957.1612831056264,976.4746972268767,993.7214974906674
EGY,Male,IschStroke,glp1,15409.82412870309,39.36365490939352,657.4243770701796,39.36365490939352,175.1133322211026,272.5450088144353,359.52643309193445,404.8885030034253,427.35433965938864,440.250482813437,451.0174099077085,461.8494931972673,473.3680686935986,485.55048926127347,498.2604654825918,511.34668355456233,524.6786131907138,538.1388887902358,551.6136556373385,564.9831634690272,578.1160020466341,590.8664433009617,603.0745149446884,614.5681647156889,625.16697927106,634.6869661822711,642.9459684491812,649.7693269107403,654.9954507557413,658.4810018998105,660.1054487206784,659.7747987380208,657.4243770701796
EGY,Male,IschStroke,diet,1957.5182072550415,0.0,114.54481978819967,0.0,2.151329940177675,4.175774220151652,7.197821110363293,11.342024611934903,16.684540445705352,23.007992421695235,29.90859937006462,36.94294531340711,43.76800156002719,50.18758549272752,56.12973911387962,61.60100780946959,66.64684470489738,71.32572047843132,75.69483024366491,79.80326148666063,83.6893489867216,87.38018196514167,90.89215001898265,94.23196681061381,97.39790696450655,100.3811373735225,103.1670891457834,105.73684117391531,108.0684926659087,110.13850122447911,111.9229607475645,113.398792066444,114.54481978819967
EGY,Male,IschStroke,combo,17339.009353989826,39.36365490939352,770.5304790318842,39.36365490939352,177.24672026489498,276.67029739644204,366.60963746023117,416.02854750555343,443.7307205445177,462.8341444822581,480.384124172735,498.13915736640774,516.3818387832798,534.8946643083764,553.468762323726,571.9578603565678,590.2751812609495,608.3602904962172,626.1552899182061,643.5886078829208,660.5665661262246,676.9701853020961,692.6557555975887,707.4579770654818,721.194871563006,733.6738566285931,744.6984969807017,754.0755198771512,761.6217317816263,767.1705186491454,770.5776595862699,771.7262363673799,770.5304790318842
EGY,Female,IschStroke,glp1,10989.361280004268,36.5276389544415,481.60989389920724,36.5276389544415,146.19136197524494,209.89934622898727,267.0650652072254,290.88202008379085,300.8272002239137,305.77214217480287,310.85334189472997,317.09978315719127,324.66151867891676,333.3085159631373,342.7981105005492,352.91695655975855,363.49144246579453,374.3737943551241,385.42981593863806,396.52926217402637,407.53988061357086,418.3243822310833,428.7397273768074,438.6381442208367,447.86941000601655,456.28399591711786,463.73672850256844,470.0906599989321,475.2208769275894,479.0180158420044,481.3912988793163,482.27094905294507,481.60989389920724
EGY,Female,IschStroke,diet,1507.7347211237138,0.0,90.21035542964819,0.0,2.350728832261666,3.9057230801481637,6.343265533207159,9.579579904449929,13.65288769867766,18.364458932261186,23.408660075554508,28.48048565638601,33.36726280032963,37.96473145075652,42.24965503540079,46.24409052858027,49.9886535311598,53.526789709721925,56.896971651312924,60.129508913101745,63.24572958820136,66.25826772282744,69.17182051430427,71.98408681455476,74.68677108036354,77.26661315905949,79.70643182505592,81.98617507042218,84.08396648689086,85.97713140244014,87.64318182499846,89.06073687163735,90.21035542964819
EGY,Female,IschStroke,combo,12475.87202003469,36.5276389544415,570.7070553374651,36.5276389544415,148.52248594246703,213.7607705952978,273.3118948076044,300.29971526207373,314.241187329877,323.81586881863404,333.8598925196493,345.10164248040746,357.48060165372954,370.6628353570195,384.38177158760664,398.44506014759827,412.71862357129066,427.0972150572961,441.48441891415496,455.77983649297676,469.8722836103916,483.63701402092556,496.9357269829925,509.6184910793527,521.5269996321149,532.4987188913656,542.3715696273139,550.9888273075703,558.2039595015231,563.8851530663305,567.9193228611257,570.2154386240945,570.7070553374651
BGD,Male,IschStroke,glp1,17522.27315966533,33.537769836289954,808.2474267683938,33.537769836289954,150.22859344007884,255.7945277019935,347.82681831191803,406.2164377430454,440.96691841161373,465.1605608520549,485.70852618338904,505.240220090378,524.511027383036,543.6142185764911,562.4639790415822,580.9623215371466,599.0442939163768,616.6801442841024,633.8644118545053,650.6028655165355,666.9009842240193,682.7549911445967,698.1454961679265,713.033493142706,727.3583894200856,741.037758447339,753.9685399754599,766.0294434733005,777.0843310043056,786.9863657458918,795.5827144782525,802.719590992514,808.2474267683938
BGD,Male,IschStroke,diet,1583.2718090610942,0.0,99.34767877283593,0.0,0.8887815752023016,2.166547008917405,4.030872863651894,6.6600327062515134,10.152647261096718,14.473529500726727,19.453632728658704,24.84919753018403,30.416532483370247,35.96049206612952,41.34835598722566,46.50236336470698,51.38520869977947,55.98627577502339,60.31109471851232,64.37401362856326,68.19333631239715,71.78816599527636,75.17638262386754,78.37337065691099,81.39125470183353,84.23849267265905,86.91973298880475,89.43587581787142,91.78429728790798,93.95920572544856,95.9521039429892,97.75233366429165,99.34767877283593
BGD,Male,IschStroke,combo,19076.9500198161,33.537769836289954,905.9707487723936,33.537769836289954,151.10996265763242,257.93213251205816,351.78660831070374,412.7420638847434,450.9028042543687,479.31955139238926,504.73982173993863,529.5554884838966,554.2837457117348,578.8265743053562,602.9675681059525,626.5317570573898,649.4167815137625,671.5816819677129,693.0257190473421,713.7681546187086,733.8319690328863,753.2317914707892,771.9655433865337,790.0091697977914,807.3139004312179,823.8055853793776,839.3857388621182,853.9339881872584,867.3116640242952,879.3662878574469,889.9367194492734,898.8587277647384,905.9707487723936
BGD,Female,IschStroke,glp1,18582.301352663733,50.67295858585567,913.528014185169,50.67295858585567,185.97363680820854,285.545956685728,368.9970572945749,419.3648076786849,447.5308505356479,468.04148058990177,486.7622566637874,505.69767377247626,525.201303356087,545.2285936280095,565.6603279979463,586.4040623258043,607.4011677689195,628.6165410678077,650.0247682533882,671.5980676785184,693.2963685640934,715.0594639657866,736.801107690364,758.4050619647678,779.7231609938026,800.5754457817384,820.7523574408406,840.0188756559146,858.1203782674784,874.7898958316073,889.7563551439453,902.753356486879,913.528014185169
BGD,Female,IschStroke,diet,2063.8561178190685,0.0,132.872039048656,0.0,1.6447149802588683,3.5353594505759247,6.191097838749556,9.843182108601468,14.60351337634711,20.372966495466244,26.875838748506794,33.7618095019061,40.715289326253696,47.51265031564253,54.0269144824706,60.205928990078974,66.04589836185914,71.5699670307149,76.81363686780969,81.81573937388748,86.61316797605832,91.2379310324468,95.71556926849007,100.06436492457578,104.29502577664243,108.41068246433133,112.40712446667021,116.27324351591233,119.99167027494696,123.53959193782066,126.88973238990002,130.01146749348845,132.872039048656
BGD,Female,IschStroke,combo,20614.287818466215,50.67295858585567,1044.5588454537647,50.67295858585567,187.60463501484992,289.03673106755014,375.0868716136938,429.026836909401,461.85371894298805,488.0202485506852,513.1234782317915,538.8249504567502,565.1681646622019,591.8879344766392,618.7389257279647,645.5760470434034,672.3357131550365,699.0045983477903,725.5914770345335,752.1062646167993,778.544877041837,804.87844530843,831.0458189714918,856.9488034536334,882.4498844907284,907.3723355959883,931.502621811771,954.5949554117251,976.3777654878286,996.5617432216313,1014.849038931854,1030.943128847597,1044.5588454537647
USA,Male,IschStroke,glp1,36955.62956678237,74.55530289009039,1498.027878527253,74.55530289009039,326.4932930746727,561.3606324059001,770.7867194743521,910.9023626803319,999.6940871258994,1062.9355242036909,1114.9177179850594,1161.5387152864423,1204.8155572642063,1245.2496071428322,1282.8261497451167,1317.402402460095,1348.848564787375,1377.093069243274,1402.1314464840689,1424.0216194367968,1442.8742920785444,1458.8417388123635,1472.106312337739,1482.8692680085223,1491.3402457740885,1497.7276540338644,1502.2301523763163,1505.0293937912502,1506.2841495782923,1506.125899146704,1504.6559226186073,1501.9438880086236,1498.027878527253
USA,Male,IschStroke,diet,2675.1296778353426,0.0,160.65010597936634,0.0,1.263208297874371,3.2125245432835072,6.152283554823953,10.383691833201738,16.102824342924578,23.304320709321473,31.762063704292814,41.10348056935618,50.92048396130849,60.852809909993084,70.62326155760093,80.03817719531071,88.97260577614361,97.35276638423966,105.1410903413489,112.32501930750732,118.90908687855699,124.90941937918251,130.34987786773127,135.25926884642104,139.66924344276777,143.61264963794383,147.12220054682984,150.2293842893414,152.96357833508227,155.35135178478959,157.41594886234088,159.17694999645755,160.65010597936634
USA,Male,IschStroke,combo,39571.922590483664,74.55530289009039,1655.3129742388846,74.55530289009039,327.7459663300251,564.5293400808077,776.826485112666,921.0654422886219,1015.4297247479044,1085.691511360681,1145.9233939898768,1201.6611362674012,1254.5241604431285,1304.6623137819843,1351.7899990018777,1395.5747972933168,1435.7641884216573,1472.2137859561044,1504.8816712055705,1533.8127934524528,1559.121649870489,1580.9757147642376,1599.580181744459,1615.1640612420306,1627.967605234633,1638.2310748235468,1646.1849145394372,1652.0414216545469,1655.9879977354867,1658.1820486710494,1658.7475646772218,1657.7733686634747,1655.3129742388846
USA,Female,IschStroke,glp1,45413.31841592438,117.73023305837705,1810.6872366750322,117.73023305837705,482.3019962234539,785.1435723034956,1039.4654163200903,1195.1142466802849,1284.4904483744322,1344.6954529195937,1394.4785220200865,1440.7013772578212,1485.163788196267,1527.8946528730594,1568.4404989573086,1606.316190488098,1641.1413715534436,1672.667070225114,1700.7672091509885,1725.4207949485863,1746.69291669238,1764.7166999823676,1779.6765535623854,1791.7926413264358,1801.3065229704516,1808.4679976229672,1813.5232579378207,1816.7044981247745,1818.221122401752,1818.2526790932461,1816.9436079264706,1814.3998400577984,1810.6872366750322
USA,Female,IschStroke,diet,3834.5581137409754,0.0,224.40887908492004,0.0,2.267100896468037,5.493498623894993,10.1752726220584,16.76972998693236,25.54546693872544,36.44429982434667,49.069261125376215,62.817815816713846,77.06216649577254,91.27463445959438,105.0717634355824,118.20428994092799,130.52655853089527,141.96531466087617,152.49519938320736,162.12168649226078,170.8699029317213,178.7774731230602,185.88989578559995,192.25742880106554,197.93284016026882,202.9696515307005,207.42067442416737,211.33674441065523,214.76561917706567,217.7510379269661,220.3319536736817,222.5419534774701,224.40887908492004
USA,Female,IschStroke,combo,49170.92302673083,117.73023305837705,2030.8978670230426,117.73023305837705,484.550189704285,790.5628609515843,1049.4576760319178,1211.5359035855363,1309.4704744488845,1380.3124805937987,1442.42719989513,1502.0898646855785,1560.487650389594,1617.133465518753,1671.197908481743,1721.950574888484,1768.866937901752,1811.6246663068305,1850.0713005344733,1884.189814294965,1914.0686963006738,1939.8769005358918,1961.8425557110895,1980.2343714165618,1995.3450595171453,2007.4764411148935,2016.9261512603844,2023.9759923591337,2028.8820491497609,2031.8666879015218,2033.1125386220665,2032.7585145469784,2030.8978670230426
JPN,Male,IschStroke,glp1,25106.410350494298,71.13936265725351,902.6278736116219,71.13936265725351,305.81671120041574,511.56219034022797,683.7610389071488,786.0892039974569,838.9009402466181,867.30724606679,884.7606564106536,896.8457427381654,905.6974617153319,912.1824041065847,916.76198919116,919.7908146658301,921.5991352108031,922.5003294526177,922.7772512129523,922.6671033036619,922.3511795756349,921.9506926902104,921.5279852386884,921.0917986947097,920.6051941204278,919.9948676279164,919.1608420318444,917.9857754605036,916.3433725763462,914.1055965102205,911.1485518068948,907.3570391256071,902.6278736116219
JPN,Male,IschStroke,diet,3697.3608515216547,0.0,197.38646133099974,0.0,2.9423753350274637,7.265492137870751,13.454840225167572,21.90706830470299,32.72919482159341,45.60188777973963,59.82987929929368,74.56064305559994,89.02129368983879,102.6531775997646,115.13306907729566,126.33017650230613,136.2457806982493,144.9597382377833,152.59097892762657,159.27121374254784,165.12876770026196,170.27948522340012,174.82233806617296,178.83805705825944,182.38964083975588,185.52396669954032,188.27398079109116,190.66111640322197,192.69770779663668,194.38925150529394,195.7364279821486,196.7368406904643,197.38646133099974
JPN,Male,IschStroke,combo,28727.28694486426,71.13936265725351,1096.2043386846126,71.13936265725351,308.7345473922833,518.7290171047425,696.9719676127643,807.5371655866475,870.8976872001876,911.8614050721444,943.2062464311384,969.6859635215078,992.6805649945236,1012.5095536941881,1029.316419179937,1043.3255386714009,1054.8660872811233,1064.3274703369607,1072.107173144701,1078.569948579694,1084.02171439807,1088.6964239991066,1092.7529105772119,1096.2787489500988,1099.298613367675,1101.7851189191642,1103.670617106589,1104.8588419359949,1105.2356633831223,1104.67849984044,1103.0641729770286,1100.275162263948,1096.2043386846126
JPN,Female,IschStroke,glp1,21771.316232882105,76.98565195309493,772.1388123549696,76.98565195309493,307.85507087333826,485.77663067560206,624.7862741701902,699.8353240085416,734.5605828096304,752.1916226903268,763.7028288481233,772.8789248600297,780.6745217544303,787.1661358169004,792.2624316590736,795.9234270244633,798.2046467993787,799.2441997735514,799.2348188926044,798.3954366626931,796.9471098946233,795.0946025578523,793.0136122897238,790.8430838068598,788.6818194425796,786.588513354669,784.5843411054448,782.6572998514166,780.7675951238489,778.853491052243,776.8371680380224,774.63025473788,772.1388123549696
JPN,Female,IschStroke,diet,3592.2994931367284,0.0,181.0442132479875,0.0,3.6852300389291486,8.684115139381902,15.560275098250713,24.738276489981217,36.29869741334551,49.84649725617783,64.58791463893431,79.58571574831149,94.01989902422065,107.32415182596742,119.19519803335425,129.5360187148981,138.38594223589462,145.86254901095526,152.12090824735787,157.32757612091518,161.6450636258014,165.22312299510668,168.19430100696627,170.672125516081,172.75091767892445,174.50661058876722,175.99818424593104,177.26945992719993,178.35107585814694,179.26251569684973,180.01409563449852,180.60884207759227,181.0442132479875
JPN,Female,IschStroke,combo,25291.626811549177,76.98565195309493,949.7823520718375,76.98565195309493,311.5095664283217,494.3434519034199,640.066945062892,724.0612810641906,770.0589628745438,800.9131532221363,826.8270713156671,850.6709957313069,872.597422156934,892.1271395491276,908.8693821549095,922.6862030832053,933.6687322863072,942.0676823004178,948.2256013125152,952.5229996810522,955.3390171244755,957.0243993889526,957.8842910773456,958.1686982162355,958.0688486808795,957.7179721408247,957.1952492921118,956.5318733188687,955.7183441416637,954.7122853232577,953.446234220035,951.8350044726467,949.7823520718375
GBR,Male,IschStroke,glp1,7426.402905936397,18.62367483234084,297.648896133609,18.62367483234084,80.25555009639174,134.12843432087357,179.37349302599068,206.5662480089759,221.17144767685022,229.84161472238338,236.1122898063877,241.42566095496295,246.30488416361368,250.92958503909358,255.36196054700486,259.6255013510181,263.729115011718,267.6732618193528,271.4513554849909,275.0506797847247,278.45380166691757,281.6403947681665,284.58913932930227,287.27939831849653,289.6924799419194,291.8124081353835,293.62621044720436,295.12379213967324,296.2974989705817,297.1414839723948,297.6509909734523,297.82165449262175,297.648896133609
GBR,Male,IschStroke,diet,215.93834659476124,0.0,12.369396322998,0.0,0.15079067479200603,0.3698368084606045,0.6846850852980424,1.119552218595345,1.684223405771263,2.365731391830195,3.1300533734647615,3.933520663793388,4.735854650325564,5.507788530590915,6.232318319815022,6.902274437565211,7.516928624114371,8.079073211629293,8.592985876932289,9.063203794979927,9.493887824699414,9.888564827933806,10.250087776850705,10.580705791751825,10.88217716771942,11.155886991082298,11.402949655188422,11.62428828938937,11.820690080934583,11.992840313707347,12.141339773192158,12.2667107113557,12.369396322998
GBR,Male,IschStroke,combo,7637.873589106372,18.62367483234084,309.7770204499011,18.62367483234084,80.40508319064611,134.49325913159373,180.04580244836507,207.66242349427557,222.8181493415559,232.15328537677487,239.17037120227178,245.2690318120749,250.9330659121497,256.31342449125077,261.4555715360202,266.3758662417349,271.0823920773619,275.57824828192315,279.8609630767223,283.9222091918691,287.7485907438786,291.32321006174607,294.6275245740235,297.6430884030724,300.3529233650079,302.742403248114,304.7996413105284,306.5154418126094,307.8829168809498,308.8968866586947,309.5531799488199,309.84794001009504,309.7770204499011
GBR,Female,IschStroke,glp1,8990.414215535073,26.71225931662775,362.69486584762126,26.71225931662775,110.68557728436463,177.42042644081084,230.7744097798677,260.2366733406052,274.3345717152333,281.95174917700206,287.40251814932344,292.2382929169835,296.9058887814499,301.49632711610684,306.0127285409071,310.4489912337049,314.80433172042467,319.0801278372419,323.2745976940969,327.37956447010583,331.37971871890113,335.25367935418035,338.9760035900981,342.5194503552593,345.8570223468523,348.96351562421114,351.8164674582513,354.3965098460394,356.6872123125504,358.6745404345347,360.34607331242296,361.69012081929395,362.69486584762126
GBR,Female,IschStroke,diet,308.74928494873166,0.0,16.91161669624853,0.0,0.2968884194669954,0.6903260543658689,1.228607689437922,1.9492275524717115,2.862013280053361,3.937620404685731,5.11344965927492,6.315055706727435,7.4783119713756605,8.560827799636172,9.542191628919682,10.418445448558487,11.195589369839581,11.884388476752065,12.496954501264554,13.044808580285462,13.537964937528159,13.984640366921667,14.39130921656033,14.762923710393807,15.103191520389373,15.414850069533713,15.699906975376507,15.959834266825055,16.19571473657561,16.40834478839679,16.598301152072963,16.765979968793545,16.91161669624853
GBR,Female,IschStroke,combo,9293.366794701147,26.71225931662775,379.31077935008943,26.71225931662775,110.97998968136744,178.1015077248685,231.98126412311103,262.14635851491767,277.1351296878056,285.8033111000841,292.40436875812884,298.4170072232009,304.2252050878087,309.8782605344459,315.3590109413817,320.65717898687944,325.77760130084425,330.732005131551,335.53033936055726,340.17563189448265,344.66234130348676,348.9771206960904,353.10087122705227,357.0112136988864,360.6847973328695,364.09911486037527,367.23368417218444,370.0705913562706,372.5944767628862,374.79209451548013,376.65159571247204,378.161684344941,379.31077935008943
DEU,Male,IschStroke,glp1,13969.20002050362,34.89177360160102,532.4807955385186,34.89177360160102,151.70227186810735,257.1452246554254,345.96562002854625,399.1830120169361,426.9474182193808,442.33643047354417,452.6850987600519,461.24280740911854,469.31449578289175,477.3635317825392,485.4875839013657,493.6208131825333,501.6254615312464,509.33798992709126,516.5948330502833,523.2475853880533,529.1717678782297,534.2712079013509,538.4792422422324,541.7575999472137,544.0936427234301,545.4965266494764,545.992760287867,545.6215554805094,544.4302925588418,542.4703499733441,539.793479929267,536.4488478146232,532.4807955385186
DEU,Male,IschStroke,diet,1225.7181331813808,0.0,69.34423520460405,0.0,0.8013295020027726,2.001662392689468,3.735324696983298,6.111296058330481,9.165234584885184,12.827918947568833,16.939495577593334,21.302432093012612,25.735782006875525,30.103497965759743,34.31671755838033,38.32305213964719,42.09382371060201,45.61414075101129,48.87664308084277,51.8781318661313,54.61802977477055,57.097827350124135,59.32096144710886,61.29280682848548,63.020621984822355,64.51338876543014,65.78154130195617,66.83660819457873,67.69080358721476,68.35660447197733,68.84634771324636,69.17187362474579,69.34423520460405
DEU,Male,IschStroke,combo,15167.722292132228,34.89177360160102,600.3685983817159,34.89177360160102,152.49691835482008,259.11956005339744,349.6325509170747,405.1643252933609,435.9034549047683,454.8622015894507,469.22063083456305,482.03574262786424,494.4359323031131,506.75164558702454,518.9935818280719,531.0444976200051,542.7383737970449,553.8968815778717,564.3490342921868,573.9430820215166,582.55377270799,590.0861905856764,596.476840956042,601.6925265491773,605.7275373474004,608.5996580698556,610.3454635368907,611.015321302104,610.6684579253124,609.3683753354417,607.1788316498569,604.1605305810299,600.3685983817159
DEU,Female,IschStroke,glp1,15681.87743211371,43.285814737082546,602.6127369650421,43.285814737082546,185.66995472815324,309.4641411230041,411.36320538568543,469.4025338848587,496.64797604014166,509.2230117722502,516.0862887264957,521.2142008866977,526.2385756262993,531.7769198732458,537.9951538189562,544.8433131931561,552.1630599641903,559.7442295209803,567.3589323193446,574.7838047676669,581.8146801266557,588.2757502578461,594.0244964294761,598.9533413584613,602.9888035667645,606.0888193164537,608.2388047906243,609.4469502053398,609.7391629098347,609.1540055557853,607.7379069534545,605.5408573097629,602.6127369650421
DEU,Female,IschStroke,diet,1578.3029833282635,0.0,86.59143939299247,0.0,1.3381752656096069,3.2218079987578676,5.858452948374179,9.392966490358958,13.837758933292207,19.03601532796165,24.702200839044963,30.519542521014955,36.22805775063898,41.661214711512,46.73762083353722,51.433826849817706,55.75762828293591,59.72930198022368,63.37098897749456,66.70195132729714,69.73732699123502,72.48863956714558,74.96497896941219,77.1742558838705,79.12424350096626,80.82330158632612,82.28077643319193,83.50711890093226,84.5137828068764,85.31297015021119,85.91728540803524,86.33935269919675,86.59143939299247
DEU,Female,IschStroke,combo,17227.175550322663,43.285814737082546,687.5041328871957,43.285814737082546,186.9969697335291,312.64221580370577,417.1154925559349,478.59874394140934,510.1763216719555,527.8221996393222,540.217700253972,551.0301751660845,561.6371545151305,572.4927463229506,583.6825258716017,595.1328494538429,606.6923631812897,618.170229866817,629.3598332248257,640.0563596359862,650.0702208246075,659.2366903714465,667.4219737231251,674.5260787440166,680.4829857500554,685.2586777162869,688.8475954202222,691.2680493184089,692.5570653425457,692.7650752632144,691.9507899042583,690.1765194818399,687.5041328871957
GLB,Male,IschStroke,glp1,1371342.7547238981,2590.519457508344,60483.723608698696,2590.519457508344,11597.919529740931,20036.170570450835,27571.726730857277,32552.598553946475,35619.53902015113,37734.13195156818,39444.751896928996,40988.15588983847,42453.768340154085,43871.409822102636,45248.745871860534,46585.91076559853,47880.85700946348,49131.127472987864,50334.313150033355,51488.066942780744,52589.99517776165,53637.53687610151,54627.86223456543,55557.79536425555,56423.759799710475,57221.7456249129,57947.299007686786,58595.536449640524,59161.18649618374,59638.66098425258,60022.15638191672,60305.7837422397,60483.723608698696
GLB,Male,IschStroke,diet,520906.5238277905,0.0,31904.3841717029,0.0,285.59825658099726,708.9011105464306,1329.1345756656956,2201.9467432261445,3358.7270165726077,4788.823393480387,6438.827030987944,8230.551389833447,10084.494061551988,11935.657930910122,13738.63733405713,15465.70660606958,17102.34514086973,18642.798039869405,20086.617512045894,21436.27184047876,22695.608108591754,23868.91402584873,24960.370885974728,25973.750377051998,26912.25866114907,27778.467670967337,28574.29801781755,29301.033486213535,29959.35657458473,30549.3999692332,31070.811627805233,31522.83226810349,31904.3841717029
GLB,Male,IschStroke,combo,1882170.9836534613,2590.519457508344,91831.34501644364,2590.519457508344,11881.135922791203,20735.47763239243,28876.90876985225,34708.77849125094,38903.89104894851,42414.34140442079,45736.87398920674,49032.1708444776,52312.09629358491,55542.91555773141,58687.76439986564,61719.460804509,64621.526474569924,67385.64978725696,70008.77887759265,72490.80440183636,74832.9487148514,77036.72544138553,79103.29939713236,81033.10891900118,82825.65517355641,84479.3987600212,85991.72961607203,87358.99291760242,88576.56335678417,89638.96482979925,90540.03378564306,91273.12356737303,91831.34501644364
GLB,Female,IschStroke,glp1,1258485.1992390985,2730.429741144413,56311.42254989408,2730.429741144413,11930.399803468725,20007.817052770173,26932.615261352854,31184.023635187885,33553.855306960875,35068.08776448807,36281.62156958319,37418.11294240877,38551.041576869786,39696.293641566765,40850.34325845633,42004.554566022474,43150.07974508777,44279.25955996523,45385.80188346701,46464.582059727516,47511.361713596154,48522.519032060634,49494.81176335737,50425.17230447801,51310.530566318426,52147.66244337987,52933.06484332774,53662.86055195844,54332.737191197,54937.924195436295,55473.21035037516,55933.00236519147,56311.42254989408
GLB,Female,IschStroke,diet,547688.1216387267,0.0,33365.376797829755,0.0,366.8819784808438,876.552967396332,1599.6887159377802,2597.4565737207886,3898.738710342208,5481.761731335428,7276.89496617578,9190.826112973504,11134.840487018228,13041.807682895567,14869.636733485851,16596.877758239396,18216.180334666744,19728.580790562555,21139.449705141596,22455.94569275016,23685.554906876758,24835.325208394323,25911.510009363294,26919.436786764767,27863.488831751514,28747.137436329853,29572.991971282754,30342.853282039054,31057.76597671397,31718.070455688052,32323.457813965157,32873.031220604666,33365.376797829755
GLB,Female,IschStroke,combo,1796437.333632902,2730.429741144413,89145.82522439957,2730.429741144413,12294.222019557375,20872.635732513154,28504.01849456085,33728.91303149401,37369.149808477145,40430.52344083227,43400.461246533785,46411.64909784682,49450.8042254406,52467.9387435331,55418.016863342375,58271.04449580796,61010.62913381774,63629.82263955707,66127.34434145782,68504.88730041357,70765.39987103641,72912.05708119273,74947.6662534452,76874.32598116901,78693.22521426994,80404.51864069467,82007.24718596134,83499.29236689582,84877.36419800483,86137.0272413562,87272.77030266076,88278.12371548545,89145.82522439957
CHN,Male,CKD,glp1,29093.843406424145,0.0,1683.9341519202717,0.0,15.70681304106256,49.486855165087036,107.1346207424649,184.4950612111279,272.5666678669513,364.6943228599848,457.44061737292213,549.1885550131847,639.1187301039317,726.7340679687914,811.6720009105338,893.636097982424,972.3718723654165,1047.6573918911163,1119.2984989600664,1187.1256934834964,1250.9920871571376,1310.7723414090142,1366.3624220461352,1417.679840670913,1464.6639734650962,1507.276077620074,1545.4987358558428,1579.3346076268936,1608.8045136637666,1633.945001635555,1654.8056205173925,1671.4461658974906,1683.9341519202717
CHN,Male,CKD,diet,9441.772668709149,0.0,599.2411799483671,0.0,3.7775606356735807,9.730977658487973,18.791048216167837,31.90389258254436,49.73400751510053,72.37605911766877,99.28116357765975,129.45189821871463,161.74995795395807,195.13466443550715,228.77041676860244,262.03642322334053,294.4913530467602,325.8279967333365,355.8335433161119,384.3596860844118,411.3019295435224,436.58603927968943,460.15952828142326,481.98645606935315,502.04426129886997,520.3217373454536,536.8175698325649,551.5390897717007,564.5010668298346,575.7244850344141,585.235317728584,593.0633586613258,599.2411799483671
CHN,Male,CKD,combo,38306.90817133612,0.0,2269.634718620451,0.0,19.462321725441143,59.12430441242759,125.6535737636732,215.79172570635274,321.1891364881594,435.3033506164211,554.1828287115204,675.2540980944905,796.5982288753003,916.709081511668,1034.4115819581202,1148.8040425982326,1259.2004079022008,1365.077265817803,1466.0307157408824,1561.7443240894645,1651.967021344506,1736.4988866697095,1815.1826265154377,1887.8987538957008,1954.5628216313053,2015.1234667264216,2069.5604316641256,2117.882103441283,2160.122424795234,2196.3372677811567,2226.600512477089,2251.000147761544,2269.634718620451
CHN,Female,CKD,glp1,30414.737050430398,0.0,1832.5509183535469,0.0,15.072423070552759,47.59845684852917,103.29384998638125,178.40704762724636,264.5379099864658,355.47670053111506,448.0330832731561,540.7058305677201,632.7106414510199,723.5320751386316,812.7516226192529,899.9907431662577,984.8958428975457,1067.1362380180944,1146.404913774386,1222.419234339206,1294.921294826825,1363.678222303788,1428.4826668533206,1489.1534980110882,1545.5365386871272,1597.505085859637,1644.9599789771892,1687.8290531572711,1726.065920677327,1759.6481318564038,1788.5748549176933,1812.86427265362,1832.5509183535469
CHN,Female,CKD,diet,9885.594938799419,0.0,651.3756235233159,0.0,3.6249869356834097,9.36411378181947,18.12994401738979,30.863624278223142,48.25568602986459,70.46842207889131,97.05463431891985,127.12876547018823,159.64864726499945,193.638496580621,228.2933518375794,262.99375005117327,297.27816910034744,330.8051865079033,363.3196972938895,394.62721668461745,424.5759168804507,453.04474017540633,479.93585528801486,505.17002466582926,528.6838036945701,550.4278008499678,570.3654743727093,588.4721320928074,604.7339458160131,619.1468978896883,631.7156512035435,642.4523801149917,651.3756235233159
CHN,Female,CKD,combo,40072.08713050079,0.0,2470.204910307395,0.0,18.67624872174929,56.8728874468361,121.16296592105937,208.68836804002058,311.72655009041773,424.24598019568657,542.6409068498178,664.5624524641898,788.220483334997,912.1538755838992,1035.161671494905,1156.2615516419319,1274.6487870362616,1389.6578783577133,1500.7307417865813,1607.3925868533552,1709.2348857110774,1805.9041595714662,1897.0951570764155,1982.5470587239834,2062.041496727208,2135.4013930899964,2202.4898678131285,2263.2087296609097,2317.4963083990297,2365.324598097519,2406.695841381239,2441.638788122,2470.204910307395
IND,Male,CKD,glp1,20138.381322004163,0.0,1243.5327370377054,0.0,10.316949810447113,32.65736973319872,70.98350373728317,122.58033671524026,181.3598972447944,242.74842939649534,304.3735621711239,365.1621911208931,424.64512791714515,482.6159923037776,538.983606164853,593.7093687713204,646.7793915788643,698.1905314834585,747.9420283932268,796.0295624539285,842.4405832502089,887.1505590889574,930.1200878600066,971.2928997467534,1010.5947886069189,1047.933484948153,1083.1994513644313,1116.267550293749,1146.9995071971061,1175.2470701983693,1200.855749323542,1223.6690040922113,1243.5327370377054
IND,Male,CKD,diet,1514.7919747308479,0.0,102.10434915637597,0.0,0.5733872310156585,1.4835269377726945,2.8755060871189926,4.8960182740556775,7.646388931258116,11.137749759131111,15.280980523399194,19.919338348234305,24.878122681649984,30.00220315247134,35.171945861628046,40.30340357904788,45.34150978727848,50.251969136312255,55.014286486883066,59.61652029224206,64.05159264118993,68.31479510011559,72.40215226459259,76.30938425438944,80.03128624576493,83.56140190624865,86.89190824472462,90.013656019466,92.91632671066327,95.58867745584575,98.01885158999357,100.1947360719787,102.10434915637597
IND,Male,CKD,combo,21618.714568865827,0.0,1343.5133837890753,0.0,10.886989826562058,34.126681402820395,73.81763206108008,127.3841112733935,188.8379191080603,253.6196854113805,319.2736319076794,384.5762882462586,448.88948816471384,511.85609790633316,573.268245790503,633.0051379012584,690.9987309664866,747.2119626755011,801.6236476824997,854.2174441690877,904.9735924874403,953.8627299825021,1000.841398435572,1045.8490247342997,1088.8062357494637,1129.6144011939905,1168.156305474171,1204.2978443187458,1237.890631542221,1268.7753893055778,1296.7859833729453,1321.7539539862046,1343.5133837890753
IND,Female,CKD,glp1,18115.556708070842,0.0,1102.7520775314042,0.0,9.744660339521943,30.70974859308626,66.44345873675775,114.18944219736295,168.1613286098218,224.13838530518115,280.0144710037348,334.8892744512341,388.39956612256356,440.40240074577014,490.8438243189448,539.7061753172966,586.986123046474,632.6843386526307,676.7995892571635,719.3246651920927,760.2432768099679,799.5276754786901,837.1369575196586,873.0160634784843,907.0954862158396,939.2916855519143,969.5081872040028,997.6373237835942,1023.5625569704425,1047.161303052082,1068.3081690116524,1086.878493573473,1102.7520775314042
IND,Female,CKD,diet,1361.4232202511193,0.0,90.49020972692233,0.0,0.5415809819533024,1.3944454535230761,2.6899286765255965,4.559012737641751,7.090057706700463,10.288651500886772,14.069565784440783,18.287457754675415,22.782368193184084,27.413480504968902,32.07296289069927,36.68559638208535,41.202263137107366,45.59244200993271,49.83786109580251,53.92778131256637,57.85572209589009,61.617280947364634,65.20872871030588,68.62613960876479,71.86488775006728,74.91939692634332,77.78306861099554,80.4483379747544,82.90682348620612,85.14954530431714,87.16719339379051,88.95042959270359,90.49020972692233
IND,Female,CKD,combo,19448.406964183014,0.0,1191.5544898678345,0.0,10.283079779292166,32.090906737757905,69.09509407069709,118.66394203394157,175.09865149836696,234.18754906891263,293.7446994250131,352.7302294742476,410.6259671753578,467.1518689143559,522.1485543481467,575.5244990486462,627.2278862735111,677.2290519575618,725.5084343770577,772.0479198357934,816.8245489114488,859.8060055025708,900.9475412791217,940.190115174235,977.4595985002816,1012.6669337380008,1045.7091518952075,1076.4711575284891,1104.8281871653744,1130.6488393093605,1153.7985647740425,1174.143496518387,1191.5544898678345
BRA,Male,CKD,glp1,11009.569095893443,0.0,695.8942478045501,0.0,5.097921430871793,16.10314263141845,34.98151445679832,60.56799623091865,90.1207088698211,121.56640824024726,153.80287569352367,186.28958978032824,218.73955584549913,250.97176969141583,282.8497749829403,314.2574956435492,345.0900660020925,375.2504553392864,404.64820288059127,433.19880974601256,460.82323294536764,487.44729574013036,513.0009854182426,537.4176773770669,560.6333519690743,582.5858776513851,603.2144294581958,622.4591003319074,640.2607473231401,656.561097193,671.3031181070401,684.4316471090278,695.8942478045501
BRA,Male,CKD,diet,850.8778349794811,0.0,58.78261021056824,0.0,0.29379593252087943,0.7605832271256077,1.475328038650332,2.5152369064417144,3.9371001475483354,5.755118511420733,7.934755743510323,10.406768560496857,13.08981286755079,15.908107650735474,18.799543431618076,21.716662928069127,24.624351232174376,27.496774239931256,30.314678007933253,33.06333837479906,35.73111052245076,38.3084363954913,40.787173381577304,43.16014000262658,45.420806961839844,47.56308720854577,49.58119622334925,51.46956503277761,53.222795297908306,54.835649648732215,56.303072332113516,57.62023596097424,58.78261021056824
BRA,Male,CKD,combo,11840.329820538711,0.0,753.4093585152514,0.0,5.3900022953312146,16.856436416022916,36.43559671700132,63.035657358472236,93.97029216003648,127.18158481646242,161.53526632356443,196.42461458293474,231.48423924591407,266.4598120508017,301.1546143496744,335.406408892748,369.07608356379933,402.0413369451344,434.19281046584365,465.4315005272583,495.6668504806148,524.8152008834732,552.7984375555461,579.5427756811405,604.9776771393081,629.0349297794091,651.6479298149934,672.7512079851876,692.2802312425192,710.1714979664393,726.3629286981886,740.7945380856399,753.4093585152514
BRA,Female,CKD,glp1,9916.662837673615,0.0,634.3023971230141,0.0,4.508054271213041,14.233848524887435,30.921641412369354,53.550884270542156,79.7103786142834,107.58460980205928,136.21819044842778,165.1499606960242,194.1380434756902,223.02855534119954,251.70152136009347,280.05036138688956,307.97493319973,335.37978529345855,362.17422329646797,388.2728153373755,413.5957923371898,438.06915314703656,461.62444407583826,484.1982581997727,505.73153564603854,526.1687599190918,545.4571456668273,563.5459047186378,580.3856628841531,595.9280822446817,610.1257243768487,622.9321706037736,634.3023971230141
BRA,Female,CKD,diet,767.1465565935287,0.0,53.544058219013095,0.0,0.25980157334561227,0.6720791964216914,1.3034265230708115,2.222748152740678,3.481349785302882,5.09327736015257,7.029640424669196,9.230712697375566,11.625691418885253,14.148213153650431,16.743523582990747,19.369407164736913,21.994238826970104,24.594382712497463,27.151908849271422,29.65287477466336,32.08612185490347,34.44245740722545,36.7141006613092,38.894300868108985,40.97706595091586,42.95696335761022,44.82897080984549,46.588364863884635,48.23064121601783,49.75146385379776,51.14664148152224,52.41212985262973,53.544058219013095
BRA,Female,CKD,combo,10668.684383247499,0.0,686.9693162505428,0.0,4.766339222529496,14.899540905567846,32.20658847609229,55.73253341571399,83.11666113629326,112.55875118993936,143.07690059292145,174.1529928794953,205.4769489981336,236.83063228444735,268.04085677780677,298.9598735007785,329.4565832691187,359.41229933253635,388.7186166725078,417.27626018078445,444.9943230019053,471.78958195140876,497.5857421423498,522.3125676081181,545.9049194585677,568.3017594743578,589.4451929342686,609.2796258497328,627.751103312934,644.8068810107943,660.3952639691342,674.4657274487181,686.9693162505428
CAN,Male,CKD,glp1,2203.3524015505845,0.0,124.58376320037496,0.0,1.1055242949923922,3.53332144414253,7.743102905605156,13.496888662124547,20.182816994752102,27.314843224839024,34.61074090147031,41.90924528221149,49.10636099909971,56.12547959271615,62.905503379021866,69.3965037027001,75.5581982670119,81.35936162032976,86.77745218050768,91.79819281900745,96.41501562848771,100.62835100771917,104.44477273326174,107.87602744330707,110.9379864630364,113.64956251408967,116.03163453585148,118.106021345935,119.89453995756503,121.4181778369757,122.6964009447438,123.74661166870465,124.58376320037496
CAN,Male,CKD,diet,126.52957736909775,0.0,7.896041236407655,0.0,0.047492153229541145,0.1244052907495643,0.2434287012583809,0.4177175996801452,0.6568887200037352,0.9630251034677713,1.3294344729538352,1.7429836061010064,2.188060456694984,2.649792247240839,3.115646616079175,3.5757797101041433,4.022772732445446,4.451194846456019,4.857191037744087,5.238151798348554,5.592461584491502,5.919306039900221,6.218518288557789,6.490449884106056,6.735857463178036,6.955800355214706,7.151547205869974,7.324491330125056,7.476075342789045,7.607725893838506,7.720799271887699,7.816538380174279,7.896041236407655
CAN,Male,CKD,combo,2327.279066841752,0.0,132.33861315586728,0.0,1.1527392072321163,3.656543606447485,7.98307665192533,13.906869914568233,20.825505700665417,28.255262389705422,35.90770155014616,43.609000454806846,51.24010276977879,58.70998162716387,65.94534237369135,72.88663847623047,79.48630690398113,85.70776344699061,91.52463569662541,96.9200270538413,101.88572013047997,106.4212806476935,110.53305459460262,114.23307320263484,117.53789505349414,120.46742331878795,123.04373953384311,125.28999441933865,127.2293921631499,128.88429831137273,130.27549391337197,131.42159057331537,132.33861315586728
CAN,Female,CKD,glp1,2372.090296539739,0.0,139.04748730168558,0.0,1.1455236889141815,3.61214315700272,7.84722310543475,13.613205093400211,20.32348878582161,27.52628075258417,34.96763141041629,42.50430239252637,50.04076090691706,57.50114928427047,64.81926843191013,71.93585099282518,78.79838158590792,85.3616029489749,91.5880282981525,97.44823405651277,102.92087548898598,107.99242988255719,112.65669615765728,116.91409077031676,120.7707855043127,124.23773550733404,127.32964621867086,130.06392587709797,132.45966637701167,134.53668977057168,136.31469116682274,137.81250162514334,139.04748730168558
CAN,Female,CKD,diet,136.08058265136424,0.0,8.776359472562035,0.0,0.04921048484447965,0.12725757096086454,0.24692543478704465,0.4215720176562172,0.6613501159381485,0.9693454243506494,1.3402514553190485,1.762416655744346,2.221478203438892,2.7033659529752185,3.195843672297997,3.6889067595384404,4.174617790535194,4.646776626525025,5.10060400254315,5.5324893752094795,5.939800305889548,6.320735895553298,6.674207348269192,6.999733572231889,7.297344616927148,7.567489481329176,7.8109473170488855,8.028742528377734,8.222065017928799,8.392197077982928,8.540448361779454,8.668100112819957,8.776359472562035
CAN,Female,CKD,combo,2505.511091462494,0.0,147.6793327503292,0.0,1.1944469018062591,3.738194413165729,8.090664603009827,14.027030478929191,20.970675919932546,28.473115799369225,36.275543111897605,44.22361043073306,52.207948861710065,60.139073709732656,67.938886818436,75.53835414216519,82.87717935360342,89.90399866272946,96.57659225666885,102.86193680379438,108.73603949644257,114.18354160467243,119.19710415208738,123.77660391681547,127.92817841902706,131.66316493243176,134.99698127035663,137.94799557903934,140.53642918020978,142.7833312816856,144.70965776414505,146.33547884756808,147.6793327503292
TUR,Male,CKD,glp1,4915.173542847571,0.0,310.3906625401978,0.0,2.3650416377677175,7.455750114706461,16.155398903099922,27.86977239632688,41.28677178734324,55.44689957321316,69.86616690331721,84.3238174400467,98.7100109458388,112.95684377499674,127.01242022648148,140.8323977230557,154.3776304380699,167.61348800766064,180.50933111712948,193.03775262720956,205.17359326254882,216.89285543947335,228.171646648334,238.98525666423302,249.30743878426802,259.10993449879606,268.36225644283695,277.03172617806194,285.0837503157418,292.48230945473915,299.1906282474556,305.1719907546212,310.3906625401978
TUR,Male,CKD,diet,194.07779385673348,0.0,13.339387074596743,0.0,0.06889156391298457,0.17745749724053894,0.34288987272339,0.5833172793263657,0.9122981491655082,1.3333438593908795,1.8382267868819326,2.410225339308454,3.029596505464724,3.6779565116521553,4.340355256052135,5.005577565767453,5.6655943371442845,6.314793037072377,6.949273931790231,7.566295296892349,8.163864486959937,8.740446266583604,9.294758693806216,9.825632856704033,10.331919314907282,10.81242928935535,11.265902293605905,11.690994316904835,12.086282216914697,12.45028094657755,12.781470832462219,13.078332477569347,13.339387074596743
TUR,Male,CKD,combo,5105.078446976049,0.0,323.4736997232467,0.0,2.4335310391379608,7.631515091487017,16.49339178117043,28.442204118184236,42.17920431209677,56.7487385305285,71.65921041690854,86.67386248305229,101.66378619963871,116.54323715077044,131.24575906582868,145.71604866065718,159.90708291853298,173.7786998847696,187.2963956892163,200.43002919965147,213.1524414106425,225.43808600135526,237.26177398520667,248.59761392440487,259.41820139177435,269.694085570125,279.39351983555025,288.482487204441,296.92497997287137,304.68350476869455,311.7197786417746,317.99557800433104,323.4736997232467
TUR,Female,CKD,glp1,5832.246838755211,0.0,378.98550103979505,0.0,2.671961976273451,8.420261326047694,18.25429104856812,31.54385724731401,46.85033970969562,63.10545878464109,79.75792940216706,96.54955520067597,113.35044755144554,130.08189439778653,146.68550304505698,163.11189450103484,179.31684492176646,195.25996231198224,210.9040298869004,226.21437387102924,241.1580951571632,255.70318500611756,269.8176035962824,283.4684090110386,296.6210131078624,309.2386224989059,321.28190331556107,332.70889008532686,343.47514297271846,353.53414412639904,362.83791287178246,371.33781078387256,378.98550103979505
TUR,Female,CKD,diet,228.91172632881535,0.0,16.20799752793755,0.0,0.07783188098255778,0.2008132038263284,0.3885282817100233,0.6613280985493475,1.0343577803396329,1.511670585061438,2.0845332099488587,2.735066182714945,3.4421896850944904,4.1862963788626075,4.9514089944605075,5.725449210993247,6.499627335902915,7.267623861393076,8.024858549084456,8.767925711290445,9.494184989827772,10.201472801403725,10.887900846006232,11.551716127898544,12.19120491738795,12.80462912018993,13.390187578195764,13.94599735554948,14.47009154526313,14.960430942352104,15.414927330461069,15.83147629612722,16.20799752793755
TUR,Female,CKD,combo,6056.680335513567,0.0,394.9246704467914,0.0,2.7493395045621583,8.619170670863241,18.637332901875197,32.19302789401627,47.86256896156192,64.58212389872824,81.79238665161756,99.21809479302465,116.70903058753538,134.1674714642395,151.51947150220076,168.70384847862806,185.66775228927872,202.36455801157717,218.75250544598384,234.7935215623329,250.45205619869012,265.69391807623833,280.48515767615754,294.7910599534116,308.5753063847951,321.7993534636007,334.4220591186822,346.39957264066106,357.68548905271746,368.2312561342296,377.9868116847938,386.90142006477254,394.9246704467914
ZAF,Male,CKD,glp1,2849.284375965496,0.0,164.14975188696553,0.0,1.6798149023579754,5.285766564980804,11.438424188502722,19.637455420064725,28.836736072829808,38.268871760703405,47.54967677287095,56.517136742713774,65.11134103403492,73.31701303694899,81.13899387030142,88.59152537968293,95.69285899754504,102.46192357423206,108.91591080359831,115.06842906745806,120.92814240937878,126.4978814321621,131.77421592713472,136.7474632835474,141.40208932655514,145.7174445277269,149.66876956303895,153.2283995808757,156.3670955646703,159.05543314082024,161.26518352857056,162.97062760522385,164.14975188696553
ZAF,Male,CKD,diet,5.842221946589234,0.0,0.3674087607560068,0.0,0.0025325759143015603,0.006497417411083006,0.012521104655206727,0.021215135537204333,0.03297526621736324,0.04778619348053326,0.06518552463785454,0.08442168689180107,0.10468573448633833,0.12528239822131582,0.14569825859871344,0.16559611386765027,0.18477732522842416,0.20313911549237673,0.22063831562263658,0.23726426702341996,0.2530200271503418,0.26791009984481207,0.2819329964222561,0.2950772856565891,0.3073201369970775,0.31862763006029127,0.328956294028103,0.3382554708568932,0.3464701857774344,0.35354427114907594,0.35942353686186834,0.36405881774226145,0.3674087607560068
ZAF,Male,CKD,combo,2855.046257288205,0.0,164.51371515864594,0.0,1.6823326940639163,5.292203201011944,11.45077313625552,19.65829786474569,28.869053215024906,38.31565332584614,47.61348046408966,56.59979694984759,65.21390438316848,73.43984357740374,81.28194764435466,88.75412162865905,95.87441590865274,102.66165298863052,109.13297775576939,115.30198484620087,121.17733911332652,126.76187432645202,132.05215829578447,137.03849718717174,141.7053347181809,146.0319884787823,149.99365683313954,153.5626253710434,156.70960098499745,159.40510367481147,161.62085057217882,163.33107298996583,164.51371515864594
ZAF,Female,CKD,glp1,2492.7632310632034,0.0,135.901154650639,0.0,1.7765023607262265,5.550445298047634,11.909524290136687,20.17653859530219,29.166308406496682,38.08834683463647,46.59981367491855,54.59123182593248,62.047368640418426,68.98800915561696,75.44605954671533,81.4593968642348,87.06716065557157,92.30735888657,97.2149098941627,101.81997092022357,106.14659780183501,110.21180134107817,114.0250390682304,117.58814738865112,120.89569021031639,123.93567829331369,126.69059819809081,129.13867979291172,131.255325941931,133.0146266305528,134.39088197316414,135.36006392277886,135.901154650639
ZAF,Female,CKD,diet,5.086670278635211,0.0,0.30356482033130305,0.0,0.0026783469329529908,0.00679033758751757,0.012952710436366033,0.021720282536989544,0.033403702358555165,0.04786547764342686,0.0645107305062993,0.08248763063238584,0.10094776404912409,0.11921808692386549,0.13685097605048213,0.15359654414896795,0.1693480384474242,0.18408924423420103,0.1978538513994863,0.21069730746603454,0.22267861216278106,0.23384924294805387,0.2442469880279532,0.2538931243125262,0.26279188987791713,0.27093154492285976,0.27828653094729816,0.28482036772220454,0.2904890050976974,0.29524439499618893,0.2990380825722241,0.30182464336212433,0.30356482033130305
ZAF,Female,CKD,combo,2497.8172375075683,0.0,136.20416081591975,0.0,1.7791650724939245,5.557175318888767,11.92231592866483,20.197930801225084,29.199168928966174,38.1354365345087,46.66332669050098,54.67252972433016,62.146973534296194,69.10577065919642,75.58137507373976,81.6114072511973,87.23489321119814,92.4898189357591,97.41113213488643,102.02904270354338,106.36766407822688,110.44405830882533,114.26772139238892,117.84051232756246,121.15700095364264,124.20518812059527,126.96753658376292,129.42224122848893,131.54466196641988,133.30884132750907,134.68903099214367,135.6611569086872,136.20416081591975
MEX,Male,CKD,glp1,11812.652227479746,0.0,670.2122915808068,0.0,6.5455288140510675,20.47519560110959,44.06408050796017,75.5859483756285,111.42083779357927,148.9067924241026,186.66513222883805,224.04452897712326,260.71630899929005,296.48320139147836,331.2003436095765,364.7444101154979,397.0020576539464,427.8659594746423,457.2338026139696,485.00843427582004,511.0984387843346,535.418852748684,557.891894112734,578.447649792186,597.0246976546769,613.5706546855727,628.0426526489537,640.407748174126,650.6432767744118,658.7371601260966,664.6881733143018,668.5061742262478,670.2122915808068
MEX,Male,CKD,diet,582.6702863858955,0.0,36.29540870757046,0.0,0.24220366406370886,0.6205310162658861,1.1918422909911897,2.013015498734603,3.1229343803352094,4.525661224244686,6.186928263930895,8.04648510379775,10.03649901116296,12.09531684085232,14.17332973300654,16.233205261829426,18.247670396747708,20.196865260899358,22.066109414270613,23.84426700239419,25.522638434020337,27.094244010731927,28.553376514471893,29.895329794933787,31.116238893504487,32.21298909114557,33.183166584210994,34.02503372069623,34.73751833511051,35.320210850957665,35.77336529776949,36.097901787245064,36.29540870757046
MEX,Male,CKD,combo,12388.158073448543,0.0,706.3357723079971,0.0,6.78631858594963,21.089894595112128,45.23938162090053,77.56292150737863,114.47937262251799,153.33265354598552,192.7125012104516,231.91015583463013,270.53155713827437,308.31961684065027,345.08108338819875,380.65601666997827,414.9041551721821,447.69842230388167,478.92177651517704,508.46578130505804,536.2301116813978,562.1225768553268,586.0594167888339,607.9657276559592,627.7759296301374,645.4342275546223,660.8950393357518,674.1233824430092,685.095217904076,693.7977550299547,700.2297199037785,704.401587501372,706.3357723079971
MEX,Female,CKD,glp1,13442.228638565448,0.0,828.4294614095415,0.0,6.506249430738535,20.45794398509679,44.25803203284522,76.34026195509068,113.20004732523375,152.23551229184523,192.0967966623066,232.14623758658126,272.0597220889249,311.6372740108709,350.72472981795727,389.1833850184121,426.87903798570915,463.67869467052515,499.4502458278366,534.0632451924757,567.3900319209424,599.3068865431269,629.6950935587738,658.4418640977965,685.4411103110251,710.5940833361528,733.8098981018193,755.0059744351747,774.1084262398363,791.0524294258357,805.7825951457198,818.2533681572531,828.4294614095415
MEX,Female,CKD,diet,667.5882753131809,0.0,44.97305143225822,0.0,0.2407502122769074,0.6201111698646855,1.1974643564462895,2.0338188134119264,3.1736800067592412,4.627471751824487,6.366873430059059,8.33621394950751,10.47052035723027,12.70944748276088,15.003522471197357,17.314739574983832,19.614605824943283,21.881660911487415,24.09934212322696,26.254407749409438,28.33586483986437,30.33427727031085,32.24133660688676,34.049605457919824,35.75237007051328,37.34356017609389,38.81770924000011,40.16993854446628,41.3959552704473,42.49205900949164,43.45515371136571,44.28276349817315,44.97305143225822
MEX,Female,CKD,combo,14098.662409297845,0.0,872.8817879223425,0.0,6.745594235540921,21.072182782310847,45.43863289953151,78.33685392640473,116.30624993377569,156.75674417881237,198.3125138213436,240.28287703469687,282.28118208931846,324.0490467490454,365.3842275999559,406.11093982541206,446.0670631857065,485.0984724545051,523.0566598406076,559.797992232503,595.1837982761062,629.080856308683,661.3620432540483,691.9070106500149,720.6028182056834,747.3444959631597,772.03553222747,794.5883006128352,814.9244484204974,832.9752716504954,848.6821003494915,861.9967126675474,872.8817879223425
AUS,Male,CKD,glp1,1511.4924792460833,0.0,91.76824741397104,0.0,0.7027810149334073,2.250243879512709,4.943743165331398,8.641085793367893,12.957057751452794,17.581641481823226,22.332880982920415,27.10652036659303,31.836592742619814,36.47671687824368,40.99234045416506,45.357453744235045,49.552924542682376,53.56538333433946,57.386304097970424,61.01118241180302,64.43879100373033,67.67050963281599,70.70972538864135,73.56129636519381,76.23107038586386,78.72545135711243,81.05100815379956,83.21412382300241,85.22068565524569,87.07581886340904,88.78366798339903,90.34723057790507,91.76824741397104
AUS,Male,CKD,diet,28.322126466377995,0.0,1.8912012813634647,0.0,0.009829824436565104,0.02580242643807651,0.05062447347745547,0.08710589386600986,0.13732117821473366,0.20176626175043566,0.2790941308389847,0.3666089546900366,0.46110924031336253,0.5595744706547521,0.6595049662510064,0.7589895954215535,0.8566383823172146,0.9514756566841243,1.0428386931598652,1.1302959723825552,1.2135855796850592,1.2925698832286798,1.367202134108993,1.4375013916778698,1.5035331472254256,1.5653938552613909,1.6231982151139164,1.6770684970797447,1.7271255166551782,1.773481063764848,1.816231719458301,1.855454060858392,1.8912012813634647
AUS,Male,CKD,combo,1539.2033185552696,0.0,93.6228797092308,0.0,0.7125534566221177,2.2758005529390175,4.9936471414084735,8.726571632701052,13.091392638328216,17.778633124533826,22.605086271996242,27.463917884479542,32.28607299920259,37.022243385538786,41.635445643810726,46.09780457538545,50.388825432433805,54.49417712765626,58.40467573690967,62.11538392398688,65.62480708964722,68.93417948404931,72.0468321981698,74.96763253519748,77.70248391085624,80.25787713644604,82.64048687430386,84.85681037495306,86.91284866608021,88.81383275146163,90.56399887318912,92.16641742375214,93.6228797092308
AUS,Female,CKD,glp1,1298.2956749428304,0.0,81.86873960637604,0.0,0.5458695550410084,1.7348546167963832,3.7979854805039395,6.64162648817728,9.998041951728283,13.654481120658147,17.486642073324674,21.420273359686234,25.40313109082308,29.392824788034886,33.35271688120929,37.25089327139631,41.06004449422471,44.75746762169956,48.324956111338906,51.748547115838846,55.01815710883375,58.12714634280292,61.071846073812594,63.85107296458773,66.46564704650518,68.91792408626043,71.21134993334908,73.35004282458794,75.338409063781,77.18079743721319,78.8811977501482,80.44298868409078,81.86873960637604
AUS,Female,CKD,diet,24.187137468483343,0.0,1.6736252379587313,0.0,0.0076350979575181555,0.019917741386052512,0.03896539581592151,0.06703027417506746,0.1058932753994668,0.1562254108862362,0.21734235561370951,0.2875043889830522,0.36449007623650687,0.446087096634983,0.5303556595340524,0.6157061222543234,0.7008801534630038,0.7848993530537882,0.8670119747835088,0.9466479842294575,1.0233836472716575,1.096913909077557,1.1670304165108973,1.233603433326607,1.2965664207786176,1.3559024957003203,1.4116322993731956,1.4638030311834882,1.5124785478465128,1.557730522789825,1.599630715882995,1.6382444303762895,1.6736252379587313
AUS,Female,CKD,combo,1322.078282056827,0.0,83.52078061090651,0.0,0.5534600822220455,1.7545848118379581,3.836408206226224,6.7074478327708675,10.101721480702963,13.80718472296985,17.69892393414375,21.701036252975427,25.759142172391876,29.828710762395076,33.871218661732655,37.85319924720898,41.746107936842236,45.5262759348434,49.17474958491766,52.676994940568875,56.02249967120315,59.204311191909255,62.218542903848174,65.06387128102233,67.74103900990212,70.25237427703269,72.60133334026159,74.79207213264908,76.82905223171656,78.71668655973463,80.45903025865846,82.0595220232326,83.52078061090651
NZL,Male,CKD,glp1,292.43108272130746,0.0,17.094705108246558,0.0,0.1609739181525356,0.5058917145498754,1.0923871689898306,1.8788034987600213,2.775084846530717,3.7134858181126447,4.657481722104194,5.588700573924825,6.497281150369986,7.377291833002573,8.224797184317254,9.03704516063135,9.812099397238399,10.548648328600848,11.245888328291926,11.903440965998811,12.521287646290034,13.099713455101323,13.639255512423006,14.140652936561537,14.604796803832073,15.032679556147741,15.425344216213375,15.783834491804441,16.109147357274082,16.40218997680222,16.663742883142277,16.894431167893003,17.094705108246558
NZL,Male,CKD,diet,7.000603509930784,0.0,0.4510798992432683,0.0,0.002876702939261122,0.007407467427242409,0.014280106049000096,0.0241841506858691,0.03758620700443771,0.05452173430762741,0.0745520487265594,0.09691795720527807,0.12076933695504977,0.14533820218218807,0.1700139523652524,0.19434798422503263,0.21802683232431264,0.24083904120391253,0.26264650905591225,0.28336287413787886,0.302938214499477,0.3213484823905901,0.3385881920285101,0.3546652316709924,0.3695970207128312,0.38340750862732875,0.39612471092323176,0.4077786125092189,0.4183993572274858,0.42801569703237874,0.43665370510916546,0.4443357711614908,0.4510798992432683
NZL,Male,CKD,combo,299.27112237948506,0.0,17.536331730563575,0.0,0.1638338280025664,0.5132283516077223,1.1064625014233798,1.902533046982171,2.8118425988378704,3.7666962156622503,4.730158075233362,5.683128781289611,6.614926508363965,7.51887520780258,8.390445577785044,9.226447750686248,10.024638147327664,10.783496821769518,11.502083002145127,12.179931488191073,12.81697250361242,13.413465320534897,13.969939529603721,14.487139972059936,14.96597296485902,15.407452784822453,15.81264847678085,16.182631903362562,16.51842854644633,16.82097289980436,17.0910703717185,17.329367472206286,17.536331730563575
NZL,Female,CKD,glp1,227.4386781847894,0.0,13.455692692176513,0.0,0.12091273741475561,0.3783360631339292,0.8144895346370049,1.3992435958169835,2.068024671085027,2.772787340720811,3.48780647317642,4.199987320417108,4.9019331546051035,5.588745349911733,6.256734272659742,6.902920428182938,7.52483790322492,8.12044976120876,8.688104440658776,9.226506961840983,9.734694852905932,10.212014414808891,10.658095103147616,11.072820850108087,11.456297874610186,11.80881914656129,12.130826207524024,12.422869482913484,12.685568525647227,12.919573794136454,13.1255315871731,13.30405364438161,13.455692692176513
NZL,Female,CKD,diet,5.412491114393902,0.0,0.3527096661681526,0.0,0.0021607849960219028,0.005544612119933845,0.010661131936558377,0.018025119756202912,0.027994708908181565,0.04062032645151703,0.05561086095030987,0.0724400087738104,0.090507535831307,0.10926173096686398,0.12825370742564246,0.14714243758328394,0.16567779103036173,0.1836790619945532,0.20101639720803632,0.21759688169197489,0.23335477619411904,0.248244829184614,0.2622376618784301,0.2753164701679225,0.28747452762945613,0.29871316182880037,0.309040010364356,0.31846745410530275,0.32701118430975384,0.33468889687753745,0.341519127490983,0.3475202505699144,0.3527096661681526
NZL,Female,CKD,combo,232.74869498610383,0.0,13.802954890285378,0.0,0.12306090857612162,0.3838281344484358,0.8250003705704785,1.41693797860205,2.095421235945537,2.812467471089235,3.542081429365453,4.270665620996397,4.990244620463045,5.695385083298561,6.381960447989741,7.046657804059919,7.686765418936034,8.30006762945834,8.88478341973996,9.439524251046123,9.963260596368514,10.455291771493194,10.915215877875994,11.342897951208101,11.738435365329678,12.10212034042263,12.434400070708989,12.73583550799924,13.007060199847842,13.248740779713671,13.461540746253263,13.646089064011903,13.802954890285378
ROU,Male,CKD,glp1,639.0472289371642,0.0,32.08521679953401,0.0,0.4952092441683362,1.52388082832681,3.2222864503435176,5.424289327144152,7.838487233859041,10.261015476382909,12.591696015537991,14.788095842830216,16.834079788241297,18.725342708321705,20.463389086852885,22.052912484886747,23.50043431639483,24.8134143843115,25.99958053705518,27.066413032336186,28.020772647600552,28.86866739098491,29.615145246641987,30.264292472390935,30.81931244696625,31.28265931221199,31.656202796122898,31.94140448564508,32.139490421264554,32.25160945160428,32.27897083598873,32.22295787321468,32.08521679953401
ROU,Male,CKD,diet,213.412964127564,0.0,11.92825085544223,0.0,0.12485797888984962,0.3145316532036304,0.5935055978231958,0.9842442218218821,1.498394049607441,2.129576152604841,2.853428659098654,3.6352337570442614,4.439634773513717,5.237228495599538,6.006848048905567,6.73499477881478,7.414138875180697,8.0409188296303,8.614649251550418,9.136217072648606,9.607319767779472,10.029969097977755,10.406188955067137,10.737849864271766,11.026596478256579,11.273835699496658,11.480761852188607,11.648402059173122,11.777670123951793,11.869421122502672,11.924501828847724,11.943794226671116,11.92825085544223
ROU,Male,CKD,combo,847.6269457138028,0.0,43.76956549946067,0.0,0.6193383500278742,1.835407276664455,3.807292551320643,6.390080301639728,9.304008753814514,12.33973945939465,15.37403578385397,18.33108682951024,21.160531370894887,23.82946932713503,26.318728315758108,28.619740711397753,30.73156205562691,32.65824891994316,34.40674627851217,35.985301317735775,37.402350088513,38.6657991140014,39.78262100674692,40.75868842898353,41.598779330056004,42.30669644154068,42.88545456098632,43.337499500489,43.66493213118383,43.86971929281617,43.95388021931467,43.91964249648072,43.76956549946067
ROU,Female,CKD,glp1,650.6298257371914,0.0,33.40899852056282,0.0,0.49193424508393946,1.515145580628996,3.2041915795207387,5.3948392235590745,7.800867029560777,10.22323677290342,12.56456351173756,14.783162222335022,16.86201983387764,18.794829796206386,20.580493539780946,22.220992230785214,23.720436223705974,25.08446813117348,26.319753956892555,27.43350625491871,28.43305110477536,29.325463344283207,30.11728773560594,30.814352296468996,31.42166973511962,31.943415704044583,32.38296862417519,32.74299459881195,33.025561677209225,33.23226969644543,33.364384502823896,33.42296806419472,33.40899852056282
ROU,Female,CKD,diet,216.46211526752336,0.0,12.381035554401251,0.0,0.12403224760282683,0.31297232898464244,0.5908898881962159,0.9797468126048443,1.4909422391697262,2.1184243301820516,2.838780460530188,3.6185496681200675,4.423474760240197,5.224767481690378,6.0013180455955535,6.73924938313894,7.430423164049444,8.070839913000555,8.659297458673109,9.19637474161118,9.683699897362658,10.123439451903096,10.517952452500595,10.869566011772804,11.180439751122549,11.452494769786199,11.687388578762238,11.886521687575168,12.0510647842666,12.181998047356728,12.280156254960275,12.346275102363279,12.381035554401251
ROU,Female,CKD,combo,862.1355213333234,0.0,45.53203669565619,0.0,0.615242439959502,1.8251289878805892,3.7866277310629357,6.356231662866776,9.259095253903979,12.29099550003707,15.332393794495374,18.309450067667967,21.17201202639012,23.88580357101,26.429133712212433,28.790378756292284,30.965607810959455,32.956447527658156,34.768278417865076,36.40877461210516,37.88676071598434,39.21134997409922,40.391327589253024,41.43474365995007,42.34868044379232,43.1391592242328,43.811153653319934,44.3686792687738,44.814932731499994,45.15245878484416,45.38332755056672,45.50930916898392,45.53203669565619
BGR,Male,CKD,glp1,348.85953702580287,0.0,16.494848436872985,0.0,0.2966147292545429,0.9138810559043122,1.9315687622142832,3.244937708770749,4.673548588928497,6.091040993365596,7.43511288159084,8.67973764070939,9.816016749221944,10.843138311982102,11.76436866640529,12.5851320125048,13.311944566668899,13.95173797450434,14.511399887468087,14.997462672797155,15.415905330690066,15.772044692159966,16.070496048301152,16.315185791516,16.509400914470348,16.655862574112803,16.75681330824409,16.81410975865981,16.829314801936107,16.803784752568845,16.738748758013116,16.635378655966747,16.494848436872985
BGR,Male,CKD,diet,115.31778691734701,0.0,6.10578559961948,0.0,0.07437849506300154,0.1875282598969079,0.3536691288941256,0.5854712089906116,0.8887166848041943,1.25803176714021,1.6772272712287304,2.124293621930974,2.577504378174808,3.019392025236357,3.437954822210031,3.8260964084936404,4.180418174055831,4.500014458328678,4.785512474095185,5.038387425053088,5.2605066661406,5.453843070882613,5.620306086501046,5.761651714701998,5.879443925481041,5.9750485408957275,6.049646694116632,6.104259180607187,6.139775919012209,6.156986736450676,6.156611068631946,6.139325110709478,6.10578559961948
BGR,Male,CKD,combo,461.54053476647005,0.0,22.473869806492644,0.0,0.3705590311683409,1.099614976039902,2.2801612564257994,3.819402975615276,5.542715938338915,7.318954090214902,9.070448660225793,10.749991594012954,12.327639102635885,13.78558091083869,15.11534815654295,16.31537913524312,17.388798155687937,18.3415773669376,19.181147912951474,19.91542345614812,20.552157866242396,21.098555932845784,21.56106771282282,21.945311704382902,22.256085111379775,22.497430027410815,22.67273259871206,22.784838558157503,22.836173376090983,22.82885897371864,22.764821737042325,22.645888642143746,22.473869806492644
BGR,Female,CKD,glp1,285.8317876724735,0.0,13.651235742783456,0.0,0.2379654126771129,0.732572748052462,1.547928113525586,2.6025518063962636,3.7553589005584627,4.9071627216304705,6.007931694260719,7.035110509355377,7.9791019727823596,8.83667308888164,9.608158456509955,10.296139843553306,10.9046696059429,11.438714947698486,11.903723163582413,12.305279230907558,12.64884534354951,12.939574169391221,13.182186325360135,13.38090148504648,13.5394123746363,13.660891531831112,13.748021803159077,13.803042883394255,13.827807578096667,13.823842783045166,13.792411356530238,13.73457207933484,13.651235742783456
BGR,Female,CKD,diet,94.05755373429099,0.0,5.031630251951583,0.0,0.05967171393160697,0.1503870482857792,0.2836352619074205,0.46987747529919943,0.7142268633461981,1.012883079714129,1.3531963418255373,1.7175229946903983,2.0881147981185677,2.450421450380759,2.794209151415771,3.1132349128774877,3.404352995093177,3.666579576888239,3.9003229179171512,4.106815918485495,4.287723150751617,4.444880299939882,4.580128343340334,4.695213520378388,4.79173221052838,4.87110603831411,4.934576966947702,4.98321523874381,5.0179351688846054,5.0395153003980795,5.04862048996938,5.045824253966202,5.031630251951583
BGR,Female,CKD,combo,377.5637381927796,0.0,18.565606321836185,0.0,0.297288786011336,0.8815151332479445,1.8274618984573863,3.0634974990866795,4.45362882441475,5.895294621167523,7.32644859616812,8.707560954429596,10.011862375595001,11.221988995537913,12.328300714221314,13.327264776380503,14.219823886020208,15.009938914610188,15.703409669791085,16.306982418067378,16.82770759604125,17.272499231277493,17.647850329264543,17.959665730205188,18.213181521902584,18.412946683717223,18.562848018971863,18.6661637491502,18.72563459543619,18.7435439373902,18.72180084870888,18.662021565670898,18.565606321836185
ISR,Male,CKD,glp1,777.3250827836114,0.0,49.711269048891154,0.0,0.34342326263276846,1.0962824683613235,2.4031743023192575,4.198820955631163,6.304150851559825,8.574544627310615,10.923568193132041,13.29975658754438,15.669015607747951,18.00664097414824,20.294246890236536,22.51855588064518,24.670728678327123,26.745762396140435,28.741834711789124,30.659599495475504,32.50147603614687,34.27097552955183,35.97209800209339,37.608819942857735,39.18468140711275,40.70247252301715,42.16401333701333,43.570017431326505,44.920028204071514,46.21241654718597,47.44442936612313,48.61227952521858,49.711269048891154
ISR,Male,CKD,diet,36.017021909699224,0.0,2.5306653732832274,0.0,0.011840743604579984,0.031037522429642195,0.06079905732894986,0.10445962254721053,0.16452018285303893,0.24168867455091458,0.3345712505688425,0.44021129065504283,0.5550213468964103,0.6755529665026643,0.798895736886152,0.9227823106243704,1.0455419103204804,1.166001300814969,1.283380386744284,1.397198956824468,1.5071979080539677,1.613273998902514,1.715426362728067,1.8137131932130615,1.9082173141305248,1.9990195497762215,2.086178922470026,2.1697187669951745,2.2496179064023636,2.3258060970674705,2.3981630265193417,2.4665202300052442,2.5306653732832274
ISR,Male,CKD,combo,812.6617839371538,0.0,52.201606103410995,0.0,0.35519488451427605,1.1270267952820632,2.4631214294113306,4.301378874634793,6.465186134826581,8.810689313152807,11.25017631169635,13.729364264709602,16.210704027977954,18.666151347116966,21.07448875600926,23.42022252301399,25.692871282952183,27.88627083993606,29.997818919949168,32.027681560594374,33.978006683116746,35.85218769593894,37.65420867111243,39.38808989465588,41.05744136441945,42.66512316670651,44.2130057645727,45.701819781535505,47.13108336626556,48.49909512293152,49.8029813679118,51.03878768879804,52.201606103410995
ISR,Female,CKD,glp1,717.9566276084804,0.0,45.92736441836678,0.0,0.2912688769529268,0.9318017154353129,2.0502019167388426,3.6023765512795762,5.448544010768956,7.473821919444617,9.607226534119263,11.80290287517505,14.026455918555712,16.249372524224782,18.447471651461456,20.60075799619699,22.693530779605226,24.714342161483955,26.65571758079159,28.513672802348992,30.287099886384112,31.97709575519775,33.58629442889924,35.11824736356539,36.57688024641493,37.96604105410006,39.2891437942144,40.54890506442507,41.74716597023507,42.88478949100181,43.96162250155248,44.976511819540065,45.92736441836678
ISR,Female,CKD,diet,33.03857306718942,0.0,2.326600931514804,0.0,0.010042534875537967,0.026415940107881397,0.051976433553818424,0.08974707571246654,0.1421159368589997,0.21000043582716899,0.29252733742009696,0.38741689953576497,0.49171897453197744,0.6024493247675764,0.7169456750441441,0.8329939176257994,0.9488313294198178,1.0631017848431839,1.174798609660229,1.2832077831521929,1.3878547414524292,1.488455268181042,1.584870599354872,1.6770670373689427,1.765080456963915,1.8489860036697792,1.9288730961570764,2.0048256281693284,2.076907077341275,2.1451500929997565,2.2095500571153934,2.2700620839641488,2.326600931514804
ISR,Female,CKD,combo,750.4668072553884,0.0,48.225539011583805,0.0,0.3012527873588624,0.9579699993894337,2.101460800904988,3.6905241242238844,5.587729906015966,7.679160569796295,9.893056869243082,12.18140313433696,14.50697024128317,16.83835843570273,19.14879792761053,21.416129450942435,23.622919753451242,25.75637933460007,27.808029492774494,29.773165913592948,31.65019424510365,33.439911855948594,35.14479701824985,36.76835028533378,38.314516845218805,39.78720500313284,41.189905374059435,42.52540786534064,43.795608745710524,45.001397506385274,46.14261225409018,47.218052504003936,48.225539011583805
NGA,Male,CKD,glp1,8213.985989561937,0.0,497.96852400577336,0.0,4.254438363077497,13.363946375986416,28.981556249582354,49.92991000010079,73.66534726067766,98.33759198381813,123.04943967288273,147.44767917653735,171.41566388913998,194.9246786520598,217.97109866932806,240.5512214797891,262.6517098022232,284.2464419389835,305.29599084931033,325.7481597616861,345.53891840705546,364.5934879655215,382.8275144126601,400.14836277427094,416.4566030234637,431.64776141288166,445.6143902017502,458.24847284056887,469.4441386773615,479.1006182899946,487.1253335559595,493.4369898694931,497.96852400577336
NGA,Male,CKD,combo,8213.985989561937,0.0,497.96852400577336,0.0,4.254438363077497,13.363946375986416,28.981556249582354,49.92991000010079,73.66534726067766,98.33759198381813,123.04943967288273,147.44767917653735,171.41566388913998,194.9246786520598,217.97109866932806,240.5512214797891,262.6517098022232,284.2464419389835,305.29599084931033,325.7481597616861,345.53891840705546,364.5934879655215,382.8275144126601,400.14836277427094,416.4566030234637,431.64776141288166,445.6143902017502,458.24847284056887,469.4441386773615,479.1006182899946,487.1253335559595,493.4369898694931,497.96852400577336
NGA,Female,CKD,glp1,5082.454600275585,0.0,300.9923591081315,0.0,2.540693521121284,8.191593399724297,18.058125633009695,31.528077307366402,46.97645872767862,63.12576455491944,79.29508581018308,95.17115099289367,110.61600146098135,125.56952196159546,140.00644625697896,153.91780399501295,167.3024498466948,180.16261950487387,192.5010868430545,204.3189889876412,215.6139923875271,226.37872357280867,236.59949399206744,246.2553896647878,255.31780377847826,263.7504762915305,271.51007605971245,278.54732374727246,284.80861339736657,290.2380522634594,294.77980676817606,298.3806204405373,300.9923591081315
NGA,Female,CKD,combo,5082.454600275585,0.0,300.9923591081315,0.0,2.540693521121284,8.191593399724297,18.058125633009695,31.528077307366402,46.97645872767862,63.12576455491944,79.29508581018308,95.17115099289367,110.61600146098135,125.56952196159546,140.00644625697896,153.91780399501295,167.3024498466948,180.16261950487387,192.5010868430545,204.3189889876412,215.6139923875271,226.37872357280867,236.59949399206744,246.2553896647878,255.31780377847826,263.7504762915305,271.51007605971245,278.54732374727246,284.80861339736657,290.2380522634594,294.77980676817606,298.3806204405373,300.9923591081315
EGY,Male,CKD,glp1,8526.407574505818,0.0,538.2929582299621,0.0,4.076350175746484,12.880486753987498,28.018321929488593,48.5101167004359,72.05170826302856,96.90066842139277,122.13961867798935,147.33232205875538,172.2643782439227,196.82019928840236,220.93180228895653,244.5573332833992,267.6705984366199,290.2543740272631,312.2950204745903,333.77773330913624,354.6823907752041,374.9801321223713,394.6308093565349,413.5814084564299,431.7654755834992,449.103525360566,465.50435772541823,480.8671692148491,495.08431427419055,508.0445520988069,519.636604034742,529.7528449401289,538.2929582299621
EGY,Male,CKD,diet,373.5617641543249,0.0,25.657176418753807,0.0,0.13115775644109817,0.33856634094627225,0.6566351962901535,1.1212719533468771,1.7590426134011068,2.5762490289962443,3.5555899567116285,4.6628449129457294,5.858127703297214,7.104904118368722,8.374219928835373,9.645201500959956,10.903745251725923,12.140731037030491,13.350383426939516,14.528972532800253,15.67385619038032,16.782805659026053,17.853551276515645,18.88349550413477,19.86955374601166,20.808093686395296,21.694951053581462,22.52550431799318,23.29479368711327,23.997671565783094,24.62897290395631,25.18369488564349,25.657176418753807
EGY,Male,CKD,combo,8891.265313731932,0.0,563.4008850832179,0.0,4.20674228347707,13.215802905338933,28.66546638980435,49.61011167849938,73.77163225547702,99.41449053329416,125.60521755779337,151.8748037125697,177.97033197977362,203.74077961314833,229.08998631640497,253.9557163794234,278.29795052635745,302.09048004669967,325.3139392462799,347.9497988564144,369.9752841703703,391.3592972232982,412.05942493737166,432.0200787451613,451.171763118713,469.431421929472,486.70376788195426,502.8834640266941,517.8579988271667,531.511077881627,543.726346105097,554.3912535210329,563.4008850832179
EGY,Female,CKD,glp1,9501.26809308747,0.0,608.5432619515923,0.0,4.769780030928814,14.780368910818652,31.67121652163405,54.229989172723435,79.90969423239949,106.86916182013738,134.18965120192297,161.46820738324095,188.5291846784312,215.29133461156016,241.71380883819074,267.77408136216036,293.457475886069,318.750623314736,343.63628171461096,368.0888596777986,392.0706340721881,415.52882610366214,438.39369839088977,460.5777760906385,481.9762212317073,502.4683184250971,521.9199687505679,540.1870395008445,557.1193814722646,572.5653026467116,586.3762769251625,598.411668168781,608.5432619515923
EGY,Female,CKD,diet,416.49957270583036,0.0,29.012232190892973,0.0,0.15346906438935548,0.38875642321363557,0.7428751361876493,1.2539882363707875,1.9500289728093776,2.8374956435727654,3.898374722120934,5.097427999608044,6.393937024469778,7.750877798200236,9.13905776100728,10.537444913985382,11.931706636478339,13.312322195550223,14.672887464490486,16.008790519565082,17.31624950999685,18.59164868026346,19.83110566378673,21.030215704027796,22.183931948966347,23.286551298915583,24.331782177861896,25.312874867013306,26.222797622111102,27.054443447705125,27.80085364687693,28.455445435392903,29.012232190892973
EGY,Female,CKD,combo,9908.36669344196,0.0,636.9623914965196,0.0,4.922353201731312,15.165410165747744,32.40343478286377,55.460402282009454,81.81680822447379,109.63867886695516,137.99056799663595,166.43579811712334,194.75941169528596,222.844249236834,250.6210470174483,278.0467350500039,305.09258052688165,331.73583197456173,357.952902604673,383.7136112609878,408.976466067641,433.68509393220666,457.76591456608,481.1271098689176,503.6588785593776,525.2349048697724,545.7149153719656,564.9481529703771,582.7775635627258,599.0444695821425,613.5934956142883,626.2775139757287,636.9623914965196
BGD,Male,CKD,glp1,4723.966146000494,0.0,276.16670291929404,0.0,2.6295158195462136,8.234717994599123,17.73446101569789,30.411383299247973,44.771689176131986,59.721925781743266,74.7042918352472,89.46440294260174,103.88168425223012,117.88969381307288,131.4440934482318,144.51091313572033,157.06258354126294,169.07658367682598,180.53473212377503,191.42246489797617,201.72796744853258,211.4412186368245,220.5530534624413,229.05434257636443,236.9353579474773,244.18536248730015,250.79243421089268,256.74351495019437,262.02465968369506,266.6214541128902,270.51956382671415,273.7053769839622,276.16670291929404
BGD,Male,CKD,diet,281.97606707943123,0.0,18.068822899760562,0.0,0.11653248557558982,0.2985613497075974,0.5736028115516092,0.9693139462451654,1.5046313837192429,2.1814143531300942,2.982592848920831,3.87819731809941,4.834508988060406,5.821009505056281,6.813431298307478,7.793969682548777,8.750214518608118,9.6738082889824,10.559263224618917,11.403046985105902,12.20291664126853,12.957447081720602,13.665702522786887,14.327011544435663,14.940817372429592,15.506583613576367,16.023741447832435,16.491668093534827,16.909688857278525,17.277096740264824,17.593184710942296,17.8572865653623,18.068822899760562
BGD,Male,CKD,combo,4999.519210334494,0.0,293.86542107775676,0.0,2.745368033136401,8.530417468275118,18.299801303719505,31.36238472568766,46.24301622301209,61.850730360030866,77.6117634937873,93.24301806557924,108.59135566335317,123.56072989542008,138.08317809788787,152.10733464232544,165.59345369738367,178.51077044118574,190.83565323011862,202.5499987922558,213.6397198699342,224.0933317895724,233.90069549201507,243.05197705181126,251.53686590881262,259.3440706490255,266.4610895215628,272.874235974723,278.56888792475,283.52992261504914,287.74229570967873,291.19172261664426,293.86542107775676
BGD,Female,CKD,glp1,2676.31243836485,0.0,163.4256509354036,0.0,1.41198019897638,4.408205763615115,9.477811831642612,16.243415063216162,23.921513996288013,31.945480341227267,40.03262230856126,48.05852984717967,55.9669971998228,63.728414955741755,71.32330647724484,78.73627852356549,85.9538269484674,92.96342368399382,99.75297135762776,106.31035184565735,112.62302033494052,118.67766159679195,124.45993342842485,129.95431403876137,135.1440601838658,140.011275320614,144.5370822403911,148.70189166313867,152.48575613055255,155.8687965625595,158.83168674619992,161.35617884037856,163.4256509354036
BGD,Female,CKD,diet,160.4249514986186,0.0,10.690371177481211,0.0,0.06257485159494536,0.15977393527919048,0.3063984232439907,0.5175604110345375,0.8040056283462036,1.1675990472804187,1.6001760681338055,2.086592971697428,2.6095259135745437,3.1531811663408007,3.704958495163737,4.255591423387159,4.798583373425572,5.329483614728815,5.845244898864621,6.343729170886945,6.823353921450689,7.282850302683073,7.721103630767175,8.137052623864292,8.529630027094754,8.897732450508556,9.240211046175318,9.55587727583952,9.843519750147607,10.101929204231055,10.329929311539672,10.526411383852974,10.690371177481211
BGD,Female,CKD,combo,2833.0991347837735,0.0,173.8979720808111,0.0,1.474189762567221,4.566451244653763,9.779810046282364,16.751234755531186,24.70780438087695,33.085067527024876,41.59272811079882,50.091872586703175,58.50956281922845,66.80086482961087,74.93403251082964,82.88461777044722,90.63274355395151,98.1614964239543,105.45576205658472,112.50129593351994,119.28397454972219,125.78921640756198,132.0015696131668,137.90446013712062,143.4800908679099,148.70947902225817,153.57261832636868,158.0487519286562,162.1167415275795,165.75551726454432,168.9445914460175,171.6646172994915,173.8979720808111
USA,Male,CKD,glp1,31456.732349275087,0.0,1692.5250792774605,0.0,18.925942879286595,59.435128218712634,128.27666478224273,220.50691993010696,325.45446521295526,434.99722201209806,544.6189908920787,651.9068333272153,755.4499308280065,854.3259482163267,947.8914018844225,1035.6972937566316,1117.451282453767,1192.995589039274,1262.28940535117,1325.392080630263,1382.4461397898995,1433.6601768863184,1479.2919937176484,1519.6324319978157,1554.9903294284595,1585.6789708461147,1612.0043277474324,1634.2552936975117,1652.6960359431978,1667.5604994741298,1679.049021998857,1687.326949055685,1692.5250792774605
USA,Male,CKD,diet,1168.1030916195887,0.0,69.6860368745547,0.0,0.52825421988382,1.359499381898786,2.6195507109514438,4.432672094058944,6.880282101890771,9.962761641218094,13.591889322502539,17.619548694303376,21.88042998840683,26.224426600616425,30.531151731222053,34.71147689710779,38.70315857771493,42.4650953488308,45.97216315892001,49.211123580040294,52.17751978646265,54.873328367306385,57.30515162405209,59.482792394192074,61.4181074903463,63.124075438972795,64.61403985354991,65.90110494793043,66.99766783425002,67.91507599694887,68.66339951801638,69.25130744343915,69.6860368745547
USA,Male,CKD,combo,32603.831809439143,0.0,1761.2249051724357,0.0,19.45111335349793,60.78174767742166,130.85931205660745,224.85842698912893,332.1883834533219,444.7310918564617,557.8879480915493,669.1042677055957,776.8096105143486,879.935882112899,977.7221094238193,1069.6318183664116,1155.3111331247492,1234.5612205220386,1307.3157574889774,1373.6201918575243,1433.611775959449,1487.5001967833377,1535.5489668166265,1578.0578728441906,1615.3468137696618,1647.741337529471,1675.5601340242138,1699.1046697930578,1718.651070752545,1734.4442787584558,1746.6944309957034,1755.5753416456428,1761.2249051724357
USA,Female,CKD,glp1,28540.565077752733,0.0,1563.6826837677218,0.0,16.615885628780234,51.93518908304395,111.75784780409595,191.89279187403736,283.3557807155739,379.3845378763217,476.24925819462806,571.9353025601886,665.207429809394,755.1888338470017,841.2018062960415,922.7134624993632,999.3180004177702,1070.7289365436736,1136.7719600782148,1197.375680379555,1252.5599869283906,1302.4225709709135,1347.1243752300506,1386.8747260066448,1421.9168069929292,1452.5140129411302,1478.9375969436223,1501.4559073828423,1520.3254040091124,1535.7835488786513,1548.0435873683455,1557.2911667246954,1563.6826837677218
USA,Female,CKD,diet,1055.5941755371168,0.0,64.04339611025352,0.0,0.4637767194508342,1.1886123747826787,2.284156577879912,3.8596589903900167,5.989042975474149,8.678135678521357,11.857365694100736,15.405019832891412,19.18263493690756,23.062196952916565,26.938687606700114,30.73192682833178,34.383494974827045,37.85245184013911,41.11144034253084,44.14357720261614,46.94006537897803,49.49834896680841,51.82064791295852,53.91275744217273,55.78304025687976,57.441570104507264,58.89940420186031,60.16797245485941,61.258576401742175,62.18199255260697,62.948174769975594,63.56604945505387,64.04339611025352
USA,Female,CKD,combo,29579.166688959114,0.0,1626.9854354779527,0.0,17.07695499746478,53.112593194353394,114.01010586839402,195.682637476144,289.2193848546449,387.8670489426004,487.83125052308606,586.9810935230053,683.9477557360224,777.7301735026267,867.5481546151714,952.7901105027267,1032.992481531619,1107.8279217320814,1177.0944416438142,1240.7031862459262,1298.6645107642544,1351.0727334030526,1398.0901758654509,1439.931135871433,1476.8463824750652,1509.1086733130214,1536.9996868044545,1560.798654698243,1580.7728785256477,1597.1702213806857,1610.2135857902904,1620.097319699882,1626.9854354779527
JPN,Male,CKD,glp1,6524.435180293633,0.0,329.1284929149442,0.0,5.127345753295231,16.072937572687806,34.38665024029251,58.24911294877529,84.35252058295373,110.31339339210899,134.922403925244,157.66055223041985,178.35190058976514,196.9958821151995,213.68933011764966,228.5845617631203,241.86177022763877,253.7085290640607,264.30446235825366,273.81057019238506,282.3628215021199,290.06942930242076,297.0110511280436,303.2430958859659,308.7993589769794,313.6963161710737,317.9375485775745,321.5179192679607,324.4272589381944,326.65343349804607,328.18475656959345,329.01177448686576,329.1284929149442
JPN,Male,CKD,diet,852.1318395404014,0.0,47.982397419233166,0.0,0.5099142518702138,1.3076993123686407,2.4957435483338486,4.163975984527497,6.350222273456893,9.01006034936654,12.021036473717686,15.220852014852426,18.45289665028031,21.595221007177315,24.56850633108843,27.33076189440544,29.86726253370216,32.18067255898859,34.283221757439605,36.19119071546811,37.9213593948989,39.488942858319206,40.90658061486465,42.18403209757889,43.32831512361736,44.344094995652995,45.234188368289324,46.0000900703817,46.64246489489233,47.16157174791806,47.557605966685514,47.83095833102561,47.982397419233166
JPN,Male,CKD,combo,7373.405771624999,0.0,377.2997976247352,0.0,5.634283321182011,17.368771679241036,36.850043977254245,62.34586691220102,90.5892866446593,119.15892790367434,146.7299962595789,172.62674167444493,196.51990499101885,218.28806905229794,237.9482337473819,255.6092766892507,271.43483865792587,285.6133219239491,298.3349426294808,309.77562971421867,320.08707946521463,329.3919374190991,337.78293959316943,345.3248612714233,352.0582406086796,358.0040195891306,363.1684404160151,367.5477259416439,371.1322423938145,373.9099830651285,375.86932003369657,377.001048425489,377.2997976247352
JPN,Female,CKD,glp1,5252.0035838418735,0.0,266.23278571716946,0.0,4.276375915884273,13.269471972096653,28.162233632203424,47.39229417720344,68.28812196150466,89.0147218651291,108.69080537450282,126.9497059294954,143.65469635492263,158.77790429777815,172.35467297138894,184.46397769892428,195.21571501166545,204.73922271446645,213.1723187164098,220.65150667564376,227.30405340281504,233.2423209454828,238.56038703280137,243.3327262799612,247.61457134414377,251.44351283602373,254.8419039583605,257.81968576878353,260.37732119193606,262.50860523848314,264.20319502030543,265.44876983638824,266.23278571716946
JPN,Female,CKD,diet,684.2699336520891,0.0,38.671639338826935,0.0,0.42528534855591715,1.0773907831389806,2.0386510809330503,3.3826138494077895,5.142058632369299,7.284167752597568,9.712812321089586,12.29819080699599,14.912982810779795,17.455950571991707,19.859192991985765,22.08490347002953,24.118161159618467,25.959554149358155,27.619092831009766,29.11167168639804,30.45389625183452,31.661993817335315,32.750545721981325,33.73182467462175,34.615563984047185,35.40902156095399,36.117231031210395,36.74335699139192,37.28909245713294,37.75505442579379,38.1411483951706,38.44688475552903,38.671639338826935
JPN,Female,CKD,combo,5937.038411376401,0.0,305.27542101338986,0.0,4.699178611568641,14.33728902979783,30.175447184574296,50.72329874456409,73.34519138632095,96.1788693951421,118.25247124257294,139.07369927885884,158.380774917463,176.04509775087354,192.0333506258139,206.3852162242547,219.19389482062252,230.58754318659703,240.71239960053208,249.71853395111975,257.7487744149985,264.93093515346845,271.3731331999006,277.16176199385154,282.3615754530001,287.01730917452005,291.15629983031977,294.7916368471233,297.9254726003637,300.5522138364104,302.6614076856458,304.2402142227329,305.27542101338986
GBR,Male,CKD,glp1,2331.315942001289,0.0,132.10314734329768,0.0,1.2837851556996611,4.072811228817045,8.84126640780778,15.271288981274665,22.647230627137105,30.409312575588046,38.23220832707193,45.93362475023332,53.40589004122103,60.58281387566876,67.42422537621678,73.90760817632781,80.02259456075353,85.76691003293035,91.14334803038128,96.1576166393861,100.81692660428598,105.12916827415575,109.10251312317996,112.7452840518472,116.06596317322783,119.07323837228887,121.77602384851889,124.18342052564458,126.3046070962464,128.1486706005162,129.7243969304509,131.0400472711135,132.10314734329768
GBR,Male,CKD,diet,46.09511556084999,0.0,2.8974889950895886,0.0,0.019127057737932773,0.04986899904361053,0.09677833284695225,0.16431798831672495,0.25538298577612295,0.3699710593718919,0.5049622436090431,0.6551676537919775,0.8148407094058712,0.9788029385026675,1.1429325915123627,1.304195820062887,1.4604711976562612,1.610329230982643,1.7528377971730151,1.8874128313918845,2.0137118349057346,2.1315611797317615,2.2409077403935953,2.341786929263435,2.4343011281362124,2.518604253185913,2.5948896234312997,2.663379417697797,2.724314833471908,2.7779466432248228,2.8245262210884903,2.864297324047584,2.8974889950895886
GBR,Male,CKD,combo,2376.483434274348,0.0,134.95028913984243,0.0,1.3028005570067762,4.122209263401601,8.93668910026554,15.432613757716354,22.897190566335667,30.770753934662025,38.72505434706909,46.572829743297916,54.20086069841818,61.53793273625706,68.53985870216547,75.18115203254092,81.44935594833714,87.34077736125528,92.85727470894835,98.00396082906536,102.78768815028252,107.21615530405779,111.29746173934473,115.03994693943605,118.45217716143452,121.54297687314647,124.32143736172475,126.79686673674769,128.97867123545893,130.87617643426802,132.49840883001343,133.85386408184786,134.95028913984243
GBR,Female,CKD,glp1,2688.105786099539,0.0,160.0540169428441,0.0,1.3011044862505514,4.114632779752355,8.926817131000462,15.465015748788574,23.08054804382573,31.26792074808418,39.72790740543496,48.278006025549075,56.79128417414722,65.17079119426398,73.34044005714532,81.24137029946087,88.82956379283041,96.0735281105708,102.95194734779034,109.45147536986588,115.56483439989097,121.2892958447992,126.62553913342344,131.57683110367907,136.1484441041648,140.34722887310272,144.18127037123486,147.65957398697174,150.79175054922234,153.58768780262108,156.0572113723356,158.2097489004882,160.0540169428441
GBR,Female,CKD,diet,52.811696047720034,0.0,3.4870011415914632,0.0,0.019385097672056872,0.050473947667342145,0.09800409371837304,0.16676743277912465,0.26018352662867983,0.3789586143429915,0.520753253447765,0.6810567968632313,0.8545515758805777,1.0361787613501292,1.221650625861912,1.4075518296731389,1.5912451649419381,1.7707228163408217,1.94446628355945,2.111333904487765,2.270476409315961,2.4212752179755626,2.5632974909149198,2.6962627988832537,2.82001742743887,2.934513400810829,3.039790218179405,3.1359580430289498,3.2231816835646896,3.301665158185642,3.3716369640060293,3.4333363686091616,3.4870011415914632
GBR,Female,CKD,combo,2740.0498984021788,0.0,163.49765692141773,0.0,1.3203764211511952,4.1646342580907,9.023472339182263,15.628820455151981,23.335378352783664,31.63846801992713,40.23671280038161,48.943315536039336,57.626226088071235,66.18359564287584,74.53516480444614,82.6187324575867,90.38768571806031,97.8085429816474,104.85847167285556,111.52297439854374,117.79390706533741,123.66790087930349,129.14517829033866,134.2287005087892,138.92356094672868,143.23653785734314,147.17573243139668,150.75023856996813,153.9698121451911,156.84452722054084,159.38442238802782,161.5991512310011,163.49765692141773
DEU,Male,CKD,glp1,6690.172435393855,0.0,354.94363871620226,0.0,4.406518817129836,13.699406742874999,29.14742821430991,49.393243429774884,71.97061962625594,95.13068950171873,117.99803204221098,140.18675167942274,161.52690455797347,181.93245830848173,201.34506687071917,219.71254398611927,236.98283101548805,253.10478880130177,268.03170246147783,281.7254128164932,294.1599748086228,305.3242857730329,315.22345776447764,323.87892269716394,331.3273982190367,337.6189269839524,342.81424523922396,346.98174803467555,350.1943059284022,352.52615884743136,354.05007289642526,354.83490061345583,354.94363871620226
DEU,Male,CKD,diet,416.39710289510913,0.0,24.563170572477247,0.0,0.20671907389260014,0.5283680221255054,1.0048009476340667,1.6731717729162483,2.555228780980542,3.6466183470802207,4.9163270626813755,6.316758237353497,7.796786445487669,9.31068430466621,10.821446212798037,12.300552550415887,13.726433782281674,15.082890006615344,16.35788705266532,17.54274422419985,18.631601497392694,19.62104844129135,20.509828395406657,21.29856535021463,21.98948741042841,22.586138613824005,23.09308179017171,23.515600968639774,23.859414159273,24.13040733662274,24.33439901173915,24.476942523833713,24.563170572477247
DEU,Male,CKD,combo,7098.752125387175,0.0,379.1264093923055,0.0,4.612031144286448,14.22281504275088,30.138290703791426,51.036302494539996,74.47235403460945,98.69462698023199,122.79868649045238,146.35309147924272,169.1385315611842,191.02456754590094,211.91674021611834,231.73489156852884,250.40569015004803,267.86191823264016,284.04482636167086,298.9074885777445,312.41795240042484,324.5615133928768,335.34180509556245,344.78064226129936,352.91672003281565,359.80337380544006,365.50565840001946,370.097022261285,373.65584226040664,376.2620554977184,377.994083253212,378.9261947500672,379.1264093923055
DEU,Female,CKD,glp1,8521.580348693704,0.0,473.75515350299247,0.0,4.8739896648185095,15.240609902517463,32.64286824221199,55.784547783463495,82.09533141016072,109.68223658970237,137.53215578536765,165.134822132135,192.20963289696738,218.5730764575237,244.08122423433088,268.60640833910657,292.0292943976274,314.23802049213555,335.1304868340958,354.6177748508089,372.6275658506747,389.1069110029057,404.0240033028167,417.3688071304787,429.15254799810646,439.40616993694493,448.17793872356924,455.53041099434995,461.537006634564,466.27841895960955,469.83907851144977,472.30385613226827,473.75515350299247
DEU,Female,CKD,diet,526.7439378323179,0.0,32.5757914279784,0.0,0.22864911542637856,0.5893947090844449,1.1299549012328498,1.895214542557369,2.91330253871638,4.183750508687808,5.67654962882807,7.342693341612176,9.128002724562975,10.982633563548006,12.864702453767677,14.740211257707415,16.58165404907777,18.366608973181428,20.07673171209899,21.69714469758037,23.216090635694854,24.62472032974256,25.916922435946617,27.089140997584764,28.140155507280724,29.07081745485266,29.88374896023015,30.58301540708635,31.17378671671031,31.662002252665843,32.05405316226825,32.35649382660631,32.5757914279784
DEU,Female,CKD,combo,9039.729789258934,0.0,505.93442607533507,0.0,5.1013040143370745,15.824515789849102,33.75739318228443,57.64637864842007,84.94918647330269,113.77385581653652,143.0794732776012,172.30906951315774,201.12987117907687,229.31006048945346,256.6648951055722,283.03339530860103,308.2691214797196,332.2379848499586,354.81958780883724,375.91007129781065,395.4252141959805,413.3030112497763,429.50529094024023,444.01817645824485,456.8513679485113,468.0363477149185,477.6236921913878,485.6797225266055,492.282745666198,497.5191353254777,501.4794824222554,504.2550123094843,505.93442607533507
GLB,Male,CKD,glp1,292794.8065367816,0.0,17754.682053363416,0.0,151.48405757406726,477.22502788424026,1033.053212842904,1780.2322487265337,2633.6548407564405,3529.7815653196303,4435.216875278507,5333.907312913565,6217.664318299154,7081.687033271766,7922.727261587512,8738.370937358239,9526.74825635762,10286.397126961034,11016.177691001096,11715.203461749014,12382.779497092357,13018.346133870073,13621.42877021851,14191.594200657331,14728.413658320555,15231.432500466239,15700.146461898228,16133.984522271203,16532.29858345166,16894.36024677707,17219.364966071676,17506.443714441964,17754.682053363416
GLB,Male,CKD,diet,42489.026955855545,0.0,2822.709070579149,0.0,16.32533545512706,42.1046638461994,81.33737228100654,138.07461931870785,215.15806002228055,313.0118241937598,429.3508145790547,560.0156829378102,700.266677841777,845.7777013938176,993.0812305603176,1139.6088841906749,1283.5471342755482,1423.6518650281942,1559.0844417652115,1689.2856245934963,1813.8846396427834,1932.6355276064714,2045.3730740739265,2151.982305123587,2252.3772633868502,2346.4861629959196,2434.241025565192,2515.5705935612787,2590.3957807419356,2658.6272153106984,2720.1646069078706,2774.8977580768988,2822.709070579149
GLB,Male,CKD,combo,334370.075680295,0.0,20523.85904007568,0.0,167.71409197722096,518.9278028423432,1113.2280771461083,1915.7257749559358,2844.111158412765,3835.3561788365478,4853.937086524558,5879.820201262366,6900.242394072586,7906.2076238343725,8891.092450774624,9849.973246610258,10779.200313698384,11676.083698904025,12538.649896615418,13365.451275668456,14155.416303648846,14907.731598396436,15621.74891133816,16296.911757911788,16932.697720205062,17528.57355954242,18083.96123292891,18598.21369880298,19070.599995702738,19500.29945760127,19886.405085797654,20227.93604620709,20523.85904007568
GLB,Female,CKD,glp1,284443.2853212032,0.0,17615.326621426735,0.0,144.0587085179286,452.38715785974637,976.8806932742009,1680.8522119951667,2485.116505783517,3331.337657894357,4189.419247880112,5045.205094102188,5891.53402283031,6724.074520776165,7539.6699292941485,8335.740693155443,9110.086703407695,9860.824444685364,10586.359491033014,11285.361178024905,11956.731406739214,12599.568085366744,13213.125834014267,13796.776449197321,14349.970938076382,14872.204317308846,15362.983997648931,15821.802422944922,16248.114615215454,16641.32130317716,17000.758306184318,17325.692763388623,17615.326621426735
GLB,Female,CKD,diet,41246.18146688014,0.0,2796.112059287261,0.0,15.525110559072345,39.92910617846064,76.95893505576532,130.40983835584484,202.97163191973232,295.12411813787185,404.86930071166717,528.4876944639254,661.7078226086451,800.6020051578525,941.9871962212492,1083.4647045277525,1223.2968202634947,1360.2481303545646,1493.4461155319586,1622.274532395997,1746.2966557211475,1865.201266500284,1978.7646887723822,2086.8237738959724,2189.25627947622,2285.9662842645776,2376.873125234153,2461.9029186870903,2540.982110822806,2614.0327516067773,2680.9693377581425,2741.6971524094697,2796.112059287261
GLB,Female,CKD,combo,324872.2150680054,0.0,20364.570298800012,0.0,159.4931894313777,491.93689611391164,1052.7489743296755,1808.8527558820788,2683.7181913399836,3619.5750392059563,4584.476634398219,5560.713207271765,6537.003705591545,7505.208525524242,8459.072153455112,9393.670075865695,10305.095252664178,11190.243545103469,12046.652236122638,12872.371981239063,13665.861542630359,14425.899037250201,15151.505896484945,15841.881123754894,16496.344236981007,17114.28581805504,17695.125032934826,18238.27388957818,18743.108354798984,19208.94671729789,19635.035725990543,20020.545029909583,20364.570298800012
