iso3,sex,outcome,arm,averted_10yr,averted_yr1,averted_yr10,yr1,yr2,yr3,yr4,yr5,yr6,yr7,yr8,yr9,yr10,yr11,yr12,yr13,yr14,yr15,yr16,yr17,yr18,yr19,yr20,yr21,yr22,yr23,yr24,yr25,yr26,yr27,yr28,yr29,yr30
CHN,Male,IHD,glp1,514737.82334377104,1735.2758940814529,19219.49394867383,1735.2758940814529,7337.943242185051,12023.424307886045,15635.329045330407,17408.092666602693,17973.208861975232,18020.892547521507,17912.18626211537,17792.024144992232,17708.495676741237,17672.024630977307,17679.864505489822,17725.498416219372,17801.962296340847,17902.806342267664,18022.198541413993,18154.78066736739,18295.516238760436,18439.60882732109,18582.497801485937,18719.90941975778,18847.933273906354,18963.096937475726,19062.419342903886,19143.43232395337,19204.16785206017,19243.114722300787,19259.152461851714,19251.472143812338,19219.49394867383
CHN,Male,IHD,diet,204197.84457395063,0.0,12093.90566677344,0.0,119.93963533942588,290.28074909583665,537.0312259071507,885.3587802464608,1350.863902751822,1931.1077869108412,2604.1270384676754,3335.7259278940037,4090.178293265635,4838.048608838115,5559.091421647696,6241.6138097392395,6880.348775631748,7474.183436425636,8024.316739144037,8532.970647480804,9002.58853136911,9435.40140720969,9833.24607570516,10197.540462061996,10529.345204797108,10829.46165117342,11098.533679279499,11337.134233062854,11545.827523636399,11725.204979586648,11875.897685897304,11998.570694611873,12093.90566677344
CHN,Male,IHD,combo,715448.4634546838,1735.2758940814529,31132.639048595447,1735.2758940814529,7456.882591854548,12309.810911243549,16162.834158959799,18275.490408271085,19295.170141619863,19910.139084624592,20460.213694928214,21057.00123381545,21713.650820676237,22411.708326331573,23128.483555258485,23845.861387278186,24551.57081914204,25237.939345947234,25900.200416640844,26535.08851237176,27139.89927212894,27711.9783896734,28248.53431539936,28746.660819011042,29203.470335986465,29616.26223226264,29982.6745001378,30300.78940069885,30569.181487625232,30786.909669301473,30953.463582402095,31068.67909841612,31132.639048595447
CHN,Female,IHD,glp1,460262.09967246954,1491.2333679797594,18985.4563520581,1491.2333679797594,6225.298259329051,10091.463766335859,13030.817330371821,14440.953439576318,14875.563741920865,14915.712667244254,14858.337217163644,14818.575823479332,14831.52624420647,14901.79358954914,15023.710264118738,15189.009171368903,15389.510234325659,15617.872603271971,15867.628461040207,16132.99276294047,16408.651930427644,16689.608864983078,16971.103394628037,17248.59964679717,17517.82013581856,17774.80369969108,18015.966920660343,18238.153756109066,18438.6640329645,18615.25706208148,18766.131228765473,18889.883703262545,18985.4563520581
CHN,Female,IHD,diet,193187.42568235577,0.0,12130.962401038269,0.0,99.38727957417723,243.09848978591617,453.5212279371917,752.4728164657718,1154.0617045473773,1657.6836783798644,2246.6777802627767,2894.095196498907,3571.229615940014,4253.869964671903,4924.684880434186,5572.8571379188215,6192.566235065344,6781.339873576537,7338.69778167794,7865.176790797617,8361.693088557106,8829.164028016618,9268.315549599705,9679.61473120004,10063.280725297052,10419.33905451931,10747.69386042934,11048.200606951956,11320.728220489807,11565.204858079553,11781.645515252603,11970.162589390064,12130.962401038269
CHN,Female,IHD,combo,650001.7048030959,1491.2333679797594,30922.2342677915,1491.2333679797594,6323.856658014818,10331.290945586748,13476.247825550498,15178.031844067853,16004.651450844482,16536.94033970812,17055.75927200413,17650.005478471867,18326.729156370275,19066.81442886067,19847.55563744472,20649.997179023107,21460.154611462378,22268.166313832975,23067.00675668707,23851.34438433079,24616.705612150487,25358.947625500383,26073.987643183442,26757.721548728645,27406.066291870316,28015.069087800337,28581.03822819749,29100.663060987834,29571.10291429679,29990.035419861088,30355.66322515323,30666.684227334103,30922.2342677915
IND,Male,IHD,glp1,480806.85007415013,1446.5473887119442,18801.598594312556,1446.5473887119442,6133.51682603755,10073.984484250774,13226.912503634114,14923.565947854659,15632.391232271912,15893.552574009751,15995.89074740617,16060.042362402077,16130.696039123693,16222.367299990496,16338.16432521143,16476.965046441182,16636.06743593095,16812.139765044674,17001.55028054281,17200.479571545962,17404.96358073596,17610.920057205018,17814.17623114935,18010.50285562896,18195.655357562704,18365.421390343457,18515.673628720222,18642.426482972456,18741.895293623675,18810.556438256754,18845.206644631457,18843.019688597415,18801.598594312556
IND,Male,IHD,diet,550899.6703300114,0.0,31514.71023095236,0.0,353.6756089242408,870.096104420838,1618.6308766653528,2662.3114681347506,4032.2171265627258,5706.35260831099,7610.6229345300235,9643.148740085075,11704.499701253022,13717.174722110154,15630.874033449683,17418.822958956007,19071.077627144055,20588.198048795806,21976.454991796985,23244.609160010004,24401.922511844663,25457.02588668419,26417.342700456735,27288.857786288252,28076.09281764552,28782.20087867137,29409.126448738156,29957.79835917987,30428.33631244814,30820.25930370926,31132.68875168101,31364.541630562162,31514.71023095236
IND,Male,IHD,combo,1022335.3529527464,1446.5473887119442,49875.05157140107,1446.5473887119442,6484.242812493001,10932.339751671301,14816.556737897918,17531.12476974621,19576.72748210444,21473.301819062093,23438.043579775258,25492.42707058834,27584.053223554627,29651.522115923697,31648.442376135383,33547.10796440183,35334.6764399386,37007.978534176946,38569.183320746524,40022.767478213646,41373.610706357285,42625.907347338274,43782.62135607493,44845.28516692668,45814.008533655666,46687.611480666324,47463.82774333423,48139.54559825454,48711.065553529654,49174.36179840122,49525.33854167885,49760.07468998595,49875.05157140107
IND,Female,IHD,glp1,375706.89284058986,932.0464729145169,15106.979518135078,932.0464729145169,4095.402445602347,6877.800819633761,9225.316061198479,10609.606715307222,11308.521177589544,11683.959061480942,11935.321978488355,12146.667247873149,12348.988114805194,12552.231358499965,12758.601476428681,12967.627726863837,13177.97610186087,13388.041454621009,13596.105307095684,13800.353045215015,13998.856738610426,14189.559826095589,14370.274360017618,14538.692498333636,14692.410953630344,14828.966239947244,14945.87837557448,15040.700706054457,15111.073552635964,15154.77943692985,15169.797693225788,15154.35637592082,15106.979518135078
IND,Female,IHD,diet,477905.83958210435,0.0,27558.13915141928,0.0,331.5867012485396,804.2043908740161,1480.3327219452476,2414.2745708663715,3629.856523601222,5102.798434510827,6763.539036415517,8520.55092128017,10287.583374452544,12000.062043467304,13618.418998116278,15123.744595048716,16511.26135271776,17784.53757869033,18951.302195553784,20020.753928323393,21001.979311938398,21903.106912581366,22730.918741547503,23490.732280915487,24186.436091852374,24820.608650900773,25394.679447397823,25909.109081632923,26363.57537035388,26757.158175650053,27088.51868207031,27356.070316732163,27558.13915141928
IND,Female,IHD,combo,845775.6270034007,932.0464729145169,42290.166631510714,932.0464729145169,4424.223743866663,7671.227327973116,10679.458308928646,12975.064239782514,14860.926226461655,16676.332546649035,18553.317575880443,20486.741757499054,22423.25441700162,24309.416268210043,26108.359895097557,27800.69943730149,29380.026777826715,30847.880397656816,32209.822668571025,33472.82398324052,34643.68993926456,35728.207851848914,36730.75285572116,37654.173985530506,38499.84493728494,39267.80861450592,39956.972947185626,40565.33273024869,41090.20229992736,41528.449508311925,41876.72447893233,42131.67817826662,42290.166631510714
BRA,Male,IHD,glp1,60634.4454384929,150.61284451214306,2378.876762814616,150.61284451214306,649.1714027206763,1094.6719299711694,1473.7049807612493,1705.5204260045575,1831.1085018091253,1904.248872424374,1954.9201599983935,1996.1904687899223,2033.2672710766637,2068.1475619997364,2101.56986228624,2133.7795428390527,2164.821055416338,2194.6482663055504,2223.1660127469368,2250.2459952840873,2275.7333198141714,2299.4498680242395,2321.1968629107287,2340.7575569263427,2357.9004118624434,2372.3829043834994,2383.95597420758,2392.3690599672846,2397.375615904486,2398.738963158423,2396.238300704921,2389.674682867946,2378.876762814616
BRA,Male,IHD,diet,15752.233343620086,0.0,940.1755171283439,0.0,8.279594652092783,20.75589291381766,39.165408278786344,65.16553679476783,99.73569166667585,142.65375781912007,192.45007655821973,246.89395048898587,303.65070300080697,360.7412952548475,416.709159577018,470.5894432092173,521.7998461374227,570.0252748353523,615.1243943444279,657.062523751898,695.8665287196636,731.5957006412791,764.3234892776818,794.1263536105689,821.077216474514,845.2419016596687,866.6775317017746,885.432246198674,901.5458339304023,915.0510099249659,925.975147343881,934.3423177252116,940.1755171283439
BRA,Male,IHD,combo,76078.72092212124,150.61284451214306,3303.029416940146,150.61284451214306,657.381946305075,1115.1455366780865,1512.1584328902245,1769.314697257767,1928.6002743939607,2043.6043689757207,2142.886877922385,2237.348161129761,2329.9216505725344,2420.6733046086447,2508.9173878834117,2593.952867028085,2675.2500702471298,2752.4491681003565,2825.3109988214565,2893.667740453966,2957.385561714531,3016.3396143022983,3070.3987594703794,3119.417334675323,3163.231890402647,3201.6614579701854,3234.5103737033496,3261.5729831842473,3282.639723896282,3297.504178911622,3305.970741841331,3307.8625573281897,3303.029416940146
BRA,Female,IHD,glp1,52389.83904199825,106.36630377881374,2296.4095532498905,106.36630377881374,464.8638955820061,794.3795349261345,1085.4538914159057,1275.8546928909054,1391.4641219460755,1469.6240779059299,1531.5667012290942,1586.5847962091502,1638.3322449391271,1688.1482959139248,1736.474925807328,1783.418390006511,1828.9643805222295,1873.0581230640528,1915.6325650598592,1956.6166939357208,1995.936254781438,2033.5116192021233,2069.2547356627183,2103.0660389110417,2134.831793598729,2164.4221741096117,2191.690284719676,2216.4722482701327,2238.5884216222476,2257.845729582157,2274.041047221952,2286.9655059337674,2296.4095532498905
BRA,Female,IHD,diet,13861.196275370981,0.0,880.5789341285417,0.0,6.83488144891453,17.0391793778399,32.08281485096086,53.380912552034715,81.80519436890609,117.24794286576798,158.57437240456056,204.01601063844282,251.70913805736927,300.07249010591477,347.94366326708405,394.55291014217073,439.4333541602973,482.32734618446557,523.1117242475593,561.7450746108807,598.2329379810253,632.6057124427607,664.9048929720448,695.1745589426428,723.4561018396489,749.7849620740599,774.1886552382202,796.6856849156029,817.2851242805191,835.9867492119374,852.7816539664927,867.6532980943157,880.5789341285417
BRA,Female,IHD,combo,65977.9575085706,106.36630377881374,3161.43891017657,106.36630377881374,471.6417747401865,811.1873341710598,1116.9549828333402,1328.116193290727,1471.4366891694226,1584.1746933714458,1686.467325222111,1785.8885760812846,1884.2764931617276,1981.4268231127935,2076.644401883561,2169.28008492809,2258.8590757411293,2345.070188836078,2427.7214329463022,2506.6970352844655,2581.9242744168296,2653.3497941608075,2720.9231014741235,2784.585128254228,2844.260381958564,2899.851790547473,2951.237746212224,2998.271084448992,3040.779845307741,3078.56969494684,3111.4278709231585,3139.128477190505,3161.43891017657
CAN,Male,IHD,glp1,13652.016438059367,42.9492855209719,472.99392507381344,42.9492855209719,180.39654514580616,298.05190376771134,392.94947377359495,445.8264036765795,470.12843636424077,481.12933739583605,486.85403213795144,490.57282258621126,493.4571454667639,495.8755094479857,497.9149212076409,499.57467202517,500.83441364899045,501.67634287207693,502.0913746344777,502.0800409527001,501.65176074532064,500.82360023613364,499.61881143948995,498.0652094167526,496.1934207878039,494.03505850516376,491.6209012916697,488.9791670435625,486.13396739654127,483.1040188443767,479.90166806309935,476.53226859093047,472.99392507381344
CAN,Male,IHD,diet,1610.3670205807684,0.0,96.44813246834019,0.0,0.7891444910019345,2.0008206229940697,3.8207696478639264,6.431492404870369,9.946858758230519,14.352003582542238,19.494340534984076,25.134928603860317,31.021274722425005,36.93929574178037,42.73231504948126,48.297437909131986,53.573046793073445,58.52587063094688,63.14086630595193,67.41431014775299,71.34944953231025,74.95389573251668,78.23808466956325,81.2143374439911,83.89622808784043,86.2980927496028,88.43459774393705,90.32033450984454,91.96943772776285,93.39523650905903,94.60995325185286,95.6244642072561,96.44813246834019
CAN,Male,IHD,combo,15229.385766855139,42.9492855209719,567.629996550022,42.9492855209719,181.17910824339924,300.02548191402093,396.700620855092,452.12216039073974,479.8509148695557,495.1488523490989,505.89351116303806,515.122741946343,523.7617326550571,531.9698244446372,539.6806382967479,546.7924582832638,553.2241951162068,558.9250023495879,563.8705969245093,568.0574214716653,571.4976679937026,574.2154887429024,576.2440272575259,577.6228743225074,578.395695871277,578.6079257234269,578.3045205946873,577.5278351828274,576.3157006828405,574.6997917373737,572.7043537643149,570.3453416377961,567.629996550022
CAN,Female,IHD,glp1,8800.847478339765,30.80718579585664,321.50462862425775,30.80718579585664,124.27486139242683,198.21944939095556,254.52456943362267,282.96141870515567,294.03249563363715,298.0618335738145,300.0555256241132,301.82343099913123,303.8539055213878,306.1752855022205,308.6840155628379,311.2574450445936,313.78782553610654,316.18943346578453,318.39748820150635,320.3652028543256,322.0608826108146,323.4654749586989,324.57051749940365,325.3763370083834,325.8903774579958,326.12558499316947,326.098824023411,325.8293323259859,325.3372438975457,324.6422183545146,323.762217605763,322.712466742345,321.50462862425775
CAN,Female,IHD,diet,1127.3435447280172,0.0,69.25821122283378,0.0,0.5812423360039247,1.42191270895637,2.655964885092544,4.411838507632638,6.7715355423497385,9.73150675047873,13.19648783537923,17.01311528932274,21.01783552193956,25.071110068718554,29.06990146391763,32.94532927729961,36.65458174324522,40.172622890153434,43.48578328358417,46.58746523718946,49.47552000106225,52.150752134526556,54.61610424725586,56.876209607293276,58.93711476335011,60.80605795952579,62.491245296620036,64.00160211762704,65.34649817064201,66.53545647861029,67.57786090541413,68.48267848199248,69.25821122283378
CAN,Female,IHD,combo,9904.659240764424,30.80718579585664,389.4056936292145,30.80718579585664,124.85125622011765,199.62205194821217,257.132305085157,287.2804837511212,300.6517865528949,307.5685048156229,312.9446926563287,318.4409761302959,324.38617893142873,330.6722886134303,337.0948697187778,343.4636584183536,349.6287256507494,355.4795396604968,360.93764335046944,365.9495167299974,370.48111328483355,374.5139465154971,378.04223808519964,381.07067695563455,383.6124742241809,385.6875299909152,387.32062949758983,388.53965419740416,389.37383488838896,389.85209528357154,390.00154132295575,389.8461488597277,389.4056936292145
TUR,Male,IHD,glp1,41701.149867192275,101.67022063066543,1679.6798793199705,101.67022063066543,444.31681201384345,750.3602169009828,1009.7652361596847,1165.8950032392313,1248.6261673572153,1296.3391671266581,1329.8950090998696,1357.9465484237153,1383.6465980000503,1408.0433540700906,1431.4640805280505,1454.0224882267794,1475.7840836356045,1496.806587079016,1517.1389028223784,1536.8095766144397,1555.8155518673884,1574.1144623618457,1591.6209324348165,1608.2064208538213,1623.7019022254972,1637.9026908275264,1650.5748052589624,1661.4623808357283,1670.2957337957632,1676.7997579315997,1680.7023890429846,1681.7429085080948,1679.6798793199705
TUR,Male,IHD,diet,1228.705003943891,0.0,74.22933879164339,0.0,0.7697855677251937,1.8544086072943173,3.3969219367427286,5.530879900907166,8.326527454686584,11.750365935673472,15.668052384164184,19.891269382555038,24.234475192555692,28.550543243531138,32.74006499537791,36.74481813880266,40.53626461610838,44.10488068853738,47.45212661352707,50.5849993176671,53.51256312475016,56.24384871913935,58.786654751209426,61.146932618547,63.32854539238906,65.33326669194503,67.16093357844511,68.80969796581485,70.27633999531099,71.55661851637706,72.64564093099034,73.53823889147316,74.22933879164339
TUR,Male,IHD,combo,42909.16505919849,101.67022063066543,1752.865211387878,101.67022063066543,445.0801776398075,752.1898153513612,1013.1021862449707,1171.3143034389068,1256.7754226004763,1307.8356384397484,1345.2258588533878,1377.4153248024231,1407.375398884411,1436.0100066664018,1463.5485908840783,1490.047245400012,1515.5429089932586,1540.0833988656377,1563.7185472759738,1586.4833335622097,1608.383239458737,1629.3844744238886,1649.409089697816,1668.3342066407786,1685.9944497358665,1702.186758373704,1716.676891949668,1729.207080915905,1739.5043920065655,1747.289463798399,1752.2853304853634,1754.2260917901876,1752.865211387878
TUR,Female,IHD,glp1,31605.16949659415,77.69762076895859,1395.976937553627,77.69762076895859,334.1736494280267,555.163593854486,737.7202344650432,842.9239506801605,895.5056906279497,924.9050483101091,946.6525033560902,966.8745280411968,987.5171807355509,1008.9624506614709,1031.0938406615605,1053.6883399355283,1076.5441346557345,1099.5102003974607,1122.4818950755725,1145.3866411462077,1168.1684848683362,1190.7745508059452,1213.1442579795112,1235.2013734140346,1256.8486978445726,1277.9650886189047,1298.4045077376504,1317.996793625658,1336.5498756628658,1353.8531726564252,1369.6819363295654,1383.8023166959465,1395.976937553627
TUR,Female,IHD,diet,1042.3717151078163,0.0,66.1062224497,0.0,0.6299839822677313,1.5187539094331441,2.787624348929967,4.547629202286771,6.8574698057054775,9.689220175125229,12.930205878634297,16.422596375363355,20.011914494840312,23.577600132812222,27.040723888436332,30.357845559497946,33.51060228506685,36.49621760628361,39.32052541432495,41.99338852278015,44.52589178339986,46.92870613922423,49.2111783453729,51.380856114963535,53.443272455842816,55.401887011670624,57.25812694556953,59.011495530357934,60.65973060321994,62.19900225881429,63.62414255589829,64.92890133199398,66.1062224497
TUR,Female,IHD,combo,32629.762104260008,77.69762076895859,1461.0993772090296,77.69762076895859,334.7983794010797,556.6619910253066,740.4585065325591,847.3795235395737,902.2166348534083,934.3842074370186,959.3036998288808,982.9477619264799,1007.1113850985275,1032.0582740517784,1057.5941433423723,1083.4528335818177,1109.4139388087788,1135.3231674468407,1161.0811293008592,1186.6245346302458,1211.907997021117,1236.8888738413953,1261.5155781197682,1285.719154934166,1309.4077450615878,1332.463540978817,1354.7418668245082,1376.0720496283466,1396.259783251313,1415.090715716302,1432.335013849326,1447.7526762498455,1461.0993772090296
ZAF,Male,IHD,glp1,7746.651272337538,26.19715094201092,298.3148020894587,26.19715094201092,109.14602713112254,178.56425708600545,232.7845788695795,260.69087880878214,270.9915234199325,273.2864968285903,272.6570150271291,271.23663443842815,269.83897752460325,268.7517441508462,268.06112490536907,267.7775804229095,267.8841629319977,268.3551280878746,269.16295374370384,270.2806319129231,271.6819141780288,273.3406341395312,275.22963882586555,277.31962129752355,279.5780358447264,281.96821485262626,284.44876395623214,286.97327935946305,289.4904044551149,291.94422070821383,294.27494949716856,296.4199269017772,298.3148020894587
ZAF,Male,IHD,diet,4929.988278093246,0.0,322.02268107370764,0.0,2.2515397370752908,5.638240928798041,10.701246544009337,17.979074225022487,27.82846260342376,40.25163639594393,54.859875386777276,71.00746516513027,87.99405930648936,105.2165651617106,122.23127769540224,138.75064667484185,154.61145598808434,169.73846388391758,184.11370933838407,197.7537192282034,210.6936335089449,222.97649364271274,234.64611339554904,245.74236372872474,256.2980892391024,266.3371621347542,275.87337278168707,284.90997510533634,293.43977318911857,301.44567034712236,308.9016167301015,315.7738949531704,322.02268107370764
ZAF,Male,IHD,combo,12575.792210501724,26.19715094201092,614.2399178710766,26.19715094201092,111.37878923120843,184.12576031559365,243.29086183511026,278.2903194732753,298.1913889890693,312.6037076004304,326.23368522215424,340.5873185466244,355.79578436460906,371.5579575277079,387.5258273132458,403.4275108732036,419.0848483053596,434.396762612505,449.31646583159454,463.83157950589884,477.94891275388363,491.6833265813766,505.0496857678736,518.057058363298,530.704585508116,542.9786617074788,554.8512105405316,566.2789237662582,577.203371072439,587.5518993635087,597.239236429079,606.1697022872031,614.2399178710766
ZAF,Female,IHD,glp1,6971.390641319218,21.31647022965626,278.8308706797943,21.31647022965626,88.57200575748902,145.37978715129793,190.5307444551563,215.06893703685273,225.7942850918189,230.23089365718806,232.3426878466944,233.7770855606086,235.14875844044036,236.66358672242131,238.37239478012452,240.2687667373848,242.32650653231758,244.5142550351884,246.80137396829923,249.16033128411982,251.56753763445886,254.0033850154632,256.4518077382163,258.8995335721538,261.33513937228963,263.74800512900583,266.1272496306774,268.46072167746934,270.7341105182404,272.93022742012727,275.0284972715199,277.00468537274355,278.8308706797943
ZAF,Female,IHD,diet,3451.0283401022007,0.0,233.77326598021318,0.0,1.5669139296314825,3.854958571084353,7.225298827037477,12.03496498889217,18.52630701596354,26.719683891649765,36.39030852852011,47.14996559965584,58.570611862203805,70.27724763226252,81.9864716864904,93.50570751808482,104.71533001137868,115.54809776391266,125.97193879832412,135.97736448074465,145.56887116701182,154.75923526722363,163.56571975603038,172.00746880453153,180.10361353280678,187.87180195505607,195.32699859900276,202.4804849381053,209.33904290647843,215.90433064018907,222.17247003023476,228.13386541948057,233.77326598021318
ZAF,Female,IHD,combo,10345.679184157112,21.31647022965626,507.6268986661853,21.31647022965626,90.12585176720495,149.18209125341673,197.6234624061526,226.8469201611424,243.89553726820668,256.31759382750533,267.8601104554673,279.7930839194778,292.3141793213381,305.26346432365426,318.4149165953586,331.5736361879499,344.59599417834215,357.3842745783477,369.8758219541123,382.0331808378214,393.8365597797656,405.27830989386166,416.3587843716159,427.08304378855973,437.45805763219323,447.4902168263925,457.1830900731911,466.5354309805025,475.5394825215135,484.17963984985545,492.43152971750897,500.2615507908122,507.6268986661853
MEX,Male,IHD,glp1,43598.15844035825,121.17420902273443,1785.7139918026514,121.17420902273443,503.0335298728023,821.3523457685224,1077.6941032508475,1221.5194613291387,1290.9574449358624,1328.1274520638544,1354.7759216778213,1379.4303562562854,1404.8123175330547,1431.445447158083,1459.1100683511468,1487.385029929821,1515.8361694685736,1544.0734786165121,1571.761386793034,1598.6136034582305,1624.383991408322,1648.8574881006207,1671.8423342065216,1693.1638685811195,1712.659805847492,1730.1768148677656,1745.5682084715809,1758.6925774954725,1769.4132317362964,1777.5983368517045,1783.1216553391569,1785.8638101632241,1785.7139918026514
MEX,Male,IHD,diet,11090.86554360739,0.0,691.6618777118128,0.0,5.14453047166171,13.065514653164428,24.994656531562214,42.14396193220455,65.28044970305928,94.33121813935577,128.3209802878264,165.70643278535863,204.8544652116252,244.38575048999337,283.3016159233666,320.96043160273985,356.9934961019608,391.2165720079647,423.5592372970568,454.01547561067855,482.61182942175947,509.38809248911275,534.3862626733753,557.6446570734843,579.1951256537432,599.0620590526087,617.2623992101435,633.8061912904668,648.6974201966805,661.934998050303,673.5138398314739,683.4260022028466,691.6618777118128
MEX,Male,IHD,combo,54487.5816777444,121.17420902273443,2466.685768893396,121.17420902273443,508.1351554274006,834.2406690927746,1102.2369348332868,1262.784797480359,1354.7895455645485,1420.3191989452753,1480.1804037770635,1541.4009463176772,1605.1105107374024,1670.4850376386166,1736.3263602715306,1801.5821435137186,1865.4530998860864,1927.36433211829,1986.9069202127575,2043.7846257236379,2097.7736737909727,2148.6947777436144,2196.394518784524,2240.7333312564006,2281.5780016828357,2318.797228494659,2352.259279921389,2381.8311313623853,2407.3786929453927,2428.7678847845527,2445.8664060289884,2458.5460914921277,2466.685768893396
MEX,Female,IHD,glp1,35128.1789554468,100.7402886500713,1622.6840713411657,100.7402886500713,403.90559907705756,639.4327003468279,821.262866175377,916.2659924226464,957.9906615485015,979.725294329306,997.6153373121342,1017.3879571641082,1040.4261970620137,1066.5935985137621,1095.3229957423318,1125.995563695018,1158.0559541553812,1191.0351632154925,1224.5439513893216,1258.2588829572487,1291.9082232433284,1325.2596971826715,1358.1103640607034,1390.2783553068439,1421.5961387079878,1451.9050219010242,1481.0506887509982,1508.8796396613034,1535.236469560361,1559.9619617277785,1582.8920011845476,1603.8573190614843,1622.6840713411657
MEX,Female,IHD,diet,9483.615558002428,0.0,629.1158194737218,0.0,4.322724510595435,10.889951319877582,20.737999809389294,34.88479592875228,53.960803132504225,77.87381601242669,105.77167429360998,136.3518152740944,168.2835421764903,200.49476601084461,232.25950520490005,263.1555251105601,292.9771055285819,321.65245138297905,349.18264694434765,375.6023079305887,400.9566094504262,425.28906411917706,448.6357376701635,471.0230272621411,492.4672431062354,512.9749886224454,532.5438079782471,551.1628526152926,568.8134800419357,585.4697858252039,601.09911286227,615.6625984046259,629.1158194737218
MEX,Female,IHD,combo,44445.167188631814,100.7402886500713,2242.069132392615,100.7402886500713,408.19227245768707,650.175852053515,841.6300226254971,950.4350217464453,1010.7796262546763,1055.879533049665,1101.058010954548,1150.7746103158643,1205.1128162073,1262.8860112712864,1322.813196445335,1383.8578983739717,1445.2588882606215,1506.4727488663339,1567.1077548408211,1626.8714176086069,1685.5338272984372,1742.903350913708,1798.8107513595314,1853.098672207736,1905.6144313963741,1956.2048508358712,2004.7123919598234,2050.9722215869697,2094.8100540859596,2136.0407468597405,2174.4676947135304,2209.8830930392724,2242.069132392615
AUS,Male,IHD,glp1,9167.403561972618,21.47497987326824,365.37645883309233,21.47497987326824,93.59867101360032,158.3725635513929,214.129540924685,249.06979940537713,269.0817666285511,281.842654691387,291.5051949843328,299.76596494545447,307.2228615890963,314.061831446812,320.3353424867346,326.06308964107666,331.2638204071627,335.9625336024328,340.1898709197085,343.9796998335987,347.3667917776147,350.3850309111658,353.06611895863534,355.43863573159615,357.5273292082129,359.35255266202876,360.92980795947005,362.2693849946336,363.37610660314385,364.2491979918814,364.882301996804,365.2636583996682,365.37645883309233
AUS,Male,IHD,diet,2604.8785120566918,0.0,154.74146031624332,0.0,1.5748808902098972,3.841984298071111,7.160088962593363,11.8513759273701,18.08682397039047,25.783610124457482,34.60490436919645,44.07429893857625,53.722399844933534,63.18247863020224,72.21649476401944,80.69712711238026,88.5754140703284,95.85081047070344,102.54917861493959,108.70855899635717,114.37077204922389,119.57685309952285,124.3648021296176,128.76863718729874,132.81812972979606,136.53886283630345,139.95241816774433,143.0765962784062,145.92563154233358,148.51039383566604,150.83858451001288,152.91494038979363,154.74146031624332
AUS,Male,IHD,combo,11723.024717810857,21.47497987326824,517.4809819571783,21.47497987326824,95.16041754016805,162.16271330489508,221.1611841669328,260.67650691803465,286.77205867770317,307.0494377122832,325.3352279261089,342.8617624662984,359.76817951956764,375.88102055669515,391.0185998175548,405.07454769191827,418.01826304585484,429.8729625262604,440.6935841029335,450.550437085476,459.5186285062555,467.6717652910229,475.0784209484591,481.8002400838159,487.8909464532444,493.39581968103084,498.3514084766066,502.7853757361918,506.716445971153,510.1544656839833,513.1006048940326,515.5477311959294,517.4809819571783
AUS,Female,IHD,glp1,5388.410327711079,15.179421484135673,229.79828849039404,15.179421484135673,61.58725257660262,97.97574193631044,127.02809290000187,143.27698363234776,151.52069788860717,156.62590632894535,160.90965818275617,165.15293272965027,169.51798328358564,173.96778108923354,178.4216886826507,182.80528985947603,187.0623024970664,191.15426698687588,195.0571049859809,198.75751573656635,202.2500048181846,205.5346168898359,208.61523879144806,211.49831134629858,214.19181429968376,216.70442603557785,219.04479410341082,221.22088050841012,223.2393669056055,225.10511996282366,226.82072704037455,228.38611773823868,229.79828849039404
AUS,Female,IHD,diet,1780.1527891797068,0.0,106.7166731226007,0.0,1.3075887578816037,2.9931049106871797,5.348055845388444,8.60653847102003,12.88353818714495,18.11487254434178,24.06578659193474,30.415127314456186,36.85583602062616,43.15580425774533,49.17012815275848,54.82522405534837,60.095631670061266,64.98419299499074,69.50837798741122,73.69197925383378,77.56053424750826,81.13903344941718,84.45091099244564,87.51769531205173,90.35896193896588,92.99239575263891,95.433867040314,97.69748038042235,99.79558515782446,101.73875214137297,103.53572820791123,105.19338442060325,106.7166731226007
AUS,Female,IHD,combo,7135.220753407744,15.179421484135673,334.6638557067108,15.179421484135673,62.88393616295616,100.92883257701396,132.28152442133614,151.7088704964117,164.12734362039555,174.34434236111156,184.44915810005295,194.90937029787347,205.58670681077092,216.216289787204,226.5746296569796,236.5141914729902,245.95277651062315,254.85388254089776,263.2098871083472,271.03029351185614,278.3342485796129,285.1460030743965,291.49220260556103,297.4002387408,302.89717374293105,308.008950920439,312.75973199311557,317.17128449222764,321.26239275628905,325.0482966739419,328.54017983990343,331.7447373608593,334.6638557067108
NZL,Male,IHD,glp1,2601.4101750431983,5.72741477565296,101.26430230014739,5.72741477565296,25.812332347768915,44.65785277125724,61.222380259788224,71.827245497072,77.95777422529864,81.79116980131039,84.56693795427782,86.82790975543594,88.79072272404574,90.5408072315413,92.11440533739278,93.530111291102,94.80032407505405,95.93516862204979,96.94374087614688,97.83446565807026,98.61518559866545,99.29317098957472,99.87509486109411,100.36697633274707,100.77409007905771,101.10084512294907,101.35064293635605,101.52572993963622,101.62706215478465,101.6542000099771,101.60524945223642,101.47686206270737,101.26430230014739
NZL,Male,IHD,diet,622.6258002039972,0.0,35.231160305767844,0.0,0.4564469389720216,1.0911211692873621,1.989861934505825,3.2280773187248997,4.839580047427262,6.79299492186783,8.995729715261405,11.32530496828258,13.665909989737884,15.930427039025744,18.064920780871034,20.042834213746573,21.85631149040273,23.508585981309807,25.008575017286603,26.36750029443283,27.59697692595273,28.708041714499814,29.710730017172864,30.61394595454567,31.42547214500337,32.15203295556512,32.79936770533277,33.37229552441568,33.87476780273937,34.30991149854708,34.68006967361816,34.98684615969432,35.231160305767844
NZL,Male,IHD,combo,3213.2196651730633,5.72741477565296,135.97152043020014,5.72741477565296,26.264972560710248,45.73430935235638,63.17683045733065,74.98951716800275,82.69310837039757,88.43562457668304,93.3668106067862,97.91000251320838,102.16847972023515,106.14212128966483,109.81395171620079,113.17611141421821,116.23288526584474,118.9972045311315,121.48660746526457,123.72028254721408,125.71727552321408,127.4955363572708,129.07146999859015,130.45974470835336,131.67320508252033,132.72280838925144,133.61755110855847,134.3643824607061,134.96811839395014,135.43137701999513,135.75455776137096,135.93588360818012,135.97152043020014
NZL,Female,IHD,glp1,1678.559929287369,4.011762895715492,70.15911412598143,4.011762895715492,17.497325824615018,29.18221106491046,38.87729595716655,44.60537170501402,47.661272380799346,49.54042945602805,51.0132915621989,52.37550173682666,53.717381738528275,55.05450834760677,56.379070953463724,57.67805124523875,58.93898342476223,60.151408238849854,61.30698503427948,62.399275366268284,63.423504524301734,64.37636532299939,65.25585540393467,66.0611248249661,66.79231470156628,67.45037598642875,68.03686549676468,68.5537227210043,69.00303554351922,69.3868059141846,69.70672782835027,69.96398996109565,70.15911412598143
NZL,Female,IHD,diet,459.77986134401544,0.0,26.864000364578715,0.0,0.3472909656052252,0.805143399904864,1.4411997059578425,2.313685432188322,3.4508516670857716,4.83420171531543,6.400864953725431,8.065789031211352,9.748020625845129,11.386615672927292,12.943866226864884,14.401096333012447,15.752438585962409,16.99944289762152,18.147317520522847,19.202643944025112,20.172144708212272,21.06211236345689,21.878213879995656,22.62548537077555,23.308406255750924,23.93099121370824,24.49686898045138,25.009335441530766,25.471379057740705,25.885682432507565,26.254606643828083,26.580165953702817,26.864000364578715
NZL,Female,IHD,combo,2130.0855610529115,4.011762895715492,96.58956253850101,4.011762895715492,17.84172041509737,29.976575504444554,40.2929852228026,46.87216378888934,51.03819940282074,54.26941892158811,57.2752866496794,60.26843628320785,63.25993400989728,66.20550054659225,69.06011813727218,71.79217229216874,74.38316767718698,76.82392510653699,79.11101657342624,81.24430578030797,83.22549438552005,85.05735794787142,86.7433844488246,88.28761122873675,89.69453238752885,90.96900503115194,92.1161208133949,93.14103369203303,94.0487498594498,94.84389441433723,95.53047349595136,96.11165160197652,96.58956253850101
ROU,Male,IHD,glp1,11288.358863475249,45.33007638890922,329.8439451795457,45.33007638890922,194.0468078507729,315.40337195410757,410.2515936595446,456.59914093486077,470.6136405927391,469.92543547531386,463.5118954422942,454.980781152688,445.72162633756307,436.342088947662,427.18680751237844,418.4945263712507,410.43376844555314,403.1064101268821,396.5485406888838,390.7359650178623,385.5943130011037,381.0117562955202,376.85228393241414,372.9680166303515,369.2096471781588,365.4346071929176,361.51293362825163,357.33104684232967,352.7937795279977,347.8250405955805,342.367486787949,336.3815297838628,329.8439451795457
ROU,Male,IHD,diet,2098.4245673993355,0.0,101.8807813885578,0.0,2.2846700900699943,5.249903729327343,9.319617891342205,14.760330462617276,21.611485646062647,29.61270288648666,38.264252347125876,46.99677804928069,55.334254755412985,62.970046372312936,69.7614643144916,75.68597346949537,80.79307972899551,85.16657728899008,88.89959434694174,92.08013046219276,94.78391816958174,97.07194369090575,98.99070919018777,100.57395340179573,101.84500879001644,102.819289979514,103.50662073464628,103.91324785746838,104.04348248851238,103.90096735095722,103.48960256768623,102.8141799483601,101.8807813885578
ROU,Male,IHD,combo,13357.489198468029,45.33007638890922,430.683102112238,45.33007638890922,196.31242399971597,320.5848644172038,419.41348485619164,471.07837622870284,491.79715397162363,498.95136374682625,501.0313399393708,501.08691704189914,500.03920784872025,498.1923749818634,495.7480099229215,492.91992596022465,489.9229598458114,486.93959848934537,484.0962989949039,481.454676078225,479.01446489837326,476.7236746598792,474.4920165208605,472.20483023443376,469.7357885548445,466.9574793711545,463.74954628853084,460.0044454220333,455.63109475392775,450.5567950936529,444.727824780377,438.1090830652647,430.683102112238
ROU,Female,IHD,glp1,9403.275331434947,46.62220121611608,297.55166081674906,46.62220121611608,187.670279598271,285.8138894818985,353.50717461970635,377.17504606297007,377.1036256163934,369.895062490712,362.14565928316733,355.4647342519056,349.83862959354883,344.92950617618044,340.4579672437758,336.27002834963787,332.3132167140211,328.59620043995164,325.1539600393771,322.02326452590205,319.2278313361312,316.77110981498845,314.6344931994936,312.7790480913318,311.1492456304768,309.6775718209756,308.2892420335156,306.9065308220779,305.4524501357264,303.8536709833206,302.0426934887546,299.95933755786973,297.55166081674906
ROU,Female,IHD,diet,2117.3011005695116,0.0,102.6944872313943,0.0,2.684622078326356,5.955646418344259,10.415519481957745,16.32058830630558,23.663888144350494,32.10595126369299,41.07241069593147,49.95637242879093,58.28563118152306,65.78041171281438,72.3282516694926,77.93062239376377,82.65427709578216,86.59691055870644,89.86577556268458,92.56535146693932,94.7907188727695,96.62439706736768,98.13527052782956,99.37878058206115,100.3978763762716,101.22439908720844,101.88067836025584,102.38118667140225,102.73414439005865,102.94300440364168,103.00777381138687,102.92615272845796,102.6944872313943
ROU,Female,IHD,combo,11492.995577320358,46.62220121611608,399.17087976044786,46.62220121611608,190.3325121721973,291.693828020354,363.7527672622382,393.1997785644853,400.3264591210318,401.40792376775426,402.47854441671006,404.5508874363077,407.144951382601,409.6447459816154,411.65706352226334,413.0264586579542,413.76372705603717,413.97182081487335,413.78995902911265,413.35690141398663,412.7894997884978,412.1722764856604,411.5544927723313,410.9519909931296,410.35179933775726,409.7180562579779,408.9982611885898,408.1292092182048,407.0422352552632,405.6675906376622,403.9379133199509,401.79084246924685,399.17087976044786
BGR,Male,IHD,glp1,4781.207179337218,19.95863418153931,129.22627289225966,19.95863418153931,84.69952304825529,139.3149274374373,182.2876417972584,203.71363769560594,210.26910645359203,209.74267614696691,206.30844569475084,201.74091187619888,196.7566101372704,191.6661761918731,186.62996245349677,181.74796204030645,177.08863853554976,172.69743583687705,168.5996275173802,164.80229186350698,161.29666569619985,158.06096352366694,155.06343286337687,152.26538947838344,149.62403440899106,147.0949270010533,144.63405153725398,142.19946355288266,139.75253544641782,137.2588416081071,134.68873362037266,132.01765880038693,129.22627289225966
BGR,Male,IHD,diet,1583.8390199687947,0.0,76.69569283880628,0.0,1.4943148257152643,3.582595274618143,6.526213134457066,10.519153550538249,15.60791079817318,21.618532873892036,28.185762524641177,34.87517578527331,41.311359906783764,47.243795149472135,52.54793438709203,57.19342440525725,61.20732535424395,64.6450413383227,67.57126676745065,70.04907054668001,72.13449438267162,73.8745195222582,75.30693314322889,76.46117339733792,77.35960519106084,78.0189138333717,78.45144620550309,78.66641392940437,78.67092290619803,78.4708224556307,78.07138334945193,77.4778221912602,76.69569283880628
BGR,Male,IHD,combo,6340.326424384799,19.95863418153931,205.0024272302271,19.95863418153931,86.181375423992,142.8497825002869,188.69952978381843,214.02337152473592,225.55119307426503,230.90630853134462,233.9076606279832,235.90501646891062,237.24648898171654,237.9956475970539,238.18880177702522,237.89426556801845,237.20540662076564,236.22075055652385,235.0281330769958,233.6959061471407,232.2699166064158,230.77425886189303,229.21413978903,227.5796979371098,225.85004033669975,223.99706198824424,221.98881610990975,219.79233508500147,217.37588485703964,214.7106848140793,211.7721516448546,208.54073668217825,205.0024272302271
BGR,Female,IHD,glp1,3873.938864512387,18.289236798013008,110.47012577954592,18.289236798013008,75.04315976301223,118.59420134693573,150.60969640932854,164.26617887449174,166.56990419835893,164.32931807891873,160.7737537854482,157.04138947501633,153.44585623699822,150.03667732970462,146.79943209952762,143.71626393450606,140.77871357107324,137.9864348317442,135.34304361613795,132.85244057345335,130.5163160723605,128.33275782585406,126.29570230349418,124.39497458999904,122.61670849042093,120.94398832088882,119.35759619736928,117.83678285885435,116.36000714806687,114.90561029909259,113.45240701415241,111.98018668961959,110.47012577954592
BGR,Female,IHD,diet,1467.6003149291919,0.0,70.59907460174509,0.0,1.449951301463443,3.388671896836968,6.1069199156027025,9.82606797860899,14.62671299696558,20.366094095545122,26.69297874745098,33.1649186218001,39.3840050202416,45.0747552305038,50.093809937556216,54.40144410742141,58.02444625887438,61.02518698682252,63.480453657008184,65.46867538838706,67.06301215072381,68.32811880728332,69.31905294574062,70.08136117149115,70.65177067081095,71.05915829727019,71.32561453400194,71.46750271550445,71.49646071593997,71.42031873771157,71.24392194673055,70.96985549314923,70.59907460174509
BGR,Female,IHD,combo,5319.023589812945,18.289236798013008,180.15705953163524,18.289236798013008,76.48101860226234,121.93829232377539,156.61169918029555,173.90137760093603,180.89994548613322,184.28054200872612,186.93078299672925,189.55600748062352,192.0790674235468,194.27757097414906,195.99421661033193,197.16992989698883,197.82062253248478,198.00569048135367,197.80309148753622,197.2930644223943,196.54876598428018,195.63162015640592,194.58962824558694,193.45743880057853,192.2574054667475,191.00115028486107,189.69133462580794,188.3234559441753,186.88756194356029,185.36982105905008,183.75391912427403,182.02227233970189,180.15705953163524
ISR,Male,IHD,glp1,2062.8256428049426,4.603555701897676,89.88377405118354,4.603555701897676,20.02567990630405,34.05165404655736,46.152950098853125,53.75949960631624,58.11544359406207,60.88138829259742,62.97405259509878,64.77961559165078,66.44052183956182,68.00406362539479,69.48483442601173,70.88872810542716,72.22133027516793,73.49020722618843,74.70489727554923,75.87612200907006,77.01482703104011,78.13129572642629,79.23442643264025,80.33119617697866,81.42630346495207,82.52196892907796,83.61786771036714,84.71116733965209,85.79664745018363,86.86688150584087,87.91246492252321,88.92227784836814,89.88377405118354
ISR,Male,IHD,diet,163.27387385716474,0.0,10.752911532268627,0.0,0.08111299189476995,0.20109508534051201,0.3778805761071453,0.6288858636753503,0.9649881310519959,1.3849837709230997,1.874760493427857,2.4120612375090786,2.9732943726994563,3.538499068294186,4.093291108558333,4.628667064072943,5.139891531645844,5.625248778070272,6.084985576933832,6.520516656989457,6.93386267893311,7.327266209387744,7.702935802451066,8.06288010906519,8.40880498410479,8.742054903707867,9.063585791935111,9.373960248155527,9.673358790344537,9.961602538282023,10.238184045036178,10.502303916298843,10.752911532268627
ISR,Male,IHD,combo,2222.7833632421966,4.603555701897676,100.43330377282382,4.603555701897676,20.10611642320964,34.250018881666165,46.52397874295275,54.37519746478165,59.058822400127156,62.23454223429917,64.80544757786629,67.13606748879965,69.34583811287257,71.46254383583755,73.48668469248832,75.41529894767473,77.24927986866805,78.9944538323316,80.66054401459041,82.25960775907242,83.80452875668016,85.30775500297477,86.78032471286497,88.23116649002895,89.66664004325958,91.09027812897148,92.50269105773532,93.90159876336384,95.28196053747706,96.63617813822111,97.95435342152268,99.22458643713708,100.43330377282382
ISR,Female,IHD,glp1,1208.3765717514445,3.4759384820163177,53.254589322094034,3.4759384820163177,14.078749107332442,22.512520545972166,29.084042627954204,32.629371702471644,34.30058714865777,35.24246386200343,36.00839054935477,36.7915899618456,37.634722806132686,38.52833134647699,39.44962233178285,40.37645936161016,41.291764557789975,42.184283847881034,43.048003242278355,43.88111194272187,44.684878070168,45.462593025848946,46.218651010611666,46.95778783358037,47.68448090737775,48.40250004450945,49.11459214466231,49.82228006976902,50.5257557253567,51.22384872648763,51.9140543386834,52.592607108013,53.254589322094034
ISR,Female,IHD,diet,109.10047912969253,0.0,6.909607963414601,0.0,0.062248831116448855,0.14950407430796986,0.27512824648147216,0.45169242299493817,0.6870005120631504,0.9802562355062037,1.3214570252744124,1.694729454758999,2.0831451225421915,2.472259557129746,2.8515270851462446,3.214204706707733,3.5566071295670554,3.877261266885853,4.176187505055168,4.454356223095147,4.713298178447076,4.95483142172634,5.180871359217235,5.393299116906746,5.5938710585387525,5.784157934326231,5.965505882103571,6.139013893639458,6.305523875501422,6.465620422071424,6.619638098150517,6.767674527016425,6.909607963414601
ISR,Female,IHD,combo,1315.2118796203886,3.4759384820163177,60.028129894274116,3.4759384820163177,14.140478788848668,22.659996228386262,29.354183463047548,33.07158668704892,34.97218039456311,36.20013601204437,37.29917418989544,38.44707145157645,39.66997612180876,40.94431372808913,42.236960103568435,43.51914933081298,44.77015599138713,45.97724048731243,47.13436687318881,48.24063689682089,49.29878571374684,50.31385928433565,51.29210770719874,52.24009457456941,53.164007640239106,54.06914924616922,54.9595820507011,55.83790511999814,56.705136632101585,57.56068175816563,58.402367255373974,59.22652751309943,60.028129894274116
NGA,Male,IHD,glp1,17690.74804051098,72.489940769854,826.2871625021435,72.489940769854,288.8424548939947,443.8780424493889,547.8050154706652,582.2689992292435,577.4429082291244,560.1238299409888,542.7626911665575,529.5979097294112,521.5539249714202,518.4246809623583,519.6880469629687,524.7803546457726,533.1769094387564,544.4072046979782,558.0503578426651,573.7261290248498,591.0862788826635,609.8074261370566,629.5854370420275,650.1310968150865,671.1668057203133,692.4241095104517,713.6419470045948,734.5655544941619,754.946001760909,774.5403483760456,793.1124049619248,810.4340668776058,826.2871625021435
NGA,Male,IHD,diet,15934.922859924147,0.0,1071.8420462177091,0.0,10.403084144039894,24.162294611887773,43.433300021752075,69.9515466861485,104.50365383680764,146.47235307528172,193.9676487508841,244.54156079445966,295.9786154614194,346.73015009375376,395.9549764982148,443.35062775386905,488.94479988794774,532.9275943091707,575.5411477592133,617.0165185815058,657.5424159989416,697.253012097055,736.2261704610355,774.4867941289704,812.0122905624812,848.7385789976252,884.5659064845458,919.3642131286615,952.978040081769,985.2310949215098,1015.9306311713735,1044.8717934061133,1071.8420462177091
NGA,Male,IHD,combo,33359.75195626691,72.489940769854,1882.368770223111,72.489940769854,299.158778260753,467.71939146026125,590.4796452058508,650.8280901665785,679.7569538812022,703.4900353859921,732.6451538872207,769.0711292045162,811.5218637779326,858.2677139793013,907.9530515331062,959.7082316005544,1013.027359909087,1067.619711619518,1123.2969795011595,1179.9021326327638,1237.2697502409574,1295.2065884761032,1353.483954874362,1411.8364516772708,1469.963877621929,1527.5345407124332,1584.1891328165657,1639.5448412399128,1693.199658398422,1744.7369858603124,1793.730668410455,1839.7505729394252,1882.368770223111
NGA,Female,IHD,glp1,22459.377135751223,72.5750642731291,1090.141850815955,72.5750642731291,292.2677869801191,459.73954560857237,582.9464234307015,638.1726780234894,652.2733354597585,651.4206729057987,648.4247021287883,647.9887306220044,651.396550088677,658.6913546522628,669.5221452267724,683.4467899439114,700.0326919791623,718.8855077297994,739.6533673719678,762.0232455641817,785.715063034404,810.475269675575,836.0704270370261,862.2809774914494,888.8953465019513,915.7045558014142,942.4975546191563,969.0574808824167,995.1590411336947,1020.567150512783,1045.0369092134642,1068.314917042837,1090.141850815955
NGA,Female,IHD,diet,19429.615878947676,0.0,1373.3336806064617,0.0,9.024373605687288,21.413786805511336,39.49352053460461,65.35054905682773,100.34688994294993,144.5590144778107,196.68988341156364,254.58520619611954,315.9645632109168,378.9331778281339,442.15501940952527,504.8006769098065,566.4132271159397,626.7762899561712,685.8138506198011,743.5234144577771,799.9347458163757,855.0856352307674,909.0080235919886,961.7199860184191,1013.2208165980046,1063.487671608702,1112.4730211206625,1160.1026460379653,1206.2741953118384,1250.8564544107066,1293.6895181124273,1334.5860409442103,1373.3336806064617
NGA,Female,IHD,combo,41558.41567106413,72.5750642731291,2442.7833522647707,72.5750642731291,301.2168981292343,480.867608392502,621.7439630154477,702.2049607064473,750.4802889170169,792.8469248431938,840.8661495793858,897.1463921253162,960.7457745285428,1029.8526317126598,1102.803301136817,1178.3363588633802,1255.563704583954,1333.8711823787162,1412.8252755749272,1492.10424715087,1571.45187206244,1650.6472325614159,1729.484616374495,1807.7593281578447,1885.2568703454017,1961.7441640713078,2036.9622826169943,2110.620650844052,2182.3929132915655,2251.9147607916966,2318.7839827478892,2382.562919022719,2442.7833522647707
EGY,Male,IHD,glp1,58182.65106639045,198.03218064758403,2129.6016802357044,198.03218064758403,832.3806623134733,1353.847717667435,1763.0883040331391,1969.0268743708293,2039.4136832353252,2049.978577249858,2040.3609486712376,2026.725442988798,2014.949662144907,2006.9834050757054,2003.359016795439,2004.093987928587,2008.9891090978053,2017.7143460944935,2029.8273710244102,2044.7761291983188,2061.9024916237977,2080.451715212286,2099.58811589345,2118.4159193861997,2136.003837623226,2151.411865814065,2163.718872985017,2172.049686347018,2175.600519851927,2173.661761887226,2165.637314546795,2151.0598664463905,2129.6016802357044
EGY,Male,IHD,diet,9787.395655875502,0.0,559.1448452187469,0.0,6.72992704049102,15.923118152073584,29.108356375800213,47.49538986448897,71.66173875328968,101.20067091443343,134.75889409717638,170.500356933102,206.66691953409463,241.92558936661226,275.4474587342993,306.8250280233915,335.94062228512485,362.846994312451,387.67920154726016,410.5967289489636,431.74875423836056,451.2553872401768,469.19937547511654,485.6244759426336,500.53798977588303,513.9158298131078,525.7090457236627,535.8510742406652,544.2651939285279,550.8717985986441,555.595194716152,558.369696080772,559.1448452187469
EGY,Male,IHD,combo,67833.63938629907,198.03218064758403,2683.227891921124,198.03218064758403,839.0544623734604,1369.5608086064458,1791.6935334140435,2015.591063378859,2109.604918561643,2149.0910086219665,2172.378107962315,2193.839391828893,2217.629997411743,2244.388240316359,2273.8258743943006,2305.5519673102244,2339.2436107894464,2374.615522032109,2411.352408164763,2449.0546966915717,2487.2078842579213,2525.1733002013643,2562.195346418681,2597.4204809149087,2629.9240512362157,2658.741878805915,2682.9041123636416,2701.4693301089574,2713.5572266335366,2718.3785166450252,2715.2609539829136,2703.6706203031354,2683.227891921124
EGY,Female,IHD,glp1,43279.07828502418,160.0298948923446,1815.9358997693344,160.0298948923446,628.9105183028878,970.5366700314044,1227.7781209494278,1343.1022942726122,1372.0346017817064,1369.2895352303603,1360.9420970935753,1356.0998974897811,1357.0627568568598,1363.8800419042382,1376.0113914540416,1392.8479400689976,1413.8335186806216,1438.459983231529,1466.232190991068,1496.6338091958023,1529.1027929617703,1563.0178945384687,1597.6952212442557,1632.3932268887875,1666.3244281261286,1698.6721936861577,1728.6110417502641,1755.3289718433225,1778.0504553438223,1796.0588232775917,1808.7169302273542,1815.4851429396658,1815.9358997693344
EGY,Female,IHD,diet,8339.710357937423,0.0,501.0436252692598,0.0,6.975007937042392,15.340231438080082,26.81331664013851,42.49978065099276,62.840870076586725,87.40770667583274,115.00252661078412,144.09456323874474,173.2946889789455,201.61683335143607,228.50706282859028,253.74873613500677,277.34171580873954,299.4020645454293,320.0925022048614,339.5789941204275,358.0057817155757,375.4823998135689,392.0782334266114,407.8218069697032,422.70309449743945,436.67780121046235,449.6729409874242,461.5932368944341,472.3279778022843,481.7580213469628,489.7626689542376,496.2261678078212,501.0436252692598
EGY,Female,IHD,combo,51507.966369083835,160.0298948923446,2311.948327713122,160.0298948923446,635.8273553069739,985.6791700887552,1254.1434759429103,1384.8031197562232,1433.6471935260051,1454.9886237458704,1473.738172330588,1497.5057695381547,1527.2265019059705,1561.9762711725925,1600.663413969669,1642.4587385583436,1686.7992620296573,1733.2855135238788,1781.5782743060408,1831.321601929376,1882.0935503589717,1933.3796736082732,1984.563993499527,2034.9330731197842,2083.6898122642597,2129.9742839311657,2172.8893844216946,2211.529358364438,2245.009461317968,2272.4951926209615,2293.2297055671806,2306.558199773135,2311.948327713122
BGD,Male,IHD,glp1,54443.240778884065,198.9584507256659,1997.970547545934,198.9584507256659,818.5005050023174,1295.7966393264214,1656.8862383064989,1827.1490550603485,1877.403479961853,1879.9821313341963,1870.594693934443,1862.345113489544,1858.8672373310546,1860.4588310678373,1866.4270187772636,1875.8900894135877,1888.0151954506582,1902.0657934960327,1917.3925874288834,1933.4129721098288,1949.5925460494473,1965.4316970868385,1980.457050713012,1994.2168255496072,2006.2791482649336,2016.2325620727497,2023.6881400956772,2028.2827444614377,2029.6830546765414,2027.5900370991149,2021.7435550428054,2011.926838009531,1997.970547545934
BGD,Male,IHD,diet,41393.8112544217,0.0,2196.548245146929,0.0,32.710782151989406,78.32458653284993,143.12684853318206,232.50577665376477,348.72007765811577,489.1210676639457,646.4489860419417,811.2366109976138,974.6260334904364,1130.0638461911294,1273.6366639721382,1403.6070846646326,1519.7244025558757,1622.6146381333238,1713.3392785690376,1793.1110884917434,1863.1265091582027,1924.4756733025424,1978.1008563587675,2024.7837874294783,2065.149446409516,2099.6788102216087,2128.726073522819,2152.5377388748166,2171.2720824137214,2185.0181451691315,2193.8137635148305,2197.6623505976168,2196.548245146929
BGD,Male,IHD,combo,95243.54939480331,198.9584507256659,4170.683107339602,198.9584507256659,850.9384822009306,1373.079495171638,1797.515030019582,2055.0454998675414,2218.8766973722086,2358.8678900600353,2503.6951546881173,2657.229200684582,2814.4299553130986,2969.1475073587208,3116.8085078943404,3254.7757834611693,3381.919697093632,3498.0729328253365,3603.590982266993,3699.0531076102925,3785.0786144395825,3862.223853790463,3930.9314961316995,3991.5121142140124,4044.1450764592155,4088.8906179298356,4125.708105595026,4154.477463662159,4175.021892079822,4187.130691021739,4190.581390117615,4185.160597408656,4170.683107339602
BGD,Female,IHD,glp1,31766.174241180728,93.74394525288517,1292.201458979238,93.74394525288517,387.92336636106484,617.3021390705471,802.013027002431,900.7238171649806,943.6380505780689,964.1064687353937,978.794615716848,993.7463958825974,1010.5484255946649,1029.2466114964336,1049.456007974135,1070.7303275541635,1092.6626452463825,1114.8975844031957,1137.1190727330686,1159.0348916010844,1180.3642123562167,1200.8293427186727,1220.1514138276543,1238.049375763323,1254.2416339625634,1268.449697088392,1280.403251031894,1289.8461144047324,1296.542573158251,1300.2836415129714,1300.8928559310298,1298.2312780778448,1292.201458979238
BGD,Female,IHD,diet,26555.288936764373,0.0,1520.5427095484774,0.0,21.50628023891477,49.64562865924381,88.86328630438948,142.6861040119329,212.5617718591966,296.87688129165326,391.22954777639825,489.9782539820444,587.9924326139299,681.6517859075102,768.9770587332023,849.2742254836776,922.6659687299543,989.6998694530776,1051.0808673392603,1107.5117067202664,1159.6093118476274,1207.868704448265,1252.6543578434212,1294.2062738750392,1332.6533202639694,1368.0297004262102,1400.2923914159473,1429.3384678074653,1455.0217825040017,1477.1687302659848,1495.59291869562,1510.108598717692,1520.5427095484774
BGD,Female,IHD,combo,57935.64206139782,93.74394525288517,2794.7605412853445,93.74394525288517,409.25028617530916,666.2954886549705,889.3538174655841,1040.644886579772,1151.8946194698656,1254.9413900067666,1362.1795587336674,1474.1434450036904,1587.3868772667483,1698.3845166140381,1804.779273715234,1905.4117003567226,1999.9668340529752,2088.604479257381,2171.684715019175,2249.594975914355,2322.654210797613,2391.0679083599825,2454.9141753557196,2514.1478115310747,2568.6143803980667,2618.069561892029,2662.20103987919,2700.6512837846094,2733.0401745945273,2758.986730650213,2778.129349771203,2790.1440835591056,2794.7605412853445
USA,Male,IHD,glp1,171727.17378267902,446.1331035529729,6055.719989008561,446.1331035529729,1956.0507805892848,3333.1918997858884,4510.836807206215,5229.791678096168,5614.0121986834565,5830.604465919838,5972.548032914288,6079.686774624861,6167.343734336435,6241.094905756414,6302.938466662192,6353.671101582702,6393.761045762454,6423.65138280543,6443.852415880945,6454.956754325889,6457.625893080432,6452.566072193964,6440.500281333458,6422.139566552185,6398.155544030422,6369.1555325530935,6335.661418932839,6298.093104374013,6256.7571114630555,6211.840663602925,6163.41128997202,6111.421767096617,6055.719989008561
USA,Male,IHD,diet,35053.36672665214,0.0,1947.2028095395654,0.0,22.319382605084684,54.58451838284964,101.30604943208164,166.58345790376188,252.6103289835737,358.3896040110849,479.7171924118302,610.5418681155425,744.715934400796,877.1719724849099,1004.3062429932761,1123.8488110527396,1234.5466636234196,1335.8487620870583,1427.660352837469,1510.1716760777635,1583.7450829056324,1648.8422666123952,1705.9771372586256,1755.6844708613935,1798.4981610595132,1834.9354550334974,1865.4851756214048,1890.5988941323012,1910.6845519242925,1926.1022963479627,1937.162406162708,1944.125201789604,1947.2028095395654
USA,Male,IHD,combo,206153.47038846812,446.1331035529729,7973.512767688313,446.1331035529729,1978.1840215697885,3387.039451397257,4610.325134297833,5392.937050237961,5861.087645832566,6180.9840872675995,6441.541643960518,6676.713206473971,6895.8190482339705,7099.47465273476,7286.139549570042,7454.3711923517985,7603.391531508241,7733.084435675817,7843.848915012146,7936.447180414281,8011.880959593051,8071.296142072708,8115.908561958466,8146.944471317285,8165.5915932187345,8172.9586359693785,8170.042432441609,8157.702542613144,8136.64341142698,8107.404168602254,8070.356005929236,8025.706845545443,7973.512767688313
USA,Female,IHD,glp1,122124.2012645058,323.68165566396783,4555.879793406755,323.68165566396783,1389.4418179086642,2315.4478640719317,3092.572056823992,3553.2265712539665,3794.5031784781895,3934.5587158604467,4035.485125166859,4121.695915386663,4201.0730000853655,4275.3733147309395,4344.383158408629,4407.429474587378,4463.887685701775,4513.328738246753,4555.542053669458,4590.517951717135,4618.417774786183,4639.540794440894,4654.290779759758,4663.143324557284,4666.614629742573,4665.232387959608,4659.509403957811,4649.9205306847,4636.883405377099,4620.74334542721,4601.76262337435,4580.114193269459,4555.879793406755
USA,Female,IHD,diet,30679.231543538306,0.0,1733.97802165529,0.0,21.196504264924442,49.86557789778453,90.50713434902718,146.9076631423086,221.06195645438856,312.1445984223974,416.546674675541,529.0925512510294,644.5670278978941,758.7133295197855,868.5320357489982,972.1445049869944,1068.5102369500091,1157.1581305348082,1237.9836938902154,1311.1120020078379,1376.810121152841,1435.432257324399,1487.3849762581522,1533.1041328870924,1573.0384260201245,1607.6366973515833,1637.337469478778,1662.560028187756,1683.6968028302072,1701.1070243840804,1715.1117338428157,1725.9902301712427,1733.97802165529
USA,Female,IHD,combo,152251.14655653934,323.68165566396783,6262.416234303091,323.68165566396783,1410.461545252474,2364.6458578491292,3181.475585135777,3697.1480118474574,4010.8016098339576,4239.846651679312,4442.881267967547,4639.276145550335,4831.817240022152,5018.091329594492,5194.936925009359,5359.825956521614,5511.097995218763,5647.846071644395,5769.74204544659,5876.885248787643,5969.686956747202,6048.783533199283,6114.9688285613665,6169.138779030938,6212.243941768073,6245.247797565651,6269.089981324214,6284.654339799017,6292.742059925164,6294.050208380097,6289.155974503083,6278.506778407202,6262.416234303091
JPN,Male,IHD,glp1,33233.13822271131,123.22163178828487,1035.4185446150877,123.22163178828487,507.3505743638525,828.5678208676109,1082.123759787035,1218.1958660559612,1274.8400687760295,1293.6305680263904,1296.2974991171213,1291.8904909866105,1283.9306946367287,1273.8318325437867,1262.2581111378095,1249.6207670794101,1236.2455125370761,1222.419788412517,1208.3988253992138,1194.3999746857226,1180.5960459086564,1167.1112321097244,1154.020411498299,1141.35152350719,1129.0903199566965,1117.1867009076232,1105.5618953283774,1094.115862278144,1082.7344283430139,1071.295818247061,1059.6763643198792,1047.7552894904002,1035.4185446150877
JPN,Male,IHD,diet,9223.918112723302,0.0,514.0349309070225,0.0,6.345138033706462,16.030597797507653,30.172289181457018,49.71579284023028,74.9618010748236,105.23559833900072,138.98716840395355,174.28439034531766,209.35534491144062,242.89957985124784,274.1403416734829,302.73004124552244,328.6162030152773,351.92306017548253,372.86463782791543,391.6872038447109,408.6339454977642,423.92499377064087,437.7475708356069,450.2526335322327,461.55557551112724,471.7393573485824,480.85896514226624,488.946450839896,496.0160490230119,502.0690365352348,507.0981272472345,511.0912879716052,514.0349309070225
JPN,Male,IHD,combo,42250.613808391376,123.22163178828487,1538.496508903816,123.22163178828487,513.6427945224132,844.379113709685,1111.7415606853901,1266.8494677487179,1348.0831942383375,1396.3778094788722,1431.959877266272,1461.9967075168388,1488.2800321550894,1510.9522472837416,1529.9163337403006,1545.24088647576,1557.197204344382,1566.1912337940012,1572.684893362275,1577.1342309763568,1579.9482257488344,1581.4651309605106,1581.9420676847003,1581.554037545313,1580.3992826578033,1578.508613577491,1575.8568929622998,1572.37532116504,1567.9635448654008,1562.5009181515925,1555.8564969424915,1547.8975481393645,1538.496508903816
JPN,Female,IHD,glp1,23173.71429095034,101.90069898882939,722.6800925490606,101.90069898882939,405.4945118614123,639.1919055541657,811.2821690344645,891.4064412336083,914.4938736218901,913.7697185685902,905.2932566906165,895.0083137921683,884.7037578308154,874.7193703195153,864.9753682506125,855.3295429191858,845.6858056343553,836.014426002992,826.3425980643879,816.7366958992934,807.2840687793796,798.0772542961349,789.2015667256856,780.7262050877252,772.6986418880115,765.1418614317954,758.0539283470353,751.4093449556749,745.1616791592751,739.2469972748731,733.5877065131863,728.0964896755977,722.6800925490606
JPN,Female,IHD,diet,8184.428262235706,0.0,433.6167787288214,0.0,7.1002318376267795,17.051289955510583,30.993855891043495,49.847656637582986,73.88342947755882,102.42848472326295,133.97899562282691,166.67845923143614,198.83328588101722,229.20361251549184,257.0488275972457,282.03738284022984,304.1222524881814,323.43252004093665,340.19439594035066,354.6786324793429,367.16722245949495,377.93299133990513,387.2275190466753,395.27443759397283,402.2662671655271,408.3636451811399,413.6962057768542,418.36459576794005,422.4432454504422,425.9835955826784,429.0175414240148,431.5609035585949,433.6167787288214
JPN,Female,IHD,combo,31179.124977391744,101.90069898882939,1147.229712459055,101.90069898882939,412.53552841012424,656.0108808067525,841.7101960942309,940.1980494717718,986.6999450553558,1013.8029063821741,1036.1066914192197,1057.74588998533,1078.8557311472032,1098.5630305269005,1116.0611850096611,1130.8801166093835,1142.8738188257266,1152.1350819296276,1158.9090866666738,1163.5243378193845,1166.3418974862288,1167.7195929908485,1167.9877216460518,1167.4335243132882,1166.292400868435,1164.7443210602796,1162.914187686547,1160.8751092587117,1158.6536908949492,1156.2365855599928,1153.5776758770153,1150.6053821419919,1147.229712459055
GBR,Male,IHD,glp1,29465.2332891317,89.19432069199684,1022.0476548109727,89.19432069199684,384.28347377981845,643.3690104450798,855.6344684158103,975.4568098412128,1030.4838142799126,1054.2231421565157,1064.83000342577,1070.0234580163815,1072.8228816857154,1074.4035567010578,1075.2544935101105,1075.608489388651,1075.5927052910338,1075.2791426930853,1074.7022762521883,1073.8674854603014,1072.7576355049823,1071.339410780507,1069.5692392063575,1067.3983213165193,1064.776418521309,1061.6542924299356,1057.9848925994374,1053.7235279350134,1048.8273272837832,1043.2543099432078,1036.9623620778002,1029.9083646872314,1022.0476548109727
GBR,Male,IHD,diet,7602.802206290333,0.0,429.74813351937337,0.0,5.308079060720047,13.002824731345754,24.019851697710692,39.1791711840342,58.820738491252996,82.53010056351923,109.19076124263665,137.35299136091635,165.65768655306601,193.08837876393227,219.01959569953033,243.14625046755827,265.37989513804496,285.75763082077174,304.37733663158724,321.3574500917239,336.8148931302494,350.85481753429485,363.5673313286752,375.0279216581912,385.2995146806934,394.43497440657666,402.47941086366336,409.47202535822726,415.44743367678166,420.43652527617087,424.46697143636266,427.56351092272234,429.74813351937337
GBR,Male,IHD,combo,36920.89824484584,89.19432069199684,1444.3936678169266,89.19432069199684,389.5472839430877,656.1957007769743,879.2208909625333,1013.8208528638716,1088.002030811309,1134.8837734097688,1171.5390620389735,1204.2740173333514,1234.7798809914966,1263.2360310915392,1289.516300441377,1313.5510724582418,1335.3771365823486,1355.0994530575554,1372.845544164651,1388.7345420775164,1402.862067007045,1415.296406398047,1426.0811286697062,1435.2404432554467,1442.7849473338792,1448.7164749744115,1453.03152432153,1455.7232260110104,1456.7820956988871,1456.1959446442488,1453.949352511976,1450.0230725061338,1444.3936678169266
GBR,Female,IHD,glp1,15609.851512563637,56.12812930966902,562.4161004092784,56.12812930966902,230.9998077227574,372.2179971169462,479.9293916352981,533.6017617178586,552.76355884449,557.2131444787665,556.8176016758116,555.3511544190733,554.0222100313622,553.1183460411157,552.6408847713792,552.5252504469281,552.7072372653347,553.136033423667,553.7712727716498,554.5772446882402,555.5183795392659,556.5568298480066,557.6518404444942,558.7603044398893,559.8379192152788,560.8404820878895,561.7250143134515,562.4505393728141,562.9784533315105,563.2725077020987,563.2984798124344,563.0236356868772,562.4161004092784
GBR,Female,IHD,diet,4022.7645578162083,0.0,235.2655949386717,0.0,2.8549269692375674,6.8968110064961365,12.623730477884237,20.471997943051974,30.631728100401233,42.90370966424962,56.72208040016994,71.34177141403416,86.05807152796115,100.3402123924534,113.86031965334041,126.45983234768937,138.09714293027355,148.80027624331342,158.63216704495426,167.6681732601064,175.98296205848237,183.64379168705636,190.70783189404756,197.22185258757963,203.2231658337987,208.74110889077565,213.7986345145473,218.41376337875772,222.60077929408362,226.3711301686053,229.7340493354386,232.69694185874687,235.2655949386717
GBR,Female,IHD,combo,19548.843634601893,56.12812930966902,793.0800684851893,56.12812930966902,233.83092486026726,379.02117736896616,492.3241880229398,553.6443062135877,582.7089629506336,599.1299319755672,612.2255994499428,625.0440976623795,638.1055060658509,651.1778187511336,663.9403160138936,676.1715733257261,687.7648944745015,698.6952746624811,708.9825861209756,718.6638060896039,727.7756428767461,736.3454950270243,744.3881473760193,751.905975382706,758.8909848166477,765.327530228933,771.1949755444584,776.4698812111637,781.1275371169759,785.1428237157561,788.490489208576,791.1449902935783,793.0800684851893
DEU,Male,IHD,glp1,50021.83399715228,154.0680506654462,1659.696892625303,154.0680506654462,672.5288142338832,1133.3583908323053,1506.6898609387426,1707.7313424276945,1788.2846792991622,1812.553630234048,1816.2313909645163,1814.757056653456,1813.8872017629183,1815.2295302747516,1818.6852095580834,1823.504417845019,1828.7564460983558,1833.5456097068818,1837.1087480697752,1838.8529983363987,1838.3615863383748,1835.3821015538997,1829.8054434298538,1821.6403485685296,1810.9865630268469,1798.0086300820403,1782.91158558194,1765.9194075515406,1747.2567506534251,1727.1342523868952,1705.7374977124418,1683.2195597397513,1659.696892625303
DEU,Male,IHD,diet,7199.632469501492,0.0,374.9897494351899,0.0,5.81031162252475,14.211836845744983,26.112543275972712,42.19736472556542,62.60914236889221,86.7485354012606,113.40055665498949,141.12824152343092,168.66069223229715,195.08448652064544,219.84635243119556,242.6659308368544,263.437952345339,282.1574767410784,298.87259754596744,313.65811123902677,326.6023252150044,337.80102591612376,347.3548085033108,355.36763507187425,361.94557105208514,367.1952902881603,371.22228906300734,374.1289196682483,376.01241816525,376.9631044614507,377.06290396730765,376.38429638369416,374.9897494351899
DEU,Male,IHD,combo,57094.22543711864,154.0680506654462,2029.0984440312604,154.0680506654462,678.2906683849869,1147.3784228953446,1532.3351032918727,1749.0632897324977,1849.5366884426621,1897.3924003440625,1927.1440316138905,1952.8271964859305,1978.9532785191113,2006.232334807457,2034.019543066941,2061.2862775867543,2086.9948584086524,2110.241360199434,2130.3067502449267,2146.6687914649374,2158.9948437277635,2167.124191106821,2171.044359385007,2170.8642349908187,2166.78601109203,2159.077522251944,2148.046195946692,2134.015573031589,2117.305097871271,2098.2136400225136,2077.0069819021883,2053.9092956038367,2029.0984440312604
DEU,Female,IHD,glp1,33756.0002792313,119.34126401167305,1182.1464951264934,119.34126401167305,507.6326700236823,828.8025665145979,1074.769419885124,1191.7913700359059,1224.4982854339469,1221.4732611895306,1208.0715346476209,1194.534911640454,1184.3486696804466,1178.2994374257541,1176.1293159923225,1177.188055926832,1180.7005730513483,1185.8865769929107,1192.0193224047107,1198.4558125191543,1204.6513462824369,1210.1643034792214,1214.6543715766602,1217.876243720908,1219.6702207371272,1219.9508068791329,1218.6941734737047,1215.9252163605706,1211.7048180282727,1206.1178235589614,1199.2621404404927,1191.2392721913056,1182.1464951264934
DEU,Female,IHD,diet,5965.03641112498,0.0,320.8349462710612,0.0,5.617627210493083,13.24925874665496,23.865369407372782,38.075313270892366,55.870848528982606,76.50470716315613,98.70525088852446,121.12615506679867,142.72789261229627,162.9125548417942,181.45724683448498,198.3737187811348,213.7824347646383,227.8305162065808,240.64996375117335,252.34284560295055,262.9812638117437,272.6138208714692,281.27381063713983,288.986736708699,295.77617206500145,301.6677343486663,306.6913243189483,310.88193314262026,314.279369202166,316.92724339129927,318.87151351876673,320.1588391594705,320.8349462710612
DEU,Female,IHD,combo,39612.603569531915,119.34126401167305,1497.757909590975,119.34126401167305,513.203446733256,841.8739601184643,1098.2109642085998,1229.092973165054,1279.1706853071519,1296.3131757326773,1304.6385811744694,1313.0717540937912,1324.0769022695167,1337.8497867923288,1353.9086218617304,1371.6099857146473,1390.293396110108,1409.320453543638,1428.0923491979192,1446.0652253518347,1462.7644279785454,1477.7954566566768,1490.8501244995277,1501.7075874691946,1510.2306885779544,1516.3584689968266,1520.0958529486088,1521.501524125677,1520.6749436201935,1517.7433483376517,1512.8494337655138,1506.1402775777096,1497.757909590975
GLB,Male,IHD,glp1,2665172.002156498,8059.264537151903,102860.56441054959,8059.264537151903,34048.870711683296,56202.51244541071,73966.34707692172,83641.2919064369,87822.76491401717,89487.92662456725,90222.61740548722,90686.08972294256,91120.8992665708,91605.45107867476,92157.62090513203,92774.40193260554,93446.40998910274,94162.85005106311,94912.96836737171,95686.28340317495,96472.45460307598,97261.09592740331,98041.62905522343,98803.19239567593,99534.59662252571,100224.31332376879,100860.48706195131,101430.96671717335,101923.35677962564,102325.09221909288,102623.5414747838,102806.1412273338,102860.56441054959
GLB,Male,IHD,diet,1178277.6928517893,0.0,71315.59217317216,0.0,651.5123212002218,1614.4677455024794,3025.386151866056,5012.82752764225,7650.1363015519455,10914.16201827582,14682.895152128302,18776.409271803685,23010.982579198666,27235.933672742918,31345.694002542645,35275.58045788854,38991.51191546768,42479.73565599043,45738.80159163941,48774.01540292706,51593.88781239372,54207.99120715354,56625.73684638832,58855.72386331018,60905.428339129314,62781.08633015305,64487.68309647124,66028.99892937113,67407.68600254599,68625.36508445535,69682.73889138456,70579.72250749264,71315.59217317216
GLB,Male,IHD,combo,3821374.589455478,8059.264537151903,173008.7360338373,8059.264537151903,34694.949479276314,57795.115205035545,76937.15190581977,88549.84991306532,95303.56637382507,100155.06059534196,104572.27738889493,109039.38031179085,113619.64290852752,118244.09090237971,122827.05050335173,127301.79079081677,131625.0757452501,135772.15053126682,139730.38021182362,143494.06997097656,147060.86258423235,150429.45056780986,153598.22575092036,156564.5434493944,159324.36636059545,161872.13223814033,164200.749844227,166301.67040816415,168165.0100723235,169779.71588149015,171133.77660127357,172214.48238847498,173008.7360338373
GLB,Female,IHD,glp1,2089630.0785054686,6392.212336781435,86151.89723736886,6392.212336781435,26710.278666207567,43489.740526967216,56627.1986026573,63451.80797622027,66156.26543883188,67107.6069755461,67523.21111931233,67881.20599215431,68336.33187050652,68921.26916272286,69627.45365504362,70435.02263538912,71323.14377035946,72273.09259396046,73268.7692590598,74296.39823298436,75344.04122410715,76401.13441422954,77458.1046938207,78506.0640951274,79536.56556857191,80541.40266201366,81512.4406754747,82441.4731444763,83320.10306423157,84139.65223106463,84891.1041776929,85565.08650258463,86151.89723736886
GLB,Female,IHD,diet,1003735.9494392574,0.0,62738.82737531513,0.0,576.9465736756101,1405.9998781853355,2604.655727281235,4280.42741800379,6492.4512111865915,9218.506157949101,12355.082644595299,15753.14378504455,19263.430734891444,22766.044813899323,26179.019507726654,29453.705403956585,32565.71888669301,35506.36714820098,38276.18946305476,40880.635348219424,43327.38236211892,45624.76507410407,47780.90372336749,49803.25004565809,51698.3692063028,53471.84742849972,55128.26138314698,56671.17505565286,58103.14826923795,59425.7521536611,60639.59308395628,61744.3495756723,62738.82737531513
GLB,Female,IHD,combo,3074714.564169097,6392.212336781435,147849.10418874677,6392.212336781435,27282.41355783865,44876.77223795839,59185.17022575578,67643.98041874962,72506.53207058879,76119.99485454895,79601.64889449347,83284.50837473385,87177.56502729654,91196.12379672937,95251.11674521305,99274.65143496636,103221.57427739073,107064.2136017289,110786.60437458567,114379.9683639668,117839.60168434307,121162.86913314834,124347.96054522041,127393.13355115429,130296.24943892565,133054.4768557446,135664.0883207135,138120.3097007256,140417.20640131552,142547.6048773378,144503.05631027557,146273.85256811976,147849.10418874677
CHN,Male,IschStroke,glp1,471420.3099149852,794.64777732722,19353.599238036433,794.64777732722,3708.974830529187,6584.624923868338,9250.922516305116,11098.560119420406,12297.75336582819,13157.93428543699,13862.403100443655,14491.740310485358,15076.67207522539,15627.544331575627,16147.090168739669,16635.37904905458,17091.577500515035,17514.527237891336,17902.940732532297,18255.504766772967,18570.977115740767,18848.284991167486,19086.611316508148,19285.454002545914,19444.649939956842,19564.36311110691,19645.04240108258,19687.35849910043,19692.130754409824,19660.25442590844,19592.637027346063,19490.150000124006,19353.599238036433
CHN,Male,IschStroke,diet,118780.97560073191,0.0,6755.690144352382,0.0,68.78694184147753,170.59640050376765,319.8030688710278,530.022631410975,809.0252297795378,1154.2824908049079,1552.6477172382874,1984.6672562302556,2430.34998623305,2873.1460841489024,3301.300880618859,3707.452263565967,4087.55423876422,4439.7822285724105,4763.67232077173,5059.52889071079,5328.052872115513,5570.1268982754555,5786.7019141933415,5978.744010151364,6147.2133819521405,6293.057690080255,6417.20963655971,6520.583765324205,6604.070841012755,6668.530133765424,6714.780915689655,6743.594767193543,6755.690144352382
CHN,Male,IschStroke,combo,588051.7026887862,794.64777732722,26003.65152065223,794.64777732722,3777.1880955204833,6752.919984725653,9564.99771033309,11617.667287437478,13089.084142413107,14286.44439905067,15380.346177712898,16432.44243023405,17453.95088625222,18439.024414524087,19378.856094506453,20266.251075089443,21096.348140932503,21866.13611935568,22573.81223433267,23218.30789646902,23799.02167063183,24315.706627661828,24768.44456048496,25157.65220169141,25484.08380178921,25748.81213939935,25953.183537341887,26098.751324821496,26187.19693881832,26220.249377722386,26199.612958539743,26126.911163014825,26003.65152065223
CHN,Female,IschStroke,glp1,352344.87163247954,596.2502340449719,15616.72040952649,596.2502340449719,2722.7858196732122,4745.992064934631,6580.089539260778,7818.188002787065,8609.905351500318,9186.903047153377,9680.455164863728,10145.05934355664,10598.956140355673,11046.027499757125,11485.148306373972,11913.762139932951,12329.10193891183,12728.52599479619,13109.564454823965,13469.90355809324,13807.382720493828,14120.018137776875,14406.044021711918,14663.957089943346,14892.551768205129,15090.938091935008,15258.539194297977,15395.06940761907,15500.49692127062,15574.996558436891,15618.898705240339,15632.640005202382,15616.72040952649
CHN,Female,IschStroke,diet,91625.78780116432,0.0,5540.9350791772595,0.0,49.2551602962194,121.36934679030674,226.78684060659725,375.4826013331767,573.4903975999332,819.7714720593067,1105.8939018830424,1418.9252598759485,1745.3728080227738,2073.924233264057,2396.4030782238115,2707.527705285698,3004.2090127351694,3284.829506688402,3548.6732637829846,3795.5310634850757,4025.4510487641674,4238.59471804474,4435.162991534802,4615.36552452913,4779.414256771444,4927.528423749958,5059.942958158674,5176.915650278213,5278.730879385024,5365.699387073284,5438.154606213677,5496.446625551442,5540.9350791772595
CHN,Female,IschStroke,combo,442279.32824336766,596.2502340449719,21066.86238983716,596.2502340449719,2771.6301964043523,4865.726516991737,6802.822996373812,8185.95576017088,9170.879770395579,9988.400455695693,10761.64879607223,11532.54041400808,12306.150394801283,13075.295167726581,13830.826948241913,14564.984149924247,15271.93398529396,15947.40923414228,16588.20037195261,17191.754787890473,17755.929992001154,18278.875764774974,18759.00227883237,19194.993806036422,19585.83698568947,19930.843178448384,20229.653883049847,20482.22567502933,20688.796425777604,20849.837805499672,20966.000573635218,21038.059304625378,21066.86238983716
IND,Male,IschStroke,glp1,182080.73675244494,337.8709060914116,8574.509028503788,337.8709060914116,1519.3196129191783,2613.354219604691,3581.7850821801985,4205.316641561425,4574.141965775227,4820.519517281617,5019.375026106776,5202.848180783505,5383.059803513868,5564.123361103993,5747.1795826561865,5932.312012083072,6119.224019962479,6307.452343348239,6496.416461693589,6685.415285325726,6873.611453269259,7060.017318905215,7243.487299288681,7422.717976401327,7596.256191201101,7762.514921710012,7919.796479015145,8066.322326394671,8200.268587899744,8319.806070154358,8423.143397366046,8508.571680344408,8574.509028503788
IND,Male,IschStroke,diet,475281.7623787199,0.0,30507.467199930863,0.0,260.0948232280207,640.8236274810915,1199.9935864717409,1989.7542082256405,3036.973292956187,4326.836626081378,5804.086409650976,7392.819618697045,9020.439141088049,10632.283110892808,12194.646675941418,13690.976368330652,15116.203788180661,16471.82389137009,17762.434721947822,18993.586421842047,20170.561067201837,21297.741320612084,22378.326033108402,23414.24103733478,24406.156864774355,25353.564968137827,26254.887252615707,27107.60641765577,27908.41103670001,28653.352148662147,29338.00902719685,29957.661692403664,30507.467199930863
IND,Male,IschStroke,combo,648572.329072347,337.8709060914116,38570.445398084645,337.8709060914116,1777.245268935134,3245.5795158622204,4760.4695168735925,6154.564870382048,7545.645899044292,9052.369377338444,10696.135630453762,12435.087247474876,14210.34108673659,15972.374872370972,17689.10561281105,19344.157484208932,20932.04066389706,22453.567760826263,23912.518804748193,25313.526597339835,26660.858114624512,27957.77412314707,29206.235983754043,30406.81264526985,31558.701491308108,32659.815184782958,33706.909161271295,34695.73668515787,35621.22449260595,36477.66463438078,37258.91881112283,37958.63123144244,38570.445398084645
IND,Female,IschStroke,glp1,164308.8752958403,372.38543148955796,7498.741033039638,372.38543148955796,1670.5843762575532,2752.43664535039,3659.592242167273,4170.521168457577,4421.628000573663,4568.330471598252,4687.298351797857,4805.932286644005,4931.5165939437575,5064.631046905066,5204.074852350983,5348.435281055281,5496.482343680633,5647.192987471062,5799.67831731739,5953.099928384821,6106.599015713553,6259.242758299515,6409.987437079602,6557.656892484461,6700.935034814174,6838.3712462642,6968.397454748454,7089.355439137202,7199.532622004859,7297.204300677287,7380.680026370101,7448.3517097621225,7498.741033039638
IND,Female,IschStroke,diet,559816.6202631687,0.0,34025.8178423394,0.0,487.77064035946387,1086.429181850981,1925.55542190501,3072.6401243116125,4545.369073724316,6293.886800601962,8215.28665005765,10192.444438301376,12130.093073723314,13969.709300735907,15686.002685010084,17276.116885679716,18749.324805024487,20119.867490282748,21402.794878856977,22611.87452312041,23758.71075027896,24852.495904241456,25900.057479102397,26906.025033523212,27873.033884777164,28801.932267653,29691.982985382492,30541.061032063095,31345.851883821422,32102.054835092276,32804.59390102606,33447.83649032179,34025.8178423394
IND,Female,IschStroke,combo,715640.7804058162,372.38543148955796,41066.975321712904,372.38543148955796,2154.2870537605486,3824.971937272552,5553.269147982588,7186.045959206589,8879.18029958295,10740.437221361499,12746.10424309806,14808.706410548068,16841.681309707055,18787.611715102626,20619.901657229522,22333.85883132642,23937.00845711108,25442.078291821643,26862.81760942965,28211.83449228271,29499.638766239397,30734.328142543614,31921.58610017458,33064.81599948276,34165.32760361367,35222.54138037155,36234.20006384596,37196.58720086911,38104.75540447439,38952.76650584303,39733.943783648196,40441.13406468392,41066.975321712904
BRA,Male,IschStroke,glp1,31621.627229998972,58.758747103536734,1437.895646236735,58.758747103536734,259.67745135285077,446.34283749520546,612.2852964903432,722.2271075458339,790.8690342010304,839.4022655554945,879.7751233120143,917.0806555426898,953.182436105024,988.6370378938882,1023.5168503309615,1057.7353180267019,1091.1686687607144,1123.6973994802029,1155.2167973540418,1185.635931743207,1214.8727905050328,1242.848620784498,1269.4827160452987,1294.688161673228,1318.3687459110515,1340.4171021427028,1360.7140721022151,1379.1292289631965,1395.5224603378592,1409.7464793383115,1421.650105993307,1431.0821416717954,1437.895646236735
BRA,Male,IschStroke,diet,3516.4879762082346,0.0,222.1151094188972,0.0,1.6389218466647435,4.137171891175967,7.869416766858194,13.203811762738042,20.376715039194096,29.376738564540574,39.925178852550744,51.570866311391,63.82731575193611,76.27326507478574,88.59283045474149,100.57291632889974,112.08241342695692,123.04875324674504,133.43825818472396,143.24162439932115,152.463866412043,161.11758956282574,169.2185750442586,176.78292173612863,183.82522906216036,190.35748524100927,196.38844792616146,201.923382757348,206.96407326158078,211.50904340142733,215.55394937706296,219.09210510410776,222.1151094188972
BRA,Male,IschStroke,combo,35067.588893262735,58.758747103536734,1655.9556402548187,58.758747103536734,261.3027047401265,450.42378636745707,620.0118354699007,735.1534927348548,810.788061690735,868.100930915658,918.7716398225821,967.4548540904871,1015.5402666802474,1063.173329308338,1110.1174687748498,1156.077046299928,1200.7990070849628,1244.0916511731775,1285.8160850238564,1325.8711061151407,1364.1785531510395,1400.671087210052,1435.2826632583165,1467.9414724333328,1498.5650620935921,1527.0573743374553,1553.3074860704219,1577.18985920446,1598.56591709223,1617.28675841933,1633.1968087256682,1646.1381976161792,1655.9556402548187
BRA,Female,IschStroke,glp1,28590.307987205197,56.36313068655727,1360.241145844324,56.36313068655727,245.19383061886037,413.53763976253686,559.4865350993423,652.186344946902,707.07207104587,744.5562573938878,775.8713688485295,805.6915075812576,835.6506527282108,866.1645948117148,897.1993108280076,928.5725417392096,960.0680977044467,991.4775170870489,1022.6136977936112,1053.3135242027201,1083.4359824215499,1112.8583230504591,1141.4713885261735,1169.1746975723654,1195.8716791783809,1221.4653545808833,1245.8547012438066,1268.9318736031128,1290.5803959015466,1310.6743834530353,1329.078792385073,1345.650646565773,1360.241145844324
BRA,Female,IschStroke,diet,3433.5823563474914,0.0,221.43371123756515,0.0,1.8161807421347476,4.445101378063555,8.277834497144795,13.683902843127726,20.882034800604742,29.82517509486206,40.192644157526956,51.503353439082275,63.26628996889485,75.08241677503247,86.67683183709596,97.88536955044401,108.62488118108013,118.86436015050276,128.60301759131107,137.85565502323152,146.64370078330103,154.99006781174103,162.9163716769981,170.44150940794498,177.58097567946243,184.34655668890628,190.7462119711854,196.78405666963954,202.46041390388564,207.7719353599532,212.71179935323016,217.26999677353888,221.43371123756515
BRA,Female,IschStroke,combo,31958.068379843127,56.36313068655727,1577.784385587409,56.36313068655727,246.99486457848252,417.9227136919217,567.6157072289061,665.5871436397938,727.494427931968,773.7099103737855,815.1562214055957,856.0393540231526,897.5141418858911,939.605981243134,982.0109974282532,1024.3849218717005,1066.4286607634058,1107.9019237932225,1148.6155175331005,1188.419700117949,1227.1935237680736,1264.8359441070934,1301.2583970078122,1336.378464327936,1370.1144136748044,1402.3805593778816,1433.0834926716052,1462.1192696328071,1489.3716418983531,1514.7113842270628,1537.9967277410324,1559.0748576244368,1577.784385587409
CAN,Male,IschStroke,glp1,3978.248912330504,7.818000497216417,167.55308747166418,7.818000497216417,34.377600070173685,59.02874346697081,80.84828460155313,95.27246355312855,104.30396182111781,110.72594315007518,116.07373008552895,120.98001999185726,125.66003800173803,130.16383579531703,134.48248857677027,138.5895192457201,142.45648976391476,146.05872352847746,149.37731529237135,152.399709858214,155.11966133888563,157.5368529645766,159.65628073090375,161.48745593985404,163.0434751513876,164.34000921599,165.39426513204126,166.22397278605422,166.84644338867838,167.2777386486614,167.53198053042797,167.62082173123417,167.55308747166418
CAN,Male,IschStroke,diet,222.33436179425826,0.0,13.542541274600808,0.0,0.10620932995971089,0.2688991628210715,0.5127123568317984,0.8622556622740376,1.3334228134299337,1.9253355570253916,2.6188988231315307,3.383272244719592,4.185283130865173,4.996285736685422,5.794819213489063,6.5663269247970675,7.3016748764212025,7.995557106451088,8.645219262318278,9.249568271211501,9.808597578564331,10.323030839084822,10.794101703999331,11.223411189028411,11.612825332556895,11.964391618423178,12.28026326998588,12.562627179622723,12.81363507903734,13.035339506837772,13.229636868516536,13.398219881568366,13.542541274600808
CAN,Male,IschStroke,combo,4195.695286150166,7.818000497216417,180.81099296925095,7.818000497216417,34.48292362396569,59.293977707982776,81.35163085023305,96.11643059541893,105.60705199502354,112.60611993308976,118.63050057683358,124.28288965567754,129.74617444125852,135.04244018134978,140.14177592979922,145.00343941733627,149.59001391897436,153.87158168620408,157.8264919846497,161.4410723779638,164.70902724220196,167.63070941592105,170.21228831492863,172.46481265359762,174.40317996668455,176.04504359716884,177.40970023843875,178.51700592590532,179.38636688272527,180.03584576774665,180.48141540804681,180.7363823945725,180.81099296925095
CAN,Female,IschStroke,glp1,5054.622037822978,11.357369363453472,218.5303133282905,11.357369363453472,47.69482715540289,78.47784901966043,104.77040563768878,121.1226932364043,130.76241033400038,137.53647740912675,143.41505250888076,149.1263427085596,154.86070573289362,160.61319362290305,166.31890963125625,171.90181538970137,177.29119557412196,182.42676722084434,187.2599915503779,191.75412940052047,195.883808922561,199.63429831667236,203.00052290420172,205.98584927041702,208.6006775339556,210.86090203707317,212.78631170484914,214.39900337634936,215.72187651156855,216.7772681560764,217.58577490435346,218.16529536081362,218.5303133282905
CAN,Female,IschStroke,diet,355.7348125638455,0.0,21.20194924704265,0.0,0.23566038759145158,0.5522069783792176,0.9994462147360537,1.6199800366584896,2.4367127811565297,3.4411189595848555,4.5937389319460635,5.838163896689366,7.11840220767408,8.38991409085611,9.622472671646392,10.798071042992888,11.90732942539762,12.946268461890213,13.91401144701922,14.811356804459137,15.639980470516093,16.402034292439566,17.099966307110662,17.736448996538456,18.314347752751928,18.83669326288691,19.306641545199454,19.727417342783156,20.102243210405504,20.434259829093207,20.726444154988712,20.981531813411493,21.20194924704265
CAN,Female,IschStroke,combo,5403.423569165733,11.357369363453472,239.34626366196244,11.357369363453472,47.928522156757026,79.02264877987545,105.75207773430247,122.70955146883807,133.1461808200993,140.90117109789207,147.9064452531493,154.8352263114557,161.82314745215626,168.82161878456827,175.73602993165514,182.47255536703778,188.95113570163085,195.10744644855913,200.89196712305966,206.26863928036437,211.21365054609123,215.7143106252188,219.7678891792002,223.3803271790257,226.56479647130618,229.34013218947075,231.72919314979117,233.75721916239854,235.45025581321897,236.83371092435482,237.93109584730155,238.7629913415385,239.34626366196244
TUR,Male,IschStroke,glp1,9938.559874856406,22.219546219730546,441.51761924462335,22.219546219730546,100.44339280839085,160.67918054015172,213.1724276177374,243.41858917753416,260.24494866904934,271.7502506806304,281.77784955115203,291.58895570892855,301.4714822408532,311.40790614689104,321.3154920511806,331.11632266736706,340.7516869615356,350.179471689964,359.36796162423707,368.29001238023557,376.91857891949985,385.2236259247911,393.17020898865667,400.7174917939046,407.81850004053194,414.4204555825454,420.4655698080678,425.89220057607963,430.6362926613074,434.6330295519547,437.8186269665821,440.13219806229245,441.51761924462335
TUR,Male,IschStroke,diet,400.14634514134195,0.0,23.292662523403123,0.0,0.4507741503548459,0.8903363048211759,1.5177724463319464,2.366415849988698,3.451467992417747,4.733088987388328,6.134824613847741,7.571552256624273,8.975327552183444,10.304725523750676,11.5414925370751,12.682698891381733,13.73365344191916,14.703120229667547,15.600583533374447,16.434875739148993,17.21358836114814,17.942890556274506,18.627541816451412,19.270987973817682,19.87548738615442,20.44224432547344,20.97154129399496,21.462868536877068,21.91505146603231,22.32637719284321,22.694720977448014,23.017672681147815,23.292662523403123
TUR,Male,IschStroke,combo,10332.659203590303,22.219546219730546,464.4931445264265,22.219546219730546,100.89040754326015,161.55862686384899,214.66593277647007,245.74260356789455,263.6320765786513,276.39485628689,287.7995184544452,299.02367046923973,310.2882391347084,321.5346637733528,332.66193794791616,343.58898688957197,354.26210751522376,364.64765331272065,374.7231339956379,384.4700269784298,393.86871629490633,402.8952162839123,411.51925898132686,419.7034009756935,427.4028978585193,434.56616684127584,441.1357082151553,447.0493881086004,452.24200308904983,456.6470555584747,460.19867105587764,462.83358749309264,464.4931445264265
TUR,Female,IschStroke,glp1,11014.024648049708,28.632504003384383,501.80118156104436,28.632504003384383,127.57737712187009,193.88499452879114,250.4906234067239,279.11823146475217,292.5748256995721,301.1976327163211,309.257652633245,317.9136971295229,327.271616337639,337.1691829951087,347.420273261665,357.8740554900505,368.41914850712055,378.9744088950756,389.4785871905624,399.8818522880174,410.13949882510497,420.2074989163302,430.0394927430898,439.5848861080085,448.7878094746484,457.5867620465797,465.91481315359124,473.70026483735273,480.86769793176063,487.3393325901052,493.0366362233399,497.8821099693305,501.80118156104436
TUR,Female,IschStroke,diet,508.0464685454135,0.0,29.66116598534427,0.0,0.7147217709571123,1.3445018887832703,2.2268618522721226,3.407006946828915,4.884690953062091,6.586087244610098,8.392823535486968,10.188624177593738,11.893240622135636,13.46876559372322,14.908515953746246,16.22280013634736,17.428481349583308,18.54313396670841,19.582416551253118,20.55922275157718,21.483660043071723,22.363341874675825,23.203750765715085,24.008574781481002,24.779989077513164,25.518883723962063,26.22504930688592,26.897333496926876,27.533780064266466,28.1317590745457,28.68809422429331,29.199190832063323,29.66116598534427
TUR,Female,IschStroke,combo,11515.22093940189,28.632504003384383,531.1033932226856,28.632504003384383,128.28613817814767,195.21353664068738,252.68336291029846,282.46737454985123,297.37429432982026,307.6698218186684,317.508794448564,327.93533986599505,338.9757296070711,350.4297762585629,362.1042538877482,373.8581216612438,385.5963820987017,397.2550736818703,408.788305554197,420.15892153399545,431.3321709213924,442.27153808313597,452.93608438273804,463.2788730521861,473.2462027789152,482.7774742407637,491.80557287794363,500.2576846133961,508.0564780259592,515.1215924812641,521.3713710315933,526.7247726611095,531.1033932226856
ZAF,Male,IschStroke,glp1,6641.269126291424,10.72063321146561,319.99058240596787,10.72063321146561,49.21320311804084,86.25926931176127,120.18710420060415,143.4160232482136,158.3644650745755,169.10134769331853,178.01915117961653,186.18110827314922,194.00904447178982,201.6620114375237,209.20061581260234,216.65154272583823,224.03058138032247,231.34923116072605,238.61513600714716,245.8304816487962,252.9900272490504,260.07944707587376,267.0742443489453,273.9393180647003,280.62917679622115,287.0887472599097,293.254698546345,299.05718675956086,304.4219157819789,309.2724062957168,313.5323661120201,317.12805963964274,319.99058240596787
ZAF,Male,IschStroke,diet,12036.9009035567,0.0,761.8010283289841,0.0,6.282752931460891,15.574208463377545,29.300985621979635,48.81496288356357,74.91520094086627,107.41135313520863,145.07989311324673,186.07795221361084,228.51100553364813,270.8301601650837,311.96975805989314,351.3082675890091,388.5598762149166,423.66252898018683,456.68783753894786,487.77652584315183,517.0950639027196,544.8077506001373,571.0594387714737,595.9654544776804,619.6064077661085,642.0264026585319,663.233678240842,683.2030326885688,701.879569302193,719.1834099886255,735.0150816098758,749.2613159928078,761.8010283289841
ZAF,Male,IschStroke,combo,18455.35722876178,10.72063321146561,1069.1016613369575,10.72063321146561,55.44355846045801,101.62322747442977,148.9623108709102,191.222804137411,231.63546461919032,274.1054080326012,319.84376814690404,368.1213349681602,417.5114708942747,466.6576533417101,514.5737114222702,560.6717824309435,604.6807645113731,646.544420861459,686.3342718394124,724.1851056693886,760.2506383082309,794.6744704162447,827.571959688381,859.0197532234852,889.0507440564324,917.65295369255,944.7713228704997,970.3116862304196,994.1463785030792,1016.1210187844481,1036.062077952105,1053.7848728065837,1069.1016613369575
ZAF,Female,IschStroke,glp1,9397.72025300185,16.374156870424486,443.25337645052423,16.374156870424486,80.47549094560782,139.54121221465357,191.03272500485582,222.90084065913834,240.82759180410903,252.55188732427814,262.2264075243984,271.45045878772,280.6893681411966,290.000945471711,299.3284780255235,308.6041668746766,317.7794121734223,326.8289852703856,335.746739631566,344.53914298952077,353.2187544364642,361.79833458448775,370.28581735070475,378.6802366211923,386.96865865785367,395.12414615267335,403.10475201379086,410.85350809908414,418.2993390548436,425.35879777601804,431.938489875527,437.9380322154975,443.25337645052423
ZAF,Female,IschStroke,diet,20304.137610099766,0.0,1234.9829970519859,0.0,16.704453095633653,37.466157971244684,66.19624174542514,105.6094563433835,156.7830667338494,218.55080607911805,287.7513250363918,360.3704067577346,432.78802089848614,502.45828385501227,567.971559864036,628.7926537023632,684.9407422810982,736.7341892510594,784.6230987685631,829.0920062157056,870.6082467929809,909.5966307585768,946.4279078943146,981.4138769672027,1014.8054879981028,1046.7923211261405,1077.5029082909386,1107.0058741509529,1135.3120597207271,1162.377807632416,1188.1095203472796,1212.3695027690446,1234.9829970519859
ZAF,Female,IschStroke,combo,29387.95938430197,16.374156870424486,1661.3693346289947,16.374156870424486,97.04063041899826,176.51758229761617,256.100709906641,326.4735219837985,394.448205125851,466.66780779375404,544.2137985148329,624.7614765904436,705.2227791967853,783.1438059644424,857.0650768098276,926.3734924344062,991.0216666967353,1051.2828226317724,1107.5821647777448,1160.3944143513218,1210.1860113026669,1257.3838235414732,1302.3583496213614,1345.4144880246931,1386.7863166965835,1426.6343011804456,1465.044390570827,1502.0289348344158,1537.5295105985278,1571.4217273084141,1603.5219920371928,1633.5960915909745,1661.3693346289947
MEX,Male,IschStroke,glp1,9046.319845655316,14.357114105014261,450.0922159286165,14.357114105014261,63.936534231788755,111.13999327247257,154.14594420845242,183.9079869738689,203.66604336774435,218.47279436929784,231.24857050733408,243.28047453972067,255.07198651742874,266.7997632817169,278.5107765925495,290.20136253931196,301.84798711951953,313.4190139401544,324.8791202311695,336.19089721714045,347.31538448403444,358.2122091726269,368.83958649573106,379.15428099174096,389.1115704030417,398.6652349972064,407.7675905230062,416.36958304537256,424.42096443760965,431.87056645307166,438.66668830030176,444.7576074082717,450.0922159286165
MEX,Male,IschStroke,diet,1095.5296580466638,0.0,74.59643673916798,0.0,0.45579388465375814,1.1545551414037618,2.2026128850611713,3.7054970774242975,5.732965165549103,8.286681345298348,11.294861187781862,14.638749594900219,18.190542096288482,21.840688145603053,25.508191158505724,29.139125664632957,32.700377156939794,36.17295936504888,39.54663696209536,42.816139392634796,45.978702316235285,49.0325634295441,51.97609068217207,54.80730752258751,57.523657207158976,60.121906026157376,62.598125045777124,64.94771597166255,67.16546311251659,69.24560328738517,71.18191106441373,72.9677994180638,74.59643673916798
MEX,Male,IschStroke,combo,10118.138872843441,14.357114105014261,523.1638932461101,14.357114105014261,64.38852683682671,112.27880983430805,156.30831801883141,187.53488632298286,209.26857156782535,226.5650414699794,242.2753613631303,257.5712045843193,272.8315553286211,288.12619825914953,303.4229599395221,318.66536625926165,333.79734502503925,348.7685038695163,363.5333169243495,378.04903868291876,392.2738412507606,406.1654844276891,419.6804627606034,432.77350036499047,445.397281787933,457.50234421893765,469.03709034164785,479.9479064699699,490.17938709808004,499.674675767641,508.3759345843864,516.2249521330959,523.1638932461101
MEX,Female,IschStroke,glp1,9346.653882765055,15.542865679388342,486.9190598878886,15.542865679388342,67.97458587286746,115.8214390008452,158.3596138265748,186.80423779202465,205.07834795404233,218.64223401355594,230.5506385664903,242.1038359797658,253.77994340505938,265.7220405530097,277.9442774364197,290.4128916200916,303.07707210551234,315.88053642942396,328.7658404504,341.67596597003285,354.5548641741807,367.34755954253706,380.0000295354839,392.4589422114732,404.6712944903629,416.583987108148,428.14337567562325,439.29484206483903,449.98243320838446,460.1486139168592,469.7341760329291,478.678338260841,486.9190598878886
MEX,Female,IschStroke,diet,1219.01120072101,0.0,84.74447131077977,0.0,0.5616637473449373,1.3875142260349094,2.598835851473268,4.31370751923896,6.606076907804891,9.469348789252763,12.812973004218293,16.49646480957199,20.37518550160894,24.33143139920503,28.28422067503925,32.185139963907204,36.00921142104926,39.74605543447251,43.39323002095989,46.95185429020057,50.42400913638994,53.81133961152591,57.114398025747505,60.33240787598697,63.46324487383026,66.50351417515776,69.44865771216064,72.29306001789882,75.03014168318623,77.65244134549357,80.15169307875476,82.51890831271521,84.74447131077977
MEX,Female,IschStroke,combo,10540.500585039616,15.542865679388342,570.0130037154595,15.542865679388342,68.53156539555494,117.19013591289695,160.9114010064768,191.02763426938145,211.5366907194475,227.894113708413,243.06719202112617,258.21953537828085,273.6881893573973,289.5011886370103,305.5933195889411,321.88317930647645,338.29519417308984,354.7626097112043,371.2253137904554,387.6271522378447,403.9139276348287,420.03212910390357,435.92816117422626,451.547842825461,466.8360208709237,481.73621557162187,496.190273047283,510.1380374977125,523.5170794060323,536.2625269675846,548.3070496051077,559.5810367260856,570.0130037154595
AUS,Male,IschStroke,glp1,2446.787880238935,4.250622755928362,111.24098313392369,4.250622755928362,18.852598562661115,32.646455911466546,45.25065473418408,54.01891565859523,59.88336547303652,64.28452728272487,68.03102086489389,71.45913148466434,74.68732108687755,77.75063844760916,80.65683372782223,83.40721251602645,86.00341536243195,88.44899762041041,90.74929170271753,92.91084368652355,94.94085760909093,96.84675706573853,98.63586139233485,100.31514319598955,101.89103355537463,103.36925031679493,104.75463558714728,106.05099785269613,107.26096123874322,108.38582916616451,109.42547224790451,110.3782509984585,111.24098313392369
AUS,Male,IschStroke,diet,197.95376711327708,0.0,12.260703603004913,0.0,0.10283866286454213,0.2566269136232222,0.4854657973337453,0.8127013355674535,1.2524770544323474,1.801894606726819,2.4399606043416497,3.134618688548926,3.8526578227356367,4.566761561491148,5.258013850499992,5.915254169889522,6.533175243375808,7.110352369206339,7.647677536883748,8.147271318613093,8.611790701086647,9.04401976121244,9.44664527306395,9.82214522200502,10.172741676036821,10.500387257392504,10.80676685385788,11.093304423730842,11.361169987770154,11.611285112802761,11.84432704988194,12.060732655297215,12.260703603004913
AUS,Male,IschStroke,combo,2640.4773235169664,4.250622755928362,123.24849479833392,4.250622755928362,18.954579560413094,32.899592519280304,45.727282810279576,54.81446505317581,61.10754582869504,66.04453699103988,70.41374689973645,74.52025976218783,78.45013804814471,82.21173025156122,85.7942522525509,89.18803209484577,92.38944761828225,95.4005913292649,98.22760766278043,100.87906764048148,103.36473596937867,105.69473088073755,107.87897904415968,109.92686231813695,111.8469753693762,113.64693955735493,115.33324120699763,116.9110797234107,118.38422320629525,119.75487710828475,121.02357589620715,122.18910935964504,123.24849479833392
AUS,Female,IschStroke,glp1,3317.403899131511,6.784656936375541,152.69333804976304,6.784656936375541,28.724809056257072,47.35326602191981,63.71069547937714,74.36332716736251,81.09881902397319,86.13234776040372,90.5884821639047,94.8703222478589,99.0768690364248,103.20450816594348,107.22435781370041,111.10799368258085,114.83421640404231,118.38952819686892,121.76687948851668,124.96419936193524,127.98313158583096,130.82803157401213,133.50517429220508,136.02210716719674,138.3870934358638,140.60860857974876,142.69486862865415,144.6533823395148,146.49052931361985,148.21117317294375,149.81832321560978,151.31285976910294,152.69333804976304
AUS,Female,IschStroke,diet,341.88177153054403,0.0,20.37420087020837,0.0,0.25904944464127766,0.5942627170579726,1.0609199142936632,1.7036527150949041,2.544104995638918,3.5688777082459637,4.731051846181799,5.966649266514651,7.2144620388271505,8.428256327894815,9.57943878338574,10.654050854858724,11.648145984746407,12.563711657744534,13.405766893602959,14.18054441246204,14.894462353685412,15.55360404617295,16.16349722477753,16.729055138110198,17.254595258321388,17.743887067539617,18.200203009255347,18.626360433419904,19.024750433058216,19.39735401714279,19.74574845166171,20.07110766599908,20.37420087020837
AUS,Female,IschStroke,combo,3652.898407478837,6.784656936375541,172.7109384329251,6.784656936375541,28.98169805204907,47.939605998034494,64.75293703682837,76.03262427945629,83.58861354266082,89.6236531433351,95.21678921043076,100.70869421329189,106.13846098658087,111.45707317146844,116.60743140183149,121.54720009426183,126.25109149321815,130.70736967744142,134.91375959154448,138.87419345311173,142.59653250771134,146.0910467752683,149.3693999090974,152.4439389800882,155.32715207369984,158.03120861877687,160.5675355938056,162.94640944725325,165.1765615675631,167.26480669547345,169.21571035294983,171.03131424230378,172.7109384329251
NZL,Male,IschStroke,glp1,604.1269078903,1.2251678756767888,26.392232386385103,1.2251678756767888,5.322875195294046,9.0042802445588,12.245785956834197,14.378813786590172,15.714394162705958,16.6674693323597,17.461578792282353,18.186626319609445,18.872982770431236,19.528793156052416,20.154996112458775,20.750734036338145,21.31509020787621,21.84753194999803,22.347946031069114,22.816573588494975,23.253937929063568,23.66078435075974,24.038028724728065,24.386707504643255,24.70792361272288,25.002785765940644,25.27234169856797,25.517507934737978,25.739000177158232,25.937269049268934,26.112445951719565,26.26430328597371,26.392232386385103
NZL,Male,IschStroke,diet,56.80309760769819,0.0,3.3791358339890394,0.0,0.03403271302238409,0.08386897317370767,0.15666485563042443,0.25913640205681077,0.3948611654485603,0.5620377877946794,0.7534875017430522,0.9590744123868262,1.168786217196839,1.3747464953708004,1.5717772156701812,1.75704178803403,1.9293792735520583,2.0886795519897987,2.2354183328216095,2.370353152592088,2.4943424436360147,2.608246875920031,2.7128809462528807,2.8089928438553216,2.8972587058090085,2.978283065257301,3.052601029407924,3.1206800647557884,3.1829206734987565,3.239656044146159,3.291151168214128,3.337602074471988,3.3791358339890394
NZL,Male,IschStroke,combo,659.7745923357296,1.2251678756767888,29.70663495615645,1.2251678756767888,5.356624078579557,9.08701383377263,12.39962368529109,14.632550785413855,16.100482129142165,17.21670675111318,18.19781202304216,19.1238295541732,20.015353141100604,20.87281766417391,21.692076122173148,22.469468651296665,23.20291454008793,23.8917477857849,24.53629917053422,25.137534024199567,25.696802587787943,26.21568263534209,26.69587999668147,27.139158260275053,27.547278552527814,27.921938932513058,28.264709471321794,28.576963568626525,28.85980884954347,29.114022442143778,29.339995864492266,29.537694402762327,29.70663495615645
NZL,Female,IschStroke,glp1,698.6591037034616,1.832036231455504,30.26641846556231,1.832036231455504,7.478631948214797,11.90959443245174,15.541415969389845,17.66845748177957,18.83618034053916,19.61807612191342,20.28974049224621,20.945813358373243,21.60818864118869,22.27510892931332,22.93904716982297,23.592313955593454,24.228437643602547,24.84227022328855,25.429803502034247,25.987980615165952,26.514557928338036,27.008007146670025,27.46743622375675,27.89251190766663,28.2833738159336,28.64053612954649,28.964777596043177,29.257023627662875,29.518226129502636,29.7492475349743,29.95075555983476,30.123134581596787,30.26641846556231
NZL,Female,IschStroke,diet,79.46620403961606,0.0,4.55044229229361,0.0,0.06394166775749,0.14854852802841378,0.26628433399696405,0.42746434507944286,0.636441122413089,0.888607211296403,1.1711610859072152,1.4676087663356157,1.7628395853853362,2.046016851859804,2.3109644046580797,2.555164540978012,2.7784450380486305,2.981894018869525,3.1671323899820436,3.3358919812446857,3.4898042917031944,3.630316718874383,3.7586777913854803,3.8759547066165396,3.983061995935259,4.080790128148692,4.169828900420498,4.250783941342888,4.3241865459458495,4.390498011614682,4.45011003619129,4.503342807302943,4.55044229229361
NZL,Female,IschStroke,combo,776.6870590576507,1.832036231455504,34.74102482648664,1.832036231455504,7.542040348268529,12.056161298822872,15.80301359339046,18.087316646830004,19.459082819459354,20.487476365613247,21.43566652412369,22.382193276311227,23.334151362326566,24.279128164935855,25.203483885406968,26.09699560723766,26.95296290746569,27.76725570078679,28.53741820388359,29.262065468526316,29.940535913776785,30.572709049524747,31.158910023749513,31.69984794434481,32.19655706552112,32.650325870934694,33.062609600199494,33.43492828072249,33.76875605146279,34.06540935565363,34.325942013174426,34.551054657255236,34.74102482648664
ROU,Male,IschStroke,glp1,6616.0048948783915,21.28266437192906,218.9516264534068,21.28266437192906,94.70282395946924,153.29334089367512,199.91530902559862,223.97269306831186,233.88353011419713,237.92645843035461,239.90586852713386,241.1042132244147,241.87962434241854,242.33364142849314,242.52383746413398,242.5106928314308,242.35530852616284,242.1083939729906,241.8023814920889,241.44863511217045,241.03871246547715,240.54806508303955,239.94078206485574,239.1743932155514,238.2041383183605,236.98641511494498,235.4813317279295,233.65442197035009,231.47765233456084,228.92987543048002,225.9968817520712,222.67118216239032,218.9516264534068
ROU,Male,IschStroke,diet,947.3769725941511,0.0,44.056530454305175,0.0,1.209314647492647,2.6691319319797913,4.657205970763243,7.30429539056604,10.626628529817026,14.485272865933439,18.62101471762071,22.742677997226565,26.611036261700065,30.077012968638883,33.07753510496332,35.611761635354924,37.715483402811515,39.441284011332755,40.84560085980047,41.98134586827655,42.89433540024038,43.62209023650939,44.19399594142669,44.63216859127715,44.95262126317539,45.166492076412396,45.28120047341872,45.30146507842437,45.2301576913851,45.0689926702762,44.8190648267846,44.48125572623758,44.056530454305175
ROU,Male,IschStroke,combo,7550.001651132752,21.28266437192906,262.5109670811835,21.28266437192906,95.90205303259245,155.92821077265035,204.49500216059096,231.14038293929116,244.3035728831128,252.13000116900366,258.17123559585525,263.4242803546731,268.0117174963125,271.88732362490555,275.0450938547183,277.54314060943216,279.47646829645237,280.94653931970606,282.0406564259465,282.8218594637219,283.3266065566713,283.56722782778525,283.5367717809968,283.21461842059216,282.5718670226561,281.57597373218596,280.19443114079695,278.397480410149,276.1599577578345,273.4624278133706,270.2917675112658,266.6413517063702,262.5109670811835
ROU,Female,IschStroke,glp1,7322.102341639351,27.95430429811313,240.63255114880667,27.95430429811313,132.21435418485635,194.0451534507847,244.94730734096447,265.384990562663,270.30445504848467,270.15817531391804,268.9873927021581,267.810362506174,266.7543831208859,265.76335687195024,264.7864683075568,263.80610670042006,262.82734163543137,261.86348632471345,260.92586089673205,260.01827333619076,259.13500298175495,258.2609879381889,257.3732189919174,256.44266318277005,255.43629432537637,254.31898971039845,253.05517515517568,251.61017927822104,249.95130466175397,248.0486480224863,245.87571094660598,243.4098426938981,240.63255114880667
ROU,Female,IschStroke,diet,1410.839052076939,0.0,60.53833859103179,0.0,3.556454096978996,6.560178685838764,10.542239194612193,15.654943346737127,21.77395343961689,28.444919446537824,35.06232048434322,41.10001954672043,46.251562068453495,50.43110086543675,53.69970540381473,56.18778143302188,58.04273773156092,59.4018726500326,60.38171091247568,61.07597266817538,61.55733266839525,61.88046662682973,62.085255038655305,62.19970796956841,62.24248659321893,62.2250215974891,62.15326933200049,62.02915430574649,61.851743579292815,61.61819331224615,61.32450285121013,60.966107636897505,60.53833859103179
ROU,Female,IschStroke,combo,8717.76582690902,27.95430429811313,300.65085220143374,27.95430429811313,135.74114777755312,200.52861395326545,255.33317244151112,280.7865971713509,291.7226776999414,298.1510035945539,303.5165051315671,308.316219126169,312.3710618174773,315.5360084368658,317.8171274452616,319.32323955233005,320.20360721465477,320.6064718297457,320.65804401237983,320.4547913057504,320.06302781138584,319.5220233654909,318.8485064844572,318.04144315318626,317.08653891692666,315.9602186926131,314.6330034558632,313.0722903573442,311.2445872992357,309.1172727371486,306.6599564500393,303.84551317540536,300.65085220143374
BGR,Male,IschStroke,glp1,3371.4232630675124,12.532309907449417,98.29324803924465,12.532309907449417,54.329528449844474,88.49414399522357,115.69489105950925,129.35405378163705,133.91052383174247,134.41158465275112,133.46155491336685,132.0821303714365,130.61654860658928,129.16319732582997,127.74285037697518,126.35542498576251,124.99637317121778,123.65989136620192,122.33865204416361,121.02318536885468,119.70170354384572,118.36040113300442,116.98406774990508,115.55684011503035,114.06296331613885,112.4874795304604,110.8168021089059,109.03916097396177,107.14492289434565,105.12679967040276,102.97996099066768,100.70206879304351,98.29324803924465
BGR,Male,IschStroke,diet,1079.9830181343177,0.0,46.54675192286959,0.0,1.423131116193872,3.2293389810638473,5.707023619388565,9.02547607757515,13.195554800871832,18.014047293307158,23.11408738449245,28.096337704962934,32.65048355653744,36.60439111405867,39.90836873151784,42.59279837426038,44.72782992105749,46.3956810554846,47.675236248056535,48.635189420409006,49.33211930805555,49.81101235445021,50.106785971705904,50.246065695804646,50.248876116145766,50.1301177025216,49.9008023868264,49.56906317470202,49.14096737442196,48.62116496537783,48.01340078446265,47.32091497773581,46.54675192286959
BGR,Male,IschStroke,combo,4436.50833394897,12.532309907449417,144.35694714786223,12.532309907449417,55.74079078173327,91.68140876532561,121.30532998649505,138.20781438870108,146.8456697677393,152.07137673322904,156.13147552023838,159.65589421232653,162.68174393524532,165.1359901218002,166.98809166846877,168.26570785789409,169.03170529424096,169.36012567919897,169.3206558727543,168.97112802684387,168.35533409847994,167.5037553328184,166.43561691415744,165.16135342667621,163.68501347473466,162.00639060786307,160.12280809226468,158.0305561464811,155.7260128404905,153.2064918048436,150.47086117979234,147.5199743628218,144.35694714786223
BGR,Female,IschStroke,glp1,3713.2147835778615,16.05018504459622,109.35040099189428,16.05018504459622,66.53159039886305,102.92959957292624,131.43150038110798,144.85248363502797,148.7933776178961,148.86544939398482,147.68230739823957,146.13637623954492,144.4664292549569,142.7192989105897,140.90524870480112,139.03835914074625,137.1405024308333,135.2366144264197,133.3497727257054,131.4980316804449,129.69297727152298,127.93951515735898,126.23641812614733,124.57727689008789,122.95161389129498,121.3460093490321,119.74515222993978,118.1327716287069,116.49243167902569,114.80818993442699,113.06512845072393,111.24977102101548,109.35040099189428
BGR,Female,IschStroke,diet,1406.6777344594975,0.0,56.645192890882754,0.0,2.5801488202760083,5.476730727954418,9.324475507964962,14.4142576331069,20.734897813794305,27.89665617929495,35.24684799453462,42.117722566419616,48.03887731152281,52.80533369212935,56.427169786471495,59.03906705497138,60.82316923543112,61.96124688103009,62.611909026802095,62.90355053048552,62.93531211151276,62.7812440191301,62.49517086825654,62.115166621395474,61.66728700938984,61.16854115889146,60.629207645135466,60.05462612435076,59.44658325301498,58.80438841311479,58.12571211946488,57.40724146276807,56.645192890882754
BGR,Female,IschStroke,combo,5103.42846840361,16.05018504459622,165.48758532908687,16.05018504459622,69.09022101222581,108.3370335467389,140.60503265163788,159.0081986406767,169.1481969491233,176.26055517319583,182.32035286763312,187.56243402795553,191.75864668110262,194.7484499748207,196.5466674372983,197.29596264735846,197.19512168386063,196.44696518306955,195.2305649018599,193.69074883960275,191.9373220723919,190.04877949724505,188.07754647301408,186.0552894442826,183.99768784357184,181.90848473487495,179.7828243011154,177.6099563326461,175.37540545797128,173.062698061216,170.65472745269653,168.13482414074133,165.48758532908687
ISR,Male,IschStroke,glp1,587.376588391851,1.0248365180259498,28.703714985763327,1.0248365180259498,4.506395727985705,7.764717206154501,10.688760351203996,12.674971818389508,13.968141018103097,14.922211436086968,15.735150220034711,16.490026174185914,17.216383130392728,17.92270278667661,18.610286417627208,19.278704371140407,19.927757191187766,20.558030797509446,21.17089366230107,21.768284756762796,22.35244062972515,22.925627203756676,23.48990549355881,24.04694298782465,24.597873306468955,25.143201777856348,25.682752002167035,26.215647398212923,26.74032163709444,27.25455236481389,27.755513416148688,28.23984160469172,28.703714985763327
ISR,Male,IschStroke,diet,24.005320474899577,0.0,1.6301708603753013,0.0,0.010593477012548647,0.02661842249096935,0.050533818667190644,0.08478881833445939,0.13101108464809386,0.18923819511019246,0.2577603687732335,0.3337117940993721,0.41395861370722287,0.4957687694708284,0.5770959852218311,0.656581481392891,0.7334286666389289,0.8072525503173438,0.8779480792218237,0.9455885372042303,1.0103515825692284,1.0724668891521105,1.1321796139040998,1.1897252059166021,1.2453123473692358,1.2991117964663772,1.3512495850068262,1.401803481067418,1.4508019336185498,1.4982249250724635,1.5440063052365076,1.5880372868336963,1.6301708603753013
ISR,Male,IschStroke,combo,610.8429690502562,1.0248365180259498,30.298548719190194,1.0248365180259498,4.516900856361758,7.790972339319524,10.738368635548,12.757954928506138,14.096154747034575,15.106977953210958,15.986740162675233,16.81572351239845,17.620418518875,18.406641411651208,19.17369397500977,19.91981590887076,20.64402476451869,21.346525005348667,22.028577241127323,22.692187324885708,23.339761375044645,23.973786480756416,24.59656070438473,25.209979778294837,25.815379997463197,26.413432790026263,27.004084529971124,27.586534530500103,28.159244359179866,28.719972317379643,29.265827869666055,29.793341795031438,30.298548719190194
ISR,Female,IschStroke,glp1,777.799280901278,1.5544258322765927,37.14571537212032,1.5544258322765927,6.7046051673098646,11.175162647190746,15.039818525601731,17.508539518806174,19.021414152002762,20.12103779568588,21.08845923650847,22.026778937201698,22.96090972478828,23.88800555002331,24.798213813987104,25.68234528392668,26.534252946637935,27.351136987079826,28.133072028445895,28.882287104348052,29.60242185688776,30.29785404413201,30.973135816513604,31.632548228741143,32.27976910354914,32.917642120223036,33.54803190308735,34.171749362852324,34.78853261090626,35.39707072590659,35.995059986605156,36.579284517932365,37.14571537212032
ISR,Female,IschStroke,diet,40.52178109252725,0.0,2.5303613091896295,0.0,0.028019548283737095,0.06502917434238498,0.11675823504083382,0.1881184770013533,0.28175302424278925,0.3966621664212653,0.5282108618780512,0.6697090778013717,0.8144460235744191,0.9570493596406777,1.0939084114845627,1.2229929296763657,1.343454630487031,1.4552351932243255,1.5587598259623974,1.6547220817503785,1.7439409449091272,1.8272686400589464,1.9055320852132809,1.9794961790757952,2.049841280628243,2.1171500859184107,2.1819009100174753,2.2444654781679674,2.3051099863707805,2.363998589511766,2.4211987261128343,2.476687856541048,2.5303613091896295
ISR,Female,IschStroke,combo,817.5286698921236,1.5544258322765927,39.62925488115775,1.5544258322765927,6.732391035104797,11.23931814804098,15.154495395197728,17.69280008200485,19.29702442311327,20.508859035812065,21.60486257952425,22.681616241990696,23.757475593559548,24.824331114495408,25.868779501174004,26.879621944055998,27.849857690008776,28.776608339386485,29.660346650234487,30.503966351410327,31.31189831176357,32.08934736466517,32.841670720192724,33.573895977421216,34.29036642558185,34.99449683515127,35.688621590392586,36.37391755705016,37.05038578476001,37.716878491097305,38.371160354483436,39.0099956410163,39.62925488115775
NGA,Male,IschStroke,glp1,17573.49949100168,33.04591241131857,907.6957311127844,33.04591241131857,141.99630253161376,237.29154689070128,317.9066070766421,367.515002121163,396.0625812054459,415.6563531382526,432.83739978768426,450.3105787794375,469.01940185901185,489.1964332601128,510.8006413563635,533.6872678321524,557.6714293775949,582.5509920841359,608.1142307659466,634.142074401585,660.4086918815883,686.6818507493881,712.7235839805799,738.2913465852253,763.1396997128977,787.0224967625763,809.6955143474988,830.9194517249707,850.4632082403477,868.1073370583181,883.647564616047,896.8982593502951,907.6957311127844
NGA,Male,IschStroke,diet,8032.427390549223,0.0,561.2709721929568,0.0,3.490993816376431,8.625423267538281,16.153897278836666,26.807905879508326,41.065169167661224,58.93681313358684,79.94195351850794,103.29657577337639,128.17200360761854,153.87355267446765,179.90111452095152,205.9314157500994,231.7709213477392,257.3084616020933,282.4783351048245,307.23504957287514,331.5374690402605,355.33964103328617,378.58606189709826,401.2097822639407,423.1322911757816,444.26450096842746,464.5084094978811,483.75917750671215,501.9074572973186,518.8418663980483,534.4515315192839,548.6286437421659,561.2709721929568
NGA,Male,IschStroke,combo,25448.413614246765,33.04591241131857,1459.021433802598,33.04591241131857,145.45818177649926,245.80017211221275,333.76900053129066,393.7643054919172,436.21472248591454,473.24862496291826,510.9436895875042,551.2428616495599,594.2822088920038,639.6161261757843,686.7143131094344,735.1148046438539,784.4419652920005,834.3833459466296,884.6614364183115,935.0112877457432,985.1656135816302,1034.8461648172524,1083.7597377264392,1131.5974447009867,1178.036252379272,1222.7421011264742,1265.374135578073,1305.58971372433,1343.0499439312189,1377.4255442479262,1408.402840475268,1435.6897289223998,1459.021433802598
NGA,Female,IschStroke,glp1,18382.478036099015,31.963742537842336,993.7214974906674,31.963742537842336,136.44570698146708,226.94065718818092,304.67489834367734,353.9126322824959,384.06078398648606,406.59455752094436,427.5832695276986,449.38028506575574,472.6587708492734,497.44464843132664,523.5452306653133,550.7130178175357,578.7040554581399,607.2958330874098,636.2899402011462,665.5090691968144,694.7920019111334,723.9880088395585,752.9513008101203,781.5359034969297,809.5912319239942,836.9585959886608,863.4688233621928,888.941129898587,913.1832997982492,935.9931631049112,957.1612831056264,976.4746972268767,993.7214974906674
NGA,Female,IschStroke,diet,9134.931637792062,0.0,660.2439264879285,0.0,3.5834607138458523,8.768190977774793,16.46621238546868,27.5671617001899,42.70583132344473,62.01354179687769,85.05637384817237,111.0179783769454,138.98219251472983,168.14438001150847,197.89638734840264,227.8215442874207,257.65229763754905,287.22357443900546,316.4349885999691,345.2240419519512,373.54837598092126,401.3743802942481,428.66990480844106,455.39950063369906,481.52120185788954,506.9842867357802,531.7277377286009,555.6792899878128,578.7550493902236,600.8596992109451,621.8873175398694,641.7228092224468,660.2439264879285
NGA,Female,IschStroke,combo,27349.816215256968,31.963742537842336,1643.0634545355424,31.963742537842336,139.9992819582949,235.59097513462984,320.8474696749472,380.91455328473967,425.83626680382804,467.22783752523173,510.74234859647913,557.9406060423862,608.6032214102415,661.9702900582633,717.2535964453782,773.7961922712711,831.0899186665483,888.7481176768852,946.4715829577981,1004.0194879157061,1061.1870716976337,1117.7889097526058,1173.646225461045,1228.5770842071142,1282.3887868765814,1334.8721475841885,1385.797569152739,1434.9129396274657,1481.9433947981306,1526.592954436499,1568.5479681528595,1607.4822200140916,1643.0634545355424
EGY,Male,IschStroke,glp1,15409.82412870309,39.36365490939352,657.4243770701796,39.36365490939352,175.1133322211026,272.5450088144353,359.52643309193445,404.8885030034253,427.35433965938864,440.250482813437,451.0174099077085,461.8494931972673,473.3680686935986,485.55048926127347,498.2604654825918,511.34668355456233,524.6786131907138,538.1388887902358,551.6136556373385,564.9831634690272,578.1160020466341,590.8664433009617,603.0745149446884,614.5681647156889,625.16697927106,634.6869661822711,642.9459684491812,649.7693269107403,654.9954507557413,658.4810018998105,660.1054487206784,659.7747987380208,657.4243770701796
EGY,Male,IschStroke,diet,1540.3999131142955,0.0,90.13580884256953,0.0,1.692978225000843,3.286100588760746,5.664274858845602,8.92551108909538,13.129729653861432,18.10585692661698,23.536133055007667,29.07161515266489,34.44236597984127,39.494010770111345,44.16993207576161,48.47528807770868,52.445852787837794,56.12764233237249,59.56566762431612,62.79855839614902,65.85648203176243,68.76075597374438,71.52427751835785,74.15232952436054,76.64355386855459,78.99099917132844,81.18320048524765,83.20526811401214,85.039967731449,86.66877337630285,88.07287307841762,89.2341058042366,90.13580884256953
EGY,Male,IschStroke,combo,16927.92881967761,39.36365490939352,746.4280897995486,39.36365490939352,176.79219116141394,275.7913800466413,365.1005111710656,413.65506775650283,440.2415668490794,458.02241909132863,474.12711663435766,490.4070234446699,507.216911984382,524.3808032831221,541.7052990469456,559.0430599034589,576.2979917046177,593.3975333454146,610.2718663497508,626.8391549647058,642.997681974477,658.622768814661,673.5672404702782,687.6643579672455,700.7324762115604,712.5808426841395,723.0160641298062,731.8488336903538,738.9005607784857,744.0095910029559,747.0367513848687,747.87000912238,746.4280897995486
EGY,Female,IschStroke,glp1,10989.361280004268,36.5276389544415,481.60989389920724,36.5276389544415,146.19136197524494,209.89934622898727,267.0650652072254,290.88202008379085,300.8272002239137,305.77214217480287,310.85334189472997,317.09978315719127,324.66151867891676,333.3085159631373,342.7981105005492,352.91695655975855,363.49144246579453,374.3737943551241,385.42981593863806,396.52926217402637,407.53988061357086,418.3243822310833,428.7397273768074,438.6381442208367,447.86941000601655,456.28399591711786,463.73672850256844,470.0906599989321,475.2208769275894,479.0180158420044,481.3912988793163,482.27094905294507,481.60989389920724
EGY,Female,IschStroke,diet,1186.4715428574018,0.0,70.98798468524183,0.0,1.8498941755024134,3.073585563717643,4.991789274885377,7.538573504916712,10.744011010250688,14.451707230615284,18.4211434483841,22.412299277919374,26.257817807570973,29.87565761382575,33.24753732397585,36.39081764795628,39.337462634990516,42.12166252438328,44.77369343445025,47.31740729239391,49.76958793485392,52.140177393957856,54.43287183828943,56.64586016872636,58.77261410384381,60.80269858716201,62.72259300878795,64.51651773606136,66.16725756243977,67.65696921878407,68.96795646233659,70.08339439117844,70.98798468524183
EGY,Female,IschStroke,combo,12159.131421432754,36.5276389544415,551.721909936372,36.5276389544415,148.02582820127645,212.93807119930352,271.98096494094716,298.29319987650524,311.3832110921794,319.9714535350831,328.958051930098,339.1354366423293,350.48795836301724,362.70382466615774,375.52156160161394,388.7443488006393,402.22968761756056,415.8632715298736,429.54063581140144,443.1550228694614,456.59075963024225,469.72042728678207,482.4047151885825,494.4941518117266,505.8321526549189,516.2589546883173,525.6160806089392,533.7510196122676,540.5218456080693,545.8015289127288,549.4817376189167,551.4759702430019,551.721909936372
BGD,Male,IschStroke,glp1,17522.27315966533,33.537769836289954,808.2474267683938,33.537769836289954,150.22859344007884,255.7945277019935,347.82681831191803,406.2164377430454,440.96691841161373,465.1605608520549,485.70852618338904,505.240220090378,524.511027383036,543.6142185764911,562.4639790415822,580.9623215371466,599.0442939163768,616.6801442841024,633.8644118545053,650.6028655165355,666.9009842240193,682.7549911445967,698.1454961679265,713.033493142706,727.3583894200856,741.037758447339,753.9685399754599,766.0294434733005,777.0843310043056,786.9863657458918,795.5827144782525,802.719590992514,808.2474267683938
BGD,Male,IschStroke,diet,15676.561452326132,0.0,984.0154606701471,0.0,8.792193198529276,21.432683822622494,39.87645760992382,65.88802886109988,100.44455226365608,143.19991893666156,192.4836960130633,245.8856223746916,300.99510365910464,355.8809357703358,409.2289672289262,460.2685768898082,508.6294057546402,554.2052780289159,597.0499370879188,637.3045455398387,675.1495660517903,710.7735135032635,744.352920661695,776.0397291442932,805.9537058804053,834.1783981768094,860.7597027554657,885.7064553798846,908.9926348850495,930.5608756334186,950.3270315192713,968.185555024902,984.0154606701471
BGD,Male,IschStroke,combo,32915.5898090757,33.537769836289954,1776.1633360901615,33.537769836289954,158.94746054556526,276.9408984396505,387.0000646791159,470.77475328467335,539.2668881582322,605.2482965588715,674.0130937791437,745.8419996113844,819.1342291255387,892.0900269484846,963.3305307805422,1031.9948746107548,1097.646778006434,1160.1444950225195,1219.5283326224599,1275.9367810505573,1329.547856793768,1380.539409281184,1429.0629638707833,1475.2271728732667,1519.0882223786757,1560.6454406656194,1599.8409329693022,1636.5624196580466,1670.6486571176574,1701.8969277856377,1730.0721355417481,1754.9170609896319,1776.1633360901615
BGD,Female,IschStroke,glp1,18582.301352663733,50.67295858585567,913.528014185169,50.67295858585567,185.97363680820854,285.545956685728,368.9970572945749,419.3648076786849,447.5308505356479,468.04148058990177,486.7622566637874,505.69767377247626,525.201303356087,545.2285936280095,565.6603279979463,586.4040623258043,607.4011677689195,628.6165410678077,650.0247682533882,671.5980676785184,693.2963685640934,715.0594639657866,736.801107690364,758.4050619647678,779.7231609938026,800.5754457817384,820.7523574408406,840.0188756559146,858.1203782674784,874.7898958316073,889.7563551439453,902.753356486879,913.528014185169
BGD,Female,IschStroke,diet,20436.753803924028,0.0,1316.1571516563708,0.0,16.270197612560878,34.973922319135454,61.24777645478753,97.38106536502892,144.48331639699973,201.57695019472158,265.9370670053395,334.09915867753443,402.9406378255226,470.24747474447213,534.7612731802074,595.9639002869299,653.8159291430711,708.5448495633827,760.5007907219697,810.067152394091,857.6084247947656,903.4409712224806,947.8173173254327,990.9182811815699,1032.8498085246829,1073.6429134897044,1113.255985326512,1151.5791517767357,1188.44055864423,1223.6144434390008,1256.830821488089,1287.7865131686995,1316.1571516563708
BGD,Female,IschStroke,combo,38703.31836306031,50.67295858585567,2211.432822944531,50.67295858585567,202.10814244982976,320.078814097993,429.242835102963,514.9536336148776,589.2374046018267,665.7177966492964,747.6066033062598,833.5166935135203,920.7336725100322,1007.0286358581288,1091.0325511869014,1172.1300094122416,1250.2115140503302,1325.4559596310864,1398.1750862682165,1468.7132997807857,1537.3860545308198,1604.442875448418,1670.04563840817,1734.2565561638912,1797.0328491646724,1858.2265776004424,1917.5888893709125,1974.778263381566,2029.3723851157993,2080.8832090186843,2128.774624705293,2172.4820065869644,2211.432822944531
USA,Male,IschStroke,glp1,36955.62956678237,74.55530289009039,1498.027878527253,74.55530289009039,326.4932930746727,561.3606324059001,770.7867194743521,910.9023626803319,999.6940871258994,1062.9355242036909,1114.9177179850594,1161.5387152864423,1204.8155572642063,1245.2496071428322,1282.8261497451167,1317.402402460095,1348.848564787375,1377.093069243274,1402.1314464840689,1424.0216194367968,1442.8742920785444,1458.8417388123635,1472.106312337739,1482.8692680085223,1491.3402457740885,1497.7276540338644,1502.2301523763163,1505.0293937912502,1506.2841495782923,1506.125899146704,1504.6559226186073,1501.9438880086236,1498.027878527253
USA,Male,IschStroke,diet,3192.451493511522,0.0,191.71904919906228,0.0,1.5074474161374383,3.833662148521398,7.34182429980865,12.391383584159485,19.216334884578828,27.810293637427094,37.90343569061952,49.05116094437835,60.76648226084944,72.61947677109856,84.27934557131084,95.51497418306826,106.17724328220356,116.17809767129074,125.47269678628072,134.0460471265833,141.9035528827808,149.06445342877123,155.55721931523294,161.4162235869735,166.67923468073423,171.3854499648005,175.57390643922554,179.2821797394863,182.5453271513543,185.39505490307056,187.8591017099243,189.9608342517895,191.71904919906228
USA,Male,IschStroke,combo,40077.86569267518,74.55530289009039,1685.7310750252072,74.55530289009039,327.9881685162254,565.1420057455471,777.9942705516514,923.03047844705,1018.4722387141956,1090.0914611966655,1151.9185124426658,1209.419117938356,1264.1358241227426,1316.1505108974234,1365.1252001324028,1410.690798884607,1452.5710503803857,1490.6074801971554,1524.7509210884891,1555.0438070951059,1581.6013630083762,1604.5939972012275,1624.2313156423188,1640.7476920949266,1654.389294994864,1665.402542431635,1674.0240233800723,1680.4719594796625,1684.9392876384372,1687.5884266108915,1688.5477578141727,1687.9098081126285,1685.7310750252072
USA,Female,IschStroke,glp1,45413.31841592438,117.73023305837705,1810.6872366750322,117.73023305837705,482.3019962234539,785.1435723034956,1039.4654163200903,1195.1142466802849,1284.4904483744322,1344.6954529195937,1394.4785220200865,1440.7013772578212,1485.163788196267,1527.8946528730594,1568.4404989573086,1606.316190488098,1641.1413715534436,1672.667070225114,1700.7672091509885,1725.4207949485863,1746.69291669238,1764.7166999823676,1779.6765535623854,1791.7926413264358,1801.3065229704516,1808.4679976229672,1813.5232579378207,1816.7044981247745,1818.221122401752,1818.2526790932461,1816.9436079264706,1814.3998400577984,1810.6872366750322
USA,Female,IschStroke,diet,4576.079287392786,0.0,267.8073164544621,0.0,2.7054408954281826,6.555659759003902,12.142656158248428,20.012164771571406,30.48472755230614,43.49092799203936,58.55706177149841,74.96410506036773,91.96287866320927,108.92367217653373,125.38887792543392,141.06102498382097,155.76628291787347,169.41722187977575,181.98356967729342,193.471849918089,203.91204077075236,213.34903560839302,221.8371257888648,229.43628306705796,236.2094755579601,242.22057157948439,247.53259267703106,252.2062029919034,256.2983941578859,259.86136273812735,262.9415939886385,265.5791699097317,267.8073164544621
USA,Female,IschStroke,combo,49897.562036950854,117.73023305837705,2073.4843204548815,117.73023305837705,484.9848739874433,791.610673673189,1051.3896740728087,1214.7110380934755,1314.300405513408,1387.199151541281,1451.6983271217468,1513.9597779256583,1575.0522371281695,1634.388841890017,1691.0674949591485,1744.3103573837288,1793.5650147850101,1838.4949407554086,1878.9425649318728,1914.8916197571962,1946.4351113814919,1973.7489156192314,1997.0696100021596,2016.675287015445,2032.8685462754074,2045.9612655929086,2056.261025339947,2064.059219172137,2069.620957485313,2073.176885754874,2074.9170187231066,2074.986647556012,2073.4843204548815
JPN,Male,IschStroke,glp1,25106.410350494298,71.13936265725351,902.6278736116219,71.13936265725351,305.81671120041574,511.56219034022797,683.7610389071488,786.0892039974569,838.9009402466181,867.30724606679,884.7606564106536,896.8457427381654,905.6974617153319,912.1824041065847,916.76198919116,919.7908146658301,921.5991352108031,922.5003294526177,922.7772512129523,922.6671033036619,922.3511795756349,921.9506926902104,921.5279852386884,921.0917986947097,920.6051941204278,919.9948676279164,919.1608420318444,917.9857754605036,916.3433725763462,914.1055965102205,911.1485518068948,907.3570391256071,902.6278736116219
JPN,Male,IschStroke,diet,6934.009496474791,0.0,370.21957866916637,0.0,5.516642111935653,13.622085136266833,25.226660522966995,41.07421382850589,61.36565948899079,85.5026031203306,112.18176231288089,139.80486123658193,166.92275678474107,192.4878228005109,215.8937644777834,236.89507468817465,255.49390225127718,271.83976818277733,286.15550455988705,298.6879538561916,309.6776484756556,319.34175005321595,327.8658064073388,335.40117915953306,342.06599195006856,347.9481463420452,353.10942520123353,357.5900246719684,361.4130786646274,364.58889799841563,367.1187606923413,368.99817282937875,370.21957866916637
JPN,Male,IschStroke,combo,31896.965725016045,71.13936265725351,1265.7001216163699,71.13936265725351,311.28734501799045,524.9992874417585,708.5303854849699,826.3026210117459,898.8932834825027,950.8453512236083,994.3468038802384,1033.4246326231514,1068.7982850317203,1100.3084181845043,1127.8200959300812,1151.443489304249,1171.5065843829288,1188.4651062698904,1202.816686117243,1215.037570495544,1225.5426477940928,1234.6644736870803,1242.6462865764042,1249.6446315266294,1255.7380950610896,1260.9394774874017,1265.2094262181272,1268.4701249321806,1270.6180950790513,1271.5355329874074,1271.0998898516336,1269.1916136591972,1265.7001216163699
JPN,Female,IschStroke,glp1,21771.316232882105,76.98565195309493,772.1388123549696,76.98565195309493,307.85507087333826,485.77663067560206,624.7862741701902,699.8353240085416,734.5605828096304,752.1916226903268,763.7028288481233,772.8789248600297,780.6745217544303,787.1661358169004,792.2624316590736,795.9234270244633,798.2046467993787,799.2441997735514,799.2348188926044,798.3954366626931,796.9471098946233,795.0946025578523,793.0136122897238,790.8430838068598,788.6818194425796,786.588513354669,784.5843411054448,782.6572998514166,780.7675951238489,778.853491052243,776.8371680380224,774.63025473788,772.1388123549696
JPN,Female,IschStroke,diet,6736.630432922939,0.0,339.5387114983532,0.0,6.90941600241058,16.281863709205936,29.17416046379367,46.38249122336856,68.05818239584914,93.46085967466206,121.10252129965374,149.2260091869466,176.29378418187844,201.2438222525234,223.50721865154628,242.90179427151452,259.501054762055,273.5252779469374,285.2650838816844,295.0326755505812,303.1327078596223,309.8459414252575,315.42089768381265,320.07045246622147,323.97147889076587,327.2663782964373,330.06576768995,332.4518418224907,334.4820758516071,336.1930275633058,337.604062447208,338.72087397329597,339.5387114983532
JPN,Female,IschStroke,combo,28372.933260971316,76.98565195309493,1105.2988348072904,76.98565195309493,314.7068629735804,501.8385796429575,653.4361999860848,745.2572486635327,801.1181986995507,843.5431701418493,882.0609038993352,918.7416913825218,953.0361445516901,983.978611094477,1010.916071306594,1033.624599702307,1052.2262529917207,1067.0700918873408,1078.6296217098497,1087.4266455927282,1093.9785734478792,1098.7638602938168,1102.2009125389886,1104.6369250945354,1106.3440180787366,1107.520665393109,1108.2968306124967,1108.7415322529414,1108.8718053685807,1108.662238141791,1108.0544522232012,1106.9660665387346,1105.2988348072904
GBR,Male,IschStroke,glp1,7426.402905936397,18.62367483234084,297.648896133609,18.62367483234084,80.25555009639174,134.12843432087357,179.37349302599068,206.5662480089759,221.17144767685022,229.84161472238338,236.1122898063877,241.42566095496295,246.30488416361368,250.92958503909358,255.36196054700486,259.6255013510181,263.729115011718,267.6732618193528,271.4513554849909,275.0506797847247,278.45380166691757,281.6403947681665,284.58913932930227,287.27939831849653,289.6924799419194,291.8124081353835,293.62621044720436,295.12379213967324,296.2974989705817,297.1414839723948,297.6509909734523,297.82165449262175,297.648896133609
GBR,Male,IschStroke,diet,823.7392984366234,0.0,47.18737635682919,0.0,0.5751572509816469,1.4106625731001259,2.61159096267329,4.2703199784009485,6.424186063110028,9.023744108801111,11.939234777319143,15.004098918292584,18.064698708343712,21.009391474284712,23.773305428208914,26.32908038698224,28.673927444413494,30.818489032550133,32.779075690918035,34.57298980104497,36.21609982478003,37.72185693105166,39.10114245137447,40.362534760326525,41.51274022582038,42.55704173936829,43.49968969774454,44.34420495604536,45.09358984566279,45.75045801887245,46.31710084743827,46.79551018188431,47.18737635682919
GBR,Male,IschStroke,combo,8233.098644432777,18.62367483234084,343.9157930922265,18.62367483234084,80.82591058811522,135.51997970475168,181.9378795092507,210.74740166313677,227.452512791946,238.65915047776616,247.7769928599264,256.0858859704949,263.9588623629752,271.46616414148593,278.60615065701677,285.37509819747356,291.778760228126,297.82765466026103,303.53088352938903,308.89246772029946,313.9103708929142,318.57734342303047,322.88265782305643,326.8140343347477,330.35931708763565,333.50767851533783,336.250287155608,338.5804770833274,340.493516982011,341.9861042206321,343.0557136939278,343.69992023356644,343.9157930922265
GBR,Female,IschStroke,glp1,8990.414215535073,26.71225931662775,362.69486584762126,26.71225931662775,110.68557728436463,177.42042644081084,230.7744097798677,260.2366733406052,274.3345717152333,281.95174917700206,287.40251814932344,292.2382929169835,296.9058887814499,301.49632711610684,306.0127285409071,310.4489912337049,314.80433172042467,319.0801278372419,323.2745976940969,327.37956447010583,331.37971871890113,335.25367935418035,338.9760035900981,342.5194503552593,345.8570223468523,348.96351562421114,351.8164674582513,354.3965098460394,356.6872123125504,358.6745404345347,360.34607331242296,361.69012081929395,362.69486584762126
GBR,Female,IschStroke,diet,1177.8054205796288,0.0,64.51644552018843,0.0,1.1324143712736259,2.6331012594673666,4.686279467889108,7.434979447032674,10.916712129062944,15.019578504521633,19.5048290738996,24.088513042457635,28.526019628996437,32.65563266216486,36.39946681494257,39.74239817104535,42.70729192357976,45.33519472892294,47.67229536627565,49.762534195841,51.64410674172177,53.348354489811754,54.89997379882334,56.317855705783586,57.61614430248301,58.80528279161808,59.89293049791377,60.88470362639782,61.784733493539534,62.59605883905897,63.320880326828046,63.96070965808758,64.51644552018843
GBR,Female,IschStroke,combo,10146.105265124088,26.71225931662775,426.083129920371,26.71225931662775,111.80854742259362,180.01826548028475,235.37771531700855,267.5208249882962,285.0168705940632,296.6430648349706,306.481655898795,315.8067274073037,324.82540441248784,333.4695389625995,341.6648567886077,349.38930340301886,356.66351164231673,363.52832085292175,370.0266849993459,376.19316079001146,382.04969516866186,387.6055519812908,392.85948730536256,397.80280640084675,402.4224227434097,406.70342009179876,410.63089200876493,414.19101823006713,417.3714539133907,420.1611733768259,422.54993831270986,424.5275625593349,426.083129920371
DEU,Male,IschStroke,glp1,13969.20002050362,34.89177360160102,532.4807955385186,34.89177360160102,151.70227186810735,257.1452246554254,345.96562002854625,399.1830120169361,426.9474182193808,442.33643047354417,452.6850987600519,461.24280740911854,469.31449578289175,477.3635317825392,485.4875839013657,493.6208131825333,501.6254615312464,509.33798992709126,516.5948330502833,523.2475853880533,529.1717678782297,534.2712079013509,538.4792422422324,541.7575999472137,544.0936427234301,545.4965266494764,545.992760287867,545.6215554805094,544.4302925588418,542.4703499733441,539.793479929267,536.4488478146232,532.4807955385186
DEU,Male,IschStroke,diet,1029.0437990157661,0.0,58.21659755528162,0.0,0.6727753465456772,1.6805425728307455,3.136076759568823,5.13087143924713,7.694859731360339,10.769919878435758,14.221838434656092,17.884770096254215,21.606797343432845,25.273700809408183,28.810877332172822,32.17434630918069,35.34003368978665,38.295439778295986,41.03438761108555,43.55419367317518,45.85437515476224,47.93618518631774,49.80251079740265,51.45786586448958,52.90834561685551,54.16149198658968,55.226066014147364,56.11174743679658,56.82879137215059,57.387673446704866,57.79875148587598,58.07196629295504,58.21659755528162
DEU,Male,IschStroke,combo,14975.412022933851,34.89177360160102,589.4747003333214,34.89177360160102,152.3694363293398,258.8028242116452,349.0442752273739,404.2047536520331,434.46664178059655,452.8526769335622,466.56778374280475,478.69982345918106,490.4055140853525,502.03662787899157,513.617819584837,525.0400958247192,536.1419743847146,546.7475018895238,556.6868846197103,565.8089112620291,573.9884556122161,581.1304019303097,587.1707486962368,592.0754860162197,595.8377935541284,598.4740727497192,600.0192843289151,600.5220067897499,600.0395666809927,598.633521275864,596.3657027476656,593.2949637504971,589.4747003333214
DEU,Female,IschStroke,glp1,15681.87743211371,43.285814737082546,602.6127369650421,43.285814737082546,185.66995472815324,309.4641411230041,411.36320538568543,469.4025338848587,496.64797604014166,509.2230117722502,516.0862887264957,521.2142008866977,526.2385756262993,531.7769198732458,537.9951538189562,544.8433131931561,552.1630599641903,559.7442295209803,567.3589323193446,574.7838047676669,581.8146801266557,588.2757502578461,594.0244964294761,598.9533413584613,602.9888035667645,606.0888193164537,608.2388047906243,609.4469502053398,609.7391629098347,609.1540055557853,607.7379069534545,605.5408573097629,602.6127369650421
DEU,Female,IschStroke,diet,1325.0564862902975,0.0,72.69646217290574,0.0,1.1234970456025621,2.704944199977035,4.91859651860068,7.886066953185946,11.61776791354714,15.982033898304508,20.739131591424666,25.62310536076984,30.41568379792443,34.9770571815352,39.238897189556155,43.181522453407524,46.811482608020015,50.14580498997748,53.203081040177494,55.99948437857165,58.54772570748173,60.857480946742726,62.936382609041175,64.79107305910293,66.42807914129662,67.85442008609243,69.07794328729506,70.107423391044,70.9524769790296,71.62334866199308,72.1306208391652,72.48489228852486,72.69646217290574
DEU,Female,IschStroke,combo,16979.225238368315,43.285814737082546,673.8819856414666,43.285814737082546,186.7840819103876,312.13236799798324,416.1926680557517,477.1234098604691,508.00597015358653,524.8382999909809,536.3462064430423,546.2466182982353,555.9578646896225,565.9602729114595,576.3523141889382,587.0641494416814,597.9433089143713,608.795858122201,619.4117703339471,629.5832576914108,639.1183943881624,647.8506771932589,655.644912806456,662.3998929794325,668.0484016238152,672.5551313893848,675.913075753986,678.138921994967,679.2679125864379,679.3485753143286,678.437650660584,676.5954722948845,673.8819856414666
GLB,Male,IschStroke,glp1,1371342.7547238981,2590.519457508344,60483.723608698696,2590.519457508344,11597.919529740931,20036.170570450835,27571.726730857277,32552.598553946475,35619.53902015113,37734.13195156818,39444.751896928996,40988.15588983847,42453.768340154085,43871.409822102636,45248.745871860534,46585.91076559853,47880.85700946348,49131.127472987864,50334.313150033355,51488.066942780744,52589.99517776165,53637.53687610151,54627.86223456543,55557.79536425555,56423.759799710475,57221.7456249129,57947.299007686786,58595.536449640524,59161.18649618374,59638.66098425258,60022.15638191672,60305.7837422397,60483.723608698696
GLB,Male,IschStroke,diet,371541.61340769543,0.0,22754.272660078015,0.0,203.74526535603218,505.7272938648239,948.1955071224365,1570.8445543739945,2396.060073537985,3416.233279146254,4593.253061011434,5871.335212078411,7193.761546770111,8514.166185058653,9800.162402242888,11031.977378891781,12199.258669394068,13297.906597521622,14327.60669495212,15290.123948165681,16188.206208227668,17024.91502421908,17803.23550616717,18525.860136105213,19195.07762341108,19812.72396486113,20380.170311294496,20898.33335811738,21367.700742235407,21788.36779938219,22160.084024894983,22482.308379213326,22754.272660078015
GLB,Male,IschStroke,combo,1735696.5381044068,2590.519457508344,82840.96890695626,2590.519457508344,11799.965578081552,20535.053510909434,28502.834687090944,34090.79367629066,37962.54152508243,41072.883366652764,43933.35186444456,46726.4263775968,49486.198771317955,52197.15214499319,54835.189949283376,57380.96545079816,59822.14255810669,62152.09323199093,64367.95469159121,66468.98025455559,68455.35917955777,70327.43994425703,72085.24463502271,73728.1774768359,75254.85899453098,76663.04289821396,77949.59167278511,79110.49918738892,80140.95568043459,81035.45359925041,81787.93320649723,82391.96562638134,82840.96890695626
GLB,Female,IschStroke,glp1,1258485.1992390985,2730.429741144413,56311.42254989408,2730.429741144413,11930.399803468725,20007.817052770173,26932.615261352854,31184.023635187885,33553.855306960875,35068.08776448807,36281.62156958319,37418.11294240877,38551.041576869786,39696.293641566765,40850.34325845633,42004.554566022474,43150.07974508777,44279.25955996523,45385.80188346701,46464.582059727516,47511.361713596154,48522.519032060634,49494.81176335737,50425.17230447801,51310.530566318426,52147.66244337987,52933.06484332774,53662.86055195844,54332.737191197,54937.924195436295,55473.21035037516,55933.00236519147,56311.42254989408
GLB,Female,IschStroke,diet,390652.2571531136,0.0,23797.131084600464,0.0,261.7329214634374,625.3294222019613,1141.2068234018516,1852.996675441973,2781.2953809862956,3910.5599435209297,5191.107221193146,6556.363863336854,7943.041781518143,9303.255257508717,10606.983745241072,11838.932291223202,12993.863702184986,14072.522714776453,15078.744942243677,16017.640570509713,16894.55264822254,17714.510933439713,18481.97796706017,19200.755389350466,19873.97100845864,20504.101828327868,21093.00982425222,21641.980074660387,22151.758095433936,22622.58698503347,23054.246615601704,23446.097441919614,23797.131084600464
GLB,Female,IschStroke,combo,1642193.6032912228,2730.429741144413,79729.90019138111,2730.429741144413,12189.949896129547,20624.77528531826,28053.643449949566,32999.519600027474,36275.623360164,38893.52420579316,41359.978908382356,43833.7411720301,46326.39522377774,48806.83757995628,51241.93608454801,53607.82506659627,55890.28072788194,58082.15640318114,60180.739276001696,62185.771609840915,64098.14442328643,65919.0865543941,67649.67285634018,69290.5222980706,70841.6039512041,72302.10472278576,73670.33687184565,74943.67821793538,76118.54605021235,77190.40913951071,78153.84250942245,79002.62791411113,79729.90019138111
CHN,Male,CKD,glp1,29093.843406424145,0.0,1683.9341519202717,0.0,15.70681304106256,49.486855165087036,107.1346207424649,184.4950612111279,272.5666678669513,364.6943228599848,457.44061737292213,549.1885550131847,639.1187301039317,726.7340679687914,811.6720009105338,893.636097982424,972.3718723654165,1047.6573918911163,1119.2984989600664,1187.1256934834964,1250.9920871571376,1310.7723414090142,1366.3624220461352,1417.679840670913,1464.6639734650962,1507.276077620074,1545.4987358558428,1579.3346076268936,1608.8045136637666,1633.945001635555,1654.8056205173925,1671.4461658974906,1683.9341519202717
CHN,Male,CKD,combo,29093.843406424145,0.0,1683.9341519202717,0.0,15.70681304106256,49.486855165087036,107.1346207424649,184.4950612111279,272.5666678669513,364.6943228599848,457.44061737292213,549.1885550131847,639.1187301039317,726.7340679687914,811.6720009105338,893.636097982424,972.3718723654165,1047.6573918911163,1119.2984989600664,1187.1256934834964,1250.9920871571376,1310.7723414090142,1366.3624220461352,1417.679840670913,1464.6639734650962,1507.276077620074,1545.4987358558428,1579.3346076268936,1608.8045136637666,1633.945001635555,1654.8056205173925,1671.4461658974906,1683.9341519202717
CHN,Female,CKD,glp1,30414.737050430398,0.0,1832.5509183535469,0.0,15.072423070552759,47.59845684852917,103.29384998638125,178.40704762724636,264.5379099864658,355.47670053111506,448.0330832731561,540.7058305677201,632.7106414510199,723.5320751386316,812.7516226192529,899.9907431662577,984.8958428975457,1067.1362380180944,1146.404913774386,1222.419234339206,1294.921294826825,1363.678222303788,1428.4826668533206,1489.1534980110882,1545.5365386871272,1597.505085859637,1644.9599789771892,1687.8290531572711,1726.065920677327,1759.6481318564038,1788.5748549176933,1812.86427265362,1832.5509183535469
CHN,Female,CKD,combo,30414.737050430398,0.0,1832.5509183535469,0.0,15.072423070552759,47.59845684852917,103.29384998638125,178.40704762724636,264.5379099864658,355.47670053111506,448.0330832731561,540.7058305677201,632.7106414510199,723.5320751386316,812.7516226192529,899.9907431662577,984.8958428975457,1067.1362380180944,1146.404913774386,1222.419234339206,1294.921294826825,1363.678222303788,1428.4826668533206,1489.1534980110882,1545.5365386871272,1597.505085859637,1644.9599789771892,1687.8290531572711,1726.065920677327,1759.6481318564038,1788.5748549176933,1812.86427265362,1832.5509183535469
IND,Male,CKD,glp1,20138.381322004163,0.0,1243.5327370377054,0.0,10.316949810447113,32.65736973319872,70.98350373728317,122.58033671524026,181.3598972447944,242.74842939649534,304.3735621711239,365.1621911208931,424.64512791714515,482.6159923037776,538.983606164853,593.7093687713204,646.7793915788643,698.1905314834585,747.9420283932268,796.0295624539285,842.4405832502089,887.1505590889574,930.1200878600066,971.2928997467534,1010.5947886069189,1047.933484948153,1083.1994513644313,1116.267550293749,1146.9995071971061,1175.2470701983693,1200.855749323542,1223.6690040922113,1243.5327370377054
IND,Male,CKD,combo,20138.381322004163,0.0,1243.5327370377054,0.0,10.316949810447113,32.65736973319872,70.98350373728317,122.58033671524026,181.3598972447944,242.74842939649534,304.3735621711239,365.1621911208931,424.64512791714515,482.6159923037776,538.983606164853,593.7093687713204,646.7793915788643,698.1905314834585,747.9420283932268,796.0295624539285,842.4405832502089,887.1505590889574,930.1200878600066,971.2928997467534,1010.5947886069189,1047.933484948153,1083.1994513644313,1116.267550293749,1146.9995071971061,1175.2470701983693,1200.855749323542,1223.6690040922113,1243.5327370377054
IND,Female,CKD,glp1,18115.556708070842,0.0,1102.7520775314042,0.0,9.744660339521943,30.70974859308626,66.44345873675775,114.18944219736295,168.1613286098218,224.13838530518115,280.0144710037348,334.8892744512341,388.39956612256356,440.40240074577014,490.8438243189448,539.7061753172966,586.986123046474,632.6843386526307,676.7995892571635,719.3246651920927,760.2432768099679,799.5276754786901,837.1369575196586,873.0160634784843,907.0954862158396,939.2916855519143,969.5081872040028,997.6373237835942,1023.5625569704425,1047.161303052082,1068.3081690116524,1086.878493573473,1102.7520775314042
IND,Female,CKD,combo,18115.556708070842,0.0,1102.7520775314042,0.0,9.744660339521943,30.70974859308626,66.44345873675775,114.18944219736295,168.1613286098218,224.13838530518115,280.0144710037348,334.8892744512341,388.39956612256356,440.40240074577014,490.8438243189448,539.7061753172966,586.986123046474,632.6843386526307,676.7995892571635,719.3246651920927,760.2432768099679,799.5276754786901,837.1369575196586,873.0160634784843,907.0954862158396,939.2916855519143,969.5081872040028,997.6373237835942,1023.5625569704425,1047.161303052082,1068.3081690116524,1086.878493573473,1102.7520775314042
BRA,Male,CKD,glp1,11009.569095893443,0.0,695.8942478045501,0.0,5.097921430871793,16.10314263141845,34.98151445679832,60.56799623091865,90.1207088698211,121.56640824024726,153.80287569352367,186.28958978032824,218.73955584549913,250.97176969141583,282.8497749829403,314.2574956435492,345.0900660020925,375.2504553392864,404.64820288059127,433.19880974601256,460.82323294536764,487.44729574013036,513.0009854182426,537.4176773770669,560.6333519690743,582.5858776513851,603.2144294581958,622.4591003319074,640.2607473231401,656.561097193,671.3031181070401,684.4316471090278,695.8942478045501
BRA,Male,CKD,combo,11009.569095893443,0.0,695.8942478045501,0.0,5.097921430871793,16.10314263141845,34.98151445679832,60.56799623091865,90.1207088698211,121.56640824024726,153.80287569352367,186.28958978032824,218.73955584549913,250.97176969141583,282.8497749829403,314.2574956435492,345.0900660020925,375.2504553392864,404.64820288059127,433.19880974601256,460.82323294536764,487.44729574013036,513.0009854182426,537.4176773770669,560.6333519690743,582.5858776513851,603.2144294581958,622.4591003319074,640.2607473231401,656.561097193,671.3031181070401,684.4316471090278,695.8942478045501
BRA,Female,CKD,glp1,9916.662837673615,0.0,634.3023971230141,0.0,4.508054271213041,14.233848524887435,30.921641412369354,53.550884270542156,79.7103786142834,107.58460980205928,136.21819044842778,165.1499606960242,194.1380434756902,223.02855534119954,251.70152136009347,280.05036138688956,307.97493319973,335.37978529345855,362.17422329646797,388.2728153373755,413.5957923371898,438.06915314703656,461.62444407583826,484.1982581997727,505.73153564603854,526.1687599190918,545.4571456668273,563.5459047186378,580.3856628841531,595.9280822446817,610.1257243768487,622.9321706037736,634.3023971230141
BRA,Female,CKD,combo,9916.662837673615,0.0,634.3023971230141,0.0,4.508054271213041,14.233848524887435,30.921641412369354,53.550884270542156,79.7103786142834,107.58460980205928,136.21819044842778,165.1499606960242,194.1380434756902,223.02855534119954,251.70152136009347,280.05036138688956,307.97493319973,335.37978529345855,362.17422329646797,388.2728153373755,413.5957923371898,438.06915314703656,461.62444407583826,484.1982581997727,505.73153564603854,526.1687599190918,545.4571456668273,563.5459047186378,580.3856628841531,595.9280822446817,610.1257243768487,622.9321706037736,634.3023971230141
CAN,Male,CKD,glp1,2203.3524015505845,0.0,124.58376320037496,0.0,1.1055242949923922,3.53332144414253,7.743102905605156,13.496888662124547,20.182816994752102,27.314843224839024,34.61074090147031,41.90924528221149,49.10636099909971,56.12547959271615,62.905503379021866,69.3965037027001,75.5581982670119,81.35936162032976,86.77745218050768,91.79819281900745,96.41501562848771,100.62835100771917,104.44477273326174,107.87602744330707,110.9379864630364,113.64956251408967,116.03163453585148,118.106021345935,119.89453995756503,121.4181778369757,122.6964009447438,123.74661166870465,124.58376320037496
CAN,Male,CKD,combo,2203.3524015505845,0.0,124.58376320037496,0.0,1.1055242949923922,3.53332144414253,7.743102905605156,13.496888662124547,20.182816994752102,27.314843224839024,34.61074090147031,41.90924528221149,49.10636099909971,56.12547959271615,62.905503379021866,69.3965037027001,75.5581982670119,81.35936162032976,86.77745218050768,91.79819281900745,96.41501562848771,100.62835100771917,104.44477273326174,107.87602744330707,110.9379864630364,113.64956251408967,116.03163453585148,118.106021345935,119.89453995756503,121.4181778369757,122.6964009447438,123.74661166870465,124.58376320037496
CAN,Female,CKD,glp1,2372.090296539739,0.0,139.04748730168558,0.0,1.1455236889141815,3.61214315700272,7.84722310543475,13.613205093400211,20.32348878582161,27.52628075258417,34.96763141041629,42.50430239252637,50.04076090691706,57.50114928427047,64.81926843191013,71.93585099282518,78.79838158590792,85.3616029489749,91.5880282981525,97.44823405651277,102.92087548898598,107.99242988255719,112.65669615765728,116.91409077031676,120.7707855043127,124.23773550733404,127.32964621867086,130.06392587709797,132.45966637701167,134.53668977057168,136.31469116682274,137.81250162514334,139.04748730168558
CAN,Female,CKD,combo,2372.090296539739,0.0,139.04748730168558,0.0,1.1455236889141815,3.61214315700272,7.84722310543475,13.613205093400211,20.32348878582161,27.52628075258417,34.96763141041629,42.50430239252637,50.04076090691706,57.50114928427047,64.81926843191013,71.93585099282518,78.79838158590792,85.3616029489749,91.5880282981525,97.44823405651277,102.92087548898598,107.99242988255719,112.65669615765728,116.91409077031676,120.7707855043127,124.23773550733404,127.32964621867086,130.06392587709797,132.45966637701167,134.53668977057168,136.31469116682274,137.81250162514334,139.04748730168558
TUR,Male,CKD,glp1,4915.173542847571,0.0,310.3906625401978,0.0,2.3650416377677175,7.455750114706461,16.155398903099922,27.86977239632688,41.28677178734324,55.44689957321316,69.86616690331721,84.3238174400467,98.7100109458388,112.95684377499674,127.01242022648148,140.8323977230557,154.3776304380699,167.61348800766064,180.50933111712948,193.03775262720956,205.17359326254882,216.89285543947335,228.171646648334,238.98525666423302,249.30743878426802,259.10993449879606,268.36225644283695,277.03172617806194,285.0837503157418,292.48230945473915,299.1906282474556,305.1719907546212,310.3906625401978
TUR,Male,CKD,combo,4915.173542847571,0.0,310.3906625401978,0.0,2.3650416377677175,7.455750114706461,16.155398903099922,27.86977239632688,41.28677178734324,55.44689957321316,69.86616690331721,84.3238174400467,98.7100109458388,112.95684377499674,127.01242022648148,140.8323977230557,154.3776304380699,167.61348800766064,180.50933111712948,193.03775262720956,205.17359326254882,216.89285543947335,228.171646648334,238.98525666423302,249.30743878426802,259.10993449879606,268.36225644283695,277.03172617806194,285.0837503157418,292.48230945473915,299.1906282474556,305.1719907546212,310.3906625401978
TUR,Female,CKD,glp1,5832.246838755211,0.0,378.98550103979505,0.0,2.671961976273451,8.420261326047694,18.25429104856812,31.54385724731401,46.85033970969562,63.10545878464109,79.75792940216706,96.54955520067597,113.35044755144554,130.08189439778653,146.68550304505698,163.11189450103484,179.31684492176646,195.25996231198224,210.9040298869004,226.21437387102924,241.1580951571632,255.70318500611756,269.8176035962824,283.4684090110386,296.6210131078624,309.2386224989059,321.28190331556107,332.70889008532686,343.47514297271846,353.53414412639904,362.83791287178246,371.33781078387256,378.98550103979505
TUR,Female,CKD,combo,5832.246838755211,0.0,378.98550103979505,0.0,2.671961976273451,8.420261326047694,18.25429104856812,31.54385724731401,46.85033970969562,63.10545878464109,79.75792940216706,96.54955520067597,113.35044755144554,130.08189439778653,146.68550304505698,163.11189450103484,179.31684492176646,195.25996231198224,210.9040298869004,226.21437387102924,241.1580951571632,255.70318500611756,269.8176035962824,283.4684090110386,296.6210131078624,309.2386224989059,321.28190331556107,332.70889008532686,343.47514297271846,353.53414412639904,362.83791287178246,371.33781078387256,378.98550103979505
ZAF,Male,CKD,glp1,2849.284375965496,0.0,164.14975188696553,0.0,1.6798149023579754,5.285766564980804,11.438424188502722,19.637455420064725,28.836736072829808,38.268871760703405,47.54967677287095,56.517136742713774,65.11134103403492,73.31701303694899,81.13899387030142,88.59152537968293,95.69285899754504,102.46192357423206,108.91591080359831,115.06842906745806,120.92814240937878,126.4978814321621,131.77421592713472,136.7474632835474,141.40208932655514,145.7174445277269,149.66876956303895,153.2283995808757,156.3670955646703,159.05543314082024,161.26518352857056,162.97062760522385,164.14975188696553
ZAF,Male,CKD,combo,2849.284375965496,0.0,164.14975188696553,0.0,1.6798149023579754,5.285766564980804,11.438424188502722,19.637455420064725,28.836736072829808,38.268871760703405,47.54967677287095,56.517136742713774,65.11134103403492,73.31701303694899,81.13899387030142,88.59152537968293,95.69285899754504,102.46192357423206,108.91591080359831,115.06842906745806,120.92814240937878,126.4978814321621,131.77421592713472,136.7474632835474,141.40208932655514,145.7174445277269,149.66876956303895,153.2283995808757,156.3670955646703,159.05543314082024,161.26518352857056,162.97062760522385,164.14975188696553
ZAF,Female,CKD,glp1,2492.7632310632034,0.0,135.901154650639,0.0,1.7765023607262265,5.550445298047634,11.909524290136687,20.17653859530219,29.166308406496682,38.08834683463647,46.59981367491855,54.59123182593248,62.047368640418426,68.98800915561696,75.44605954671533,81.4593968642348,87.06716065557157,92.30735888657,97.2149098941627,101.81997092022357,106.14659780183501,110.21180134107817,114.0250390682304,117.58814738865112,120.89569021031639,123.93567829331369,126.69059819809081,129.13867979291172,131.255325941931,133.0146266305528,134.39088197316414,135.36006392277886,135.901154650639
ZAF,Female,CKD,combo,2492.7632310632034,0.0,135.901154650639,0.0,1.7765023607262265,5.550445298047634,11.909524290136687,20.17653859530219,29.166308406496682,38.08834683463647,46.59981367491855,54.59123182593248,62.047368640418426,68.98800915561696,75.44605954671533,81.4593968642348,87.06716065557157,92.30735888657,97.2149098941627,101.81997092022357,106.14659780183501,110.21180134107817,114.0250390682304,117.58814738865112,120.89569021031639,123.93567829331369,126.69059819809081,129.13867979291172,131.255325941931,133.0146266305528,134.39088197316414,135.36006392277886,135.901154650639
MEX,Male,CKD,glp1,11812.652227479746,0.0,670.2122915808068,0.0,6.5455288140510675,20.47519560110959,44.06408050796017,75.5859483756285,111.42083779357927,148.9067924241026,186.66513222883805,224.04452897712326,260.71630899929005,296.48320139147836,331.2003436095765,364.7444101154979,397.0020576539464,427.8659594746423,457.2338026139696,485.00843427582004,511.0984387843346,535.418852748684,557.891894112734,578.447649792186,597.0246976546769,613.5706546855727,628.0426526489537,640.407748174126,650.6432767744118,658.7371601260966,664.6881733143018,668.5061742262478,670.2122915808068
MEX,Male,CKD,combo,11812.652227479746,0.0,670.2122915808068,0.0,6.5455288140510675,20.47519560110959,44.06408050796017,75.5859483756285,111.42083779357927,148.9067924241026,186.66513222883805,224.04452897712326,260.71630899929005,296.48320139147836,331.2003436095765,364.7444101154979,397.0020576539464,427.8659594746423,457.2338026139696,485.00843427582004,511.0984387843346,535.418852748684,557.891894112734,578.447649792186,597.0246976546769,613.5706546855727,628.0426526489537,640.407748174126,650.6432767744118,658.7371601260966,664.6881733143018,668.5061742262478,670.2122915808068
MEX,Female,CKD,glp1,13442.228638565448,0.0,828.4294614095415,0.0,6.506249430738535,20.45794398509679,44.25803203284522,76.34026195509068,113.20004732523375,152.23551229184523,192.0967966623066,232.14623758658126,272.0597220889249,311.6372740108709,350.72472981795727,389.1833850184121,426.87903798570915,463.67869467052515,499.4502458278366,534.0632451924757,567.3900319209424,599.3068865431269,629.6950935587738,658.4418640977965,685.4411103110251,710.5940833361528,733.8098981018193,755.0059744351747,774.1084262398363,791.0524294258357,805.7825951457198,818.2533681572531,828.4294614095415
MEX,Female,CKD,combo,13442.228638565448,0.0,828.4294614095415,0.0,6.506249430738535,20.45794398509679,44.25803203284522,76.34026195509068,113.20004732523375,152.23551229184523,192.0967966623066,232.14623758658126,272.0597220889249,311.6372740108709,350.72472981795727,389.1833850184121,426.87903798570915,463.67869467052515,499.4502458278366,534.0632451924757,567.3900319209424,599.3068865431269,629.6950935587738,658.4418640977965,685.4411103110251,710.5940833361528,733.8098981018193,755.0059744351747,774.1084262398363,791.0524294258357,805.7825951457198,818.2533681572531,828.4294614095415
AUS,Male,CKD,glp1,1511.4924792460833,0.0,91.76824741397104,0.0,0.7027810149334073,2.250243879512709,4.943743165331398,8.641085793367893,12.957057751452794,17.581641481823226,22.332880982920415,27.10652036659303,31.836592742619814,36.47671687824368,40.99234045416506,45.357453744235045,49.552924542682376,53.56538333433946,57.386304097970424,61.01118241180302,64.43879100373033,67.67050963281599,70.70972538864135,73.56129636519381,76.23107038586386,78.72545135711243,81.05100815379956,83.21412382300241,85.22068565524569,87.07581886340904,88.78366798339903,90.34723057790507,91.76824741397104
AUS,Male,CKD,combo,1511.4924792460833,0.0,91.76824741397104,0.0,0.7027810149334073,2.250243879512709,4.943743165331398,8.641085793367893,12.957057751452794,17.581641481823226,22.332880982920415,27.10652036659303,31.836592742619814,36.47671687824368,40.99234045416506,45.357453744235045,49.552924542682376,53.56538333433946,57.386304097970424,61.01118241180302,64.43879100373033,67.67050963281599,70.70972538864135,73.56129636519381,76.23107038586386,78.72545135711243,81.05100815379956,83.21412382300241,85.22068565524569,87.07581886340904,88.78366798339903,90.34723057790507,91.76824741397104
AUS,Female,CKD,glp1,1298.2956749428304,0.0,81.86873960637604,0.0,0.5458695550410084,1.7348546167963832,3.7979854805039395,6.64162648817728,9.998041951728283,13.654481120658147,17.486642073324674,21.420273359686234,25.40313109082308,29.392824788034886,33.35271688120929,37.25089327139631,41.06004449422471,44.75746762169956,48.324956111338906,51.748547115838846,55.01815710883375,58.12714634280292,61.071846073812594,63.85107296458773,66.46564704650518,68.91792408626043,71.21134993334908,73.35004282458794,75.338409063781,77.18079743721319,78.8811977501482,80.44298868409078,81.86873960637604
AUS,Female,CKD,combo,1298.2956749428304,0.0,81.86873960637604,0.0,0.5458695550410084,1.7348546167963832,3.7979854805039395,6.64162648817728,9.998041951728283,13.654481120658147,17.486642073324674,21.420273359686234,25.40313109082308,29.392824788034886,33.35271688120929,37.25089327139631,41.06004449422471,44.75746762169956,48.324956111338906,51.748547115838846,55.01815710883375,58.12714634280292,61.071846073812594,63.85107296458773,66.46564704650518,68.91792408626043,71.21134993334908,73.35004282458794,75.338409063781,77.18079743721319,78.8811977501482,80.44298868409078,81.86873960637604
NZL,Male,CKD,glp1,292.43108272130746,0.0,17.094705108246558,0.0,0.1609739181525356,0.5058917145498754,1.0923871689898306,1.8788034987600213,2.775084846530717,3.7134858181126447,4.657481722104194,5.588700573924825,6.497281150369986,7.377291833002573,8.224797184317254,9.03704516063135,9.812099397238399,10.548648328600848,11.245888328291926,11.903440965998811,12.521287646290034,13.099713455101323,13.639255512423006,14.140652936561537,14.604796803832073,15.032679556147741,15.425344216213375,15.783834491804441,16.109147357274082,16.40218997680222,16.663742883142277,16.894431167893003,17.094705108246558
NZL,Male,CKD,combo,292.43108272130746,0.0,17.094705108246558,0.0,0.1609739181525356,0.5058917145498754,1.0923871689898306,1.8788034987600213,2.775084846530717,3.7134858181126447,4.657481722104194,5.588700573924825,6.497281150369986,7.377291833002573,8.224797184317254,9.03704516063135,9.812099397238399,10.548648328600848,11.245888328291926,11.903440965998811,12.521287646290034,13.099713455101323,13.639255512423006,14.140652936561537,14.604796803832073,15.032679556147741,15.425344216213375,15.783834491804441,16.109147357274082,16.40218997680222,16.663742883142277,16.894431167893003,17.094705108246558
NZL,Female,CKD,glp1,227.4386781847894,0.0,13.455692692176513,0.0,0.12091273741475561,0.3783360631339292,0.8144895346370049,1.3992435958169835,2.068024671085027,2.772787340720811,3.48780647317642,4.199987320417108,4.9019331546051035,5.588745349911733,6.256734272659742,6.902920428182938,7.52483790322492,8.12044976120876,8.688104440658776,9.226506961840983,9.734694852905932,10.212014414808891,10.658095103147616,11.072820850108087,11.456297874610186,11.80881914656129,12.130826207524024,12.422869482913484,12.685568525647227,12.919573794136454,13.1255315871731,13.30405364438161,13.455692692176513
NZL,Female,CKD,combo,227.4386781847894,0.0,13.455692692176513,0.0,0.12091273741475561,0.3783360631339292,0.8144895346370049,1.3992435958169835,2.068024671085027,2.772787340720811,3.48780647317642,4.199987320417108,4.9019331546051035,5.588745349911733,6.256734272659742,6.902920428182938,7.52483790322492,8.12044976120876,8.688104440658776,9.226506961840983,9.734694852905932,10.212014414808891,10.658095103147616,11.072820850108087,11.456297874610186,11.80881914656129,12.130826207524024,12.422869482913484,12.685568525647227,12.919573794136454,13.1255315871731,13.30405364438161,13.455692692176513
ROU,Male,CKD,glp1,639.0472289371642,0.0,32.08521679953401,0.0,0.4952092441683362,1.52388082832681,3.2222864503435176,5.424289327144152,7.838487233859041,10.261015476382909,12.591696015537991,14.788095842830216,16.834079788241297,18.725342708321705,20.463389086852885,22.052912484886747,23.50043431639483,24.8134143843115,25.99958053705518,27.066413032336186,28.020772647600552,28.86866739098491,29.615145246641987,30.264292472390935,30.81931244696625,31.28265931221199,31.656202796122898,31.94140448564508,32.139490421264554,32.25160945160428,32.27897083598873,32.22295787321468,32.08521679953401
ROU,Male,CKD,combo,639.0472289371642,0.0,32.08521679953401,0.0,0.4952092441683362,1.52388082832681,3.2222864503435176,5.424289327144152,7.838487233859041,10.261015476382909,12.591696015537991,14.788095842830216,16.834079788241297,18.725342708321705,20.463389086852885,22.052912484886747,23.50043431639483,24.8134143843115,25.99958053705518,27.066413032336186,28.020772647600552,28.86866739098491,29.615145246641987,30.264292472390935,30.81931244696625,31.28265931221199,31.656202796122898,31.94140448564508,32.139490421264554,32.25160945160428,32.27897083598873,32.22295787321468,32.08521679953401
ROU,Female,CKD,glp1,650.6298257371914,0.0,33.40899852056282,0.0,0.49193424508393946,1.515145580628996,3.2041915795207387,5.3948392235590745,7.800867029560777,10.22323677290342,12.56456351173756,14.783162222335022,16.86201983387764,18.794829796206386,20.580493539780946,22.220992230785214,23.720436223705974,25.08446813117348,26.319753956892555,27.43350625491871,28.43305110477536,29.325463344283207,30.11728773560594,30.814352296468996,31.42166973511962,31.943415704044583,32.38296862417519,32.74299459881195,33.025561677209225,33.23226969644543,33.364384502823896,33.42296806419472,33.40899852056282
ROU,Female,CKD,combo,650.6298257371914,0.0,33.40899852056282,0.0,0.49193424508393946,1.515145580628996,3.2041915795207387,5.3948392235590745,7.800867029560777,10.22323677290342,12.56456351173756,14.783162222335022,16.86201983387764,18.794829796206386,20.580493539780946,22.220992230785214,23.720436223705974,25.08446813117348,26.319753956892555,27.43350625491871,28.43305110477536,29.325463344283207,30.11728773560594,30.814352296468996,31.42166973511962,31.943415704044583,32.38296862417519,32.74299459881195,33.025561677209225,33.23226969644543,33.364384502823896,33.42296806419472,33.40899852056282
BGR,Male,CKD,glp1,348.85953702580287,0.0,16.494848436872985,0.0,0.2966147292545429,0.9138810559043122,1.9315687622142832,3.244937708770749,4.673548588928497,6.091040993365596,7.43511288159084,8.67973764070939,9.816016749221944,10.843138311982102,11.76436866640529,12.5851320125048,13.311944566668899,13.95173797450434,14.511399887468087,14.997462672797155,15.415905330690066,15.772044692159966,16.070496048301152,16.315185791516,16.509400914470348,16.655862574112803,16.75681330824409,16.81410975865981,16.829314801936107,16.803784752568845,16.738748758013116,16.635378655966747,16.494848436872985
BGR,Male,CKD,combo,348.85953702580287,0.0,16.494848436872985,0.0,0.2966147292545429,0.9138810559043122,1.9315687622142832,3.244937708770749,4.673548588928497,6.091040993365596,7.43511288159084,8.67973764070939,9.816016749221944,10.843138311982102,11.76436866640529,12.5851320125048,13.311944566668899,13.95173797450434,14.511399887468087,14.997462672797155,15.415905330690066,15.772044692159966,16.070496048301152,16.315185791516,16.509400914470348,16.655862574112803,16.75681330824409,16.81410975865981,16.829314801936107,16.803784752568845,16.738748758013116,16.635378655966747,16.494848436872985
BGR,Female,CKD,glp1,285.8317876724735,0.0,13.651235742783456,0.0,0.2379654126771129,0.732572748052462,1.547928113525586,2.6025518063962636,3.7553589005584627,4.9071627216304705,6.007931694260719,7.035110509355377,7.9791019727823596,8.83667308888164,9.608158456509955,10.296139843553306,10.9046696059429,11.438714947698486,11.903723163582413,12.305279230907558,12.64884534354951,12.939574169391221,13.182186325360135,13.38090148504648,13.5394123746363,13.660891531831112,13.748021803159077,13.803042883394255,13.827807578096667,13.823842783045166,13.792411356530238,13.73457207933484,13.651235742783456
BGR,Female,CKD,combo,285.8317876724735,0.0,13.651235742783456,0.0,0.2379654126771129,0.732572748052462,1.547928113525586,2.6025518063962636,3.7553589005584627,4.9071627216304705,6.007931694260719,7.035110509355377,7.9791019727823596,8.83667308888164,9.608158456509955,10.296139843553306,10.9046696059429,11.438714947698486,11.903723163582413,12.305279230907558,12.64884534354951,12.939574169391221,13.182186325360135,13.38090148504648,13.5394123746363,13.660891531831112,13.748021803159077,13.803042883394255,13.827807578096667,13.823842783045166,13.792411356530238,13.73457207933484,13.651235742783456
ISR,Male,CKD,glp1,777.3250827836114,0.0,49.711269048891154,0.0,0.34342326263276846,1.0962824683613235,2.4031743023192575,4.198820955631163,6.304150851559825,8.574544627310615,10.923568193132041,13.29975658754438,15.669015607747951,18.00664097414824,20.294246890236536,22.51855588064518,24.670728678327123,26.745762396140435,28.741834711789124,30.659599495475504,32.50147603614687,34.27097552955183,35.97209800209339,37.608819942857735,39.18468140711275,40.70247252301715,42.16401333701333,43.570017431326505,44.920028204071514,46.21241654718597,47.44442936612313,48.61227952521858,49.711269048891154
ISR,Male,CKD,combo,777.3250827836114,0.0,49.711269048891154,0.0,0.34342326263276846,1.0962824683613235,2.4031743023192575,4.198820955631163,6.304150851559825,8.574544627310615,10.923568193132041,13.29975658754438,15.669015607747951,18.00664097414824,20.294246890236536,22.51855588064518,24.670728678327123,26.745762396140435,28.741834711789124,30.659599495475504,32.50147603614687,34.27097552955183,35.97209800209339,37.608819942857735,39.18468140711275,40.70247252301715,42.16401333701333,43.570017431326505,44.920028204071514,46.21241654718597,47.44442936612313,48.61227952521858,49.711269048891154
ISR,Female,CKD,glp1,717.9566276084804,0.0,45.92736441836678,0.0,0.2912688769529268,0.9318017154353129,2.0502019167388426,3.6023765512795762,5.448544010768956,7.473821919444617,9.607226534119263,11.80290287517505,14.026455918555712,16.249372524224782,18.447471651461456,20.60075799619699,22.693530779605226,24.714342161483955,26.65571758079159,28.513672802348992,30.287099886384112,31.97709575519775,33.58629442889924,35.11824736356539,36.57688024641493,37.96604105410006,39.2891437942144,40.54890506442507,41.74716597023507,42.88478949100181,43.96162250155248,44.976511819540065,45.92736441836678
ISR,Female,CKD,combo,717.9566276084804,0.0,45.92736441836678,0.0,0.2912688769529268,0.9318017154353129,2.0502019167388426,3.6023765512795762,5.448544010768956,7.473821919444617,9.607226534119263,11.80290287517505,14.026455918555712,16.249372524224782,18.447471651461456,20.60075799619699,22.693530779605226,24.714342161483955,26.65571758079159,28.513672802348992,30.287099886384112,31.97709575519775,33.58629442889924,35.11824736356539,36.57688024641493,37.96604105410006,39.2891437942144,40.54890506442507,41.74716597023507,42.88478949100181,43.96162250155248,44.976511819540065,45.92736441836678
NGA,Male,CKD,glp1,8213.985989561937,0.0,497.96852400577336,0.0,4.254438363077497,13.363946375986416,28.981556249582354,49.92991000010079,73.66534726067766,98.33759198381813,123.04943967288273,147.44767917653735,171.41566388913998,194.9246786520598,217.97109866932806,240.5512214797891,262.6517098022232,284.2464419389835,305.29599084931033,325.7481597616861,345.53891840705546,364.5934879655215,382.8275144126601,400.14836277427094,416.4566030234637,431.64776141288166,445.6143902017502,458.24847284056887,469.4441386773615,479.1006182899946,487.1253335559595,493.4369898694931,497.96852400577336
NGA,Male,CKD,combo,8213.985989561937,0.0,497.96852400577336,0.0,4.254438363077497,13.363946375986416,28.981556249582354,49.92991000010079,73.66534726067766,98.33759198381813,123.04943967288273,147.44767917653735,171.41566388913998,194.9246786520598,217.97109866932806,240.5512214797891,262.6517098022232,284.2464419389835,305.29599084931033,325.7481597616861,345.53891840705546,364.5934879655215,382.8275144126601,400.14836277427094,416.4566030234637,431.64776141288166,445.6143902017502,458.24847284056887,469.4441386773615,479.1006182899946,487.1253335559595,493.4369898694931,497.96852400577336
NGA,Female,CKD,glp1,5082.454600275585,0.0,300.9923591081315,0.0,2.540693521121284,8.191593399724297,18.058125633009695,31.528077307366402,46.97645872767862,63.12576455491944,79.29508581018308,95.17115099289367,110.61600146098135,125.56952196159546,140.00644625697896,153.91780399501295,167.3024498466948,180.16261950487387,192.5010868430545,204.3189889876412,215.6139923875271,226.37872357280867,236.59949399206744,246.2553896647878,255.31780377847826,263.7504762915305,271.51007605971245,278.54732374727246,284.80861339736657,290.2380522634594,294.77980676817606,298.3806204405373,300.9923591081315
NGA,Female,CKD,combo,5082.454600275585,0.0,300.9923591081315,0.0,2.540693521121284,8.191593399724297,18.058125633009695,31.528077307366402,46.97645872767862,63.12576455491944,79.29508581018308,95.17115099289367,110.61600146098135,125.56952196159546,140.00644625697896,153.91780399501295,167.3024498466948,180.16261950487387,192.5010868430545,204.3189889876412,215.6139923875271,226.37872357280867,236.59949399206744,246.2553896647878,255.31780377847826,263.7504762915305,271.51007605971245,278.54732374727246,284.80861339736657,290.2380522634594,294.77980676817606,298.3806204405373,300.9923591081315
EGY,Male,CKD,glp1,8526.407574505818,0.0,538.2929582299621,0.0,4.076350175746484,12.880486753987498,28.018321929488593,48.5101167004359,72.05170826302856,96.90066842139277,122.13961867798935,147.33232205875538,172.2643782439227,196.82019928840236,220.93180228895653,244.5573332833992,267.6705984366199,290.2543740272631,312.2950204745903,333.77773330913624,354.6823907752041,374.9801321223713,394.6308093565349,413.5814084564299,431.7654755834992,449.103525360566,465.50435772541823,480.8671692148491,495.08431427419055,508.0445520988069,519.636604034742,529.7528449401289,538.2929582299621
EGY,Male,CKD,combo,8526.407574505818,0.0,538.2929582299621,0.0,4.076350175746484,12.880486753987498,28.018321929488593,48.5101167004359,72.05170826302856,96.90066842139277,122.13961867798935,147.33232205875538,172.2643782439227,196.82019928840236,220.93180228895653,244.5573332833992,267.6705984366199,290.2543740272631,312.2950204745903,333.77773330913624,354.6823907752041,374.9801321223713,394.6308093565349,413.5814084564299,431.7654755834992,449.103525360566,465.50435772541823,480.8671692148491,495.08431427419055,508.0445520988069,519.636604034742,529.7528449401289,538.2929582299621
EGY,Female,CKD,glp1,9501.26809308747,0.0,608.5432619515923,0.0,4.769780030928814,14.780368910818652,31.67121652163405,54.229989172723435,79.90969423239949,106.86916182013738,134.18965120192297,161.46820738324095,188.5291846784312,215.29133461156016,241.71380883819074,267.77408136216036,293.457475886069,318.750623314736,343.63628171461096,368.0888596777986,392.0706340721881,415.52882610366214,438.39369839088977,460.5777760906385,481.9762212317073,502.4683184250971,521.9199687505679,540.1870395008445,557.1193814722646,572.5653026467116,586.3762769251625,598.411668168781,608.5432619515923
EGY,Female,CKD,combo,9501.26809308747,0.0,608.5432619515923,0.0,4.769780030928814,14.780368910818652,31.67121652163405,54.229989172723435,79.90969423239949,106.86916182013738,134.18965120192297,161.46820738324095,188.5291846784312,215.29133461156016,241.71380883819074,267.77408136216036,293.457475886069,318.750623314736,343.63628171461096,368.0888596777986,392.0706340721881,415.52882610366214,438.39369839088977,460.5777760906385,481.9762212317073,502.4683184250971,521.9199687505679,540.1870395008445,557.1193814722646,572.5653026467116,586.3762769251625,598.411668168781,608.5432619515923
BGD,Male,CKD,glp1,4723.966146000494,0.0,276.16670291929404,0.0,2.6295158195462136,8.234717994599123,17.73446101569789,30.411383299247973,44.771689176131986,59.721925781743266,74.7042918352472,89.46440294260174,103.88168425223012,117.88969381307288,131.4440934482318,144.51091313572033,157.06258354126294,169.07658367682598,180.53473212377503,191.42246489797617,201.72796744853258,211.4412186368245,220.5530534624413,229.05434257636443,236.9353579474773,244.18536248730015,250.79243421089268,256.74351495019437,262.02465968369506,266.6214541128902,270.51956382671415,273.7053769839622,276.16670291929404
BGD,Male,CKD,combo,4723.966146000494,0.0,276.16670291929404,0.0,2.6295158195462136,8.234717994599123,17.73446101569789,30.411383299247973,44.771689176131986,59.721925781743266,74.7042918352472,89.46440294260174,103.88168425223012,117.88969381307288,131.4440934482318,144.51091313572033,157.06258354126294,169.07658367682598,180.53473212377503,191.42246489797617,201.72796744853258,211.4412186368245,220.5530534624413,229.05434257636443,236.9353579474773,244.18536248730015,250.79243421089268,256.74351495019437,262.02465968369506,266.6214541128902,270.51956382671415,273.7053769839622,276.16670291929404
BGD,Female,CKD,glp1,2676.31243836485,0.0,163.4256509354036,0.0,1.41198019897638,4.408205763615115,9.477811831642612,16.243415063216162,23.921513996288013,31.945480341227267,40.03262230856126,48.05852984717967,55.9669971998228,63.728414955741755,71.32330647724484,78.73627852356549,85.9538269484674,92.96342368399382,99.75297135762776,106.31035184565735,112.62302033494052,118.67766159679195,124.45993342842485,129.95431403876137,135.1440601838658,140.011275320614,144.5370822403911,148.70189166313867,152.48575613055255,155.8687965625595,158.83168674619992,161.35617884037856,163.4256509354036
BGD,Female,CKD,combo,2676.31243836485,0.0,163.4256509354036,0.0,1.41198019897638,4.408205763615115,9.477811831642612,16.243415063216162,23.921513996288013,31.945480341227267,40.03262230856126,48.05852984717967,55.9669971998228,63.728414955741755,71.32330647724484,78.73627852356549,85.9538269484674,92.96342368399382,99.75297135762776,106.31035184565735,112.62302033494052,118.67766159679195,124.45993342842485,129.95431403876137,135.1440601838658,140.011275320614,144.5370822403911,148.70189166313867,152.48575613055255,155.8687965625595,158.83168674619992,161.35617884037856,163.4256509354036
USA,Male,CKD,glp1,31456.732349275087,0.0,1692.5250792774605,0.0,18.925942879286595,59.435128218712634,128.27666478224273,220.50691993010696,325.45446521295526,434.99722201209806,544.6189908920787,651.9068333272153,755.4499308280065,854.3259482163267,947.8914018844225,1035.6972937566316,1117.451282453767,1192.995589039274,1262.28940535117,1325.392080630263,1382.4461397898995,1433.6601768863184,1479.2919937176484,1519.6324319978157,1554.9903294284595,1585.6789708461147,1612.0043277474324,1634.2552936975117,1652.6960359431978,1667.5604994741298,1679.049021998857,1687.326949055685,1692.5250792774605
USA,Male,CKD,combo,31456.732349275087,0.0,1692.5250792774605,0.0,18.925942879286595,59.435128218712634,128.27666478224273,220.50691993010696,325.45446521295526,434.99722201209806,544.6189908920787,651.9068333272153,755.4499308280065,854.3259482163267,947.8914018844225,1035.6972937566316,1117.451282453767,1192.995589039274,1262.28940535117,1325.392080630263,1382.4461397898995,1433.6601768863184,1479.2919937176484,1519.6324319978157,1554.9903294284595,1585.6789708461147,1612.0043277474324,1634.2552936975117,1652.6960359431978,1667.5604994741298,1679.049021998857,1687.326949055685,1692.5250792774605
USA,Female,CKD,glp1,28540.565077752733,0.0,1563.6826837677218,0.0,16.615885628780234,51.93518908304395,111.75784780409595,191.89279187403736,283.3557807155739,379.3845378763217,476.24925819462806,571.9353025601886,665.207429809394,755.1888338470017,841.2018062960415,922.7134624993632,999.3180004177702,1070.7289365436736,1136.7719600782148,1197.375680379555,1252.5599869283906,1302.4225709709135,1347.1243752300506,1386.8747260066448,1421.9168069929292,1452.5140129411302,1478.9375969436223,1501.4559073828423,1520.3254040091124,1535.7835488786513,1548.0435873683455,1557.2911667246954,1563.6826837677218
USA,Female,CKD,combo,28540.565077752733,0.0,1563.6826837677218,0.0,16.615885628780234,51.93518908304395,111.75784780409595,191.89279187403736,283.3557807155739,379.3845378763217,476.24925819462806,571.9353025601886,665.207429809394,755.1888338470017,841.2018062960415,922.7134624993632,999.3180004177702,1070.7289365436736,1136.7719600782148,1197.375680379555,1252.5599869283906,1302.4225709709135,1347.1243752300506,1386.8747260066448,1421.9168069929292,1452.5140129411302,1478.9375969436223,1501.4559073828423,1520.3254040091124,1535.7835488786513,1548.0435873683455,1557.2911667246954,1563.6826837677218
JPN,Male,CKD,glp1,6524.435180293633,0.0,329.1284929149442,0.0,5.127345753295231,16.072937572687806,34.38665024029251,58.24911294877529,84.35252058295373,110.31339339210899,134.922403925244,157.66055223041985,178.35190058976514,196.9958821151995,213.68933011764966,228.5845617631203,241.86177022763877,253.7085290640607,264.30446235825366,273.81057019238506,282.3628215021199,290.06942930242076,297.0110511280436,303.2430958859659,308.7993589769794,313.6963161710737,317.9375485775745,321.5179192679607,324.4272589381944,326.65343349804607,328.18475656959345,329.01177448686576,329.1284929149442
JPN,Male,CKD,combo,6524.435180293633,0.0,329.1284929149442,0.0,5.127345753295231,16.072937572687806,34.38665024029251,58.24911294877529,84.35252058295373,110.31339339210899,134.922403925244,157.66055223041985,178.35190058976514,196.9958821151995,213.68933011764966,228.5845617631203,241.86177022763877,253.7085290640607,264.30446235825366,273.81057019238506,282.3628215021199,290.06942930242076,297.0110511280436,303.2430958859659,308.7993589769794,313.6963161710737,317.9375485775745,321.5179192679607,324.4272589381944,326.65343349804607,328.18475656959345,329.01177448686576,329.1284929149442
JPN,Female,CKD,glp1,5252.0035838418735,0.0,266.23278571716946,0.0,4.276375915884273,13.269471972096653,28.162233632203424,47.39229417720344,68.28812196150466,89.0147218651291,108.69080537450282,126.9497059294954,143.65469635492263,158.77790429777815,172.35467297138894,184.46397769892428,195.21571501166545,204.73922271446645,213.1723187164098,220.65150667564376,227.30405340281504,233.2423209454828,238.56038703280137,243.3327262799612,247.61457134414377,251.44351283602373,254.8419039583605,257.81968576878353,260.37732119193606,262.50860523848314,264.20319502030543,265.44876983638824,266.23278571716946
JPN,Female,CKD,combo,5252.0035838418735,0.0,266.23278571716946,0.0,4.276375915884273,13.269471972096653,28.162233632203424,47.39229417720344,68.28812196150466,89.0147218651291,108.69080537450282,126.9497059294954,143.65469635492263,158.77790429777815,172.35467297138894,184.46397769892428,195.21571501166545,204.73922271446645,213.1723187164098,220.65150667564376,227.30405340281504,233.2423209454828,238.56038703280137,243.3327262799612,247.61457134414377,251.44351283602373,254.8419039583605,257.81968576878353,260.37732119193606,262.50860523848314,264.20319502030543,265.44876983638824,266.23278571716946
GBR,Male,CKD,glp1,2331.315942001289,0.0,132.10314734329768,0.0,1.2837851556996611,4.072811228817045,8.84126640780778,15.271288981274665,22.647230627137105,30.409312575588046,38.23220832707193,45.93362475023332,53.40589004122103,60.58281387566876,67.42422537621678,73.90760817632781,80.02259456075353,85.76691003293035,91.14334803038128,96.1576166393861,100.81692660428598,105.12916827415575,109.10251312317996,112.7452840518472,116.06596317322783,119.07323837228887,121.77602384851889,124.18342052564458,126.3046070962464,128.1486706005162,129.7243969304509,131.0400472711135,132.10314734329768
GBR,Male,CKD,combo,2331.315942001289,0.0,132.10314734329768,0.0,1.2837851556996611,4.072811228817045,8.84126640780778,15.271288981274665,22.647230627137105,30.409312575588046,38.23220832707193,45.93362475023332,53.40589004122103,60.58281387566876,67.42422537621678,73.90760817632781,80.02259456075353,85.76691003293035,91.14334803038128,96.1576166393861,100.81692660428598,105.12916827415575,109.10251312317996,112.7452840518472,116.06596317322783,119.07323837228887,121.77602384851889,124.18342052564458,126.3046070962464,128.1486706005162,129.7243969304509,131.0400472711135,132.10314734329768
GBR,Female,CKD,glp1,2688.105786099539,0.0,160.0540169428441,0.0,1.3011044862505514,4.114632779752355,8.926817131000462,15.465015748788574,23.08054804382573,31.26792074808418,39.72790740543496,48.278006025549075,56.79128417414722,65.17079119426398,73.34044005714532,81.24137029946087,88.82956379283041,96.0735281105708,102.95194734779034,109.45147536986588,115.56483439989097,121.2892958447992,126.62553913342344,131.57683110367907,136.1484441041648,140.34722887310272,144.18127037123486,147.65957398697174,150.79175054922234,153.58768780262108,156.0572113723356,158.2097489004882,160.0540169428441
GBR,Female,CKD,combo,2688.105786099539,0.0,160.0540169428441,0.0,1.3011044862505514,4.114632779752355,8.926817131000462,15.465015748788574,23.08054804382573,31.26792074808418,39.72790740543496,48.278006025549075,56.79128417414722,65.17079119426398,73.34044005714532,81.24137029946087,88.82956379283041,96.0735281105708,102.95194734779034,109.45147536986588,115.56483439989097,121.2892958447992,126.62553913342344,131.57683110367907,136.1484441041648,140.34722887310272,144.18127037123486,147.65957398697174,150.79175054922234,153.58768780262108,156.0572113723356,158.2097489004882,160.0540169428441
DEU,Male,CKD,glp1,6690.172435393855,0.0,354.94363871620226,0.0,4.406518817129836,13.699406742874999,29.14742821430991,49.393243429774884,71.97061962625594,95.13068950171873,117.99803204221098,140.18675167942274,161.52690455797347,181.93245830848173,201.34506687071917,219.71254398611927,236.98283101548805,253.10478880130177,268.03170246147783,281.7254128164932,294.1599748086228,305.3242857730329,315.22345776447764,323.87892269716394,331.3273982190367,337.6189269839524,342.81424523922396,346.98174803467555,350.1943059284022,352.52615884743136,354.05007289642526,354.83490061345583,354.94363871620226
DEU,Male,CKD,combo,6690.172435393855,0.0,354.94363871620226,0.0,4.406518817129836,13.699406742874999,29.14742821430991,49.393243429774884,71.97061962625594,95.13068950171873,117.99803204221098,140.18675167942274,161.52690455797347,181.93245830848173,201.34506687071917,219.71254398611927,236.98283101548805,253.10478880130177,268.03170246147783,281.7254128164932,294.1599748086228,305.3242857730329,315.22345776447764,323.87892269716394,331.3273982190367,337.6189269839524,342.81424523922396,346.98174803467555,350.1943059284022,352.52615884743136,354.05007289642526,354.83490061345583,354.94363871620226
DEU,Female,CKD,glp1,8521.580348693704,0.0,473.75515350299247,0.0,4.8739896648185095,15.240609902517463,32.64286824221199,55.784547783463495,82.09533141016072,109.68223658970237,137.53215578536765,165.134822132135,192.20963289696738,218.5730764575237,244.08122423433088,268.60640833910657,292.0292943976274,314.23802049213555,335.1304868340958,354.6177748508089,372.6275658506747,389.1069110029057,404.0240033028167,417.3688071304787,429.15254799810646,439.40616993694493,448.17793872356924,455.53041099434995,461.537006634564,466.27841895960955,469.83907851144977,472.30385613226827,473.75515350299247
DEU,Female,CKD,combo,8521.580348693704,0.0,473.75515350299247,0.0,4.8739896648185095,15.240609902517463,32.64286824221199,55.784547783463495,82.09533141016072,109.68223658970237,137.53215578536765,165.134822132135,192.20963289696738,218.5730764575237,244.08122423433088,268.60640833910657,292.0292943976274,314.23802049213555,335.1304868340958,354.6177748508089,372.6275658506747,389.1069110029057,404.0240033028167,417.3688071304787,429.15254799810646,439.40616993694493,448.17793872356924,455.53041099434995,461.537006634564,466.27841895960955,469.83907851144977,472.30385613226827,473.75515350299247
GLB,Male,CKD,glp1,292794.8065367816,0.0,17754.682053363416,0.0,151.48405757406726,477.22502788424026,1033.053212842904,1780.2322487265337,2633.6548407564405,3529.7815653196303,4435.216875278507,5333.907312913565,6217.664318299154,7081.687033271766,7922.727261587512,8738.370937358239,9526.74825635762,10286.397126961034,11016.177691001096,11715.203461749014,12382.779497092357,13018.346133870073,13621.42877021851,14191.594200657331,14728.413658320555,15231.432500466239,15700.146461898228,16133.984522271203,16532.29858345166,16894.36024677707,17219.364966071676,17506.443714441964,17754.682053363416
GLB,Male,CKD,combo,292794.8065367816,0.0,17754.682053363416,0.0,151.48405757406726,477.22502788424026,1033.053212842904,1780.2322487265337,2633.6548407564405,3529.7815653196303,4435.216875278507,5333.907312913565,6217.664318299154,7081.687033271766,7922.727261587512,8738.370937358239,9526.74825635762,10286.397126961034,11016.177691001096,11715.203461749014,12382.779497092357,13018.346133870073,13621.42877021851,14191.594200657331,14728.413658320555,15231.432500466239,15700.146461898228,16133.984522271203,16532.29858345166,16894.36024677707,17219.364966071676,17506.443714441964,17754.682053363416
GLB,Female,CKD,glp1,284443.2853212032,0.0,17615.326621426735,0.0,144.0587085179286,452.38715785974637,976.8806932742009,1680.8522119951667,2485.116505783517,3331.337657894357,4189.419247880112,5045.205094102188,5891.53402283031,6724.074520776165,7539.6699292941485,8335.740693155443,9110.086703407695,9860.824444685364,10586.359491033014,11285.361178024905,11956.731406739214,12599.568085366744,13213.125834014267,13796.776449197321,14349.970938076382,14872.204317308846,15362.983997648931,15821.802422944922,16248.114615215454,16641.32130317716,17000.758306184318,17325.692763388623,17615.326621426735
GLB,Female,CKD,combo,284443.2853212032,0.0,17615.326621426735,0.0,144.0587085179286,452.38715785974637,976.8806932742009,1680.8522119951667,2485.116505783517,3331.337657894357,4189.419247880112,5045.205094102188,5891.53402283031,6724.074520776165,7539.6699292941485,8335.740693155443,9110.086703407695,9860.824444685364,10586.359491033014,11285.361178024905,11956.731406739214,12599.568085366744,13213.125834014267,13796.776449197321,14349.970938076382,14872.204317308846,15362.983997648931,15821.802422944922,16248.114615215454,16641.32130317716,17000.758306184318,17325.692763388623,17615.326621426735
