iso3,sex,outcome,arm,averted_10yr,averted_yr1,averted_yr10,yr1,yr2,yr3,yr4,yr5,yr6,yr7,yr8,yr9,yr10,yr11,yr12,yr13,yr14,yr15,yr16,yr17,yr18,yr19,yr20,yr21,yr22,yr23,yr24,yr25,yr26,yr27,yr28,yr29,yr30
CHN,Male,IHD,glp1,514737.82334377104,1735.2758940814529,19219.49394867383,1735.2758940814529,7337.943242185051,12023.424307886045,15635.329045330407,17408.092666602693,17973.208861975232,18020.892547521507,17912.18626211537,17792.024144992232,17708.495676741237,17672.024630977307,17679.864505489822,17725.498416219372,17801.962296340847,17902.806342267664,18022.198541413993,18154.78066736739,18295.516238760436,18439.60882732109,18582.497801485937,18719.90941975778,18847.933273906354,18963.096937475726,19062.419342903886,19143.43232395337,19204.16785206017,19243.114722300787,19259.152461851714,19251.472143812338,19219.49394867383
CHN,Male,IHD,diet,38947.80550769856,0.0,2305.221341912169,0.0,22.927529644453898,55.48688222258352,102.64579027495347,169.20764538878575,258.14251910545863,368.9693842055276,497.47684196103364,637.1221183876041,781.078757901676,923.7298149315175,1061.2184444165323,1191.3227614560165,1313.0473685138859,1426.1883507883176,1530.9811616525985,1627.8546833919827,1717.2785291033797,1799.6806291544344,1875.4128766350914,1944.7467152960598,2007.8851145515218,2064.9814216075465,2116.1588833853602,2161.5272042441647,2201.1944271817338,2235.2737855208106,2263.8860585384537,2287.1584663249087,2305.221341912169
CHN,Male,IHD,combo,553021.0761323664,1735.2758940814529,21490.307956691366,1735.2758940814529,7360.6795583136845,12078.166835329961,15736.154104618356,17573.867832835065,18225.828807214275,18381.864941781852,18398.948638228234,18415.637412493117,18473.34428680665,18576.982287167804,18720.00530535844,18893.692278327653,19090.07580971229,19302.480992811965,19525.285641062306,19753.53565304284,19982.642884521047,20208.221856459975,20426.05090606236,20632.11812027311,20822.708854132332,20994.49839272513,21144.624180642422,21270.72345765587,21370.932107343804,21443.848086283077,21488.467694173567,21504.10535621643,21490.307956691366
CHN,Female,IHD,glp1,460262.09967246954,1491.2333679797594,18985.4563520581,1491.2333679797594,6225.298259329051,10091.463766335859,13030.817330371821,14440.953439576318,14875.563741920865,14915.712667244254,14858.337217163644,14818.575823479332,14831.52624420647,14901.79358954914,15023.710264118738,15189.009171368903,15389.510234325659,15617.872603271971,15867.628461040207,16132.99276294047,16408.651930427644,16689.608864983078,16971.103394628037,17248.59964679717,17517.82013581856,17774.80369969108,18015.966920660343,18238.153756109066,18438.6640329645,18615.25706208148,18766.131228765473,18889.883703262545,18985.4563520581
CHN,Female,IHD,diet,36861.46383489657,0.0,2313.4335614885204,0.0,18.998763772193342,46.46855288359802,86.68626000836957,143.81713638885412,220.5496352839982,316.7577080335468,429.2470047301613,552.861052434775,682.1132781805936,812.3811493361136,940.3596951743821,1063.9895654704887,1182.165709542227,1294.4217329323292,1400.670606480795,1501.0184840103611,1595.6430514995009,1684.7214912723284,1768.393891751999,1846.7505294035655,1919.834087912459,1987.6501237200573,2050.1809288053773,2107.3994537084363,2159.2811924337875,2205.8129259457346,2246.9979883809574,2282.858273911057,2313.4335614885204
CHN,Female,IHD,combo,496466.21779898216,1491.2333679797594,21261.90235094726,1491.2333679797594,6244.138575135963,10137.307009271812,13115.95715614024,14581.828433911083,15091.341050113435,15225.505100528011,15278.175265393918,15359.468856135267,15499.122879008297,15697.21335831494,15944.823508688016,16231.651220384054,16548.41423202562,16887.29587282869,17241.72638406395,17606.010874507716,17974.998846314847,18343.858305409318,18707.959876743844,19062.851206770632,19404.292765160557,19728.325665328186,20031.346400532406,20310.1699475965,20562.0698195952,20784.790221853415,20976.53081634571,21135.908431953518,21261.90235094726
IND,Male,IHD,glp1,480806.85007415013,1446.5473887119442,18801.598594312556,1446.5473887119442,6133.51682603755,10073.984484250774,13226.912503634114,14923.565947854659,15632.391232271912,15893.552574009751,15995.89074740617,16060.042362402077,16130.696039123693,16222.367299990496,16338.16432521143,16476.965046441182,16636.06743593095,16812.139765044674,17001.55028054281,17200.479571545962,17404.96358073596,17610.920057205018,17814.17623114935,18010.50285562896,18195.655357562704,18365.421390343457,18515.673628720222,18642.426482972456,18741.895293623675,18810.556438256754,18845.206644631457,18843.019688597415,18801.598594312556
IND,Male,IHD,diet,84363.51947478182,0.0,4820.216044301633,0.0,54.295263351057656,133.5700825456297,248.46649760880973,408.6461614969885,618.8561596183572,875.6891579875955,1167.7417159427423,1479.3570251577767,1795.2707587124314,2103.5990015121643,2396.6413793310057,2670.3108262466267,2923.102158016758,3155.1191141691525,3367.338225177722,3561.1147459915373,3737.8780002412386,3898.95821053721,4045.4986252724193,4178.42053205031,4298.419887308963,4405.982151599368,4501.407095723553,4584.838609778089,4656.296545181889,4715.7088070365135,4762.942597978516,4797.83409490576,4820.216044301633
IND,Male,IHD,combo,563737.0870746713,1446.5473887119442,23554.499820589088,1446.5473887119442,6187.3592718214495,10205.752220326685,13470.929512616014,15323.808297179174,16237.760638498003,16749.815794265713,17137.788031073636,17507.07461754745,17887.45926785702,18281.816377626616,18685.675782443956,19093.85682616383,19502.12145518395,19907.180143796606,20306.305172897875,20696.960833054734,21076.548055658117,21442.2603606442,21791.024187701754,22119.497317447793,22424.10545178759,22701.10318452795,22946.650162236067,23156.896245971788,23328.071313639404,23456.576371135656,23539.07317174622,23572.569800521014,23554.499820589088
IND,Female,IHD,glp1,375706.89284058986,932.0464729145169,15106.979518135078,932.0464729145169,4095.402445602347,6877.800819633761,9225.316061198479,10609.606715307222,11308.521177589544,11683.959061480942,11935.321978488355,12146.667247873149,12348.988114805194,12552.231358499965,12758.601476428681,12967.627726863837,13177.97610186087,13388.041454621009,13596.105307095684,13800.353045215015,13998.856738610426,14189.559826095589,14370.274360017618,14538.692498333636,14692.410953630344,14828.966239947244,14945.87837557448,15040.700706054457,15111.073552635964,15154.77943692985,15169.797693225788,15154.35637592082,15106.979518135078
IND,Female,IHD,diet,73230.43282892229,0.0,4219.0339698418975,0.0,50.90423770737834,123.45590868568979,227.24167935946025,370.5879920908483,557.13662160479,783.1401911764406,1037.9017920036567,1307.3605384592665,1578.2763154548593,1840.7453443927225,2088.707260940806,2319.2739205708494,2531.7253031266155,2726.6202906311955,2905.1540661564795,3068.745305956225,3218.79371866351,3356.550603496842,3483.059544233489,3599.1385851280065,3705.3859278691234,3802.1983583969995,3889.796123623615,3968.250694432296,4037.5134254503064,4097.443996885326,4147.837984430138,4188.453128153458,4219.0339698418975
IND,Female,IHD,combo,447737.61714046565,932.0464729145169,19268.724151139613,932.0464729145169,4145.8821465887595,6999.602190544363,9448.537373064086,10972.701593637117,11853.770704127615,12450.15374488919,12950.892738310271,13426.342080474482,13894.547453138977,14355.733852391131,14806.121036956436,15242.348786341492,15662.317130515701,16064.914308251347,16449.5480302145,16815.75871223677,17162.963860685588,17490.314466943964,17796.632540144376,18080.40362358396,18339.805506469915,18572.7604283432,18777.002276180778,18950.152927051764,19089.80346815358,19193.59692910337,19259.309675606433,19284.928932462353,19268.724151139613
BRA,Male,IHD,glp1,60634.4454384929,150.61284451214306,2378.876762814616,150.61284451214306,649.1714027206763,1094.6719299711694,1473.7049807612493,1705.5204260045575,1831.1085018091253,1904.248872424374,1954.9201599983935,1996.1904687899223,2033.2672710766637,2068.1475619997364,2101.56986228624,2133.7795428390527,2164.821055416338,2194.6482663055504,2223.1660127469368,2250.2459952840873,2275.7333198141714,2299.4498680242395,2321.1968629107287,2340.7575569263427,2357.9004118624434,2372.3829043834994,2383.95597420758,2392.3690599672846,2397.375615904486,2398.738963158423,2396.238300704921,2389.674682867946,2378.876762814616
BRA,Male,IHD,diet,8911.712626761931,0.0,531.8330768501619,0.0,4.685199460305739,11.745168813271448,22.162501082013478,36.874964336835546,56.43660231499234,80.72148641142121,108.89773020350549,139.70285808006884,171.8156587954145,204.11626820566016,235.78054634867294,266.2626394386316,295.2331821904372,322.5140111151268,348.02527747213026,371.74747211809154,393.69590043017524,413.9042047467083,432.4140288622293,449.2687105469522,464.50957909956924,478.1739404433465,490.29417156407726,500.8975620518613,510.006672599382,517.6400583222567,523.8132493124576,528.5399055461749,531.8330768501619
BRA,Male,IHD,combo,69371.95155515292,150.61284451214306,2901.6480010745,150.61284451214306,653.8175280428404,1106.2573611329426,1495.4646082752588,1741.6194400274835,1886.2753634294786,1983.1040350759577,2061.281020414215,2132.6475768907403,2201.1242796094593,2267.615420782997,2332.053661296435,2394.148952605712,2453.6210027430934,2510.246300589686,2563.848322829901,2614.276517464139,2661.3880089969025,2705.034911517636,2745.0568010618153,2781.277225020778,2813.5032374061702,2841.5272036645038,2865.130330916494,2884.0875170673244,2898.1731885253103,2907.1678325333633,2910.8649445766932,2909.0781170689443,2901.6480010745
BRA,Female,IHD,glp1,52389.83904199825,106.36630377881374,2296.4095532498905,106.36630377881374,464.8638955820061,794.3795349261345,1085.4538914159057,1275.8546928909054,1391.4641219460755,1469.6240779059299,1531.5667012290942,1586.5847962091502,1638.3322449391271,1688.1482959139248,1736.474925807328,1783.418390006511,1828.9643805222295,1873.0581230640528,1915.6325650598592,1956.6166939357208,1995.936254781438,2033.5116192021233,2069.2547356627183,2103.0660389110417,2134.831793598729,2164.4221741096117,2191.690284719676,2216.4722482701327,2238.5884216222476,2257.845729582157,2274.041047221952,2286.9655059337674,2296.4095532498905
BRA,Female,IHD,diet,7842.043823859989,0.0,498.14601191409747,0.0,3.8676751968450844,9.64198503359512,18.154674412988243,30.20643602781638,46.2904077173298,66.34544262518466,89.72920207826246,115.4408151628013,142.4255984548363,169.78878264031664,196.87267491046805,223.2418021842168,248.63208378058334,272.89782988018123,295.9694432350225,317.8235745145066,338.46343404619256,357.9062888897606,376.1756774368114,393.2965935907996,409.292504337267,424.18350407692196,437.98519852182653,450.70809020177694,462.35734237046563,472.9328549528145,482.42961350787664,490.8382821584237,498.14601191409747
BRA,Female,IHD,combo,60077.40209764835,106.36630377881374,2785.7605672694335,106.36630377881374,468.69931471884775,803.8905886157445,1103.2793869613815,1305.4276937384711,1436.7175224814273,1534.443236172403,1619.2171443779953,1699.3592853931623,1777.4959554355737,1854.093000801513,1928.9489974341705,2001.7428423871606,2072.199757773342,2140.1199763548066,2205.365839778664,2267.8410898350558,2327.472412177769,2384.195108944972,2437.9424379426637,2488.6377994861687,2536.189142409319,2580.485214200802,2621.3934635063197,2658.7595015987317,2692.4080614528066,2722.1453818568843,2747.762908854813,2769.0421619091358,2785.7605672694335
CAN,Male,IHD,glp1,13652.016438059367,42.9492855209719,472.99392507381344,42.9492855209719,180.39654514580616,298.05190376771134,392.94947377359495,445.8264036765795,470.12843636424077,481.12933739583605,486.85403213795144,490.57282258621126,493.4571454667639,495.8755094479857,497.9149212076409,499.57467202517,500.83441364899045,501.67634287207693,502.0913746344777,502.0800409527001,501.65176074532064,500.82360023613364,499.61881143948995,498.0652094167526,496.1934207878039,494.03505850516376,491.6209012916697,488.9791670435625,486.13396739654127,483.1040188443767,479.90166806309935,476.53226859093047,472.99392507381344
CAN,Male,IHD,diet,652.5525902252266,0.0,39.07660784672407,0.0,0.31990863975079264,0.8111002167133847,1.5488625414654962,2.6071603307100304,4.032123973382113,5.8176873037773476,7.9019557042011,10.188042541620234,12.57358877039951,14.9718246618977,17.31926286332964,19.57422143016811,21.711749784222775,23.718384648782376,25.588047769113473,27.31924574668301,28.913307950861054,30.37333027103159,31.70355164293869,32.90897357347785,33.99510409574941,34.96775898489068,35.83288679613179,36.596404794516275,37.26404427102534,37.841209270558466,38.3328546492703,38.74338915183398,39.07660784672407
CAN,Male,IHD,combo,14291.19977304642,42.9492855209719,511.3365460352579,42.9492855209719,180.71378577654104,298.8519603400382,394.4701128342276,448.3785406779207,474.0696053041029,486.81225097549395,494.5716173240253,500.52375111506626,505.7402612403639,510.504878656433,514.842455786802,518.7113661254989,522.0666652599284,524.8771783339835,527.1276786767157,528.8170562164996,529.955866641445,530.5640588890637,530.6689030303278,530.3029944051268,529.5022507981412,528.3038919812752,526.7444472341886,524.8578673988995,522.6738271219874,520.216296578863,517.5024461269422,514.5419266402896,511.3365460352579
CAN,Female,IHD,glp1,8800.847478339765,30.80718579585664,321.50462862425775,30.80718579585664,124.27486139242683,198.21944939095556,254.52456943362267,282.96141870515567,294.03249563363715,298.0618335738145,300.0555256241132,301.82343099913123,303.8539055213878,306.1752855022205,308.6840155628379,311.2574450445936,313.78782553610654,316.18943346578453,318.39748820150635,320.3652028543256,322.0608826108146,323.4654749586989,324.57051749940365,325.3763370083834,325.8903774579958,326.12558499316947,326.098824023411,325.8293323259859,325.3372438975457,324.6422183545146,323.762217605763,322.712466742345,321.50462862425775
CAN,Female,IHD,diet,456.88548991148855,0.0,28.066141603871074,0.0,0.2356278820807347,0.5764212738286005,1.0766788684522908,1.7884596285512089,2.7449918233141943,3.944818511721678,5.349303793063882,6.896265974370181,8.519401962541451,10.162152192737267,11.782758751662186,13.353311887414748,14.856469018923235,16.282091998866235,17.624648704208084,18.881472153629147,20.051697529830562,21.135656135782483,22.134545108438033,23.05024620155382,23.885213442204986,24.642383372316544,25.325084358162712,25.93693584846187,26.4817370016317,26.963348711702565,27.38557511095496,27.752051061212114,28.066141603871074
CAN,Female,IHD,combo,9248.197129200264,30.80718579585664,349.02088940695467,30.80718579585664,124.5085241593697,198.78804263752681,255.5816971168606,284.7122702756715,296.715772344025,301.9155129503706,305.28025731999514,308.5593576329338,312.1764968082207,316.10474434169373,320.199661073937,324.31119986505655,328.3145251563983,332.1138672295456,335.6389102071116,338.8401451098507,341.68492986641286,344.15444643258525,346.24132463136993,347.9476630179779,349.2832462549959,350.26384173657425,350.9095265634314,351.24304375973225,351.28821582565433,351.0684583106995,350.60544004394615,349.91793332550515,349.02088940695467
TUR,Male,IHD,glp1,41701.149867192275,101.67022063066543,1679.6798793199705,101.67022063066543,444.31681201384345,750.3602169009828,1009.7652361596847,1165.8950032392313,1248.6261673572153,1296.3391671266581,1329.8950090998696,1357.9465484237153,1383.6465980000503,1408.0433540700906,1431.4640805280505,1454.0224882267794,1475.7840836356045,1496.806587079016,1517.1389028223784,1536.8095766144397,1555.8155518673884,1574.1144623618457,1591.6209324348165,1608.2064208538213,1623.7019022254972,1637.9026908275264,1650.5748052589624,1661.4623808357283,1670.2957337957632,1676.7997579315997,1680.7023890429846,1681.7429085080948,1679.6798793199705
TUR,Male,IHD,diet,-932.6190824931764,0.0,-56.33413233036117,0.0,-0.5844937287838547,-1.4080316972103901,-2.5792196057445835,-4.19943898418569,-6.321986988128629,-8.921381207750528,-11.895575739588821,-15.101563259857357,-18.398468919156585,-21.674604670290137,-24.854522854206152,-27.894048766160267,-30.77154305431759,-33.47979867490358,-36.01994360299432,-38.397305420425255,-40.6187779843749,-42.69122694457474,-44.62058051954955,-46.411362953920616,-48.066511948694824,-49.587378183263354,-50.973841698345495,-52.22450300730998,-53.336921191672445,-54.30788011501136,-55.13366929073527,-55.81036915165896,-56.33413233036117
TUR,Male,IHD,combo,40784.23266726607,101.67022063066543,1624.1378528296918,101.67022063066543,443.73719290966983,748.9710232520156,1007.2315518971591,1161.780282886466,1242.4387739833037,1287.6105494831863,1318.2554381954833,1343.1657312285242,1365.6320102621248,1386.8119921174366,1407.1071841842495,1426.6750134318427,1445.602649012857,1463.9553069843678,1481.7811682266474,1499.103878949114,1515.9138882969419,1532.1623100125435,1547.758122559797,1562.5684798015282,1576.4215805588901,1589.1115012241353,1600.4044534860877,1610.0460153029999,1617.768966395175,1623.3014274360758,1626.375051626761,1626.7330501003307,1624.1378528296918
TUR,Female,IHD,glp1,31605.16949659415,77.69762076895859,1395.976937553627,77.69762076895859,334.1736494280267,555.163593854486,737.7202344650432,842.9239506801605,895.5056906279497,924.9050483101091,946.6525033560902,966.8745280411968,987.5171807355509,1008.9624506614709,1031.0938406615605,1053.6883399355283,1076.5441346557345,1099.5102003974607,1122.4818950755725,1145.3866411462077,1168.1684848683362,1190.7745508059452,1213.1442579795112,1235.2013734140346,1256.8486978445726,1277.9650886189047,1298.4045077376504,1317.996793625658,1336.5498756628658,1353.8531726564252,1369.6819363295654,1383.8023166959465,1395.976937553627
TUR,Female,IHD,diet,-791.2487376797071,0.0,-50.175449591188226,0.0,-0.47834319363028044,-1.1531751905422425,-2.1166011061432073,-3.4529121956729796,-5.206654591253027,-7.356593042197346,-9.817146782777854,-12.46846141894639,-15.19324540582602,-17.899973336796393,-20.528736308944644,-23.04657308931928,-25.439561189967208,-27.705609216587618,-29.849159952791524,-31.87771219202841,-33.79969010621426,-35.62320166162681,-37.355347935590544,-39.00186295271851,-40.56695024193323,-42.05323854307062,-43.461813046902535,-44.792298006563215,-46.042977178658475,-47.21094403069583,-48.29227623112092,-49.282229939999525,-50.175449591188226
TUR,Female,IHD,combo,30827.414906617007,77.69762076895859,1346.5480359633948,77.69762076895859,333.69929557319847,554.0258753240414,735.6411056998331,839.540934379278,890.4102869654162,917.7079424746989,937.0471866017397,954.6713023946722,972.6410507472756,991.428219117639,1010.9753536059288,1031.092183965433,1051.590993544145,1072.3232223387458,1093.180227702076,1114.0823701046756,1134.965664716059,1155.7694608863094,1176.4263444373937,1196.8545531389682,1216.9528307199944,1236.5975003307394,1255.6414881523524,1273.9150194952817,1291.2277197592484,1307.371869408118,1322.1265794649662,1335.2626688364253,1346.5480359633948
ZAF,Male,IHD,glp1,7746.651272337538,26.19715094201092,298.3148020894587,26.19715094201092,109.14602713112254,178.56425708600545,232.7845788695795,260.69087880878214,270.9915234199325,273.2864968285903,272.6570150271291,271.23663443842815,269.83897752460325,268.7517441508462,268.06112490536907,267.7775804229095,267.8841629319977,268.3551280878746,269.16295374370384,270.2806319129231,271.6819141780288,273.3406341395312,275.22963882586555,277.31962129752355,279.5780358447264,281.96821485262626,284.44876395623214,286.97327935946305,289.4904044551149,291.94422070821383,294.27494949716856,296.4199269017772,298.3148020894587
ZAF,Male,IHD,diet,501.8166679585356,0.0,32.76056578191492,0.0,0.22954389036021894,0.5748021069175593,1.0909205000189104,1.8327522031959234,2.836584496923024,4.102534642934188,5.590862898130581,7.235664067346079,8.965518932964187,10.718975758216402,12.45086660490415,14.131957650410186,15.745690347968775,17.28446634897773,18.746514971997385,20.133569037818233,21.449247398773878,22.69796440311984,23.884204698799294,25.01204409831189,26.08483667414839,27.105017718193267,28.073991890523757,28.992088035753113,29.85856907512789,30.67168893686903,31.428789990211953,32.12643479770486,32.76056578191492
ZAF,Male,IHD,combo,8238.209151350531,26.19715094201092,330.4556289179782,26.19715094201092,109.37365664628123,179.13123604570683,233.85562438591478,262.4849329401586,273.76403754665625,277.29380050617146,278.1171200152403,278.3035001950702,278.59696933177474,279.22522849233246,280.2302666005089,281.5938383976063,283.2826391827766,285.2633147476372,287.5064374932517,289.9865375415029,292.68077214793084,295.56718337694474,298.62291950428335,301.8225967836297,305.13690557871814,308.53153110311905,311.9664356650028,315.3955283598516,318.7667281400136,322.0224074567377,325.10018684758325,327.9340364581367,330.4556289179782
ZAF,Female,IHD,glp1,6971.390641319218,21.31647022965626,278.8308706797943,21.31647022965626,88.57200575748902,145.37978715129793,190.5307444551563,215.06893703685273,225.7942850918189,230.23089365718806,232.3426878466944,233.7770855606086,235.14875844044036,236.66358672242131,238.37239478012452,240.2687667373848,242.32650653231758,244.5142550351884,246.80137396829923,249.16033128411982,251.56753763445886,254.0033850154632,256.4518077382163,258.8995335721538,261.33513937228963,263.74800512900583,266.1272496306774,268.46072167746934,270.7341105182404,272.93022742012727,275.0284972715199,277.00468537274355,278.8308706797943
ZAF,Female,IHD,diet,351.31094750380726,0.0,23.787308407792807,0.0,0.15974646742506593,0.3930005072415952,0.7365670270119153,1.2268134935311537,1.8883951945063018,2.7233194939617533,3.7086021377872385,4.804619355860268,5.967720444314182,7.159693409405008,8.35168466470168,9.524108496056215,10.664816556090955,11.766996476975692,12.827415127154381,13.84513528932257,14.820639607827616,15.75524974873042,16.650740425782715,17.509074464904188,18.33221026775027,19.12195244373106,19.879829886014704,20.606994295370896,21.30413736005721,21.971427530381334,22.60846838334328,23.21428054077478,23.787308407792807
ZAF,Female,IHD,combo,7314.893780485683,21.31647022965626,302.11210841401044,21.31647022965626,88.73041995388121,145.76741973325807,191.25379599788175,216.26955517895112,227.63935639488773,232.88970339538537,235.96234284796265,238.46617069360946,240.9733332216565,243.65243442618703,246.5261118365779,249.5687793918314,252.74231456365487,256.0086346274584,259.333872611116,262.6895140154011,266.05238023327365,269.40410108516335,272.73029916564883,276.01958209315853,279.2624096714244,282.4499014612302,285.5726526498838,288.61962535250314,291.5771772861008,294.4282806615556,297.1519721650202,299.7230611273535,302.11210841401044
MEX,Male,IHD,glp1,43598.15844035825,121.17420902273443,1785.7139918026514,121.17420902273443,503.0335298728023,821.3523457685224,1077.6941032508475,1221.5194613291387,1290.9574449358624,1328.1274520638544,1354.7759216778213,1379.4303562562854,1404.8123175330547,1431.445447158083,1459.1100683511468,1487.385029929821,1515.8361694685736,1544.0734786165121,1571.761386793034,1598.6136034582305,1624.383991408322,1648.8574881006207,1671.8423342065216,1693.1638685811195,1712.659805847492,1730.1768148677656,1745.5682084715809,1758.6925774954725,1769.4132317362964,1777.5983368517045,1783.1216553391569,1785.8638101632241,1785.7139918026514
MEX,Male,IHD,diet,-1162.7574168459687,0.0,-72.48031745501794,0.0,-0.5399003437341889,-1.3711608013109071,-2.6230114095960744,-4.422579113524989,-6.850243016917375,-9.8981966215797,-13.46393166919006,-17.38537877969793,-21.491121025464963,-25.63644527371798,-29.716629688206012,-33.66443805079325,-37.4412736697268,-41.02788648486603,-44.41695651928603,-47.60790970049857,-50.603578102760366,-53.40817624956253,-56.02614393737167,-58.46153032880102,-60.717702763940906,-62.79724350151082,-64.70195143748424,-66.43290044936293,-67.99052748912072,-69.37473644397687,-70.58501120218716,-71.62053531676065,-72.48031745501794
MEX,Male,IHD,combo,42456.51061128275,121.17420902273443,1714.3529431156494,121.17420902273443,502.4981322489184,819.999780270271,1075.1185073237139,1217.1890836074308,1284.2591808752913,1318.4537398647517,1341.617978263006,1362.4368910668709,1383.7991298458655,1406.369732684907,1430.0316299949918,1454.4298141643667,1479.1683473469311,1503.8765422293218,1528.22645743053,1551.9327905896498,1574.747012246531,1596.4502678569988,1616.8467427927972,1635.7580653896002,1653.0188749387016,1668.4735062311083,1681.973682041702,1693.3770939360547,1702.5467603775614,1709.3510649286764,1713.6643891618587,1715.3682614359568,1714.3529431156494
MEX,Female,IHD,glp1,35128.1789554468,100.7402886500713,1622.6840713411657,100.7402886500713,403.90559907705756,639.4327003468279,821.262866175377,916.2659924226464,957.9906615485015,979.725294329306,997.6153373121342,1017.3879571641082,1040.4261970620137,1066.5935985137621,1095.3229957423318,1125.995563695018,1158.0559541553812,1191.0351632154925,1224.5439513893216,1258.2588829572487,1291.9082232433284,1325.2596971826715,1358.1103640607034,1390.2783553068439,1421.5961387079878,1451.9050219010242,1481.0506887509982,1508.8796396613034,1535.236469560361,1559.9619617277785,1582.8920011845476,1603.8573190614843,1622.6840713411657
MEX,Female,IHD,diet,-994.2408191968279,0.0,-65.93203137007367,0.0,-0.4536547041643644,-1.1428413083776832,-2.176283606218931,-3.6607393971353304,-5.662258275566273,-8.171016566629987,-11.097447555293911,-14.304776587472588,-17.65335638624674,-21.03074302850291,-24.360845745439292,-27.599452989947167,-30.725062026496744,-33.73020667045785,-36.615052107328665,-39.38326915993821,-42.0396273262304,-44.5887153071526,-47.03433624164609,-49.37927606192534,-51.62526052950125,-53.772995690989774,-55.82223616034025,-57.77185526340327,-59.619908010892686,-61.3636870393093,-62.99977616601973,-64.52410791412694,-65.93203137007367
MEX,Female,IHD,combo,34151.398798122806,100.7402886500713,1557.7710497812222,100.7402886500713,403.4557278119464,638.3052648094817,819.1254991777532,912.6803625399407,952.451362756954,971.7346952388907,986.7622229629924,1003.3942183268518,1023.1501051103405,1046.0035702746973,1071.4622674881684,1098.9511051975423,1127.9362573089893,1157.9564626860374,1188.6226925379015,1219.6082261103002,1250.6369113467808,1281.472186090541,1311.907554650621,1341.7585605706554,1370.8560993014835,1399.0408869210514,1426.1589333122101,1452.0579166313837,1476.584401957094,1499.5818823609297,1520.8896417143987,1540.3424444955745,1557.7710497812222
AUS,Male,IHD,glp1,9167.403561972618,21.47497987326824,365.37645883309233,21.47497987326824,93.59867101360032,158.3725635513929,214.129540924685,249.06979940537713,269.0817666285511,281.842654691387,291.5051949843328,299.76596494545447,307.2228615890963,314.061831446812,320.3353424867346,326.06308964107666,331.2638204071627,335.9625336024328,340.1898709197085,343.9796998335987,347.3667917776147,350.3850309111658,353.06611895863534,355.43863573159615,357.5273292082129,359.35255266202876,360.92980795947005,362.2693849946336,363.37610660314385,364.2491979918814,364.882301996804,365.2636583996682,365.37645883309233
AUS,Male,IHD,diet,1860.5492208591859,0.0,110.5115461688656,0.0,1.12524949366707,2.7450714897786384,5.115786703410777,8.467540104029467,12.922410435732672,18.42111524497159,24.72289814531905,31.48732482347259,38.37903532473865,45.13607178757229,51.58844420975947,57.64526931038563,63.27163730422035,68.46721421340044,73.25051798422646,77.64875500551352,81.69182301036926,85.40905222512083,88.82759973144493,91.97177464672131,94.86285006243634,97.51910533230694,99.95596012549868,102.18613216731683,104.21979104520142,106.06470249974882,107.7263686048318,109.20817365912444,110.5115461688656
AUS,Male,IHD,combo,10992.775238751461,21.47497987326824,474.005204858393,21.47497987326824,94.7145360286504,161.0805996617637,219.15355521321362,257.36253072530235,281.7208724454358,299.85166419475354,315.67451616392646,330.55426295939105,344.76103910896563,358.224063173624,370.8285872098568,382.50431801646846,393.234814724201,403.0438569281541,411.9794844620883,420.1016284440084,427.47389687091345,434.158566205082,440.2136891469527,445.6914735682549,450.6373720945958,455.08954820053987,459.0785413758058,462.62705383117645,465.74984034589943,468.4537143142734,470.7376962462804,472.5933323602221,474.005204858393
AUS,Female,IHD,glp1,5388.410327711079,15.179421484135673,229.79828849039404,15.179421484135673,61.58725257660262,97.97574193631044,127.02809290000187,143.27698363234776,151.52069788860717,156.62590632894535,160.90965818275617,165.15293272965027,169.51798328358564,173.96778108923354,178.4216886826507,182.80528985947603,187.0623024970664,191.15426698687588,195.0571049859809,198.75751573656635,202.2500048181846,205.5346168898359,208.61523879144806,211.49831134629858,214.19181429968376,216.70442603557785,219.04479410341082,221.22088050841012,223.2393669056055,225.10511996282366,226.82072704037455,228.38611773823868,229.79828849039404
AUS,Female,IHD,diet,1271.6218896260689,0.0,76.2260998049187,0.0,0.9342697577194485,2.1385550412851444,3.8211233217043628,6.1492084955534665,9.204924234776627,12.942361805213295,17.193749272350033,21.729610761838558,26.330571513304676,30.830829294513023,35.12689602842693,39.166238126799726,42.930697721114484,46.42232997529209,49.653634154474275,52.64162134167418,55.40454526310168,57.96026605199404,60.325529937697866,62.51572022949222,64.54482397701213,66.42547670848035,68.16901695215893,69.78552129341915,71.283811991314,72.67144033264412,73.95465436435734,75.13836187343804,76.2260998049187
AUS,Female,IHD,combo,6636.217069515142,15.179421484135673,304.70236541191116,15.179421484135673,62.51373060936203,100.08570706171486,130.7816084576698,149.30140766443765,160.52779254406596,169.2850350113349,177.72741284185395,186.41196917508933,195.28624967047108,204.15046522253033,212.82195479425536,221.17409953024253,229.1321325068875,236.65901662571378,243.74244789520162,250.385430119999,256.6000821679809,262.4037483572047,267.81657921135593,272.8599861276489,277.5555836823369,281.92438577805115,285.9861241008002,289.7586236252191,293.25721205547234,296.49416625581034,299.47821405495597,302.21411747142884,304.70236541191116
NZL,Male,IHD,glp1,2601.4101750431983,5.72741477565296,101.26430230014739,5.72741477565296,25.812332347768915,44.65785277125724,61.222380259788224,71.827245497072,77.95777422529864,81.79116980131039,84.56693795427782,86.82790975543594,88.79072272404574,90.5408072315413,92.11440533739278,93.530111291102,94.80032407505405,95.93516862204979,96.94374087614688,97.83446565807026,98.61518559866545,99.29317098957472,99.87509486109411,100.36697633274707,100.77409007905771,101.10084512294907,101.35064293635605,101.52572993963622,101.62706215478465,101.6542000099771,101.60524945223642,101.47686206270737,101.26430230014739
NZL,Male,IHD,diet,365.279687020065,0.0,20.66308134411065,0.0,0.2680067707597118,0.6406496290942414,1.1683153278736427,1.8952522772124212,2.8412701265524447,3.9878946392636863,5.280717031601853,6.647807003365415,8.021181511055147,9.349727293133583,10.601822810053818,11.761919307431526,12.825440419835104,13.794311555488093,14.673787236153657,15.470468590579003,16.191183138816996,16.842415700505626,17.4300610182936,17.95934828393183,18.434847337483006,18.8605061186272,19.23969385356304,19.57523927839975,19.86946154088946,20.124195717626208,20.340816694040768,20.52026546432353,20.66308134411065
NZL,Male,IHD,combo,2960.3462037304603,5.72741477565296,121.62026233375764,5.72741477565296,26.078103966393428,45.289892146091915,62.36990434425934,73.68386301804185,80.7378446472676,85.69186711758084,89.73269083818013,93.33296899203287,96.6427952233098,99.69740493099562,102.5018385487856,105.05920085493199,107.37716189173352,109.46752065223791,111.34434834372405,113.02240180715216,114.51610923100361,115.83901604659422,117.00351190880156,118.02069548175132,118.9002864661079,119.6505384870552,120.27813758105367,120.78809066784834,121.18361927535625,121.46607828792094,121.63491946953673,121.68771639530132,121.62026233375764
NZL,Female,IHD,glp1,1678.559929287369,4.011762895715492,70.15911412598143,4.011762895715492,17.497325824615018,29.18221106491046,38.87729595716655,44.60537170501402,47.661272380799346,49.54042945602805,51.0132915621989,52.37550173682666,53.717381738528275,55.05450834760677,56.379070953463724,57.67805124523875,58.93898342476223,60.151408238849854,61.30698503427948,62.399275366268284,63.423504524301734,64.37636532299939,65.25585540393467,66.0611248249661,66.79231470156628,67.45037598642875,68.03686549676468,68.5537227210043,69.00303554351922,69.3868059141846,69.70672782835027,69.96398996109565,70.15911412598143
NZL,Female,IHD,diet,269.80059243663345,0.0,15.760948353992717,0.0,0.20391489625399117,0.47273985693072973,0.8461836631804545,1.3584184302717404,2.026008118174559,2.8380641760745675,3.757649101609786,4.7348161164595695,5.722042341503311,6.683565403819102,7.597270404214214,8.45221552878138,9.244975052955851,9.97647330920472,10.649778241563581,11.268760731084512,11.83737209990386,12.35930960549149,12.837902158191355,13.276107594009773,13.676556452836849,14.041606106487961,14.373387104479662,14.673834393126072,14.944702273282019,15.187565344224822,15.40380932842163,15.594616250103172,15.760948353992717
NZL,Female,IHD,combo,1943.5181330422088,4.011762895715492,85.6657986834789,4.011762895715492,17.69954008914783,29.648622074830655,39.708501575675655,45.93625839626702,49.64388028413305,52.31672836579082,54.68942189493555,57.008856741303134,59.31882814238861,61.59978853885832,63.822105634535546,65.96186544235206,68.00308073175665,69.93605780845928,71.75535020175266,73.45822623028926,75.04371792359461,76.51209215778681,77.86457178652518,79.10317733735292,80.23060625274638,81.25010316203043,82.16530032550008,82.98002440147548,83.69807641256557,84.32299802704256,84.85784025890962,85.30495126500864,85.6657986834789
ROU,Male,IHD,glp1,11288.358863475249,45.33007638890922,329.8439451795457,45.33007638890922,194.0468078507729,315.40337195410757,410.2515936595446,456.59914093486077,470.6136405927391,469.92543547531386,463.5118954422942,454.980781152688,445.72162633756307,436.342088947662,427.18680751237844,418.4945263712507,410.43376844555314,403.1064101268821,396.5485406888838,390.7359650178623,385.5943130011037,381.0117562955202,376.85228393241414,372.9680166303515,369.2096471781588,365.4346071929176,361.51293362825163,357.33104684232967,352.7937795279977,347.8250405955805,342.367486787949,336.3815297838628,329.8439451795457
ROU,Male,IHD,diet,214.95102564467743,0.0,10.431339588460105,0.0,0.23424672685359837,0.538261920093646,0.9554973853264528,1.513255690351798,2.2155464156858216,3.0356349195426446,3.9222577666369034,4.817036257518339,5.671184458238713,6.453297854939592,7.148784207594872,7.755365849676309,8.278143634976004,8.725726033051615,9.1076718520344,9.433009081480122,9.70950460505992,9.943411332344112,10.139496100575343,10.301216805575677,10.430964544284507,10.53031901565555,10.60028721654453,10.641509929482709,10.654429937378154,10.639421845484321,10.596886879258818,10.527317790572852,10.431339588460105
ROU,Male,IHD,combo,11500.310477938696,45.33007638890922,340.1687512979406,45.33007638890922,194.27910098119173,315.93461983492307,411.1909202273491,458.0835788904151,472.7853143405191,472.9009233731085,467.35781441279323,459.7065410060786,451.28862969656257,442.6806547907254,434.212624774751,426.1207598839028,418.57835612045164,411.69557167392486,405.51777152707655,400.02956406874,395.1641793059425,390.8159241287067,386.85347452109636,383.13235588905445,379.50561603185633,375.83223981081755,371.98324893182144,367.84568289919116,363.324794025124,358.3448400964662,352.84885051164747,346.7976984976085,340.1687512979406
ROU,Female,IHD,glp1,9403.275331434947,46.62220121611608,297.55166081674906,46.62220121611608,187.670279598271,285.8138894818985,353.50717461970635,377.17504606297007,377.1036256163934,369.895062490712,362.14565928316733,355.4647342519056,349.83862959354883,344.92950617618044,340.4579672437758,336.27002834963787,332.3132167140211,328.59620043995164,325.1539600393771,322.02326452590205,319.2278313361312,316.77110981498845,314.6344931994936,312.7790480913318,311.1492456304768,309.6775718209756,308.2892420335156,306.9065308220779,305.4524501357264,303.8536709833206,302.0426934887546,299.95933755786973,297.55166081674906
ROU,Female,IHD,diet,216.9235452695866,0.0,10.518303418437426,0.0,0.2752537171218137,0.6106211278165574,1.0678586995200021,1.6732261193137674,2.425975931000721,3.291268719935033,4.210195619332808,5.120537189639435,5.973904746751941,6.741649120162037,7.412274803373293,7.985961388065334,8.469573933001811,8.873142854408798,9.207672935812298,9.48388042685474,9.711514942253416,9.899036142021941,10.053504390172748,10.180600963565666,10.2847259810369,10.369140645223524,10.436131153466704,10.487178471033985,10.523122985810915,10.544316762930976,10.550759054258378,10.542213027263642,10.518303418437426
ROU,Female,IHD,combo,9617.374327598816,46.62220121611608,307.95991928323565,46.62220121611608,187.9432377243902,286.41674845720627,354.5576116421362,378.81794106513917,379.48438749756315,373.12553631827905,366.2800565623984,360.4960864053064,355.71217936653557,351.56201259954105,347.7545546958863,344.1356995573151,340.65948181877684,337.3442501288446,334.23568070384135,331.38100369338645,328.8134866990913,326.5448905567864,324.56356477842564,322.8361891238019,321.31159476297034,319.92550965033297,318.60543076179965,317.2751186083842,315.85843609372387,314.2824193920824,312.47958130439656,310.3895171311233,307.95991928323565
BGR,Male,IHD,glp1,4781.207179337218,19.95863418153931,129.22627289225966,19.95863418153931,84.69952304825529,139.3149274374373,182.2876417972584,203.71363769560594,210.26910645359203,209.74267614696691,206.30844569475084,201.74091187619888,196.7566101372704,191.6661761918731,186.62996245349677,181.74796204030645,177.08863853554976,172.69743583687705,168.5996275173802,164.80229186350698,161.29666569619985,158.06096352366694,155.06343286337687,152.26538947838344,149.62403440899106,147.0949270010533,144.63405153725398,142.19946355288266,139.75253544641782,137.2588416081071,134.68873362037266,132.01765880038693,129.22627289225966
BGR,Male,IHD,diet,755.6166345765832,0.0,36.56687914957729,0.0,0.7138314390631422,1.7113528300196776,3.1173610222867865,5.024406255359281,7.454527183455866,10.324437608223889,13.459522477902283,16.652246185831245,19.72338408294854,22.5534420664153,25.08311218986819,27.298054148330266,29.21131237073132,30.84943196293716,32.24336511822912,33.42326566299744,34.41591629587492,35.24376306379054,35.92485561320973,36.473253597390794,36.89963783388339,37.21197702828067,37.41616890415207,37.5166150478417,37.516712572100005,37.41925945804178,37.22677808349363,36.941765324347216,36.56687914957729
BGR,Male,IHD,combo,5525.037226094777,19.95863418153931,165.35531419966537,19.95863418153931,85.40740119792463,141.00347559705006,185.3503941696963,208.63801896155383,217.56802443552988,219.84988384322787,219.48790889908378,218.05369044586405,216.0878739523214,213.7832448671088,211.24108309844632,208.54640404722704,205.7796831669184,203.01179863853213,200.29795703411583,197.67453278942412,195.1588616855497,192.75107846463288,190.4370851681124,188.19196355093482,185.9833764908526,183.77468519094873,181.52763900484388,179.20458297469668,176.77018520373167,174.19272046894912,171.44496448283462,168.5047598834608,165.35531419966537
BGR,Female,IHD,glp1,3873.938864512387,18.289236798013008,110.47012577954592,18.289236798013008,75.04315976301223,118.59420134693573,150.60969640932854,164.26617887449174,166.56990419835893,164.32931807891873,160.7737537854482,157.04138947501633,153.44585623699822,150.03667732970462,146.79943209952762,143.71626393450606,140.77871357107324,137.9864348317442,135.34304361613795,132.85244057345335,130.5163160723605,128.33275782585406,126.29570230349418,124.39497458999904,122.61670849042093,120.94398832088882,119.35759619736928,117.83678285885435,116.36000714806687,114.90561029909259,113.45240701415241,111.98018668961959,110.47012577954592
BGR,Female,IHD,diet,700.3526875483094,0.0,33.67788651016781,0.0,0.6926390652624832,1.6187212084205385,2.9170911665369204,4.693402534816414,6.986014945057832,9.726575730444893,12.747193757904824,15.836506563731746,18.804534246177354,21.519843021687848,23.91412507945097,25.968553918324687,27.696037990044715,29.126445269579563,30.29649938861803,31.24368508758198,32.00295403281416,32.60518461806714,33.07666438683009,33.43913421858997,33.710120753803494,33.90340072938852,34.02951015142753,34.09625084790241,34.109169276805915,34.07199506501456,33.98703395548364,33.85551402837336,33.67788651016781
BGR,Female,IHD,combo,4563.552188521411,18.289236798013008,143.71327359364113,18.289236798013008,75.7300222813592,120.19162698936998,153.47667254906264,168.86841583940986,173.414230403665,173.8577743203441,173.2650371219479,172.56742354116977,171.89198643211603,171.15851419871615,170.28450202593922,169.23255002836413,168.00595022726884,166.63296764355619,165.1527732270897,163.60575370668812,162.02774252254858,160.4470764918624,158.88350604057996,157.3482523250368,155.84473401996547,154.36965069778125,152.91422002293075,151.4654392234752,150.00729048368885,148.5218434613853,146.99023117723846,145.3934911271972,143.71327359364113
ISR,Male,IHD,glp1,2062.8256428049426,4.603555701897676,89.88377405118354,4.603555701897676,20.02567990630405,34.05165404655736,46.152950098853125,53.75949960631624,58.11544359406207,60.88138829259742,62.97405259509878,64.77961559165078,66.44052183956182,68.00406362539479,69.48483442601173,70.88872810542716,72.22133027516793,73.49020722618843,74.70489727554923,75.87612200907006,77.01482703104011,78.13129572642629,79.23442643264025,80.33119617697866,81.42630346495207,82.52196892907796,83.61786771036714,84.71116733965209,85.79664745018363,86.86688150584087,87.91246492252321,88.92227784836814,89.88377405118354
ISR,Male,IHD,diet,54.67502093864596,0.0,3.600530960698052,0.0,0.027167970498794602,0.06735449863981557,0.12656611113288818,0.2106354879997525,0.3232045734116582,0.4638685996078493,0.6278992121488045,0.8078406055715277,0.9957908071478414,1.185064703880471,1.3708454938973773,1.5501187985491924,1.7212997400401946,1.883814698653623,2.037747180255792,2.183571686355208,2.3219654893728148,2.4536800353780563,2.5794552572169778,2.69996404014546,2.8157777849737613,2.92734680904141,3.0349912638866954,3.13889955247123,3.2391321076584063,3.335628999567234,3.4282202695976594,3.51663820084741,3.600530960698052
ISR,Male,IHD,combo,2116.3902884584636,4.603555701897676,93.41621286621466,4.603555701897676,20.05262129839548,34.11809407971941,46.277221249983086,53.96571799538424,58.43141058350284,61.3345963438469,63.58742797718969,65.56883211359809,67.41354667906899,69.16233052507641,70.82505767833618,72.40465709537557,73.90514389280997,75.33350261053874,76.69933430943365,78.01380860922654,79.28852071825986,80.53447935073837,81.76129977165965,82.97661277674615,84.18567331798567,85.39114151125978,86.59300569995776,87.78861840485752,88.97281940582525,90.13812464082275,91.2749642185172,92.37195703223551,93.41621286621466
ISR,Female,IHD,glp1,1208.3765717514445,3.4759384820163177,53.254589322094034,3.4759384820163177,14.078749107332442,22.512520545972166,29.084042627954204,32.629371702471644,34.30058714865777,35.24246386200343,36.00839054935477,36.7915899618456,37.634722806132686,38.52833134647699,39.44962233178285,40.37645936161016,41.291764557789975,42.184283847881034,43.048003242278355,43.88111194272187,44.684878070168,45.462593025848946,46.218651010611666,46.95778783358037,47.68448090737775,48.40250004450945,49.11459214466231,49.82228006976902,50.5257557253567,51.22384872648763,51.9140543386834,52.592607108013,53.254589322094034
ISR,Female,IHD,diet,36.53702140128871,0.0,2.3138880585424886,0.0,0.02084961197761004,0.05007472577244698,0.09215079107411839,0.15128798848604674,0.23009955765792256,0.3283180343414642,0.4425924491870319,0.5676057360037703,0.697687880331614,0.8280011905571882,0.9550140532337537,1.0764685957924485,1.1911310694727035,1.298508604646031,1.3986084593138912,1.4917559852642626,1.5784641393911443,1.6593420287777008,1.73503130600875,1.8061620913977094,1.8733226782637757,1.9370391614215805,1.9977623836639395,2.055860395831587,2.1116151341370824,2.16522234937338,2.216794050369117,2.2663628909981526,2.3138880585424886
ISR,Female,IHD,combo,1244.1550454924047,3.4759384820163177,55.52291476528808,3.4759384820163177,14.09942483543955,22.561915884796463,29.174522949760558,32.77748536612171,34.52552632204697,35.56321785334467,36.44070976100875,37.34605082729831,38.31637108319501,39.33748485853266,40.38313919926304,41.428977820731234,42.45670172103064,43.45455977567417,44.41653105852038,45.341110743554964,46.2300585592875,47.08725374460073,47.91771221941326,48.72678204619115,49.51951351677371,50.30018973821643,51.071998279604486,51.83682242325767,52.59513077647398,53.34594567973363,54.08687337976062,54.81418182146808,55.52291476528808
NGA,Male,IHD,glp1,17690.74804051098,72.489940769854,826.2871625021435,72.489940769854,288.8424548939947,443.8780424493889,547.8050154706652,582.2689992292435,577.4429082291244,560.1238299409888,542.7626911665575,529.5979097294112,521.5539249714202,518.4246809623583,519.6880469629687,524.7803546457726,533.1769094387564,544.4072046979782,558.0503578426651,573.7261290248498,591.0862788826635,609.8074261370566,629.5854370420275,650.1310968150865,671.1668057203133,692.4241095104517,713.6419470045948,734.5655544941619,754.946001760909,774.5403483760456,793.1124049619248,810.4340668776058,826.2871625021435
NGA,Male,IHD,diet,-691.1910689781944,0.0,-46.46725216040795,0.0,-0.45193367329920875,-1.0496291994859348,-1.8866900923021603,-3.0384214635705575,-4.538862334353325,-6.361042533826549,-8.42273608798132,-10.617560628677893,-12.849324292081292,-15.05085883193533,-17.18574258245644,-19.240939742841874,-21.217728633171646,-23.124414685407828,-24.97154181881342,-26.769157677830663,-28.52546117982274,-30.246277516358532,-31.93498425656435,-33.59265874437551,-35.21831668680534,-36.80917379132006,-38.36089877392078,-39.8678466001802,-41.323271767592814,-42.71952666252764,-44.048251828353386,-45.300564731929626,-46.46725216040795
NGA,Male,IHD,combo,17011.08299546667,72.489940769854,780.5023209759092,72.489940769854,288.394290306489,442.8423552835884,545.9512804928527,579.2910582502955,572.999139514628,553.8976668476826,534.5173187997643,519.2003594066555,508.96547053011454,503.6726792582631,502.83594630828156,505.9047945209895,512.3536392293026,521.7041175184786,533.5252184925484,547.4269955384007,563.053266001858,580.0749983720525,598.1847862827344,617.0923845751022,636.5211780712634,656.2054601585914,675.8884355691989,695.3208984082012,714.2605607211444,732.4720155431569,749.7273125257416,765.8071071935265,780.5023209759092
NGA,Female,IHD,glp1,22459.377135751223,72.5750642731291,1090.141850815955,72.5750642731291,292.2677869801191,459.73954560857237,582.9464234307015,638.1726780234894,652.2733354597585,651.4206729057987,648.4247021287883,647.9887306220044,651.396550088677,658.6913546522628,669.5221452267724,683.4467899439114,700.0326919791623,718.8855077297994,739.6533673719678,762.0232455641817,785.715063034404,810.475269675575,836.0704270370261,862.2809774914494,888.8953465019513,915.7045558014142,942.4975546191563,969.0574808824167,995.1590411336947,1020.567150512783,1045.0369092134642,1068.314917042837,1090.141850815955
NGA,Female,IHD,diet,-842.8165900159875,0.0,-59.54137505077233,0.0,-0.3920393468288239,-0.9302378489810508,-1.7155780376269831,-2.8386534908568137,-4.358518809945963,-6.2783484574829345,-8.541654556778667,-11.054758958314778,-13.718574404541869,-16.45082503402955,-19.19353977866558,-21.91076446594525,-24.582721306956955,-27.200071903273056,-29.75956514216523,-32.261135089429445,-34.706110623716086,-37.09616446123982,-39.432711594919965,-41.716561848210404,-43.947706835017016,-46.12517446171114,-48.24691849591909,-50.30973185594485,-52.309184303318034,-54.23959111640579,-56.09402112526004,-57.864351611729944,-59.54137505077233
NGA,Female,IHD,combo,21630.88994657895,72.5750642731291,1031.4965203541215,72.5750642731291,291.8790172058507,458.8217198489583,581.2610780118339,635.391284790574,648.0077586941843,645.2783716170234,640.0675206776505,637.1696086230731,637.9651364172969,642.5778420969291,650.7136853463307,661.9660516112199,675.9220624629233,692.1968635707744,710.4420822220636,730.3450300928307,751.6245565536447,774.0256634806647,797.3136810365177,821.2683817762954,845.6782962412981,870.3354731909567,895.0309234167362,919.5509702204436,943.6746946502681,967.1726103779947,989.8066363487742,1011.3313613685896,1031.4965203541215
EGY,Male,IHD,glp1,58182.65106639045,198.03218064758403,2129.6016802357044,198.03218064758403,832.3806623134733,1353.847717667435,1763.0883040331391,1969.0268743708293,2039.4136832353252,2049.978577249858,2040.3609486712376,2026.725442988798,2014.949662144907,2006.9834050757054,2003.359016795439,2004.093987928587,2008.9891090978053,2017.7143460944935,2029.8273710244102,2044.7761291983188,2061.9024916237977,2080.451715212286,2099.58811589345,2118.4159193861997,2136.003837623226,2151.411865814065,2163.718872985017,2172.049686347018,2175.600519851927,2173.661761887226,2165.637314546795,2151.0598664463905,2129.6016802357044
EGY,Male,IHD,diet,-1784.5133830584673,0.0,-101.88818272922072,0.0,-1.2286107887048274,-2.906844448982156,-5.313706291373819,-8.669866931100842,-13.080472791218199,-18.470924327149987,-24.593866592651466,-31.113971442217007,-37.71032809611643,-44.13978611494531,-50.251286208978854,-55.97070113226073,-61.276777297927765,-66.17932505600038,-70.70313230255852,-74.87740607158048,-78.7294408113521,-82.28120255318936,-85.54782260855427,-88.53730682691094,-91.2510034358711,-93.68453201613738,-95.82897743015201,-97.67221511990647,-99.20027286451659,-100.39865867205663,-101.25360113286297,-101.75316096397,-101.88818272922072
EGY,Male,IHD,combo,56422.99451874157,198.03218064758403,2028.7176516184409,198.03218064758403,831.1622980272077,1350.979214538398,1757.866442010869,1960.5269856310188,2026.6016102159338,2031.8887657599407,2016.267402537167,1996.229354794952,1977.9666273902985,1963.668251267285,1954.0161213251704,1949.1020316302893,1948.7491318063112,1952.6190417751786,1960.2461124816036,1971.0503616403148,1984.347379668936,1999.3611943705764,2015.2414759454841,2031.08472231208,2045.9584184930718,2058.9269559412205,2069.0780770517013,2075.548676669481,2077.5489047192386,2074.3836547029205,2065.4706840495637,2050.354789719335,2028.7176516184409
EGY,Female,IHD,glp1,43279.07828502418,160.0298948923446,1815.9358997693344,160.0298948923446,628.9105183028878,970.5366700314044,1227.7781209494278,1343.1022942726122,1372.0346017817064,1369.2895352303603,1360.9420970935753,1356.0998974897811,1357.0627568568598,1363.8800419042382,1376.0113914540416,1392.8479400689976,1413.8335186806216,1438.459983231529,1466.232190991068,1496.6338091958023,1529.1027929617703,1563.0178945384687,1597.6952212442557,1632.3932268887875,1666.3244281261286,1698.6721936861577,1728.6110417502641,1755.3289718433225,1778.0504553438223,1796.0588232775917,1808.7169302273542,1815.4851429396658,1815.9358997693344
EGY,Female,IHD,diet,-1520.6812129713362,0.0,-91.31976063756156,0.0,-1.2733525862859096,-2.80042401861283,-4.89470721820544,-7.7578640577849,-11.470206339014112,-15.953163610058255,-20.987861563335173,-26.29477893683361,-31.62040755005728,-36.7849218222691,-41.68741817586124,-46.288551583653316,-50.58846259723941,-54.60846234267228,-58.37834196265612,-61.92845537622634,-65.28516882364056,-68.4684976599674,-71.49111833637289,-74.35824322214467,-77.06804599415045,-79.61244608444395,-81.97812900840654,-84.1477162798401,-86.1010179889563,-87.81631154139177,-89.27159653889248,-90.44578111480223,-91.31976063756156
EGY,Female,IHD,combo,41778.59328879122,160.0298948923446,1725.532016394398,160.0298948923446,627.6477853615361,967.7723424697178,1222.9651867321081,1335.4902658774663,1360.788577608182,1353.648191194632,1340.3568597292615,1330.295675370784,1326.0135186020343,1327.737287417156,1335.0270504855725,1347.3139653559192,1364.0429448061477,1384.6858847950643,1408.7190931360092,1435.5969012224668,1464.731654052841,1495.4825870936038,1527.1533992222248,1558.99740726233,1590.2288792214822,1620.0390818860324,1647.6155989330728,1672.1635307713877,1692.9272661504801,1709.2116200193414,1720.4012660297158,1725.9775566979079,1725.532016394398
BGD,Male,IHD,glp1,54443.240778884065,198.9584507256659,1997.970547545934,198.9584507256659,818.5005050023174,1295.7966393264214,1656.8862383064989,1827.1490550603485,1877.403479961853,1879.9821313341963,1870.594693934443,1862.345113489544,1858.8672373310546,1860.4588310678373,1866.4270187772636,1875.8900894135877,1888.0151954506582,1902.0657934960327,1917.3925874288834,1933.4129721098288,1949.5925460494473,1965.4316970868385,1980.457050713012,1994.2168255496072,2006.2791482649336,2016.2325620727497,2023.6881400956772,2028.2827444614377,2029.6830546765414,2027.5900370991149,2021.7435550428054,2011.926838009531,1997.970547545934
BGD,Male,IHD,diet,36780.32397636741,0.0,1951.5484749108437,0.0,29.07017691413057,69.60714586144604,127.1965420810011,206.62637936067767,309.9031623161427,434.67197834089166,574.4801391034271,720.9136143181822,866.1004384800326,1004.2171174868708,1131.7865841817693,1247.2656097960135,1350.432116494776,1441.8430479325762,1522.4422156107612,1593.3077535548073,1655.503191668453,1709.997506334912,1757.628214219556,1799.0901109836122,1834.93865866735,1865.60132391745,1891.392890769639,1912.5324331654701,1929.1606196947105,1941.3565954339283,1949.1540086170426,1952.5559261509334,1951.5484749108437
BGD,Male,IHD,combo,90696.26572476709,198.9584507256659,3928.3472814890847,198.9584507256659,847.3282392802357,1364.4779984285997,1781.8627653384028,2029.6791633807297,2180.8664853308874,2305.55828574764,2433.21256673678,2568.7271938949707,2708.0275487309264,2845.6818416854658,2977.5493509638763,3101.189061197423,3215.505072216125,3320.267297783488,3415.7198549552704,3502.313034530438,3580.537984202092,3650.833700790041,3713.5410157397273,3768.885725806147,3816.9792119595804,3857.8292338273022,3891.356405799539,3917.4136074096605,3935.806627144455,3946.314948224841,3948.71193095544,3942.7838404922513,3928.3472814890847
BGD,Female,IHD,glp1,31766.174241180728,93.74394525288517,1292.201458979238,93.74394525288517,387.92336636106484,617.3021390705471,802.013027002431,900.7238171649806,943.6380505780689,964.1064687353937,978.794615716848,993.7463958825974,1010.5484255946649,1029.2466114964336,1049.456007974135,1070.7303275541635,1092.6626452463825,1114.8975844031957,1137.1190727330686,1159.0348916010844,1180.3642123562167,1200.8293427186727,1220.1514138276543,1238.049375763323,1254.2416339625634,1268.449697088392,1280.403251031894,1289.8461144047324,1296.542573158251,1300.2836415129714,1300.8928559310298,1298.2312780778448,1292.201458979238
BGD,Female,IHD,diet,23597.641456282065,0.0,1351.1298951805366,0.0,19.11270016121125,44.120171091970406,78.9728323572781,126.80484705010895,188.90252489916747,263.8317062510323,347.68013912845345,435.43404420415754,522.5339021254476,605.7625141385506,683.3611488936149,754.713267908257,819.9281128341099,879.4924894091528,934.0330044601869,984.1742763530929,1030.4646258107095,1073.3440172868868,1113.136382119017,1150.0550245990016,1184.2144792657637,1215.6451510678598,1244.3088151129778,1270.1140143836383,1292.9308853677649,1312.6051679734228,1328.9712440167496,1341.8640728319442,1351.1298951805366
BGD,Female,IHD,combo,55020.98556299192,93.74394525288517,2627.353261764045,93.74394525288517,406.8766683381473,660.8426285888345,879.6328178819967,1025.071387994656,1128.7145770805873,1222.5687716659158,1319.503425401941,1420.665913926452,1523.17022730803,1623.8886588302848,1720.683843056584,1812.4759411645355,1898.9399631973356,1980.1785406168055,2056.476621419133,2128.1460830214346,2195.4391786728665,2258.507657589449,2317.389919178051,2372.0145279863355,2422.2129048155184,2467.7369348057837,2508.278986209072,2543.4928212259547,2573.014410162985,2596.481936856595,2613.5544331119163,2623.928575867787,2627.353261764045
USA,Male,IHD,glp1,171727.17378267902,446.1331035529729,6055.719989008561,446.1331035529729,1956.0507805892848,3333.1918997858884,4510.836807206215,5229.791678096168,5614.0121986834565,5830.604465919838,5972.548032914288,6079.686774624861,6167.343734336435,6241.094905756414,6302.938466662192,6353.671101582702,6393.761045762454,6423.65138280543,6443.852415880945,6454.956754325889,6457.625893080432,6452.566072193964,6440.500281333458,6422.139566552185,6398.155544030422,6369.1555325530935,6335.661418932839,6298.093104374013,6256.7571114630555,6211.840663602925,6163.41128997202,6111.421767096617,6055.719989008561
USA,Male,IHD,diet,21086.352269597468,0.0,1170.9992292762036,0.0,13.43516816967167,32.856836949067656,60.979672904126346,100.27033522108104,152.04759137006477,215.7091474944027,288.72235858248314,367.44348274788354,448.17181550344685,527.8578948522918,604.3339058985002,676.2351249974454,742.8089173688786,803.7250248534838,858.9276285438682,908.5322408862994,952.7577760236454,991.8827724007424,1026.2170508055133,1056.0828654624638,1081.8018327310565,1103.6854598779464,1122.0280716994894,1137.1015120270895,1149.1513181432383,1158.3942270217813,1165.0169381288579,1169.1760696564452,1170.9992292762036
USA,Male,IHD,combo,192436.4101241511,446.1331035529729,7209.041446764371,446.1331035529729,1969.3739006761461,3365.605124701862,4570.722334965074,5327.992575552897,5762.728382504196,6041.492691653315,6254.816622893326,6438.9967915345915,6605.742762647802,6757.645380356407,6894.574134106457,7015.979410766158,7121.58081081853,7211.486197026796,7286.14006611018,7346.2380930145155,7392.647356146888,7426.339353702788,7448.334209043649,7459.653439074173,7461.279569040344,7454.121880911582,7438.9882360442425,7416.563212557812,7387.392843765498,7351.876133934653,7310.263333605544,7262.660726678325,7209.041446764371
USA,Female,IHD,glp1,122124.2012645058,323.68165566396783,4555.879793406755,323.68165566396783,1389.4418179086642,2315.4478640719317,3092.572056823992,3553.2265712539665,3794.5031784781895,3934.5587158604467,4035.485125166859,4121.695915386663,4201.0730000853655,4275.3733147309395,4344.383158408629,4407.429474587378,4463.887685701775,4513.328738246753,4555.542053669458,4590.517951717135,4618.417774786183,4639.540794440894,4654.290779759758,4663.143324557284,4666.614629742573,4665.232387959608,4659.509403957811,4649.9205306847,4636.883405377099,4620.74334542721,4601.76262337435,4580.114193269459,4555.879793406755
USA,Female,IHD,diet,18459.54865153125,0.0,1043.1491030112957,0.0,12.759250757400878,30.016394221398514,54.479858853359474,88.42833472666098,133.06164542914485,187.8817522043828,250.71518202291918,318.44583383601275,387.9344096368004,456.61906001647003,522.6951041510911,585.0326119271922,643.0061374527868,696.3328857368324,744.9506235370645,788.9351892229752,828.4477878903854,863.7019865958719,894.9427908212529,922.4327679071575,946.4421571259154,967.24123260536,985.0940133186523,1000.2529021845548,1012.9541062175995,1023.4138254816644,1031.8252545460127,1038.356450093037,1043.1491030112957
USA,Female,IHD,combo,140251.50318422384,323.68165566396783,5582.525436189666,323.68165566396783,1402.0946576731803,2345.06240916808,3146.0866449341993,3639.8574197159905,3924.6976052899263,4118.313500989549,4280.692892319086,4433.213146392693,4580.688649102027,4722.366603094968,4856.259676406218,4980.579075068526,5094.077547085879,5196.039119602065,5286.1830959899235,5364.565952326404,5431.499912869302,5487.487507824961,5533.167584444978,5569.268963442184,5596.5694503381965,5615.8591543728835,5627.907862001564,5633.4366355576785,5633.093976428907,5627.436901046196,5616.917192811845,5601.872956072795,5582.525436189666
JPN,Male,IHD,glp1,33233.13822271131,123.22163178828487,1035.4185446150877,123.22163178828487,507.3505743638525,828.5678208676109,1082.123759787035,1218.1958660559612,1274.8400687760295,1293.6305680263904,1296.2974991171213,1291.8904909866105,1283.9306946367287,1273.8318325437867,1262.2581111378095,1249.6207670794101,1236.2455125370761,1222.419788412517,1208.3988253992138,1194.3999746857226,1180.5960459086564,1167.1112321097244,1154.020411498299,1141.35152350719,1129.0903199566965,1117.1867009076232,1105.5618953283774,1094.115862278144,1082.7344283430139,1071.295818247061,1059.6763643198792,1047.7552894904002,1035.4185446150877
JPN,Male,IHD,diet,7065.051003640459,0.0,393.6745553925866,0.0,4.8616979302460095,12.28270300773147,23.117906663843314,38.09157600415347,57.43372656093561,80.62694492650917,106.483248226461,133.52212156174937,160.38606892593089,186.07902255881345,210.00624127095216,231.90178401085723,251.72575263264298,269.5735586756491,285.6093357323043,300.02186068013543,312.99750510913145,324.7049442165371,335.2876193637421,344.8611752125944,353.514004282908,361.3096498729428,368.2902252698914,374.4802774081036,379.89070811010606,384.5224975423844,388.3700709531331,391.4242215374834,393.6745553925866
JPN,Male,IHD,combo,40140.08385449186,123.22163178828487,1420.7032194552958,123.22163178828487,512.1717261747253,840.6824917856575,1104.8168206640985,1255.4736107744538,1330.9570081442653,1372.3510795540642,1400.2335746015015,1422.2117682430253,1440.4818727081583,1455.4838466941583,1467.2990390088962,1476.07652347337,1482.1006196858361,1485.7497848364073,1487.4377572502635,1487.5648618121486,1486.4849019256362,1484.4860945376277,1481.782944702638,1478.5160532990922,1474.7573410127807,1470.5186812264074,1465.7623805959738,1460.4123243869471,1454.3649235929188,1447.4992700545554,1439.686128555768,1430.7955739469035,1420.7032194552958
JPN,Female,IHD,glp1,23173.71429095034,101.90069898882939,722.6800925490606,101.90069898882939,405.4945118614123,639.1919055541657,811.2821690344645,891.4064412336083,914.4938736218901,913.7697185685902,905.2932566906165,895.0083137921683,884.7037578308154,874.7193703195153,864.9753682506125,855.3295429191858,845.6858056343553,836.014426002992,826.3425980643879,816.7366958992934,807.2840687793796,798.0772542961349,789.2015667256856,780.7262050877252,772.6986418880115,765.1418614317954,758.0539283470353,751.4093449556749,745.1616791592751,739.2469972748731,733.5877065131863,728.0964896755977,722.6800925490606
JPN,Female,IHD,diet,6269.801313930722,0.0,332.1563596552951,0.0,5.440257130081591,13.06479175313143,23.74753702001908,38.19307049032068,56.6086442964297,78.47861987610668,102.65058072144166,127.70200314262911,152.33532176459266,175.6007155254847,196.93093268987286,216.0721425702286,232.98848669533618,247.77900354611484,260.61711303220363,271.7103308048099,281.2747589423816,289.51945536307903,296.63718465443526,302.79928699824086,308.1532574820885,312.82215823660954,316.90529453560885,320.4797611639369,323.60256670363015,326.31310696478613,328.63580440035,330.58276777147694,332.1563596552951
JPN,Female,IHD,combo,29306.386728440142,101.90069898882939,1047.8916352504966,101.90069898882939,410.8893977409243,652.0786966265441,834.596167973803,928.7903749001925,969.8173543603407,990.4131317411884,1005.5185228040646,1019.6910472703094,1033.452615057984,1046.213789117348,1057.3380944649252,1066.4323037577778,1073.3622483623112,1078.192203773382,1081.1164800891856,1082.4023594473547,1082.3469481959182,1081.2460677096242,1079.3727424957906,1076.9632290411246,1074.2089765804703,1071.253234151809,1068.191230157281,1065.0729989195752,1061.9080502266806,1058.6711923838666,1055.308933869157,1051.746002981883,1047.8916352504966
GBR,Male,IHD,glp1,29465.2332891317,89.19432069199684,1022.0476548109727,89.19432069199684,384.28347377981845,643.3690104450798,855.6344684158103,975.4568098412128,1030.4838142799126,1054.2231421565157,1064.83000342577,1070.0234580163815,1072.8228816857154,1074.4035567010578,1075.2544935101105,1075.608489388651,1075.5927052910338,1075.2791426930853,1074.7022762521883,1073.8674854603014,1072.7576355049823,1071.339410780507,1069.5692392063575,1067.3983213165193,1064.776418521309,1061.6542924299356,1057.9848925994374,1053.7235279350134,1048.8273272837832,1043.2543099432078,1036.9623620778002,1029.9083646872314,1022.0476548109727
GBR,Male,IHD,diet,3220.130745608607,0.0,181.9581822826076,0.0,2.2499782970990054,5.511533926663105,10.181139229025575,16.606160349103448,24.93035650150705,34.97764170476876,46.27441278490005,58.206012221875426,70.19643311267282,81.81508085194218,92.79717080942646,103.01371496074717,112.42750098189572,121.05446819598001,128.93625799403526,136.12317845341022,142.66486134357547,148.6059270396363,153.98460553628684,158.8329215214908,163.17757108695514,167.04098286751105,170.44229728658684,173.39814896078315,175.92322751277243,178.03064161379007,179.73213427118026,181.0382039103788,181.9581822826076
GBR,Male,IHD,combo,32623.064447652803,89.19432069199684,1200.8734527804118,89.19432069199684,386.5146874621787,648.8058861147001,865.6318941282516,991.7174819133725,1054.8621301556122,1088.4085068770073,1110.052753969212,1126.914870955683,1141.4513492235346,1154.4155827697832,1166.0361493355376,1176.417980596365,1185.650201539771,1193.818991300126,1200.998414190355,1207.242169686746,1212.5809871582169,1217.024666385776,1220.56660696349,1223.1889833322712,1224.8673666746545,1225.5741876071988,1225.2808740330875,1223.9587845014394,1221.5792163689548,1218.1128322552177,1213.5288467619976,1207.7942719198545,1200.8734527804118
GBR,Female,IHD,glp1,15609.851512563637,56.12812930966902,562.4161004092784,56.12812930966902,230.9998077227574,372.2179971169462,479.9293916352981,533.6017617178586,552.76355884449,557.2131444787665,556.8176016758116,555.3511544190733,554.0222100313622,553.1183460411157,552.6408847713792,552.5252504469281,552.7072372653347,553.136033423667,553.7712727716498,554.5772446882402,555.5183795392659,556.5568298480066,557.6518404444942,558.7603044398893,559.8379192152788,560.8404820878895,561.7250143134515,562.4505393728141,562.9784533315105,563.2725077020987,563.2984798124344,563.0236356868772,562.4161004092784
GBR,Female,IHD,diet,1704.35789975214,0.0,99.66109935749046,0.0,1.210140928022156,2.923378011051682,5.35079654801666,8.677265695638198,12.98325705689058,18.184194924193434,24.0401120629831,30.235146683284256,36.470623382221675,42.52165586066258,48.249384659797215,53.58671513088848,58.516107877316244,63.049515685219376,67.21366690892319,71.04053794105857,74.5617991283143,77.80597121078972,80.79729278492232,83.55559073863333,86.09668119336857,88.43299917953118,90.57427333762098,92.52814186316027,94.30065923188158,95.89667808199374,97.32011251580116,98.57410177246493,99.66109935749046
GBR,Female,IHD,combo,17278.72348676067,56.12812930966902,660.128440962093,56.12812930966902,232.19985618531064,375.10168756697385,485.1831507932511,542.0970010376113,565.4559229020851,574.9790573941718,580.3007996893211,584.8875569004304,589.6560036979427,594.6735687852743,599.8051830895965,604.9198981739828,609.9355916242021,614.8124622130781,619.5357278476222,624.1005217312522,628.5019314477722,632.7297771877384,636.7668515761616,640.5893289255291,644.1682974077776,647.4716588394731,650.4659046033084,653.1174914128351,655.393704553644,657.2630130108446,658.69499699058,659.6599709011389,660.128440962093
DEU,Male,IHD,glp1,50021.83399715228,154.0680506654462,1659.696892625303,154.0680506654462,672.5288142338832,1133.3583908323053,1506.6898609387426,1707.7313424276945,1788.2846792991622,1812.553630234048,1816.2313909645163,1814.757056653456,1813.8872017629183,1815.2295302747516,1818.6852095580834,1823.504417845019,1828.7564460983558,1833.5456097068818,1837.1087480697752,1838.8529983363987,1838.3615863383748,1835.3821015538997,1829.8054434298538,1821.6403485685296,1810.9865630268469,1798.0086300820403,1782.91158558194,1765.9194075515406,1747.2567506534251,1727.1342523868952,1705.7374977124418,1683.2195597397513,1659.696892625303
DEU,Male,IHD,diet,4820.693456962443,0.0,251.0340539644676,0.0,3.892327107474557,9.52041835374257,17.492388668688363,28.26682898963918,41.939064205856994,58.10718936208286,75.9569815457653,94.52573946182383,112.96224544297729,130.65490599244367,147.2334384863061,162.51035779046651,176.4154132369731,188.94550351971702,200.1330032254482,210.02813629747834,218.69014927848184,226.18327806913294,232.57496380821976,237.93488977816014,242.33413649488648,245.84418127403478,248.53570267301984,250.47726413780765,251.73399395257002,252.36638082712307,252.4292850666243,251.9712359510304,251.0340539644676
DEU,Male,IHD,combo,54757.34568499806,154.0680506654462,1906.9912296333641,154.0680506654462,676.3886796866573,1142.750320615538,1523.8692134591984,1735.4184586273186,1829.3146779748204,1869.3816315073782,1890.522012133617,1907.2346437745873,1924.4420964494784,1943.1510371094482,1962.8972173410293,1982.7443624013977,2001.690365546092,2018.8342248602712,2033.4424944155908,2044.969739154476,2053.05563429583,2057.5092632000596,2058.28630724315,2055.46263229796,2049.2066411300766,2039.752088706533,2027.3726101871434,2012.3588791216462,1994.9990405134595,1975.5628228818532,1954.2895149379037,1931.3797951267334,1906.9912296333641
DEU,Female,IHD,glp1,33756.0002792313,119.34126401167305,1182.1464951264934,119.34126401167305,507.6326700236823,828.8025665145979,1074.769419885124,1191.7913700359059,1224.4982854339469,1221.4732611895306,1208.0715346476209,1194.534911640454,1184.3486696804466,1178.2994374257541,1176.1293159923225,1177.188055926832,1180.7005730513483,1185.8865769929107,1192.0193224047107,1198.4558125191543,1204.6513462824369,1210.1643034792214,1214.6543715766602,1217.876243720908,1219.6702207371272,1219.9508068791329,1218.6941734737047,1215.9252163605706,1211.7048180282727,1206.1178235589614,1199.2621404404927,1191.2392721913056,1182.1464951264934
DEU,Female,IHD,diet,3994.7990711777675,0.0,214.8408586204896,0.0,3.763247841372504,8.875623155661742,15.98717473949364,25.505971509657684,37.42628940391296,51.24731386495114,66.11702698291629,81.13351924835297,95.60054164005851,109.11775980931998,121.53606628948182,132.86350495360966,143.18089706121827,152.58687736791035,161.16991946952476,168.9984257177275,176.12071386916796,182.56935491807235,188.3666632999084,193.52973466805997,198.07437133176427,202.01774479159212,205.37989457476942,208.18426837229345,210.45753852519556,212.22892198963382,213.52920517273014,214.38964198892063,214.8408586204896
DEU,Female,IHD,combo,37678.19083214787,119.34126401167305,1393.4902447374334,119.34126401167305,511.36453271970095,837.5590386911645,1090.4726793092268,1216.7790505921148,1261.1217787377827,1271.605423823712,1272.7563457416545,1273.934115363707,1277.940120283878,1285.1653644306207,1295.2021702652273,1307.4050297155482,1321.0757497592422,1335.529169216068,1350.1242930745793,1364.2845644358458,1377.5122232872818,1389.3972271218227,1399.620795201321,1407.954019005876,1414.2523110221373,1418.4466229119134,1420.5323964932031,1420.5571691669174,1418.6076719691337,1414.7971503871377,1409.2535148313764,1402.1087958405697,1393.4902447374334
GLB,Male,IHD,glp1,2665172.002156498,8059.264537151903,102860.56441054959,8059.264537151903,34048.870711683296,56202.51244541071,73966.34707692172,83641.2919064369,87822.76491401717,89487.92662456725,90222.61740548722,90686.08972294256,91120.8992665708,91605.45107867476,92157.62090513203,92774.40193260554,93446.40998910274,94162.85005106311,94912.96836737171,95686.28340317495,96472.45460307598,97261.09592740331,98041.62905522343,98803.19239567593,99534.59662252571,100224.31332376879,100860.48706195131,101430.96671717335,101923.35677962564,102325.09221909288,102623.5414747838,102806.1412273338,102860.56441054959
GLB,Male,IHD,diet,334934.53550511785,0.0,20260.41696245037,0.0,185.45799958705902,459.5597106991336,861.1498955218121,1426.7910101246089,2177.307516344823,3106.0417273873463,4178.199866812676,5342.5280161378905,6546.727726937272,7747.935769484378,8916.147199696861,10032.999478686601,11088.837330537848,12079.784837172367,13005.460249432363,13867.397850139998,14668.038517788053,15410.12091182638,16096.334523891099,16729.13526212331,17310.657625515014,17842.681915568188,18326.631549424492,18763.586391857825,19154.304854442365,19499.25160419382,19798.629977109842,20052.419224224053,20260.41696245037
GLB,Male,IHD,combo,2993835.037785923,8059.264537151903,122789.65590509959,8059.264537151903,34232.782008390874,56655.848294832744,74811.96105553117,85038.4056390496,89951.88021184132,92523.67231872305,94306.00141023472,95908.24385662004,97521.92025941424,99183.51107630506,100881.46012912225,102594.66937139537,104304.16318988428,105995.21058241744,107656.55252343137,109279.0934688393,110854.78323317226,112375.83361092862,113834.23004409671,115221.4579411745,116528.37016166188,117745.1417233795,118861.27764659934,119865.65599589981,120746.59964471124,121491.97725752275,122089.33711759653,122526.07757089566,122789.65590509959
GLB,Female,IHD,glp1,2089630.0785054686,6392.212336781435,86151.89723736886,6392.212336781435,26710.278666207567,43489.740526967216,56627.1986026573,63451.80797622027,66156.26543883188,67107.6069755461,67523.21111931233,67881.20599215431,68336.33187050652,68921.26916272286,69627.45365504362,70435.02263538912,71323.14377035946,72273.09259396046,73268.7692590598,74296.39823298436,75344.04122410715,76401.13441422954,77458.1046938207,78506.0640951274,79536.56556857191,80541.40266201366,81512.4406754747,82441.4731444763,83320.10306423157,84139.65223106463,84891.1041776929,85565.08650258463,86151.89723736886
GLB,Female,IHD,diet,285396.13331947476,0.0,17831.39934808016,0.0,164.23228531703353,400.22051925444975,741.3989251055755,1218.34866715502,1847.8661418808624,2623.5797309698537,3515.9825879512355,4482.6267109606415,5481.0252177380025,6477.068608660251,7447.455620797351,8378.371266748756,9262.905299248174,10098.609181242995,10885.657270908356,11625.617134529166,12320.686859614216,12973.248652218841,13585.621480992995,14159.932327055372,14698.054516186938,15201.581731491722,15671.819534314796,16109.78465636447,16516.207576574758,16891.537053417414,17235.947053981945,17549.347360713407,17831.39934808016
GLB,Female,IHD,combo,2369725.5782704526,6392.212336781435,103687.49028164241,6392.212336781435,26873.14126917487,43884.56174204312,57355.309327882715,64645.03696900001,67963.66499177972,69672.5294820047,70960.47435714072,72264.29693947732,73697.24954164028,75258.620415763,76916.95932371728,78638.76383721456,80396.30817165505,82168.34616464283,83938.83664706536,85695.44253736269,87428.29721628036,89129.10333213396,90790.50491678622,92405.65376120713,93967.90298483334,95470.57969178725,96906.80649212189,98269.35616953764,99550.53446619026,100742.09301404003,101835.17828653567,102820.32360301074,103687.49028164241
CHN,Male,IschStroke,glp1,471420.3099149852,794.64777732722,19353.599238036433,794.64777732722,3708.974830529187,6584.624923868338,9250.922516305116,11098.560119420406,12297.75336582819,13157.93428543699,13862.403100443655,14491.740310485358,15076.67207522539,15627.544331575627,16147.090168739669,16635.37904905458,17091.577500515035,17514.527237891336,17902.940732532297,18255.504766772967,18570.977115740767,18848.284991167486,19086.611316508148,19285.454002545914,19444.649939956842,19564.36311110691,19645.04240108258,19687.35849910043,19692.130754409824,19660.25442590844,19592.637027346063,19490.150000124006,19353.599238036433
CHN,Male,IschStroke,diet,26078.873926779488,0.0,1482.9012603338342,0.0,15.110128028667532,37.473901999299414,70.24851710023358,116.42401001683902,177.70579916762654,253.53664915822446,341.02688085567206,435.90199238830246,533.7703223397257,630.9969786460279,725.0009446110344,814.1663345835404,897.6057158546755,974.9195186403813,1046.0069102793932,1110.935664597666,1169.860520339571,1222.9760051281191,1270.4915486292448,1312.6198209123686,1349.5721239440609,1381.5569425341673,1408.7794191874564,1431.4406567802653,1449.7364885148127,1463.8557876734994,1473.9786043316126,1480.2744802031666,1482.9012603338342
CHN,Male,IschStroke,combo,497027.34466163465,794.64777732722,20813.322568686213,794.64777732722,3723.9589414618677,6621.593304868904,9319.912842793274,11212.586473900126,12471.572562877787,13405.81020769896,14195.807667229441,14917.986536283395,15598.787341931253,16244.999467256945,16856.82209465897,17432.730236551724,17971.006953324424,18470.088133778307,18928.574109681533,19345.206288950983,19718.883955388563,20048.716362742707,20334.084413941717,20574.688298149267,20770.56679203082,20922.083820917876,21029.88566275849,21094.837099377997,21117.94701287849,21100.293927110033,21042.96047087619,20946.98333620117,20813.322568686213
CHN,Female,IschStroke,glp1,352344.87163247954,596.2502340449719,15616.72040952649,596.2502340449719,2722.7858196732122,4745.992064934631,6580.089539260778,7818.188002787065,8609.905351500318,9186.903047153377,9680.455164863728,10145.05934355664,10598.956140355673,11046.027499757125,11485.148306373972,11913.762139932951,12329.10193891183,12728.52599479619,13109.564454823965,13469.90355809324,13807.382720493828,14120.018137776875,14406.044021711918,14663.957089943346,14892.551768205129,15090.938091935008,15258.539194297977,15395.06940761907,15500.49692127062,15574.996558436891,15618.898705240339,15632.640005202382,15616.72040952649
CHN,Female,IschStroke,diet,20119.70888257021,0.0,1216.5253700223984,0.0,10.819666614290327,26.660529863263946,49.8166106302524,82.4786099070916,125.97119675192516,180.065231570974,242.9075719374232,311.6567766277585,383.34878093993757,455.4989017518237,526.3115651179105,594.6272063400829,659.767895060475,721.3789144916227,779.3035216747085,833.4962067172164,883.9679289772175,930.7544938701903,973.9003222860629,1013.4517181423726,1049.4554576386,1081.9598943316378,1111.016807332402,1136.6829757689266,1159.0209993739845,1178.0992493412923,1193.9910625964403,1206.773416891927,1216.5253700223984
CHN,Female,IschStroke,combo,372093.25199169083,596.2502340449719,16813.317800441757,596.2502340449719,2733.5152512502973,4772.293466926494,6629.0157752728555,7898.971978578018,8733.127357498975,9362.954403136275,9917.937521809596,10449.809900487075,10973.919920756947,11491.719043697463,12000.320341244806,12496.024603880942,12975.391953317448,13435.42418471817,13873.489470618428,14287.222019562614,14674.465596412192,15033.266062829294,15361.896562348935,15658.895256349933,15923.09900910675,16153.66227153386,16350.056313466048,16512.0488285271,16639.667375173536,16733.152093939134,16792.90383790154,16819.43355685938,16813.317800441757
IND,Male,IschStroke,glp1,182080.73675244494,337.8709060914116,8574.509028503788,337.8709060914116,1519.3196129191783,2613.354219604691,3581.7850821801985,4205.316641561425,4574.141965775227,4820.519517281617,5019.375026106776,5202.848180783505,5383.059803513868,5564.123361103993,5747.1795826561865,5932.312012083072,6119.224019962479,6307.452343348239,6496.416461693589,6685.415285325726,6873.611453269259,7060.017318905215,7243.487299288681,7422.717976401327,7596.256191201101,7762.514921710012,7919.796479015145,8066.322326394671,8200.268587899744,8319.806070154358,8423.143397366046,8508.571680344408,8574.509028503788
IND,Male,IschStroke,diet,17047.450206289155,0.0,1092.8681583972648,0.0,9.360501461749664,23.06118252570741,43.18042471626541,71.59092108649202,109.25293405051343,155.62494586902903,208.71077448193682,265.77485152718145,324.20521820214344,382.03896466479637,438.0690418530721,491.70567182981176,542.7715325198369,591.3243576300447,637.5324806160061,681.5976339184563,723.7112656636164,764.0320162880816,802.6756386943161,839.7119041329133,875.1653255487909,909.0179639638518,941.2134174127714,971.6615469623357,1000.2437239928404,1026.8184841754846,1051.2275049446034,1073.3018191592419,1092.8681583972648
IND,Male,IschStroke,combo,198813.3638340675,337.8709060914116,9649.096733454382,337.8709060914116,1528.6020486486086,2636.105979152402,3624.1987438437936,4275.450261206715,4681.039972224738,4972.728718314378,5223.508604714705,5462.852419678529,5700.3262864990975,5938.1175148255425,6176.176893708005,6414.001389710873,6651.112415994925,6887.096457569802,7121.532714153349,7353.914005116385,7583.587996900722,7809.720837989822,8031.2793825234985,8247.028053939866,8455.53748159745,8655.202994653024,8844.271617644234,9020.876431243902,9183.077149698453,9328.905624675157,9456.414793238393,9563.729405055346,9649.096733454382
IND,Female,IschStroke,glp1,164308.8752958403,372.38543148955796,7498.741033039638,372.38543148955796,1670.5843762575532,2752.43664535039,3659.592242167273,4170.521168457577,4421.628000573663,4568.330471598252,4687.298351797857,4805.932286644005,4931.5165939437575,5064.631046905066,5204.074852350983,5348.435281055281,5496.482343680633,5647.192987471062,5799.67831731739,5953.099928384821,6106.599015713553,6259.242758299515,6409.987437079602,6557.656892484461,6700.935034814174,6838.3712462642,6968.397454748454,7089.355439137202,7199.532622004859,7297.204300677287,7380.680026370101,7448.3517097621225,7498.741033039638
IND,Female,IschStroke,diet,20086.97303681879,0.0,1219.5440995279932,0.0,17.554281686316244,39.097133475355804,69.28921878762776,110.55383638903731,163.51889094384387,226.38033846835606,295.4273210797692,366.44281957444036,436.00211373571074,502.0062622897676,563.553079854406,620.5467925164849,673.3265442480915,722.4087060008314,768.3374835606082,811.6099899053806,852.6448299852782,891.7733647234854,929.2415639896062,965.2161259761779,999.7918897100026,1032.9993518890697,1064.8119717493537,1095.1533211586066,1123.9042510921136,1150.9102329370799,1175.9889656299492,1198.9382559340447,1219.5440995279932
IND,Female,IschStroke,combo,184091.87925567888,372.38543148955796,8701.926983576966,372.38543148955796,1687.99225682838,2791.033788772882,3727.734385157295,4279.020148817799,4581.988147030876,4790.331606188382,4977.1004425426945,5165.559178566036,5359.618348783348,5557.777482216072,5757.929605096637,5958.5508101915475,6158.731505590142,6357.947296974075,6555.838638624176,6752.052667158539,6946.1406956801075,7137.4954430756625,7325.31555629283,7508.589779817383,7686.096528572147,7856.416508505237,8017.956836742465,8168.985266728967,8307.672937243944,8432.143749631476,8540.528172166552,8631.019057616708,8701.926983576966
BRA,Male,IschStroke,glp1,31621.627229998972,58.758747103536734,1437.895646236735,58.758747103536734,259.67745135285077,446.34283749520546,612.2852964903432,722.2271075458339,790.8690342010304,839.4022655554945,879.7751233120143,917.0806555426898,953.182436105024,988.6370378938882,1023.5168503309615,1057.7353180267019,1091.1686687607144,1123.6973994802029,1155.2167973540418,1185.635931743207,1214.8727905050328,1242.848620784498,1269.4827160452987,1294.688161673228,1318.3687459110515,1340.4171021427028,1360.7140721022151,1379.1292289631965,1395.5224603378592,1409.7464793383115,1421.650105993307,1431.0821416717954,1437.895646236735
BRA,Male,IschStroke,diet,2584.9158863714547,0.0,163.27028918024735,0.0,1.204799651473877,3.0413045105233323,5.784935498610139,9.706323843864084,14.979210292352946,21.595209572078602,29.34942768835026,37.91019129300548,46.91987190290092,56.068793653968896,65.12475045338215,73.93110004985647,82.39147058460367,90.4525243960743,98.0895125436582,105.29560279364523,112.0744876760873,118.43543899102951,124.39006237020658,129.95019628445152,135.12657632726768,139.9280180439382,144.3609617191687,148.42928026568552,152.13428657932673,155.474897206499,158.4479204238596,161.0484425753384,163.27028918024735
BRA,Male,IschStroke,combo,34154.701316289334,58.758747103536734,1598.1852356032323,58.758747103536734,260.8722030846184,449.3428115248462,617.9652002474322,731.7294910025594,805.5117923223588,860.4990159651206,908.4418833366726,954.1111695681684,999.0220857667664,1043.4289836235766,1087.1771341192216,1130.0262887208664,1171.7576458632466,1212.1986377037392,1251.2194323690128,1288.72155514326,1324.6258307957323,1358.861902301578,1391.3598455353058,1422.0438541945332,1450.827834316835,1477.6127352574258,1502.2854549026524,1524.7191622337414,1544.7748755740467,1562.3041228211223,1577.1524949909508,1589.1638902971754,1598.1852356032323
BRA,Female,IschStroke,glp1,28590.307987205197,56.36313068655727,1360.241145844324,56.36313068655727,245.19383061886037,413.53763976253686,559.4865350993423,652.186344946902,707.07207104587,744.5562573938878,775.8713688485295,805.6915075812576,835.6506527282108,866.1645948117148,897.1993108280076,928.5725417392096,960.0680977044467,991.4775170870489,1022.6136977936112,1053.3135242027201,1083.4359824215499,1112.8583230504591,1141.4713885261735,1169.1746975723654,1195.8716791783809,1221.4653545808833,1245.8547012438066,1268.9318736031128,1290.5803959015466,1310.6743834530353,1329.078792385073,1345.650646565773,1360.241145844324
BRA,Female,IschStroke,diet,2523.9883493087546,0.0,162.77121850186086,0.0,1.3351057157487958,3.2676684108082554,6.08516911559127,10.059244060277706,15.350673994529643,21.924854670120112,29.546036564053793,37.86055546437274,46.50745819461008,55.1934104565662,63.71633503173507,71.95555997732299,79.84996977723495,87.37677834922215,94.53541185031645,101.33675599113485,107.79656696922757,113.93169155274518,119.75802218494937,125.28945240192115,130.53737425635336,135.5104533611593,140.21454207180068,144.65266650314152,148.82506506808568,152.72927716320555,156.36028880198137,159.7107428486779,162.77121850186086
BRA,Female,IschStroke,combo,31065.912205069348,56.36313068655727,1520.1526415506523,56.36313068655727,246.51780167414108,416.76118099650193,565.4624201564511,662.0374750110932,722.0848298660349,765.9874689370554,804.7500803960284,842.7026437618988,881.126908959377,920.1516853916401,959.5445851333934,999.0042618533043,1038.2535898459973,1077.0607168317074,1115.2370092367128,1152.6291874498493,1189.11099228885,1224.575633093642,1258.9290933066513,1292.0841721392499,1323.9552083254675,1354.453526202342,1383.483701393241,1410.940757483957,1436.708386746992,1460.6582495835173,1482.6503591921646,1502.5345075748774,1520.1526415506523
CAN,Male,IschStroke,glp1,3978.248912330504,7.818000497216417,167.55308747166418,7.818000497216417,34.377600070173685,59.02874346697081,80.84828460155313,95.27246355312855,104.30396182111781,110.72594315007518,116.07373008552895,120.98001999185726,125.66003800173803,130.16383579531703,134.48248857677027,138.5895192457201,142.45648976391476,146.05872352847746,149.37731529237135,152.399709858214,155.11966133888563,157.5368529645766,159.65628073090375,161.48745593985404,163.0434751513876,164.34000921599,165.39426513204126,166.22397278605422,166.84644338867838,167.2777386486614,167.53198053042797,167.62082173123417,167.55308747166418
CAN,Male,IschStroke,diet,103.82985181431286,0.0,6.324226526194252,0.0,0.049602217044594,0.12558202572199662,0.2394480325647237,0.40269180161521945,0.6227354848406321,0.8991681502993742,1.2230712105783823,1.580041012250149,1.954585039500671,2.3333253155906277,2.7062395973389357,3.0665301557874045,3.4099317564650846,3.733966891775708,4.037349645235736,4.319569887062244,4.580624854366761,4.820852755359738,5.0408299328646535,5.241304258372111,5.423147341183721,5.587315500031764,5.734814410216131,5.866665448254935,5.983873550034332,6.087397309402149,6.17812238917395,6.25683931518688,6.324226526194252
CAN,Male,IschStroke,combo,4079.796126526665,7.818000497216417,173.74439601498307,7.818000497216417,34.42678860923297,59.15261389110401,81.08335845591591,95.6666141866117,104.9125313722343,111.60402135559889,117.26778640289012,122.52251194687233,127.56832049020886,132.44220298023993,137.12543405560064,141.58487498955583,145.7878950230288,149.7073703001288,153.32311378421855,156.62204885114625,159.59790667513698,162.25068344683496,164.58592337000846,166.6138559097517,168.34841884599155,169.8062089932646,171.0054093545641,171.96474282350573,172.7024990571863,173.23567426536283,173.5792548062327,173.74566577203768,173.74439601498307
CAN,Female,IschStroke,glp1,5054.622037822978,11.357369363453472,218.5303133282905,11.357369363453472,47.69482715540289,78.47784901966043,104.77040563768878,121.1226932364043,130.76241033400038,137.53647740912675,143.41505250888076,149.1263427085596,154.86070573289362,160.61319362290305,166.31890963125625,171.90181538970137,177.29119557412196,182.42676722084434,187.2599915503779,191.75412940052047,195.883808922561,199.63429831667236,203.00052290420172,205.98584927041702,208.6006775339556,210.86090203707317,212.78631170484914,214.39900337634936,215.72187651156855,216.7772681560764,217.58577490435346,218.16529536081362,218.5303133282905
CAN,Female,IschStroke,diet,166.12771370049995,0.0,9.901105782695595,0.0,0.1100588592225904,0.25789317650651356,0.4667633621356799,0.7565648198378767,1.1379933199732477,1.6070659342803992,2.1453529268765124,2.7265094864469575,3.3243863508450886,3.918183120482354,4.493784137963303,5.042780794505234,5.560793448099503,6.04596442415459,6.497884902311853,6.916928252117941,7.303877554450082,7.6597380681596405,7.985653314643059,8.282871584806344,8.552731220601345,8.796647724553623,9.016095100154416,9.212579419112444,9.387605706575414,9.542640729563573,9.679074774121545,9.79818540530323,9.901105782695595
CAN,Female,IschStroke,combo,5217.51199277625,11.357369363453472,228.2511675642436,11.357369363453472,47.80396813373045,78.73228285807545,105.2288681003447,121.86378949369009,131.87567860217314,139.10785145679256,145.5126082936422,151.7924767820732,158.11225713892418,164.4466202904241,170.71679349405167,176.83843236693974,182.73645859413773,188.3487024822225,193.62616737749522,198.5324325036654,203.04285469366368,207.14365586759413,210.8308564347135,214.10902545457066,216.98985764214558,219.49062085724472,221.63253780439663,223.43917320487162,224.9348958502651,226.14347690711838,227.08687420886235,227.78423895472406,228.2511675642436
TUR,Male,IschStroke,glp1,9938.559874856406,22.219546219730546,441.51761924462335,22.219546219730546,100.44339280839085,160.67918054015172,213.1724276177374,243.41858917753416,260.24494866904934,271.7502506806304,281.77784955115203,291.58895570892855,301.4714822408532,311.40790614689104,321.3154920511806,331.11632266736706,340.7516869615356,350.179471689964,359.36796162423707,368.29001238023557,376.91857891949985,385.2236259247911,393.17020898865667,400.7174917939046,407.81850004053194,414.4204555825454,420.4655698080678,425.89220057607963,430.6362926613074,434.6330295519547,437.8186269665821,440.13219806229245,441.51761924462335
TUR,Male,IschStroke,diet,-180.64358390949747,0.0,-10.51512121137057,0.0,-0.20351199381002516,-0.40196133951394586,-0.6852292305375158,-1.0683633405787987,-1.5582247941856622,-2.136825016226794,-2.7696458957325376,-3.418257148194243,-4.051985156515002,-4.652129574194987,-5.21045118870461,-5.725628746014991,-6.20006005284813,-6.637702485506452,-7.042838331155508,-7.419455391791416,-7.770981137986382,-8.100200815726566,-8.409263205347088,-8.699723984387674,-8.972602709989587,-9.228443049476482,-9.467372523879021,-9.689160984165937,-9.893278142826603,-10.07895070190716,-10.245219442491361,-10.390996314432414,-10.51512121137057
TUR,Male,IschStroke,combo,9760.646093303829,22.219546219730546,431.1456578402831,22.219546219730546,100.24157808613381,160.28213571239212,212.49815433470758,242.36936873548257,258.7157711972068,269.6533725808913,279.0592888126848,288.23247458217884,297.49108409529435,306.8361198966959,316.19309373477154,325.48551244481496,334.65240305497355,343.647829182486,352.4359103998977,360.98560959702445,369.2665276025873,377.24589780337556,384.8866645041089,392.1464596031874,398.97730209367364,405.3258741857244,411.1342568558284,416.3410299741445,420.88265669286193,424.6950794408185,427.71545755353145,429.8839764863369,431.1456578402831
TUR,Female,IschStroke,glp1,11014.024648049708,28.632504003384383,501.80118156104436,28.632504003384383,127.57737712187009,193.88499452879114,250.4906234067239,279.11823146475217,292.5748256995721,301.1976327163211,309.257652633245,317.9136971295229,327.271616337639,337.1691829951087,347.420273261665,357.8740554900505,368.41914850712055,378.9744088950756,389.4785871905624,399.8818522880174,410.13949882510497,420.2074989163302,430.0394927430898,439.5848861080085,448.7878094746484,457.5867620465797,465.91481315359124,473.70026483735273,480.86769793176063,487.3393325901052,493.0366362233399,497.8821099693305,501.80118156104436
TUR,Female,IschStroke,diet,-229.35384110779341,0.0,-13.390041359409224,0.0,-0.3226770046821912,-0.60700416119289,-1.0053622008017555,-1.538158117000421,-2.205278060886485,-2.9733887049442274,-3.789046880468959,-4.599757989577483,-5.369294243908371,-6.080544301406917,-6.730493349055905,-7.323797151460894,-7.868070136588358,-8.371247319042595,-8.840398454751266,-9.281344818165962,-9.698649688951264,-10.095750300613872,-10.475121800598572,-10.838429178627848,-11.186654388140596,-11.520199210528517,-11.838969054275367,-12.142443645403546,-12.429739791907195,-12.69967016576993,-12.95080079264153,-13.18150883699127,-13.390041359409224
TUR,Female,IschStroke,combo,10787.763149933176,28.632504003384383,488.57317455109296,28.632504003384383,127.25739121411243,193.28519574619713,249.50066641579178,277.60619701866017,290.40802254227674,298.2756646584312,305.53256906846946,313.38932352238044,321.98770354966473,331.1826171735338,340.791144565741,350.65803203788164,360.6645004932798,370.7216486972502,380.76129285386924,390.7278793295882,400.57220847043936,410.2468608417548,419.7030291665578,428.8884680862975,437.74632923822355,446.21470489415515,454.22674745063705,461.71126287454535,468.5936953383498,474.7974301355207,480.24534520074667,484.86154079434345,488.57317455109296
ZAF,Male,IschStroke,glp1,6641.269126291424,10.72063321146561,319.99058240596787,10.72063321146561,49.21320311804084,86.25926931176127,120.18710420060415,143.4160232482136,158.3644650745755,169.10134769331853,178.01915117961653,186.18110827314922,194.00904447178982,201.6620114375237,209.20061581260234,216.65154272583823,224.03058138032247,231.34923116072605,238.61513600714716,245.8304816487962,252.9900272490504,260.07944707587376,267.0742443489453,273.9393180647003,280.62917679622115,287.0887472599097,293.254698546345,299.05718675956086,304.4219157819789,309.2724062957168,313.5323661120201,317.12805963964274,319.99058240596787
ZAF,Male,IschStroke,diet,362.00723575803113,0.0,22.88890162069947,0.0,0.1894300346784803,0.46955787754450284,0.8833698309281317,1.471569754086886,2.2581554164207773,3.237262671282224,4.371876978491855,5.60635050469682,6.883540607919713,8.156783993052159,9.394025022384085,10.576614476447503,11.696025021999958,12.750466632198368,13.742166646186888,14.675422837737642,15.555296835518675,16.386773971253206,17.17424418664268,17.92119984425335,18.63008093940516,19.3022226915964,19.937876310581487,20.536283379642555,21.095789942228294,21.613989584449882,22.087886616751348,22.514071528952627,22.88890162069947
ZAF,Male,IschStroke,combo,6996.5828673015585,10.72063321146561,342.49891009165367,10.72063321146561,49.40105332342864,86.72248824587132,121.05462307661128,144.85720171566027,160.57306342959782,172.2660664082723,182.2929516488348,191.66282653203234,200.74176259884553,209.64315082919165,218.39610850135068,227.0088788773137,235.48868837651935,243.84507264325293,252.08766787279637,260.2227113528934,268.2497964310405,276.1593899995787,283.9312342047924,291.5336124057012,298.92340607258484,306.04684679127604,312.84085595283614,319.23485789061306,325.15294865420583,330.5163021146982,335.2456977542424,339.2640602943975,342.49891009165367
ZAF,Female,IschStroke,glp1,9397.72025300185,16.374156870424486,443.25337645052423,16.374156870424486,80.47549094560782,139.54121221465357,191.03272500485582,222.90084065913834,240.82759180410903,252.55188732427814,262.2264075243984,271.45045878772,280.6893681411966,290.000945471711,299.3284780255235,308.6041668746766,317.7794121734223,326.8289852703856,335.746739631566,344.53914298952077,353.2187544364642,361.79833458448775,370.28581735070475,378.6802366211923,386.96865865785367,395.12414615267335,403.10475201379086,410.85350809908414,418.2993390548436,425.35879777601804,431.938489875527,437.9380322154975,443.25337645052423
ZAF,Female,IschStroke,diet,610.1482398137869,0.0,37.068987018981716,0.0,0.5036526445819618,1.1295645354930457,1.9955742836227728,3.1833619927238033,4.725137999874278,6.585414387162018,8.668602106317849,10.853554358280235,13.0311952787888,15.124970043169014,17.092637762350932,18.918315576724126,20.602796655330167,22.15584784683233,23.5911648826077,24.92344637255519,26.166845052925055,27.334210771761718,28.436747645675496,29.483870310268685,30.483149556439457,31.440298957459163,32.35918661751202,33.24187145454198,34.088668995176704,34.8982520748541,35.66778976957721,36.39312486219933,37.068987018981716
ZAF,Female,IschStroke,combo,9998.452062383307,16.374156870424486,479.817491009333,16.374156870424486,80.97494317286328,140.65601037444503,192.994287740843,226.0228134737972,245.45743354955812,259.0037009937096,270.72143130404584,282.09150478002994,293.47217694059145,304.84572503287563,316.11339390210196,327.19118981905194,338.0307591553974,348.61603617781657,358.9540024712478,369.06533224521263,378.97633110134484,388.7122866602949,398.2920903137201,407.72401199454544,417.002570457651,426.1064768287506,434.9976334755265,443.6211525824692,451.9063293666113,459.7684717375778,467.1114571040598,473.8308617474104,479.817491009333
MEX,Male,IschStroke,glp1,9046.319845655316,14.357114105014261,450.0922159286165,14.357114105014261,63.936534231788755,111.13999327247257,154.14594420845242,183.9079869738689,203.66604336774435,218.47279436929784,231.24857050733408,243.28047453972067,255.07198651742874,266.7997632817169,278.5107765925495,290.20136253931196,301.84798711951953,313.4190139401544,324.8791202311695,336.19089721714045,347.31538448403444,358.2122091726269,368.83958649573106,379.15428099174096,389.1115704030417,398.6652349972064,407.7675905230062,416.36958304537256,424.42096443760965,431.87056645307166,438.66668830030176,444.7576074082717,450.0922159286165
MEX,Male,IschStroke,diet,-112.52238350152584,0.0,-7.661447122463869,0.0,-0.046821151841868414,-0.11860074011747201,-0.22626095883424568,-0.38064149902857025,-0.588906802548081,-0.8512260378283827,-1.1602233923567837,-1.5036985306560382,-1.8685223323154787,-2.2434415547577373,-2.6201366401019186,-2.993069114158061,-3.3588383197729854,-3.7154948328061437,-4.061988044380996,-4.397777227637562,-4.722578999928373,-5.036212827817508,-5.338511493362603,-5.629272341870092,-5.908233083609957,-6.175061862584698,-6.429355388143449,-6.670641597247595,-6.89838499641337,-7.111993846086989,-7.31082891927872,-7.49421384357629,-7.661447122463869
MEX,Male,IschStroke,combo,8936.232659995769,14.357114105014261,442.5873565937218,14.357114105014261,63.89010356409926,111.02300926460521,153.92381675975957,183.53541928863888,203.0905353756134,217.64154091380442,230.11588339885748,241.812524256673,253.2477327728102,264.60914391264487,275.9518588422852,287.27763759651316,298.5662876639926,309.78809845031356,320.9087945100182,331.8915146139625,342.69759234337107,353.2868461769431,363.61766766070286,373.6470305595831,383.33047865968547,392.6221250557028,401.47468716513686,409.83957916444706,417.6670824379289,424.90661278476546,431.5070995743372,437.41748652983733,442.5873565937218
MEX,Female,IschStroke,glp1,9346.653882765055,15.542865679388342,486.9190598878886,15.542865679388342,67.97458587286746,115.8214390008452,158.3596138265748,186.80423779202465,205.07834795404233,218.64223401355594,230.5506385664903,242.1038359797658,253.77994340505938,265.7220405530097,277.9442774364197,290.4128916200916,303.07707210551234,315.88053642942396,328.7658404504,341.67596597003285,354.5548641741807,367.34755954253706,380.0000295354839,392.4589422114732,404.6712944903629,416.583987108148,428.14337567562325,439.29484206483903,449.98243320838446,460.1486139168592,469.7341760329291,478.678338260841,486.9190598878886
MEX,Female,IschStroke,diet,-125.20579154834377,0.0,-8.70382091994179,0.0,-0.057696569621839444,-0.14253122208356217,-0.2669623098063312,-0.44311839742840675,-0.6785940675090387,-0.9727097338491149,-1.3161617080822907,-1.6945175617438508,-2.092919204787904,-2.499276318347256,-2.9052713070868776,-3.3059322756034817,-3.6986946211873146,-4.0824931303468475,-4.457077760060201,-4.822564090343803,-5.179166354861081,-5.527053911995608,-5.866283799292432,-6.196776508782932,-6.518314056105737,-6.830547925950668,-7.133010105619178,-7.425123960740166,-7.706213838871918,-7.975513493947801,-8.232174037784716,-8.475272356561618,-8.70382091994179
MEX,Female,IschStroke,combo,9224.03261553493,15.542865679388342,478.3847452380942,15.542865679388342,67.91737048739924,115.68084077055391,158.09748452963686,186.37039642169475,204.41492946509607,217.691862952277,229.26492503455847,240.44843005664552,251.73498683244543,263.2794923156889,275.1042479335447,287.1803837984244,299.45963144643247,311.886783151891,324.4046680564934,336.9561786022605,349.48507532873555,361.93623189868595,374.2555816073218,386.38987948227805,398.2863430852958,409.8922201967216,421.1543294551957,432.01862138094293,442.4298079879554,452.3311075239362,461.6641459840612,470.369048831275,478.3847452380942
AUS,Male,IschStroke,glp1,2446.787880238935,4.250622755928362,111.24098313392369,4.250622755928362,18.852598562661115,32.646455911466546,45.25065473418408,54.01891565859523,59.88336547303652,64.28452728272487,68.03102086489389,71.45913148466434,74.68732108687755,77.75063844760916,80.65683372782223,83.40721251602645,86.00341536243195,88.44899762041041,90.74929170271753,92.91084368652355,94.94085760909093,96.84675706573853,98.63586139233485,100.31514319598955,101.89103355537463,103.36925031679493,104.75463558714728,106.05099785269613,107.26096123874322,108.38582916616451,109.42547224790451,110.3782509984585,111.24098313392369
AUS,Male,IschStroke,diet,197.34450933082144,0.0,12.22296633089627,0.0,0.10252218938012447,0.2558371735312903,0.4839718264847761,0.8102003192834673,1.2486226432602052,1.7963493580214163,2.4324516684077935,3.124971858633671,3.840801095444931,4.5527070029193055,5.241831748382538,5.897049167645491,6.513068326521534,7.0884689154972875,7.624140185131182,8.122196186202927,8.58528573188596,9.016184333420824,9.417570497907036,9.791914585710401,10.141431827023553,10.46806883521458,10.773505312960879,11.05916083633565,11.326201825285352,11.57554701038498,11.807871558301485,12.023610980746525,12.22296633089627
AUS,Male,IschStroke,combo,2639.8811910488816,4.250622755928362,123.21153688280992,4.250622755928362,18.954265726289123,32.898813520211206,45.7258160366373,54.812016820604185,61.10377849905899,66.03912064219003,70.4064141041631,74.5108391034214,78.43855781553339,82.19800090751414,85.77844130590802,89.17024084668901,92.36979357433484,95.37919650463755,98.20459157955247,100.8545435934775,103.33880937622689,105.66749886860453,107.85053071767834,109.89727936845975,111.81633282981147,113.61530660347762,115.30068195444346,116.87765400727585,118.34998734102464,119.7198846322035,120.98787830448782,122.15275682622723,123.21153688280992
AUS,Female,IschStroke,glp1,3317.403899131511,6.784656936375541,152.69333804976304,6.784656936375541,28.724809056257072,47.35326602191981,63.71069547937714,74.36332716736251,81.09881902397319,86.13234776040372,90.5884821639047,94.8703222478589,99.0768690364248,103.20450816594348,107.22435781370041,111.10799368258085,114.83421640404231,118.38952819686892,121.76687948851668,124.96419936193524,127.98313158583096,130.82803157401213,133.50517429220508,136.02210716719674,138.3870934358638,140.60860857974876,142.69486862865415,144.6533823395148,146.49052931361985,148.21117317294375,149.81832321560978,151.31285976910294,152.69333804976304
AUS,Female,IschStroke,diet,340.82951917596074,0.0,20.31148997618584,0.0,0.25825225146490993,0.5924339398634402,1.0576550372516067,1.6984098597122284,2.5362756550921404,3.5578945834849947,4.716492003948588,5.948286649841975,7.19225895773252,8.402317390009557,9.549956612407186,10.621261053140188,11.612296319033703,12.525043793395525,13.36450706118012,14.13689966923448,14.848620010362538,15.505732695301049,16.113748449158265,16.677565400889762,17.20148773578785,17.689273335117832,18.144184570830475,18.569030121698233,18.96619372126952,19.337650281006063,19.684972211905915,20.009329829654234,20.31148997618584
AUS,Female,IschStroke,combo,3651.8658153175065,6.784656936375541,172.64932524318283,6.784656936375541,28.98090750739084,47.93780160220649,64.7497296406982,76.02748715109192,83.58095134069117,89.61290874790848,95.20254557100907,100.69072638397847,106.11672838829054,111.431674962143,116.57855359818222,121.5150715455029,126.21595364887435,130.6694585796031,134.873296599696,138.83138145982502,142.55155527645002,146.04406987054244,149.32057231358704,152.39339490644124,155.2750127327945,157.97758385311317,160.51252536363063,162.8901051945013,165.1190474956802,167.2061610024266,169.15600644650294,170.9706219551863,172.64932524318283
NZL,Male,IschStroke,glp1,604.1269078903,1.2251678756767888,26.392232386385103,1.2251678756767888,5.322875195294046,9.0042802445588,12.245785956834197,14.378813786590172,15.714394162705958,16.6674693323597,17.461578792282353,18.186626319609445,18.872982770431236,19.528793156052416,20.154996112458775,20.750734036338145,21.31509020787621,21.84753194999803,22.347946031069114,22.816573588494975,23.253937929063568,23.66078435075974,24.038028724728065,24.386707504643255,24.70792361272288,25.002785765940644,25.27234169856797,25.517507934737978,25.739000177158232,25.937269049268934,26.112445951719565,26.26430328597371,26.392232386385103
NZL,Male,IschStroke,diet,45.59039449764248,0.0,2.71207965536928,0.0,0.027315646490364998,0.06731564123026601,0.1257436002548502,0.20798989920581334,0.3169258012536602,0.45110525269308255,0.6047661573693404,0.769773041950657,0.9380897634371195,1.1033946068444038,1.2615317188212885,1.4102245635554027,1.548541511534495,1.6763943190267128,1.7941649133858846,1.9024613958060854,2.0019728262877834,2.0933900431723487,2.177366811755064,2.2545036672925107,2.3253433068348386,2.390370950835404,2.45001609264159,2.5046539323852812,2.5546059206888003,2.600139478895926,2.6414672906787473,2.678746687945477,2.71207965536928
NZL,Male,IschStroke,combo,648.7899752612357,1.2251678756767888,29.05235839917691,1.2251678756767888,5.349963031772404,9.070684594182467,12.369260426307847,14.582469981137024,16.024278375255562,17.10830071558496,18.052496318838735,18.938845166495753,19.789870782747585,20.607529927826818,21.38867953591648,22.130213015364916,22.830279561210773,23.48823962312258,24.10433645396415,24.67939252739143,25.21459492759618,25.711357160875423,26.17122916822632,26.59583103950513,26.986794000501504,27.34569979596472,27.67401540379933,27.97302404788138,28.24375599540258,28.486923926734107,28.702868014366913,28.891515468408898,29.05235839917691
NZL,Female,IschStroke,glp1,698.6591037034616,1.832036231455504,30.26641846556231,1.832036231455504,7.478631948214797,11.90959443245174,15.541415969389845,17.66845748177957,18.83618034053916,19.61807612191342,20.28974049224621,20.945813358373243,21.60818864118869,22.27510892931332,22.93904716982297,23.592313955593454,24.228437643602547,24.84227022328855,25.429803502034247,25.987980615165952,26.514557928338036,27.008007146670025,27.46743622375675,27.89251190766663,28.2833738159336,28.64053612954649,28.964777596043177,29.257023627662875,29.518226129502636,29.7492475349743,29.95075555983476,30.123134581596787,30.26641846556231
NZL,Female,IschStroke,diet,63.77989414545118,0.0,3.652166604220156,0.0,0.05132144449680709,0.11922929637830748,0.21372722754335882,0.3430943735299934,0.5108239289909307,0.7132174646094427,0.939999816929685,1.1779323347088848,1.414886868008125,1.6421658374019898,1.8548123991229204,2.0508060785641646,2.230008897644666,2.3932944052364746,2.5419637209183747,2.6774069496505035,2.8009336351676666,2.91370553319598,3.0167247662200225,3.110847904925322,3.1968089792126193,3.2752424383816106,3.346701926757305,3.411673530417829,3.470583671654822,3.523802589552133,3.571644659915137,3.614366862095949,3.652166604220156
NZL,Female,IschStroke,combo,761.2846710878841,1.832036231455504,33.85772082104495,1.832036231455504,7.5295253765243615,12.027233190723791,15.75138151421811,18.004645111800755,19.336137823180707,20.31587764896358,21.20948616474675,22.098680906871095,22.99347764865206,23.88356705473575,24.756516116578496,25.602602256282353,26.415170451328322,27.18988989260265,27.923998526363903,28.615781503134485,29.264265045133925,29.869050834775862,30.430223798517318,30.94828732008,31.42409907922729,31.858794731257603,32.2536959894187,32.610205512771245,32.92969435638156,33.213389343963854,33.46226807781545,33.676968759333704,33.85772082104495
ROU,Male,IschStroke,glp1,6616.0048948783915,21.28266437192906,218.9516264534068,21.28266437192906,94.70282395946924,153.29334089367512,199.91530902559862,223.97269306831186,233.88353011419713,237.92645843035461,239.90586852713386,241.1042132244147,241.87962434241854,242.33364142849314,242.52383746413398,242.5106928314308,242.35530852616284,242.1083939729906,241.8023814920889,241.44863511217045,241.03871246547715,240.54806508303955,239.94078206485574,239.1743932155514,238.2041383183605,236.98641511494498,235.4813317279295,233.65442197035009,231.47765233456084,228.92987543048002,225.9968817520712,222.67118216239032,218.9516264534068
ROU,Male,IschStroke,diet,113.18560822948166,0.0,5.262716312652628,0.0,0.14453127252818376,0.3189990736409527,0.5565965113692073,0.8729459612713981,1.2699792780986172,1.731083634078459,2.22527352484758,2.71774882482714,3.1799235208782193,3.593989029450313,3.952416093179636,4.2551119995478075,4.506360252154991,4.712449441623903,4.8801271183401695,5.015718235892564,5.124698839856137,5.2115529566472105,5.279792001914757,5.332058426247386,5.370265251567616,5.395742919947224,5.409377531901555,5.41173251595319,5.403150696332887,5.383836675438943,5.353921104724577,5.313509224568406,5.262716312652628
ROU,Male,IschStroke,combo,6727.592225304701,21.28266437192906,224.1549737240639,21.28266437192906,94.84614985430198,153.60824517391302,200.46264178947058,224.8293132778017,235.1288209275317,239.6238744258062,242.088642693765,243.7714628697322,245.00231996553703,245.86510167225788,246.40979113030698,246.69659333354866,246.79066708725804,246.74879155943927,246.6099593258732,246.39171164538493,246.09097275970998,245.68760150629168,245.14914750055686,244.43575125154894,243.50454723485745,242.313254128243,240.82286199156442,238.9994667310457,236.8153774239472,234.2496510088822,231.2882076343849,227.92366130574737,224.1549737240639
ROU,Female,IschStroke,glp1,7322.102341639351,27.95430429811313,240.63255114880667,27.95430429811313,132.21435418485635,194.0451534507847,244.94730734096447,265.384990562663,270.30445504848467,270.15817531391804,268.9873927021581,267.810362506174,266.7543831208859,265.76335687195024,264.7864683075568,263.80610670042006,262.82734163543137,261.86348632471345,260.92586089673205,260.01827333619076,259.13500298175495,258.2609879381889,257.3732189919174,256.44266318277005,255.43629432537637,254.31898971039845,253.05517515517568,251.61017927822104,249.95130466175397,248.0486480224863,245.87571094660598,243.4098426938981,240.63255114880667
ROU,Female,IschStroke,diet,168.55457220052995,0.0,7.231546257837181,0.0,0.4250497067696415,0.7840324557291751,1.2599277310473553,1.8709258995622804,2.6021503837328055,3.399285658240842,4.189959611991071,4.911301288037066,5.526703896648542,6.025927650411177,6.416287420288427,6.713379235214234,6.934826409822563,7.097040467957413,7.213947982272657,7.2967487506975885,7.354126638761954,7.392614040836634,7.416975020169048,7.430555013837875,7.435582287638681,7.433421173489478,7.4247819848351355,7.409893426418421,7.388642946636537,7.3606898483558325,7.325555390641966,7.282693622648367,7.231546257837181
ROU,Female,IschStroke,combo,7488.8443623696985,27.95430429811313,247.80200828525994,27.95430429811313,132.63585901565966,194.82001705030052,246.18854659200952,267.2256406575325,272.86409429327614,273.50343698563665,273.113638566163,272.6506707617227,272.2052332715175,271.7106200775779,271.12283007999577,270.43937346400344,269.68255875666364,268.88182745721497,268.06223101092473,267.2386505130926,266.4139727487236,265.5796271701365,264.7173516217372,263.80145730079676,262.8011547618589,261.6826996371601,260.4112446738509,258.9523644282963,257.27326546976474,255.34371883625863,253.136760387737,250.62920419671354,247.80200828525994
BGR,Male,IschStroke,glp1,3371.4232630675124,12.532309907449417,98.29324803924465,12.532309907449417,54.329528449844474,88.49414399522357,115.69489105950925,129.35405378163705,133.91052383174247,134.41158465275112,133.46155491336685,132.0821303714365,130.61654860658928,129.16319732582997,127.74285037697518,126.35542498576251,124.99637317121778,123.65989136620192,122.33865204416361,121.02318536885468,119.70170354384572,118.36040113300442,116.98406774990508,115.55684011503035,114.06296331613885,112.4874795304604,110.8168021089059,109.03916097396177,107.14492289434565,105.12679967040276,102.97996099066768,100.70206879304351,98.29324803924465
BGR,Male,IschStroke,diet,593.2636866354187,0.0,25.563252323387132,0.0,0.78215735975391,1.774835469901518,3.136517166707563,4.960200606443323,7.251787357439753,9.899519793878426,12.701722904672351,15.438928272616977,17.940645338616378,20.112353706190333,21.92682556652835,23.400823547033724,24.572944451670992,25.48839820097237,26.190548773816772,26.71715052246509,27.099294306417505,27.361697528509467,27.523542967437606,27.599456447866032,27.600436665647067,27.534667062271183,27.408194945666764,27.225486324163285,26.98987275862055,26.703907583569162,26.369647274728777,25.98887140842635,25.563252323387132
BGR,Male,IschStroke,combo,3956.505301037525,12.532309907449417,123.59137446976092,12.532309907449417,55.10516268822812,90.24585565664165,118.77832668909468,134.21988468852942,141.0192037654342,144.11643352101055,145.91921292977713,147.2339286379156,148.23562723767282,148.92856450040927,149.30539216316356,149.38133783358353,149.18894638177153,148.76632014894312,148.14846794500227,147.3629095672677,146.4283993622612,145.35546501650242,144.14781437388774,142.80403011824092,141.31923471580376,139.6865719870275,137.89844663533222,135.9475147162848,133.82744384237412,131.53347273329018,129.06280209503166,126.414846709833,123.59137446976092
BGR,Female,IschStroke,glp1,3713.2147835778615,16.05018504459622,109.35040099189428,16.05018504459622,66.53159039886305,102.92959957292624,131.43150038110798,144.85248363502797,148.7933776178961,148.86544939398482,147.68230739823957,146.13637623954492,144.4664292549569,142.7192989105897,140.90524870480112,139.03835914074625,137.1405024308333,135.2366144264197,133.3497727257054,131.4980316804449,129.69297727152298,127.93951515735898,126.23641812614733,124.57727689008789,122.95161389129498,121.3460093490321,119.74515222993978,118.1327716287069,116.49243167902569,114.80818993442699,113.06512845072393,111.24977102101548,109.35040099189428
BGR,Female,IschStroke,diet,772.6869140924937,0.0,31.10841478428665,0.0,1.4180579470685188,3.009986753706471,5.124594917599097,7.921666170243043,11.394938988925787,15.330091862362679,19.36834701711814,23.142749175289282,26.394897317417417,29.012305900694628,31.00066937390875,32.43412057670321,33.41282988393141,34.03672385115715,34.39297318537501,34.55212750107421,34.56865083845878,34.48321508027948,34.32537662992581,34.11603743141677,33.8694970185079,33.59508593114151,33.29843855080435,32.9824775701436,32.64817541499724,32.29514515946539,31.922101010757615,31.527218249733778,31.10841478428665
BGR,Female,IschStroke,combo,4476.861332224111,16.05018504459622,140.1800314189768,16.05018504459622,67.9378218713955,105.9015012793061,136.4731398951517,152.63206498445106,159.97945085536958,163.91994043602608,166.7161448527986,168.89912020626252,170.45114518933042,171.30524574966148,171.47434363749926,171.04329873623828,170.13127887969858,168.8610112902279,167.34130797405123,165.65988282829676,163.88228024999626,162.05382519319937,160.20275294336352,158.34355764961765,156.48011734650754,154.60842758712897,152.71890903295935,150.7983131379424,148.8312721191669,146.8015443125878,144.69300337545064,142.49041414685234,140.1800314189768
ISR,Male,IschStroke,glp1,587.376588391851,1.0248365180259498,28.703714985763327,1.0248365180259498,4.506395727985705,7.764717206154501,10.688760351203996,12.674971818389508,13.968141018103097,14.922211436086968,15.735150220034711,16.490026174185914,17.216383130392728,17.92270278667661,18.610286417627208,19.278704371140407,19.927757191187766,20.558030797509446,21.17089366230107,21.768284756762796,22.35244062972515,22.925627203756676,23.48990549355881,24.04694298782465,24.597873306468955,25.143201777856348,25.682752002167035,26.215647398212923,26.74032163709444,27.25455236481389,27.755513416148688,28.23984160469172,28.703714985763327
ISR,Male,IschStroke,diet,7.129436550605988,0.0,0.4841451192439763,0.0,0.0031463139040397436,0.007905795535180005,0.015008767070298745,0.025182623755426903,0.03891076453203368,0.05620431720308261,0.07655543544854027,0.09911293601146554,0.12294604032888401,0.14724332112496086,0.17139704188184623,0.1950036606717731,0.21782660882081473,0.239751563209893,0.2607473404875691,0.2808357209410133,0.3000694813836162,0.31851684466391816,0.3362506298117296,0.35334077065931524,0.369849249661911,0.3858267845973842,0.40131080856826884,0.4163244197070526,0.4308760679812167,0.4449598086168862,0.45855599546530357,0.4716323193185872,0.4841451192439763
ISR,Male,IschStroke,combo,594.3459652692685,1.0248365180259498,29.17736552354654,1.0248365180259498,4.509515801917701,7.772515103077694,10.703494230574506,12.699618139786367,14.006161558165559,14.97708765377297,15.809873029281789,16.586758812634457,17.33638197866219,18.06643257521921,18.77761803533747,19.469113519404686,20.140487040797098,20.792211245140606,21.425622586348936,22.042679914027076,22.645670151093782,23.23692491602901,23.818575633904402,24.392357587096285,24.95946459377319,25.520451316471963,26.075177820824138,26.622790067279993,27.161730012808675,27.689769558503485,28.20406342163801,28.701216924124765,29.17736552354654
ISR,Female,IschStroke,glp1,777.799280901278,1.5544258322765927,37.14571537212032,1.5544258322765927,6.7046051673098646,11.175162647190746,15.039818525601731,17.508539518806174,19.021414152002762,20.12103779568588,21.08845923650847,22.026778937201698,22.96090972478828,23.88800555002331,24.798213813987104,25.68234528392668,26.534252946637935,27.351136987079826,28.133072028445895,28.882287104348052,29.60242185688776,30.29785404413201,30.973135816513604,31.632548228741143,32.27976910354914,32.917642120223036,33.54803190308735,34.171749362852324,34.78853261090626,35.39707072590659,35.995059986605156,36.579284517932365,37.14571537212032
ISR,Female,IschStroke,diet,12.034657965564975,0.0,0.7514887519732838,0.0,0.008321941346480344,0.019313962243018068,0.03467768800828708,0.055871889526088125,0.08368152208390711,0.11780958711574385,0.15687938459313955,0.19890390709792882,0.24189002687921857,0.28424217884344216,0.32488803990554516,0.36322468422645215,0.3990002290643133,0.43219740372660453,0.46294253624432713,0.4914416436636202,0.5179379875867198,0.5426846947375452,0.5659273698540801,0.5878931932431897,0.6087842333056415,0.6287735498722213,0.6480031997487004,0.6665835813528247,0.6845937502666857,0.7020824556682328,0.7190697221465143,0.7355488512412194,0.7514887519732838
ISR,Female,IschStroke,combo,789.5986089146382,1.5544258322765927,37.88329894076924,1.5544258322765927,6.71285770442114,11.194217124453758,15.073878039580904,17.563265594651057,19.103271260582233,20.236221614605483,21.24183178572639,22.22126594594988,23.197489394142167,24.166092848764947,25.1161691968357,26.037932417401407,26.92498199211377,27.774494815319485,28.58666379635065,29.363915414297935,30.110124328354686,30.829913953674577,31.528075553370627,32.20911191122059,32.876898495372416,33.534448598440804,34.18376636084918,34.825771378157924,35.46027984996704,36.0860293025396,36.700736324827176,37.3011791396209,37.88329894076924
NGA,Male,IschStroke,glp1,17573.49949100168,33.04591241131857,907.6957311127844,33.04591241131857,141.99630253161376,237.29154689070128,317.9066070766421,367.515002121163,396.0625812054459,415.6563531382526,432.83739978768426,450.3105787794375,469.01940185901185,489.1964332601128,510.8006413563635,533.6872678321524,557.6714293775949,582.5509920841359,608.1142307659466,634.142074401585,660.4086918815883,686.6818507493881,712.7235839805799,738.2913465852253,763.1396997128977,787.0224967625763,809.6955143474988,830.9194517249707,850.4632082403477,868.1073370583181,883.647564616047,896.8982593502951,907.6957311127844
NGA,Male,IschStroke,diet,-256.57933631910055,0.0,-17.924291918359813,0.0,-0.1115772827215551,-0.27567877220280934,-0.516291307645588,-0.8567869797916501,-1.3124223327686195,-1.8835372738685692,-2.5547464627707086,-3.300980580450414,-4.0957495789152745,-4.916851990772557,-5.74830899112203,-6.579795116733294,-7.405131496947433,-8.220771031781624,-9.024618927673146,-9.815225470374571,-10.591279546788428,-11.351315685067675,-12.093562920425029,-12.815884398805792,-13.515773791441461,-14.190386859510909,-14.836594641696138,-15.451049890303693,-16.030261523694207,-16.570673700145562,-17.068747127130337,-17.52104071919166,-17.924291918359813
NGA,Male,IschStroke,combo,17321.950303044603,33.04591241131857,890.0889044813666,33.04591241131857,141.88565579329588,237.01960111688823,317.3996324205982,366.6760680412044,394.7793382841155,413.8157842961955,430.34131414677177,447.08514805572486,465.0166091354549,484.38993537675196,505.17972776745955,527.2513598260739,550.4260384201152,574.5051496402884,599.2790659357634,624.5301784607364,650.0339775336033,675.5596983149662,700.8711362981048,725.7278640362565,749.8869197988679,773.1049637661781,795.1408578105693,815.7586006554338,834.7305330759118,851.8407147325706,866.8883644036323,879.6912490083851,890.0889044813666
NGA,Female,IschStroke,glp1,18382.478036099015,31.963742537842336,993.7214974906674,31.963742537842336,136.44570698146708,226.94065718818092,304.67489834367734,353.9126322824959,384.06078398648606,406.59455752094436,427.5832695276986,449.38028506575574,472.6587708492734,497.44464843132664,523.5452306653133,550.7130178175357,578.7040554581399,607.2958330874098,636.2899402011462,665.5090691968144,694.7920019111334,723.9880088395585,752.9513008101203,781.5359034969297,809.5912319239942,836.9585959886608,863.4688233621928,888.941129898587,913.1832997982492,935.9931631049112,957.1612831056264,976.4746972268767,993.7214974906674
NGA,Female,IschStroke,diet,-291.7988918352312,0.0,-21.085784877446713,0.0,-0.11453266039097798,-0.28024175907921745,-0.5262731587718008,-0.881053322529624,-1.3648583013782627,-1.9818680723001307,-2.7181961311252962,-3.5477372138921055,-4.441202917812916,-5.372876107161574,-6.323324051056261,-7.279236307738756,-8.232069012934517,-9.17655344142986,-10.109487746180093,-11.028880375612061,-11.93338287869119,-12.821925909884158,-13.69348638784868,-14.546935459409724,-15.380935700290138,-16.193869612543494,-16.98379045832553,-17.748391904773598,-18.48499587805418,-19.190559235503315,-19.861699959961697,-20.49474299310532,-21.085784877446713
NGA,Female,IschStroke,combo,18096.0311886414,31.963742537842336,972.983729418891,31.963742537842336,136.33212951305904,226.66418278433775,304.1580101423133,353.04964401737016,382.7256586555486,404.6567994477846,424.9257037450552,445.9110811501814,468.31463214200267,492.187394329314,517.3557100236758,543.5851594059859,570.6402251583277,598.303636171906,626.380197094375,654.6946246767984,683.0870872021987,711.407959304699,739.5125017665268,767.2558855570387,794.4888679496507,821.0543691982821,846.7851448449437,871.5026872011586,895.017418800031,917.1301647550717,937.6348158522305,956.3220257947978,972.983729418891
EGY,Male,IschStroke,glp1,15409.82412870309,39.36365490939352,657.4243770701796,39.36365490939352,175.1133322211026,272.5450088144353,359.52643309193445,404.8885030034253,427.35433965938864,440.250482813437,451.0174099077085,461.8494931972673,473.3680686935986,485.55048926127347,498.2604654825918,511.34668355456233,524.6786131907138,538.1388887902358,551.6136556373385,564.9831634690272,578.1160020466341,590.8664433009617,603.0745149446884,614.5681647156889,625.16697927106,634.6869661822711,642.9459684491812,649.7693269107403,654.9954507557413,658.4810018998105,660.1054487206784,659.7747987380208,657.4243770701796
EGY,Male,IschStroke,diet,-219.75328603864546,0.0,-12.858044078871899,0.0,-0.24155923131183954,-0.4688684198699775,-0.8081873083901883,-1.2734959982117289,-1.8733380959347414,-2.583297959590709,-3.358032863223343,-4.147755234502256,-4.913954106028541,-5.634608935499273,-6.301647116488311,-6.91580904264265,-7.482202010352921,-8.007393497537123,-8.497806703919196,-8.958953786823258,-9.395139132895565,-9.80940420825209,-10.203588988246338,-10.578446991661622,-10.933784228007426,-11.26860872668476,-11.58128461537126,-11.869687491940567,-12.131358546474075,-12.363654805987608,-12.563892613317876,-12.729481300608313,-12.858044078871899
EGY,Male,IschStroke,combo,15193.251224590167,39.36365490939352,644.7278063163758,39.36365490939352,174.87378757185434,272.0818090619032,358.7311151592985,403.6376854106966,425.5156012537227,437.71482707240284,447.7202163710099,457.7750822865928,468.5387905848984,480.01056602818426,492.06226205335406,504.5419934499223,517.3143135743085,530.2554622483731,543.2453006313008,556.1586683492787,568.8599184522755,581.2003196259393,593.0180738704075,604.1403710558589,614.3869737940258,623.5748543313821,631.523458910815,638.0602182485381,643.02596688419,646.2799798023334,647.7043847065361,647.2077625749953,644.7278063163758
EGY,Female,IschStroke,glp1,10989.361280004268,36.5276389544415,481.60989389920724,36.5276389544415,146.19136197524494,209.89934622898727,267.0650652072254,290.88202008379085,300.8272002239137,305.77214217480287,310.85334189472997,317.09978315719127,324.66151867891676,333.3085159631373,342.7981105005492,352.91695655975855,363.49144246579453,374.3737943551241,385.42981593863806,396.52926217402637,407.53988061357086,418.3243822310833,428.7397273768074,438.6381442208367,447.86941000601655,456.28399591711786,463.73672850256844,470.0906599989321,475.2208769275894,479.0180158420044,481.3912988793163,482.27094905294507,481.60989389920724
EGY,Female,IschStroke,diet,-169.26965736430793,0.0,-10.127214774227468,0.0,-0.2639484716601146,-0.43854634986564633,-0.7122366114017495,-1.0756092110459576,-1.5329517302634486,-2.0619463092371006,-2.628273835780419,-3.1976887613127474,-3.7463150681323896,-4.262450151662051,-4.743488298547163,-5.191908444845467,-5.612272405389376,-6.0094590830667585,-6.387788552285201,-6.750664062259602,-7.1004802616807865,-7.438655548998213,-7.765717143767688,-8.081406499069999,-8.38479205234762,-8.67438487043546,-8.948255833391158,-9.204153572325595,-9.439621963938407,-9.652115347424115,-9.83910911224666,-9.998203037699568,-10.127214774227468
EGY,Female,IschStroke,combo,10822.474205483206,36.5276389544415,471.6076326163384,36.5276389544415,145.9296148098765,209.46577386007266,266.3636566062778,289.8245873967862,299.32107203349733,303.7462067923516,308.27021496894304,313.9558312682857,320.9767483885953,329.1145963517338,338.1293917623989,347.80542917415005,357.96465653789346,368.4545242368258,379.1365936048787,389.87726835124704,400.5419305478754,410.99188301182585,421.08355418543215,430.66941488732846,439.6001501596911,447.7276914640752,454.90876354315697,461.0086391022778,465.9048318846835,469.49049885207205,471.6773664710927,472.39804365910095,471.6076326163384
BGD,Male,IschStroke,glp1,17522.27315966533,33.537769836289954,808.2474267683938,33.537769836289954,150.22859344007884,255.7945277019935,347.82681831191803,406.2164377430454,440.96691841161373,465.1605608520549,485.70852618338904,505.240220090378,524.511027383036,543.6142185764911,562.4639790415822,580.9623215371466,599.0442939163768,616.6801442841024,633.8644118545053,650.6028655165355,666.9009842240193,682.7549911445967,698.1454961679265,713.033493142706,727.3583894200856,741.037758447339,753.9685399754599,766.0294434733005,777.0843310043056,786.9863657458918,795.5827144782525,802.719590992514,808.2474267683938
BGD,Male,IschStroke,diet,7098.468335978443,0.0,445.47687786613824,0.0,3.9833668776445847,9.71014763337007,18.065931223285588,29.849879332719865,45.504269499022485,64.87174989805135,87.1950096425644,111.3817570455576,136.33982671124977,161.19447765377845,185.35066237358114,208.45962534416321,230.35393597892835,250.98580922376277,270.37985941579245,288.6002549286495,305.72892285142007,321.8513986788166,337.047756497268,351.386902932878,364.92314747682394,377.69437548992573,389.7214049433751,401.0082580231392,411.54316353370086,421.300151440053,430.24112314183003,438.31829032095266,445.47687786613824
BGD,Male,IschStroke,combo,24492.51791706663,33.537769836289954,1246.438766043706,33.537769836289954,154.17873939960555,265.37496047810055,365.574162930905,435.4639106576942,485.49964901401836,528.6224884490948,571.0104809060394,614.2286441065917,657.9648523386059,701.454922630779,744.0275416240329,785.239461770565,824.8578502374221,862.8025252311709,899.0890201290022,933.7834428694041,966.9696054694141,998.7261433098029,1029.1111939252369,1058.1527164119761,1085.843073344644,1112.1369112400207,1136.9516564403966,1160.1701198569062,1181.6448069435137,1201.2035832461188,1218.6563696013836,1233.8025486241895,1246.438766043706
BGD,Female,IschStroke,glp1,18582.301352663733,50.67295858585567,913.528014185169,50.67295858585567,185.97363680820854,285.545956685728,368.9970572945749,419.3648076786849,447.5308505356479,468.04148058990177,486.7622566637874,505.69767377247626,525.201303356087,545.2285936280095,565.6603279979463,586.4040623258043,607.4011677689195,628.6165410678077,650.0247682533882,671.5980676785184,693.2963685640934,715.0594639657866,736.801107690364,758.4050619647678,779.7231609938026,800.5754457817384,820.7523574408406,840.0188756559146,858.1203782674784,874.7898958316073,889.7563551439453,902.753356486879,913.528014185169
BGD,Female,IschStroke,diet,9253.438338549957,0.0,595.8168276498182,0.0,7.371330997757468,15.844998512446182,27.747953051719378,44.116921803077275,65.45387967880743,91.31509811087744,120.46536178633687,151.33477210174897,182.50879625991365,212.98485093415366,242.1934383862681,269.9004255245163,296.08846816301957,320.86103602490766,344.37705275401095,366.810423814808,388.3264151435942,409.06843377849873,429.15092525611544,448.65582090053795,467.63111474455945,486.09084573407745,504.0161504271673,521.3572462120428,538.0362814711843,553.9509973757231,568.9791190179676,582.9833529343014,595.8168276498182
BGD,Female,IschStroke,combo,27692.82221344875,50.67295858585567,1501.0860653365817,50.67295858585567,193.28349157467892,301.19113059124356,396.29106423849953,462.6697977101612,511.72683761030567,557.5896603317924,604.9208526044968,654.1880322816578,704.3549733637483,754.3879679831662,803.6021702414364,851.668797514154,898.5066813766898,944.1780674136462,988.8105817402029,1032.545265551038,1075.503251099377,1117.7647338960887,1159.3559186714338,1200.2414271162634,1240.3208348379994,1279.4286778706373,1317.3375843429094,1353.7642789146266,1388.3781730277406,1420.8121607798457,1450.6751342132775,1477.565642629197,1501.0860653365817
USA,Male,IschStroke,glp1,36955.62956678237,74.55530289009039,1498.027878527253,74.55530289009039,326.4932930746727,561.3606324059001,770.7867194743521,910.9023626803319,999.6940871258994,1062.9355242036909,1114.9177179850594,1161.5387152864423,1204.8155572642063,1245.2496071428322,1282.8261497451167,1317.402402460095,1348.848564787375,1377.093069243274,1402.1314464840689,1424.0216194367968,1442.8742920785444,1458.8417388123635,1472.106312337739,1482.8692680085223,1491.3402457740885,1497.7276540338644,1502.2301523763163,1505.0293937912502,1506.2841495782923,1506.125899146704,1504.6559226186073,1501.9438880086236,1498.027878527253
USA,Male,IschStroke,diet,2542.9688060766275,0.0,152.7129926848138,0.0,1.2008100026941975,3.0538361740254913,5.848379658047634,9.870767242893635,15.30738657539041,22.153139576665126,30.19307592568657,39.073024899516895,48.40505666739773,57.84670360961172,67.13446279909112,76.08424052597547,84.57725978444796,92.54338599613402,99.9469078884722,106.7758888918761,113.03463987217401,118.73849157399673,123.91012721297739,128.5769309856405,132.76899104345648,136.51753313482914,139.85365468714735,142.80728854548943,145.40636108416948,147.6761289707938,149.63868818854098,151.31265187467216,152.7129926848138
USA,Male,IschStroke,combo,39442.6686135255,74.55530289009039,1647.5421267753263,74.55530289009039,327.6840884309713,564.3728161245381,776.528139260583,920.5634153325591,1014.6524251237279,1084.567416849306,1144.3917707360451,1199.6791442366666,1252.0686000217247,1301.727349558947,1348.383177517957,1391.7130341780867,1431.4704630618362,1467.514676497798,1499.8056072534964,1528.388846852191,1553.378706274627,1574.9419099788065,1593.2825241024111,1608.6281886910147,1621.2176440627227,1631.2895782421838,1639.0728659171,1644.7782907664805,1648.5918401718518,1650.6696393346501,1651.1345566179807,1650.0744686638209,1647.5421267753263
USA,Female,IschStroke,glp1,45413.31841592438,117.73023305837705,1810.6872366750322,117.73023305837705,482.3019962234539,785.1435723034956,1039.4654163200903,1195.1142466802849,1284.4904483744322,1344.6954529195937,1394.4785220200865,1440.7013772578212,1485.163788196267,1527.8946528730594,1568.4404989573086,1606.316190488098,1641.1413715534436,1672.667070225114,1700.7672091509885,1725.4207949485863,1746.69291669238,1764.7166999823676,1779.6765535623854,1791.7926413264358,1801.3065229704516,1808.4679976229672,1813.5232579378207,1816.7044981247745,1818.221122401752,1818.2526790932461,1816.9436079264706,1814.3998400577984,1810.6872366750322
USA,Female,IschStroke,diet,3645.1200575487164,0.0,213.32191829918884,0.0,2.155113640546915,5.222137470351299,9.672645431171986,15.94135352790181,24.28358754873625,34.644034490178456,46.64533241916797,59.71470744602266,73.2553729214269,86.76571692795551,99.88122685790586,112.36495461851882,124.0784422577708,134.9520561362733,144.9616920169792,154.11255504396104,162.42853240310797,169.94539114717918,176.70638341725862,182.75928521470632,188.15425847035658,192.9421813989611,197.17325699838693,200.8958098112198,204.1552384365059,206.9931214125536,209.44648745149607,211.54726433292672,213.32191829918884
USA,Female,IschStroke,combo,48985.28689734997,117.73023305837705,2020.018338669368,117.73023305837705,484.43913641192194,790.2951655334473,1048.9640891257732,1210.724720975093,1308.236526477951,1378.55308089529,1440.0586264386075,1499.0573640247603,1556.766728836883,1612.7251187110378,1666.1217038286268,1716.2381977566693,1762.5571977351792,1804.7599985548877,1842.6954458427062,1876.3463190362381,1905.7999523757899,1931.2235311668046,1952.843025385475,1970.924747303652,1985.758882533657,1997.6446828002518,2006.8772422691109,2013.735912948614,2018.4744737024448,2021.3131756477233,2022.432762174416,2021.9705171292153,2020.018338669368
JPN,Male,IschStroke,glp1,25106.410350494298,71.13936265725351,902.6278736116219,71.13936265725351,305.81671120041574,511.56219034022797,683.7610389071488,786.0892039974569,838.9009402466181,867.30724606679,884.7606564106536,896.8457427381654,905.6974617153319,912.1824041065847,916.76198919116,919.7908146658301,921.5991352108031,922.5003294526177,922.7772512129523,922.6671033036619,922.3511795756349,921.9506926902104,921.5279852386884,921.0917986947097,920.6051941204278,919.9948676279164,919.1608420318444,917.9857754605036,916.3433725763462,914.1055965102205,911.1485518068948,907.3570391256071,902.6278736116219
JPN,Male,IschStroke,diet,4418.221990476377,0.0,235.87616887244803,0.0,3.5158307420570054,8.681511185837735,16.077163579429907,26.176765948388493,39.10823192943644,54.49003851680027,71.491451822425,89.09380919938121,106.37358426694846,122.66321461397456,137.57643945685413,150.95693578937062,162.80619820407446,173.21961833476962,182.3392837516585,190.32256086496636,197.32277564927062,203.47834519363823,208.9075284444698,213.7067902822091,217.95140861030814,221.69739853563078,224.98412901534175,227.83721214997058,230.27138729531725,232.29322300184867,233.90353265857266,235.09945256097853,235.87616887244803
JPN,Male,IschStroke,combo,29433.23395534377,71.13936265725351,1133.9509290253773,71.13936265725351,309.30322023329063,520.1258065964939,699.5467529283706,811.7173825561185,877.1339659131481,920.5453416159144,954.5979962473139,983.8837759208327,1009.635544654644,1032.066151723935,1051.2570851902638,1067.4073035680485,1080.8457368536765,1091.976579872724,1101.2196385605203,1108.9645106476964,1115.5413937058547,1121.2062089717365,1126.1365932509361,1130.4354855372876,1134.139569240171,1137.2304104060677,1139.646662916406,1141.296169862173,1142.0671733353156,1141.838155666912,1140.4860785914716,1137.8929690938166,1133.9509290253773
JPN,Female,IschStroke,glp1,21771.316232882105,76.98565195309493,772.1388123549696,76.98565195309493,307.85507087333826,485.77663067560206,624.7862741701902,699.8353240085416,734.5605828096304,752.1916226903268,763.7028288481233,772.8789248600297,780.6745217544303,787.1661358169004,792.2624316590736,795.9234270244633,798.2046467993787,799.2441997735514,799.2348188926044,798.3954366626931,796.9471098946233,795.0946025578523,793.0136122897238,790.8430838068598,788.6818194425796,786.588513354669,784.5843411054448,782.6572998514166,780.7675951238489,778.853491052243,776.8371680380224,774.63025473788,772.1388123549696
JPN,Female,IschStroke,diet,4292.627864102244,0.0,216.3430895765341,0.0,4.403464407885622,10.376618798298296,18.592942637726082,29.559772364984383,43.373426013742574,59.561911834127386,77.1767987763742,95.09819842346042,112.34627720762364,128.24431557676144,142.42988853100542,154.78702900405915,165.36269750536303,174.29736577434232,181.77630850438436,187.99853265634738,193.15821676218184,197.4342978067143,200.98515678466356,203.94645089207188,206.43088843829173,208.52920647263818,210.3118850021565,211.83129076654586,213.12403774500126,214.21341084439337,215.1117402017553,215.82264479281002,216.3430895765341
JPN,Female,IschStroke,combo,25977.918939108225,76.98565195309493,984.4180572985206,76.98565195309493,312.2218107878434,496.0130953655171,643.0451181246171,728.7829251321091,776.9777053233629,810.4093001036235,839.130661827352,865.8338558036121,890.5150324098067,912.5866380110456,931.5995089211283,947.3965670745602,960.0758499026779,969.9099920215813,977.2707235490961,982.5700355852605,986.2178724276455,988.5934296781561,990.0270818970312,990.7904835740483,991.0928801122791,991.0820325737004,990.8484314904854,990.4316934930903,989.8282271047647,988.9994328091561,987.879869758297,986.3849749947622,984.4180572985206
GBR,Male,IschStroke,glp1,7426.402905936397,18.62367483234084,297.648896133609,18.62367483234084,80.25555009639174,134.12843432087357,179.37349302599068,206.5662480089759,221.17144767685022,229.84161472238338,236.1122898063877,241.42566095496295,246.30488416361368,250.92958503909358,255.36196054700486,259.6255013510181,263.729115011718,267.6732618193528,271.4513554849909,275.0506797847247,278.45380166691757,281.6403947681665,284.58913932930227,287.27939831849653,289.6924799419194,291.8124081353835,293.62621044720436,295.12379213967324,296.2974989705817,297.1414839723948,297.6509909734523,297.82165449262175,297.648896133609
GBR,Male,IschStroke,diet,462.915509817798,0.0,26.51718997541684,0.0,0.3232414010381035,0.7927988159754022,1.4677234977425542,2.399929341081588,3.610395286397761,5.071327724479488,6.70979687941508,8.432193872782591,10.15217480008323,11.806999565042133,13.36021451787019,14.796447570506643,16.114135053838254,17.31926083770668,18.42099343306836,19.42905808922842,20.352373700112366,21.198500312391843,21.973553522468137,22.68235455248214,23.328672501540495,23.91547645256651,24.445155220000743,24.919687614697978,25.340761035453397,25.70984443854286,26.02822565032693,26.297024155541294,26.51718997541684
GBR,Male,IschStroke,combo,7879.740732409018,18.62367483234084,323.64883903195187,18.62367483234084,80.57609569348824,134.9104891914685,180.81468745318307,208.91606574420985,224.70140912886927,234.79705419582933,242.66780199497407,249.66460177682166,256.2262406660375,262.4708737002038,268.42482524505067,274.09629567471893,279.49242352899273,284.61932422249265,289.4792302399401,294.0688328928136,298.3793528837559,302.3978134593508,306.10884800266285,309.49651644482947,312.54580030142097,315.24361706189666,317.5793216016573,319.5447462651846,321.13387958212115,322.34230458475577,323.16651903533784,323.6032479726582,323.64883903195187
GBR,Female,IschStroke,glp1,8990.414215535073,26.71225931662775,362.69486584762126,26.71225931662775,110.68557728436463,177.42042644081084,230.7744097798677,260.2366733406052,274.3345717152333,281.95174917700206,287.40251814932344,292.2382929169835,296.9058887814499,301.49632711610684,306.0127285409071,310.4489912337049,314.80433172042467,319.0801278372419,323.2745976940969,327.37956447010583,331.37971871890113,335.25367935418035,338.9760035900981,342.5194503552593,345.8570223468523,348.96351562421114,351.8164674582513,354.3965098460394,356.6872123125504,358.6745404345347,360.34607331242296,361.69012081929395,362.69486584762126
GBR,Female,IschStroke,diet,661.8826522677118,0.0,36.2549544870235,0.0,0.6364228344536969,1.4798143714615435,2.6337034899552236,4.178468344798603,6.1351817317518,8.440946180726314,10.961576082947431,13.537488173715246,16.031214685175655,18.351879125344567,20.455719537319965,22.334245198984718,24.00031343794035,25.476997477198893,26.790258559612994,27.964792878941807,29.022067017682275,29.97969493382334,30.851555641245795,31.6482653723142,32.377772511277726,33.04594555387666,33.65708850795636,34.214357216387725,34.72007308497268,35.17594355579422,35.58320512751743,35.9427071475111,36.2549544870235
GBR,Female,IschStroke,combo,9639.869854663853,26.71225931662775,398.3158724674686,26.71225931662775,111.31669241016061,178.88042329732525,233.36148170591696,264.33037642115596,280.33801388413485,290.2082139297927,298.1248607230882,305.48350582547937,312.59626192707947,319.4647049302257,326.04846879755496,332.3324949519629,338.32804277713876,344.0586723579472,349.54774644142526,354.8111061411364,359.8543808055765,364.67341186307385,369.2563559750415,373.5863946046411,377.64434773619723,381.4107925537319,384.8675124497895,387.99825680113645,390.78889087630523,393.22707084468493,395.30160215667274,397.00163969138157,398.3158724674686
DEU,Male,IschStroke,glp1,13969.20002050362,34.89177360160102,532.4807955385186,34.89177360160102,151.70227186810735,257.1452246554254,345.96562002854625,399.1830120169361,426.9474182193808,442.33643047354417,452.6850987600519,461.24280740911854,469.31449578289175,477.3635317825392,485.4875839013657,493.6208131825333,501.6254615312464,509.33798992709126,516.5948330502833,523.2475853880533,529.1717678782297,534.2712079013509,538.4792422422324,541.7575999472137,544.0936427234301,545.4965266494764,545.992760287867,545.6215554805094,544.4302925588418,542.4703499733441,539.793479929267,536.4488478146232,532.4807955385186
DEU,Male,IschStroke,diet,904.4747399485605,0.0,51.16878445882685,0.0,0.591347258316091,1.4771407566513517,2.756505197041406,4.509858732661087,6.7635090804578795,9.46636616928663,12.500458284921478,15.720011632445676,18.99149598081931,22.214517647531466,25.323504816071363,28.279801962118654,31.062250601054984,33.65986549317313,36.06721865678264,38.28195256383333,40.303643900064344,42.13339507715136,43.77374455350218,45.22866063749825,46.503501496321405,47.6048967984716,48.54054766256377,49.318962605273555,49.94915578099608,50.44033506854976,50.80160471808631,51.041702358088514,51.16878445882685
DEU,Male,IschStroke,combo,14853.607001359152,34.89177360160102,582.5749235605799,34.89177360160102,152.28868734398202,258.6021992684982,348.67165362842206,403.5969494585661,433.5565494377952,451.57982722976885,464.88745448551344,476.58684086856374,487.8526442963703,499.05014510038745,510.2128369303209,521.2369514220227,531.9638795128849,542.2191719023795,551.8337900345432,560.6568633462375,568.5633449859015,575.4579922192606,581.2764822031568,585.9842900534422,589.5738919130708,592.0608128385938,593.4789910074287,593.8758715825825,593.3075775323086,591.8344343036224,589.5170541253392,586.4131171660083,582.5749235605799
DEU,Female,IschStroke,glp1,15681.87743211371,43.285814737082546,602.6127369650421,43.285814737082546,185.66995472815324,309.4641411230041,411.36320538568543,469.4025338848587,496.64797604014166,509.2230117722502,516.0862887264957,521.2142008866977,526.2385756262993,531.7769198732458,537.9951538189562,544.8433131931561,552.1630599641903,559.7442295209803,567.3589323193446,574.7838047676669,581.8146801266557,588.2757502578461,594.0244964294761,598.9533413584613,602.9888035667645,606.0888193164537,608.2388047906243,609.4469502053398,609.7391629098347,609.1540055557853,607.7379069534545,605.5408573097629,602.6127369650421
DEU,Female,IschStroke,diet,1164.655441258721,0.0,63.8958622114078,0.0,0.9875167112841154,2.3775554328021826,4.323279199365061,6.931579162581329,10.211603610201564,14.04761860445069,18.228903313989576,22.521690801779187,26.734129518394184,30.74333471409409,34.48925181744198,37.95458491091631,41.14509353318863,44.07574605591799,46.7628850789697,49.220727626969165,51.46044669047842,53.49054764367611,55.317739690013696,56.9478616708584,58.38665084285094,59.640277205315215,60.71563863025585,61.62044795113252,62.363157967076404,62.95277342445115,63.39859590687047,63.709941331988375,63.8958622114078
DEU,Female,IschStroke,combo,16822.178608969716,43.285814737082546,665.2541806805057,43.285814737082546,186.64923563971388,311.8094232581934,415.60813897712796,476.18891597599577,506.63124793496536,522.9482748808441,533.8939822161374,543.2167018759828,552.3606050651142,561.8226255980553,571.7094018898533,581.9535036144625,592.4017533061597,602.8582539488052,613.110818122168,622.9497737131205,632.1817140447056,640.6390102325349,648.1855828236548,654.7194531192108,660.172647079824,664.5090399301153,667.7207083120302,669.8233112839262,670.8509616016163,670.8509810131764,669.8788619543775,667.9936861402566,665.2541806805057
GLB,Male,IschStroke,glp1,1371342.7547238981,2590.519457508344,60483.723608698696,2590.519457508344,11597.919529740931,20036.170570450835,27571.726730857277,32552.598553946475,35619.53902015113,37734.13195156818,39444.751896928996,40988.15588983847,42453.768340154085,43871.409822102636,45248.745871860534,46585.91076559853,47880.85700946348,49131.127472987864,50334.313150033355,51488.066942780744,52589.99517776165,53637.53687610151,54627.86223456543,55557.79536425555,56423.759799710475,57221.7456249129,57947.299007686786,58595.536449640524,59161.18649618374,59638.66098425258,60022.15638191672,60305.7837422397,60483.723608698696
GLB,Male,IschStroke,diet,122983.47702720226,0.0,7530.847974381875,0.0,67.46323612309061,167.45340296206996,313.9586716159247,520.1200263241772,793.3455644727219,1131.1105700647458,1520.7907119137235,1943.9116216558032,2381.692300492432,2818.7819056636654,3244.459771284368,3652.1824576635845,4038.5257072402164,4402.135282058734,4742.909804083873,5061.435957022477,5358.625442338176,5635.4934768653475,5893.029679376166,6132.126545609441,6353.542695418,6557.886708186939,6745.613138425164,6917.025983831845,7072.287117905915,7211.4284806651995,7334.367479254957,7440.925314301625,7530.847974381875
GLB,Male,IschStroke,combo,1491947.3347674604,2590.519457508344,67883.20116010774,2590.519457508344,11664.820128599647,20201.35771391564,27880.027527302038,33061.908131842734,36395.31717284629,38839.588787130546,40930.89360959502,42888.01322949724,44782.049860750325,46627.81367564853,48422.45625117561,50159.66491635004,51833.988941135816,53441.593270313926,54979.92131307535,56447.15810155636,57841.76700989669,59162.15188103076,60406.4283932806,61572.275927459355,62656.8462540498,63656.71406258037,64567.8619107157,65385.69726891536,66105.10195978824,66720.51487898454,67226.04800852574,67615.63396388199,67883.20116010774
GLB,Female,IschStroke,glp1,1258485.1992390985,2730.429741144413,56311.42254989408,2730.429741144413,11930.399803468725,20007.817052770173,26932.615261352854,31184.023635187885,33553.855306960875,35068.08776448807,36281.62156958319,37418.11294240877,38551.041576869786,39696.293641566765,40850.34325845633,42004.554566022474,43150.07974508777,44279.25955996523,45385.80188346701,46464.582059727516,47511.361713596154,48522.519032060634,49494.81176335737,50425.17230447801,51310.530566318426,52147.66244337987,52933.06484332774,53662.86055195844,54332.737191197,54937.924195436295,55473.21035037516,55933.00236519147,56311.42254989408
GLB,Female,IschStroke,diet,129313.89822996454,0.0,7876.478968689218,0.0,86.66385376360267,207.05531605146825,377.8669003341347,613.5428694481961,920.898557710927,1294.781981036067,1718.7374532613903,2170.7190051646903,2629.7714078864083,3080.041704570409,3511.593523411546,3919.366519553587,4301.630206086207,4658.634165391326,4991.650771952234,5302.373875245452,5592.5739865144715,5863.9175434676,6117.882916477509,6355.729453905486,6578.493249111343,6786.994801727124,6981.850891100243,7163.487223958131,7332.150814089924,7487.922296734061,7630.728918510489,7760.359054811299,7876.478968689218
GLB,Female,IschStroke,combo,1385500.861297589,2730.429741144413,64062.60196552519,2730.429741144413,12016.340888560051,20212.1005535007,27303.800797907636,31785.149773901096,34455.04432840017,36334.68594624521,37963.02934266906,39542.23805698892,41125.29762350535,42712.53783816099,44290.63348033745,45845.90978100104,47367.74237126438,48848.64464255562,50283.5119188549,51668.83280540723,53002.06866818853,54281.20481038559,55504.4291843269,56669.89542839723,57775.540190925356,58818.938013574574,59797.1871447633,60706.826128582936,61543.78435295774,62303.370641599875,62980.30313390074,63568.78174405685,64062.60196552519
CHN,Male,CKD,glp1,29093.843406424145,0.0,1683.9341519202717,0.0,15.70681304106256,49.486855165087036,107.1346207424649,184.4950612111279,272.5666678669513,364.6943228599848,457.44061737292213,549.1885550131847,639.1187301039317,726.7340679687914,811.6720009105338,893.636097982424,972.3718723654165,1047.6573918911163,1119.2984989600664,1187.1256934834964,1250.9920871571376,1310.7723414090142,1366.3624220461352,1417.679840670913,1464.6639734650962,1507.276077620074,1545.4987358558428,1579.3346076268936,1608.8045136637666,1633.945001635555,1654.8056205173925,1671.4461658974906,1683.9341519202717
CHN,Male,CKD,combo,29093.843406424145,0.0,1683.9341519202717,0.0,15.70681304106256,49.486855165087036,107.1346207424649,184.4950612111279,272.5666678669513,364.6943228599848,457.44061737292213,549.1885550131847,639.1187301039317,726.7340679687914,811.6720009105338,893.636097982424,972.3718723654165,1047.6573918911163,1119.2984989600664,1187.1256934834964,1250.9920871571376,1310.7723414090142,1366.3624220461352,1417.679840670913,1464.6639734650962,1507.276077620074,1545.4987358558428,1579.3346076268936,1608.8045136637666,1633.945001635555,1654.8056205173925,1671.4461658974906,1683.9341519202717
CHN,Female,CKD,glp1,30414.737050430398,0.0,1832.5509183535469,0.0,15.072423070552759,47.59845684852917,103.29384998638125,178.40704762724636,264.5379099864658,355.47670053111506,448.0330832731561,540.7058305677201,632.7106414510199,723.5320751386316,812.7516226192529,899.9907431662577,984.8958428975457,1067.1362380180944,1146.404913774386,1222.419234339206,1294.921294826825,1363.678222303788,1428.4826668533206,1489.1534980110882,1545.5365386871272,1597.505085859637,1644.9599789771892,1687.8290531572711,1726.065920677327,1759.6481318564038,1788.5748549176933,1812.86427265362,1832.5509183535469
CHN,Female,CKD,combo,30414.737050430398,0.0,1832.5509183535469,0.0,15.072423070552759,47.59845684852917,103.29384998638125,178.40704762724636,264.5379099864658,355.47670053111506,448.0330832731561,540.7058305677201,632.7106414510199,723.5320751386316,812.7516226192529,899.9907431662577,984.8958428975457,1067.1362380180944,1146.404913774386,1222.419234339206,1294.921294826825,1363.678222303788,1428.4826668533206,1489.1534980110882,1545.5365386871272,1597.505085859637,1644.9599789771892,1687.8290531572711,1726.065920677327,1759.6481318564038,1788.5748549176933,1812.86427265362,1832.5509183535469
IND,Male,CKD,glp1,20138.381322004163,0.0,1243.5327370377054,0.0,10.316949810447113,32.65736973319872,70.98350373728317,122.58033671524026,181.3598972447944,242.74842939649534,304.3735621711239,365.1621911208931,424.64512791714515,482.6159923037776,538.983606164853,593.7093687713204,646.7793915788643,698.1905314834585,747.9420283932268,796.0295624539285,842.4405832502089,887.1505590889574,930.1200878600066,971.2928997467534,1010.5947886069189,1047.933484948153,1083.1994513644313,1116.267550293749,1146.9995071971061,1175.2470701983693,1200.855749323542,1223.6690040922113,1243.5327370377054
IND,Male,CKD,combo,20138.381322004163,0.0,1243.5327370377054,0.0,10.316949810447113,32.65736973319872,70.98350373728317,122.58033671524026,181.3598972447944,242.74842939649534,304.3735621711239,365.1621911208931,424.64512791714515,482.6159923037776,538.983606164853,593.7093687713204,646.7793915788643,698.1905314834585,747.9420283932268,796.0295624539285,842.4405832502089,887.1505590889574,930.1200878600066,971.2928997467534,1010.5947886069189,1047.933484948153,1083.1994513644313,1116.267550293749,1146.9995071971061,1175.2470701983693,1200.855749323542,1223.6690040922113,1243.5327370377054
IND,Female,CKD,glp1,18115.556708070842,0.0,1102.7520775314042,0.0,9.744660339521943,30.70974859308626,66.44345873675775,114.18944219736295,168.1613286098218,224.13838530518115,280.0144710037348,334.8892744512341,388.39956612256356,440.40240074577014,490.8438243189448,539.7061753172966,586.986123046474,632.6843386526307,676.7995892571635,719.3246651920927,760.2432768099679,799.5276754786901,837.1369575196586,873.0160634784843,907.0954862158396,939.2916855519143,969.5081872040028,997.6373237835942,1023.5625569704425,1047.161303052082,1068.3081690116524,1086.878493573473,1102.7520775314042
IND,Female,CKD,combo,18115.556708070842,0.0,1102.7520775314042,0.0,9.744660339521943,30.70974859308626,66.44345873675775,114.18944219736295,168.1613286098218,224.13838530518115,280.0144710037348,334.8892744512341,388.39956612256356,440.40240074577014,490.8438243189448,539.7061753172966,586.986123046474,632.6843386526307,676.7995892571635,719.3246651920927,760.2432768099679,799.5276754786901,837.1369575196586,873.0160634784843,907.0954862158396,939.2916855519143,969.5081872040028,997.6373237835942,1023.5625569704425,1047.161303052082,1068.3081690116524,1086.878493573473,1102.7520775314042
BRA,Male,CKD,glp1,11009.569095893443,0.0,695.8942478045501,0.0,5.097921430871793,16.10314263141845,34.98151445679832,60.56799623091865,90.1207088698211,121.56640824024726,153.80287569352367,186.28958978032824,218.73955584549913,250.97176969141583,282.8497749829403,314.2574956435492,345.0900660020925,375.2504553392864,404.64820288059127,433.19880974601256,460.82323294536764,487.44729574013036,513.0009854182426,537.4176773770669,560.6333519690743,582.5858776513851,603.2144294581958,622.4591003319074,640.2607473231401,656.561097193,671.3031181070401,684.4316471090278,695.8942478045501
BRA,Male,CKD,combo,11009.569095893443,0.0,695.8942478045501,0.0,5.097921430871793,16.10314263141845,34.98151445679832,60.56799623091865,90.1207088698211,121.56640824024726,153.80287569352367,186.28958978032824,218.73955584549913,250.97176969141583,282.8497749829403,314.2574956435492,345.0900660020925,375.2504553392864,404.64820288059127,433.19880974601256,460.82323294536764,487.44729574013036,513.0009854182426,537.4176773770669,560.6333519690743,582.5858776513851,603.2144294581958,622.4591003319074,640.2607473231401,656.561097193,671.3031181070401,684.4316471090278,695.8942478045501
BRA,Female,CKD,glp1,9916.662837673615,0.0,634.3023971230141,0.0,4.508054271213041,14.233848524887435,30.921641412369354,53.550884270542156,79.7103786142834,107.58460980205928,136.21819044842778,165.1499606960242,194.1380434756902,223.02855534119954,251.70152136009347,280.05036138688956,307.97493319973,335.37978529345855,362.17422329646797,388.2728153373755,413.5957923371898,438.06915314703656,461.62444407583826,484.1982581997727,505.73153564603854,526.1687599190918,545.4571456668273,563.5459047186378,580.3856628841531,595.9280822446817,610.1257243768487,622.9321706037736,634.3023971230141
BRA,Female,CKD,combo,9916.662837673615,0.0,634.3023971230141,0.0,4.508054271213041,14.233848524887435,30.921641412369354,53.550884270542156,79.7103786142834,107.58460980205928,136.21819044842778,165.1499606960242,194.1380434756902,223.02855534119954,251.70152136009347,280.05036138688956,307.97493319973,335.37978529345855,362.17422329646797,388.2728153373755,413.5957923371898,438.06915314703656,461.62444407583826,484.1982581997727,505.73153564603854,526.1687599190918,545.4571456668273,563.5459047186378,580.3856628841531,595.9280822446817,610.1257243768487,622.9321706037736,634.3023971230141
CAN,Male,CKD,glp1,2203.3524015505845,0.0,124.58376320037496,0.0,1.1055242949923922,3.53332144414253,7.743102905605156,13.496888662124547,20.182816994752102,27.314843224839024,34.61074090147031,41.90924528221149,49.10636099909971,56.12547959271615,62.905503379021866,69.3965037027001,75.5581982670119,81.35936162032976,86.77745218050768,91.79819281900745,96.41501562848771,100.62835100771917,104.44477273326174,107.87602744330707,110.9379864630364,113.64956251408967,116.03163453585148,118.106021345935,119.89453995756503,121.4181778369757,122.6964009447438,123.74661166870465,124.58376320037496
CAN,Male,CKD,combo,2203.3524015505845,0.0,124.58376320037496,0.0,1.1055242949923922,3.53332144414253,7.743102905605156,13.496888662124547,20.182816994752102,27.314843224839024,34.61074090147031,41.90924528221149,49.10636099909971,56.12547959271615,62.905503379021866,69.3965037027001,75.5581982670119,81.35936162032976,86.77745218050768,91.79819281900745,96.41501562848771,100.62835100771917,104.44477273326174,107.87602744330707,110.9379864630364,113.64956251408967,116.03163453585148,118.106021345935,119.89453995756503,121.4181778369757,122.6964009447438,123.74661166870465,124.58376320037496
CAN,Female,CKD,glp1,2372.090296539739,0.0,139.04748730168558,0.0,1.1455236889141815,3.61214315700272,7.84722310543475,13.613205093400211,20.32348878582161,27.52628075258417,34.96763141041629,42.50430239252637,50.04076090691706,57.50114928427047,64.81926843191013,71.93585099282518,78.79838158590792,85.3616029489749,91.5880282981525,97.44823405651277,102.92087548898598,107.99242988255719,112.65669615765728,116.91409077031676,120.7707855043127,124.23773550733404,127.32964621867086,130.06392587709797,132.45966637701167,134.53668977057168,136.31469116682274,137.81250162514334,139.04748730168558
CAN,Female,CKD,combo,2372.090296539739,0.0,139.04748730168558,0.0,1.1455236889141815,3.61214315700272,7.84722310543475,13.613205093400211,20.32348878582161,27.52628075258417,34.96763141041629,42.50430239252637,50.04076090691706,57.50114928427047,64.81926843191013,71.93585099282518,78.79838158590792,85.3616029489749,91.5880282981525,97.44823405651277,102.92087548898598,107.99242988255719,112.65669615765728,116.91409077031676,120.7707855043127,124.23773550733404,127.32964621867086,130.06392587709797,132.45966637701167,134.53668977057168,136.31469116682274,137.81250162514334,139.04748730168558
TUR,Male,CKD,glp1,4915.173542847571,0.0,310.3906625401978,0.0,2.3650416377677175,7.455750114706461,16.155398903099922,27.86977239632688,41.28677178734324,55.44689957321316,69.86616690331721,84.3238174400467,98.7100109458388,112.95684377499674,127.01242022648148,140.8323977230557,154.3776304380699,167.61348800766064,180.50933111712948,193.03775262720956,205.17359326254882,216.89285543947335,228.171646648334,238.98525666423302,249.30743878426802,259.10993449879606,268.36225644283695,277.03172617806194,285.0837503157418,292.48230945473915,299.1906282474556,305.1719907546212,310.3906625401978
TUR,Male,CKD,combo,4915.173542847571,0.0,310.3906625401978,0.0,2.3650416377677175,7.455750114706461,16.155398903099922,27.86977239632688,41.28677178734324,55.44689957321316,69.86616690331721,84.3238174400467,98.7100109458388,112.95684377499674,127.01242022648148,140.8323977230557,154.3776304380699,167.61348800766064,180.50933111712948,193.03775262720956,205.17359326254882,216.89285543947335,228.171646648334,238.98525666423302,249.30743878426802,259.10993449879606,268.36225644283695,277.03172617806194,285.0837503157418,292.48230945473915,299.1906282474556,305.1719907546212,310.3906625401978
TUR,Female,CKD,glp1,5832.246838755211,0.0,378.98550103979505,0.0,2.671961976273451,8.420261326047694,18.25429104856812,31.54385724731401,46.85033970969562,63.10545878464109,79.75792940216706,96.54955520067597,113.35044755144554,130.08189439778653,146.68550304505698,163.11189450103484,179.31684492176646,195.25996231198224,210.9040298869004,226.21437387102924,241.1580951571632,255.70318500611756,269.8176035962824,283.4684090110386,296.6210131078624,309.2386224989059,321.28190331556107,332.70889008532686,343.47514297271846,353.53414412639904,362.83791287178246,371.33781078387256,378.98550103979505
TUR,Female,CKD,combo,5832.246838755211,0.0,378.98550103979505,0.0,2.671961976273451,8.420261326047694,18.25429104856812,31.54385724731401,46.85033970969562,63.10545878464109,79.75792940216706,96.54955520067597,113.35044755144554,130.08189439778653,146.68550304505698,163.11189450103484,179.31684492176646,195.25996231198224,210.9040298869004,226.21437387102924,241.1580951571632,255.70318500611756,269.8176035962824,283.4684090110386,296.6210131078624,309.2386224989059,321.28190331556107,332.70889008532686,343.47514297271846,353.53414412639904,362.83791287178246,371.33781078387256,378.98550103979505
ZAF,Male,CKD,glp1,2849.284375965496,0.0,164.14975188696553,0.0,1.6798149023579754,5.285766564980804,11.438424188502722,19.637455420064725,28.836736072829808,38.268871760703405,47.54967677287095,56.517136742713774,65.11134103403492,73.31701303694899,81.13899387030142,88.59152537968293,95.69285899754504,102.46192357423206,108.91591080359831,115.06842906745806,120.92814240937878,126.4978814321621,131.77421592713472,136.7474632835474,141.40208932655514,145.7174445277269,149.66876956303895,153.2283995808757,156.3670955646703,159.05543314082024,161.26518352857056,162.97062760522385,164.14975188696553
ZAF,Male,CKD,combo,2849.284375965496,0.0,164.14975188696553,0.0,1.6798149023579754,5.285766564980804,11.438424188502722,19.637455420064725,28.836736072829808,38.268871760703405,47.54967677287095,56.517136742713774,65.11134103403492,73.31701303694899,81.13899387030142,88.59152537968293,95.69285899754504,102.46192357423206,108.91591080359831,115.06842906745806,120.92814240937878,126.4978814321621,131.77421592713472,136.7474632835474,141.40208932655514,145.7174445277269,149.66876956303895,153.2283995808757,156.3670955646703,159.05543314082024,161.26518352857056,162.97062760522385,164.14975188696553
ZAF,Female,CKD,glp1,2492.7632310632034,0.0,135.901154650639,0.0,1.7765023607262265,5.550445298047634,11.909524290136687,20.17653859530219,29.166308406496682,38.08834683463647,46.59981367491855,54.59123182593248,62.047368640418426,68.98800915561696,75.44605954671533,81.4593968642348,87.06716065557157,92.30735888657,97.2149098941627,101.81997092022357,106.14659780183501,110.21180134107817,114.0250390682304,117.58814738865112,120.89569021031639,123.93567829331369,126.69059819809081,129.13867979291172,131.255325941931,133.0146266305528,134.39088197316414,135.36006392277886,135.901154650639
ZAF,Female,CKD,combo,2492.7632310632034,0.0,135.901154650639,0.0,1.7765023607262265,5.550445298047634,11.909524290136687,20.17653859530219,29.166308406496682,38.08834683463647,46.59981367491855,54.59123182593248,62.047368640418426,68.98800915561696,75.44605954671533,81.4593968642348,87.06716065557157,92.30735888657,97.2149098941627,101.81997092022357,106.14659780183501,110.21180134107817,114.0250390682304,117.58814738865112,120.89569021031639,123.93567829331369,126.69059819809081,129.13867979291172,131.255325941931,133.0146266305528,134.39088197316414,135.36006392277886,135.901154650639
MEX,Male,CKD,glp1,11812.652227479746,0.0,670.2122915808068,0.0,6.5455288140510675,20.47519560110959,44.06408050796017,75.5859483756285,111.42083779357927,148.9067924241026,186.66513222883805,224.04452897712326,260.71630899929005,296.48320139147836,331.2003436095765,364.7444101154979,397.0020576539464,427.8659594746423,457.2338026139696,485.00843427582004,511.0984387843346,535.418852748684,557.891894112734,578.447649792186,597.0246976546769,613.5706546855727,628.0426526489537,640.407748174126,650.6432767744118,658.7371601260966,664.6881733143018,668.5061742262478,670.2122915808068
MEX,Male,CKD,combo,11812.652227479746,0.0,670.2122915808068,0.0,6.5455288140510675,20.47519560110959,44.06408050796017,75.5859483756285,111.42083779357927,148.9067924241026,186.66513222883805,224.04452897712326,260.71630899929005,296.48320139147836,331.2003436095765,364.7444101154979,397.0020576539464,427.8659594746423,457.2338026139696,485.00843427582004,511.0984387843346,535.418852748684,557.891894112734,578.447649792186,597.0246976546769,613.5706546855727,628.0426526489537,640.407748174126,650.6432767744118,658.7371601260966,664.6881733143018,668.5061742262478,670.2122915808068
MEX,Female,CKD,glp1,13442.228638565448,0.0,828.4294614095415,0.0,6.506249430738535,20.45794398509679,44.25803203284522,76.34026195509068,113.20004732523375,152.23551229184523,192.0967966623066,232.14623758658126,272.0597220889249,311.6372740108709,350.72472981795727,389.1833850184121,426.87903798570915,463.67869467052515,499.4502458278366,534.0632451924757,567.3900319209424,599.3068865431269,629.6950935587738,658.4418640977965,685.4411103110251,710.5940833361528,733.8098981018193,755.0059744351747,774.1084262398363,791.0524294258357,805.7825951457198,818.2533681572531,828.4294614095415
MEX,Female,CKD,combo,13442.228638565448,0.0,828.4294614095415,0.0,6.506249430738535,20.45794398509679,44.25803203284522,76.34026195509068,113.20004732523375,152.23551229184523,192.0967966623066,232.14623758658126,272.0597220889249,311.6372740108709,350.72472981795727,389.1833850184121,426.87903798570915,463.67869467052515,499.4502458278366,534.0632451924757,567.3900319209424,599.3068865431269,629.6950935587738,658.4418640977965,685.4411103110251,710.5940833361528,733.8098981018193,755.0059744351747,774.1084262398363,791.0524294258357,805.7825951457198,818.2533681572531,828.4294614095415
AUS,Male,CKD,glp1,1511.4924792460833,0.0,91.76824741397104,0.0,0.7027810149334073,2.250243879512709,4.943743165331398,8.641085793367893,12.957057751452794,17.581641481823226,22.332880982920415,27.10652036659303,31.836592742619814,36.47671687824368,40.99234045416506,45.357453744235045,49.552924542682376,53.56538333433946,57.386304097970424,61.01118241180302,64.43879100373033,67.67050963281599,70.70972538864135,73.56129636519381,76.23107038586386,78.72545135711243,81.05100815379956,83.21412382300241,85.22068565524569,87.07581886340904,88.78366798339903,90.34723057790507,91.76824741397104
AUS,Male,CKD,combo,1511.4924792460833,0.0,91.76824741397104,0.0,0.7027810149334073,2.250243879512709,4.943743165331398,8.641085793367893,12.957057751452794,17.581641481823226,22.332880982920415,27.10652036659303,31.836592742619814,36.47671687824368,40.99234045416506,45.357453744235045,49.552924542682376,53.56538333433946,57.386304097970424,61.01118241180302,64.43879100373033,67.67050963281599,70.70972538864135,73.56129636519381,76.23107038586386,78.72545135711243,81.05100815379956,83.21412382300241,85.22068565524569,87.07581886340904,88.78366798339903,90.34723057790507,91.76824741397104
AUS,Female,CKD,glp1,1298.2956749428304,0.0,81.86873960637604,0.0,0.5458695550410084,1.7348546167963832,3.7979854805039395,6.64162648817728,9.998041951728283,13.654481120658147,17.486642073324674,21.420273359686234,25.40313109082308,29.392824788034886,33.35271688120929,37.25089327139631,41.06004449422471,44.75746762169956,48.324956111338906,51.748547115838846,55.01815710883375,58.12714634280292,61.071846073812594,63.85107296458773,66.46564704650518,68.91792408626043,71.21134993334908,73.35004282458794,75.338409063781,77.18079743721319,78.8811977501482,80.44298868409078,81.86873960637604
AUS,Female,CKD,combo,1298.2956749428304,0.0,81.86873960637604,0.0,0.5458695550410084,1.7348546167963832,3.7979854805039395,6.64162648817728,9.998041951728283,13.654481120658147,17.486642073324674,21.420273359686234,25.40313109082308,29.392824788034886,33.35271688120929,37.25089327139631,41.06004449422471,44.75746762169956,48.324956111338906,51.748547115838846,55.01815710883375,58.12714634280292,61.071846073812594,63.85107296458773,66.46564704650518,68.91792408626043,71.21134993334908,73.35004282458794,75.338409063781,77.18079743721319,78.8811977501482,80.44298868409078,81.86873960637604
NZL,Male,CKD,glp1,292.43108272130746,0.0,17.094705108246558,0.0,0.1609739181525356,0.5058917145498754,1.0923871689898306,1.8788034987600213,2.775084846530717,3.7134858181126447,4.657481722104194,5.588700573924825,6.497281150369986,7.377291833002573,8.224797184317254,9.03704516063135,9.812099397238399,10.548648328600848,11.245888328291926,11.903440965998811,12.521287646290034,13.099713455101323,13.639255512423006,14.140652936561537,14.604796803832073,15.032679556147741,15.425344216213375,15.783834491804441,16.109147357274082,16.40218997680222,16.663742883142277,16.894431167893003,17.094705108246558
NZL,Male,CKD,combo,292.43108272130746,0.0,17.094705108246558,0.0,0.1609739181525356,0.5058917145498754,1.0923871689898306,1.8788034987600213,2.775084846530717,3.7134858181126447,4.657481722104194,5.588700573924825,6.497281150369986,7.377291833002573,8.224797184317254,9.03704516063135,9.812099397238399,10.548648328600848,11.245888328291926,11.903440965998811,12.521287646290034,13.099713455101323,13.639255512423006,14.140652936561537,14.604796803832073,15.032679556147741,15.425344216213375,15.783834491804441,16.109147357274082,16.40218997680222,16.663742883142277,16.894431167893003,17.094705108246558
NZL,Female,CKD,glp1,227.4386781847894,0.0,13.455692692176513,0.0,0.12091273741475561,0.3783360631339292,0.8144895346370049,1.3992435958169835,2.068024671085027,2.772787340720811,3.48780647317642,4.199987320417108,4.9019331546051035,5.588745349911733,6.256734272659742,6.902920428182938,7.52483790322492,8.12044976120876,8.688104440658776,9.226506961840983,9.734694852905932,10.212014414808891,10.658095103147616,11.072820850108087,11.456297874610186,11.80881914656129,12.130826207524024,12.422869482913484,12.685568525647227,12.919573794136454,13.1255315871731,13.30405364438161,13.455692692176513
NZL,Female,CKD,combo,227.4386781847894,0.0,13.455692692176513,0.0,0.12091273741475561,0.3783360631339292,0.8144895346370049,1.3992435958169835,2.068024671085027,2.772787340720811,3.48780647317642,4.199987320417108,4.9019331546051035,5.588745349911733,6.256734272659742,6.902920428182938,7.52483790322492,8.12044976120876,8.688104440658776,9.226506961840983,9.734694852905932,10.212014414808891,10.658095103147616,11.072820850108087,11.456297874610186,11.80881914656129,12.130826207524024,12.422869482913484,12.685568525647227,12.919573794136454,13.1255315871731,13.30405364438161,13.455692692176513
ROU,Male,CKD,glp1,639.0472289371642,0.0,32.08521679953401,0.0,0.4952092441683362,1.52388082832681,3.2222864503435176,5.424289327144152,7.838487233859041,10.261015476382909,12.591696015537991,14.788095842830216,16.834079788241297,18.725342708321705,20.463389086852885,22.052912484886747,23.50043431639483,24.8134143843115,25.99958053705518,27.066413032336186,28.020772647600552,28.86866739098491,29.615145246641987,30.264292472390935,30.81931244696625,31.28265931221199,31.656202796122898,31.94140448564508,32.139490421264554,32.25160945160428,32.27897083598873,32.22295787321468,32.08521679953401
ROU,Male,CKD,combo,639.0472289371642,0.0,32.08521679953401,0.0,0.4952092441683362,1.52388082832681,3.2222864503435176,5.424289327144152,7.838487233859041,10.261015476382909,12.591696015537991,14.788095842830216,16.834079788241297,18.725342708321705,20.463389086852885,22.052912484886747,23.50043431639483,24.8134143843115,25.99958053705518,27.066413032336186,28.020772647600552,28.86866739098491,29.615145246641987,30.264292472390935,30.81931244696625,31.28265931221199,31.656202796122898,31.94140448564508,32.139490421264554,32.25160945160428,32.27897083598873,32.22295787321468,32.08521679953401
ROU,Female,CKD,glp1,650.6298257371914,0.0,33.40899852056282,0.0,0.49193424508393946,1.515145580628996,3.2041915795207387,5.3948392235590745,7.800867029560777,10.22323677290342,12.56456351173756,14.783162222335022,16.86201983387764,18.794829796206386,20.580493539780946,22.220992230785214,23.720436223705974,25.08446813117348,26.319753956892555,27.43350625491871,28.43305110477536,29.325463344283207,30.11728773560594,30.814352296468996,31.42166973511962,31.943415704044583,32.38296862417519,32.74299459881195,33.025561677209225,33.23226969644543,33.364384502823896,33.42296806419472,33.40899852056282
ROU,Female,CKD,combo,650.6298257371914,0.0,33.40899852056282,0.0,0.49193424508393946,1.515145580628996,3.2041915795207387,5.3948392235590745,7.800867029560777,10.22323677290342,12.56456351173756,14.783162222335022,16.86201983387764,18.794829796206386,20.580493539780946,22.220992230785214,23.720436223705974,25.08446813117348,26.319753956892555,27.43350625491871,28.43305110477536,29.325463344283207,30.11728773560594,30.814352296468996,31.42166973511962,31.943415704044583,32.38296862417519,32.74299459881195,33.025561677209225,33.23226969644543,33.364384502823896,33.42296806419472,33.40899852056282
BGR,Male,CKD,glp1,348.85953702580287,0.0,16.494848436872985,0.0,0.2966147292545429,0.9138810559043122,1.9315687622142832,3.244937708770749,4.673548588928497,6.091040993365596,7.43511288159084,8.67973764070939,9.816016749221944,10.843138311982102,11.76436866640529,12.5851320125048,13.311944566668899,13.95173797450434,14.511399887468087,14.997462672797155,15.415905330690066,15.772044692159966,16.070496048301152,16.315185791516,16.509400914470348,16.655862574112803,16.75681330824409,16.81410975865981,16.829314801936107,16.803784752568845,16.738748758013116,16.635378655966747,16.494848436872985
BGR,Male,CKD,combo,348.85953702580287,0.0,16.494848436872985,0.0,0.2966147292545429,0.9138810559043122,1.9315687622142832,3.244937708770749,4.673548588928497,6.091040993365596,7.43511288159084,8.67973764070939,9.816016749221944,10.843138311982102,11.76436866640529,12.5851320125048,13.311944566668899,13.95173797450434,14.511399887468087,14.997462672797155,15.415905330690066,15.772044692159966,16.070496048301152,16.315185791516,16.509400914470348,16.655862574112803,16.75681330824409,16.81410975865981,16.829314801936107,16.803784752568845,16.738748758013116,16.635378655966747,16.494848436872985
BGR,Female,CKD,glp1,285.8317876724735,0.0,13.651235742783456,0.0,0.2379654126771129,0.732572748052462,1.547928113525586,2.6025518063962636,3.7553589005584627,4.9071627216304705,6.007931694260719,7.035110509355377,7.9791019727823596,8.83667308888164,9.608158456509955,10.296139843553306,10.9046696059429,11.438714947698486,11.903723163582413,12.305279230907558,12.64884534354951,12.939574169391221,13.182186325360135,13.38090148504648,13.5394123746363,13.660891531831112,13.748021803159077,13.803042883394255,13.827807578096667,13.823842783045166,13.792411356530238,13.73457207933484,13.651235742783456
BGR,Female,CKD,combo,285.8317876724735,0.0,13.651235742783456,0.0,0.2379654126771129,0.732572748052462,1.547928113525586,2.6025518063962636,3.7553589005584627,4.9071627216304705,6.007931694260719,7.035110509355377,7.9791019727823596,8.83667308888164,9.608158456509955,10.296139843553306,10.9046696059429,11.438714947698486,11.903723163582413,12.305279230907558,12.64884534354951,12.939574169391221,13.182186325360135,13.38090148504648,13.5394123746363,13.660891531831112,13.748021803159077,13.803042883394255,13.827807578096667,13.823842783045166,13.792411356530238,13.73457207933484,13.651235742783456
ISR,Male,CKD,glp1,777.3250827836114,0.0,49.711269048891154,0.0,0.34342326263276846,1.0962824683613235,2.4031743023192575,4.198820955631163,6.304150851559825,8.574544627310615,10.923568193132041,13.29975658754438,15.669015607747951,18.00664097414824,20.294246890236536,22.51855588064518,24.670728678327123,26.745762396140435,28.741834711789124,30.659599495475504,32.50147603614687,34.27097552955183,35.97209800209339,37.608819942857735,39.18468140711275,40.70247252301715,42.16401333701333,43.570017431326505,44.920028204071514,46.21241654718597,47.44442936612313,48.61227952521858,49.711269048891154
ISR,Male,CKD,combo,777.3250827836114,0.0,49.711269048891154,0.0,0.34342326263276846,1.0962824683613235,2.4031743023192575,4.198820955631163,6.304150851559825,8.574544627310615,10.923568193132041,13.29975658754438,15.669015607747951,18.00664097414824,20.294246890236536,22.51855588064518,24.670728678327123,26.745762396140435,28.741834711789124,30.659599495475504,32.50147603614687,34.27097552955183,35.97209800209339,37.608819942857735,39.18468140711275,40.70247252301715,42.16401333701333,43.570017431326505,44.920028204071514,46.21241654718597,47.44442936612313,48.61227952521858,49.711269048891154
ISR,Female,CKD,glp1,717.9566276084804,0.0,45.92736441836678,0.0,0.2912688769529268,0.9318017154353129,2.0502019167388426,3.6023765512795762,5.448544010768956,7.473821919444617,9.607226534119263,11.80290287517505,14.026455918555712,16.249372524224782,18.447471651461456,20.60075799619699,22.693530779605226,24.714342161483955,26.65571758079159,28.513672802348992,30.287099886384112,31.97709575519775,33.58629442889924,35.11824736356539,36.57688024641493,37.96604105410006,39.2891437942144,40.54890506442507,41.74716597023507,42.88478949100181,43.96162250155248,44.976511819540065,45.92736441836678
ISR,Female,CKD,combo,717.9566276084804,0.0,45.92736441836678,0.0,0.2912688769529268,0.9318017154353129,2.0502019167388426,3.6023765512795762,5.448544010768956,7.473821919444617,9.607226534119263,11.80290287517505,14.026455918555712,16.249372524224782,18.447471651461456,20.60075799619699,22.693530779605226,24.714342161483955,26.65571758079159,28.513672802348992,30.287099886384112,31.97709575519775,33.58629442889924,35.11824736356539,36.57688024641493,37.96604105410006,39.2891437942144,40.54890506442507,41.74716597023507,42.88478949100181,43.96162250155248,44.976511819540065,45.92736441836678
NGA,Male,CKD,glp1,8213.985989561937,0.0,497.96852400577336,0.0,4.254438363077497,13.363946375986416,28.981556249582354,49.92991000010079,73.66534726067766,98.33759198381813,123.04943967288273,147.44767917653735,171.41566388913998,194.9246786520598,217.97109866932806,240.5512214797891,262.6517098022232,284.2464419389835,305.29599084931033,325.7481597616861,345.53891840705546,364.5934879655215,382.8275144126601,400.14836277427094,416.4566030234637,431.64776141288166,445.6143902017502,458.24847284056887,469.4441386773615,479.1006182899946,487.1253335559595,493.4369898694931,497.96852400577336
NGA,Male,CKD,combo,8213.985989561937,0.0,497.96852400577336,0.0,4.254438363077497,13.363946375986416,28.981556249582354,49.92991000010079,73.66534726067766,98.33759198381813,123.04943967288273,147.44767917653735,171.41566388913998,194.9246786520598,217.97109866932806,240.5512214797891,262.6517098022232,284.2464419389835,305.29599084931033,325.7481597616861,345.53891840705546,364.5934879655215,382.8275144126601,400.14836277427094,416.4566030234637,431.64776141288166,445.6143902017502,458.24847284056887,469.4441386773615,479.1006182899946,487.1253335559595,493.4369898694931,497.96852400577336
NGA,Female,CKD,glp1,5082.454600275585,0.0,300.9923591081315,0.0,2.540693521121284,8.191593399724297,18.058125633009695,31.528077307366402,46.97645872767862,63.12576455491944,79.29508581018308,95.17115099289367,110.61600146098135,125.56952196159546,140.00644625697896,153.91780399501295,167.3024498466948,180.16261950487387,192.5010868430545,204.3189889876412,215.6139923875271,226.37872357280867,236.59949399206744,246.2553896647878,255.31780377847826,263.7504762915305,271.51007605971245,278.54732374727246,284.80861339736657,290.2380522634594,294.77980676817606,298.3806204405373,300.9923591081315
NGA,Female,CKD,combo,5082.454600275585,0.0,300.9923591081315,0.0,2.540693521121284,8.191593399724297,18.058125633009695,31.528077307366402,46.97645872767862,63.12576455491944,79.29508581018308,95.17115099289367,110.61600146098135,125.56952196159546,140.00644625697896,153.91780399501295,167.3024498466948,180.16261950487387,192.5010868430545,204.3189889876412,215.6139923875271,226.37872357280867,236.59949399206744,246.2553896647878,255.31780377847826,263.7504762915305,271.51007605971245,278.54732374727246,284.80861339736657,290.2380522634594,294.77980676817606,298.3806204405373,300.9923591081315
EGY,Male,CKD,glp1,8526.407574505818,0.0,538.2929582299621,0.0,4.076350175746484,12.880486753987498,28.018321929488593,48.5101167004359,72.05170826302856,96.90066842139277,122.13961867798935,147.33232205875538,172.2643782439227,196.82019928840236,220.93180228895653,244.5573332833992,267.6705984366199,290.2543740272631,312.2950204745903,333.77773330913624,354.6823907752041,374.9801321223713,394.6308093565349,413.5814084564299,431.7654755834992,449.103525360566,465.50435772541823,480.8671692148491,495.08431427419055,508.0445520988069,519.636604034742,529.7528449401289,538.2929582299621
EGY,Male,CKD,combo,8526.407574505818,0.0,538.2929582299621,0.0,4.076350175746484,12.880486753987498,28.018321929488593,48.5101167004359,72.05170826302856,96.90066842139277,122.13961867798935,147.33232205875538,172.2643782439227,196.82019928840236,220.93180228895653,244.5573332833992,267.6705984366199,290.2543740272631,312.2950204745903,333.77773330913624,354.6823907752041,374.9801321223713,394.6308093565349,413.5814084564299,431.7654755834992,449.103525360566,465.50435772541823,480.8671692148491,495.08431427419055,508.0445520988069,519.636604034742,529.7528449401289,538.2929582299621
EGY,Female,CKD,glp1,9501.26809308747,0.0,608.5432619515923,0.0,4.769780030928814,14.780368910818652,31.67121652163405,54.229989172723435,79.90969423239949,106.86916182013738,134.18965120192297,161.46820738324095,188.5291846784312,215.29133461156016,241.71380883819074,267.77408136216036,293.457475886069,318.750623314736,343.63628171461096,368.0888596777986,392.0706340721881,415.52882610366214,438.39369839088977,460.5777760906385,481.9762212317073,502.4683184250971,521.9199687505679,540.1870395008445,557.1193814722646,572.5653026467116,586.3762769251625,598.411668168781,608.5432619515923
EGY,Female,CKD,combo,9501.26809308747,0.0,608.5432619515923,0.0,4.769780030928814,14.780368910818652,31.67121652163405,54.229989172723435,79.90969423239949,106.86916182013738,134.18965120192297,161.46820738324095,188.5291846784312,215.29133461156016,241.71380883819074,267.77408136216036,293.457475886069,318.750623314736,343.63628171461096,368.0888596777986,392.0706340721881,415.52882610366214,438.39369839088977,460.5777760906385,481.9762212317073,502.4683184250971,521.9199687505679,540.1870395008445,557.1193814722646,572.5653026467116,586.3762769251625,598.411668168781,608.5432619515923
BGD,Male,CKD,glp1,4723.966146000494,0.0,276.16670291929404,0.0,2.6295158195462136,8.234717994599123,17.73446101569789,30.411383299247973,44.771689176131986,59.721925781743266,74.7042918352472,89.46440294260174,103.88168425223012,117.88969381307288,131.4440934482318,144.51091313572033,157.06258354126294,169.07658367682598,180.53473212377503,191.42246489797617,201.72796744853258,211.4412186368245,220.5530534624413,229.05434257636443,236.9353579474773,244.18536248730015,250.79243421089268,256.74351495019437,262.02465968369506,266.6214541128902,270.51956382671415,273.7053769839622,276.16670291929404
BGD,Male,CKD,combo,4723.966146000494,0.0,276.16670291929404,0.0,2.6295158195462136,8.234717994599123,17.73446101569789,30.411383299247973,44.771689176131986,59.721925781743266,74.7042918352472,89.46440294260174,103.88168425223012,117.88969381307288,131.4440934482318,144.51091313572033,157.06258354126294,169.07658367682598,180.53473212377503,191.42246489797617,201.72796744853258,211.4412186368245,220.5530534624413,229.05434257636443,236.9353579474773,244.18536248730015,250.79243421089268,256.74351495019437,262.02465968369506,266.6214541128902,270.51956382671415,273.7053769839622,276.16670291929404
BGD,Female,CKD,glp1,2676.31243836485,0.0,163.4256509354036,0.0,1.41198019897638,4.408205763615115,9.477811831642612,16.243415063216162,23.921513996288013,31.945480341227267,40.03262230856126,48.05852984717967,55.9669971998228,63.728414955741755,71.32330647724484,78.73627852356549,85.9538269484674,92.96342368399382,99.75297135762776,106.31035184565735,112.62302033494052,118.67766159679195,124.45993342842485,129.95431403876137,135.1440601838658,140.011275320614,144.5370822403911,148.70189166313867,152.48575613055255,155.8687965625595,158.83168674619992,161.35617884037856,163.4256509354036
BGD,Female,CKD,combo,2676.31243836485,0.0,163.4256509354036,0.0,1.41198019897638,4.408205763615115,9.477811831642612,16.243415063216162,23.921513996288013,31.945480341227267,40.03262230856126,48.05852984717967,55.9669971998228,63.728414955741755,71.32330647724484,78.73627852356549,85.9538269484674,92.96342368399382,99.75297135762776,106.31035184565735,112.62302033494052,118.67766159679195,124.45993342842485,129.95431403876137,135.1440601838658,140.011275320614,144.5370822403911,148.70189166313867,152.48575613055255,155.8687965625595,158.83168674619992,161.35617884037856,163.4256509354036
USA,Male,CKD,glp1,31456.732349275087,0.0,1692.5250792774605,0.0,18.925942879286595,59.435128218712634,128.27666478224273,220.50691993010696,325.45446521295526,434.99722201209806,544.6189908920787,651.9068333272153,755.4499308280065,854.3259482163267,947.8914018844225,1035.6972937566316,1117.451282453767,1192.995589039274,1262.28940535117,1325.392080630263,1382.4461397898995,1433.6601768863184,1479.2919937176484,1519.6324319978157,1554.9903294284595,1585.6789708461147,1612.0043277474324,1634.2552936975117,1652.6960359431978,1667.5604994741298,1679.049021998857,1687.326949055685,1692.5250792774605
USA,Male,CKD,combo,31456.732349275087,0.0,1692.5250792774605,0.0,18.925942879286595,59.435128218712634,128.27666478224273,220.50691993010696,325.45446521295526,434.99722201209806,544.6189908920787,651.9068333272153,755.4499308280065,854.3259482163267,947.8914018844225,1035.6972937566316,1117.451282453767,1192.995589039274,1262.28940535117,1325.392080630263,1382.4461397898995,1433.6601768863184,1479.2919937176484,1519.6324319978157,1554.9903294284595,1585.6789708461147,1612.0043277474324,1634.2552936975117,1652.6960359431978,1667.5604994741298,1679.049021998857,1687.326949055685,1692.5250792774605
USA,Female,CKD,glp1,28540.565077752733,0.0,1563.6826837677218,0.0,16.615885628780234,51.93518908304395,111.75784780409595,191.89279187403736,283.3557807155739,379.3845378763217,476.24925819462806,571.9353025601886,665.207429809394,755.1888338470017,841.2018062960415,922.7134624993632,999.3180004177702,1070.7289365436736,1136.7719600782148,1197.375680379555,1252.5599869283906,1302.4225709709135,1347.1243752300506,1386.8747260066448,1421.9168069929292,1452.5140129411302,1478.9375969436223,1501.4559073828423,1520.3254040091124,1535.7835488786513,1548.0435873683455,1557.2911667246954,1563.6826837677218
USA,Female,CKD,combo,28540.565077752733,0.0,1563.6826837677218,0.0,16.615885628780234,51.93518908304395,111.75784780409595,191.89279187403736,283.3557807155739,379.3845378763217,476.24925819462806,571.9353025601886,665.207429809394,755.1888338470017,841.2018062960415,922.7134624993632,999.3180004177702,1070.7289365436736,1136.7719600782148,1197.375680379555,1252.5599869283906,1302.4225709709135,1347.1243752300506,1386.8747260066448,1421.9168069929292,1452.5140129411302,1478.9375969436223,1501.4559073828423,1520.3254040091124,1535.7835488786513,1548.0435873683455,1557.2911667246954,1563.6826837677218
JPN,Male,CKD,glp1,6524.435180293633,0.0,329.1284929149442,0.0,5.127345753295231,16.072937572687806,34.38665024029251,58.24911294877529,84.35252058295373,110.31339339210899,134.922403925244,157.66055223041985,178.35190058976514,196.9958821151995,213.68933011764966,228.5845617631203,241.86177022763877,253.7085290640607,264.30446235825366,273.81057019238506,282.3628215021199,290.06942930242076,297.0110511280436,303.2430958859659,308.7993589769794,313.6963161710737,317.9375485775745,321.5179192679607,324.4272589381944,326.65343349804607,328.18475656959345,329.01177448686576,329.1284929149442
JPN,Male,CKD,combo,6524.435180293633,0.0,329.1284929149442,0.0,5.127345753295231,16.072937572687806,34.38665024029251,58.24911294877529,84.35252058295373,110.31339339210899,134.922403925244,157.66055223041985,178.35190058976514,196.9958821151995,213.68933011764966,228.5845617631203,241.86177022763877,253.7085290640607,264.30446235825366,273.81057019238506,282.3628215021199,290.06942930242076,297.0110511280436,303.2430958859659,308.7993589769794,313.6963161710737,317.9375485775745,321.5179192679607,324.4272589381944,326.65343349804607,328.18475656959345,329.01177448686576,329.1284929149442
JPN,Female,CKD,glp1,5252.0035838418735,0.0,266.23278571716946,0.0,4.276375915884273,13.269471972096653,28.162233632203424,47.39229417720344,68.28812196150466,89.0147218651291,108.69080537450282,126.9497059294954,143.65469635492263,158.77790429777815,172.35467297138894,184.46397769892428,195.21571501166545,204.73922271446645,213.1723187164098,220.65150667564376,227.30405340281504,233.2423209454828,238.56038703280137,243.3327262799612,247.61457134414377,251.44351283602373,254.8419039583605,257.81968576878353,260.37732119193606,262.50860523848314,264.20319502030543,265.44876983638824,266.23278571716946
JPN,Female,CKD,combo,5252.0035838418735,0.0,266.23278571716946,0.0,4.276375915884273,13.269471972096653,28.162233632203424,47.39229417720344,68.28812196150466,89.0147218651291,108.69080537450282,126.9497059294954,143.65469635492263,158.77790429777815,172.35467297138894,184.46397769892428,195.21571501166545,204.73922271446645,213.1723187164098,220.65150667564376,227.30405340281504,233.2423209454828,238.56038703280137,243.3327262799612,247.61457134414377,251.44351283602373,254.8419039583605,257.81968576878353,260.37732119193606,262.50860523848314,264.20319502030543,265.44876983638824,266.23278571716946
GBR,Male,CKD,glp1,2331.315942001289,0.0,132.10314734329768,0.0,1.2837851556996611,4.072811228817045,8.84126640780778,15.271288981274665,22.647230627137105,30.409312575588046,38.23220832707193,45.93362475023332,53.40589004122103,60.58281387566876,67.42422537621678,73.90760817632781,80.02259456075353,85.76691003293035,91.14334803038128,96.1576166393861,100.81692660428598,105.12916827415575,109.10251312317996,112.7452840518472,116.06596317322783,119.07323837228887,121.77602384851889,124.18342052564458,126.3046070962464,128.1486706005162,129.7243969304509,131.0400472711135,132.10314734329768
GBR,Male,CKD,combo,2331.315942001289,0.0,132.10314734329768,0.0,1.2837851556996611,4.072811228817045,8.84126640780778,15.271288981274665,22.647230627137105,30.409312575588046,38.23220832707193,45.93362475023332,53.40589004122103,60.58281387566876,67.42422537621678,73.90760817632781,80.02259456075353,85.76691003293035,91.14334803038128,96.1576166393861,100.81692660428598,105.12916827415575,109.10251312317996,112.7452840518472,116.06596317322783,119.07323837228887,121.77602384851889,124.18342052564458,126.3046070962464,128.1486706005162,129.7243969304509,131.0400472711135,132.10314734329768
GBR,Female,CKD,glp1,2688.105786099539,0.0,160.0540169428441,0.0,1.3011044862505514,4.114632779752355,8.926817131000462,15.465015748788574,23.08054804382573,31.26792074808418,39.72790740543496,48.278006025549075,56.79128417414722,65.17079119426398,73.34044005714532,81.24137029946087,88.82956379283041,96.0735281105708,102.95194734779034,109.45147536986588,115.56483439989097,121.2892958447992,126.62553913342344,131.57683110367907,136.1484441041648,140.34722887310272,144.18127037123486,147.65957398697174,150.79175054922234,153.58768780262108,156.0572113723356,158.2097489004882,160.0540169428441
GBR,Female,CKD,combo,2688.105786099539,0.0,160.0540169428441,0.0,1.3011044862505514,4.114632779752355,8.926817131000462,15.465015748788574,23.08054804382573,31.26792074808418,39.72790740543496,48.278006025549075,56.79128417414722,65.17079119426398,73.34044005714532,81.24137029946087,88.82956379283041,96.0735281105708,102.95194734779034,109.45147536986588,115.56483439989097,121.2892958447992,126.62553913342344,131.57683110367907,136.1484441041648,140.34722887310272,144.18127037123486,147.65957398697174,150.79175054922234,153.58768780262108,156.0572113723356,158.2097489004882,160.0540169428441
DEU,Male,CKD,glp1,6690.172435393855,0.0,354.94363871620226,0.0,4.406518817129836,13.699406742874999,29.14742821430991,49.393243429774884,71.97061962625594,95.13068950171873,117.99803204221098,140.18675167942274,161.52690455797347,181.93245830848173,201.34506687071917,219.71254398611927,236.98283101548805,253.10478880130177,268.03170246147783,281.7254128164932,294.1599748086228,305.3242857730329,315.22345776447764,323.87892269716394,331.3273982190367,337.6189269839524,342.81424523922396,346.98174803467555,350.1943059284022,352.52615884743136,354.05007289642526,354.83490061345583,354.94363871620226
DEU,Male,CKD,combo,6690.172435393855,0.0,354.94363871620226,0.0,4.406518817129836,13.699406742874999,29.14742821430991,49.393243429774884,71.97061962625594,95.13068950171873,117.99803204221098,140.18675167942274,161.52690455797347,181.93245830848173,201.34506687071917,219.71254398611927,236.98283101548805,253.10478880130177,268.03170246147783,281.7254128164932,294.1599748086228,305.3242857730329,315.22345776447764,323.87892269716394,331.3273982190367,337.6189269839524,342.81424523922396,346.98174803467555,350.1943059284022,352.52615884743136,354.05007289642526,354.83490061345583,354.94363871620226
DEU,Female,CKD,glp1,8521.580348693704,0.0,473.75515350299247,0.0,4.8739896648185095,15.240609902517463,32.64286824221199,55.784547783463495,82.09533141016072,109.68223658970237,137.53215578536765,165.134822132135,192.20963289696738,218.5730764575237,244.08122423433088,268.60640833910657,292.0292943976274,314.23802049213555,335.1304868340958,354.6177748508089,372.6275658506747,389.1069110029057,404.0240033028167,417.3688071304787,429.15254799810646,439.40616993694493,448.17793872356924,455.53041099434995,461.537006634564,466.27841895960955,469.83907851144977,472.30385613226827,473.75515350299247
DEU,Female,CKD,combo,8521.580348693704,0.0,473.75515350299247,0.0,4.8739896648185095,15.240609902517463,32.64286824221199,55.784547783463495,82.09533141016072,109.68223658970237,137.53215578536765,165.134822132135,192.20963289696738,218.5730764575237,244.08122423433088,268.60640833910657,292.0292943976274,314.23802049213555,335.1304868340958,354.6177748508089,372.6275658506747,389.1069110029057,404.0240033028167,417.3688071304787,429.15254799810646,439.40616993694493,448.17793872356924,455.53041099434995,461.537006634564,466.27841895960955,469.83907851144977,472.30385613226827,473.75515350299247
GLB,Male,CKD,glp1,292794.8065367816,0.0,17754.682053363416,0.0,151.48405757406726,477.22502788424026,1033.053212842904,1780.2322487265337,2633.6548407564405,3529.7815653196303,4435.216875278507,5333.907312913565,6217.664318299154,7081.687033271766,7922.727261587512,8738.370937358239,9526.74825635762,10286.397126961034,11016.177691001096,11715.203461749014,12382.779497092357,13018.346133870073,13621.42877021851,14191.594200657331,14728.413658320555,15231.432500466239,15700.146461898228,16133.984522271203,16532.29858345166,16894.36024677707,17219.364966071676,17506.443714441964,17754.682053363416
GLB,Male,CKD,combo,292794.8065367816,0.0,17754.682053363416,0.0,151.48405757406726,477.22502788424026,1033.053212842904,1780.2322487265337,2633.6548407564405,3529.7815653196303,4435.216875278507,5333.907312913565,6217.664318299154,7081.687033271766,7922.727261587512,8738.370937358239,9526.74825635762,10286.397126961034,11016.177691001096,11715.203461749014,12382.779497092357,13018.346133870073,13621.42877021851,14191.594200657331,14728.413658320555,15231.432500466239,15700.146461898228,16133.984522271203,16532.29858345166,16894.36024677707,17219.364966071676,17506.443714441964,17754.682053363416
GLB,Female,CKD,glp1,284443.2853212032,0.0,17615.326621426735,0.0,144.0587085179286,452.38715785974637,976.8806932742009,1680.8522119951667,2485.116505783517,3331.337657894357,4189.419247880112,5045.205094102188,5891.53402283031,6724.074520776165,7539.6699292941485,8335.740693155443,9110.086703407695,9860.824444685364,10586.359491033014,11285.361178024905,11956.731406739214,12599.568085366744,13213.125834014267,13796.776449197321,14349.970938076382,14872.204317308846,15362.983997648931,15821.802422944922,16248.114615215454,16641.32130317716,17000.758306184318,17325.692763388623,17615.326621426735
GLB,Female,CKD,combo,284443.2853212032,0.0,17615.326621426735,0.0,144.0587085179286,452.38715785974637,976.8806932742009,1680.8522119951667,2485.116505783517,3331.337657894357,4189.419247880112,5045.205094102188,5891.53402283031,6724.074520776165,7539.6699292941485,8335.740693155443,9110.086703407695,9860.824444685364,10586.359491033014,11285.361178024905,11956.731406739214,12599.568085366744,13213.125834014267,13796.776449197321,14349.970938076382,14872.204317308846,15362.983997648931,15821.802422944922,16248.114615215454,16641.32130317716,17000.758306184318,17325.692763388623,17615.326621426735
