iso3,sex,outcome,arm,averted_10yr,averted_yr1,averted_yr10,yr1,yr2,yr3,yr4,yr5,yr6,yr7,yr8,yr9,yr10,yr11,yr12,yr13,yr14,yr15,yr16,yr17,yr18,yr19,yr20,yr21,yr22,yr23,yr24,yr25,yr26,yr27,yr28,yr29,yr30
CHN,Male,IHD,glp1,514737.82334377104,1735.2758940814529,19219.49394867383,1735.2758940814529,7337.943242185051,12023.424307886045,15635.329045330407,17408.092666602693,17973.208861975232,18020.892547521507,17912.18626211537,17792.024144992232,17708.495676741237,17672.024630977307,17679.864505489822,17725.498416219372,17801.962296340847,17902.806342267664,18022.198541413993,18154.78066736739,18295.516238760436,18439.60882732109,18582.497801485937,18719.90941975778,18847.933273906354,18963.096937475726,19062.419342903886,19143.43232395337,19204.16785206017,19243.114722300787,19259.152461851714,19251.472143812338,19219.49394867383
CHN,Male,IHD,diet,-2971.7942722740117,0.0,-175.86355904839002,0.0,-1.7504008205141872,-4.236086851684377,-7.836243480909616,-12.917437011376023,-19.706182562280446,-28.16546862316318,-37.973526428686455,-48.63073356030509,-59.61598219675943,-70.50064006610774,-80.99051401298493,-90.91623274586163,-100.20202422095463,-108.83249124512076,-116.82573047513142,-124.21456459444016,-131.0348950405605,-137.3194199274294,-143.095019207336,-148.38242367608473,-153.19713310478255,-157.5508578098379,-161.45301015954465,-164.91196896717884,-167.9359863807913,-170.53371056821197,-172.71436512516811,-174.48766436241567,-175.86355904839002
CHN,Male,IHD,combo,511816.72450742987,1735.2758940814529,19046.254380906466,1735.2758940814529,7336.207439548336,12019.245047862642,15627.631800195668,17395.43726387527,17953.924252990168,17993.337508430006,17875.030547090108,17744.424444690812,17650.11834232672,17602.956545923138,17600.482385149924,17636.347003116738,17703.662716359133,17795.996739875758,17907.50092306221,18032.786107847,18166.781535909045,18304.65937704593,18441.83310603886,18574.008984249784,18697.261653462192,18808.10740688606,18903.556125882315,18981.131593440194,19038.857844147366,19075.21533572045,19089.074677577708,19079.617523738416,19046.254380906466
CHN,Female,IHD,glp1,460262.09967246954,1491.2333679797594,18985.4563520581,1491.2333679797594,6225.298259329051,10091.463766335859,13030.817330371821,14440.953439576318,14875.563741920865,14915.712667244254,14858.337217163644,14818.575823479332,14831.52624420647,14901.79358954914,15023.710264118738,15189.009171368903,15389.510234325659,15617.872603271971,15867.628461040207,16132.99276294047,16408.651930427644,16689.608864983078,16971.103394628037,17248.59964679717,17517.82013581856,17774.80369969108,18015.966920660343,18238.153756109066,18438.6640329645,18615.25706208148,18766.131228765473,18889.883703262545,18985.4563520581
CHN,Female,IHD,diet,-2812.867955864058,0.0,-176.51226980332285,0.0,-1.4504594350000843,-3.5476020893547684,-6.617894718656316,-10.979229804244824,-16.836692122393288,-24.180453883716837,-32.76645932451356,-42.200941868824884,-52.06504727411084,-62.00597821443807,-71.77157379151322,-81.20477721397765,-90.22137062984984,-98.7858674362069,-106.89171589515172,-114.54708864004351,-121.7656003208831,-128.5608130665496,-134.94344732770696,-140.92041432787664,-146.49498797161505,-151.66760551254265,-156.43692690506577,-160.800898241112,-164.75765921967104,-168.30621056165546,-171.44681583484635,-174.18115442921408,-176.51226980332285
CHN,Female,IHD,combo,457499.38312335673,1491.2333679797594,18811.765331095783,1491.2333679797594,6223.859896594076,10087.963902909076,13024.317494556308,14430.198815056356,14859.091360299033,14892.063906641677,14826.288953724434,14777.288364788052,14780.56914832897,14841.082082318142,14953.407479242305,15109.433446549112,15301.063910521567,15520.994230825221,15762.764282620978,16020.582071455196,16289.121519942768,16563.37288993504,16838.565998564474,17110.15857803868,17373.87022982957,17625.739605238196,17862.18480841443,18080.05199818313,18276.64299991168,18449.71826787782,18597.476081005298,18718.512100909604,18811.765331095783
IND,Male,IHD,glp1,480806.85007415013,1446.5473887119442,18801.598594312556,1446.5473887119442,6133.51682603755,10073.984484250774,13226.912503634114,14923.565947854659,15632.391232271912,15893.552574009751,15995.89074740617,16060.042362402077,16130.696039123693,16222.367299990496,16338.16432521143,16476.965046441182,16636.06743593095,16812.139765044674,17001.55028054281,17200.479571545962,17404.96358073596,17610.920057205018,17814.17623114935,18010.50285562896,18195.655357562704,18365.421390343457,18515.673628720222,18642.426482972456,18741.895293623675,18810.556438256754,18845.206644631457,18843.019688597415,18801.598594312556
IND,Male,IHD,diet,51614.07998077257,0.0,2948.783154953271,0.0,33.22392764210235,81.73295041907113,152.03874471527524,250.05275684862863,378.6787478924962,535.8304087632569,714.5286074163159,905.1920429428574,1098.4802897876361,1287.1220351124648,1466.406254422618,1633.8330266466364,1788.482230991358,1930.4181108153425,2060.238812190946,2178.7740754547995,2286.898840382695,2385.4273104448803,2475.059207980754,2556.3583870523144,2629.750788395526,2695.533530947054,2753.890101584606,2804.908603659831,2848.6012474312447,2884.9239918792155,2913.7956657456234,2935.1161282537505,2948.783154953271
IND,Male,IHD,combo,531544.1168534618,1446.5473887119442,21709.20924613811,1446.5473887119442,6166.463669139426,10154.61456023727,13376.228572199587,15168.476381844375,16002.817465124652,16417.496440685238,16694.60563564382,16945.455827149563,17205.615134469583,17482.476304787444,17774.51112996298,18078.11501231743,18389.646902186563,18705.80163758807,19023.501234868774,19339.71222931589,19651.306130370358,19954.981567988405,20247.23854565923,20524.390706301667,20782.603703204775,21017.95097651868,21226.480856348993,21404.290692171315,21547.60478252708,21652.8534578213,21716.750940757105,21736.369721422205,21709.20924613811
IND,Female,IHD,glp1,375706.89284058986,932.0464729145169,15106.979518135078,932.0464729145169,4095.402445602347,6877.800819633761,9225.316061198479,10609.606715307222,11308.521177589544,11683.959061480942,11935.321978488355,12146.667247873149,12348.988114805194,12552.231358499965,12758.601476428681,12967.627726863837,13177.97610186087,13388.041454621009,13596.105307095684,13800.353045215015,13998.856738610426,14189.559826095589,14370.274360017618,14538.692498333636,14692.410953630344,14828.966239947244,14945.87837557448,15040.700706054457,15111.073552635964,15154.77943692985,15169.797693225788,15154.35637592082,15106.979518135078
IND,Female,IHD,diet,44804.7276139952,0.0,2581.1789515800774,0.0,31.14891808014363,75.54402263148222,139.05129403341562,226.7653532656841,340.9139568362152,479.20318068098277,635.0866801964585,799.9600063281832,965.7214106398169,1126.3110612654127,1278.0211512785172,1419.0850281439489,1549.0626799393212,1668.2965702848742,1777.5184185345424,1877.5966097092023,1969.3878471780336,2053.6579629079206,2131.045642421348,2202.051530393306,2267.041726617608,2326.2590694953687,2379.838364663534,2427.8233784467448,2470.1843789631967,2506.8355429228395,2537.651828033151,2562.4850485238712,2581.1789515800774
IND,Female,IHD,combo,419777.6512881458,932.0464729145169,17653.114117044955,932.0464729145169,4126.291584533872,6952.332412840682,9361.907257520477,10831.786990778637,11642.161407930776,12152.793365966063,12556.744563197135,12929.686919328175,13294.690939449822,13655.754917711602,14011.421798392665,14359.453349534655,14698.047421443625,15025.901239939965,15341.985818938469,15645.315977696679,15934.787276196526,16209.082214335562,16466.630952480482,16705.611204054672,16923.97530259099,17119.49583279225,17289.823715883074,17432.55426514009,17545.297709502047,17625.751253332244,17671.77007860178,17681.434928073315,17653.114117044955
BRA,Male,IHD,glp1,60634.4454384929,150.61284451214306,2378.876762814616,150.61284451214306,649.1714027206763,1094.6719299711694,1473.7049807612493,1705.5204260045575,1831.1085018091253,1904.248872424374,1954.9201599983935,1996.1904687899223,2033.2672710766637,2068.1475619997364,2101.56986228624,2133.7795428390527,2164.821055416338,2194.6482663055504,2223.1660127469368,2250.2459952840873,2275.7333198141714,2299.4498680242395,2321.1968629107287,2340.7575569263427,2357.9004118624434,2372.3829043834994,2383.95597420758,2392.3690599672846,2397.375615904486,2398.738963158423,2396.238300704921,2389.674682867946,2378.876762814616
BRA,Male,IHD,diet,9522.561898694956,0.0,568.2934828101133,0.0,5.006241394818062,12.549981044809101,23.681146851333324,39.40177544511971,60.30389222619124,86.25296250941756,116.36012036410102,149.27639966287825,183.5900640579057,218.10451146028936,251.93912089057267,284.51062280983024,315.4670693647349,344.6180755364185,371.87830884111463,397.2269122628786,420.68023013084894,442.2742013655661,462.0533156154852,480.0638734258828,496.3500299572188,510.9516418958083,523.9032997370232,535.2341583790258,544.9683201104635,553.1256074310804,559.7226107450551,564.7739223689714,568.2934828101133
BRA,Male,IHD,combo,69970.85816251198,150.61284451214306,2937.4869830212556,150.61284451214306,654.1358925167588,1107.0512276809895,1496.9556478019513,1744.09307988621,1890.0556443232636,1988.5076188582898,2068.5695641685743,2141.998688048625,2212.6273916343926,2281.2850905269734,2347.849217590352,2411.9930240077956,2473.413952428382,2531.8763245347363,2587.1980300852592,2639.22698157368,2687.8211175340693,2732.834615228552,2774.1096712634608,2811.4725874784344,2844.733056344732,2873.6858285722847,2898.1141803496866,2917.7947495723784,2932.503395484906,2942.0217776189093,2946.144367321016,2944.6856125439226,2937.4869830212556
BRA,Female,IHD,glp1,52389.83904199825,106.36630377881374,2296.4095532498905,106.36630377881374,464.8638955820061,794.3795349261345,1085.4538914159057,1275.8546928909054,1391.4641219460755,1469.6240779059299,1531.5667012290942,1586.5847962091502,1638.3322449391271,1688.1482959139248,1736.474925807328,1783.418390006511,1828.9643805222295,1873.0581230640528,1915.6325650598592,1956.6166939357208,1995.936254781438,2033.5116192021233,2069.2547356627183,2103.0660389110417,2134.831793598729,2164.4221741096117,2191.690284719676,2216.4722482701327,2238.5884216222476,2257.845729582157,2274.041047221952,2286.9655059337674,2296.4095532498905
BRA,Female,IHD,diet,8379.5567415962,0.0,532.294560160808,0.0,4.132698263128987,10.302681291141198,19.398691470822087,32.276295440475224,49.46243605548807,70.89179488665832,95.87803707968851,123.3517228338751,152.18590432591736,181.42449789019884,210.3647362743941,238.54129652092524,265.67199175298447,291.6011389087653,316.2543625206745,339.6067051342834,361.6615899010212,382.4374608042417,401.9594636599213,420.25430019282794,437.34704114594206,453.2591540593712,468.00731061352417,481.602729960141,494.0509263869317,505.351790409768,515.4999615929264,524.4854620593542,532.294560160808
BRA,Female,IHD,combo,60604.325148493655,106.36630377881374,2819.3060694999294,106.36630377881374,468.9621275168465,804.5423130786367,1104.5008475733775,1307.4541475880105,1439.8184898276813,1538.8849977228383,1625.2235263661714,1707.087470605984,1787.032718966133,1865.465267691412,1942.13959794135,2016.7053133274458,2088.869777572909,2158.4232782968757,2225.223310118221,2289.1718770141306,2350.195722140299,2408.231164625933,2463.21291710448,2515.0659488450765,2563.6996903769323,2609.004158169846,2650.847780479904,2689.076815776236,2723.516294186469,2753.9724049903743,2780.236219875893,2802.088597435446,2819.3060694999294
CAN,Male,IHD,glp1,13652.016438059367,42.9492855209719,472.99392507381344,42.9492855209719,180.39654514580616,298.05190376771134,392.94947377359495,445.8264036765795,470.12843636424077,481.12933739583605,486.85403213795144,490.57282258621126,493.4571454667639,495.8755094479857,497.9149212076409,499.57467202517,500.83441364899045,501.67634287207693,502.0913746344777,502.0800409527001,501.65176074532064,500.82360023613364,499.61881143948995,498.0652094167526,496.1934207878039,494.03505850516376,491.6209012916697,488.9791670435625,486.13396739654127,483.1040188443767,479.90166806309935,476.53226859093047,472.99392507381344
CAN,Male,IHD,diet,853.4701360188592,0.0,51.10976136655154,0.0,0.41837070811743615,1.0607437077051145,2.025581558002159,3.4096190997443045,5.2731933057330025,7.608381941456173,10.33425081696987,13.324099699202634,16.444065758114448,19.580668527451053,22.650872920370603,25.600159757668735,28.395891349355225,31.02045398068367,33.46589312762808,35.7302513270115,37.81526355855749,39.72497572317661,41.464929133482656,43.041662832871225,44.462378673342755,45.73468129817047,46.86634929008869,47.865120568025304,48.7384900595971,49.49352491222453,50.13670498102147,50.67379603653535,51.10976136655154
CAN,Male,IHD,combo,14488.000428869942,42.9492855209719,523.1436275844208,42.9492855209719,180.81142668019675,299.0982047726684,394.938145017426,449.16406368738535,475.28267875828897,488.56146121672646,496.9471598822056,503.5868176576587,509.52131875071063,515.0082966835362,520.0534667221982,524.6026006001885,528.6031761233644,532.0198963997609,534.8356391453235,537.0487845786593,538.670234809535,539.720823243526,540.229054397354,540.2289930956977,539.758184221515,538.8555721205812,537.5594551705035,535.9055481412361,533.9252375211872,531.644110303685,529.0808214633653,526.2463446000656,523.1436275844208
CAN,Female,IHD,glp1,8800.847478339765,30.80718579585664,321.50462862425775,30.80718579585664,124.27486139242683,198.21944939095556,254.52456943362267,282.96141870515567,294.03249563363715,298.0618335738145,300.0555256241132,301.82343099913123,303.8539055213878,306.1752855022205,308.6840155628379,311.2574450445936,313.78782553610654,316.18943346578453,318.39748820150635,320.3652028543256,322.0608826108146,323.4654749586989,324.57051749940365,325.3763370083834,325.8903774579958,326.12558499316947,326.098824023411,325.8293323259859,325.3372438975457,324.6422183545146,323.762217605763,322.712466742345,321.50462862425775
CAN,Female,IHD,diet,597.540711383619,0.0,36.70719199492305,0.0,0.30814986415498424,0.7538341366962413,1.4080648628769268,2.3389262104974478,3.5898774119996233,5.1590180803177645,6.995825558038632,9.018982547746418,11.141779246401711,13.290246033091535,15.409769346646499,17.46384562825915,19.429791070440842,21.294344142363116,23.05026748707678,24.694071180885658,26.224622514884686,27.642353349612677,28.948828115353535,30.14650677854297,31.238597893112455,32.22894119693228,33.12188899458488,33.922174397048366,34.63476565878227,35.26471188069263,35.816988027298066,36.296347774357855,36.70719199492305
CAN,Female,IHD,combo,9385.91639638456,30.80718579585664,357.49261742503586,30.80718579585664,124.58044131469433,198.96304616195994,255.90706552871052,285.25116148834786,297.5416623669007,303.101659853357,306.88843485860343,310.63271931351846,314.7382911857276,319.16120788627813,323.74444377166947,328.329515996611,332.78632650695,337.01601061057227,340.94654630986406,344.5275847801968,347.7261907307038,350.52361690673933,352.9128281619778,354.89646743853154,356.48503905986945,357.69517814365827,358.5479501347181,359.06717657509216,359.27781500506535,359.2044368747411,358.8698519217651,358.29392427684434,357.49261742503586
TUR,Male,IHD,glp1,41701.149867192275,101.67022063066543,1679.6798793199705,101.67022063066543,444.31681201384345,750.3602169009828,1009.7652361596847,1165.8950032392313,1248.6261673572153,1296.3391671266581,1329.8950090998696,1357.9465484237153,1383.6465980000503,1408.0433540700906,1431.4640805280505,1454.0224882267794,1475.7840836356045,1496.806587079016,1517.1389028223784,1536.8095766144397,1555.8155518673884,1574.1144623618457,1591.6209324348165,1608.2064208538213,1623.7019022254972,1637.9026908275264,1650.5748052589624,1661.4623808357283,1670.2957337957632,1676.7997579315997,1680.7023890429846,1681.7429085080948,1679.6798793199705
TUR,Male,IHD,diet,-301.01705202816083,0.0,-18.183443727422855,0.0,-0.18863480032450752,-0.45441776036750525,-0.8324006808106788,-1.3553050269110827,-2.040335213256185,-2.879271691694157,-3.839184768134146,-4.8739232014195295,-5.9380216174031375,-6.995432421390433,-8.021803161143907,-9.002874120356864,-9.931658812754904,-10.805829005563282,-11.625746920573874,-12.393130537791876,-13.110203653064673,-13.779181210382376,-14.401975798959029,-14.980047029661364,-15.514342568887514,-16.005297948708176,-16.45287410012679,-16.856619010097347,-17.215744548433577,-17.529212374298368,-17.79582457707147,-18.014315741151222,-18.183443727422855
TUR,Male,IHD,combo,41405.201047267255,101.67022063066543,1661.7521302613313,101.67022063066543,444.1297504106187,749.911878795785,1008.9475312773138,1164.5670399222872,1246.629270572288,1293.5221080139454,1326.1384482115827,1353.1761449817714,1377.8324741218821,1401.190979862702,1423.6028898224467,1445.1960264723166,1466.0428902192361,1486.2036227307399,1505.7268965824478,1524.6396776575857,1542.936814514018,1560.57383751632,1577.4635495265393,1593.4760204844933,1608.4413295822305,1622.1543919642427,1634.3812888966931,1644.8666216320853,1653.3415018154628,1659.5318650416011,1663.166847245593,1663.98699850103,1661.7521302613313
TUR,Female,IHD,glp1,31605.16949659415,77.69762076895859,1395.976937553627,77.69762076895859,334.1736494280267,555.163593854486,737.7202344650432,842.9239506801605,895.5056906279497,924.9050483101091,946.6525033560902,966.8745280411968,987.5171807355509,1008.9624506614709,1031.0938406615605,1053.6883399355283,1076.5441346557345,1099.5102003974607,1122.4818950755725,1145.3866411462077,1168.1684848683362,1190.7745508059452,1213.1442579795112,1235.2013734140346,1256.8486978445726,1277.9650886189047,1298.4045077376504,1317.996793625658,1336.5498756628658,1353.8531726564252,1369.6819363295654,1383.8023166959465,1395.976937553627
TUR,Female,IHD,diet,-255.38181594410707,0.0,-16.19497703797242,0.0,-0.15437663121701917,-0.3721670304221334,-0.6830972472162102,-1.1143722855777014,-1.6803710065796622,-2.374243060570734,-3.1683714149548905,-4.024076602145215,-4.903504696841992,-5.777116093508084,-6.625574224657612,-7.438239309514756,-8.21061619912507,-8.942028353383648,-9.633908360803616,-10.288675376985339,-10.909047443288728,-11.497640733257867,-12.056746601039777,-12.588215308263898,-13.093403246661182,-13.573158620012691,-14.027831507497467,-14.457300510257483,-14.861011609304114,-15.238026633131085,-15.587079563818406,-15.906639236098272,-16.19497703797242
TUR,Female,IHD,combo,31354.14318495738,77.69762076895859,1380.0229362028913,77.69762076895859,334.02056028390507,554.7964151909473,737.0492307923778,841.8321362172719,893.8612243312382,922.5822778978763,943.5524981645503,962.9360546234748,982.716023981855,1003.3033775911099,1024.6006754148402,1046.3954751431738,1068.490514418023,1090.7355657004082,1113.0246970062872,1135.283052588682,1157.4520875132148,1179.476417553131,1201.293256823963,1222.8245881729672,1243.9719032306457,1264.613241652958,1284.602231295139,1303.76883557564,1321.9215313658788,1338.8506611603516,1354.3327223556698,1368.1353719399485,1380.0229362028913
ZAF,Male,IHD,glp1,7746.651272337538,26.19715094201092,298.3148020894587,26.19715094201092,109.14602713112254,178.56425708600545,232.7845788695795,260.69087880878214,270.9915234199325,273.2864968285903,272.6570150271291,271.23663443842815,269.83897752460325,268.7517441508462,268.06112490536907,267.7775804229095,267.8841629319977,268.3551280878746,269.16295374370384,270.2806319129231,271.6819141780288,273.3406341395312,275.22963882586555,277.31962129752355,279.5780358447264,281.96821485262626,284.44876395623214,286.97327935946305,289.4904044551149,291.94422070821383,294.27494949716856,296.4199269017772,298.3148020894587
ZAF,Male,IHD,diet,1263.7929245741525,0.0,82.51303064024614,0.0,0.5779341150373511,1.4472145129529963,2.7466948633900756,4.614502718764925,7.142035993270838,10.329637415343313,14.077299835094891,18.219122815648007,22.57529882273593,26.991093192613334,31.352754953833937,35.58664513500844,39.651038206302474,43.52677199643949,47.20936219689611,50.7031508813925,54.01723369708998,57.16271351217438,60.15087384696744,62.99197184991135,65.6944498469311,68.26443865428155,70.70547542009808,73.01838935954584,75.20132620001823,77.24989110512252,79.15739363197281,80.91517915506847,82.51303064024614
ZAF,Male,IHD,combo,8984.605360507618,26.19715094201092,379.26666016805757,26.19715094201092,109.71914132811071,179.99177476590557,235.4812328423577,265.20794708662834,277.972239765395,283.3763519652366,286.40507116158915,289.0307175859598,291.891701139828,295.12464587588147,298.7044253881104,302.56919179050965,306.6607805690037,310.9342571890593,315.3572766325924,319.90668330234985,324.56478807446547,329.3160092900325,334.1440158684054,339.02937380583535,343.9476826112659,348.8681978089262,353.75294128591486,358.55629821158436,363.22508944849324,367.6990948675375,371.91198835264004,375.7926313839307,379.26666016805757
ZAF,Female,IHD,glp1,6971.390641319218,21.31647022965626,278.8308706797943,21.31647022965626,88.57200575748902,145.37978715129793,190.5307444551563,215.06893703685273,225.7942850918189,230.23089365718806,232.3426878466944,233.7770855606086,235.14875844044036,236.66358672242131,238.37239478012452,240.2687667373848,242.32650653231758,244.5142550351884,246.80137396829923,249.16033128411982,251.56753763445886,254.0033850154632,256.4518077382163,258.8995335721538,261.33513937228963,263.74800512900583,266.1272496306774,268.46072167746934,270.7341105182404,272.93022742012727,275.0284972715199,277.00468537274355,278.8308706797943
ZAF,Female,IHD,diet,884.7385916848398,0.0,59.91033547216284,0.0,0.4022016579783667,0.9894819973233098,1.8545134079286072,3.0888738167432166,4.754661721915909,6.856960745015385,9.337931432966798,12.097830658978637,15.026761943852762,18.028508709279777,21.030407858512262,23.983126887820617,26.856058740082517,29.632032993142275,32.30289357535548,34.86626775429613,37.32336021586161,39.67749031629319,41.933119960753174,44.095186266031305,46.16861654948116,48.157952039189695,50.06704070271735,51.89878156925988,53.65491602709335,55.335868456826574,56.94064122476448,58.466768983213115,59.91033547216284
ZAF,Female,IHD,combo,7836.464284744972,21.31647022965626,337.46645915412046,21.31647022965626,88.97085309015893,146.3557539752146,192.35122877556023,218.09185582497776,230.43986360447525,236.92542509335,241.4566538306717,245.58399809207913,249.8150663252618,254.26187855631724,258.9042753991125,263.6875554073358,268.5554748046052,273.4597281563547,278.3615327835523,283.23087041025246,288.04517564064554,292.78794895871215,297.44736913277666,302.0148922452936,306.4838325676501,310.84794760434124,315.1000719562853,319.2308568000153,323.2276742901413,327.07374114713093,330.74750529407356,334.2223255948502,337.46645915412046
MEX,Male,IHD,glp1,43598.15844035825,121.17420902273443,1785.7139918026514,121.17420902273443,503.0335298728023,821.3523457685224,1077.6941032508475,1221.5194613291387,1290.9574449358624,1328.1274520638544,1354.7759216778213,1379.4303562562854,1404.8123175330547,1431.445447158083,1459.1100683511468,1487.385029929821,1515.8361694685736,1544.0734786165121,1571.761386793034,1598.6136034582305,1624.383991408322,1648.8574881006207,1671.8423342065216,1693.1638685811195,1712.659805847492,1730.1768148677656,1745.5682084715809,1758.6925774954725,1769.4132317362964,1777.5983368517045,1783.1216553391569,1785.8638101632241,1785.7139918026514
MEX,Male,IHD,diet,5794.663248417608,0.0,361.3027639098582,0.0,2.6890596787125105,6.82933834879077,13.064580034566461,22.028155364547274,34.120735748903826,49.30388016658253,67.06746921844024,86.60458777063468,107.06154478412645,127.71745336020831,148.05048814996553,167.72548386604467,186.54992849698465,204.42770361083967,221.3221513285971,237.23025029584824,252.16597453365102,266.15020684181945,279.2049691099237,291.3503499182407,302.6030507430696,312.975869204427,322.4777059196058,331.11385390332725,338.8864364696783,345.79492388197104,351.8366959820705,357.0076377761725,361.3027639098582
MEX,Male,IHD,combo,49287.59416829125,121.17420902273443,2141.4346537336824,121.17420902273443,505.70016303795273,828.0890663920436,1090.5225173933723,1243.0883723546285,1324.3211682029214,1376.3131229487917,1420.3191188364435,1464.0825318077113,1509.4927847637591,1556.3691584306798,1603.9806928007893,1651.5765237509622,1698.5318393038178,1744.360166526254,1788.687742489521,1831.2231970286375,1871.7321795663302,1910.0184083484492,1945.91023278996,1979.2513952036388,2009.8948585949547,2037.6988544426567,2062.52455704585,2084.2349815384805,2102.6948366378347,2117.771152504938,2129.3345594763086,2137.2611233171483,2141.4346537336824
MEX,Female,IHD,glp1,35128.1789554468,100.7402886500713,1622.6840713411657,100.7402886500713,403.90559907705756,639.4327003468279,821.262866175377,916.2659924226464,957.9906615485015,979.725294329306,997.6153373121342,1017.3879571641082,1040.4261970620137,1066.5935985137621,1095.3229957423318,1125.995563695018,1158.0559541553812,1191.0351632154925,1224.5439513893216,1258.2588829572487,1291.9082232433284,1325.2596971826715,1358.1103640607034,1390.2783553068439,1421.5961387079878,1451.9050219010242,1481.0506887509982,1508.8796396613034,1535.236469560361,1559.9619617277785,1582.8920011845476,1603.8573190614843,1622.6840713411657
MEX,Female,IHD,diet,4954.890907486144,0.0,328.64358662386076,0.0,2.2594995301551535,5.692161796338041,10.839599937942694,18.23373605015513,28.20386689442239,40.70148001344205,55.280857303296216,71.26098360992182,87.94631003960967,104.77659909173963,121.37259001992061,137.5137958884152,153.0928731871245,168.07244181433634,182.45317919070658,196.2532609404443,209.4963616669702,222.20527336721716,234.39888683623576,246.09103364308248,257.29026947596867,268.00007405715587,278.21919031391735,287.9419731935777,297.1587029385846,305.8558633966459,314.0164084529533,321.6200482120039,328.64358662386076
MEX,Female,IHD,combo,39996.02992572454,100.7402886500713,1946.2461006918165,100.7402886500713,406.14625458627415,645.0481303095439,831.908629816593,934.1256118749661,985.5820502160204,1019.5280459414716,1051.6790074667879,1087.099355942475,1126.4928593005607,1169.1742779899505,1214.2035276917304,1260.7436866678618,1308.1319738582242,1355.8606327854213,1403.53923266333,1450.8605941324786,1497.574904797788,1543.4711803821847,1588.3641357069428,1632.0847479913791,1674.4732771077543,1715.3739407148532,1754.630764513713,1792.0843499485345,1827.569447370668,1860.9133123148495,1891.9348705268785,1920.4447337634192,1946.2461006918165
AUS,Male,IHD,glp1,9167.403561972618,21.47497987326824,365.37645883309233,21.47497987326824,93.59867101360032,158.3725635513929,214.129540924685,249.06979940537713,269.0817666285511,281.842654691387,291.5051949843328,299.76596494545447,307.2228615890963,314.061831446812,320.3353424867346,326.06308964107666,331.2638204071627,335.9625336024328,340.1898709197085,343.9796998335987,347.3667917776147,350.3850309111658,353.06611895863534,355.43863573159615,357.5273292082129,359.35255266202876,360.92980795947005,362.2693849946336,363.37610660314385,364.2491979918814,364.882301996804,365.2636583996682,365.37645883309233
AUS,Male,IHD,diet,690.9473014599916,0.0,41.03255271578746,0.0,0.4181040193507215,1.0199629482358432,1.9008015389372304,3.1461029021738796,4.801177479632315,6.843936269215192,9.184868783300772,11.697456940790289,14.257104943208105,16.766518575284863,19.162587711431115,21.41159432458153,23.5006098781123,25.42954269938855,27.20529639870074,28.83799540625114,30.338758665744535,31.718490433271654,32.98728493377348,34.154176507454395,35.22707033634288,36.21275856284774,37.11697037394697,37.944430803734576,38.698918023241276,39.38331706449026,39.99967199841558,40.54924022234627,41.03255271578746
AUS,Male,IHD,combo,9845.28987264208,21.47497987326824,405.71017858203777,21.47497987326824,94.01328808339167,159.37876560561926,215.99624405085888,252.15095308325363,273.77768761612424,288.5334877653604,300.48441288658796,311.2037522001301,321.16762909843237,330.46663758848445,339.09116450357396,347.027517786948,354.28141169045193,360.87742361120036,366.8526822559543,372.25075462937457,377.1171366648887,381.4962682188707,385.42964571400444,388.9546302689196,392.1036638691294,394.9037176556594,397.3758807739796,399.53505471780954,401.3897522336556,402.94201762118973,404.1874915897897,405.11564240313237,405.71017858203777
AUS,Female,IHD,glp1,5388.410327711079,15.179421484135673,229.79828849039404,15.179421484135673,61.58725257660262,97.97574193631044,127.02809290000187,143.27698363234776,151.52069788860717,156.62590632894535,160.90965818275617,165.15293272965027,169.51798328358564,173.96778108923354,178.4216886826507,182.80528985947603,187.0623024970664,191.15426698687588,195.0571049859809,198.75751573656635,202.2500048181846,205.5346168898359,208.61523879144806,211.49831134629858,214.19181429968376,216.70442603557785,219.04479410341082,221.22088050841012,223.2393669056055,225.10511996282366,226.82072704037455,228.38611773823868,229.79828849039404
AUS,Female,IHD,diet,472.31926356968324,0.0,28.309702691751227,0.0,0.34714251644618344,0.7946059784735553,1.4197672246591537,2.284748310377836,3.4200346216603066,4.808538554916595,6.387898495040645,8.072841731143853,9.781866742378043,11.453389818052528,13.048984918561473,14.549156783967192,15.947178119518867,17.243826894366066,18.443757336317503,19.553296778316508,20.57923191383452,21.528201566408825,22.40642956452939,23.21963256222807,23.97300787889617,24.671250273231635,25.318572305044654,25.91871743712909,26.474962925687578,26.99011368741958,27.466490357870498,27.9059155814557,28.309702691751227
AUS,Female,IHD,combo,5851.885319828147,15.179421484135673,257.6171167451994,15.179421484135673,61.931499955977415,98.75972500566968,128.42274007110245,145.51536854030383,154.8672314329433,161.32921690077092,167.1578711857528,173.05095928300761,179.0909666084317,185.18041012464892,191.20076962294843,197.0582558806218,202.68973747664495,208.05729735166642,213.1412418259788,217.93433483737317,222.43763063519873,226.65760442698775,230.60418758416563,234.2893842398189,237.72624060877752,240.92801838827108,243.90748319544946,246.67626115898747,249.24424575034027,251.6190561632102,253.8055604532292,255.8054828905333,257.6171167451994
NZL,Male,IHD,glp1,2601.4101750431983,5.72741477565296,101.26430230014739,5.72741477565296,25.812332347768915,44.65785277125724,61.222380259788224,71.827245497072,77.95777422529864,81.79116980131039,84.56693795427782,86.82790975543594,88.79072272404574,90.5408072315413,92.11440533739278,93.530111291102,94.80032407505405,95.93516862204979,96.94374087614688,97.83446565807026,98.61518559866545,99.29317098957472,99.87509486109411,100.36697633274707,100.77409007905771,101.10084512294907,101.35064293635605,101.52572993963622,101.62706215478465,101.6542000099771,101.60524945223642,101.47686206270737,101.26430230014739
NZL,Male,IHD,diet,190.32931078537422,0.0,10.764320841684821,0.0,0.13972329678108508,0.3339937038253993,0.6090748262240595,0.9880252664652289,1.4811571014961373,2.078820480182003,2.7526347494040238,3.4650941442469048,4.1807619948149295,4.873004527324156,5.525352792898957,6.1297163202971205,6.683722110145027,7.188383491304194,7.646446465655572,8.061356801805232,8.43667666327201,8.775788437137635,9.081766145838628,9.357336359495093,9.604881599116197,9.826459972351586,10.023827761164284,10.1984593991383,10.351563619357876,10.484096788809438,10.596775386139598,10.690089738998722,10.764320841684821
NZL,Male,IHD,combo,2788.4348297216357,5.72741477565296,111.86869045515141,5.72741477565296,25.950890364941188,44.98735765022093,61.82061610675919,72.79513010381015,79.40702858233362,83.82453747001091,87.25964944226689,90.21860343663593,92.88335028376514,95.31316480793339,97.52803849532393,99.53850557306396,101.35451214789373,102.98706522876728,104.44786104986088,105.74862984378615,106.90065024068917,107.9144656088165,108.79973015770702,109.56511158312696,110.21820203578045,110.7654147983967,111.21186351266806,111.56123348185065,111.815661517222,111.97564325626172,112.03998598654744,112.00582172439135,111.86869045515141
NZL,Female,IHD,glp1,1678.559929287369,4.011762895715492,70.15911412598143,4.011762895715492,17.497325824615018,29.18221106491046,38.87729595716655,44.60537170501402,47.661272380799346,49.54042945602805,51.0132915621989,52.37550173682666,53.717381738528275,55.05450834760677,56.379070953463724,57.67805124523875,58.93898342476223,60.151408238849854,61.30698503427948,62.399275366268284,63.423504524301734,64.37636532299939,65.25585540393467,66.0611248249661,66.79231470156628,67.45037598642875,68.03686549676468,68.5537227210043,69.00303554351922,69.3868059141846,69.70672782835027,69.96398996109565,70.15911412598143
NZL,Female,IHD,diet,140.6006504432794,0.0,8.212426056596996,0.0,0.10630948422158326,0.24645683284779807,0.4411410640241229,0.7081720437081458,1.0561767829476594,1.4794686662617096,1.9587826399647383,2.4680766590258827,2.982578433953222,3.4836511443572817,3.9597744573184173,4.405252431472036,4.8183059607476935,5.199422003028758,5.5502035053832515,5.872670824501711,6.1688854114077,6.440775698163179,6.690077716244559,6.918333806362625,7.12691552411934,7.31705190801722,7.489853669345393,7.64632948401777,7.787393800905193,7.913867342255799,8.026472328900127,8.12582476317948,8.212426056596996
NZL,Female,IHD,combo,1816.637509442884,4.011762895715492,78.23908798289995,4.011762895715492,17.60274869738987,29.425368441437968,39.31062855522623,45.29919102939766,48.6948246647994,50.98770117847653,52.9295820623488,54.790693730478324,56.6371049210461,58.46608794514805,60.25846442750344,61.99554392002847,63.66303144068115,65.25087180119226,66.75223663759198,68.16262226520121,69.47924003350954,70.70064695973224,71.82652265888328,72.85751398918956,73.79509494024751,74.6414123056984,75.39910489444037,76.07109597282442,76.6603664242939,77.16972074617888,77.60156020017712,77.95767772114596,78.23908798289995
ROU,Male,IHD,glp1,11288.358863475249,45.33007638890922,329.8439451795457,45.33007638890922,194.0468078507729,315.40337195410757,410.2515936595446,456.59914093486077,470.6136405927391,469.92543547531386,463.5118954422942,454.980781152688,445.72162633756307,436.342088947662,427.18680751237844,418.4945263712507,410.43376844555314,403.1064101268821,396.5485406888838,390.7359650178623,385.5943130011037,381.0117562955202,376.85228393241414,372.9680166303515,369.2096471781588,365.4346071929176,361.51293362825163,357.33104684232967,352.7937795279977,347.8250405955805,342.367486787949,336.3815297838628,329.8439451795457
ROU,Male,IHD,diet,155.66979521427857,0.0,7.554377279608161,0.0,0.16964891339739552,0.38982614598353393,0.6920005934734945,1.0959451068702037,1.6045627617859282,2.1984906183279236,2.840601471652917,3.4886155528438394,4.107201016173349,4.6736145107861375,5.177288730941655,5.616574867548479,5.995167691333336,6.31930211809231,6.595901176711777,6.83150334687889,7.0317336985281145,7.201120787070977,7.343116883886978,7.460226276394678,7.554180645976885,7.626124043345044,7.67678576223625,7.706629884465656,7.715977104813646,7.705098749727767,7.674285430064629,7.623894045358611,7.554377279608161
ROU,Male,IHD,combo,11441.856483819553,45.33007638890922,337.3211735544137,45.33007638890922,194.21504190763517,315.78811831374696,410.93188285355063,457.6742153896412,472.1864295412088,472.0803660505444,466.2972105326189,458.40329237089463,449.75337742259217,440.93261264525063,432.27504186031,424.0175821023222,416.33221366864746,409.3268112750484,403.04418219295985,397.4665072083153,392.52492050443107,388.1120370708268,384.0952403574229,380.3291168366959,376.66606484511794,372.96464089193614,369.09559511460975,364.9457962834531,360.4203810101171,355.44351089755946,349.95811260799746,343.92493212077534,337.3211735544137
ROU,Female,IHD,glp1,9403.275331434947,46.62220121611608,297.55166081674906,46.62220121611608,187.670279598271,285.8138894818985,353.50717461970635,377.17504606297007,377.1036256163934,369.895062490712,362.14565928316733,355.4647342519056,349.83862959354883,344.92950617618044,340.4579672437758,336.27002834963787,332.3132167140211,328.59620043995164,325.1539600393771,322.02326452590205,319.2278313361312,316.77110981498845,314.6344931994936,312.7790480913318,311.1492456304768,309.6775718209756,308.2892420335156,306.9065308220779,305.4524501357264,303.8536709833206,302.0426934887546,299.95933755786973,297.55166081674906
ROU,Female,IHD,diet,157.09920185397277,0.0,7.617439738525718,0.0,0.1993474771043111,0.4422309705732914,0.7733761947674793,1.211800711855176,1.7569624292846129,2.3836287650519807,3.049135611996462,3.7084217982592236,4.326443306406873,4.882452322290192,5.368124239041208,5.783589777973248,6.13382130822356,6.426083489808661,6.668346522477805,6.868371545337141,7.033219561828446,7.169017302665452,7.2808780538143765,7.372916305237595,7.448318683909747,7.509446977164771,7.557956847351306,7.594920790485048,7.6209473863928,7.636291567145236,7.64095275726504,7.634759411736013,7.617439738525718
ROU,Female,IHD,combo,9558.328980637496,46.62220121611608,305.08940711354444,46.62220121611608,187.86796453551142,286.2504988589353,354.26793350322987,378.3648800837145,378.8278427598634,372.234661996059,365.13989990334085,359.10856629149566,354.0923938612905,349.7329154708241,345.7423089634103,341.96650243003023,338.3577364348639,334.9316903498184,331.73109104085233,328.8002839004221,326.1699029229567,323.8494168780162,321.82525690693365,320.0625547703785,318.5089392043337,317.0992440592745,315.76033704438305,314.4155688262872,312.98856758771217,311.4062687579826,309.6011816089449,307.51296335697043,305.08940711354444
BGR,Male,IHD,glp1,4781.207179337218,19.95863418153931,129.22627289225966,19.95863418153931,84.69952304825529,139.3149274374373,182.2876417972584,203.71363769560594,210.26910645359203,209.74267614696691,206.30844569475084,201.74091187619888,196.7566101372704,191.6661761918731,186.62996245349677,181.74796204030645,177.08863853554976,172.69743583687705,168.5996275173802,164.80229186350698,161.29666569619985,158.06096352366694,155.06343286337687,152.26538947838344,149.62403440899106,147.0949270010533,144.63405153725398,142.19946355288266,139.75253544641782,137.2588416081071,134.68873362037266,132.01765880038693,129.22627289225966
BGR,Male,IHD,diet,245.745709848381,0.0,11.887861854431321,0.0,0.2323416871167865,0.5570109987529577,1.014615443562434,1.6352554654622509,2.4260698973921535,3.359912271167559,4.379921445268337,5.418545268299567,6.417470741174839,7.337840171847347,8.160387405992878,8.880476833444845,9.502377833305218,10.034746196808555,10.487665967364592,10.870956950036998,11.193338843811944,11.462118132796604,11.68316945576953,11.861068432966931,11.999290933057637,12.100430278080239,12.166406012718653,12.198651026217703,12.1982715523136,12.166179043704688,12.103195402085476,12.010134303429368,11.887861854431321
BGR,Male,IHD,combo,5023.120933620046,19.95863418153931,140.971909861295,19.95863418153931,84.92992702679658,139.86451599844986,183.28448378030953,205.31633938689265,212.6445351413604,213.03189835615376,210.59723871911228,207.0490074896279,203.04651158701927,198.86206289958318,194.6368232359746,190.4659418240608,186.42181502285348,182.55818068004191,178.91006455846582,175.49408556888739,172.30997772033697,169.34309092110198,166.56741878647335,163.9487571772006,161.44771177645816,159.02238098189991,156.63062546893343,154.23189719637594,151.78864179663833,149.26731334925717,146.6390533599606,143.8800897669862,140.971909861295
BGR,Female,IHD,glp1,3873.938864512387,18.289236798013008,110.47012577954592,18.289236798013008,75.04315976301223,118.59420134693573,150.60969640932854,164.26617887449174,166.56990419835893,164.32931807891873,160.7737537854482,157.04138947501633,153.44585623699822,150.03667732970462,146.79943209952762,143.71626393450606,140.77871357107324,137.9864348317442,135.34304361613795,132.85244057345335,130.5163160723605,128.33275782585406,126.29570230349418,124.39497458999904,122.61670849042093,120.94398832088882,119.35759619736928,117.83678285885435,116.36000714806687,114.90561029909259,113.45240701415241,111.98018668961959,110.47012577954592
BGR,Female,IHD,diet,227.8107542792295,0.0,10.952207969279698,0.0,0.22544387957532308,0.5268618093978148,0.9494357043131458,1.5275350535885082,2.2736169867712306,3.165402407534202,4.14822357117373,5.153283993247896,6.1187681797910045,7.001929252695845,7.780569069293051,8.448589973853814,9.010215847938525,9.475183028480387,9.855453008498444,10.163230369280427,10.409892005885922,10.605486941010895,10.75856869301424,10.876210251983139,10.964112693160132,11.026756592555103,11.06756793923887,11.089083123617456,11.093104842957473,11.080844861724472,11.053051905038956,11.010124324329809,10.952207969279698
BGR,Female,IHD,combo,4098.2573775229575,18.289236798013008,121.28103077785272,18.289236798013008,75.26672346110354,119.11413189323866,151.54282114868693,165.7640433427241,168.79740975470668,167.43024818269078,164.83870467355155,162.09365431038896,159.44801905372333,156.90912719478365,154.44043174842955,152.0177444128003,149.63645270386587,147.3055374852138,145.04019572200377,142.85620762745748,140.7663773711556,138.77863698498004,136.89532244141265,135.11321971296456,133.42408510497626,131.81543105445235,130.27143305832033,128.77386030807793,127.3029668791678,125.83830542471696,124.35944349959209,122.8465753919063,121.28103077785272
ISR,Male,IHD,glp1,2062.8256428049426,4.603555701897676,89.88377405118354,4.603555701897676,20.02567990630405,34.05165404655736,46.152950098853125,53.75949960631624,58.11544359406207,60.88138829259742,62.97405259509878,64.77961559165078,66.44052183956182,68.00406362539479,69.48483442601173,70.88872810542716,72.22133027516793,73.49020722618843,74.70489727554923,75.87612200907006,77.01482703104011,78.13129572642629,79.23442643264025,80.33119617697866,81.42630346495207,82.52196892907796,83.61786771036714,84.71116733965209,85.79664745018363,86.86688150584087,87.91246492252321,88.92227784836814,89.88377405118354
ISR,Male,IHD,diet,58.97230177645861,0.0,3.883532364212442,0.0,0.02930303324274064,0.07264773071983655,0.1365126733771831,0.2271889496305448,0.34860476860058043,0.5003236224924876,0.6772456350599896,0.871329111706018,1.0740510918294603,1.2782010720629842,1.4785836655396452,1.6719475487034288,1.8565832410777148,2.0318719988890734,2.19790385417582,2.3551905704853198,2.504462625207452,2.646530504970542,2.7821922835537407,2.9121737219675197,3.037091124190738,3.1574301969285443,3.2735362527182588,3.385612502089316,3.4937241284469565,3.597806492844029,3.697676279824009,3.7930447319122322,3.883532364212442
ISR,Male,IHD,combo,2120.6002933217605,4.603555701897676,93.69386186144857,4.603555701897676,20.054738554909818,34.12331544607605,46.28698745600923,53.98192432447331,58.456241984882126,61.37021355837078,63.63563296573602,65.63085692715185,67.49001773221426,69.25336076314215,70.93038911398662,72.5237986860252,74.03748112517951,75.47837520964822,76.85608689587662,78.18182098633679,79.4672237204295,80.72336080072546,81.95990382534546,83.18453496343773,84.40255289487686,85.61665227341109,86.82684605720624,88.0305013062989,89.22246252852892,90.39524114167489,91.5392542630807,92.64310025338,93.69386186144857
ISR,Female,IHD,glp1,1208.3765717514445,3.4759384820163177,53.254589322094034,3.4759384820163177,14.078749107332442,22.512520545972166,29.084042627954204,32.629371702471644,34.30058714865777,35.24246386200343,36.00839054935477,36.7915899618456,37.634722806132686,38.52833134647699,39.44962233178285,40.37645936161016,41.291764557789975,42.184283847881034,43.048003242278355,43.88111194272187,44.684878070168,45.462593025848946,46.218651010611666,46.95778783358037,47.68448090737775,48.40250004450945,49.11459214466231,49.82228006976902,50.5257557253567,51.22384872648763,51.9140543386834,52.592607108013,53.254589322094034
ISR,Female,IHD,diet,39.4085909150283,0.0,2.495748427358194,0.0,0.022488130753572477,0.05400997905871918,0.09939271706525687,0.16317740884665,0.24818268762055595,0.35412010219079093,0.47737536927479596,0.612213585846348,0.7525191460135829,0.8930741617086824,1.0300694552465757,1.161069686761948,1.2847441245576192,1.4005611431712168,1.5085285526488406,1.6089972591380501,1.7025205210611603,1.7897553064676686,1.8713936892545462,1.9481153069109496,2.0205546845218123,2.0892792618883504,2.1547753137901964,2.2174398171955545,2.2775768671890546,2.3353976003986645,2.3910228302884207,2.4444877788005215,2.495748427358194
ISR,Female,IHD,combo,1246.9669963124263,3.4759384820163177,55.70119397988674,3.4759384820163177,14.101049689117644,22.565797746668068,29.181633597184828,32.78912532225422,34.54320390510247,35.58842547063091,36.474685311737176,37.38962561902372,38.36994178243822,39.40107656151076,40.456505090091014,41.511696602558914,42.54825610707621,43.55439339532995,44.524086978238756,45.45585606154327,46.35149899774888,47.214941215342606,48.051247489109755,48.865813994580094,49.66373604397677,50.449337083341106,51.22583931416557,51.99515434515479,52.75777253103115,53.51273136027021,54.25764580340228,54.988786431893914,55.70119397988674
NGA,Male,IHD,glp1,17690.74804051098,72.489940769854,826.2871625021435,72.489940769854,288.8424548939947,443.8780424493889,547.8050154706652,582.2689992292435,577.4429082291244,560.1238299409888,542.7626911665575,529.5979097294112,521.5539249714202,518.4246809623583,519.6880469629687,524.7803546457726,533.1769094387564,544.4072046979782,558.0503578426651,573.7261290248498,591.0862788826635,609.8074261370566,629.5854370420275,650.1310968150865,671.1668057203133,692.4241095104517,713.6419470045948,734.5655544941619,754.946001760909,774.5403483760456,793.1124049619248,810.4340668776058,826.2871625021435
NGA,Male,IHD,diet,3361.368864211414,0.0,226.00684342277236,0.0,2.197003494213277,5.102647607149265,9.172022662540257,14.771315200858226,22.066158815825474,30.925625617033802,40.950129581047804,51.6225528661962,62.47521053444507,73.18144521787326,83.56405470006575,93.55954416313762,103.17403894251038,112.44785895440145,121.43223230131116,130.17599229975895,138.71899560837483,147.08956472314458,155.30412512134353,163.36791949575854,171.27616622085043,179.0153304764899,186.56435379847971,193.89578775173868,200.9768306889673,207.7702920009906,214.23551706207218,220.3293048820633,226.00684342277236
NGA,Male,IHD,combo,20996.05407148834,72.489940769854,1048.9739019515837,72.489940769854,291.0211355785141,448.9129124013707,556.8168282420738,596.7462851906457,599.0467514254269,590.3936910601769,582.8504695192605,580.1507160234323,582.7606647481225,590.1528829070885,601.6296474177361,616.5630432797552,634.4326160617275,654.8059965185748,677.3115100545983,701.6160928658064,727.4101192373346,754.3976794727132,782.2905547762784,810.8045444818345,839.6572657905053,868.5669077995044,897.2516687171519,925.4297605727043,952.8199536378597,979.1426721454409,1004.1216579692555,1027.4862008720083,1048.9739019515837
NGA,Female,IHD,glp1,22459.377135751223,72.5750642731291,1090.141850815955,72.5750642731291,292.2677869801191,459.73954560857237,582.9464234307015,638.1726780234894,652.2733354597585,651.4206729057987,648.4247021287883,647.9887306220044,651.396550088677,658.6913546522628,669.5221452267724,683.4467899439114,700.0326919791623,718.8855077297994,739.6533673719678,762.0232455641817,785.715063034404,810.475269675575,836.0704270370261,862.2809774914494,888.8953465019513,915.7045558014142,942.4975546191563,969.0574808824167,995.1590411336947,1020.567150512783,1045.0369092134642,1068.314917042837,1090.141850815955
NGA,Female,IHD,diet,4098.699819993686,0.0,289.59230548700725,0.0,1.9058367759134853,4.522233623560169,8.340140125779726,13.800044761366735,21.189167906268267,30.52311674633529,41.52745223312377,53.746880568767665,66.6997291224834,79.98598219807172,93.32374055767286,106.53812693942746,119.53290936646226,132.26261760245688,144.7113862529004,156.87884449597914,168.7714099936711,180.39717766179092,191.76299380977434,202.87276614470466,213.72642753016407,224.31922827997914,234.6411989856715,244.67672862688778,254.40426123350335,263.796143060521,272.818661019759,281.4323088836827,289.59230548700725
NGA,Female,IHD,combo,26488.379392406445,72.5750642731291,1375.3747794286319,72.5750642731291,294.15772925036435,464.2014393487261,591.139589678547,651.6943514006562,673.0106547308897,681.2823620835625,689.0552626593053,700.5899242421874,716.7000267176045,737.0371706658989,760.9733822425915,787.893779277787,817.2698244076164,848.6609724413574,881.6982938541842,916.06707583979,951.4924058033794,987.727736942441,1024.5455851454608,1061.729620387785,1099.0677313859414,1136.3459235302726,1173.3431024696765,1209.826900962551,1245.5507408316626,1280.252302787383,1313.6535207829147,1345.4621388341475,1375.3747794286319
EGY,Male,IHD,glp1,58182.65106639045,198.03218064758403,2129.6016802357044,198.03218064758403,832.3806623134733,1353.847717667435,1763.0883040331391,1969.0268743708293,2039.4136832353252,2049.978577249858,2040.3609486712376,2026.725442988798,2014.949662144907,2006.9834050757054,2003.359016795439,2004.093987928587,2008.9891090978053,2017.7143460944935,2029.8273710244102,2044.7761291983188,2061.9024916237977,2080.451715212286,2099.58811589345,2118.4159193861997,2136.003837623226,2151.411865814065,2163.718872985017,2172.049686347018,2175.600519851927,2173.661761887226,2165.637314546795,2151.0598664463905,2129.6016802357044
EGY,Male,IHD,diet,1577.329952503438,0.0,90.07414269531728,0.0,1.0855674927588552,2.5684273801889503,4.6951239341142355,7.660682065441506,11.558079599810299,16.3214914498094,21.732438150327653,27.494668623723555,33.32462077823584,39.007402051909594,44.40947228000732,49.46526639032527,54.155946458049584,58.49013447584002,62.489698511810275,66.18042162660277,69.586404908041,72.72704699481255,75.6157111134089,78.25946651538834,80.65950053435517,82.81193841769709,84.70889755469398,86.33965803845786,87.69186566848657,88.75270522487699,89.50999655941268,89.95317700953456,90.07414269531728
EGY,Male,IHD,combo,59738.00648683177,198.03218064758403,2218.787726714014,198.03218064758403,833.4571762718988,1356.3822674041294,1767.7022752336634,1976.5373628286761,2050.7345980541722,2065.963298164279,2061.651263486012,2053.6740800006373,2047.6315390106174,2045.2620112374134,2046.9656374747865,2052.694189553149,2062.228644915187,2075.246298332291,2091.3253945661127,2109.938531771273,2130.450786294794,2152.1261625241023,2174.141910488048,2195.609079402726,2215.597461294994,2233.163162642508,2247.3772068248363,2257.353751557035,2262.2766887831094,2261.423580281349,2254.186074077559,2240.086146994814,2218.787726714014
EGY,Female,IHD,glp1,43279.07828502418,160.0298948923446,1815.9358997693344,160.0298948923446,628.9105183028878,970.5366700314044,1227.7781209494278,1343.1022942726122,1372.0346017817064,1369.2895352303603,1360.9420970935753,1356.0998974897811,1357.0627568568598,1363.8800419042382,1376.0113914540416,1392.8479400689976,1413.8335186806216,1438.459983231529,1466.232190991068,1496.6338091958023,1529.1027929617703,1563.0178945384687,1597.6952212442557,1632.3932268887875,1666.3244281261286,1698.6721936861577,1728.6110417502641,1755.3289718433225,1778.0504553438223,1796.0588232775917,1808.7169302273542,1815.4851429396658,1815.9358997693344
EGY,Female,IHD,diet,1344.0978461097548,0.0,80.72629300109111,0.0,1.1251001433702186,2.4743994684686186,4.324912288037012,6.854862861786387,10.135274666914484,14.096795516539714,18.546088208415313,23.236192052427214,27.94309086362773,32.50784655356256,36.8412463561981,40.908473445873824,44.70960947670392,48.26345286497963,51.596304423423135,54.734969851138885,57.7027370332944,60.51728620121139,63.18981548353622,65.72492912574671,68.12101241911296,70.37092409425532,72.46289731678553,74.38157302359468,76.1091064515058,77.62629692468909,78.91369669049163,79.95265930297319,80.72629300109111
EGY,Female,IHD,combo,44605.32220641291,160.0298948923446,1895.8522774387966,160.0298948923446,630.0262352131977,972.9791753199679,1232.0307791236119,1349.8282952557493,1381.9717818860663,1383.11078848553,1379.1323901049473,1378.9025725456886,1384.5010716399993,1395.8203449747962,1412.2312388883292,1433.0894734325702,1457.8378820293292,1485.9859257482603,1517.0636658164876,1550.5806757024548,1585.9975302805833,1622.7102214102051,1660.0458176173124,1697.267310246214,1733.5856674094393,1768.1772777981823,1800.205112776428,1828.8420581541432,1853.2949814688764,1872.8282241093111,1886.7853533115122,1894.6081833325734,1895.8522774387966
BGD,Male,IHD,glp1,54443.240778884065,198.9584507256659,1997.970547545934,198.9584507256659,818.5005050023174,1295.7966393264214,1656.8862383064989,1827.1490550603485,1877.403479961853,1879.9821313341963,1870.594693934443,1862.345113489544,1858.8672373310546,1860.4588310678373,1866.4270187772636,1875.8900894135877,1888.0151954506582,1902.0657934960327,1917.3925874288834,1933.4129721098288,1949.5925460494473,1965.4316970868385,1980.457050713012,1994.2168255496072,2006.2791482649336,2016.2325620727497,2023.6881400956772,2028.2827444614377,2029.6830546765414,2027.5900370991149,2021.7435550428054,2011.926838009531,1997.970547545934
BGD,Male,IHD,diet,24417.934268589146,0.0,1295.2731803345087,0.0,19.308404962925124,46.23275645777176,84.48258455343603,137.23718872503377,205.82783702023153,288.6885830998217,381.5319226043066,478.7684047910734,575.1696273026464,666.8685891780187,751.5571962916874,828.2118721402367,896.6864038795175,957.3517766013392,1010.835696337861,1057.8548754988587,1099.116152818082,1135.2634278606565,1166.8531806023093,1194.3470192939276,1218.1139532782545,1238.4379427287204,1255.5280848614348,1269.52989957502,1280.5368331153004,1288.6014784467698,1293.746225411218,1295.973170818179,1295.2731803345087
BGD,Male,IHD,combo,78511.20768300777,198.9584507256659,3279.201223344542,198.9584507256659,837.6478796208394,1341.4144931302872,1739.8943179507041,1961.665602889756,2078.954035054674,2162.6298541921133,2244.2487897625397,2331.4634687271027,2422.7879112697847,2514.715233304043,2604.2638239908265,2689.5176732479013,2769.4704695468827,2843.723095978261,2912.2204712668317,2975.0666457893676,3032.408825186314,3084.371125387872,3131.0211695828475,3172.3573506886314,3208.3086988287687,3238.742240163003,3263.4746651079913,3282.2863273816765,3294.9363180613727,3301.1777797292743,3300.7728648885095,3293.5068782093877,3279.201223344542
BGD,Female,IHD,glp1,31766.174241180728,93.74394525288517,1292.201458979238,93.74394525288517,387.92336636106484,617.3021390705471,802.013027002431,900.7238171649806,943.6380505780689,964.1064687353937,978.794615716848,993.7463958825974,1010.5484255946649,1029.2466114964336,1049.456007974135,1070.7303275541635,1092.6626452463825,1114.8975844031957,1137.1190727330686,1159.0348916010844,1180.3642123562167,1200.8293427186727,1220.1514138276543,1238.049375763323,1254.2416339625634,1268.449697088392,1280.403251031894,1289.8461144047324,1296.542573158251,1300.2836415129714,1300.8928559310298,1298.2312780778448,1292.201458979238
BGD,Female,IHD,diet,15669.757755008439,0.0,897.0974366795417,0.0,12.694651144985983,29.304504096166056,52.45328346269525,84.22241374583245,125.46580375220219,175.23031814256683,230.91693597345147,289.19524840933445,347.0368812933302,402.305277438325,453.8327136429725,501.2101202899794,544.5104354395153,584.057295866427,620.2671156476281,653.5549214358471,684.2850112476444,712.7496753077721,739.1641091566271,763.6700141343026,786.3434807200974,807.2047185512638,826.2283559715142,843.3536706196319,858.4944389989541,871.5482433129946,882.4051322242449,890.9555483025906,897.0974366795417
BGD,Female,IHD,combo,47208.31389377584,93.74394525288517,2178.6933965573116,93.74394525288517,400.5121452680323,646.2216204525976,853.5676303351938,983.3141422331901,1066.5627148122148,1135.77061901454,1205.0815451889212,1277.2868701090047,1351.0025435731513,1424.1668511491152,1495.2313011597143,1563.329223370747,1628.1084838366223,1689.5182086277055,1747.6417409619462,1802.5882558762678,1854.4311003061011,1903.1778827809903,1948.7605046681274,1991.0371670141467,2029.8013570447074,2064.7947743194673,2095.7223355955357,2122.268067046054,2144.1110585596616,2160.940855217981,2172.4717805230903,2178.4557729208173,2178.6933965573116
USA,Male,IHD,glp1,171727.17378267902,446.1331035529729,6055.719989008561,446.1331035529729,1956.0507805892848,3333.1918997858884,4510.836807206215,5229.791678096168,5614.0121986834565,5830.604465919838,5972.548032914288,6079.686774624861,6167.343734336435,6241.094905756414,6302.938466662192,6353.671101582702,6393.761045762454,6423.65138280543,6443.852415880945,6454.956754325889,6457.625893080432,6452.566072193964,6440.500281333458,6422.139566552185,6398.155544030422,6369.1555325530935,6335.661418932839,6298.093104374013,6256.7571114630555,6211.840663602925,6163.41128997202,6111.421767096617,6055.719989008561
USA,Male,IHD,diet,11498.484947544115,0.0,638.4237431764486,0.0,7.329611019347794,17.9250497816829,33.26711968553718,54.70113175275037,82.94592173892306,117.67211361665977,157.49726710963296,200.43307399738114,244.46056531876093,287.916423042072,329.6185340916272,368.8229923105682,405.11980090715224,438.3293257133919,468.4215707478579,495.4599276940571,519.5641242434504,540.8863508461509,559.5958081124118,575.8684322484769,589.8797715039691,601.7998258463922,611.7891941718408,619.996189327212,626.5547562587308,631.5831163265975,635.1830966891721,637.4401102658594,638.4237431764486
USA,Male,IHD,combo,183020.0524000278,446.1331035529729,6684.509138744965,446.1331035529729,1963.319263318146,3350.874937319546,4543.507024313265,5283.363864737854,5695.140776788234,5945.646765698213,6126.524906967708,6275.683412827377,6406.473939514894,6522.844233111187,6625.631683299434,6714.899099723611,6790.70688431384,6853.315763768798,6903.2005846897955,6941.01054892363,6967.519600316824,6983.578920137428,6990.073774697026,6987.884716602566,6977.853068681783,6960.750943425053,6937.256272115104,6907.933360308583,6873.219389375881,6833.417101976462,6788.6936858607805,6739.085634916846,6684.509138744965
USA,Female,IHD,glp1,122124.2012645058,323.68165566396783,4555.879793406755,323.68165566396783,1389.4418179086642,2315.4478640719317,3092.572056823992,3553.2265712539665,3794.5031784781895,3934.5587158604467,4035.485125166859,4121.695915386663,4201.0730000853655,4275.3733147309395,4344.383158408629,4407.429474587378,4463.887685701775,4513.328738246753,4555.542053669458,4590.517951717135,4618.417774786183,4639.540794440894,4654.290779759758,4663.143324557284,4666.614629742573,4665.232387959608,4659.509403957811,4649.9205306847,4636.883405377099,4620.74334542721,4601.76262337435,4580.114193269459,4555.879793406755
USA,Female,IHD,diet,10067.746101559838,0.0,568.8619236985687,0.0,6.960861506871879,16.375482173927594,29.721344657242298,48.241376478545135,72.58979281506618,102.49444462440442,136.76917839315138,173.7137585405435,211.61552674887935,249.07705051411176,285.1140872706892,319.11054379079724,350.7255368788028,379.8050806428073,406.31547292653704,430.29829348268686,451.8416548516252,471.06220141693484,488.09369910508394,503.07946900540264,516.166995386302,527.5037623675307,537.2338252249174,545.4948884008336,552.4158094925224,558.1145225524087,562.69640452764,566.2531140850042,568.8619236985687
USA,Female,IHD,combo,132010.7646112922,323.68165566396783,5115.743811638269,323.68165566396783,1396.3446264625236,2331.604117162846,3121.7668019647826,3600.487348925526,3865.528819174011,4034.80182883807,4169.24999357757,4291.63021372052,4408.150896238862,4519.199967854482,4623.5964131074725,4720.058813698182,4807.623210739752,4885.704306471685,4954.05351207708,5012.697440051474,5061.879909832322,5102.011211019591,5133.623461046955,5157.330478112213,5173.791236292687,5183.6766256690025,5187.639667437295,5186.289540731697,5180.169826410187,5169.741321334848,5155.369666365557,5137.317889672762,5115.743811638269
JPN,Male,IHD,glp1,33233.13822271131,123.22163178828487,1035.4185446150877,123.22163178828487,507.3505743638525,828.5678208676109,1082.123759787035,1218.1958660559612,1274.8400687760295,1293.6305680263904,1296.2974991171213,1291.8904909866105,1283.9306946367287,1273.8318325437867,1262.2581111378095,1249.6207670794101,1236.2455125370761,1222.419788412517,1208.3988253992138,1194.3999746857226,1180.5960459086564,1167.1112321097244,1154.020411498299,1141.35152350719,1129.0903199566965,1117.1867009076232,1105.5618953283774,1094.115862278144,1082.7344283430139,1071.295818247061,1059.6763643198792,1047.7552894904002,1035.4185446150877
JPN,Male,IHD,diet,952.5657769044119,0.0,53.0592120321453,0.0,0.6561213923705509,1.6576110138994409,3.1197936640965054,5.140320830949349,7.750090430476121,10.879105284882826,14.36690576262481,18.013644696693518,21.636180859743035,25.100221543441876,28.32566040533129,31.276753807396744,33.94823527698463,36.35306644474622,38.51345394158125,40.454906728897186,42.20259200766304,43.77927709254436,45.20431662860938,46.49331012619223,47.6581779611588,48.70748742206342,49.646915300472756,50.47976997320802,51.207520874682814,51.83030099039752,52.34736100415466,52.75746340700425,53.0592120321453
JPN,Male,IHD,combo,34164.394271774756,123.22163178828487,1087.3475581783641,123.22163178828487,508.00122376336367,830.2027551934152,1085.1862204086356,1223.2263653456612,1282.4124784759624,1304.252449985026,1310.3207637825108,1309.4723525955633,1305.0496174412692,1298.3349933824793,1289.9141789115383,1280.16317215428,1269.402213421301,1257.9311095253652,1246.0265369670378,1233.9305719102704,1221.8404651411038,1209.902549355109,1198.2105428684517,1186.807582361209,1175.6910402838475,1164.8191724173303,1154.1187449995632,1143.4929418483443,1132.8290162112316,1122.005310521752,1110.8974086738817,1099.3833038626035,1087.3475581783641
JPN,Female,IHD,glp1,23173.71429095034,101.90069898882939,722.6800925490606,101.90069898882939,405.4945118614123,639.1919055541657,811.2821690344645,891.4064412336083,914.4938736218901,913.7697185685902,905.2932566906165,895.0083137921683,884.7037578308154,874.7193703195153,864.9753682506125,855.3295429191858,845.6858056343553,836.014426002992,826.3425980643879,816.7366958992934,807.2840687793796,798.0772542961349,789.2015667256856,780.7262050877252,772.6986418880115,765.1418614317954,758.0539283470353,751.4093449556749,745.1616791592751,739.2469972748731,733.5877065131863,728.0964896755977,722.6800925490606
JPN,Female,IHD,diet,845.7054251938171,0.0,44.79462480444636,0.0,0.7342021520744311,1.763169456346077,3.204820048318652,5.154193969538028,7.639189082154189,10.590132808509225,13.851432476745686,17.231086987871095,20.554010076535633,23.692082491194014,26.568830240314128,29.150075212666707,31.43104422747274,33.42515433133667,35.155846325986204,36.6511500114575,37.940243990000454,39.05134853164782,40.010479336444405,40.84075672052859,41.562080277421046,42.19105062505696,42.74106150474108,43.222509132327104,43.64307937297417,44.00808188888186,44.32080656243488,44.58288254839135,44.79462480444636
JPN,Female,IHD,combo,24000.926900247818,101.90069898882939,766.538425612358,101.90069898882939,406.2225908341934,640.9310528305577,814.4284817773223,896.4514425606758,921.9596367186168,924.1122113008678,918.8174383683217,911.8320309373157,904.7739001232549,897.8574862197274,890.9279545315221,883.8092951348663,876.4003442300527,868.6841077212157,860.7103686463524,852.5726385102244,844.3865885717969,836.2721973564912,828.340112809441,820.6820764833828,813.3649859154393,806.428048797141,799.882434790452,793.7128318150499,787.8803499446803,782.3262771518566,776.9762673763107,771.7446241895013,766.538425612358
GBR,Male,IHD,glp1,29465.2332891317,89.19432069199684,1022.0476548109727,89.19432069199684,384.28347377981845,643.3690104450798,855.6344684158103,975.4568098412128,1030.4838142799126,1054.2231421565157,1064.83000342577,1070.0234580163815,1072.8228816857154,1074.4035567010578,1075.2544935101105,1075.608489388651,1075.5927052910338,1075.2791426930853,1074.7022762521883,1073.8674854603014,1072.7576355049823,1071.339410780507,1069.5692392063575,1067.3983213165193,1064.776418521309,1061.6542924299356,1057.9848925994374,1053.7235279350134,1048.8273272837832,1043.2543099432078,1036.9623620778002,1029.9083646872314,1022.0476548109727
GBR,Male,IHD,diet,1996.9358997951713,0.0,112.82945668522007,0.0,1.395610441111785,3.4186657601821935,6.315068956515461,10.300245479527803,15.46330693436903,21.69496044144762,28.70138098535972,36.101284690215834,43.53740280191414,50.74269303764595,57.55297432169027,63.88829576261196,69.72562368518265,75.07488175817707,79.96192559324118,84.41797831073927,88.47383766630082,92.1571891039057,95.4917518969014,98.4973949532723,101.19068123620673,103.5855262997793,105.69380584183818,107.5258410529641,109.09074646470981,110.39665573102684,111.45085514759558,112.25985875551851,112.82945668522007
GBR,Male,IHD,combo,31423.53805451315,89.19432069199684,1132.9350664556987,89.19432069199684,385.66744495653984,646.7413676008364,861.8355853661269,985.5427614105429,1045.6047150568265,1075.4266971761972,1092.8791102092146,1105.3094052090673,1115.3878279019336,1124.0280168390454,1131.557498754788,1138.129814408996,1143.8485787609316,1148.7946232282266,1153.0270047828817,1156.58109247237,1159.4694526159656,1161.685521411564,1163.208665467042,1164.0093023959998,1164.053206765464,1163.304584519763,1161.727850205054,1159.2882710373597,1155.9517671305148,1151.6842027656094,1146.4504932354757,1140.2138056811164,1132.9350664556987
GBR,Female,IHD,glp1,15609.851512563637,56.12812930966902,562.4161004092784,56.12812930966902,230.9998077227574,372.2179971169462,479.9293916352981,533.6017617178586,552.76355884449,557.2131444787665,556.8176016758116,555.3511544190733,554.0222100313622,553.1183460411157,552.6408847713792,552.5252504469281,552.7072372653347,553.136033423667,553.7712727716498,554.5772446882402,555.5183795392659,556.5568298480066,557.6518404444942,558.7603044398893,559.8379192152788,560.8404820878895,561.7250143134515,562.4505393728141,562.9784533315105,563.2725077020987,563.2984798124344,563.0236356868772,562.4161004092784
GBR,Female,IHD,diet,1057.0352928367247,0.0,61.80663698731951,0.0,0.7506229355785763,1.8132999803565326,3.3189557593723293,5.3822475605484215,8.053070365902386,11.278940498850716,14.910992570825329,18.75329717475688,22.62059902814144,26.373422695734916,29.92565748148263,33.23570617280711,36.2927063043644,39.10408467538218,41.68642922563595,44.05958003811975,46.243185067574814,48.25493705904228,50.10987162845049,51.820287313217705,53.395994553211494,54.84470644581597,56.172457352484344,57.3839850065342,58.483044840209914,59.47264685484697,60.35521892950419,61.13270833065326,61.80663698731951
GBR,Female,IHD,combo,16644.879738961838,56.12812930966902,623.0142729944564,56.12812930966902,231.74417053120123,374.0066798846019,483.18815778182034,538.8711041011993,560.6361991672493,568.2326432700356,571.383169873563,573.671063790589,576.1237831839317,578.8923680763655,581.8935602622005,585.0216339307517,588.2012863187338,591.3885476241085,594.5589296192302,597.6958591237344,600.7827859705394,603.7990262631502,606.7184319610787,609.509856250228,612.1385431471463,614.5677980636319,616.7605162822365,618.6803318955099,620.292293905859,621.5630799934988,622.4608263803166,622.954690005201,623.0142729944564
DEU,Male,IHD,glp1,50021.83399715228,154.0680506654462,1659.696892625303,154.0680506654462,672.5288142338832,1133.3583908323053,1506.6898609387426,1707.7313424276945,1788.2846792991622,1812.553630234048,1816.2313909645163,1814.757056653456,1813.8872017629183,1815.2295302747516,1818.6852095580834,1823.504417845019,1828.7564460983558,1833.5456097068818,1837.1087480697752,1838.8529983363987,1838.3615863383748,1835.3821015538997,1829.8054434298538,1821.6403485685296,1810.9865630268469,1798.0086300820403,1782.91158558194,1765.9194075515406,1747.2567506534251,1727.1342523868952,1705.7374977124418,1683.2195597397513,1659.696892625303
DEU,Male,IHD,diet,2724.001942325718,0.0,141.82564410714258,0.0,2.200356398738222,5.381906252150657,9.888354604830965,15.9788229920523,23.70701748211286,32.84553605844849,42.933942492178176,53.42797668748244,63.84651832898089,73.84398352657445,83.21122587627906,91.84242209455988,99.69799323621555,106.77628979781002,113.09569138432562,118.68464853597106,123.5766981918714,127.80818741692929,131.41726718725113,134.4433493201941,136.92662962635222,138.90752286270435,140.42598730874306,141.52078110104776,142.22871657552605,142.5839800814574,142.61757374311856,142.35691905466956,141.82564410714258
DEU,Male,IHD,combo,52697.710545968905,154.0680506654462,1799.410352042716,154.0680506654462,674.710819859989,1138.6676624211977,1516.4012586205208,1723.38246530357,1811.4778352858557,1844.6761149226659,1858.2234764298191,1867.0274343859492,1876.3731697813928,1887.5287646288198,1900.1889853783941,1913.498765651675,1926.4871654590825,1938.255595486,1948.0577694113163,1955.3276931537112,1959.6805475279543,1960.8987185556907,1958.909753147731,1953.7603558406408,1945.5890983621066,1934.5996581496584,1921.0358542016475,1905.159367101267,1887.2307383430598,1867.4940021322545,1846.1650922456756,1823.4239814730972,1799.410352042716
DEU,Female,IHD,glp1,33756.0002792313,119.34126401167305,1182.1464951264934,119.34126401167305,507.6326700236823,828.8025665145979,1074.769419885124,1191.7913700359059,1224.4982854339469,1221.4732611895306,1208.0715346476209,1194.534911640454,1184.3486696804466,1178.2994374257541,1176.1293159923225,1177.188055926832,1180.7005730513483,1185.8865769929107,1192.0193224047107,1198.4558125191543,1204.6513462824369,1210.1643034792214,1214.6543715766602,1217.876243720908,1219.6702207371272,1219.9508068791329,1218.6941734737047,1215.9252163605706,1211.7048180282727,1206.1178235589614,1199.2621404404927,1191.2392721913056,1182.1464951264934
DEU,Female,IHD,diet,2257.6971814518765,0.0,121.40777733156574,0.0,2.1273870975128375,5.017417404655134,9.037531509355176,14.41834480270336,21.15652027838223,28.968834813160356,37.37356391127105,45.86084926240437,54.03716192342108,61.67629248650337,68.69405421132979,75.09508030755387,80.92512052616803,86.23997262821649,91.08967437779938,95.51290741958655,99.53699433631846,103.18035377294291,106.45560563183972,109.37241956248181,111.9397340696014,114.16726140743413,116.06633452924143,117.65021209754923,118.93397449221811,119.93413924050401,120.66810972111125,121.15355229904526,121.40777733156574
DEU,Female,IHD,combo,35972.666778158295,119.34126401167305,1301.57839878682,119.34126401167305,509.74231490594684,833.7526275685959,1083.6464548483345,1205.916730451252,1245.2010023515613,1249.811740622812,1244.6355413864512,1239.4154736777855,1237.250270010758,1238.703008409415,1243.4312205069582,1250.7874206936976,1260.040051309872,1270.462637222794,1281.3769310208445,1292.1775080583757,1302.3462115714356,1311.4592784668057,1319.1885736540426,1325.2980656810541,1329.636603390536,1332.1279938996013,1332.7593067066045,1331.5682405890693,1328.6302927375073,1324.0463642122195,1317.9313230562839,1310.4039283491875,1301.57839878682
GLB,Male,IHD,glp1,2665172.002156498,8059.264537151903,102860.56441054959,8059.264537151903,34048.870711683296,56202.51244541071,73966.34707692172,83641.2919064369,87822.76491401717,89487.92662456725,90222.61740548722,90686.08972294256,91120.8992665708,91605.45107867476,92157.62090513203,92774.40193260554,93446.40998910274,94162.85005106311,94912.96836737171,95686.28340317495,96472.45460307598,97261.09592740331,98041.62905522343,98803.19239567593,99534.59662252571,100224.31332376879,100860.48706195131,101430.96671717335,101923.35677962564,102325.09221909288,102623.5414747838,102806.1412273338,102860.56441054959
GLB,Male,IHD,diet,197898.13057942595,0.0,11969.878996857442,0.0,109.6040571751073,271.5947184441611,508.9272952787578,843.2066932972521,1286.7348344596103,1835.570574006997,2469.145059555769,3157.164175950922,3868.719948315993,4578.483417796902,5268.726348992437,5928.6014516232535,6552.406980420463,7137.856038175523,7684.725993254222,8193.925894064829,8666.900026964955,9105.268238677643,9510.621001187712,9884.41050984431,10227.898844699375,10542.13864175696,10827.971541480161,11086.036095409654,11316.780847961083,11520.480729135685,11697.256224712357,11847.095399926417,11969.878996857442
GLB,Male,IHD,combo,2859364.9162542103,8059.264537151903,114634.72788637783,8059.264537151903,34157.56068097148,56470.42893309053,74466.09288465325,84466.95995782316,89081.01955403015,91281.95501146466,92635.73116641585,93772.12072601728,94903.51799903251,96083.55367291905,97312.71374363452,98577.30428518634,99862.27696864866,101154.51427145675,102442.96673084237,103717.97416687477,104970.55132468417,106191.84876070358,107372.80430582166,108503.94419040624,109575.28660552483,110576.31034043059,111495.96438657772,112322.70622139052,113044.56522046402,113649.23297619261,114124.18452632241,114456.83421910089,114634.72788637783
GLB,Female,IHD,glp1,2089630.0785054686,6392.212336781435,86151.89723736886,6392.212336781435,26710.278666207567,43489.740526967216,56627.1986026573,63451.80797622027,66156.26543883188,67107.6069755461,67523.21111931233,67881.20599215431,68336.33187050652,68921.26916272286,69627.45365504362,70435.02263538912,71323.14377035946,72273.09259396046,73268.7692590598,74296.39823298436,75344.04122410715,76401.13441422954,77458.1046938207,78506.0640951274,79536.56556857191,80541.40266201366,81512.4406754747,82441.4731444763,83320.10306423157,84139.65223106463,84891.1041776929,85565.08650258463,86151.89723736886
GLB,Female,IHD,diet,168635.39631979587,0.0,10535.541850403883,0.0,97.05984551692382,236.5260434197262,438.15678633982316,720.0230320394039,1092.0477273678407,1550.4608549219556,2077.820086926222,2649.036769828759,3239.001609649509,3827.5581741472706,4400.938617607579,4950.981620082632,5473.606240953319,5967.367908815853,6432.371670565568,6869.545511045493,7280.189691049047,7665.713004603982,8027.486659027636,8366.76823609043,8684.665285976604,8982.119998525828,9259.904214678332,9518.619025807828,9758.696311105974,9980.401428517886,10183.837320795283,10368.950793985277,10535.541850403883
GLB,Female,IHD,combo,2255133.6772749266,6392.212336781435,96512.6872379221,6392.212336781435,26806.529041424394,43723.07564136945,57057.50225496013,64156.985767980106,67224.3984723133,68623.40345539758,69554.51161819696,70471.42273421213,71504.35810741968,72666.2655699877,73935.05835356377,75282.81590144057,76684.63477412146,78120.30262628105,79573.75623920001,81032.07172187325,82484.53630751185,83921.92655350734,85335.9803671157,86719.015807244,88063.65013486613,89362.58355051745,90608.42467760388,91793.54598993342,92909.96597231925,93949.26059570536,94902.50981884543,95760.2856453117,96512.6872379221
CHN,Male,IschStroke,glp1,471420.3099149852,794.64777732722,19353.599238036433,794.64777732722,3708.974830529187,6584.624923868338,9250.922516305116,11098.560119420406,12297.75336582819,13157.93428543699,13862.403100443655,14491.740310485358,15076.67207522539,15627.544331575627,16147.090168739669,16635.37904905458,17091.577500515035,17514.527237891336,17902.940732532297,18255.504766772967,18570.977115740767,18848.284991167486,19086.611316508148,19285.454002545914,19444.649939956842,19564.36311110691,19645.04240108258,19687.35849910043,19692.130754409824,19660.25442590844,19592.637027346063,19490.150000124006,19353.599238036433
CHN,Male,IschStroke,diet,-2842.8236518299673,0.0,-161.63756004790775,0.0,-1.647395808598958,-4.085618062061258,-7.658868242055178,-12.693108568666503,-19.37422572763171,-27.64140403829515,-37.179532244685106,-47.52253788674716,-58.1916058458155,-68.79045688011684,-79.03773002850357,-88.75729670363944,-97.85244910605252,-106.27966553159058,-114.02798911184072,-121.10484001180157,-127.52711487794295,-133.31604414712638,-138.49447943479754,-143.08562270039693,-147.1125242523849,-150.59792509069666,-153.5641998986248,-156.03328120335937,-158.02652542921714,-159.56452877353877,-160.66692421608604,-161.35219795978628,-161.63756004790775
CHN,Male,IschStroke,combo,468628.9170551229,794.64777732722,19194.4877526185,794.64777732722,3707.3411738520954,6580.594420559821,9243.400822559255,11086.12841418956,12278.802871627384,13130.910027725156,13826.054560561548,14445.270438142004,15019.751075425069,15560.2301486379,16069.716973225004,16548.454804669484,16995.706447964185,17410.35782294476,17791.13359160896,18136.71455043787,18445.84302096162,18717.42634621542,18950.625846780138,19144.91736472887,19300.115767232375,19416.363227097783,19494.08709975239,19533.936906256713,19536.711326370947,19503.285634252476,19434.548248697305,19331.352592701092,19194.4877526185
CHN,Female,IschStroke,glp1,352344.87163247954,596.2502340449719,15616.72040952649,596.2502340449719,2722.7858196732122,4745.992064934631,6580.089539260778,7818.188002787065,8609.905351500318,9186.903047153377,9680.455164863728,10145.05934355664,10598.956140355673,11046.027499757125,11485.148306373972,11913.762139932951,12329.10193891183,12728.52599479619,13109.564454823965,13469.90355809324,13807.382720493828,14120.018137776875,14406.044021711918,14663.957089943346,14892.551768205129,15090.938091935008,15258.539194297977,15395.06940761907,15500.49692127062,15574.996558436891,15618.898705240339,15632.640005202382,15616.72040952649
CHN,Female,IschStroke,diet,-2193.3206777729793,0.0,-132.61145907256287,0.0,-1.179624249227345,-2.906684173445683,-5.431279749842361,-8.992238713777624,-13.733959070581477,-19.63142598164268,-26.482566923485138,-33.97756964119617,-41.79326831572689,-49.658776348107494,-57.378347076824866,-64.82557931449264,-71.92658282688353,-78.64270440093242,-84.95687271177303,-90.86414126690943,-96.36571798531804,-101.46551780274604,-106.16839346440975,-110.47940179496072,-114.40365010569803,-117.94641682179645,-121.11335307278205,-123.91065440571401,-126.34515028097667,-128.42429873661604,-130.15609856601804,-131.54894489853177,-132.61145907256287
CHN,Female,IschStroke,combo,350192.0286292747,596.2502340449719,15486.281067803735,596.2502340449719,2721.6160333831795,4743.1245349331875,6574.755332941597,7809.380521367013,8596.471120758855,9167.70922720735,9654.56406712567,10111.834697320708,10558.077002951759,10997.437906393665,11428.984358772403,11850.284512815764,12258.644640445127,12651.461880997173,13026.284023942193,13380.802966202726,13712.857636783854,14020.460986131453,14301.842971945996,14555.495785113308,14780.209217126481,14975.088454480865,15139.551376441494,15273.30649250932,15376.315514893853,15448.746141746757,15490.921073340229,15503.268849354004,15486.281067803735
IND,Male,IschStroke,glp1,182080.73675244494,337.8709060914116,8574.509028503788,337.8709060914116,1519.3196129191783,2613.354219604691,3581.7850821801985,4205.316641561425,4574.141965775227,4820.519517281617,5019.375026106776,5202.848180783505,5383.059803513868,5564.123361103993,5747.1795826561865,5932.312012083072,6119.224019962479,6307.452343348239,6496.416461693589,6685.415285325726,6873.611453269259,7060.017318905215,7243.487299288681,7422.717976401327,7596.256191201101,7762.514921710012,7919.796479015145,8066.322326394671,8200.268587899744,8319.806070154358,8423.143397366046,8508.571680344408,8574.509028503788
IND,Male,IschStroke,diet,65023.68805097375,0.0,4169.051412832574,0.0,35.690962537017185,87.93125573924044,164.64642107282998,272.9785544576589,416.5917439245968,593.4245669125812,795.8687195529928,1013.4952197911334,1236.344545302156,1456.930522565206,1670.648370248964,1875.2469183409703,2070.0480171258096,2255.2702309925226,2431.5542651155847,2599.6685192167643,2760.342434176593,2914.1805325386813,3061.623922588071,3202.9384541800828,3338.2174425728153,3467.392343746207,3590.247945192619,3706.4403719051625,3815.517083544808,3916.938425360655,4010.1004152800306,4094.358434159425,4169.051412832574
IND,Male,IschStroke,combo,245903.41722191282,337.8709060914116,12673.8069181834,337.8709060914116,1554.7129160689947,2700.1056580607255,3743.5078361240157,4472.738419359055,4981.754034247191,5400.918992162449,5797.789161921304,6194.337046662578,6592.94230498845,6990.372436486185,7383.22870710108,7769.355768750596,8147.7612256328575,8518.169970396964,8880.609372438805,9235.116927905648,9581.560244488763,9919.537728626572,10248.33226586529,10566.898932052252,10873.875122782658,11167.606380657991,11446.184060481435,11707.492451563303,11949.26360333414,12169.13824259711,12364.7310684041,12533.698518477497,12673.8069181834
IND,Female,IschStroke,glp1,164308.8752958403,372.38543148955796,7498.741033039638,372.38543148955796,1670.5843762575532,2752.43664535039,3659.592242167273,4170.521168457577,4421.628000573663,4568.330471598252,4687.298351797857,4805.932286644005,4931.5165939437575,5064.631046905066,5204.074852350983,5348.435281055281,5496.482343680633,5647.192987471062,5799.67831731739,5953.099928384821,6106.599015713553,6259.242758299515,6409.987437079602,6557.656892484461,6700.935034814174,6838.3712462642,6968.397454748454,7089.355439137202,7199.532622004859,7297.204300677287,7380.680026370101,7448.3517097621225,7498.741033039638
IND,Female,IschStroke,diet,76614.30720465488,0.0,4652.037447273848,0.0,66.93329546382301,149.07560246868525,264.1988215234596,421.54507470387034,623.5119560377789,863.2246889302041,1126.5369659264688,1397.37031249539,1662.6649601596291,1914.4148831341881,2149.176910046139,2366.5830513272667,2567.924272029777,2755.167921369255,2930.387991978496,3095.4792914146674,3252.037543699611,3401.325992799946,3544.282405160833,3681.5423575334717,3813.4674676799914,3940.1740310199093,4061.560854561336,4177.336504608975,4287.04662001424,4390.101894732681,4485.807076569414,4573.391009991523,4652.037447273848
IND,Female,IschStroke,combo,239763.6158234351,372.38543148955796,12088.362201302894,372.38543148955796,1736.9594541140832,2899.6058055920003,3919.4172632049886,4584.230952495185,5033.095205338439,5414.856144001649,5792.38416167727,6177.30989246181,6564.052177147882,6945.256151011563,7316.262706383131,7675.232458613114,8022.154950155178,8357.906968504656,8683.616979556798,9000.297271177114,9308.652404174034,9608.990605267289,9901.192178222409,10184.709696557198,10458.587410741893,10721.494149984152,10971.7672444965,11207.466200951836,11426.435007124208,11626.371601594496,11804.902558062575,11959.6605920312,12088.362201302894
BRA,Male,IschStroke,glp1,31621.627229998972,58.758747103536734,1437.895646236735,58.758747103536734,259.67745135285077,446.34283749520546,612.2852964903432,722.2271075458339,790.8690342010304,839.4022655554945,879.7751233120143,917.0806555426898,953.182436105024,988.6370378938882,1023.5168503309615,1057.7353180267019,1091.1686687607144,1123.6973994802029,1155.2167973540418,1185.635931743207,1214.8727905050328,1242.848620784498,1269.4827160452987,1294.688161673228,1318.3687459110515,1340.4171021427028,1360.7140721022151,1379.1292289631965,1395.5224603378592,1409.7464793383115,1421.650105993307,1431.0821416717954,1437.895646236735
BRA,Male,IschStroke,diet,23550.42532425224,0.0,1488.1420642025041,0.0,10.965611482912209,27.681110337973223,52.65387658159307,88.34832915872539,136.3478764502288,196.57901024789317,267.17978692428005,345.1336620945658,427.18663694989664,510.51992990968574,593.0189602297396,673.2564034065363,750.3533160986335,823.822461057076,893.4369364562881,959.1330879306552,1020.9432396162592,1078.9506741060904,1133.2600776273612,1183.9783984705427,1231.2026700162096,1275.0125538020075,1315.4661779535672,1352.5983715093462,1386.4207156828343,1416.923019501337,1444.075929670027,1467.8344367774698,1488.1420642025041
BRA,Male,IschStroke,combo,54699.53162286973,58.758747103536734,2898.85008990216,58.758747103536734,270.5516106315554,473.64776840343984,663.9831790333774,808.7191164108299,924.1542826775039,1031.44365418276,1140.7399000931982,1254.2050178554782,1370.5328949164323,1487.529193409835,1603.1980777054341,1716.0525727414497,1825.1022472229743,1929.7429051029685,2029.6396163767713,2124.63136202842,2214.6607035777706,2299.724228066945,2379.838446638314,2455.0167665086483,2525.254401520069,2590.5191117125796,2650.7463803738938,2705.838095510684,2755.6640744650504,2800.0659191236773,2838.8627623768552,2871.858497197114,2898.85008990216
BRA,Female,IschStroke,glp1,28590.307987205197,56.36313068655727,1360.241145844324,56.36313068655727,245.19383061886037,413.53763976253686,559.4865350993423,652.186344946902,707.07207104587,744.5562573938878,775.8713688485295,805.6915075812576,835.6506527282108,866.1645948117148,897.1993108280076,928.5725417392096,960.0680977044467,991.4775170870489,1022.6136977936112,1053.3135242027201,1083.4359824215499,1112.8583230504591,1141.4713885261735,1169.1746975723654,1195.8716791783809,1221.4653545808833,1245.8547012438066,1268.9318736031128,1290.5803959015466,1310.6743834530353,1329.078792385073,1345.650646565773,1360.241145844324
BRA,Female,IschStroke,diet,22992.237691241055,0.0,1483.2232092831546,0.0,12.151605911785737,29.741459868608217,55.386747469208785,91.56108340468927,139.72992851650633,199.5810114065025,268.9711828698637,344.6831166520278,423.4317848188657,502.546425035056,580.1861766274742,655.2508859987865,727.1825540977516,795.7722786596787,861.0135943982677,923.0045835508645,981.8878623106575,1037.8161338567588,1090.9335392473586,1141.3661208639533,1189.2172261846863,1234.565443844549,1277.463800782978,1317.9396338725055,1355.994932016707,1391.6071356520115,1424.7304552965943,1455.2977787432028,1483.2232092831546
BRA,Female,IschStroke,combo,51141.61383414584,56.36313068655727,2817.38921096611,56.36313068655727,257.24409324056614,442.87746458536276,613.8785799809411,741.8531061166213,843.7260255701476,939.6434364230736,1038.7671421278865,1142.6407214178107,1249.6925344717893,1357.7254780746443,1464.8985193720582,1569.943733444823,1672.088623677504,1770.9103697029059,1866.2067231979454,1957.9031228155654,2045.9920747486685,2130.495464249194,2211.4414458744723,2288.850008810332,2362.723545752844,2433.040371855779,2499.7501817597804,2562.771041357395,2621.987826034034,2677.2521459969867,2728.3838172915275,2775.173894542517,2817.38921096611
CAN,Male,IschStroke,glp1,3978.248912330504,7.818000497216417,167.55308747166418,7.818000497216417,34.377600070173685,59.02874346697081,80.84828460155313,95.27246355312855,104.30396182111781,110.72594315007518,116.07373008552895,120.98001999185726,125.66003800173803,130.16383579531703,134.48248857677027,138.5895192457201,142.45648976391476,146.05872352847746,149.37731529237135,152.399709858214,155.11966133888563,157.5368529645766,159.65628073090375,161.48745593985404,163.0434751513876,164.34000921599,165.39426513204126,166.22397278605422,166.84644338867838,167.2777386486614,167.53198053042797,167.62082173123417,167.55308747166418
CAN,Male,IschStroke,diet,861.4105635982787,0.0,52.4745890305112,0.0,0.4113802977562955,1.0415313482471902,1.9859102692853412,3.3398423364305927,5.164915089695569,7.457761104631572,10.144452928609098,13.105558470926553,16.212594559327044,19.354596559326637,22.448419207298684,25.43765540201275,28.286901771056364,30.97558440987723,33.493015663734695,35.83494561145562,38.00133552489115,39.99497738773243,41.82064058947981,43.48451917817147,44.993835230410696,46.35651494713966,47.58089526388903,48.675444554539354,49.648495890438426,50.50799887917674,51.26129897172723,51.914953120500286,52.4745890305112
CAN,Male,IschStroke,combo,4820.719422140394,7.818000497216417,218.9245928891869,7.818000497216417,34.78554949359659,60.056079404294906,82.79791664817185,98.54146679673522,109.3513845992793,118.0087797860333,125.9775202057499,133.77411914165714,141.48855205739255,149.0625376579792,156.40584531321838,163.4367206349043,170.09192459270707,176.3264584530043,182.11076425027568,187.42794374781988,192.27154545984013,196.64383556956182,200.55434641034935,204.0185371637108,207.05647459530428,209.69150412567615,211.94892369016816,213.85469630785883,215.43424658211552,216.7113860034533,217.70740556293458,218.44036450019848,218.9245928891869
CAN,Female,IschStroke,glp1,5054.622037822978,11.357369363453472,218.5303133282905,11.357369363453472,47.69482715540289,78.47784901966043,104.77040563768878,121.1226932364043,130.76241033400038,137.53647740912675,143.41505250888076,149.1263427085596,154.86070573289362,160.61319362290305,166.31890963125625,171.90181538970137,177.29119557412196,182.42676722084434,187.2599915503779,191.75412940052047,195.883808922561,199.63429831667236,203.00052290420172,205.98584927041702,208.6006775339556,210.86090203707317,212.78631170484914,214.39900337634936,215.72187651156855,216.7772681560764,217.58577490435346,218.16529536081362,218.5303133282905
CAN,Female,IschStroke,diet,1378.2549826997865,0.0,82.15256118705656,0.0,0.9127827136553606,2.1388739030426223,3.8712044543399315,6.274815147203299,9.438469823580817,13.329206098253053,17.79423738658261,22.615102233319703,27.57492240269312,32.501150536983914,37.27666456881707,41.8316721687861,46.12980097516629,50.15560299462595,53.90565469384455,57.383026812252865,60.59419375860489,63.54747701829547,66.2523482090146,68.71915059718049,70.95897654314103,72.9835602587973,74.80512281177289,76.43615270919327,77.88913108069937,79.176222883023,80.30895970760503,81.29793902225538,82.15256118705656
CAN,Female,IschStroke,combo,6406.01144098126,11.357369363453472,299.18694120831424,11.357369363453472,48.599997344095755,80.58803237086795,108.57276451681082,127.26921389546169,139.99580880133817,150.56964403711208,160.8128325422058,171.24063783025304,181.831447745888,192.41124585055695,202.80000284625385,212.852740693972,222.46251130799465,231.55334393088924,240.07287029256076,247.98696659985762,255.27628471522985,261.9339872230994,267.9640696241513,273.37986196536986,278.2024940417159,282.45924627939166,286.1817951077337,289.40440914875217,292.16217293844966,294.48931767510476,296.41773056922284,297.9757005151532,299.18694120831424
TUR,Male,IschStroke,glp1,9938.559874856406,22.219546219730546,441.51761924462335,22.219546219730546,100.44339280839085,160.67918054015172,213.1724276177374,243.41858917753416,260.24494866904934,271.7502506806304,281.77784955115203,291.58895570892855,301.4714822408532,311.40790614689104,321.3154920511806,331.11632266736706,340.7516869615356,350.179471689964,359.36796162423707,368.29001238023557,376.91857891949985,385.2236259247911,393.17020898865667,400.7174917939046,407.81850004053194,414.4204555825454,420.4655698080678,425.89220057607963,430.6362926613074,434.6330295519547,437.8186269665821,440.13219806229245,441.51761924462335
TUR,Male,IschStroke,diet,-105.10105482759718,0.0,-6.117865538915794,0.0,-0.11840525827574311,-0.23386507490977237,-0.3986732476078032,-0.6215847632593068,-0.9065916361469135,-1.243228087634634,-1.6114112323703011,-1.9887819410469092,-2.3574939007994544,-2.7066669259074843,-3.031507226449321,-3.331245976180071,-3.607278166236938,-3.8619061870631413,-4.097621484794217,-4.316744184394338,-4.521268413049256,-4.712814650698419,-4.892633078503422,-5.061628806288354,-5.220395024494792,-5.369248046161374,-5.508262065875897,-5.637303181338211,-5.756062865650165,-5.864091204733995,-5.96083011252631,-6.045646546284843,-6.117865538915794
TUR,Male,IschStroke,combo,9835.047065080582,22.219546219730546,435.48304690000805,22.219546219730546,100.32597503921716,160.44817594052074,212.78012865138408,242.80814195263883,259.3552570806751,270.5302641635135,280.19616027383745,289.63611583255624,299.1556386041739,308.74798406898117,318.335215240837,327.84024350670006,337.20304188987575,346.3792728559638,355.33479785306554,364.0402076880673,372.46650586396936,380.5820679723547,388.3507212382101,395.73073813592055,402.6745586515317,409.1290906669601,415.03646969408146,420.3351827594852,424.96147623541765,428.8509751708698,431.9404442930245,434.16962063701067,435.48304690000805
TUR,Female,IschStroke,glp1,11014.024648049708,28.632504003384383,501.80118156104436,28.632504003384383,127.57737712187009,193.88499452879114,250.4906234067239,279.11823146475217,292.5748256995721,301.1976327163211,309.257652633245,317.9136971295229,327.271616337639,337.1691829951087,347.420273261665,357.8740554900505,368.41914850712055,378.9744088950756,389.4785871905624,399.8818522880174,410.13949882510497,420.2074989163302,430.0394927430898,439.5848861080085,448.7878094746484,457.5867620465797,465.91481315359124,473.70026483735273,480.86769793176063,487.3393325901052,493.0366362233399,497.8821099693305,501.80118156104436
TUR,Female,IschStroke,diet,-133.44143250948764,0.0,-7.790543401039031,0.0,-0.18773662114472245,-0.3531610072022886,-0.5849298139437451,-0.8949161752207146,-1.2830540560571535,-1.7299500033368531,-2.20451036540544,-2.6761932271838305,-3.1239207423932385,-3.537737158476375,-3.915888243358495,-4.261082630480814,-4.577750380452926,-4.870508111016534,-5.143469048478437,-5.400020055556524,-5.6428160900686635,-5.873856969948974,-6.094582764446386,-6.305962185993849,-6.508566549906391,-6.7026296210387954,-6.888096368733386,-7.064664094701584,-7.231818949920125,-7.388870134316676,-7.534983344732609,-7.669214394933078,-7.790543401039031
TUR,Female,IschStroke,combo,10882.382395113531,28.632504003384383,494.10491310296493,28.632504003384383,127.3912062071031,193.53602568223505,249.9146564999719,278.23851431465664,291.31415676261895,299.49759983637705,307.09035690177916,315.28136350378554,324.1973716813591,333.68612384979133,343.5633604746945,353.67567725550543,363.90738892159425,374.17283853226036,384.40674218841013,394.5559393735093,404.57310990551923,414.4122526608262,424.02558386162127,433.3615486438357,442.3637079753171,450.9703242983742,459.11451526833844,466.724876113316,473.7264899653237,480.04225486861105,485.59445889334893,490.3065335670981,494.10491310296493
ZAF,Male,IschStroke,glp1,6641.269126291424,10.72063321146561,319.99058240596787,10.72063321146561,49.21320311804084,86.25926931176127,120.18710420060415,143.4160232482136,158.3644650745755,169.10134769331853,178.01915117961653,186.18110827314922,194.00904447178982,201.6620114375237,209.20061581260234,216.65154272583823,224.03058138032247,231.34923116072605,238.61513600714716,245.8304816487962,252.9900272490504,260.07944707587376,267.0742443489453,273.9393180647003,280.62917679622115,287.0887472599097,293.254698546345,299.05718675956086,304.4219157819789,309.2724062957168,313.5323661120201,317.12805963964274,319.99058240596787
ZAF,Male,IschStroke,diet,6787.97161223864,0.0,429.41628173625213,0.0,3.547054394333827,8.792589492535626,16.541801329460213,27.557446185886874,42.28985475270747,60.630511296376426,81.8876040580526,105.01999816838907,128.9579218867184,152.82722695372104,176.0269027216691,198.2068110796281,219.20634866657747,238.99116224737736,257.60225546109905,275.1195385269766,291.63735285298753,307.24872300432617,322.03561855525913,336.06327752247853,349.37729071290596,362.0026042580321,373.94389363091614,385.1869430864426,395.70077015896095,405.44029489675813,414.3493873961161,422.3641472056952,429.41628173625213
ZAF,Male,IschStroke,combo,13303.65355018336,10.72063321146561,742.2596729316356,10.72063321146561,52.73067540075954,94.93316005605811,136.43208076598057,170.4043322288835,199.7261952232384,228.37309173694484,258.0695348204208,288.8661089551715,320.14087210073376,351.1975218528787,381.506288480703,410.74763482874914,438.77611317915034,465.56564186491414,491.16048571511055,515.6381441940703,539.0834684126221,561.5715546517858,583.1570511437803,603.8680738473631,623.7034656664837,642.632530315288,660.5966316442027,677.5122078886488,693.2748434285386,707.7640949457673,720.8488023088939,732.3926383831167,742.2596729316356
ZAF,Female,IschStroke,glp1,9397.72025300185,16.374156870424486,443.25337645052423,16.374156870424486,80.47549094560782,139.54121221465357,191.03272500485582,222.90084065913834,240.82759180410903,252.55188732427814,262.2264075243984,271.45045878772,280.6893681411966,290.000945471711,299.3284780255235,308.6041668746766,317.7794121734223,326.8289852703856,335.746739631566,344.53914298952077,353.2187544364642,361.79833458448775,370.28581735070475,378.6802366211923,386.96865865785367,395.12414615267335,403.10475201379086,410.85350809908414,418.2993390548436,425.35879777601804,431.938489875527,437.9380322154975,443.25337645052423
ZAF,Female,IschStroke,diet,11445.948360572052,0.0,695.8297160194488,0.0,9.430834604538177,21.1516825130293,37.36993441224877,59.61681309258165,88.49823885887054,123.35304623111188,162.39414334397588,203.35425284496523,244.19020622973767,283.46639933964616,320.3891849031861,354.65854087318075,386.2871025911227,415.4560224579727,442.4204667274753,467.4547441828727,490.8232235049654,512.7660906376659,533.4928778526228,553.1797338213946,571.9683762049572,589.9658171098272,607.2445619396349,623.8432693702161,639.7679651547332,654.9939107531718,669.4681893851011,683.1130156117979,695.8297160194488
ZAF,Female,IschStroke,combo,20666.854208737997,16.374156870424486,1129.5915152210582,16.374156870424486,89.82767324575616,160.41638456371766,227.76573231467592,281.36792990874164,327.5408601968611,373.40209377109204,421.36816299635393,470.8220336765371,520.2234464412031,568.2138316758246,613.9466347754496,657.0482685972056,697.4725821254215,735.3642273183432,770.9616179492077,804.5363279161138,836.3576842268121,866.6725896528333,895.6938904729177,923.5934217285103,950.4977475886044,976.4857178570965,1001.5875363003506,1025.785289146319,1049.0149529176088,1071.1698771233314,1092.105671560621,1111.6463505990068,1129.5915152210582
MEX,Male,IschStroke,glp1,9046.319845655316,14.357114105014261,450.0922159286165,14.357114105014261,63.936534231788755,111.13999327247257,154.14594420845242,183.9079869738689,203.66604336774435,218.47279436929784,231.24857050733408,243.28047453972067,255.07198651742874,266.7997632817169,278.5107765925495,290.20136253931196,301.84798711951953,313.4190139401544,324.8791202311695,336.19089721714045,347.31538448403444,358.2122091726269,368.83958649573106,379.15428099174096,389.1115704030417,398.6652349972064,407.7675905230062,416.36958304537256,424.42096443760965,431.87056645307166,438.66668830030176,444.7576074082717,450.0922159286165
MEX,Male,IschStroke,diet,5627.418500816679,0.0,383.25328240652016,0.0,2.3400924216530257,5.9276492069166125,11.308649889277149,19.025047982935575,29.43523830547383,42.5480995540529,57.99542059376654,75.16774243634973,93.40899461460867,112.15668278404883,130.99481854227452,149.64635810184518,167.9410988578802,185.78138926223255,203.11452849113994,219.9133280438582,236.16348629105778,251.85586198438614,266.9819947221986,281.53166440935456,295.49167876847423,308.8453746642808,321.57252300992695,333.6494605461994,345.0493558653325,355.7425677281026,365.6970822132607,374.87902911927085,383.25328240652016
MEX,Male,IschStroke,combo,14551.918834179633,14.357114105014261,825.509312072274,14.357114105014261,66.25711049509846,116.98683828226785,165.24799797543528,202.52948923623444,232.4315584481592,260.022544034362,287.8674883508156,316.6611021713197,346.2677798898403,376.315437876905,406.4445705053058,436.3802028638165,465.93156390521654,494.9705539545721,523.4093198244336,551.1829285301574,578.2375917996578,604.523258982168,629.9892322354899,654.581730085054,678.2426526391864,700.9090705726085,722.513153556356,742.9823837502081,762.2399824246859,780.2055263929287,796.795755821091,811.92558339897,825.509312072274
MEX,Female,IschStroke,glp1,9346.653882765055,15.542865679388342,486.9190598878886,15.542865679388342,67.97458587286746,115.8214390008452,158.3596138265748,186.80423779202465,205.07834795404233,218.64223401355594,230.5506385664903,242.1038359797658,253.77994340505938,265.7220405530097,277.9442774364197,290.4128916200916,303.07707210551234,315.88053642942396,328.7658404504,341.67596597003285,354.5548641741807,367.34755954253706,380.0000295354839,392.4589422114732,404.6712944903629,416.583987108148,428.14337567562325,439.29484206483903,449.98243320838446,460.1486139168592,469.7341760329291,478.678338260841,486.9190598878886
MEX,Female,IschStroke,diet,6261.602620009275,0.0,435.36874699450345,0.0,2.88363912490604,7.1237036116453964,13.342976739297228,22.147878520969243,33.91837274996942,48.6209915671152,65.7912119564935,84.70799931770307,104.62879517439069,124.94916191973425,145.2531032005536,165.29180910618015,184.93681007646956,204.13462382215948,222.8725614236355,241.15625220624133,258.9962905887187,276.4010527620594,293.3733177128124,309.9090504153064,325.99730104800256,341.62059922643675,356.7555035805017,371.37314412642445,385.43970147459913,398.9168273528521,411.7620416202153,423.92915258937865,435.36874699450345
MEX,Female,IschStroke,combo,15478.968711778967,15.542865679388342,913.8057336548336,15.542865679388342,70.83417570927486,122.84853158001533,171.46103159060112,208.48842766482267,238.23817815226357,266.1465841557074,294.8197505140488,324.8565234702037,356.0107763372853,387.83480704707654,419.93508585638847,452.033017389027,483.9504337524777,515.5771018158157,546.8417326412637,577.6916309311346,608.0801663186685,637.9598149295853,667.2786915305915,695.979057653607,723.9968288488635,751.2615102051495,777.6962663246304,803.2180094854739,827.7374968535441,851.159486490822,873.3830279788963,894.3019672175069,913.8057336548336
AUS,Male,IschStroke,glp1,2446.787880238935,4.250622755928362,111.24098313392369,4.250622755928362,18.852598562661115,32.646455911466546,45.25065473418408,54.01891565859523,59.88336547303652,64.28452728272487,68.03102086489389,71.45913148466434,74.68732108687755,77.75063844760916,80.65683372782223,83.40721251602645,86.00341536243195,88.44899762041041,90.74929170271753,92.91084368652355,94.94085760909093,96.84675706573853,98.63586139233485,100.31514319598955,101.89103355537463,103.36925031679493,104.75463558714728,106.05099785269613,107.26096123874322,108.38582916616451,109.42547224790451,110.3782509984585,111.24098313392369
AUS,Male,IschStroke,diet,399.0606546166987,0.0,24.717734732154895,0.0,0.2072879644920249,0.5172743749199071,0.9785407817544183,1.6381488639190138,2.5246137205222112,3.6321016080419213,4.918304730713771,6.318612720393958,7.766083070258446,9.205650765605242,10.599180908133349,11.924170631367815,13.169915854490682,14.333539593422756,15.41683576378,16.424075797196565,17.360613257886143,18.232058570757545,19.043826535878907,19.800911463070406,20.507792065101057,21.16840410769055,21.786143800785794,22.363881473652327,22.90397563839724,23.40828402077932,23.878171883950017,24.314519917582402,24.717734732154895
AUS,Male,IschStroke,combo,2837.2515143395176,4.250622755928362,135.44824228784455,4.250622755928362,19.058157764347925,33.15669498937905,46.211381529353275,55.622491543541855,62.350941360369234,67.83220031680003,72.83395476797023,77.62960348629758,82.27230178452328,86.74327557201286,91.0129098721136,95.06037646086406,98.8767018435683,102.46248766246117,105.82469917507024,108.97396121560541,111.92263729286879,114.6835811732999,117.2693668826305,119.69182279861252,121.96174083615006,124.08867561574425,126.08078347150422,127.9446766154042,129.6852851768008,131.3057309191654,132.80722270806564,134.18898646122034,135.44824228784455
AUS,Female,IschStroke,glp1,3317.403899131511,6.784656936375541,152.69333804976304,6.784656936375541,28.724809056257072,47.35326602191981,63.71069547937714,74.36332716736251,81.09881902397319,86.13234776040372,90.5884821639047,94.8703222478589,99.0768690364248,103.20450816594348,107.22435781370041,111.10799368258085,114.83421640404231,118.38952819686892,121.76687948851668,124.96419936193524,127.98313158583096,130.82803157401213,133.50517429220508,136.02210716719674,138.3870934358638,140.60860857974876,142.69486862865415,144.6533823395148,146.49052931361985,148.21117317294375,149.81832321560978,151.31285976910294,152.69333804976304
AUS,Female,IschStroke,diet,689.2199783866599,0.0,41.075352140040195,0.0,0.5221560703639625,1.1978366085613743,2.138472406954861,3.434035241665697,5.128166483188579,7.193875645603839,9.536604394291317,12.027400215109992,14.542883940456704,16.989851378355525,19.310652320895315,21.477135760114834,23.48133386214522,25.327242809801646,27.0249721552982,28.587080185893683,30.026500707993364,31.35549395515136,32.585201177676026,33.72552564750913,34.78517016292244,35.7717332233824,36.69181162831228,37.551084953061945,38.35437362324228,39.105671476370844,39.808158514262686,40.46420169803423,41.075352140040195
AUS,Female,IschStroke,combo,3993.746533797581,6.784656936375541,193.04969755037018,6.784656936375541,29.24261039239991,48.53513300104896,65.81151827554731,77.72811191201527,86.11751082515184,93.16985720288812,99.91797565707839,106.63913908083305,113.31158942103139,119.84018530072353,126.13915271671885,132.15201210304804,137.84931074085216,143.2210925016152,148.26992469069228,153.0058320024109,157.44298758698096,161.59766701514036,165.48700622262913,169.12822690050598,172.5381083606053,175.73257230294257,178.72630757491788,181.53240238566104,184.16197750738138,186.62383012551982,188.92410710288277,191.0660304016128,193.04969755037018
NZL,Male,IschStroke,glp1,604.1269078903,1.2251678756767888,26.392232386385103,1.2251678756767888,5.322875195294046,9.0042802445588,12.245785956834197,14.378813786590172,15.714394162705958,16.6674693323597,17.461578792282353,18.186626319609445,18.872982770431236,19.528793156052416,20.154996112458775,20.750734036338145,21.31509020787621,21.84753194999803,22.347946031069114,22.816573588494975,23.253937929063568,23.66078435075974,24.038028724728065,24.386707504643255,24.70792361272288,25.002785765940644,25.27234169856797,25.517507934737978,25.739000177158232,25.937269049268934,26.112445951719565,26.26430328597371,26.392232386385103
NZL,Male,IschStroke,diet,123.82136837515031,0.0,7.366418031962667,0.0,0.0741718288040829,0.1827869726452036,0.3414425238993317,0.5647774735920166,0.8605918415510132,1.2249634522808037,1.6422500858187732,2.0903630627699386,2.5474809307727355,2.996435497952916,3.4259386143571646,3.8298049902869025,4.205501622186603,4.552786206895689,4.872693748335678,5.166873938972458,5.437196741070238,5.685537280048038,5.913670263280437,6.12322604200881,6.315678049689495,6.4923437484594615,6.6543893538148495,6.802833708855587,6.938549745548698,7.062263712555932,7.1745532407737755,7.275845665961015,7.366418031962667
NZL,Male,IschStroke,combo,725.4294696834567,1.2251678756767888,33.61751767034502,1.2251678756767888,5.396428437779832,9.184592720156957,12.581066900308201,14.931823431841508,16.555864864605383,17.864534019569078,19.066222020196392,20.22931869439924,21.36288617032119,22.458263767781773,23.50530344589015,24.497037234938716,25.430008846373312,26.303392792753357,27.11804181609932,27.87577410789254,28.57891431028429,29.230021412730594,29.831732521524373,30.386668557906432,30.897366794360096,31.36622030065996,31.79541519166696,32.186863748821,32.5421359037141,32.86239395714301,33.148336313631034,33.40015585408605,33.61751767034502
NZL,Female,IschStroke,glp1,698.6591037034616,1.832036231455504,30.26641846556231,1.832036231455504,7.478631948214797,11.90959443245174,15.541415969389845,17.66845748177957,18.83618034053916,19.61807612191342,20.28974049224621,20.945813358373243,21.60818864118869,22.27510892931332,22.93904716982297,23.592313955593454,24.228437643602547,24.84227022328855,25.429803502034247,25.987980615165952,26.514557928338036,27.008007146670025,27.46743622375675,27.89251190766663,28.2833738159336,28.64053612954649,28.964777596043177,29.257023627662875,29.518226129502636,29.7492475349743,29.95075555983476,30.123134581596787,30.26641846556231
NZL,Female,IschStroke,diet,173.2232073758248,0.0,9.91980771413705,0.0,0.13935622561848504,0.3237520028012568,0.5803527893276623,0.9316430609326289,1.3871137389444357,1.9367289223778243,2.5525932569621546,3.1987609772056658,3.842297670950984,4.4595812649290565,5.037146023512378,5.569499814718711,6.056263186837441,6.499804546709129,6.903654387142069,7.271585678939573,7.6071532613768795,7.913511107218483,8.193380016914944,8.44908575596196,8.682621472464689,8.895710000255349,9.08985481507284,9.266375987463789,9.426431607855875,9.571027229060746,9.701016727491151,9.817098132641604,9.91980771413705
NZL,Female,IschStroke,combo,868.7468838550569,1.832036231455504,40.0208843228113,1.832036231455504,7.616825955563854,12.229027527241442,16.111554297445082,18.581345778633704,20.19378656345748,21.512942678677973,22.787331808008958,24.07650688596914,25.370106376470858,26.64314649075618,27.874772824751517,29.05176954178387,30.167162398243136,31.218018875346843,32.20371203435252,33.12482742902898,33.98256851184783,34.77847467348829,35.51430637479757,36.192001992648784,36.81365092734222,37.38145495391632,37.897667291106245,38.36450941162889,38.78407155578179,39.1582058201177,39.4884215989332,39.77579272344974,40.0208843228113
ROU,Male,IschStroke,glp1,6616.0048948783915,21.28266437192906,218.9516264534068,21.28266437192906,94.70282395946924,153.29334089367512,199.91530902559862,223.97269306831186,233.88353011419713,237.92645843035461,239.90586852713386,241.1042132244147,241.87962434241854,242.33364142849314,242.52383746413398,242.5106928314308,242.35530852616284,242.1083939729906,241.8023814920889,241.44863511217045,241.03871246547715,240.54806508303955,239.94078206485574,239.1743932155514,238.2041383183605,236.98641511494498,235.4813317279295,233.65442197035009,231.47765233456084,228.92987543048002,225.9968817520712,222.67118216239032,218.9516264534068
ROU,Male,IschStroke,diet,150.73847935575213,0.0,7.008837237284752,0.0,0.19248097393938224,0.4248303585118265,0.7412535696348641,1.1625561774053494,1.691311409111222,2.305395462373781,2.96354341470942,3.619409861625172,4.234924784519535,4.786370925336087,5.263720585309784,5.6668498256585735,6.001462887994421,6.275934422690625,6.499250401942845,6.679834075308463,6.8249782034545206,6.940654449914291,7.031539213843644,7.101151650509564,7.152039492975746,7.185974614647421,7.204137126842397,7.207277412227995,7.195852054326679,7.170133551793697,7.130295912695146,7.07647929916493,7.008837237284752
ROU,Male,IschStroke,combo,6764.6148002149075,21.28266437192906,225.88139521914127,21.28266437192906,94.8936996595603,153.71271796774272,200.64422549438677,225.11350722218958,235.54196231414062,240.187016476204,242.81281264203426,244.65636974661902,246.0383345196933,247.0367379897325,247.69904477123055,248.08536803841707,248.2622124653426,248.28837067858694,248.20501153988153,248.03172559473387,247.76721749199714,247.39280825171227,246.87719558420577,246.1813861693081,245.26314311114766,244.0806233638541,242.59510961587875,240.77288428384054,238.58637012437612,236.014691881217,233.04381272856335,229.66638089724074,225.88139521914127
ROU,Female,IschStroke,glp1,7322.102341639351,27.95430429811313,240.63255114880667,27.95430429811313,132.21435418485635,194.0451534507847,244.94730734096447,265.384990562663,270.30445504848467,270.15817531391804,268.9873927021581,267.810362506174,266.7543831208859,265.76335687195024,264.7864683075568,263.80610670042006,262.82734163543137,261.86348632471345,260.92586089673205,260.01827333619076,259.13500298175495,258.2609879381889,257.3732189919174,256.44266318277005,255.43629432537637,254.31898971039845,253.05517515517568,251.61017927822104,249.95130466175397,248.0486480224863,245.87571094660598,243.4098426938981,240.63255114880667
ROU,Female,IschStroke,diet,224.47795536781268,0.0,9.630905867437832,0.0,0.5660642164330056,1.0441435465290851,1.6779231065993372,2.4916288616950624,3.4654497608826205,4.527051389344706,5.580051656765136,6.540720915454585,7.3603065577372035,8.025170430057187,8.545053216803353,8.940724451767892,9.235653816635022,9.45169738493496,9.607402002835443,9.717683183909685,9.794105864897574,9.845369758109882,9.877819587909471,9.895910804872983,9.90261104579622,9.899737381769228,9.888235873379017,9.868411178595125,9.840113468704658,9.802889065755153,9.756100437814894,9.699020534386364,9.630905867437832
ROU,Female,IschStroke,combo,7544.166344036705,27.95430429811313,250.1807654185286,27.95430429811313,132.7756974771146,195.07708627378815,246.6003418421824,267.83629921286047,273.7132899310636,274.6132792547287,274.482592177872,274.25653663624325,274.0136692299566,273.68376333027845,273.2250776154615,272.64013815852013,271.9569723355271,271.21037222675295,270.42994476926106,269.63424474007843,268.82901463842063,268.0078376130223,267.1540265242693,266.2430021554683,265.24471724102114,264.1258847981662,262.8518988322503,261.38841556890475,259.7026097862836,257.7641445235058,255.5459011669118,253.02451626014954,250.1807654185286
BGR,Male,IschStroke,glp1,3371.4232630675124,12.532309907449417,98.29324803924465,12.532309907449417,54.329528449844474,88.49414399522357,115.69489105950925,129.35405378163705,133.91052383174247,134.41158465275112,133.46155491336685,132.0821303714365,130.61654860658928,129.16319732582997,127.74285037697518,126.35542498576251,124.99637317121778,123.65989136620192,122.33865204416361,121.02318536885468,119.70170354384572,118.36040113300442,116.98406774990508,115.55684011503035,114.06296331613885,112.4874795304604,110.8168021089059,109.03916097396177,107.14492289434565,105.12679967040276,102.97996099066768,100.70206879304351,98.29324803924465
BGR,Male,IschStroke,diet,605.4354296237734,0.0,26.087879314240126,0.0,0.7981945154360801,1.8112267416217946,3.2008295869127323,5.061909160353025,7.400489726256637,10.102524031277426,12.962203098999453,15.755558365508477,18.308602059898476,20.524873595762983,22.376584776560776,23.88084027757941,25.077027204908518,26.011281869819868,26.727857150444834,27.26528150622289,27.65528340347737,27.923087230652527,28.088269288109586,28.16575548016408,28.16677019283452,28.099664809540627,27.970610755353846,27.784165708495493,27.543729617167628,27.251908227755848,26.91080022477945,26.522221703638934,26.087879314240126
BGR,Male,IschStroke,combo,3968.5091285697354,12.532309907449417,124.11055616566773,12.532309907449417,55.12106609548937,90.28177279573356,118.84155069516783,134.31965816544653,141.1649715357271,144.31544553845015,146.174687588491,147.54466949280686,148.59698784042848,149.33396624431225,149.74767777155466,149.85366233547757,149.68522428762844,149.28136562600594,148.6779629851062,147.90329458236374,146.97674111201013,145.90932935904675,144.7051552578214,143.36309787814935,141.87850288426307,140.24468035763493,138.45415796864108,136.4996826229617,134.37498968895852,132.0753697553464,129.59806521403516,126.94252681756006,124.11055616566773
BGR,Female,IschStroke,glp1,3713.2147835778615,16.05018504459622,109.35040099189428,16.05018504459622,66.53159039886305,102.92959957292624,131.43150038110798,144.85248363502797,148.7933776178961,148.86544939398482,147.68230739823957,146.13637623954492,144.4664292549569,142.7192989105897,140.90524870480112,139.03835914074625,137.1405024308333,135.2366144264197,133.3497727257054,131.4980316804449,129.69297727152298,127.93951515735898,126.23641812614733,124.57727689008789,122.95161389129498,121.3460093490321,119.74515222993978,118.1327716287069,116.49243167902569,114.80818993442699,113.06512845072393,111.24977102101548,109.35040099189428
BGR,Female,IschStroke,diet,788.5408026369423,0.0,31.746865233462813,0.0,1.4471334467489214,3.071703823374264,5.2296725550786505,8.084101626727715,11.628604126683058,15.644467193515084,19.76555830050711,23.617397122374314,26.9362810354869,29.607413748210092,31.63660249750319,33.09949727908679,34.098320713510475,34.73504759112075,35.09863597976073,35.261082449984315,35.277968372374744,35.19080022906928,35.029741098547674,34.8161220961174,34.564536479871094,34.28450655325105,33.981782600190854,33.659347545632045,33.31819399680353,32.95792728210472,32.57723538544633,32.17425627439843,31.746865233462813
BGR,Female,IschStroke,combo,4492.529646928073,16.05018504459622,140.81275506312886,16.05018504459622,67.96665488405051,105.9624374457926,136.57651654735128,152.79158688841562,160.20883278413567,164.2286635683704,167.10649513369754,169.3659731529806,170.98411392396702,171.89160568298576,172.10142080335208,171.69986761110522,170.80810725272386,169.55087139461284,168.03872993273217,166.36082544617784,164.58380927210237,162.75383576489367,160.89974494309354,159.03646014443984,157.16815426687936,155.2910163576871,153.3955849701997,151.46867382993514,149.4949372937681,147.4581277483976,145.3420942135399,143.13156556296053,140.81275506312886
ISR,Male,IschStroke,glp1,587.376588391851,1.0248365180259498,28.703714985763327,1.0248365180259498,4.506395727985705,7.764717206154501,10.688760351203996,12.674971818389508,13.968141018103097,14.922211436086968,15.735150220034711,16.490026174185914,17.216383130392728,17.92270278667661,18.610286417627208,19.278704371140407,19.927757191187766,20.558030797509446,21.17089366230107,21.768284756762796,22.35244062972515,22.925627203756676,23.48990549355881,24.04694298782465,24.597873306468955,25.143201777856348,25.682752002167035,26.215647398212923,26.74032163709444,27.25455236481389,27.755513416148688,28.23984160469172,28.703714985763327
ISR,Male,IschStroke,diet,15.716068622019634,0.0,1.0672519241875307,0.0,0.00693557875638362,0.017427149907348394,0.033084607881392,0.055511403581704144,0.08577314564058724,0.12389440053391354,0.16875573408788114,0.21848086624174812,0.27101804347569214,0.3245785875593583,0.3778228146541096,0.4298611520207487,0.48017209379372616,0.5285036082300394,0.5747869361496214,0.6190700725328497,0.6614693431479282,0.7021351254134061,0.7412279310090071,0.7789019137780997,0.8152937015959196,0.8505150922439952,0.8846486002253187,0.9177451412060691,0.9498233413319213,0.9808700956243683,1.0108420962121727,1.0396681209967937,1.0672519241875307
ISR,Male,IschStroke,combo,602.7398203481127,1.0248365180259498,29.74783237041993,1.0248365180259498,4.5132734646449535,7.781906509614146,10.721239009708142,12.729301021653669,14.051951791710053,15.043178227987937,15.899866180906201,16.703259991405616,17.48090446909032,18.239536229812188,18.97914749443339,19.698437455076714,20.396694052072462,21.074253486576936,21.732413631773625,22.373157261933784,22.998831955586866,23.61184844273589,24.214422940413215,24.80837237363471,25.39496305724947,25.974809067484557,26.547814385994116,27.11315212054774,27.66927420666343,28.213945625943325,28.744298070633477,29.256898934379933,29.74783237041993
ISR,Female,IschStroke,glp1,777.799280901278,1.5544258322765927,37.14571537212032,1.5544258322765927,6.7046051673098646,11.175162647190746,15.039818525601731,17.508539518806174,19.021414152002762,20.12103779568588,21.08845923650847,22.026778937201698,22.96090972478828,23.88800555002331,24.798213813987104,25.68234528392668,26.534252946637935,27.351136987079826,28.133072028445895,28.882287104348052,29.60242185688776,30.29785404413201,30.973135816513604,31.632548228741143,32.27976910354914,32.917642120223036,33.54803190308735,34.171749362852324,34.78853261090626,35.39707072590659,35.995059986605156,36.579284517932365,37.14571537212032
ISR,Female,IschStroke,diet,26.529173431201457,0.0,1.6565903911241548,0.0,0.018344475908179447,0.04257476221334855,0.0764418615856357,0.12316146308944553,0.1844639566108981,0.25969474265866666,0.34581917056220846,0.43845721905699975,0.5332153252320495,0.6265762530113079,0.7161761538438896,0.8006858914932309,0.8795501589793275,0.9527308286239986,1.0205063277519457,1.0833307582552152,1.1417403323353028,1.1962930166866954,1.2475302034179094,1.2959526756640116,1.3420058647029691,1.3860712592331765,1.428462007952703,1.469421474152341,1.509123930685746,1.547676844129228,1.58512436128035,1.621451720960522,1.6565903911241548
ISR,Female,IschStroke,combo,803.8096885480417,1.5544258322765927,38.771652611202626,1.5544258322765927,6.722796651954582,11.217165413242583,15.11489771316701,17.629175200858526,19.201856446147303,20.374944391523513,21.426548051116697,22.455499662871034,23.482419009207433,24.501014079691686,25.499107686762954,26.466194993447516,27.395570105332354,28.28438181129968,29.132965435853976,29.943985220502327,30.721598846178722,31.470725572134825,32.19644463016061,32.90352584155835,33.59608271035768,34.27733280702137,34.94944830373038,35.613479696945205,36.26933723826073,36.9158168079432,37.55065946096556,38.170636316326636,38.771652611202626
NGA,Male,IschStroke,glp1,17573.49949100168,33.04591241131857,907.6957311127844,33.04591241131857,141.99630253161376,237.29154689070128,317.9066070766421,367.515002121163,396.0625812054459,415.6563531382526,432.83739978768426,450.3105787794375,469.01940185901185,489.1964332601128,510.8006413563635,533.6872678321524,557.6714293775949,582.5509920841359,608.1142307659466,634.142074401585,660.4086918815883,686.6818507493881,712.7235839805799,738.2913465852253,763.1396997128977,787.0224967625763,809.6955143474988,830.9194517249707,850.4632082403477,868.1073370583181,883.647564616047,896.8982593502951,907.6957311127844
NGA,Male,IschStroke,diet,14083.552314592846,0.0,984.2715368946228,0.0,6.118299633741117,15.116973209405842,28.31168335104303,46.98473220174492,71.97385340775872,103.29917421665232,140.118522292938,181.05828035304512,224.6662882420096,269.72497941090114,315.3576515677414,360.9974644381691,406.30495796974355,451.08505487064394,495.222402410458,538.6370995922261,581.2569055818749,623.0011547815229,663.7724511509878,703.4533416383783,741.9061083618362,778.9744912634051,814.4865988997481,848.2585476082531,880.0985417411794,909.8112085258981,937.2020565607454,962.0819544161714,984.2715368946228
NGA,Male,IschStroke,combo,31380.82634595647,33.04591241131857,1874.5212085815074,33.04591241131857,148.06357610188934,252.20381884547533,345.7073926474368,413.5206959271636,466.436174211467,516.5988872715352,569.7383590275313,627.2245538116476,688.586032159892,752.8667411025999,819.1679539577563,886.7887153437296,955.2095690930146,1024.0348100487536,1092.9372205705295,1161.6171581536692,1229.7759957147719,1297.100726487748,1363.2564586778826,1427.8842609000203,1490.602585871864,1551.0110890036303,1608.6960604294072,1663.2369449763937,1714.2135787687948,1761.2138584928398,1803.8416048229556,1841.7244025432447,1874.5212085815074
NGA,Female,IschStroke,glp1,18382.478036099015,31.963742537842336,993.7214974906674,31.963742537842336,136.44570698146708,226.94065718818092,304.67489834367734,353.9126322824959,384.06078398648606,406.59455752094436,427.5832695276986,449.38028506575574,472.6587708492734,497.44464843132664,523.5452306653133,550.7130178175357,578.7040554581399,607.2958330874098,636.2899402011462,665.5090691968144,694.7920019111334,723.9880088395585,752.9513008101203,781.5359034969297,809.5912319239942,836.9585959886608,863.4688233621928,888.941129898587,913.1832997982492,935.9931631049112,957.1612831056264,976.4746972268767,993.7214974906674
NGA,Female,IschStroke,diet,16016.52031861151,0.0,1157.8042220833959,0.0,6.2803566910552036,15.367190379940439,28.859053272517485,48.315423916275904,74.84935031389614,108.69167309475597,149.0826198810646,194.59200341871838,243.61442122948938,294.7396633875687,346.90169347762276,399.3699795655848,451.6753083156873,503.5280838385297,554.7521044188834,605.2375968021879,654.9101080362307,703.71053694078,751.5823580107099,798.4632777279476,844.2795919560303,888.9422600856342,932.3442039900474,974.3586381329515,1014.8383976562327,1053.6162979313885,1090.5065644210845,1125.3073396352993,1157.8042220833959
NGA,Female,IschStroke,combo,34105.09512521024,31.963742537842336,2132.4019112291717,31.963742537842336,142.67368606790114,242.10126224898704,333.0193080086756,401.2373833954116,457.27951652660704,512.8669825098914,573.3403003467647,639.6643279939271,710.9482003586563,785.8406001394251,863.104940279758,941.7758572897146,1021.1460635507538,1100.7050845530903,1180.0775983037747,1258.9747418568222,1337.1587746154983,1414.4179699779343,1490.5485500926952,1565.3413547245946,1638.571838490665,1709.992669935862,1779.328640405205,1846.2738254282376,1910.4910305301091,1971.6135443570383,2029.2491526833765,2082.986266771848,2132.4019112291717
EGY,Male,IschStroke,glp1,15409.82412870309,39.36365490939352,657.4243770701796,39.36365490939352,175.1133322211026,272.5450088144353,359.52643309193445,404.8885030034253,427.35433965938864,440.250482813437,451.0174099077085,461.8494931972673,473.3680686935986,485.55048926127347,498.2604654825918,511.34668355456233,524.6786131907138,538.1388887902358,551.6136556373385,564.9831634690272,578.1160020466341,590.8664433009617,603.0745149446884,614.5681647156889,625.16697927106,634.6869661822711,642.9459684491812,649.7693269107403,654.9954507557413,658.4810018998105,660.1054487206784,659.7747987380208,657.4243770701796
EGY,Male,IschStroke,diet,438.78875105818224,0.0,25.674625965904852,0.0,0.48230017043533735,0.9361502520805516,1.613643187301932,2.542695009309682,3.740368481434416,5.157919766250416,6.704819845690508,8.281661746928876,9.81155063729966,11.250515459818416,12.582434058756917,13.808781419778825,14.939752628975839,15.988459081148903,16.967724739464757,17.888554984063376,18.759543997017317,19.586764535146358,20.373890502785798,21.122426575842837,21.831985586883093,22.500587049791648,23.124964775852277,23.70087707907078,24.223414493004384,24.68729975066526,25.087174261687323,25.417865015791904,25.674625965904852
EGY,Male,IschStroke,combo,15842.262316276301,39.36365490939352,682.7765603908265,39.36365490939352,175.5916100518989,273.4698409071316,361.1143809944915,407.3859176251208,431.0256250032944,445.31327760131535,457.6007538596896,469.9847096298545,483.01054700277746,496.61194469417387,510.63635096909275,524.9335896739649,539.3829444120565,553.8798157780329,568.3228953449361,582.6032344799314,596.5978819990851,610.167106270841,623.1545804281268,635.3897655624605,646.6918971706327,656.8750568352771,665.7538865165698,673.1495543034616,678.8956267284157,682.8435481544948,684.8674769583886,684.868282020565,682.7765603908265
EGY,Female,IschStroke,glp1,10989.361280004268,36.5276389544415,481.60989389920724,36.5276389544415,146.19136197524494,209.89934622898727,267.0650652072254,290.88202008379085,300.8272002239137,305.77214217480287,310.85334189472997,317.09978315719127,324.66151867891676,333.3085159631373,342.7981105005492,352.91695655975855,363.49144246579453,374.3737943551241,385.42981593863806,396.52926217402637,407.53988061357086,418.3243822310833,428.7397273768074,438.6381442208367,447.86941000601655,456.28399591711786,463.73672850256844,470.0906599989321,475.2208769275894,479.0180158420044,481.3912988793163,482.27094905294507,481.60989389920724
EGY,Female,IschStroke,diet,337.9806044772595,0.0,20.221291994923376,0.0,0.5270028066188388,0.8756086697212595,1.4220656565812533,2.147587568470044,3.060737501735275,4.11695759028953,5.247726746452827,6.384668922753917,7.480110745618731,8.510684174038033,9.47118457036413,10.366560021531768,11.205917891140416,11.998999056755565,12.754428893320437,13.479002382340695,14.177500798683468,14.852756254382257,15.505821522783663,16.136180485882505,16.741973239797517,17.320226982832537,17.86708997918322,18.37806703055685,18.848254065436777,19.27256818368187,19.645968460397853,19.963662280984863,20.221291994923376
EGY,Female,IschStroke,combo,11322.584473610696,36.5276389544415,501.58167802933895,36.5276389544415,146.71396962630752,210.7650237613343,268.46551142028693,292.9933158832355,303.83438084953013,309.81719864795014,316.0109256946962,323.37715732048673,332.01874420696186,341.682365911136,352.12000278075357,363.1230191564282,374.5266682677211,386.19271118200413,397.995421852469,409.8112463899961,421.51265538007283,432.96517145627877,444.02681710007164,454.5493361043118,464.3806932531661,473.3684441455698,481.3636253422592,488.2248555800179,493.822375017633,498.041787733222,500.78731543855247,501.9844171244622,501.58167802933895
BGD,Male,IschStroke,glp1,17522.27315966533,33.537769836289954,808.2474267683938,33.537769836289954,150.22859344007884,255.7945277019935,347.82681831191803,406.2164377430454,440.96691841161373,465.1605608520549,485.70852618338904,505.240220090378,524.511027383036,543.6142185764911,562.4639790415822,580.9623215371466,599.0442939163768,616.6801442841024,633.8644118545053,650.6028655165355,666.9009842240193,682.7549911445967,698.1454961679265,713.033493142706,727.3583894200856,741.037758447339,753.9685399754599,766.0294434733005,777.0843310043056,786.9863657458918,795.5827144782525,802.719590992514,808.2474267683938
BGD,Male,IschStroke,diet,19330.353422647946,0.0,1213.4712215438994,0.0,10.838878595153801,26.421976852652733,49.15952299123819,81.22708883376981,123.82979288488787,176.54158848571387,237.30378202146312,303.1453952888769,371.09471817804297,438.77075530411093,504.5530495852363,567.4911513241168,627.1280670115011,683.3325356210989,736.1705034842162,785.81574605473,832.4905410829233,876.4271389488567,917.843056697915,956.9255262188235,993.8221383125856,1028.635849685932,1061.423213035836,1092.1950987535602,1120.9194075547275,1147.5253968731631,1171.9093043737157,1193.9409770491984,1213.4712215438994
BGD,Male,IschStroke,combo,36503.32795591049,33.537769836289954,2001.8615405234377,33.537769836289954,160.97707677179642,281.86354067356297,396.11942378706954,485.8042421814862,562.1528110516483,637.8652958643361,717.8599622324873,801.871138931423,887.7495974778467,973.2546893921754,1056.7061738386037,1137.0651730563768,1213.8085591596246,1286.7681568178305,1355.9946271843,1421.6571141014065,1483.9736083374228,1543.1640939803183,1599.4197747710932,1652.8835972467423,1703.6388762871284,1751.7039325432852,1797.0313571094302,1839.5109458582301,1878.9755903808036,1915.2095422430575,1947.958528107003,1976.9412161642758,2001.8615405234377
BGD,Female,IschStroke,glp1,18582.301352663733,50.67295858585567,913.528014185169,50.67295858585567,185.97363680820854,285.545956685728,368.9970572945749,419.3648076786849,447.5308505356479,468.04148058990177,486.7622566637874,505.69767377247626,525.201303356087,545.2285936280095,565.6603279979463,586.4040623258043,607.4011677689195,628.6165410678077,650.0247682533882,671.5980676785184,693.2963685640934,715.0594639657866,736.801107690364,758.4050619647678,779.7231609938026,800.5754457817384,820.7523574408406,840.0188756559146,858.1203782674784,874.7898958316073,889.7563551439453,902.753356486879,913.528014185169
BGD,Female,IschStroke,diet,25200.579573688545,0.0,1623.091748342311,0.0,20.057645761382446,43.115526463181595,75.5062252388052,120.05249384758645,178.12295631759116,248.5134286373068,327.8654846317004,411.9084554112924,496.79265840187145,579.7880950236431,659.3427071390324,734.8170413091575,806.161891992946,873.6572371176371,937.7343683769795,998.865699098802,1057.5004150863751,1114.0284353576353,1168.761026533728,1221.9210860863168,1273.6392284077883,1323.9537012771398,1372.8132207032395,1420.0823426567076,1465.5491984439795,1508.9354431625761,1549.9081933723864,1588.0936194894457,1623.091748342311
BGD,Female,IschStroke,combo,43393.49556362714,50.67295858585567,2514.1062910202672,50.67295858585567,205.86400362494533,328.11774168455304,443.2680149598964,537.2077926802267,622.2304957736342,711.7459298770846,808.3489034582235,909.8630885513849,1012.8597230776286,1114.6008630969445,1213.4258337749852,1308.5967993356462,1399.9918354722322,1487.8391936250264,1572.528761947884,1654.491353021811,1734.1250312819611,1811.7513338893332,1887.589852079902,1961.7443259791107,2034.1965134732818,2104.805941504572,2173.314623663231,2239.3562517812534,2302.4694660420428,2362.11473035362,2417.6941888195724,2468.573721191031,2514.1062910202672
USA,Male,IschStroke,glp1,36955.62956678237,74.55530289009039,1498.027878527253,74.55530289009039,326.4932930746727,561.3606324059001,770.7867194743521,910.9023626803319,999.6940871258994,1062.9355242036909,1114.9177179850594,1161.5387152864423,1204.8155572642063,1245.2496071428322,1282.8261497451167,1317.402402460095,1348.848564787375,1377.093069243274,1402.1314464840689,1424.0216194367968,1442.8742920785444,1458.8417388123635,1472.106312337739,1482.8692680085223,1491.3402457740885,1497.7276540338644,1502.2301523763163,1505.0293937912502,1506.2841495782923,1506.125899146704,1504.6559226186073,1501.9438880086236,1498.027878527253
USA,Male,IschStroke,diet,5335.969682168477,0.0,320.4602199676883,0.0,2.519302971129946,6.4069718040991575,12.269985327737231,20.70910728169838,32.11546220760647,46.47846466338524,63.34726053797931,81.97887936045299,101.55947189142171,121.37051759305177,140.85912774226745,159.63899545212917,177.46084311396407,194.17744814266916,209.71381557367567,224.0448390412348,237.1795089050429,249.14994446994388,260.0036990817316,269.7981964921637,278.5965402458387,286.4642265999137,293.46648777301016,299.66611702906084,305.1217015787406,309.8862303283531,314.00606307234557,317.52025392014184,320.4602199676883
USA,Male,IschStroke,combo,42174.23364114377,74.55530289009039,1811.7751057274145,74.55530289009039,328.9915852877457,567.6802170040828,782.8323011978136,931.17148267429,1031.077229361632,1108.3203773498535,1176.7563999588601,1241.5608923681357,1303.9579238131992,1363.7477847934206,1420.375467516511,1473.3199135056639,1522.2064974430104,1566.8183503139298,1607.076248018042,1643.012180714708,1674.7443676399707,1702.4553560885834,1726.3730184953893,1746.7539377336216,1763.8687854399323,1777.9894816315064,1789.3780671661516,1798.2773054272548,1804.9030646899919,1809.4385315425607,1812.030280501829,1812.7861848485772,1811.7751057274145
USA,Female,IschStroke,glp1,45413.31841592438,117.73023305837705,1810.6872366750322,117.73023305837705,482.3019962234539,785.1435723034956,1039.4654163200903,1195.1142466802849,1284.4904483744322,1344.6954529195937,1394.4785220200865,1440.7013772578212,1485.163788196267,1527.8946528730594,1568.4404989573086,1606.316190488098,1641.1413715534436,1672.667070225114,1700.7672091509885,1725.4207949485863,1746.69291669238,1764.7166999823676,1779.6765535623854,1791.7926413264358,1801.3065229704516,1808.4679976229672,1813.5232579378207,1816.7044981247745,1818.221122401752,1818.2526790932461,1816.9436079264706,1814.3998400577984,1810.6872366750322
USA,Female,IschStroke,diet,7648.519930429131,0.0,447.63458871041075,0.0,4.521434852766106,10.956084998877486,20.293350374733564,33.44533912114275,50.9478439011873,72.68496991491702,97.86515664339822,125.28681559905817,153.69790230608487,182.04597984031716,209.5662022157776,235.76133629010292,260.3407817164407,283.1583416659705,304.1633539225004,323.36666188173695,340.81831753723964,356.59330916004546,370.782339631638,383.4856124591897,394.8083451909333,404.85726539649477,413.7376902691758,421.5510012539453,428.3924454797816,434.3492590005917,439.49913488871243,443.9090662059607,447.63458871041075
USA,Female,IschStroke,combo,52908.33600245674,117.73023305837705,2249.9467359483533,117.73023305837705,486.7857227200584,795.9516548757674,1059.3937691823958,1227.8653915730974,1334.3105728895462,1415.7304891429667,1490.1087314571341,1563.1374317172158,1635.3946360855334,1705.880120503818,1773.3905817894702,1836.951622272245,1895.895249967958,1949.8260903373302,1998.565365597693,2042.0999228848814,2080.541459967266,2114.094509952629,2143.030637849981,2167.6667969320406,2188.3465422730806,2205.4234098151064,2219.2461789180816,2230.145977309774,2238.425307885511,2244.3491174395895,2248.138017300953,2249.963724808884,2249.9467359483533
JPN,Male,IschStroke,glp1,25106.410350494298,71.13936265725351,902.6278736116219,71.13936265725351,305.81671120041574,511.56219034022797,683.7610389071488,786.0892039974569,838.9009402466181,867.30724606679,884.7606564106536,896.8457427381654,905.6974617153319,912.1824041065847,916.76198919116,919.7908146658301,921.5991352108031,922.5003294526177,922.7772512129523,922.6671033036619,922.3511795756349,921.9506926902104,921.5279852386884,921.0917986947097,920.6051941204278,919.9948676279164,919.1608420318444,917.9857754605036,916.3433725763462,914.1055965102205,911.1485518068948,907.3570391256071,902.6278736116219
JPN,Male,IschStroke,diet,1554.6104293917815,0.0,82.98782249100623,0.0,1.23738410059741,3.055415627961338,5.658248779349378,9.212664437487547,13.76362850995065,19.176801956236886,25.159757113695377,31.353955343460257,37.43437773294863,43.166119738576526,48.413294013080304,53.120940145730856,57.28963429097348,60.95298920635105,64.16104161711701,66.96919623914437,69.43142818036722,71.5964596587728,73.50591420791898,75.19374231826805,76.68643621310912,78.00370790015586,79.15941069483961,80.16255649860977,81.01833108999563,81.7290451730878,82.29498457058799,82.7151415424014,82.98782249100623
JPN,Male,IschStroke,combo,26628.864207428538,71.13936265725351,984.014035971355,71.13936265725351,307.04377562995796,514.5761134484783,689.3167141806844,795.1087990977758,852.3565537666946,886.0434544789532,909.3382981920222,927.4762468601475,942.2747810870424,954.370449720649,964.0910103839269,971.7363391196486,977.6362729285684,982.136191683283,985.5671777011667,988.2200883048936,990.3286357935431,992.061449757748,993.521452918103,994.7505393380925,995.7376797559336,996.4288793781598,996.7377547530778,996.5558256773365,995.7619115971538,994.2302690265351,991.8373037732163,988.4668404471377,984.014035971355
JPN,Female,IschStroke,glp1,21771.316232882105,76.98565195309493,772.1388123549696,76.98565195309493,307.85507087333826,485.77663067560206,624.7862741701902,699.8353240085416,734.5605828096304,752.1916226903268,763.7028288481233,772.8789248600297,780.6745217544303,787.1661358169004,792.2624316590736,795.9234270244633,798.2046467993787,799.2441997735514,799.2348188926044,798.3954366626931,796.9471098946233,795.0946025578523,793.0136122897238,790.8430838068598,788.6818194425796,786.588513354669,784.5843411054448,782.6572998514166,780.7675951238489,778.853491052243,776.8371680380224,774.63025473788,772.1388123549696
JPN,Female,IschStroke,diet,1510.4874215853852,0.0,76.12133623458794,0.0,1.549783606089477,3.652000587564544,6.543661791554769,10.40328919859894,15.264731769559148,20.96181711760437,27.160705295093067,33.46724445166183,39.536610102062696,45.130682415627234,50.12196560052689,54.46970082166081,58.19046148710186,61.33372045864962,63.9647079753704,66.15347815179848,67.96837856719503,69.4723872268587,70.72124371357495,71.76268749834708,72.63637972371362,73.37424805416958,74.00109057837108,74.53533073485596,74.9898483845027,75.37283301128627,75.68861945431127,75.93847757308686,76.12133623458794
JPN,Female,IschStroke,combo,23251.535705145892,76.98565195309493,846.8304458676284,76.98565195309493,309.39192942485533,489.37930473875167,631.2123523867049,710.0231660661666,749.4887581356306,772.680364870801,790.2480347326782,805.5919231387306,819.3293376974616,831.3031250505665,841.2960698162497,849.2270318651063,855.1665426638137,859.300090263634,861.8834279130388,863.2034484342657,863.5476939761065,863.1823209425638,862.3374630868275,861.1987674852353,859.9039006202802,858.5428967663538,857.1613197864644,855.7653274996264,854.3278608466062,852.795321321988,851.0942414082601,849.1375863864014,846.8304458676284
GBR,Male,IschStroke,glp1,7426.402905936397,18.62367483234084,297.648896133609,18.62367483234084,80.25555009639174,134.12843432087357,179.37349302599068,206.5662480089759,221.17144767685022,229.84161472238338,236.1122898063877,241.42566095496295,246.30488416361368,250.92958503909358,255.36196054700486,259.6255013510181,263.729115011718,267.6732618193528,271.4513554849909,275.0506797847247,278.45380166691757,281.6403947681665,284.58913932930227,287.27939831849653,289.6924799419194,291.8124081353835,293.62621044720436,295.12379213967324,296.2974989705817,297.1414839723948,297.6509909734523,297.82165449262175,297.648896133609
GBR,Male,IschStroke,diet,1603.9667504318822,0.0,91.88690592162129,0.0,1.1197748183349177,2.746429102475304,5.0845444190508715,8.313991639637607,12.50749364209878,17.568824580926957,23.245388285336958,29.212923593058804,35.17230253116031,40.90614024560091,46.28810299924044,51.26488965112367,55.83104267876479,60.0072611270225,63.82528576962795,67.31879350824056,70.51867317615688,73.45110974080126,76.13728635742518,78.59390330176939,80.83401657671675,82.8679109282566,84.70386094414789,86.34872084593371,87.8083353330494,89.08779240588774,90.19155266553571,91.12349364287911,91.88690592162129
GBR,Male,IschStroke,combo,8997.180870307682,18.62367483234084,387.74321551112735,18.62367483234084,81.36598609440261,136.83764401251574,184.36613423517338,214.70663902352135,233.40029217909796,247.00895739849693,258.8231648920337,269.96905162289477,280.6774882726295,290.91511501585046,300.61980972017955,309.76204687435165,318.34456637911535,326.3873895886918,333.91445996436414,340.94563786008075,347.49346070714637,353.5630581706846,359.153730882701,364.2611116195767,368.8792327438332,373.00214128082916,376.6249263601403,379.744168270081,382.3579028769673,384.46523626728595,386.06575546575914,387.15887218580974,387.74321551112735
GBR,Female,IschStroke,glp1,8990.414215535073,26.71225931662775,362.69486584762126,26.71225931662775,110.68557728436463,177.42042644081084,230.7744097798677,260.2366733406052,274.3345717152333,281.95174917700206,287.40251814932344,292.2382929169835,296.9058887814499,301.49632711610684,306.0127285409071,310.4489912337049,314.80433172042467,319.0801278372419,323.2745976940969,327.37956447010583,331.37971871890113,335.25367935418035,338.9760035900981,342.5194503552593,345.8570223468523,348.96351562421114,351.8164674582513,354.3965098460394,356.6872123125504,358.6745404345347,360.34607331242296,361.69012081929395,362.69486584762126
GBR,Female,IschStroke,diet,2293.4477346359054,0.0,125.6343718851058,0.0,2.2046998359364807,5.12640807741991,9.123803586851864,14.475395409452176,21.254277658405044,29.24266611539133,37.975792336797895,46.90084262575692,55.5415479847652,63.582996619763435,70.87347848615173,77.38348140173184,83.15746945540377,88.2753206087582,92.8269381148857,96.8978584551478,100.56244084270656,103.88170498747422,106.90373579323204,109.66531697236132,112.19399069966312,114.51009365314167,116.62854207790588,118.56027387379072,120.31333542312132,121.89364544298951,123.30549055264055,124.55181565915336,125.6343718851058
GBR,Female,IschStroke,combo,11240.797100532402,26.71225931662775,486.13205944616493,26.71225931662775,112.87189012382805,182.47818214448853,239.73666959219736,274.4184161658377,295.1324553836421,310.5552895912333,324.54947684733634,338.12650654328536,351.2665063350396,363.75054665876814,375.43099538993556,386.27062706462675,396.3103028905025,405.62819339416455,414.3095916452912,422.4295078278956,430.04516322780546,437.1948401717091,443.9002119900688,450.1701500016279,456.0047446441895,461.3988257361161,466.34464605757967,470.83364209376305,474.85734071838306,478.4075677480323,481.47615365915044,484.05433812311094,486.13205944616493
DEU,Male,IschStroke,glp1,13969.20002050362,34.89177360160102,532.4807955385186,34.89177360160102,151.70227186810735,257.1452246554254,345.96562002854625,399.1830120169361,426.9474182193808,442.33643047354417,452.6850987600519,461.24280740911854,469.31449578289175,477.3635317825392,485.4875839013657,493.6208131825333,501.6254615312464,509.33798992709126,516.5948330502833,523.2475853880533,529.1717678782297,534.2712079013509,538.4792422422324,541.7575999472137,544.0936427234301,545.4965266494764,545.992760287867,545.6215554805094,544.4302925588418,542.4703499733441,539.793479929267,536.4488478146232,532.4807955385186
DEU,Male,IschStroke,diet,2581.8774452261023,0.0,146.08384853732423,0.0,1.6875163578697538,4.215308787286631,7.8662806163520145,12.869982329568302,19.301583961223514,27.015404873061925,35.674888972604094,44.86409291346354,54.20195484213036,63.401931008327665,72.27682765293139,80.71625859213236,88.65977476668195,96.07596714042302,102.94929354442866,109.27298051214893,115.04577932434768,120.27079934739959,124.95525167275628,129.11043136240914,132.75160345448603,135.89766538665572,138.5705762375219,140.7946032153195,142.59546039881388,143.9994183665258,145.03245525726015,145.71950579464828,146.08384853732423
DEU,Male,IschStroke,combo,16493.78611111152,34.89177360160102,675.4959950566736,34.89177360160102,153.37571449275856,261.3029853772641,353.6878687447788,411.7792581323447,445.80843715559604,468.71550860904244,487.5092175780519,505.033845160433,522.2225404852834,539.2587106537649,556.0568195605301,572.4427168190487,588.2190751897651,603.1911625307403,617.1797438990761,630.029334919549,641.6137967718496,651.8395749595111,660.6466530389043,668.0074217436304,673.9238129792357,678.4231368920118,681.553086761749,683.3763566115522,683.9652661986765,683.3967201393025,681.7477518005544,679.0918252482406,675.4959950566736
DEU,Female,IschStroke,glp1,15681.87743211371,43.285814737082546,602.6127369650421,43.285814737082546,185.66995472815324,309.4641411230041,411.36320538568543,469.4025338848587,496.64797604014166,509.2230117722502,516.0862887264957,521.2142008866977,526.2385756262993,531.7769198732458,537.9951538189562,544.8433131931561,552.1630599641903,559.7442295209803,567.3589323193446,574.7838047676669,581.8146801266557,588.2757502578461,594.0244964294761,598.9533413584613,602.9888035667645,606.0888193164537,608.2388047906243,609.4469502053398,609.7391629098347,609.1540055557853,607.7379069534545,605.5408573097629,602.6127369650421
DEU,Female,IschStroke,diet,3324.5288674662697,0.0,182.41223835679557,0.0,2.8180575465521542,6.784821930425096,12.337424990542786,19.781000119346572,29.141802510588604,40.08973044099184,52.02357619878603,64.27627203229349,76.30026599812118,87.74475490631448,98.43821766660767,108.33116839499417,117.43994206314892,125.80718036626058,133.4794684180888,140.49734062856078,146.8926540851353,152.6896588473428,157.9074824856034,162.56277094138568,166.67188203841215,170.25241037279557,173.32402978661776,175.90874217046076,178.03066364593178,179.7154880882117,180.98975905032057,181.88006338563355,182.41223835679557
DEU,Female,IschStroke,combo,18936.87825396256,43.285814737082546,781.443154583525,43.285814737082546,188.46450993060716,316.15686476226256,423.4770533916235,488.76917524388045,525.1381598390944,548.3927727407972,566.9077394231535,584.0086656905369,600.7918021684818,617.5304540173784,634.2212306276197,650.7642005332818,667.0156545139071,682.8060719834502,697.9523221842574,712.2700771037235,725.5858493568667,737.747150704552,748.6298201088866,758.1422409627812,766.2266340915085,772.8578713038914,778.0403653184876,781.8036120945326,784.1969291745118,785.2838720551081,785.1367339491444,783.8314513676269,781.443154583525
GLB,Male,IschStroke,glp1,1371342.7547238981,2590.519457508344,60483.723608698696,2590.519457508344,11597.919529740931,20036.170570450835,27571.726730857277,32552.598553946475,35619.53902015113,37734.13195156818,39444.751896928996,40988.15588983847,42453.768340154085,43871.409822102636,45248.745871860534,46585.91076559853,47880.85700946348,49131.127472987864,50334.313150033355,51488.066942780744,52589.99517776165,53637.53687610151,54627.86223456543,55557.79536425555,56423.759799710475,57221.7456249129,57947.299007686786,58595.536449640524,59161.18649618374,59638.66098425258,60022.15638191672,60305.7837422397,60483.723608698696
GLB,Male,IschStroke,diet,227401.7574770397,0.0,13925.649442681577,0.0,124.72550080344081,309.58715247293003,580.4471635688096,961.6024504606612,1466.7522586369887,2091.2330519552343,2811.7090647299774,3594.0276293563657,4403.467143540736,5211.645828078035,5998.741004072595,6752.652376622893,7467.046409744304,8139.416890907101,8769.574259266257,9358.60140863061,9908.18245251244,10420.193158554379,10896.462192544248,11338.638838103041,11748.125010335818,12126.045339650009,12473.239779674448,12790.269997545052,13077.434945965186,13334.79338592384,13562.192346246913,13759.300994455814,13925.649442681577
GLB,Male,IschStroke,combo,1594345.567429429,2590.519457508344,74166.4253633353,2590.519457508344,11721.604831191245,20341.567870309344,28141.713597496506,33494.214508659206,37053.81218238571,39777.93524503801,42192.39962187642,44500.7320176987,46758.48347468255,48967.72225447837,51116.67346615251,53193.5495868125,55190.00854376471,57101.04328018427,58923.96986484621,60657.42328312481,62300.59296765691,63852.70056430856,65312.663355167024,66678.88592665689,67949.13756598206,69120.48867325578,70189.29179371428,71151.20101372898,72001.22794319084,72733.83415978868,73343.05966462987,73822.68535180436,74166.4253633353
GLB,Female,IschStroke,glp1,1258485.1992390985,2730.429741144413,56311.42254989408,2730.429741144413,11930.399803468725,20007.817052770173,26932.615261352854,31184.023635187885,33553.855306960875,35068.08776448807,36281.62156958319,37418.11294240877,38551.041576869786,39696.293641566765,40850.34325845633,42004.554566022474,43150.07974508777,44279.25955996523,45385.80188346701,46464.582059727516,47511.361713596154,48522.519032060634,49494.81176335737,50425.17230447801,51310.530566318426,52147.66244337987,52933.06484332774,53662.86055195844,54332.737191197,54937.924195436295,55473.21035037516,55933.00236519147,56311.42254989408
GLB,Female,IschStroke,diet,239103.3802218889,0.0,14564.397504101507,0.0,160.22345181461424,382.80302722286433,698.600838905666,1134.3235203484073,1702.5746694104746,2393.833576012403,3177.6808428363875,4013.359992147889,4862.128815528937,5694.676353032701,6492.6292892294005,7246.6289499579,7953.473205311224,8613.621159990318,9229.423350076657,9804.009963155258,10340.653262384702,10842.433363241144,11312.082880210597,11751.929647234268,12163.888853860553,12549.47718109563,12909.834731493145,13245.748395252042,13557.674723925069,13845.762685461901,14109.877669688314,14349.628318958916,14564.397504101507
GLB,Female,IschStroke,combo,1493338.85586284,2730.429741144413,70644.106252959,2730.429741144413,12089.287006241502,20385.495557041373,27618.86357203638,32295.390937507385,35219.99044870748,37409.813862125855,39390.284823823255,41345.32595341047,43310.527196042705,45273.01217398606,47211.13514217362,49106.94130133139,50948.29562623566,52727.85577484453,54441.52319518151,56087.154458120465,57663.65263234498,59170.36635990022,60606.6969619547,61971.8342222739,63264.568970915396,64483.15338401636,65625.19592957245,66687.58789112372,67666.46374011459,68557.1995756356,69354.45346931554,70052.24970275955,70644.106252959
CHN,Male,CKD,glp1,29093.843406424145,0.0,1683.9341519202717,0.0,15.70681304106256,49.486855165087036,107.1346207424649,184.4950612111279,272.5666678669513,364.6943228599848,457.44061737292213,549.1885550131847,639.1187301039317,726.7340679687914,811.6720009105338,893.636097982424,972.3718723654165,1047.6573918911163,1119.2984989600664,1187.1256934834964,1250.9920871571376,1310.7723414090142,1366.3624220461352,1417.679840670913,1464.6639734650962,1507.276077620074,1545.4987358558428,1579.3346076268936,1608.8045136637666,1633.945001635555,1654.8056205173925,1671.4461658974906,1683.9341519202717
CHN,Male,CKD,combo,29093.843406424145,0.0,1683.9341519202717,0.0,15.70681304106256,49.486855165087036,107.1346207424649,184.4950612111279,272.5666678669513,364.6943228599848,457.44061737292213,549.1885550131847,639.1187301039317,726.7340679687914,811.6720009105338,893.636097982424,972.3718723654165,1047.6573918911163,1119.2984989600664,1187.1256934834964,1250.9920871571376,1310.7723414090142,1366.3624220461352,1417.679840670913,1464.6639734650962,1507.276077620074,1545.4987358558428,1579.3346076268936,1608.8045136637666,1633.945001635555,1654.8056205173925,1671.4461658974906,1683.9341519202717
CHN,Female,CKD,glp1,30414.737050430398,0.0,1832.5509183535469,0.0,15.072423070552759,47.59845684852917,103.29384998638125,178.40704762724636,264.5379099864658,355.47670053111506,448.0330832731561,540.7058305677201,632.7106414510199,723.5320751386316,812.7516226192529,899.9907431662577,984.8958428975457,1067.1362380180944,1146.404913774386,1222.419234339206,1294.921294826825,1363.678222303788,1428.4826668533206,1489.1534980110882,1545.5365386871272,1597.505085859637,1644.9599789771892,1687.8290531572711,1726.065920677327,1759.6481318564038,1788.5748549176933,1812.86427265362,1832.5509183535469
CHN,Female,CKD,combo,30414.737050430398,0.0,1832.5509183535469,0.0,15.072423070552759,47.59845684852917,103.29384998638125,178.40704762724636,264.5379099864658,355.47670053111506,448.0330832731561,540.7058305677201,632.7106414510199,723.5320751386316,812.7516226192529,899.9907431662577,984.8958428975457,1067.1362380180944,1146.404913774386,1222.419234339206,1294.921294826825,1363.678222303788,1428.4826668533206,1489.1534980110882,1545.5365386871272,1597.505085859637,1644.9599789771892,1687.8290531572711,1726.065920677327,1759.6481318564038,1788.5748549176933,1812.86427265362,1832.5509183535469
IND,Male,CKD,glp1,20138.381322004163,0.0,1243.5327370377054,0.0,10.316949810447113,32.65736973319872,70.98350373728317,122.58033671524026,181.3598972447944,242.74842939649534,304.3735621711239,365.1621911208931,424.64512791714515,482.6159923037776,538.983606164853,593.7093687713204,646.7793915788643,698.1905314834585,747.9420283932268,796.0295624539285,842.4405832502089,887.1505590889574,930.1200878600066,971.2928997467534,1010.5947886069189,1047.933484948153,1083.1994513644313,1116.267550293749,1146.9995071971061,1175.2470701983693,1200.855749323542,1223.6690040922113,1243.5327370377054
IND,Male,CKD,combo,20138.381322004163,0.0,1243.5327370377054,0.0,10.316949810447113,32.65736973319872,70.98350373728317,122.58033671524026,181.3598972447944,242.74842939649534,304.3735621711239,365.1621911208931,424.64512791714515,482.6159923037776,538.983606164853,593.7093687713204,646.7793915788643,698.1905314834585,747.9420283932268,796.0295624539285,842.4405832502089,887.1505590889574,930.1200878600066,971.2928997467534,1010.5947886069189,1047.933484948153,1083.1994513644313,1116.267550293749,1146.9995071971061,1175.2470701983693,1200.855749323542,1223.6690040922113,1243.5327370377054
IND,Female,CKD,glp1,18115.556708070842,0.0,1102.7520775314042,0.0,9.744660339521943,30.70974859308626,66.44345873675775,114.18944219736295,168.1613286098218,224.13838530518115,280.0144710037348,334.8892744512341,388.39956612256356,440.40240074577014,490.8438243189448,539.7061753172966,586.986123046474,632.6843386526307,676.7995892571635,719.3246651920927,760.2432768099679,799.5276754786901,837.1369575196586,873.0160634784843,907.0954862158396,939.2916855519143,969.5081872040028,997.6373237835942,1023.5625569704425,1047.161303052082,1068.3081690116524,1086.878493573473,1102.7520775314042
IND,Female,CKD,combo,18115.556708070842,0.0,1102.7520775314042,0.0,9.744660339521943,30.70974859308626,66.44345873675775,114.18944219736295,168.1613286098218,224.13838530518115,280.0144710037348,334.8892744512341,388.39956612256356,440.40240074577014,490.8438243189448,539.7061753172966,586.986123046474,632.6843386526307,676.7995892571635,719.3246651920927,760.2432768099679,799.5276754786901,837.1369575196586,873.0160634784843,907.0954862158396,939.2916855519143,969.5081872040028,997.6373237835942,1023.5625569704425,1047.161303052082,1068.3081690116524,1086.878493573473,1102.7520775314042
BRA,Male,CKD,glp1,11009.569095893443,0.0,695.8942478045501,0.0,5.097921430871793,16.10314263141845,34.98151445679832,60.56799623091865,90.1207088698211,121.56640824024726,153.80287569352367,186.28958978032824,218.73955584549913,250.97176969141583,282.8497749829403,314.2574956435492,345.0900660020925,375.2504553392864,404.64820288059127,433.19880974601256,460.82323294536764,487.44729574013036,513.0009854182426,537.4176773770669,560.6333519690743,582.5858776513851,603.2144294581958,622.4591003319074,640.2607473231401,656.561097193,671.3031181070401,684.4316471090278,695.8942478045501
BRA,Male,CKD,combo,11009.569095893443,0.0,695.8942478045501,0.0,5.097921430871793,16.10314263141845,34.98151445679832,60.56799623091865,90.1207088698211,121.56640824024726,153.80287569352367,186.28958978032824,218.73955584549913,250.97176969141583,282.8497749829403,314.2574956435492,345.0900660020925,375.2504553392864,404.64820288059127,433.19880974601256,460.82323294536764,487.44729574013036,513.0009854182426,537.4176773770669,560.6333519690743,582.5858776513851,603.2144294581958,622.4591003319074,640.2607473231401,656.561097193,671.3031181070401,684.4316471090278,695.8942478045501
BRA,Female,CKD,glp1,9916.662837673615,0.0,634.3023971230141,0.0,4.508054271213041,14.233848524887435,30.921641412369354,53.550884270542156,79.7103786142834,107.58460980205928,136.21819044842778,165.1499606960242,194.1380434756902,223.02855534119954,251.70152136009347,280.05036138688956,307.97493319973,335.37978529345855,362.17422329646797,388.2728153373755,413.5957923371898,438.06915314703656,461.62444407583826,484.1982581997727,505.73153564603854,526.1687599190918,545.4571456668273,563.5459047186378,580.3856628841531,595.9280822446817,610.1257243768487,622.9321706037736,634.3023971230141
BRA,Female,CKD,combo,9916.662837673615,0.0,634.3023971230141,0.0,4.508054271213041,14.233848524887435,30.921641412369354,53.550884270542156,79.7103786142834,107.58460980205928,136.21819044842778,165.1499606960242,194.1380434756902,223.02855534119954,251.70152136009347,280.05036138688956,307.97493319973,335.37978529345855,362.17422329646797,388.2728153373755,413.5957923371898,438.06915314703656,461.62444407583826,484.1982581997727,505.73153564603854,526.1687599190918,545.4571456668273,563.5459047186378,580.3856628841531,595.9280822446817,610.1257243768487,622.9321706037736,634.3023971230141
CAN,Male,CKD,glp1,2203.3524015505845,0.0,124.58376320037496,0.0,1.1055242949923922,3.53332144414253,7.743102905605156,13.496888662124547,20.182816994752102,27.314843224839024,34.61074090147031,41.90924528221149,49.10636099909971,56.12547959271615,62.905503379021866,69.3965037027001,75.5581982670119,81.35936162032976,86.77745218050768,91.79819281900745,96.41501562848771,100.62835100771917,104.44477273326174,107.87602744330707,110.9379864630364,113.64956251408967,116.03163453585148,118.106021345935,119.89453995756503,121.4181778369757,122.6964009447438,123.74661166870465,124.58376320037496
CAN,Male,CKD,combo,2203.3524015505845,0.0,124.58376320037496,0.0,1.1055242949923922,3.53332144414253,7.743102905605156,13.496888662124547,20.182816994752102,27.314843224839024,34.61074090147031,41.90924528221149,49.10636099909971,56.12547959271615,62.905503379021866,69.3965037027001,75.5581982670119,81.35936162032976,86.77745218050768,91.79819281900745,96.41501562848771,100.62835100771917,104.44477273326174,107.87602744330707,110.9379864630364,113.64956251408967,116.03163453585148,118.106021345935,119.89453995756503,121.4181778369757,122.6964009447438,123.74661166870465,124.58376320037496
CAN,Female,CKD,glp1,2372.090296539739,0.0,139.04748730168558,0.0,1.1455236889141815,3.61214315700272,7.84722310543475,13.613205093400211,20.32348878582161,27.52628075258417,34.96763141041629,42.50430239252637,50.04076090691706,57.50114928427047,64.81926843191013,71.93585099282518,78.79838158590792,85.3616029489749,91.5880282981525,97.44823405651277,102.92087548898598,107.99242988255719,112.65669615765728,116.91409077031676,120.7707855043127,124.23773550733404,127.32964621867086,130.06392587709797,132.45966637701167,134.53668977057168,136.31469116682274,137.81250162514334,139.04748730168558
CAN,Female,CKD,combo,2372.090296539739,0.0,139.04748730168558,0.0,1.1455236889141815,3.61214315700272,7.84722310543475,13.613205093400211,20.32348878582161,27.52628075258417,34.96763141041629,42.50430239252637,50.04076090691706,57.50114928427047,64.81926843191013,71.93585099282518,78.79838158590792,85.3616029489749,91.5880282981525,97.44823405651277,102.92087548898598,107.99242988255719,112.65669615765728,116.91409077031676,120.7707855043127,124.23773550733404,127.32964621867086,130.06392587709797,132.45966637701167,134.53668977057168,136.31469116682274,137.81250162514334,139.04748730168558
TUR,Male,CKD,glp1,4915.173542847571,0.0,310.3906625401978,0.0,2.3650416377677175,7.455750114706461,16.155398903099922,27.86977239632688,41.28677178734324,55.44689957321316,69.86616690331721,84.3238174400467,98.7100109458388,112.95684377499674,127.01242022648148,140.8323977230557,154.3776304380699,167.61348800766064,180.50933111712948,193.03775262720956,205.17359326254882,216.89285543947335,228.171646648334,238.98525666423302,249.30743878426802,259.10993449879606,268.36225644283695,277.03172617806194,285.0837503157418,292.48230945473915,299.1906282474556,305.1719907546212,310.3906625401978
TUR,Male,CKD,combo,4915.173542847571,0.0,310.3906625401978,0.0,2.3650416377677175,7.455750114706461,16.155398903099922,27.86977239632688,41.28677178734324,55.44689957321316,69.86616690331721,84.3238174400467,98.7100109458388,112.95684377499674,127.01242022648148,140.8323977230557,154.3776304380699,167.61348800766064,180.50933111712948,193.03775262720956,205.17359326254882,216.89285543947335,228.171646648334,238.98525666423302,249.30743878426802,259.10993449879606,268.36225644283695,277.03172617806194,285.0837503157418,292.48230945473915,299.1906282474556,305.1719907546212,310.3906625401978
TUR,Female,CKD,glp1,5832.246838755211,0.0,378.98550103979505,0.0,2.671961976273451,8.420261326047694,18.25429104856812,31.54385724731401,46.85033970969562,63.10545878464109,79.75792940216706,96.54955520067597,113.35044755144554,130.08189439778653,146.68550304505698,163.11189450103484,179.31684492176646,195.25996231198224,210.9040298869004,226.21437387102924,241.1580951571632,255.70318500611756,269.8176035962824,283.4684090110386,296.6210131078624,309.2386224989059,321.28190331556107,332.70889008532686,343.47514297271846,353.53414412639904,362.83791287178246,371.33781078387256,378.98550103979505
TUR,Female,CKD,combo,5832.246838755211,0.0,378.98550103979505,0.0,2.671961976273451,8.420261326047694,18.25429104856812,31.54385724731401,46.85033970969562,63.10545878464109,79.75792940216706,96.54955520067597,113.35044755144554,130.08189439778653,146.68550304505698,163.11189450103484,179.31684492176646,195.25996231198224,210.9040298869004,226.21437387102924,241.1580951571632,255.70318500611756,269.8176035962824,283.4684090110386,296.6210131078624,309.2386224989059,321.28190331556107,332.70889008532686,343.47514297271846,353.53414412639904,362.83791287178246,371.33781078387256,378.98550103979505
ZAF,Male,CKD,glp1,2849.284375965496,0.0,164.14975188696553,0.0,1.6798149023579754,5.285766564980804,11.438424188502722,19.637455420064725,28.836736072829808,38.268871760703405,47.54967677287095,56.517136742713774,65.11134103403492,73.31701303694899,81.13899387030142,88.59152537968293,95.69285899754504,102.46192357423206,108.91591080359831,115.06842906745806,120.92814240937878,126.4978814321621,131.77421592713472,136.7474632835474,141.40208932655514,145.7174445277269,149.66876956303895,153.2283995808757,156.3670955646703,159.05543314082024,161.26518352857056,162.97062760522385,164.14975188696553
ZAF,Male,CKD,combo,2849.284375965496,0.0,164.14975188696553,0.0,1.6798149023579754,5.285766564980804,11.438424188502722,19.637455420064725,28.836736072829808,38.268871760703405,47.54967677287095,56.517136742713774,65.11134103403492,73.31701303694899,81.13899387030142,88.59152537968293,95.69285899754504,102.46192357423206,108.91591080359831,115.06842906745806,120.92814240937878,126.4978814321621,131.77421592713472,136.7474632835474,141.40208932655514,145.7174445277269,149.66876956303895,153.2283995808757,156.3670955646703,159.05543314082024,161.26518352857056,162.97062760522385,164.14975188696553
ZAF,Female,CKD,glp1,2492.7632310632034,0.0,135.901154650639,0.0,1.7765023607262265,5.550445298047634,11.909524290136687,20.17653859530219,29.166308406496682,38.08834683463647,46.59981367491855,54.59123182593248,62.047368640418426,68.98800915561696,75.44605954671533,81.4593968642348,87.06716065557157,92.30735888657,97.2149098941627,101.81997092022357,106.14659780183501,110.21180134107817,114.0250390682304,117.58814738865112,120.89569021031639,123.93567829331369,126.69059819809081,129.13867979291172,131.255325941931,133.0146266305528,134.39088197316414,135.36006392277886,135.901154650639
ZAF,Female,CKD,combo,2492.7632310632034,0.0,135.901154650639,0.0,1.7765023607262265,5.550445298047634,11.909524290136687,20.17653859530219,29.166308406496682,38.08834683463647,46.59981367491855,54.59123182593248,62.047368640418426,68.98800915561696,75.44605954671533,81.4593968642348,87.06716065557157,92.30735888657,97.2149098941627,101.81997092022357,106.14659780183501,110.21180134107817,114.0250390682304,117.58814738865112,120.89569021031639,123.93567829331369,126.69059819809081,129.13867979291172,131.255325941931,133.0146266305528,134.39088197316414,135.36006392277886,135.901154650639
MEX,Male,CKD,glp1,11812.652227479746,0.0,670.2122915808068,0.0,6.5455288140510675,20.47519560110959,44.06408050796017,75.5859483756285,111.42083779357927,148.9067924241026,186.66513222883805,224.04452897712326,260.71630899929005,296.48320139147836,331.2003436095765,364.7444101154979,397.0020576539464,427.8659594746423,457.2338026139696,485.00843427582004,511.0984387843346,535.418852748684,557.891894112734,578.447649792186,597.0246976546769,613.5706546855727,628.0426526489537,640.407748174126,650.6432767744118,658.7371601260966,664.6881733143018,668.5061742262478,670.2122915808068
MEX,Male,CKD,combo,11812.652227479746,0.0,670.2122915808068,0.0,6.5455288140510675,20.47519560110959,44.06408050796017,75.5859483756285,111.42083779357927,148.9067924241026,186.66513222883805,224.04452897712326,260.71630899929005,296.48320139147836,331.2003436095765,364.7444101154979,397.0020576539464,427.8659594746423,457.2338026139696,485.00843427582004,511.0984387843346,535.418852748684,557.891894112734,578.447649792186,597.0246976546769,613.5706546855727,628.0426526489537,640.407748174126,650.6432767744118,658.7371601260966,664.6881733143018,668.5061742262478,670.2122915808068
MEX,Female,CKD,glp1,13442.228638565448,0.0,828.4294614095415,0.0,6.506249430738535,20.45794398509679,44.25803203284522,76.34026195509068,113.20004732523375,152.23551229184523,192.0967966623066,232.14623758658126,272.0597220889249,311.6372740108709,350.72472981795727,389.1833850184121,426.87903798570915,463.67869467052515,499.4502458278366,534.0632451924757,567.3900319209424,599.3068865431269,629.6950935587738,658.4418640977965,685.4411103110251,710.5940833361528,733.8098981018193,755.0059744351747,774.1084262398363,791.0524294258357,805.7825951457198,818.2533681572531,828.4294614095415
MEX,Female,CKD,combo,13442.228638565448,0.0,828.4294614095415,0.0,6.506249430738535,20.45794398509679,44.25803203284522,76.34026195509068,113.20004732523375,152.23551229184523,192.0967966623066,232.14623758658126,272.0597220889249,311.6372740108709,350.72472981795727,389.1833850184121,426.87903798570915,463.67869467052515,499.4502458278366,534.0632451924757,567.3900319209424,599.3068865431269,629.6950935587738,658.4418640977965,685.4411103110251,710.5940833361528,733.8098981018193,755.0059744351747,774.1084262398363,791.0524294258357,805.7825951457198,818.2533681572531,828.4294614095415
AUS,Male,CKD,glp1,1511.4924792460833,0.0,91.76824741397104,0.0,0.7027810149334073,2.250243879512709,4.943743165331398,8.641085793367893,12.957057751452794,17.581641481823226,22.332880982920415,27.10652036659303,31.836592742619814,36.47671687824368,40.99234045416506,45.357453744235045,49.552924542682376,53.56538333433946,57.386304097970424,61.01118241180302,64.43879100373033,67.67050963281599,70.70972538864135,73.56129636519381,76.23107038586386,78.72545135711243,81.05100815379956,83.21412382300241,85.22068565524569,87.07581886340904,88.78366798339903,90.34723057790507,91.76824741397104
AUS,Male,CKD,combo,1511.4924792460833,0.0,91.76824741397104,0.0,0.7027810149334073,2.250243879512709,4.943743165331398,8.641085793367893,12.957057751452794,17.581641481823226,22.332880982920415,27.10652036659303,31.836592742619814,36.47671687824368,40.99234045416506,45.357453744235045,49.552924542682376,53.56538333433946,57.386304097970424,61.01118241180302,64.43879100373033,67.67050963281599,70.70972538864135,73.56129636519381,76.23107038586386,78.72545135711243,81.05100815379956,83.21412382300241,85.22068565524569,87.07581886340904,88.78366798339903,90.34723057790507,91.76824741397104
AUS,Female,CKD,glp1,1298.2956749428304,0.0,81.86873960637604,0.0,0.5458695550410084,1.7348546167963832,3.7979854805039395,6.64162648817728,9.998041951728283,13.654481120658147,17.486642073324674,21.420273359686234,25.40313109082308,29.392824788034886,33.35271688120929,37.25089327139631,41.06004449422471,44.75746762169956,48.324956111338906,51.748547115838846,55.01815710883375,58.12714634280292,61.071846073812594,63.85107296458773,66.46564704650518,68.91792408626043,71.21134993334908,73.35004282458794,75.338409063781,77.18079743721319,78.8811977501482,80.44298868409078,81.86873960637604
AUS,Female,CKD,combo,1298.2956749428304,0.0,81.86873960637604,0.0,0.5458695550410084,1.7348546167963832,3.7979854805039395,6.64162648817728,9.998041951728283,13.654481120658147,17.486642073324674,21.420273359686234,25.40313109082308,29.392824788034886,33.35271688120929,37.25089327139631,41.06004449422471,44.75746762169956,48.324956111338906,51.748547115838846,55.01815710883375,58.12714634280292,61.071846073812594,63.85107296458773,66.46564704650518,68.91792408626043,71.21134993334908,73.35004282458794,75.338409063781,77.18079743721319,78.8811977501482,80.44298868409078,81.86873960637604
NZL,Male,CKD,glp1,292.43108272130746,0.0,17.094705108246558,0.0,0.1609739181525356,0.5058917145498754,1.0923871689898306,1.8788034987600213,2.775084846530717,3.7134858181126447,4.657481722104194,5.588700573924825,6.497281150369986,7.377291833002573,8.224797184317254,9.03704516063135,9.812099397238399,10.548648328600848,11.245888328291926,11.903440965998811,12.521287646290034,13.099713455101323,13.639255512423006,14.140652936561537,14.604796803832073,15.032679556147741,15.425344216213375,15.783834491804441,16.109147357274082,16.40218997680222,16.663742883142277,16.894431167893003,17.094705108246558
NZL,Male,CKD,combo,292.43108272130746,0.0,17.094705108246558,0.0,0.1609739181525356,0.5058917145498754,1.0923871689898306,1.8788034987600213,2.775084846530717,3.7134858181126447,4.657481722104194,5.588700573924825,6.497281150369986,7.377291833002573,8.224797184317254,9.03704516063135,9.812099397238399,10.548648328600848,11.245888328291926,11.903440965998811,12.521287646290034,13.099713455101323,13.639255512423006,14.140652936561537,14.604796803832073,15.032679556147741,15.425344216213375,15.783834491804441,16.109147357274082,16.40218997680222,16.663742883142277,16.894431167893003,17.094705108246558
NZL,Female,CKD,glp1,227.4386781847894,0.0,13.455692692176513,0.0,0.12091273741475561,0.3783360631339292,0.8144895346370049,1.3992435958169835,2.068024671085027,2.772787340720811,3.48780647317642,4.199987320417108,4.9019331546051035,5.588745349911733,6.256734272659742,6.902920428182938,7.52483790322492,8.12044976120876,8.688104440658776,9.226506961840983,9.734694852905932,10.212014414808891,10.658095103147616,11.072820850108087,11.456297874610186,11.80881914656129,12.130826207524024,12.422869482913484,12.685568525647227,12.919573794136454,13.1255315871731,13.30405364438161,13.455692692176513
NZL,Female,CKD,combo,227.4386781847894,0.0,13.455692692176513,0.0,0.12091273741475561,0.3783360631339292,0.8144895346370049,1.3992435958169835,2.068024671085027,2.772787340720811,3.48780647317642,4.199987320417108,4.9019331546051035,5.588745349911733,6.256734272659742,6.902920428182938,7.52483790322492,8.12044976120876,8.688104440658776,9.226506961840983,9.734694852905932,10.212014414808891,10.658095103147616,11.072820850108087,11.456297874610186,11.80881914656129,12.130826207524024,12.422869482913484,12.685568525647227,12.919573794136454,13.1255315871731,13.30405364438161,13.455692692176513
ROU,Male,CKD,glp1,639.0472289371642,0.0,32.08521679953401,0.0,0.4952092441683362,1.52388082832681,3.2222864503435176,5.424289327144152,7.838487233859041,10.261015476382909,12.591696015537991,14.788095842830216,16.834079788241297,18.725342708321705,20.463389086852885,22.052912484886747,23.50043431639483,24.8134143843115,25.99958053705518,27.066413032336186,28.020772647600552,28.86866739098491,29.615145246641987,30.264292472390935,30.81931244696625,31.28265931221199,31.656202796122898,31.94140448564508,32.139490421264554,32.25160945160428,32.27897083598873,32.22295787321468,32.08521679953401
ROU,Male,CKD,combo,639.0472289371642,0.0,32.08521679953401,0.0,0.4952092441683362,1.52388082832681,3.2222864503435176,5.424289327144152,7.838487233859041,10.261015476382909,12.591696015537991,14.788095842830216,16.834079788241297,18.725342708321705,20.463389086852885,22.052912484886747,23.50043431639483,24.8134143843115,25.99958053705518,27.066413032336186,28.020772647600552,28.86866739098491,29.615145246641987,30.264292472390935,30.81931244696625,31.28265931221199,31.656202796122898,31.94140448564508,32.139490421264554,32.25160945160428,32.27897083598873,32.22295787321468,32.08521679953401
ROU,Female,CKD,glp1,650.6298257371914,0.0,33.40899852056282,0.0,0.49193424508393946,1.515145580628996,3.2041915795207387,5.3948392235590745,7.800867029560777,10.22323677290342,12.56456351173756,14.783162222335022,16.86201983387764,18.794829796206386,20.580493539780946,22.220992230785214,23.720436223705974,25.08446813117348,26.319753956892555,27.43350625491871,28.43305110477536,29.325463344283207,30.11728773560594,30.814352296468996,31.42166973511962,31.943415704044583,32.38296862417519,32.74299459881195,33.025561677209225,33.23226969644543,33.364384502823896,33.42296806419472,33.40899852056282
ROU,Female,CKD,combo,650.6298257371914,0.0,33.40899852056282,0.0,0.49193424508393946,1.515145580628996,3.2041915795207387,5.3948392235590745,7.800867029560777,10.22323677290342,12.56456351173756,14.783162222335022,16.86201983387764,18.794829796206386,20.580493539780946,22.220992230785214,23.720436223705974,25.08446813117348,26.319753956892555,27.43350625491871,28.43305110477536,29.325463344283207,30.11728773560594,30.814352296468996,31.42166973511962,31.943415704044583,32.38296862417519,32.74299459881195,33.025561677209225,33.23226969644543,33.364384502823896,33.42296806419472,33.40899852056282
BGR,Male,CKD,glp1,348.85953702580287,0.0,16.494848436872985,0.0,0.2966147292545429,0.9138810559043122,1.9315687622142832,3.244937708770749,4.673548588928497,6.091040993365596,7.43511288159084,8.67973764070939,9.816016749221944,10.843138311982102,11.76436866640529,12.5851320125048,13.311944566668899,13.95173797450434,14.511399887468087,14.997462672797155,15.415905330690066,15.772044692159966,16.070496048301152,16.315185791516,16.509400914470348,16.655862574112803,16.75681330824409,16.81410975865981,16.829314801936107,16.803784752568845,16.738748758013116,16.635378655966747,16.494848436872985
BGR,Male,CKD,combo,348.85953702580287,0.0,16.494848436872985,0.0,0.2966147292545429,0.9138810559043122,1.9315687622142832,3.244937708770749,4.673548588928497,6.091040993365596,7.43511288159084,8.67973764070939,9.816016749221944,10.843138311982102,11.76436866640529,12.5851320125048,13.311944566668899,13.95173797450434,14.511399887468087,14.997462672797155,15.415905330690066,15.772044692159966,16.070496048301152,16.315185791516,16.509400914470348,16.655862574112803,16.75681330824409,16.81410975865981,16.829314801936107,16.803784752568845,16.738748758013116,16.635378655966747,16.494848436872985
BGR,Female,CKD,glp1,285.8317876724735,0.0,13.651235742783456,0.0,0.2379654126771129,0.732572748052462,1.547928113525586,2.6025518063962636,3.7553589005584627,4.9071627216304705,6.007931694260719,7.035110509355377,7.9791019727823596,8.83667308888164,9.608158456509955,10.296139843553306,10.9046696059429,11.438714947698486,11.903723163582413,12.305279230907558,12.64884534354951,12.939574169391221,13.182186325360135,13.38090148504648,13.5394123746363,13.660891531831112,13.748021803159077,13.803042883394255,13.827807578096667,13.823842783045166,13.792411356530238,13.73457207933484,13.651235742783456
BGR,Female,CKD,combo,285.8317876724735,0.0,13.651235742783456,0.0,0.2379654126771129,0.732572748052462,1.547928113525586,2.6025518063962636,3.7553589005584627,4.9071627216304705,6.007931694260719,7.035110509355377,7.9791019727823596,8.83667308888164,9.608158456509955,10.296139843553306,10.9046696059429,11.438714947698486,11.903723163582413,12.305279230907558,12.64884534354951,12.939574169391221,13.182186325360135,13.38090148504648,13.5394123746363,13.660891531831112,13.748021803159077,13.803042883394255,13.827807578096667,13.823842783045166,13.792411356530238,13.73457207933484,13.651235742783456
ISR,Male,CKD,glp1,777.3250827836114,0.0,49.711269048891154,0.0,0.34342326263276846,1.0962824683613235,2.4031743023192575,4.198820955631163,6.304150851559825,8.574544627310615,10.923568193132041,13.29975658754438,15.669015607747951,18.00664097414824,20.294246890236536,22.51855588064518,24.670728678327123,26.745762396140435,28.741834711789124,30.659599495475504,32.50147603614687,34.27097552955183,35.97209800209339,37.608819942857735,39.18468140711275,40.70247252301715,42.16401333701333,43.570017431326505,44.920028204071514,46.21241654718597,47.44442936612313,48.61227952521858,49.711269048891154
ISR,Male,CKD,combo,777.3250827836114,0.0,49.711269048891154,0.0,0.34342326263276846,1.0962824683613235,2.4031743023192575,4.198820955631163,6.304150851559825,8.574544627310615,10.923568193132041,13.29975658754438,15.669015607747951,18.00664097414824,20.294246890236536,22.51855588064518,24.670728678327123,26.745762396140435,28.741834711789124,30.659599495475504,32.50147603614687,34.27097552955183,35.97209800209339,37.608819942857735,39.18468140711275,40.70247252301715,42.16401333701333,43.570017431326505,44.920028204071514,46.21241654718597,47.44442936612313,48.61227952521858,49.711269048891154
ISR,Female,CKD,glp1,717.9566276084804,0.0,45.92736441836678,0.0,0.2912688769529268,0.9318017154353129,2.0502019167388426,3.6023765512795762,5.448544010768956,7.473821919444617,9.607226534119263,11.80290287517505,14.026455918555712,16.249372524224782,18.447471651461456,20.60075799619699,22.693530779605226,24.714342161483955,26.65571758079159,28.513672802348992,30.287099886384112,31.97709575519775,33.58629442889924,35.11824736356539,36.57688024641493,37.96604105410006,39.2891437942144,40.54890506442507,41.74716597023507,42.88478949100181,43.96162250155248,44.976511819540065,45.92736441836678
ISR,Female,CKD,combo,717.9566276084804,0.0,45.92736441836678,0.0,0.2912688769529268,0.9318017154353129,2.0502019167388426,3.6023765512795762,5.448544010768956,7.473821919444617,9.607226534119263,11.80290287517505,14.026455918555712,16.249372524224782,18.447471651461456,20.60075799619699,22.693530779605226,24.714342161483955,26.65571758079159,28.513672802348992,30.287099886384112,31.97709575519775,33.58629442889924,35.11824736356539,36.57688024641493,37.96604105410006,39.2891437942144,40.54890506442507,41.74716597023507,42.88478949100181,43.96162250155248,44.976511819540065,45.92736441836678
NGA,Male,CKD,glp1,8213.985989561937,0.0,497.96852400577336,0.0,4.254438363077497,13.363946375986416,28.981556249582354,49.92991000010079,73.66534726067766,98.33759198381813,123.04943967288273,147.44767917653735,171.41566388913998,194.9246786520598,217.97109866932806,240.5512214797891,262.6517098022232,284.2464419389835,305.29599084931033,325.7481597616861,345.53891840705546,364.5934879655215,382.8275144126601,400.14836277427094,416.4566030234637,431.64776141288166,445.6143902017502,458.24847284056887,469.4441386773615,479.1006182899946,487.1253335559595,493.4369898694931,497.96852400577336
NGA,Male,CKD,combo,8213.985989561937,0.0,497.96852400577336,0.0,4.254438363077497,13.363946375986416,28.981556249582354,49.92991000010079,73.66534726067766,98.33759198381813,123.04943967288273,147.44767917653735,171.41566388913998,194.9246786520598,217.97109866932806,240.5512214797891,262.6517098022232,284.2464419389835,305.29599084931033,325.7481597616861,345.53891840705546,364.5934879655215,382.8275144126601,400.14836277427094,416.4566030234637,431.64776141288166,445.6143902017502,458.24847284056887,469.4441386773615,479.1006182899946,487.1253335559595,493.4369898694931,497.96852400577336
NGA,Female,CKD,glp1,5082.454600275585,0.0,300.9923591081315,0.0,2.540693521121284,8.191593399724297,18.058125633009695,31.528077307366402,46.97645872767862,63.12576455491944,79.29508581018308,95.17115099289367,110.61600146098135,125.56952196159546,140.00644625697896,153.91780399501295,167.3024498466948,180.16261950487387,192.5010868430545,204.3189889876412,215.6139923875271,226.37872357280867,236.59949399206744,246.2553896647878,255.31780377847826,263.7504762915305,271.51007605971245,278.54732374727246,284.80861339736657,290.2380522634594,294.77980676817606,298.3806204405373,300.9923591081315
NGA,Female,CKD,combo,5082.454600275585,0.0,300.9923591081315,0.0,2.540693521121284,8.191593399724297,18.058125633009695,31.528077307366402,46.97645872767862,63.12576455491944,79.29508581018308,95.17115099289367,110.61600146098135,125.56952196159546,140.00644625697896,153.91780399501295,167.3024498466948,180.16261950487387,192.5010868430545,204.3189889876412,215.6139923875271,226.37872357280867,236.59949399206744,246.2553896647878,255.31780377847826,263.7504762915305,271.51007605971245,278.54732374727246,284.80861339736657,290.2380522634594,294.77980676817606,298.3806204405373,300.9923591081315
EGY,Male,CKD,glp1,8526.407574505818,0.0,538.2929582299621,0.0,4.076350175746484,12.880486753987498,28.018321929488593,48.5101167004359,72.05170826302856,96.90066842139277,122.13961867798935,147.33232205875538,172.2643782439227,196.82019928840236,220.93180228895653,244.5573332833992,267.6705984366199,290.2543740272631,312.2950204745903,333.77773330913624,354.6823907752041,374.9801321223713,394.6308093565349,413.5814084564299,431.7654755834992,449.103525360566,465.50435772541823,480.8671692148491,495.08431427419055,508.0445520988069,519.636604034742,529.7528449401289,538.2929582299621
EGY,Male,CKD,combo,8526.407574505818,0.0,538.2929582299621,0.0,4.076350175746484,12.880486753987498,28.018321929488593,48.5101167004359,72.05170826302856,96.90066842139277,122.13961867798935,147.33232205875538,172.2643782439227,196.82019928840236,220.93180228895653,244.5573332833992,267.6705984366199,290.2543740272631,312.2950204745903,333.77773330913624,354.6823907752041,374.9801321223713,394.6308093565349,413.5814084564299,431.7654755834992,449.103525360566,465.50435772541823,480.8671692148491,495.08431427419055,508.0445520988069,519.636604034742,529.7528449401289,538.2929582299621
EGY,Female,CKD,glp1,9501.26809308747,0.0,608.5432619515923,0.0,4.769780030928814,14.780368910818652,31.67121652163405,54.229989172723435,79.90969423239949,106.86916182013738,134.18965120192297,161.46820738324095,188.5291846784312,215.29133461156016,241.71380883819074,267.77408136216036,293.457475886069,318.750623314736,343.63628171461096,368.0888596777986,392.0706340721881,415.52882610366214,438.39369839088977,460.5777760906385,481.9762212317073,502.4683184250971,521.9199687505679,540.1870395008445,557.1193814722646,572.5653026467116,586.3762769251625,598.411668168781,608.5432619515923
EGY,Female,CKD,combo,9501.26809308747,0.0,608.5432619515923,0.0,4.769780030928814,14.780368910818652,31.67121652163405,54.229989172723435,79.90969423239949,106.86916182013738,134.18965120192297,161.46820738324095,188.5291846784312,215.29133461156016,241.71380883819074,267.77408136216036,293.457475886069,318.750623314736,343.63628171461096,368.0888596777986,392.0706340721881,415.52882610366214,438.39369839088977,460.5777760906385,481.9762212317073,502.4683184250971,521.9199687505679,540.1870395008445,557.1193814722646,572.5653026467116,586.3762769251625,598.411668168781,608.5432619515923
BGD,Male,CKD,glp1,4723.966146000494,0.0,276.16670291929404,0.0,2.6295158195462136,8.234717994599123,17.73446101569789,30.411383299247973,44.771689176131986,59.721925781743266,74.7042918352472,89.46440294260174,103.88168425223012,117.88969381307288,131.4440934482318,144.51091313572033,157.06258354126294,169.07658367682598,180.53473212377503,191.42246489797617,201.72796744853258,211.4412186368245,220.5530534624413,229.05434257636443,236.9353579474773,244.18536248730015,250.79243421089268,256.74351495019437,262.02465968369506,266.6214541128902,270.51956382671415,273.7053769839622,276.16670291929404
BGD,Male,CKD,combo,4723.966146000494,0.0,276.16670291929404,0.0,2.6295158195462136,8.234717994599123,17.73446101569789,30.411383299247973,44.771689176131986,59.721925781743266,74.7042918352472,89.46440294260174,103.88168425223012,117.88969381307288,131.4440934482318,144.51091313572033,157.06258354126294,169.07658367682598,180.53473212377503,191.42246489797617,201.72796744853258,211.4412186368245,220.5530534624413,229.05434257636443,236.9353579474773,244.18536248730015,250.79243421089268,256.74351495019437,262.02465968369506,266.6214541128902,270.51956382671415,273.7053769839622,276.16670291929404
BGD,Female,CKD,glp1,2676.31243836485,0.0,163.4256509354036,0.0,1.41198019897638,4.408205763615115,9.477811831642612,16.243415063216162,23.921513996288013,31.945480341227267,40.03262230856126,48.05852984717967,55.9669971998228,63.728414955741755,71.32330647724484,78.73627852356549,85.9538269484674,92.96342368399382,99.75297135762776,106.31035184565735,112.62302033494052,118.67766159679195,124.45993342842485,129.95431403876137,135.1440601838658,140.011275320614,144.5370822403911,148.70189166313867,152.48575613055255,155.8687965625595,158.83168674619992,161.35617884037856,163.4256509354036
BGD,Female,CKD,combo,2676.31243836485,0.0,163.4256509354036,0.0,1.41198019897638,4.408205763615115,9.477811831642612,16.243415063216162,23.921513996288013,31.945480341227267,40.03262230856126,48.05852984717967,55.9669971998228,63.728414955741755,71.32330647724484,78.73627852356549,85.9538269484674,92.96342368399382,99.75297135762776,106.31035184565735,112.62302033494052,118.67766159679195,124.45993342842485,129.95431403876137,135.1440601838658,140.011275320614,144.5370822403911,148.70189166313867,152.48575613055255,155.8687965625595,158.83168674619992,161.35617884037856,163.4256509354036
USA,Male,CKD,glp1,31456.732349275087,0.0,1692.5250792774605,0.0,18.925942879286595,59.435128218712634,128.27666478224273,220.50691993010696,325.45446521295526,434.99722201209806,544.6189908920787,651.9068333272153,755.4499308280065,854.3259482163267,947.8914018844225,1035.6972937566316,1117.451282453767,1192.995589039274,1262.28940535117,1325.392080630263,1382.4461397898995,1433.6601768863184,1479.2919937176484,1519.6324319978157,1554.9903294284595,1585.6789708461147,1612.0043277474324,1634.2552936975117,1652.6960359431978,1667.5604994741298,1679.049021998857,1687.326949055685,1692.5250792774605
USA,Male,CKD,combo,31456.732349275087,0.0,1692.5250792774605,0.0,18.925942879286595,59.435128218712634,128.27666478224273,220.50691993010696,325.45446521295526,434.99722201209806,544.6189908920787,651.9068333272153,755.4499308280065,854.3259482163267,947.8914018844225,1035.6972937566316,1117.451282453767,1192.995589039274,1262.28940535117,1325.392080630263,1382.4461397898995,1433.6601768863184,1479.2919937176484,1519.6324319978157,1554.9903294284595,1585.6789708461147,1612.0043277474324,1634.2552936975117,1652.6960359431978,1667.5604994741298,1679.049021998857,1687.326949055685,1692.5250792774605
USA,Female,CKD,glp1,28540.565077752733,0.0,1563.6826837677218,0.0,16.615885628780234,51.93518908304395,111.75784780409595,191.89279187403736,283.3557807155739,379.3845378763217,476.24925819462806,571.9353025601886,665.207429809394,755.1888338470017,841.2018062960415,922.7134624993632,999.3180004177702,1070.7289365436736,1136.7719600782148,1197.375680379555,1252.5599869283906,1302.4225709709135,1347.1243752300506,1386.8747260066448,1421.9168069929292,1452.5140129411302,1478.9375969436223,1501.4559073828423,1520.3254040091124,1535.7835488786513,1548.0435873683455,1557.2911667246954,1563.6826837677218
USA,Female,CKD,combo,28540.565077752733,0.0,1563.6826837677218,0.0,16.615885628780234,51.93518908304395,111.75784780409595,191.89279187403736,283.3557807155739,379.3845378763217,476.24925819462806,571.9353025601886,665.207429809394,755.1888338470017,841.2018062960415,922.7134624993632,999.3180004177702,1070.7289365436736,1136.7719600782148,1197.375680379555,1252.5599869283906,1302.4225709709135,1347.1243752300506,1386.8747260066448,1421.9168069929292,1452.5140129411302,1478.9375969436223,1501.4559073828423,1520.3254040091124,1535.7835488786513,1548.0435873683455,1557.2911667246954,1563.6826837677218
JPN,Male,CKD,glp1,6524.435180293633,0.0,329.1284929149442,0.0,5.127345753295231,16.072937572687806,34.38665024029251,58.24911294877529,84.35252058295373,110.31339339210899,134.922403925244,157.66055223041985,178.35190058976514,196.9958821151995,213.68933011764966,228.5845617631203,241.86177022763877,253.7085290640607,264.30446235825366,273.81057019238506,282.3628215021199,290.06942930242076,297.0110511280436,303.2430958859659,308.7993589769794,313.6963161710737,317.9375485775745,321.5179192679607,324.4272589381944,326.65343349804607,328.18475656959345,329.01177448686576,329.1284929149442
JPN,Male,CKD,combo,6524.435180293633,0.0,329.1284929149442,0.0,5.127345753295231,16.072937572687806,34.38665024029251,58.24911294877529,84.35252058295373,110.31339339210899,134.922403925244,157.66055223041985,178.35190058976514,196.9958821151995,213.68933011764966,228.5845617631203,241.86177022763877,253.7085290640607,264.30446235825366,273.81057019238506,282.3628215021199,290.06942930242076,297.0110511280436,303.2430958859659,308.7993589769794,313.6963161710737,317.9375485775745,321.5179192679607,324.4272589381944,326.65343349804607,328.18475656959345,329.01177448686576,329.1284929149442
JPN,Female,CKD,glp1,5252.0035838418735,0.0,266.23278571716946,0.0,4.276375915884273,13.269471972096653,28.162233632203424,47.39229417720344,68.28812196150466,89.0147218651291,108.69080537450282,126.9497059294954,143.65469635492263,158.77790429777815,172.35467297138894,184.46397769892428,195.21571501166545,204.73922271446645,213.1723187164098,220.65150667564376,227.30405340281504,233.2423209454828,238.56038703280137,243.3327262799612,247.61457134414377,251.44351283602373,254.8419039583605,257.81968576878353,260.37732119193606,262.50860523848314,264.20319502030543,265.44876983638824,266.23278571716946
JPN,Female,CKD,combo,5252.0035838418735,0.0,266.23278571716946,0.0,4.276375915884273,13.269471972096653,28.162233632203424,47.39229417720344,68.28812196150466,89.0147218651291,108.69080537450282,126.9497059294954,143.65469635492263,158.77790429777815,172.35467297138894,184.46397769892428,195.21571501166545,204.73922271446645,213.1723187164098,220.65150667564376,227.30405340281504,233.2423209454828,238.56038703280137,243.3327262799612,247.61457134414377,251.44351283602373,254.8419039583605,257.81968576878353,260.37732119193606,262.50860523848314,264.20319502030543,265.44876983638824,266.23278571716946
GBR,Male,CKD,glp1,2331.315942001289,0.0,132.10314734329768,0.0,1.2837851556996611,4.072811228817045,8.84126640780778,15.271288981274665,22.647230627137105,30.409312575588046,38.23220832707193,45.93362475023332,53.40589004122103,60.58281387566876,67.42422537621678,73.90760817632781,80.02259456075353,85.76691003293035,91.14334803038128,96.1576166393861,100.81692660428598,105.12916827415575,109.10251312317996,112.7452840518472,116.06596317322783,119.07323837228887,121.77602384851889,124.18342052564458,126.3046070962464,128.1486706005162,129.7243969304509,131.0400472711135,132.10314734329768
GBR,Male,CKD,combo,2331.315942001289,0.0,132.10314734329768,0.0,1.2837851556996611,4.072811228817045,8.84126640780778,15.271288981274665,22.647230627137105,30.409312575588046,38.23220832707193,45.93362475023332,53.40589004122103,60.58281387566876,67.42422537621678,73.90760817632781,80.02259456075353,85.76691003293035,91.14334803038128,96.1576166393861,100.81692660428598,105.12916827415575,109.10251312317996,112.7452840518472,116.06596317322783,119.07323837228887,121.77602384851889,124.18342052564458,126.3046070962464,128.1486706005162,129.7243969304509,131.0400472711135,132.10314734329768
GBR,Female,CKD,glp1,2688.105786099539,0.0,160.0540169428441,0.0,1.3011044862505514,4.114632779752355,8.926817131000462,15.465015748788574,23.08054804382573,31.26792074808418,39.72790740543496,48.278006025549075,56.79128417414722,65.17079119426398,73.34044005714532,81.24137029946087,88.82956379283041,96.0735281105708,102.95194734779034,109.45147536986588,115.56483439989097,121.2892958447992,126.62553913342344,131.57683110367907,136.1484441041648,140.34722887310272,144.18127037123486,147.65957398697174,150.79175054922234,153.58768780262108,156.0572113723356,158.2097489004882,160.0540169428441
GBR,Female,CKD,combo,2688.105786099539,0.0,160.0540169428441,0.0,1.3011044862505514,4.114632779752355,8.926817131000462,15.465015748788574,23.08054804382573,31.26792074808418,39.72790740543496,48.278006025549075,56.79128417414722,65.17079119426398,73.34044005714532,81.24137029946087,88.82956379283041,96.0735281105708,102.95194734779034,109.45147536986588,115.56483439989097,121.2892958447992,126.62553913342344,131.57683110367907,136.1484441041648,140.34722887310272,144.18127037123486,147.65957398697174,150.79175054922234,153.58768780262108,156.0572113723356,158.2097489004882,160.0540169428441
DEU,Male,CKD,glp1,6690.172435393855,0.0,354.94363871620226,0.0,4.406518817129836,13.699406742874999,29.14742821430991,49.393243429774884,71.97061962625594,95.13068950171873,117.99803204221098,140.18675167942274,161.52690455797347,181.93245830848173,201.34506687071917,219.71254398611927,236.98283101548805,253.10478880130177,268.03170246147783,281.7254128164932,294.1599748086228,305.3242857730329,315.22345776447764,323.87892269716394,331.3273982190367,337.6189269839524,342.81424523922396,346.98174803467555,350.1943059284022,352.52615884743136,354.05007289642526,354.83490061345583,354.94363871620226
DEU,Male,CKD,combo,6690.172435393855,0.0,354.94363871620226,0.0,4.406518817129836,13.699406742874999,29.14742821430991,49.393243429774884,71.97061962625594,95.13068950171873,117.99803204221098,140.18675167942274,161.52690455797347,181.93245830848173,201.34506687071917,219.71254398611927,236.98283101548805,253.10478880130177,268.03170246147783,281.7254128164932,294.1599748086228,305.3242857730329,315.22345776447764,323.87892269716394,331.3273982190367,337.6189269839524,342.81424523922396,346.98174803467555,350.1943059284022,352.52615884743136,354.05007289642526,354.83490061345583,354.94363871620226
DEU,Female,CKD,glp1,8521.580348693704,0.0,473.75515350299247,0.0,4.8739896648185095,15.240609902517463,32.64286824221199,55.784547783463495,82.09533141016072,109.68223658970237,137.53215578536765,165.134822132135,192.20963289696738,218.5730764575237,244.08122423433088,268.60640833910657,292.0292943976274,314.23802049213555,335.1304868340958,354.6177748508089,372.6275658506747,389.1069110029057,404.0240033028167,417.3688071304787,429.15254799810646,439.40616993694493,448.17793872356924,455.53041099434995,461.537006634564,466.27841895960955,469.83907851144977,472.30385613226827,473.75515350299247
DEU,Female,CKD,combo,8521.580348693704,0.0,473.75515350299247,0.0,4.8739896648185095,15.240609902517463,32.64286824221199,55.784547783463495,82.09533141016072,109.68223658970237,137.53215578536765,165.134822132135,192.20963289696738,218.5730764575237,244.08122423433088,268.60640833910657,292.0292943976274,314.23802049213555,335.1304868340958,354.6177748508089,372.6275658506747,389.1069110029057,404.0240033028167,417.3688071304787,429.15254799810646,439.40616993694493,448.17793872356924,455.53041099434995,461.537006634564,466.27841895960955,469.83907851144977,472.30385613226827,473.75515350299247
GLB,Male,CKD,glp1,292794.8065367816,0.0,17754.682053363416,0.0,151.48405757406726,477.22502788424026,1033.053212842904,1780.2322487265337,2633.6548407564405,3529.7815653196303,4435.216875278507,5333.907312913565,6217.664318299154,7081.687033271766,7922.727261587512,8738.370937358239,9526.74825635762,10286.397126961034,11016.177691001096,11715.203461749014,12382.779497092357,13018.346133870073,13621.42877021851,14191.594200657331,14728.413658320555,15231.432500466239,15700.146461898228,16133.984522271203,16532.29858345166,16894.36024677707,17219.364966071676,17506.443714441964,17754.682053363416
GLB,Male,CKD,combo,292794.8065367816,0.0,17754.682053363416,0.0,151.48405757406726,477.22502788424026,1033.053212842904,1780.2322487265337,2633.6548407564405,3529.7815653196303,4435.216875278507,5333.907312913565,6217.664318299154,7081.687033271766,7922.727261587512,8738.370937358239,9526.74825635762,10286.397126961034,11016.177691001096,11715.203461749014,12382.779497092357,13018.346133870073,13621.42877021851,14191.594200657331,14728.413658320555,15231.432500466239,15700.146461898228,16133.984522271203,16532.29858345166,16894.36024677707,17219.364966071676,17506.443714441964,17754.682053363416
GLB,Female,CKD,glp1,284443.2853212032,0.0,17615.326621426735,0.0,144.0587085179286,452.38715785974637,976.8806932742009,1680.8522119951667,2485.116505783517,3331.337657894357,4189.419247880112,5045.205094102188,5891.53402283031,6724.074520776165,7539.6699292941485,8335.740693155443,9110.086703407695,9860.824444685364,10586.359491033014,11285.361178024905,11956.731406739214,12599.568085366744,13213.125834014267,13796.776449197321,14349.970938076382,14872.204317308846,15362.983997648931,15821.802422944922,16248.114615215454,16641.32130317716,17000.758306184318,17325.692763388623,17615.326621426735
GLB,Female,CKD,combo,284443.2853212032,0.0,17615.326621426735,0.0,144.0587085179286,452.38715785974637,976.8806932742009,1680.8522119951667,2485.116505783517,3331.337657894357,4189.419247880112,5045.205094102188,5891.53402283031,6724.074520776165,7539.6699292941485,8335.740693155443,9110.086703407695,9860.824444685364,10586.359491033014,11285.361178024905,11956.731406739214,12599.568085366744,13213.125834014267,13796.776449197321,14349.970938076382,14872.204317308846,15362.983997648931,15821.802422944922,16248.114615215454,16641.32130317716,17000.758306184318,17325.692763388623,17615.326621426735
