iso3,sex,outcome,arm,averted_10yr,averted_yr1,averted_yr10,yr1,yr2,yr3,yr4,yr5,yr6,yr7,yr8,yr9,yr10,yr11,yr12,yr13,yr14,yr15,yr16,yr17,yr18,yr19,yr20,yr21,yr22,yr23,yr24,yr25,yr26,yr27,yr28,yr29,yr30
CHN,Male,IHD,glp1,514737.82334377104,1735.2758940814529,19219.49394867383,1735.2758940814529,7337.943242185051,12023.424307886045,15635.329045330407,17408.092666602693,17973.208861975232,18020.892547521507,17912.18626211537,17792.024144992232,17708.495676741237,17672.024630977307,17679.864505489822,17725.498416219372,17801.962296340847,17902.806342267664,18022.198541413993,18154.78066736739,18295.516238760436,18439.60882732109,18582.497801485937,18719.90941975778,18847.933273906354,18963.096937475726,19062.419342903886,19143.43232395337,19204.16785206017,19243.114722300787,19259.152461851714,19251.472143812338,19219.49394867383
CHN,Male,IHD,diet,34596.614117396064,0.0,2047.649923081044,0.0,20.367289738031104,49.290781976422295,91.18338775797747,150.3119410611689,229.31457205698825,327.763621035032,441.91766025614925,565.9643865197431,693.8397007507738,820.5541157277767,942.6817780323327,1058.2492251310032,1166.3724797097966,1266.8706036186777,1359.9529041405767,1446.0004680557176,1525.4305274330545,1598.6232607432175,1665.891284167301,1727.475739278365,1783.5569355473854,1834.2711001038551,1879.7277210503817,1920.0242566016968,1955.2566893298645,1985.525612263009,2010.938320943853,2031.6078312848695,2047.649923081044
CHN,Male,IHD,combo,548744.1411825162,1735.2758940814529,21236.582113479963,1735.2758940814529,7358.140670575434,12072.053855746752,15724.89502332476,17555.355443756096,18197.617604080122,18341.552296438487,18344.586126727983,18345.988529605558,18387.918129044585,18475.903541315813,18603.82324772631,18763.2026212106,18946.186564423377,19146.125508785248,19357.373980796663,19574.932846968062,19794.163957644254,20010.635978403734,20220.089413248235,20418.483121169265,20602.080602389527,20767.540651563788,20911.987483402016,21033.046571653103,21128.842200836632,21197.96014198521,21239.38365855394,21252.413403579267,21236.582113479963
CHN,Female,IHD,glp1,460262.09967246954,1491.2333679797594,18985.4563520581,1491.2333679797594,6225.298259329051,10091.463766335859,13030.817330371821,14440.953439576318,14875.563741920865,14915.712667244254,14858.337217163644,14818.575823479332,14831.52624420647,14901.79358954914,15023.710264118738,15189.009171368903,15389.510234325659,15617.872603271971,15867.628461040207,16132.99276294047,16408.651930427644,16689.608864983078,16971.103394628037,17248.59964679717,17517.82013581856,17774.80369969108,18015.966920660343,18238.153756109066,18438.6640329645,18615.25706208148,18766.131228765473,18889.883703262545,18985.4563520581
CHN,Female,IHD,diet,32743.67653498077,0.0,2054.9714033580385,0.0,16.877235899562947,41.279522028402425,77.00610168511048,127.75698176689912,195.92020579613745,281.3835534872487,381.3091558328597,491.1162298725685,605.9308911581757,721.6469219737919,835.328595893574,945.1467215934535,1050.1198233874748,1149.8337327456102,1244.2112504895777,1333.3467591505032,1417.3981625945307,1496.5229002824053,1570.8454481512308,1640.446024855366,1705.3625661432743,1765.6000237611588,1821.1426814347506,1871.9665237423033,1918.0497940103523,1959.3807613262907,1995.962398420088,2027.8141641400289,2054.9714033580385
CHN,Female,IHD,combo,492421.87467290636,1491.2333679797594,21007.573566829786,1491.2333679797594,6242.034740613657,10132.187805377529,13106.449687165325,14566.096833299147,15067.244569546776,15190.908819452627,15231.288240260212,15299.06072100869,15424.561903970316,15608.373687898624,15841.942296174704,16115.193054029136,16418.96694990329,16745.50058782613,17088.235701724887,17441.467414190178,17800.02707525366,18159.064296172,18513.93512671464,18860.17790998239,19193.54889562982,19510.088958677836,19806.196849904023,20078.690795681905,20324.847260144074,20542.41214725189,20729.584987192415,20884.980423050933,21007.573566829786
IND,Male,IHD,glp1,480806.85007415013,1446.5473887119442,18801.598594312556,1446.5473887119442,6133.51682603755,10073.984484250774,13226.912503634114,14923.565947854659,15632.391232271912,15893.552574009751,15995.89074740617,16060.042362402077,16130.696039123693,16222.367299990496,16338.16432521143,16476.965046441182,16636.06743593095,16812.139765044674,17001.55028054281,17200.479571545962,17404.96358073596,17610.920057205018,17814.17623114935,18010.50285562896,18195.655357562704,18365.421390343457,18515.673628720222,18642.426482972456,18741.895293623675,18810.556438256754,18845.206644631457,18843.019688597415,18801.598594312556
IND,Male,IHD,diet,187847.83179256634,0.0,10735.824868495343,0.0,120.83002396358643,297.2524312637979,552.9539159206906,909.443062320468,1377.2960720162373,1948.94534527394,2599.027503195335,3292.707669085008,3996.0162368026795,4682.499584175646,5335.010460857302,5944.441880793311,6507.433606576873,7024.207726211054,7496.930593624711,7928.613128784578,8322.432511046296,8681.346471501049,9007.89744106424,9304.13444297947,9571.605393257923,9811.389958788874,10024.154640172608,10210.219017288415,10369.626543396385,10502.215916963993,10607.690583145944,10685.684763600584,10735.824868495343
IND,Male,IHD,combo,665462.3795286895,1446.5473887119442,29387.40957765933,1446.5473887119442,6253.339138571289,10367.225892885355,13769.964191120234,15814.3061390738,16979.671340662404,17799.26208763069,18537.39420880843,19280.798306100187,20040.99336458533,20806.58190703811,21563.79683563509,22302.472866623197,23016.479429688305,23702.57018870022,24359.11858285591,24985.156996103935,25579.755443627248,26141.66826091055,26669.167116720928,27159.99554507993,27611.399732007878,28020.20577676641,28382.924367783125,28695.870714620687,28955.2917910486,29157.495392998215,29298.976866788464,29376.54007788375,29387.40957765933
IND,Female,IHD,glp1,375706.89284058986,932.0464729145169,15106.979518135078,932.0464729145169,4095.402445602347,6877.800819633761,9225.316061198479,10609.606715307222,11308.521177589544,11683.959061480942,11935.321978488355,12146.667247873149,12348.988114805194,12552.231358499965,12758.601476428681,12967.627726863837,13177.97610186087,13388.041454621009,13596.105307095684,13800.353045215015,13998.856738610426,14189.559826095589,14370.274360017618,14538.692498333636,14692.410953630344,14828.966239947244,14945.87837557448,15040.700706054457,15111.073552635964,15154.77943692985,15169.797693225788,15154.35637592082,15106.979518135078
IND,Female,IHD,diet,163036.1369476004,0.0,9394.875819085632,0.0,113.28355149994604,274.7434391003335,505.7165555092506,824.7377066350309,1239.9193063476123,1742.9317156985635,2309.9786935196025,2909.7736616745824,3512.851308884099,4097.1668172974605,4649.226376844104,5162.595313151367,5635.664647481521,6069.672650982393,6467.274835277232,6831.625141434488,7165.8361623405945,7472.690881759045,7754.510520666488,8013.114729088265,8249.834150241455,8465.551337338518,8660.756042929832,8835.606946625747,8989.995391120203,9123.608644080115,9235.991229329025,9326.603371657897,9394.875819085632
IND,Female,IHD,combo,536071.4796944258,932.0464729145169,24374.227921009064,932.0464729145169,4207.74122256774,7148.862183773657,9722.085433603032,11417.668497706647,12521.985148335458,13389.176554312115,14195.598519446678,14994.818311906885,15789.015003841138,16566.49578532204,17316.139900854905,18031.039209236624,18708.14868340525,19346.955838861293,19948.2442698254,20513.21172892698,21042.922139651724,21538.004590221797,21998.517528178287,22423.917886396754,22813.094908012194,23164.443042946863,23475.957865389064,23745.34485878027,23970.134379433002,24147.798064548057,24275.86302106222,24352.02072395617,24374.227921009064
BRA,Male,IHD,glp1,60634.4454384929,150.61284451214306,2378.876762814616,150.61284451214306,649.1714027206763,1094.6719299711694,1473.7049807612493,1705.5204260045575,1831.1085018091253,1904.248872424374,1954.9201599983935,1996.1904687899223,2033.2672710766637,2068.1475619997364,2101.56986228624,2133.7795428390527,2164.821055416338,2194.6482663055504,2223.1660127469368,2250.2459952840873,2275.7333198141714,2299.4498680242395,2321.1968629107287,2340.7575569263427,2357.9004118624434,2372.3829043834994,2383.95597420758,2392.3690599672846,2397.375615904486,2398.738963158423,2396.238300704921,2389.674682867946,2378.876762814616
BRA,Male,IHD,diet,326.2884045284154,0.0,19.469273074006196,0.0,0.17159082577563822,0.4301538131549023,0.8116730211040704,1.350488331503584,2.0668827834451804,2.9562333446519915,3.9880616735317744,5.116122380059096,6.292023695452372,7.474752647933201,8.634130175909377,9.750170920044184,10.810818760131951,11.809555046944297,12.743461326812394,13.611828423541738,14.415221609000582,15.154877181223128,15.832324006012641,16.44915258156834,17.00687950477004,17.50687373409164,17.950323474622564,18.338230417663,18.67142290706397,18.950582460995065,19.176279707433423,19.34901669996907,19.469273074006196
BRA,Male,IHD,combo,60954.356391536276,150.61284451214306,2398.0143878307135,150.61284451214306,649.3415624945337,1095.0962335730292,1474.5018990823446,1706.8424964655424,1833.128883088386,1907.1367568708083,1958.8153178404318,2001.1877299826447,2039.4143305998732,2075.4520965287957,2110.0100387358543,2143.313924674527,2175.396318999934,2206.2045979148097,2235.640624639098,2263.575289896893,2289.854144340119,2314.300180948834,2336.716030964337,2356.8864258123795,2374.581243566092,2389.559241261042,2401.5724695047247,2410.3713015393005,2415.709961728833,2417.3524018194585,2415.078346199036,2408.6893101217574,2398.0143878307135
BRA,Female,IHD,glp1,52389.83904199825,106.36630377881374,2296.4095532498905,106.36630377881374,464.8638955820061,794.3795349261345,1085.4538914159057,1275.8546928909054,1391.4641219460755,1469.6240779059299,1531.5667012290942,1586.5847962091502,1638.3322449391271,1688.1482959139248,1736.474925807328,1783.418390006511,1828.9643805222295,1873.0581230640528,1915.6325650598592,1956.6166939357208,1995.936254781438,2033.5116192021233,2069.2547356627183,2103.0660389110417,2134.831793598729,2164.4221741096117,2191.690284719676,2216.4722482701327,2238.5884216222476,2257.845729582157,2274.041047221952,2286.9655059337674,2296.4095532498905
BRA,Female,IHD,diet,287.1320522335591,0.0,18.237219139409717,0.0,0.14164980305940844,0.35312696899927687,0.6648913226526929,1.1062633897236083,1.6952971411519684,2.4297442832321394,3.2860708705702564,4.227614550691214,5.215746063724509,6.217696547319065,7.209382331042434,8.174859528211528,9.10446160362335,9.992857726450893,10.837503416652908,11.63754746329505,12.393110889097443,13.104829098869232,13.7735668062669,14.40024171276309,14.985715325921774,15.530725404343684,16.035845117497956,16.501460573461372,16.927762203034945,17.314747569849715,17.662234176968923,17.969881205674028,18.237219139409717
BRA,Female,IHD,combo,52671.31553004706,106.36630377881374,2314.3248521419882,106.36630377881374,465.00436403858475,794.7278666834027,1086.1067270122585,1276.9377577989362,1393.1214409657987,1471.9979263076239,1534.7766449441988,1590.714768314996,1643.428541716814,1694.225227249568,1743.5232411909528,1791.4131920477084,1837.8712373506423,1882.837297333157,1926.2417378625832,1968.0126255831274,2008.0757433791441,2046.352012604635,2082.754164732367,2117.183477868297,2149.527012830047,2179.655626003194,2207.4229486028926,2232.6654524078476,2255.2036558549735,2274.8444598300557,2291.3845417015837,2304.614681910869,2314.3248521419882
CAN,Male,IHD,glp1,13652.016438059367,42.9492855209719,472.99392507381344,42.9492855209719,180.39654514580616,298.05190376771134,392.94947377359495,445.8264036765795,470.12843636424077,481.12933739583605,486.85403213795144,490.57282258621126,493.4571454667639,495.8755094479857,497.9149212076409,499.57467202517,500.83441364899045,501.67634287207693,502.0913746344777,502.0800409527001,501.65176074532064,500.82360023613364,499.61881143948995,498.0652094167526,496.1934207878039,494.03505850516376,491.6209012916697,488.9791670435625,486.13396739654127,483.1040188443767,479.90166806309935,476.53226859093047,472.99392507381344
CAN,Male,IHD,diet,2893.909650512531,0.0,173.3582448986781,0.0,1.4173501495351957,3.5936261963215657,6.862485056437436,11.551819877848175,17.866331191307836,25.779557961664977,35.017672567249974,45.15166029587999,55.728039152327256,66.36220413076808,76.77259319068253,86.77422211003432,96.25625395928,105.15878725684888,113.45468477390386,121.13716278799984,128.21197698353717,134.6927359712281,140.59813363927606,145.95025959885243,150.77346208718154,155.0934653326367,158.93659288626804,162.32903938129675,165.2961838993906,167.86196270817163,170.04832757456097,171.87481489336278,173.3582448986781
CAN,Male,IHD,combo,16486.61533692509,42.9492855209719,643.0940462455874,42.9492855209719,181.8020747237715,301.59660032055035,399.6869091575536,457.13442173117437,487.59173339768313,506.311650626536,521.0546025891854,534.6735288875097,547.897600219254,560.7195532633668,572.9507492374287,584.4088913632149,594.9643740361971,604.5399061144562,613.098990512779,620.6347212545552,627.1614230380328,632.7088288062587,637.3179078092035,641.0375860225031,643.9218785165285,646.0271973991657,647.4097681244893,648.1231867586866,648.2161984119484,647.7307894577061,646.7006768490683,645.1502565297233,643.0940462455874
CAN,Female,IHD,glp1,8800.847478339765,30.80718579585664,321.50462862425775,30.80718579585664,124.27486139242683,198.21944939095556,254.52456943362267,282.96141870515567,294.03249563363715,298.0618335738145,300.0555256241132,301.82343099913123,303.8539055213878,306.1752855022205,308.6840155628379,311.2574450445936,313.78782553610654,316.18943346578453,318.39748820150635,320.3652028543256,322.0608826108146,323.4654749586989,324.57051749940365,325.3763370083834,325.8903774579958,326.12558499316947,326.098824023411,325.8293323259859,325.3372438975457,324.6422183545146,323.762217605763,322.712466742345,321.50462862425775
CAN,Female,IHD,diet,2025.5147177876497,0.0,124.45245929286102,0.0,1.043945590758085,2.553857969061937,4.7703519679671444,7.9241647054077475,12.162660992460587,17.479573733955476,23.703903664099926,30.560261271552008,37.75489856693093,45.037151985121454,52.22188840152012,59.18531468369838,65.85046280147071,72.17230079324509,78.12622244916201,83.70033262588913,88.89073489198199,93.69884373094101,98.12991905021045,102.19226175155563,105.89671494105642,109.25626553815528,112.28564194704813,115.00086727492817,117.41876545576451,119.55643808911918,121.4307389061978,123.05777471552938,124.45245929286102
CAN,Female,IHD,combo,10784.076169226577,30.80718579585664,443.5178624393666,30.80718579585664,125.31010057173626,200.7386248872208,259.2082970555275,290.71895047509315,305.9216995300885,315.1375527967648,323.2073938317517,331.6731090823487,340.73652950192627,350.181058607006,359.7218853169761,369.11484464033856,378.1763561012667,386.77607531438844,394.82460442609954,402.26301945721934,409.05536564322756,415.1835772919403,420.64398815995446,425.44473952748376,429.60361698141423,433.14604325850087,436.1030989978681,438.50953929918614,440.40183190039534,441.8162729452124,442.787247243592,443.3456981468262,443.5178624393666
TUR,Male,IHD,glp1,41701.149867192275,101.67022063066543,1679.6798793199705,101.67022063066543,444.31681201384345,750.3602169009828,1009.7652361596847,1165.8950032392313,1248.6261673572153,1296.3391671266581,1329.8950090998696,1357.9465484237153,1383.6465980000503,1408.0433540700906,1431.4640805280505,1454.0224882267794,1475.7840836356045,1496.806587079016,1517.1389028223784,1536.8095766144397,1555.8155518673884,1574.1144623618457,1591.6209324348165,1608.2064208538213,1623.7019022254972,1637.9026908275264,1650.5748052589624,1661.4623808357283,1670.2957337957632,1676.7997579315997,1680.7023890429846,1681.7429085080948,1679.6798793199705
TUR,Male,IHD,diet,13655.04516117536,0.0,825.5995926246251,0.0,8.53757060085627,20.567794514412526,37.678377335570985,61.35268748557428,92.3731066230248,130.37205460901896,173.86291960389644,220.75870350676996,269.00110420328565,316.9563326109783,363.51912861510937,408.0409784470394,450.20290228658996,489.8972361311753,527.1385619079228,562.0032327383669,594.5908233416121,625.0007589783199,653.3189647158579,679.6109927827347,703.9193089380133,726.2632483564375,746.6406869186612,765.0308113606734,781.3975820740598,795.6936121607287,807.8642653453571,817.8518223586871,825.5995926246251
TUR,Male,IHD,combo,55126.074472646345,101.67022063066543,2493.649891783498,101.67022063066543,452.78318005098845,770.6528324311075,1046.778396645619,1226.0099104882102,1339.0324927277397,1423.893878601113,1500.0154541186057,1574.0152198941068,1647.033108395306,1718.5152845952252,1787.7014520332596,1854.0636074401264,1917.3480186378438,1977.5005867617147,2034.578932194534,2088.681731528428,2139.899685976532,2188.2848189690994,2233.8335637316923,2276.479732599939,2316.0944046724762,2352.490585255844,2385.4311043375783,2414.638658047392,2439.8071988366137,2460.6140830950026,2476.732516767035,2487.8439213990496,2493.649891783498
TUR,Female,IHD,glp1,31605.16949659415,77.69762076895859,1395.976937553627,77.69762076895859,334.1736494280267,555.163593854486,737.7202344650432,842.9239506801605,895.5056906279497,924.9050483101091,946.6525033560902,966.8745280411968,987.5171807355509,1008.9624506614709,1031.0938406615605,1053.6883399355283,1076.5441346557345,1099.5102003974607,1122.4818950755725,1145.3866411462077,1168.1684848683362,1190.7745508059452,1213.1442579795112,1235.2013734140346,1256.8486978445726,1277.9650886189047,1298.4045077376504,1317.996793625658,1336.5498756628658,1353.8531726564252,1369.6819363295654,1383.8023166959465,1395.976937553627
TUR,Female,IHD,diet,11579.082097874707,0.0,734.7371967240761,0.0,6.987053215249034,16.844752229982987,30.91927611074061,50.4434372383912,76.0704162408656,107.49310738647182,143.46418211512355,182.23439229410724,222.0902860809074,261.6934813179687,300.1667649196461,337.02644976982265,372.0671721643157,405.2567333007173,436.6587326817389,466.38171593913285,494.54799235648534,521.2754422389407,546.6673804029997,570.8072569788928,593.7562396272697,615.5525423417566,636.2118623215792,655.7285709696735,674.0774605758925,691.2159284909285,707.086518449054,721.6197533919767,734.7371967240761
TUR,Female,IHD,combo,42986.61072036966,77.69762076895859,2119.7668088499922,77.69762076895859,341.10243125380657,571.7825648392682,768.0921051918922,892.3462417908668,969.9505876236726,1030.0674855129037,1087.0205430330097,1145.2314174447383,1204.9705619555607,1265.3068778935412,1325.2593776189024,1384.1246596290002,1441.4930540655187,1497.1759330394125,1551.1258252622356,1603.3723388010258,1653.9761003035092,1702.9972617180756,1750.474648049014,1796.4124872311513,1840.7726079547137,1883.4707005394157,1924.375702884805,1963.31166227012,2000.0615964744793,2034.3729785919131,2065.964527055883,2094.5340127222735,2119.7668088499922
ZAF,Male,IHD,glp1,7746.651272337538,26.19715094201092,298.3148020894587,26.19715094201092,109.14602713112254,178.56425708600545,232.7845788695795,260.69087880878214,270.9915234199325,273.2864968285903,272.6570150271291,271.23663443842815,269.83897752460325,268.7517441508462,268.06112490536907,267.7775804229095,267.8841629319977,268.3551280878746,269.16295374370384,270.2806319129231,271.6819141780288,273.3406341395312,275.22963882586555,277.31962129752355,279.5780358447264,281.96821485262626,284.44876395623214,286.97327935946305,289.4904044551149,291.94422070821383,294.27494949716856,296.4199269017772,298.3148020894587
ZAF,Male,IHD,diet,669.4528153718984,0.0,43.705405214237544,0.0,0.30620664597518044,0.7667744942154968,1.4552681211880554,2.4448628926656966,3.7839694177855563,5.472749657714303,7.4581971910374705,9.652399667160353,11.960086329556361,14.29928017567363,16.60972471266723,18.852418504720845,21.00526869478199,23.058135584455158,25.008654071618366,26.85913328555762,28.614398866346164,30.280338137006765,31.862932624921086,33.36761882628343,34.79887072404381,36.159936871397804,37.45269112110327,38.6775722927523,39.83359731492237,40.918437120959425,41.92854658231954,42.85934022883157,43.705405214237544
ZAF,Male,IHD,combo,8402.417943592556,26.19715094201092,341.1933926508682,26.19715094201092,109.44968004147086,179.3205956567599,234.21333411113483,263.084119023677,274.69002357744284,278.6322087199442,279.9407806975123,280.663855200597,281.5222184984759,282.7235317262257,284.29501810087095,286.2088412141311,288.4262295265762,290.9112837477369,293.6339369355883,296.56923055512016,299.695457496382,302.99206406529265,306.43763417994705,310.00809381132785,313.67521382267296,317.4054651414335,321.1592632328757,324.89062182968337,328.547218103402,332.07085387993357,335.3982811616552,338.46234594180714,341.1933926508682
ZAF,Female,IHD,glp1,6971.390641319218,21.31647022965626,278.8308706797943,21.31647022965626,88.57200575748902,145.37978715129793,190.5307444551563,215.06893703685273,225.7942850918189,230.23089365718806,232.3426878466944,233.7770855606086,235.14875844044036,236.66358672242131,238.37239478012452,240.2687667373848,242.32650653231758,244.5142550351884,246.80137396829923,249.16033128411982,251.56753763445886,254.0033850154632,256.4518077382163,258.8995335721538,261.33513937228963,263.74800512900583,266.1272496306774,268.46072167746934,270.7341105182404,272.93022742012727,275.0284972715199,277.00468537274355,278.8308706797943
ZAF,Female,IHD,diet,468.6675807654792,0.0,31.734073866591643,0.0,0.21309837487024197,0.5242548634014383,0.9825672230363125,1.63655047940847,2.519096900079603,3.6328877142368583,4.947265816017534,6.40937622898673,7.9609904378557985,9.551133487024345,11.141313328342221,12.705400638849824,14.22718738617732,15.697583850873343,17.112275256424255,18.47000985352679,19.77143025666919,21.01829857658231,22.21298150005714,23.35809683707521,24.45625665190346,25.509867983906588,26.52097018056702,27.491099508735715,28.421178653105017,29.311432353802957,30.161331844756205,30.969570712615678,31.734073866591643
ZAF,Female,IHD,combo,7429.641975408425,21.31647022965626,309.88978859687995,21.31647022965626,88.78332691125979,145.89688130773538,191.49528225517497,216.67054328069935,228.25558832343813,233.77772558404467,237.17129789083447,240.03233789194383,242.91878990072473,245.98680751472784,249.24961255471135,252.6752142144287,256.2215044659206,259.84815295225417,263.5202125963897,267.20883930556556,270.89099046379124,274.54870836093505,278.1681787175985,281.73863643672667,285.25116979322047,288.6974790606091,292.06865234998077,295.3540235216624,298.54017353175914,301.61012837069575,304.5427951236834,307.3126639013735,309.88978859687995
MEX,Male,IHD,glp1,43598.15844035825,121.17420902273443,1785.7139918026514,121.17420902273443,503.0335298728023,821.3523457685224,1077.6941032508475,1221.5194613291387,1290.9574449358624,1328.1274520638544,1354.7759216778213,1379.4303562562854,1404.8123175330547,1431.445447158083,1459.1100683511468,1487.385029929821,1515.8361694685736,1544.0734786165121,1571.761386793034,1598.6136034582305,1624.383991408322,1648.8574881006207,1671.8423342065216,1693.1638685811195,1712.659805847492,1730.1768148677656,1745.5682084715809,1758.6925774954725,1769.4132317362964,1777.5983368517045,1783.1216553391569,1785.8638101632241,1785.7139918026514
MEX,Male,IHD,diet,11565.881867940741,0.0,721.2981233403552,0.0,5.364655579789542,13.624571556720184,26.064166974188993,43.94733365805587,68.07395475958765,98.36806918631191,133.81271904344612,172.79860633984208,213.62275357394537,254.84679851980763,295.429304286532,334.7011480968649,372.2778150430822,407.96715179922467,441.6956959332456,473.45715157363156,503.2791789651237,531.2032598036603,557.2731765222416,581.5288749748433,604.0035583654098,624.7226522684505,643.7038154787442,660.9575153868645,676.4879001703666,690.2938284375123,702.3699908224808,712.7080974804121,721.2981233403552
MEX,Male,IHD,combo,54953.96667816516,121.17420902273443,2495.863594657698,121.17420902273443,508.3534447121201,834.7921441850631,1103.2871117558534,1264.5505716017506,1357.5210706329235,1424.2644883774046,1485.547317025208,1548.3332122389256,1613.68375544218,1680.7172062077298,1748.1934985050902,1815.0332527007122,1880.4215220981714,1943.7754666405817,2004.6830014361767,2062.847440882353,2118.045949465988,2170.1007568663626,2218.8600726281147,2264.1858222130977,2305.946026694117,2344.0103185672488,2378.2475980557356,2408.5251918597787,2434.709114258949,2456.665182435434,2474.2608294440433,2487.3675075536157,2495.863594657698
MEX,Female,IHD,glp1,35128.1789554468,100.7402886500713,1622.6840713411657,100.7402886500713,403.90559907705756,639.4327003468279,821.262866175377,916.2659924226464,957.9906615485015,979.725294329306,997.6153373121342,1017.3879571641082,1040.4261970620137,1066.5935985137621,1095.3229957423318,1125.995563695018,1158.0559541553812,1191.0351632154925,1224.5439513893216,1258.2588829572487,1291.9082232433284,1325.2596971826715,1358.1103640607034,1390.2783553068439,1421.5961387079878,1451.9050219010242,1481.0506887509982,1508.8796396613034,1535.236469560361,1559.9619617277785,1582.8920011845476,1603.8573190614843,1622.6840713411657
MEX,Female,IHD,diet,9889.799475876389,0.0,656.069781319602,0.0,4.507686035372899,11.35592051063577,21.625378218639526,36.377567226409155,56.26997176033183,81.20649771858007,110.29857462494692,142.1879345234629,175.48694081154827,209.07760562394105,242.2028460947913,274.4223222469882,305.5214780361275,335.425420034313,364.1352590993338,391.6870774331328,418.12797210323333,443.50330898570246,467.8506899927452,491.19763573461387,513.561148881723,534.9481103714497,555.3559545282624,574.7733640346705,593.1808942941134,610.5515281435219,626.8512068736745,642.0394006145216,656.069781319602
MEX,Female,IHD,combo,44844.21129550736,100.7402886500713,2268.6058850700792,100.7402886500713,408.375691420144,650.6355398282612,842.5015325152708,951.8971637412324,1013.0386460305017,1059.1386194267689,1105.4852240165928,1156.4837996341812,1212.1622243625025,1271.288921479514,1332.5523118158453,1394.8980141885695,1457.5559580781555,1519.9795165613614,1581.776838581296,1642.6567453778116,1702.3911058839149,1760.790017675623,1817.6856788697332,1872.9217759184685,1926.3462568222021,1977.8061744779552,2027.1438477444608,2074.1939539964224,2118.7813953793084,2160.7199157172727,2199.811515420166,2235.8467368236743,2268.6058850700792
AUS,Male,IHD,glp1,9167.403561972618,21.47497987326824,365.37645883309233,21.47497987326824,93.59867101360032,158.3725635513929,214.129540924685,249.06979940537713,269.0817666285511,281.842654691387,291.5051949843328,299.76596494545447,307.2228615890963,314.061831446812,320.3353424867346,326.06308964107666,331.2638204071627,335.9625336024328,340.1898709197085,343.9796998335987,347.3667917776147,350.3850309111658,353.06611895863534,355.43863573159615,357.5273292082129,359.35255266202876,360.92980795947005,362.2693849946336,363.37610660314385,364.2491979918814,364.882301996804,365.2636583996682,365.37645883309233
AUS,Male,IHD,diet,2267.451883601647,0.0,134.68939340771612,0.0,1.3710874151165626,3.344811435745214,6.233509569099624,10.31764267996914,15.746017371860944,22.44646985132931,30.125705940030457,38.36894309362833,46.767539754782774,55.002261104105855,62.865919080984895,70.2477165117125,77.10506797143171,83.43752952077557,89.26763857046899,94.62852773573104,99.55661523756498,104.08763216612351,108.25466461962787,112.08733044299515,115.61154939052358,118.84959418975268,121.82025356831218,124.53902423809268,127.01829814312441,129.26753814829863,131.29344874033268,133.10015370240944,134.68939340771612
AUS,Male,IHD,combo,11391.981363425699,21.47497987326824,497.7708519990665,21.47497987326824,94.95832368414995,161.6722481302386,220.25122696944163,259.17443787296725,284.4825735162576,303.78696026155194,320.95633690959585,337.28308823314364,352.9657278968516,367.8773418740202,381.8665922432774,394.84346926567014,406.7837969361317,417.7110524228483,427.6770509640046,436.7474005812401,444.9919980926643,452.47931598022114,459.2731598543396,465.4308974934538,471.0025039507782,476.03003352459564,480.54731124223326,484.5797515261438,488.1442795474577,491.2493669959222,493.89520958753565,496.0740759966284,497.7708519990665
AUS,Female,IHD,glp1,5388.410327711079,15.179421484135673,229.79828849039404,15.179421484135673,61.58725257660262,97.97574193631044,127.02809290000187,143.27698363234776,151.52069788860717,156.62590632894535,160.90965818275617,165.15293272965027,169.51798328358564,173.96778108923354,178.4216886826507,182.80528985947603,187.0623024970664,191.15426698687588,195.0571049859809,198.75751573656635,202.2500048181846,205.5346168898359,208.61523879144806,211.49831134629858,214.19181429968376,216.70442603557785,219.04479410341082,221.22088050841012,223.2393669056055,225.10511996282366,226.82072704037455,228.38611773823868,229.79828849039404
AUS,Female,IHD,diet,1549.634238388926,0.0,92.89469713998187,0.0,1.138383544574026,2.6057826211836073,4.655975098521594,7.4927497516018775,11.21618873528314,15.770387080314322,20.95094563730163,26.478262401409665,32.08502283194139,37.569175325888864,42.80459204286308,47.727234321875585,52.31495497688775,56.570241811394226,60.508313524975165,64.14989014990351,67.51720854257655,70.63202782980443,73.51475113818378,76.1841217791407,78.65718236578869,80.94932915326535,83.07437835357814,85.04460876515805,86.87077098456575,88.56206706432386,90.12611114105312,91.56888427558624,92.89469713998187
AUS,Female,IHD,combo,6909.021155589868,15.179421484135673,321.0817426780668,15.179421484135673,62.71614210576445,100.54668834674885,131.6016889258044,150.61768421801207,162.49583002096733,172.05116782514597,181.40243995851597,191.0577736592095,200.9177950329704,210.74713112237077,220.34080206900944,229.56075707090713,238.32816906166045,246.60629576052088,254.38539447705625,261.6720237442405,268.4821457084727,274.8368812576191,280.7599323886061,286.27598031289926,291.40961819398217,296.18455508543593,300.6229447435762,304.7447676489446,308.56724130740986,312.1042624861584,315.36590156366947,318.35797733198706,321.0817426780668
NZL,Male,IHD,glp1,2601.4101750431983,5.72741477565296,101.26430230014739,5.72741477565296,25.812332347768915,44.65785277125724,61.222380259788224,71.827245497072,77.95777422529864,81.79116980131039,84.56693795427782,86.82790975543594,88.79072272404574,90.5408072315413,92.11440533739278,93.530111291102,94.80032407505405,95.93516862204979,96.94374087614688,97.83446565807026,98.61518559866545,99.29317098957472,99.87509486109411,100.36697633274707,100.77409007905771,101.10084512294907,101.35064293635605,101.52572993963622,101.62706215478465,101.6542000099771,101.60524945223642,101.47686206270737,101.26430230014739
NZL,Male,IHD,diet,578.4407054897733,0.0,32.729270040010306,0.0,0.42411469196395046,1.0138288601287968,1.8488974197844072,2.9993793214989637,4.4966802882681804,6.3116334430187635,8.35819375853589,10.522553363661245,12.697109365744836,14.800925472836752,16.783899616708368,18.621368015708867,20.30604114084963,21.840930640367333,23.234327254974232,24.496661117522308,25.638726658570704,26.67078010896421,27.602146628328228,28.44109990722791,29.194871343423983,29.869708897450437,30.470945166432102,31.003057687073124,31.46971769809079,31.87383040497116,32.217572665480475,32.50243451217739,32.729270040010306
NZL,Male,IHD,combo,3169.8027049962693,5.72741477565296,133.50688363535573,5.72741477565296,26.23290996170772,45.65805585417729,63.038374608681806,74.76548146640744,82.35759532301017,87.96479012679174,92.74315762223614,97.12449406813812,101.22011271593601,105.03596272372761,108.55885059436787,111.78280230336077,114.7126870890852,117.36124457405094,119.745419976849,121.88364261245442,123.79416671328272,125.49418697193505,126.9994196471198,128.3239206491935,129.47999843957678,130.47814637553347,131.32696445679267,132.03306856875588,132.60100100405452,133.03316304356485,133.32979143086777,133.48899766360137,133.50688363535573
NZL,Female,IHD,glp1,1678.559929287369,4.011762895715492,70.15911412598143,4.011762895715492,17.497325824615018,29.18221106491046,38.87729595716655,44.60537170501402,47.661272380799346,49.54042945602805,51.0132915621989,52.37550173682666,53.717381738528275,55.05450834760677,56.379070953463724,57.67805124523875,58.93898342476223,60.151408238849854,61.30698503427948,62.399275366268284,63.423504524301734,64.37636532299939,65.25585540393467,66.0611248249661,66.79231470156628,67.45037598642875,68.03686549676468,68.5537227210043,69.00303554351922,69.3868059141846,69.70672782835027,69.96398996109565,70.15911412598143
NZL,Female,IHD,diet,427.1672133519223,0.0,24.95770796701072,0.0,0.32269074085934335,0.7481094538129582,1.339104934327679,2.1497741318657972,3.206360486428366,4.491669889374407,5.947279029746369,7.494158152791897,9.057090828398941,10.579455767497166,12.02622301658721,13.380046025534739,14.635478267001872,15.793963747611087,16.8603444785781,17.840737519648428,18.741390343956937,19.56815046034626,20.326283829668228,21.020470062304867,21.65487139211109,22.23321815231111,22.758882013447874,23.23492532761975,23.664124760841332,24.04897275582516,24.391662980397086,24.694066836017555,24.95770796701072
NZL,Female,IHD,combo,2098.0587268036847,4.011762895715492,94.71406214439776,4.011762895715492,17.817325353992146,29.920305112595088,40.192697644977216,46.71157473043877,50.79894608034829,53.93434275726986,56.83154291754818,59.709058148750046,62.5835711375953,65.41504809229036,68.16111354802206,70.79147657760132,73.28807407047907,75.64163995966055,77.84840088346436,79.90777587474349,81.82100895127451,83.59044549008695,85.21918497796833,86.71091880067343,88.0698328347612,89.30050753517071,90.4077841491553,91.39658887566384,92.27172108920058,93.03761994689921,93.6981276517422,94.25626857119914,94.71406214439776
ROU,Male,IHD,glp1,11288.358863475249,45.33007638890922,329.8439451795457,45.33007638890922,194.0468078507729,315.40337195410757,410.2515936595446,456.59914093486077,470.6136405927391,469.92543547531386,463.5118954422942,454.980781152688,445.72162633756307,436.342088947662,427.18680751237844,418.4945263712507,410.43376844555314,403.1064101268821,396.5485406888838,390.7359650178623,385.5943130011037,381.0117562955202,376.85228393241414,372.9680166303515,369.2096471781588,365.4346071929176,361.51293362825163,357.33104684232967,352.7937795279977,347.8250405955805,342.367486787949,336.3815297838628,329.8439451795457
ROU,Male,IHD,diet,2795.4076274619583,0.0,135.74298645931776,0.0,3.0424674068672175,6.991278944919031,12.411018791237439,19.65671817663315,28.781070728651684,39.43751277158299,50.960686306643765,62.5924003209293,73.6986379622249,83.8708886095992,92.91895514670614,100.81267004033725,107.6178394269009,113.44596894586721,118.42102626155975,122.66017321912295,126.26425201706661,129.31447717099218,131.87277989094582,133.9840959835892,135.6795026246109,136.9795309062829,137.8972641110122,138.44101957683233,138.61653472027683,138.42865512886783,137.88256806483696,136.98464774754393,135.74298645931776
ROU,Male,IHD,combo,14044.735908505718,45.33007638890922,464.1985427155487,45.33007638890922,197.06390135568654,322.3035477125777,422.45256556956156,475.8815142081403,498.8247511154368,508.5814763129092,513.4806044231736,516.3869275121469,518.0660934295956,518.7214375538133,518.5069289813619,517.6279576375746,516.314604115676,514.7760119854902,513.1685626219405,511.5823066002922,510.0415486229649,508.5141447234746,506.92497593366716,505.1704063354591,503.13173621038004,500.6865840591745,497.71778091509987,494.1197834185077,489.80286095005795,484.6954340451957,478.74497585955396,471.91786719234733,464.1985427155487
ROU,Female,IHD,glp1,9403.275331434947,46.62220121611608,297.55166081674906,46.62220121611608,187.670279598271,285.8138894818985,353.50717461970635,377.17504606297007,377.1036256163934,369.895062490712,362.14565928316733,355.4647342519056,349.83862959354883,344.92950617618044,340.4579672437758,336.27002834963787,332.3132167140211,328.59620043995164,325.1539600393771,322.02326452590205,319.2278313361312,316.77110981498845,314.6344931994936,312.7790480913318,311.1492456304768,309.6775718209756,308.2892420335156,306.9065308220779,305.4524501357264,303.8536709833206,302.0426934887546,299.95933755786973,297.55166081674906
ROU,Female,IHD,diet,2820.366719005353,0.0,136.80957693984237,0.0,3.575078611382196,7.931110006549716,13.870423565793317,21.734506436110678,31.514243938887375,42.75773365546047,54.700190117029706,66.53339478275666,77.62839089355111,87.61243178035147,96.3355835156035,103.79966744001285,110.09347771733519,115.34704699178474,119.70316312600335,123.30094071088752,126.26699245793134,128.71121316555946,130.72534668080698,132.3832384516718,133.74209986927235,134.84435007347565,135.719740811699,136.3875588019946,136.8587627517809,137.13796023846226,137.22516780859587,137.11732766476052,136.80957693984237
ROU,Female,IHD,combo,12186.89705249183,46.62220121611608,432.9283444189714,46.62220121611608,191.21554237861346,293.6441794567254,367.1513044304702,398.5155509284814,408.03048794927236,411.8629158245312,415.860911892014,420.8390844673195,426.16262959214873,431.12312936030867,435.2894613697681,438.5055605724774,440.8031094298967,442.31626737209444,443.21878897029455,443.6832434862408,443.8573688541219,443.8525826253208,443.74066768414923,443.55564913636044,443.29868682133747,442.9444340840455,442.44779695194666,441.7504003871254,440.7863514322635,439.4870982240027,437.78533142377637,435.6179717516352,432.9283444189714
BGR,Male,IHD,glp1,4781.207179337218,19.95863418153931,129.22627289225966,19.95863418153931,84.69952304825529,139.3149274374373,182.2876417972584,203.71363769560594,210.26910645359203,209.74267614696691,206.30844569475084,201.74091187619888,196.7566101372704,191.6661761918731,186.62996245349677,181.74796204030645,177.08863853554976,172.69743583687705,168.5996275173802,164.80229186350698,161.29666569619985,158.06096352366694,155.06343286337687,152.26538947838344,149.62403440899106,147.0949270010533,144.63405153725398,142.19946355288266,139.75253544641782,137.2588416081071,134.68873362037266,132.01765880038693,129.22627289225966
BGR,Male,IHD,diet,299.3195049268943,0.0,14.480066049349261,0.0,0.28296956982740085,0.6783863949294755,1.2357080117108126,1.9915968163240905,2.9547516203219857,4.0921155344422,5.334440610480669,6.599455197763746,7.81613691718303,8.937156284140656,9.939044168833789,10.816150759903394,11.573672724787684,12.222149960522074,12.773862628648203,13.24076963483094,13.633490427637298,13.960923514618116,14.23022366769328,14.4469636232443,14.615376725889291,14.738621437856636,14.81903558807062,14.858364266086937,14.857954690240149,14.818916825377528,14.742251552250309,14.628949723930418,14.480066049349261
BGR,Male,IHD,combo,5075.8591714514405,19.95863418153931,143.53308642498996,19.95863418153931,84.98013267756141,139.98427400629225,183.50170335368603,205.66558681136667,213.1621810717952,213.74869613071132,211.53189732673854,208.2058447522577,204.41737237321104,200.43043676720117,196.38201336847487,192.36619192276885,188.4562227972474,184.7076491356147,181.15762052244463,177.82483413732916,174.7108752485019,171.80264850028107,169.07539962325063,166.49590077201174,164.02549957910378,161.62284775205808,159.2462148444538,156.85535706757764,154.4129538467805,151.88565085213668,149.24476160027007,146.4666840037844,143.53308642498996
BGR,Female,IHD,glp1,3873.938864512387,18.289236798013008,110.47012577954592,18.289236798013008,75.04315976301223,118.59420134693573,150.60969640932854,164.26617887449174,166.56990419835893,164.32931807891873,160.7737537854482,157.04138947501633,153.44585623699822,150.03667732970462,146.79943209952762,143.71626393450606,140.77871357107324,137.9864348317442,135.34304361613795,132.85244057345335,130.5163160723605,128.33275782585406,126.29570230349418,124.39497458999904,122.61670849042093,120.94398832088882,119.35759619736928,117.83678285885435,116.36000714806687,114.90561029909259,113.45240701415241,111.98018668961959,110.47012577954592
BGR,Female,IHD,diet,277.46973905954474,0.0,13.339933261047918,0.0,0.274568711347456,0.641667481380864,1.156324769017374,1.8604017280431435,2.769073562543781,3.8552105081053014,5.052235339269828,6.276360769423263,7.452298954860453,8.527984144249785,9.476376671982507,10.29004633439581,10.974134545591369,11.54049732985004,12.003701536417793,12.378610666462919,12.67908059031106,12.917350225256087,13.103837269634823,13.247156366180207,13.354251329647013,13.430579520318133,13.480313885502255,13.506543884772327,13.51146536001579,13.496554400768218,13.462723106687918,13.410456806461298,13.339933261047918
BGR,Female,IHD,combo,4147.154975739342,18.289236798013008,123.63794042264453,18.289236798013008,75.31543859624071,119.2274272073264,151.74615591483234,166.09044439954778,169.2828177334759,168.1060059687461,165.72456822868844,163.1947142451154,160.75613481477376,158.40695975500785,156.10581633148468,153.82713279181735,151.56713207194298,149.33682556596068,147.1539327081682,145.03682180537362,143.00071866173676,141.05570058275043,139.20593414381074,137.44972252633852,135.78004763839817,134.18538725777398,132.65065672279707,131.15817437593432,129.68858580308552,128.22170790127348,126.73727249490003,125.21556227138353,123.63794042264453
ISR,Male,IHD,glp1,2062.8256428049426,4.603555701897676,89.88377405118354,4.603555701897676,20.02567990630405,34.05165404655736,46.152950098853125,53.75949960631624,58.11544359406207,60.88138829259742,62.97405259509878,64.77961559165078,66.44052183956182,68.00406362539479,69.48483442601173,70.88872810542716,72.22133027516793,73.49020722618843,74.70489727554923,75.87612200907006,77.01482703104011,78.13129572642629,79.23442643264025,80.33119617697866,81.42630346495207,82.52196892907796,83.61786771036714,84.71116733965209,85.79664745018363,86.86688150584087,87.91246492252321,88.92227784836814,89.88377405118354
ISR,Male,IHD,diet,239.92381827101963,0.0,15.80174940044435,0.0,0.11917369176217107,0.29545583793105834,0.5551972404482513,0.923988976362125,1.4178160281762757,2.0349150699721577,2.7545568051505143,3.5440436659951047,4.3687147160903805,5.199241147754947,6.014485998380678,6.801217352391177,7.552474104629255,8.265732204275082,8.941351582233438,9.581408780827587,10.188871152709908,10.767032550407748,11.319137229023909,11.848136024893392,12.35653510141492,12.84630980757629,13.318864694848344,13.775026456352862,14.215060406665543,14.638703778194213,15.045210996996502,15.433407469111444,15.80174940044435
ISR,Male,IHD,combo,2297.8762249307724,4.603555701897676,105.3866203505413,4.603555701897676,20.14385970029707,34.34309850476302,46.698080194089016,54.66411208579666,59.50150979941236,62.86953636616363,65.66489235001018,68.24195105435183,70.70935298875793,73.08572717207107,75.36495745574894,77.53992311827096,79.60931205108272,81.57813106669892,83.45618752145674,85.25616356991031,86.99185088274953,88.67671218148189,90.32278916533596,91.93992584316402,93.53526127650639,95.11294390752846,96.6740229283223,98.21647757530081,99.73535152818204,101.22296602130791,102.66919129956023,104.06176127001254,105.3866203505413
ISR,Female,IHD,glp1,1208.3765717514445,3.4759384820163177,53.254589322094034,3.4759384820163177,14.078749107332442,22.512520545972166,29.084042627954204,32.629371702471644,34.30058714865777,35.24246386200343,36.00839054935477,36.7915899618456,37.634722806132686,38.52833134647699,39.44962233178285,40.37645936161016,41.291764557789975,42.184283847881034,43.048003242278355,43.88111194272187,44.684878070168,45.462593025848946,46.218651010611666,46.95778783358037,47.68448090737775,48.40250004450945,49.11459214466231,49.82228006976902,50.5257557253567,51.22384872648763,51.9140543386834,52.592607108013,53.254589322094034
ISR,Female,IHD,diet,160.30946871769106,0.0,10.153091596685044,0.0,0.09145788903606444,0.21965640156759036,0.40422874237765427,0.663645874968779,1.0093753970950274,1.4402497416781443,1.9415750304483481,2.490030850487983,3.060745534769012,3.63249578082241,4.189785852807745,4.722706789622862,5.225842182669567,5.697026100061066,6.136287163618363,6.545050052284296,6.925563042318117,7.280496744308493,7.612665001157438,7.924831446218832,8.219576529569622,8.499208082424502,8.765703991778537,9.02067906999082,9.265370432295185,9.500637147107682,9.726970922776673,9.944515326745204,10.153091596685044
ISR,Female,IHD,combo,1365.3575221214942,3.4759384820163177,63.20773009611048,3.4759384820163177,14.169444245877457,22.729196765061488,29.480943671371506,33.279092890341644,35.287325338998926,36.64953154914315,37.90489775519882,39.22395391387954,40.62510030172598,42.078137442444586,43.545091940647126,44.99408523413513,46.40267856323953,47.75743369846123,49.0523031001444,50.28681570683693,51.464394310808984,52.59090765145129,53.673476346152256,54.71952146541253,55.736033252003836,56.72903319026091,57.70320142726541,58.66164215096842,59.605761405840894,60.53523459011967,61.448044157293225,62.34057147828253,63.20773009611048
NGA,Male,IHD,glp1,17690.74804051098,72.489940769854,826.2871625021435,72.489940769854,288.8424548939947,443.8780424493889,547.8050154706652,582.2689992292435,577.4429082291244,560.1238299409888,542.7626911665575,529.5979097294112,521.5539249714202,518.4246809623583,519.6880469629687,524.7803546457726,533.1769094387564,544.4072046979782,558.0503578426651,573.7261290248498,591.0862788826635,609.8074261370566,629.5854370420275,650.1310968150865,671.1668057203133,692.4241095104517,713.6419470045948,734.5655544941619,754.946001760909,774.5403483760456,793.1124049619248,810.4340668776058,826.2871625021435
NGA,Male,IHD,diet,9261.503573476308,0.0,622.8295794632504,0.0,6.050068149721483,14.051748595076788,25.25846814140823,40.67903623427992,60.77020600821561,85.17216526615812,112.78511256300408,142.1851916168671,172.08424641846796,201.58221492647135,230.1905437243986,257.73388757780776,284.2287573689391,309.78596215100697,334.54645448785595,358.64466350133443,382.1903412301981,405.26149855191034,427.90339144101745,450.1304785309767,471.9296056855528,493.2635032419348,514.0741702823143,534.2859957506371,553.8086131378004,572.5395556919466,590.3668034599614,607.171310277794,622.8295794632504
NGA,Male,IHD,combo,26797.742828202485,72.489940769854,1439.9631722069462,72.489940769854,294.84206602462655,457.74314344485174,572.6222850879931,622.1382910035754,636.9398651191805,643.4898840325186,653.1725726791046,668.8364450885128,690.143903197335,716.0033898270558,745.4086725460656,777.6186811377993,812.1200489243565,848.5470721926686,886.6142590782911,926.0712345288994,966.6760869183781,1008.1811011176833,1050.3259921377903,1092.8353733755139,1135.4184864042618,1177.7700977720597,1219.572020931104,1260.4950498507242,1300.2012716171812,1338.3468095479693,1374.5850694470137,1408.5705421931707,1439.9631722069462
NGA,Female,IHD,glp1,22459.377135751223,72.5750642731291,1090.141850815955,72.5750642731291,292.2677869801191,459.73954560857237,582.9464234307015,638.1726780234894,652.2733354597585,651.4206729057987,648.4247021287883,647.9887306220044,651.396550088677,658.6913546522628,669.5221452267724,683.4467899439114,700.0326919791623,718.8855077297994,739.6533673719678,762.0232455641817,785.715063034404,810.475269675575,836.0704270370261,862.2809774914494,888.8953465019513,915.7045558014142,942.4975546191563,969.0574808824167,995.1590411336947,1020.567150512783,1045.0369092134642,1068.314917042837,1090.141850815955
NGA,Female,IHD,diet,11292.864013309103,0.0,798.0410583634948,0.0,5.248258551699109,12.453367209214775,22.967450642398035,38.00384746208874,58.35404416685196,84.06172095533839,114.37180501806142,148.03094818786485,183.71282703976613,220.31570706762432,257.0629706330292,293.4726764124207,329.27948042815115,364.3578746701387,398.66392631420604,432.19641257791955,464.972836006913,497.01534093121154,528.3426504056551,558.9654085637449,588.8833247054645,618.0832228701838,646.5375612628704,674.2032690249325,701.0209091465804,726.9142554661521,751.7903959941323,775.5404632309946,798.0410583634948
NGA,Female,IHD,combo,33560.159009842144,72.5750642731291,1876.164500622981,72.5750642731291,297.47227553197445,472.02674798497173,605.509128783553,675.409912307965,709.3829841207989,733.6607425404727,760.3262420031169,792.8640040292885,831.2633350755787,874.4888977791052,921.4266497874341,971.1583880795879,1022.9869852570264,1076.3905841291707,1130.970099505539,1186.4076622711,1242.4372544283106,1298.8244670683416,1355.3521309230637,1411.809461694771,1467.9833027256027,1523.6507670467981,1578.5730592539476,1632.4905392172222,1685.1192246974388,1736.1489606599353,1785.2434425809915,1832.0421954629273,1876.164500622981
EGY,Male,IHD,glp1,58182.65106639045,198.03218064758403,2129.6016802357044,198.03218064758403,832.3806623134733,1353.847717667435,1763.0883040331391,1969.0268743708293,2039.4136832353252,2049.978577249858,2040.3609486712376,2026.725442988798,2014.949662144907,2006.9834050757054,2003.359016795439,2004.093987928587,2008.9891090978053,2017.7143460944935,2029.8273710244102,2044.7761291983188,2061.9024916237977,2080.451715212286,2099.58811589345,2118.4159193861997,2136.003837623226,2151.411865814065,2163.718872985017,2172.049686347018,2175.600519851927,2173.661761887226,2165.637314546795,2151.0598664463905,2129.6016802357044
EGY,Male,IHD,diet,27722.39977286334,0.0,1585.184588662174,0.0,19.02483774741995,45.01472748731612,82.29349940581596,134.2853037554887,202.62956242176006,286.1847930418735,381.1325423406961,482.28584658005275,584.6733493152715,684.5220491374203,779.4823591591266,868.3959611343162,950.9247107586125,1027.2134209950455,1097.6407177166257,1162.6552462322288,1222.6772547280125,1278.0453423321887,1328.9928222668532,1375.6429633437365,1418.0160325886973,1456.043528547947,1489.5865621394187,1518.4563113624172,1542.4350752769096,1561.296833508677,1574.8264754550764,1582.837055422162,1585.184588662174
EGY,Male,IHD,combo,85518.34544462968,198.03218064758403,3699.105674760038,198.03218064758403,851.2468346413807,1398.2686926543975,1843.9593638236984,2100.67925848921,2237.8849783179467,2330.257377836446,2413.7378803940082,2499.4301769012236,2588.3414810163667,2678.7095922980516,2768.74099082232,2857.2924216150423,2943.809638387873,3028.0848910511704,3110.0318513042876,3189.527338397864,3266.317783209932,3339.9756253214437,3409.890962732403,3475.28697268659,3535.250748601422,3588.773539672722,3634.795981684554,3672.2549789646873,3700.1296312263585,3717.484134958271,3723.5060181342997,3717.538444078091,3699.105674760038
EGY,Female,IHD,glp1,43279.07828502418,160.0298948923446,1815.9358997693344,160.0298948923446,628.9105183028878,970.5366700314044,1227.7781209494278,1343.1022942726122,1372.0346017817064,1369.2895352303603,1360.9420970935753,1356.0998974897811,1357.0627568568598,1363.8800419042382,1376.0113914540416,1392.8479400689976,1413.8335186806216,1438.459983231529,1466.232190991068,1496.6338091958023,1529.1027929617703,1563.0178945384687,1597.6952212442557,1632.3932268887875,1666.3244281261286,1698.6721936861577,1728.6110417502641,1755.3289718433225,1778.0504553438223,1796.0588232775917,1808.7169302273542,1815.4851429396658,1815.9358997693344
EGY,Female,IHD,diet,23618.97729389208,0.0,1420.0123161013762,0.0,19.717657188652083,43.36718064294837,75.80608507685247,120.16340091379243,177.6922801625915,247.18690993143537,325.2664039568772,407.6050242946367,490.27370797157346,570.4803763314849,646.6538005971815,718.176651651811,785.0445699498086,847.5827060600277,906.2490072537475,961.5113070194784,1013.7765494903433,1063.3539235910866,1110.4393394646759,1155.1133094165416,1197.34739163419,1237.0162259661302,1273.913250671234,1307.7687613118032,1338.2692734745215,1365.077312492067,1387.8508535434084,1406.2617177318025,1420.0123161013762
EGY,Female,IHD,combo,66583.92120279673,160.0298948923446,3221.662644350494,160.0298948923446,648.4637320207257,1013.3448538181256,1302.3177057171852,1461.0066246614588,1546.2534288750903,1611.6438477259799,1679.9666752301855,1756.0973418217036,1838.4756864797382,1924.394798118563,2011.7506844367454,2099.3068589313334,2186.484005125254,2273.0782912358554,2359.0333357194613,2444.2848868311703,2528.666129958525,2611.857271414643,2693.366161153419,2772.5305821564543,2848.5357589055784,2920.4425213547947,2987.2226841320517,3047.798851225787,3101.0862473447633,3146.0344485225505,3181.66712137821,3207.118129258539,3221.662644350494
BGD,Male,IHD,glp1,54443.240778884065,198.9584507256659,1997.970547545934,198.9584507256659,818.5005050023174,1295.7966393264214,1656.8862383064989,1827.1490550603485,1877.403479961853,1879.9821313341963,1870.594693934443,1862.345113489544,1858.8672373310546,1860.4588310678373,1866.4270187772636,1875.8900894135877,1888.0151954506582,1902.0657934960327,1917.3925874288834,1933.4129721098288,1949.5925460494473,1965.4316970868385,1980.457050713012,1994.2168255496072,2006.2791482649336,2016.2325620727497,2023.6881400956772,2028.2827444614377,2029.6830546765414,2027.5900370991149,2021.7435550428054,2011.926838009531,1997.970547545934
BGD,Male,IHD,diet,15910.994935786206,0.0,843.8653342103935,0.0,12.58566543807683,30.135449125999003,55.067107737690094,89.45257911887893,134.15896297321888,188.16472519817762,248.674439800845,312.044390701456,374.8666545013839,434.6210629499983,489.8037634706998,539.7482097100001,584.3596762398665,623.8804567882326,658.7200754726073,689.3459782635618,716.2190973041288,739.7592781620624,760.3293375984649,778.230218490382,793.7024815952755,806.9312351250555,818.0527812951186,827.161978172895,834.3197424543323,839.5603665057279,842.8984627336322,844.3354246480449,843.8653342103935
BGD,Male,IHD,combo,70126.23750152276,198.9584507256659,2832.6915098332684,198.9584507256659,830.9812071332417,1325.5312827759044,1710.9922424347606,1914.8283029672457,2008.7745322204573,2064.2095460616256,2114.1346720755973,2168.1001826856227,2226.402764105005,2286.8606363963045,2347.2896675886295,2406.1345908216317,2462.4500541889574,2515.7199223173084,2565.6825854193303,2612.20328817438,2655.192112540739,2694.5561430491507,2730.174730562605,2761.8895845331426,2789.5041099043447,2812.788389078836,2831.4875301472202,2845.3319320357987,2854.0485170706233,2857.372272569395,2855.0576085582434,2846.8891335477238,2832.6915098332684
BGD,Female,IHD,glp1,31766.174241180728,93.74394525288517,1292.201458979238,93.74394525288517,387.92336636106484,617.3021390705471,802.013027002431,900.7238171649806,943.6380505780689,964.1064687353937,978.794615716848,993.7463958825974,1010.5484255946649,1029.2466114964336,1049.456007974135,1070.7303275541635,1092.6626452463825,1114.8975844031957,1137.1190727330686,1159.0348916010844,1180.3642123562167,1200.8293427186727,1220.1514138276543,1238.049375763323,1254.2416339625634,1268.449697088392,1280.403251031894,1289.8461144047324,1296.542573158251,1300.2836415129714,1300.8928559310298,1298.2312780778448,1292.201458979238
BGD,Female,IHD,diet,10212.21005555534,0.0,584.6040734942071,0.0,8.274667559046065,19.1013078000542,34.190060904686106,54.89751921410789,81.78007475834602,114.2161974428891,150.51155902408937,188.4952062904922,226.19320077094017,262.2130222240521,295.793712792336,326.6688267545105,354.8860772963526,380.6565532330278,404.25178250412864,425.94235875463346,445.9657862955355,464.5126162237575,481.72313608633704,497.68972114611825,512.4619763948867,526.0530815091479,538.446506407272,549.6026813223143,559.465418051419,567.9679770181829,575.0387128236762,580.6062414587941,584.6040734942071
BGD,Female,IHD,combo,41830.05774629061,93.74394525288517,1869.8958284114342,93.74394525288517,396.1290239439186,636.1524808940594,835.6173117506405,954.5575182866378,1023.7617911510242,1075.9982400547888,1126.288385925698,1178.5559462477686,1232.4512110211508,1286.6464219040936,1339.9983914567565,1391.7870063895389,1441.6412217805773,1489.4042747794592,1535.020539183126,1578.4595027836622,1619.6712428456522,1658.5640622936626,1694.9964954269672,1728.778270562063,1759.676740795141,1787.4265823272144,1811.7413436724019,1832.3258796595183,1848.8889574468194,1861.1554696075473,1868.8777879460977,1871.845872490303,1869.8958284114342
USA,Male,IHD,glp1,171727.17378267902,446.1331035529729,6055.719989008561,446.1331035529729,1956.0507805892848,3333.1918997858884,4510.836807206215,5229.791678096168,5614.0121986834565,5830.604465919838,5972.548032914288,6079.686774624861,6167.343734336435,6241.094905756414,6302.938466662192,6353.671101582702,6393.761045762454,6423.65138280543,6443.852415880945,6454.956754325889,6457.625893080432,6452.566072193964,6440.500281333458,6422.139566552185,6398.155544030422,6369.1555325530935,6335.661418932839,6298.093104374013,6256.7571114630555,6211.840663602925,6163.41128997202,6111.421767096617,6055.719989008561
USA,Male,IHD,diet,44.044938293576706,0.0,2.4448979717562906,0.0,0.02809142548358068,0.06869883788749576,0.12749666656600311,0.20963917864719406,0.3178785237832926,0.4509487079340033,0.6035479843849316,0.7680539154680446,0.936728457454592,1.1031982950516976,1.26293537823949,1.4130914784036577,1.5520980219589546,1.6792690155562013,1.794491586042568,1.8980103972135112,1.9902856818516739,2.071901788120158,2.1435080011724494,2.205779202922713,2.2593886057729833,2.3049880054895766,2.343193043197971,2.374572174740024,2.399638715025503,2.418845664476976,2.4325831588939764,2.441178410081193,2.4448979717562906
USA,Male,IHD,combo,171770.4313141203,446.1331035529729,6058.1280053625815,446.1331035529729,1956.0786377348122,3333.2596710987273,4510.962016246049,5229.996990693035,5614.3231126135215,5831.045336808602,5973.1380908911815,6080.437829192204,6168.260039293498,6242.174475926615,6304.174870454066,6355.0550975254155,6395.28183201747,6425.297461035196,6445.612153892522,6456.818738491915,6459.579142080969,6454.600161255454,6442.605408419273,6424.306579860335,6400.375942581566,6371.421447212924,6337.965578757983,6300.4287919036,6259.118109964591,6214.221198996063,6165.805970008485,6113.825520248676,6058.1280053625815
USA,Female,IHD,glp1,122124.2012645058,323.68165566396783,4555.879793406755,323.68165566396783,1389.4418179086642,2315.4478640719317,3092.572056823992,3553.2265712539665,3794.5031784781895,3934.5587158604467,4035.485125166859,4121.695915386663,4201.0730000853655,4275.3733147309395,4344.383158408629,4407.429474587378,4463.887685701775,4513.328738246753,4555.542053669458,4590.517951717135,4618.417774786183,4639.540794440894,4654.290779759758,4663.143324557284,4666.614629742573,4665.232387959608,4659.509403957811,4649.9205306847,4636.883405377099,4620.74334542721,4601.76262337435,4580.114193269459,4555.879793406755
USA,Female,IHD,diet,38.57213605189463,0.0,2.179152830503881,0.0,0.02667815823224373,0.06276019191136584,0.11390818137442693,0.18488474978948943,0.27819561868091114,0.39279572590021417,0.5241371643205639,0.6657025498861913,0.8109279524942394,0.9544584745890461,1.0925233279704116,1.2227628574473783,1.34387211460853,1.4552622814080678,1.5568053337628953,1.6486615728354082,1.7311694602831267,1.8047766509698704,1.8699962833779864,1.9273779985378496,1.9774872913840227,2.020889568491839,2.058137020387221,2.0897574349073693,2.1162446425878443,2.1380505690467544,2.1555789841222577,2.1691810620832257,2.179152830503881
USA,Female,IHD,combo,122162.07934777066,323.68165566396783,4558.024486671609,323.68165566396783,1389.4682735734968,2315.509784053924,3092.683946799225,3553.4076978910016,3794.7753796605975,3934.942883842712,4035.9977493256447,4122.347134940937,4201.866540363495,4276.307655060897,4345.45307215635,4408.627405042935,4465.204776916595,4514.755536760786,4557.068961457524,4592.135510769731,4620.116843940399,4641.312658613548,4656.12721623492,4665.036640721955,4668.55768042116,4667.218576953921,4661.532672549423,4651.975334998337,4638.964684204082,4622.8464800813235,4603.883391245734,4582.248716854432,4558.024486671609
JPN,Male,IHD,glp1,33233.13822271131,123.22163178828487,1035.4185446150877,123.22163178828487,507.3505743638525,828.5678208676109,1082.123759787035,1218.1958660559612,1274.8400687760295,1293.6305680263904,1296.2974991171213,1291.8904909866105,1283.9306946367287,1273.8318325437867,1262.2581111378095,1249.6207670794101,1236.2455125370761,1222.419788412517,1208.3988253992138,1194.3999746857226,1180.5960459086564,1167.1112321097244,1154.020411498299,1141.35152350719,1129.0903199566965,1117.1867009076232,1105.5618953283774,1094.115862278144,1082.7344283430139,1071.295818247061,1059.6763643198792,1047.7552894904002,1035.4185446150877
JPN,Male,IHD,diet,2802.492242188462,0.0,156.11963706552342,0.0,1.9297788174444577,4.875377496835426,9.176032028597547,15.119037535696407,22.795399263181025,31.99939210798766,42.259191657212796,52.98704543313943,63.64424402928853,73.83568757107423,83.32562696818786,92.00880241987761,99.8696191309864,106.94612397703168,113.30358145402715,119.01698972730082,124.16035704028764,128.80064345656137,132.99477810920507,136.7886489083612,140.21732384076313,143.306008375308,146.0714050131719,148.5232482512365,150.66586162020394,152.49963562723133,154.0223636852461,155.23040157749347,156.11963706552342
JPN,Male,IHD,combo,35972.92978312737,123.22163178828487,1188.2122033951528,123.22163178828487,509.2642590011528,833.3765014661767,1091.1311616927414,1232.9918876800511,1297.112848890596,1324.873360292855,1337.545871033377,1343.6074067571026,1346.0533268582076,1345.9110973539791,1343.6138815800223,1339.469146269097,1333.7864080110303,1326.889404724323,1319.0963952561578,1310.697423821788,1301.9371730880157,1293.0049500305686,1284.031048405428,1275.0881121163256,1266.1960790466037,1257.329432185361,1248.425692427758,1239.394307255985,1230.1253009260254,1220.4972437564138,1210.3842641615338,1199.6619638552584,1188.2122033951528
JPN,Female,IHD,glp1,23173.71429095034,101.90069898882939,722.6800925490606,101.90069898882939,405.4945118614123,639.1919055541657,811.2821690344645,891.4064412336083,914.4938736218901,913.7697185685902,905.2932566906165,895.0083137921683,884.7037578308154,874.7193703195153,864.9753682506125,855.3295429191858,845.6858056343553,836.014426002992,826.3425980643879,816.7366958992934,807.2840687793796,798.0772542961349,789.2015667256856,780.7262050877252,772.6986418880115,765.1418614317954,758.0539283470353,751.4093449556749,745.1616791592751,739.2469972748731,733.5877065131863,728.0964896755977,722.6800925490606
JPN,Female,IHD,diet,2487.7822666725406,0.0,131.7783255199829,0.0,2.1594293026500964,5.185836301970994,9.426063539991446,15.159684585407376,22.46881680892693,31.148614088793693,40.7415070518764,50.68280252155819,60.45751184075198,69.68875293432211,78.15152920757828,85.74524665228091,92.45580749453802,98.32262835517031,103.41462060846243,107.81420385812817,111.60718545935379,114.87656095933198,117.69884688759339,120.14204745933239,122.26469648921193,124.11562626950763,125.73423769031797,127.15111539575446,128.38887198688462,129.46313051111792,130.38357258003816,131.1549943117061,131.7783255199829
JPN,Female,IHD,combo,25607.093424222694,101.90069898882939,851.7037484028187,101.90069898882939,407.6359317197057,644.3070877492573,820.5361497655176,906.2449637634563,936.4525969647002,944.1899450921264,945.0722002886178,944.4928722133118,943.737986714128,942.7786161142285,941.3141665849107,939.1029462537335,936.0338825192594,932.1146607876071,927.4388820931636,922.1527160348633,916.4268000469747,910.4343751575216,904.3352661065583,898.2649765794704,892.3281168813992,886.5953938341772,881.1034235418119,875.8566732429972,870.8309005753908,865.9775358529005,861.2285408035896,856.5013695496673,851.7037484028187
GBR,Male,IHD,glp1,29465.2332891317,89.19432069199684,1022.0476548109727,89.19432069199684,384.28347377981845,643.3690104450798,855.6344684158103,975.4568098412128,1030.4838142799126,1054.2231421565157,1064.83000342577,1070.0234580163815,1072.8228816857154,1074.4035567010578,1075.2544935101105,1075.608489388651,1075.5927052910338,1075.2791426930853,1074.7022762521883,1073.8674854603014,1072.7576355049823,1071.339410780507,1069.5692392063575,1067.3983213165193,1064.776418521309,1061.6542924299356,1057.9848925994374,1053.7235279350134,1048.8273272837832,1043.2543099432078,1036.9623620778002,1029.9083646872314,1022.0476548109727
GBR,Male,IHD,diet,4830.059844955016,0.0,272.9624147954164,0.0,3.37389831609471,8.26472510768508,15.267063429717382,24.901917920702545,37.38504665646178,52.45262937013467,69.39467635963956,87.28957549110783,105.27354172326886,122.70074225122517,139.17393891084066,154.49952822481282,168.62155578288366,181.5638056832977,193.38863619787298,204.171427720692,213.98656516985648,222.90093102907122,230.97183276906435,238.24727716243797,244.76728296848887,250.56547107218648,255.67053241124813,260.1074010800803,263.8980953179125,267.0622634819374,269.6175069354431,271.5795616154355,272.9624147954164
GBR,Male,IHD,combo,34201.83553703031,89.19432069199684,1290.31011129963,89.19432069199684,387.62923409025825,651.5217829528847,870.6260446810265,999.8406448138412,1067.0410238107797,1105.4876498290687,1132.6475334648276,1155.3415092929135,1175.7448484077831,1194.400061280925,1211.4054524914973,1226.8019047900016,1240.659394207345,1253.0710678608375,1264.1306841277037,1273.9160229604531,1282.4816846527465,1289.8589797309032,1296.0597569505335,1301.0816481144357,1304.913104470761,1307.5373695587987,1308.9350911910078,1309.0856352960545,1307.9673676349921,1305.5572581393862,1301.8301727394573,1296.7581774974606,1290.31011129963
GBR,Female,IHD,glp1,15609.851512563637,56.12812930966902,562.4161004092784,56.12812930966902,230.9998077227574,372.2179971169462,479.9293916352981,533.6017617178586,552.76355884449,557.2131444787665,556.8176016758116,555.3511544190733,554.0222100313622,553.1183460411157,552.6408847713792,552.5252504469281,552.7072372653347,553.136033423667,553.7712727716498,554.5772446882402,555.5183795392659,556.5568298480066,557.6518404444942,558.7603044398893,559.8379192152788,560.8404820878895,561.7250143134515,562.4505393728141,562.9784533315105,563.2725077020987,563.2984798124344,563.0236356868772,562.4161004092784
GBR,Female,IHD,diet,2556.1698223625353,0.0,149.47890489291603,0.0,1.81463636540866,4.38369384012185,8.023721671590465,13.011976622925431,19.469190598385467,27.268614289969264,36.05047183116403,45.34114453750226,54.69274125258744,63.767987151430134,72.35859328538572,80.36388571509087,87.75751016312643,94.55734954300351,100.8034552126046,106.54375794022053,111.82573687090189,116.6921532642009,121.17935042123645,125.31705807333492,129.12899269575792,132.6338011433545,135.84607204831627,138.7772592819274,141.43644174775545,143.8308960319955,145.9664912669905,147.84793460333094,149.47890489291603
GBR,Female,IHD,combo,18112.796432385905,56.12812930966902,708.9718181286516,56.12812930966902,232.79931018562638,376.5421782192352,487.8076018159263,546.34078002366,571.7965345623961,583.8545054960341,592.0329137447297,599.6444276682305,607.459975238402,615.4369650836306,623.3721337774368,631.1013163261487,638.5333886527296,645.6340101664973,652.4011509233496,658.8453331894234,664.9769474771929,670.7996284394358,676.3079283272309,681.4876516671029,686.3175744628825,690.7716451896413,694.8210860387444,698.4360669769958,701.5868151399045,704.2441559213439,706.3795689834042,707.9648912502489,708.9718181286516
DEU,Male,IHD,glp1,50021.83399715228,154.0680506654462,1659.696892625303,154.0680506654462,672.5288142338832,1133.3583908323053,1506.6898609387426,1707.7313424276945,1788.2846792991622,1812.553630234048,1816.2313909645163,1814.757056653456,1813.8872017629183,1815.2295302747516,1818.6852095580834,1823.504417845019,1828.7564460983558,1833.5456097068818,1837.1087480697752,1838.8529983363987,1838.3615863383748,1835.3821015538997,1829.8054434298538,1821.6403485685296,1810.9865630268469,1798.0086300820403,1782.91158558194,1765.9194075515406,1747.2567506534251,1727.1342523868952,1705.7374977124418,1683.2195597397513,1659.696892625303
DEU,Male,IHD,diet,5031.851236329443,0.0,262.0345429261797,0.0,4.062645237674587,9.937015448289458,18.257847370085074,29.50382150245423,43.77446767491347,60.650332293706015,79.28159224861884,98.66342822823208,117.90736096023466,136.3750066516077,153.6798472427181,169.62616339574743,184.14060550599243,197.2199172804394,208.8978754162672,219.22689061780693,228.2687936223083,236.09062477805128,242.7627714178525,248.35796236639726,252.95038591342745,256.61464550934033,259.4245118127583,261.4515486479213,262.7637350860459,263.42420820481493,263.4902308493911,263.01245812016714,262.0345429261797
DEU,Male,IHD,combo,54964.77085278563,154.0680506654462,1917.8277248324302,154.0680506654462,676.5575773791061,1143.1612952510332,1524.6209737061,1736.630081610172,1831.1102958792908,1871.8687853388692,1893.7736799595878,1911.2826671887306,1929.2818093704118,1948.7514461449173,1969.211307695965,1989.716931136616,2009.2630612596404,2026.948444659065,2042.0409214346873,2053.997121140783,2062.459180926031,2067.2388686973572,2068.294695710123,2065.7054616386304,2059.6425709527684,2050.3428055839904,2038.0828017587628,2023.1561516012007,2005.8537791487033,1986.4480000400508,1965.1804548257496,1942.253907249411,1917.8277248324302
DEU,Female,IHD,glp1,33756.0002792313,119.34126401167305,1182.1464951264934,119.34126401167305,507.6326700236823,828.8025665145979,1074.769419885124,1191.7913700359059,1224.4982854339469,1221.4732611895306,1208.0715346476209,1194.534911640454,1184.3486696804466,1178.2994374257541,1176.1293159923225,1177.188055926832,1180.7005730513483,1185.8865769929107,1192.0193224047107,1198.4558125191543,1204.6513462824369,1210.1643034792214,1214.6543715766602,1217.876243720908,1219.6702207371272,1219.9508068791329,1218.6941734737047,1215.9252163605706,1211.7048180282727,1206.1178235589614,1199.2621404404927,1191.2392721913056,1182.1464951264934
DEU,Female,IHD,diet,4169.710281353051,0.0,224.24974594447121,0.0,3.9279177979478845,9.264002371404786,16.686753653222695,26.622109323274344,39.06411365176609,53.490058105802746,69.01065635659324,84.68453429985675,99.78496480624017,113.89407696883427,126.85621931891365,138.67977172984683,149.44908064945776,159.26708959566895,168.22613924324105,176.39762256483664,183.83197003979876,190.5631767562736,196.61453256373352,202.003880177479,206.74771237719688,210.86395109503064,214.3735119014018,217.30086783888692,219.67385792500863,221.52297738709603,222.8803598331142,223.7786270766519,224.24974594447121
DEU,Female,IHD,combo,37849.92202659999,119.34126401167305,1402.7459099018888,119.34126401167305,511.5278293438023,837.942204089617,1091.159834356673,1217.8725077277777,1262.7244705859193,1273.7993633072474,1275.5872895906214,1277.4092167373892,1282.0365955432935,1289.84310012887,1300.414480200241,1313.1054196319456,1327.2210789017408,1342.0804523469124,1357.0462929379864,1371.5449485460122,1385.0807116447104,1397.2449203596334,1407.7197351256618,1416.2769639809849,1422.7726796729257,1427.1385526209924,1429.370867043035,1429.518150420161,1427.6682644145185,1423.9356970448425,1418.4496716233116,1411.3435547596018,1402.7459099018888
GLB,Male,IHD,glp1,2665172.002156498,8059.264537151903,102860.56441054959,8059.264537151903,34048.870711683296,56202.51244541071,73966.34707692172,83641.2919064369,87822.76491401717,89487.92662456725,90222.61740548722,90686.08972294256,91120.8992665708,91605.45107867476,92157.62090513203,92774.40193260554,93446.40998910274,94162.85005106311,94912.96836737171,95686.28340317495,96472.45460307598,97261.09592740331,98041.62905522343,98803.19239567593,99534.59662252571,100224.31332376879,100860.48706195131,101430.96671717335,101923.35677962564,102325.09221909288,102623.5414747838,102806.1412273338,102860.56441054959
GLB,Male,IHD,diet,500928.62500651367,0.0,30304.924332730472,0.0,277.29448696784675,687.1311763338745,1287.5951837226748,2133.363998052664,3255.5898807421327,4644.338286713697,6247.604487653822,7988.764986806549,9789.62395682279,11586.084154405631,13333.269013230689,15003.708361541852,16582.952152988873,18065.193713287823,19449.85312616639,20739.217379503883,21936.930683390237,23047.083790358156,24073.694909330457,25020.433705668896,25890.48978459835,26686.523516681045,27410.661908850074,28064.51845384389,28649.226107059978,29165.47866360843,29613.57917950675,29993.49562594574,30304.924332730472
GLB,Male,IHD,combo,3156719.9261317467,8059.264537151903,132669.80399205443,8059.264537151903,34323.85258780513,56880.33773036022,75230.71283421759,85730.28167678695,91006.29537189752,94027.15256031416,96328.44200050086,98494.85253472999,100692.63311080541,102937.49536709674,105203.29575892258,107459.96344953682,109683.76008645445,111857.99449661467,113971.14855725318,116014.80616313592,117982.04604267422,119866.36242253426,121661.0072505977,123358.62579301093,124951.08032287471,126429.38787432201,127783.72589022387,129003.48097490706,130077.33073216956,130993.35762678366,131739.1980405217,132302.23034548853,132669.80399205443
GLB,Female,IHD,glp1,2089630.0785054686,6392.212336781435,86151.89723736886,6392.212336781435,26710.278666207567,43489.740526967216,56627.1986026573,63451.80797622027,66156.26543883188,67107.6069755461,67523.21111931233,67881.20599215431,68336.33187050652,68921.26916272286,69627.45365504362,70435.02263538912,71323.14377035946,72273.09259396046,73268.7692590598,74296.39823298436,75344.04122410715,76401.13441422954,77458.1046938207,78506.0640951274,79536.56556857191,80541.40266201366,81512.4406754747,82441.4731444763,83320.10306423157,84139.65223106463,84891.1041776929,85565.08650258463,86151.89723736886
GLB,Female,IHD,diet,426816.41740136454,0.0,26669.43547423836,0.0,245.55806383118033,598.4071349520236,1108.5411424208432,1821.691532548517,2762.983024346642,3922.902476199437,5257.343996065669,6702.846774673089,8195.884709289297,9685.45162858162,11136.698596819304,12528.959763885476,13851.893961292692,15101.832529906183,16279.030030838214,17385.82546756603,18425.5016833283,19401.617668540217,20317.63851740677,21176.742765039206,21981.73006271664,22734.98223155178,23438.45051563438,24093.654469465837,24701.685766508803,25263.214937866665,25778.501698786393,26247.41077706497,26669.43547423836
GLB,Female,IHD,combo,2508518.509393701,6392.212336781435,112378.84118095879,6392.212336781435,26953.788798079826,44080.07465117704,57715.87116169883,65235.94006484933,68858.74116000673,70942.80120851379,72662.84616415249,74435.2136181239,76352.61140791606,78397.78660173807,80527.94725030195,82702.82718681265,84891.27830396872,87070.79830845166,89225.36911170837,91343.36124731228,93415.93033140618,95435.89853721764,97397.00563391484,99293.41179785691,101119.36026190221,102868.93650249112,104535.88492346462,106113.46257198043,107594.32265290152,108970.42920078617,110233.00897785556,111372.54823937174,112378.84118095879
CHN,Male,IschStroke,glp1,471420.3099149852,794.64777732722,19353.599238036433,794.64777732722,3708.974830529187,6584.624923868338,9250.922516305116,11098.560119420406,12297.75336582819,13157.93428543699,13862.403100443655,14491.740310485358,15076.67207522539,15627.544331575627,16147.090168739669,16635.37904905458,17091.577500515035,17514.527237891336,17902.940732532297,18255.504766772967,18570.977115740767,18848.284991167486,19086.611316508148,19285.454002545914,19444.649939956842,19564.36311110691,19645.04240108258,19687.35849910043,19692.130754409824,19660.25442590844,19592.637027346063,19490.150000124006,19353.599238036433
CHN,Male,IschStroke,combo,471420.3099149852,794.64777732722,19353.599238036433,794.64777732722,3708.974830529187,6584.624923868338,9250.922516305116,11098.560119420406,12297.75336582819,13157.93428543699,13862.403100443655,14491.740310485358,15076.67207522539,15627.544331575627,16147.090168739669,16635.37904905458,17091.577500515035,17514.527237891336,17902.940732532297,18255.504766772967,18570.977115740767,18848.284991167486,19086.611316508148,19285.454002545914,19444.649939956842,19564.36311110691,19645.04240108258,19687.35849910043,19692.130754409824,19660.25442590844,19592.637027346063,19490.150000124006,19353.599238036433
CHN,Female,IschStroke,glp1,352344.87163247954,596.2502340449719,15616.72040952649,596.2502340449719,2722.7858196732122,4745.992064934631,6580.089539260778,7818.188002787065,8609.905351500318,9186.903047153377,9680.455164863728,10145.05934355664,10598.956140355673,11046.027499757125,11485.148306373972,11913.762139932951,12329.10193891183,12728.52599479619,13109.564454823965,13469.90355809324,13807.382720493828,14120.018137776875,14406.044021711918,14663.957089943346,14892.551768205129,15090.938091935008,15258.539194297977,15395.06940761907,15500.49692127062,15574.996558436891,15618.898705240339,15632.640005202382,15616.72040952649
CHN,Female,IschStroke,combo,352344.87163247954,596.2502340449719,15616.72040952649,596.2502340449719,2722.7858196732122,4745.992064934631,6580.089539260778,7818.188002787065,8609.905351500318,9186.903047153377,9680.455164863728,10145.05934355664,10598.956140355673,11046.027499757125,11485.148306373972,11913.762139932951,12329.10193891183,12728.52599479619,13109.564454823965,13469.90355809324,13807.382720493828,14120.018137776875,14406.044021711918,14663.957089943346,14892.551768205129,15090.938091935008,15258.539194297977,15395.06940761907,15500.49692127062,15574.996558436891,15618.898705240339,15632.640005202382,15616.72040952649
IND,Male,IschStroke,glp1,182080.73675244494,337.8709060914116,8574.509028503788,337.8709060914116,1519.3196129191783,2613.354219604691,3581.7850821801985,4205.316641561425,4574.141965775227,4820.519517281617,5019.375026106776,5202.848180783505,5383.059803513868,5564.123361103993,5747.1795826561865,5932.312012083072,6119.224019962479,6307.452343348239,6496.416461693589,6685.415285325726,6873.611453269259,7060.017318905215,7243.487299288681,7422.717976401327,7596.256191201101,7762.514921710012,7919.796479015145,8066.322326394671,8200.268587899744,8319.806070154358,8423.143397366046,8508.571680344408,8574.509028503788
IND,Male,IschStroke,combo,182080.73675244494,337.8709060914116,8574.509028503788,337.8709060914116,1519.3196129191783,2613.354219604691,3581.7850821801985,4205.316641561425,4574.141965775227,4820.519517281617,5019.375026106776,5202.848180783505,5383.059803513868,5564.123361103993,5747.1795826561865,5932.312012083072,6119.224019962479,6307.452343348239,6496.416461693589,6685.415285325726,6873.611453269259,7060.017318905215,7243.487299288681,7422.717976401327,7596.256191201101,7762.514921710012,7919.796479015145,8066.322326394671,8200.268587899744,8319.806070154358,8423.143397366046,8508.571680344408,8574.509028503788
IND,Female,IschStroke,glp1,164308.8752958403,372.38543148955796,7498.741033039638,372.38543148955796,1670.5843762575532,2752.43664535039,3659.592242167273,4170.521168457577,4421.628000573663,4568.330471598252,4687.298351797857,4805.932286644005,4931.5165939437575,5064.631046905066,5204.074852350983,5348.435281055281,5496.482343680633,5647.192987471062,5799.67831731739,5953.099928384821,6106.599015713553,6259.242758299515,6409.987437079602,6557.656892484461,6700.935034814174,6838.3712462642,6968.397454748454,7089.355439137202,7199.532622004859,7297.204300677287,7380.680026370101,7448.3517097621225,7498.741033039638
IND,Female,IschStroke,combo,164308.8752958403,372.38543148955796,7498.741033039638,372.38543148955796,1670.5843762575532,2752.43664535039,3659.592242167273,4170.521168457577,4421.628000573663,4568.330471598252,4687.298351797857,4805.932286644005,4931.5165939437575,5064.631046905066,5204.074852350983,5348.435281055281,5496.482343680633,5647.192987471062,5799.67831731739,5953.099928384821,6106.599015713553,6259.242758299515,6409.987437079602,6557.656892484461,6700.935034814174,6838.3712462642,6968.397454748454,7089.355439137202,7199.532622004859,7297.204300677287,7380.680026370101,7448.3517097621225,7498.741033039638
BRA,Male,IschStroke,glp1,31621.627229998972,58.758747103536734,1437.895646236735,58.758747103536734,259.67745135285077,446.34283749520546,612.2852964903432,722.2271075458339,790.8690342010304,839.4022655554945,879.7751233120143,917.0806555426898,953.182436105024,988.6370378938882,1023.5168503309615,1057.7353180267019,1091.1686687607144,1123.6973994802029,1155.2167973540418,1185.635931743207,1214.8727905050328,1242.848620784498,1269.4827160452987,1294.688161673228,1318.3687459110515,1340.4171021427028,1360.7140721022151,1379.1292289631965,1395.5224603378592,1409.7464793383115,1421.650105993307,1431.0821416717954,1437.895646236735
BRA,Male,IschStroke,combo,31621.627229998972,58.758747103536734,1437.895646236735,58.758747103536734,259.67745135285077,446.34283749520546,612.2852964903432,722.2271075458339,790.8690342010304,839.4022655554945,879.7751233120143,917.0806555426898,953.182436105024,988.6370378938882,1023.5168503309615,1057.7353180267019,1091.1686687607144,1123.6973994802029,1155.2167973540418,1185.635931743207,1214.8727905050328,1242.848620784498,1269.4827160452987,1294.688161673228,1318.3687459110515,1340.4171021427028,1360.7140721022151,1379.1292289631965,1395.5224603378592,1409.7464793383115,1421.650105993307,1431.0821416717954,1437.895646236735
BRA,Female,IschStroke,glp1,28590.307987205197,56.36313068655727,1360.241145844324,56.36313068655727,245.19383061886037,413.53763976253686,559.4865350993423,652.186344946902,707.07207104587,744.5562573938878,775.8713688485295,805.6915075812576,835.6506527282108,866.1645948117148,897.1993108280076,928.5725417392096,960.0680977044467,991.4775170870489,1022.6136977936112,1053.3135242027201,1083.4359824215499,1112.8583230504591,1141.4713885261735,1169.1746975723654,1195.8716791783809,1221.4653545808833,1245.8547012438066,1268.9318736031128,1290.5803959015466,1310.6743834530353,1329.078792385073,1345.650646565773,1360.241145844324
BRA,Female,IschStroke,combo,28590.307987205197,56.36313068655727,1360.241145844324,56.36313068655727,245.19383061886037,413.53763976253686,559.4865350993423,652.186344946902,707.07207104587,744.5562573938878,775.8713688485295,805.6915075812576,835.6506527282108,866.1645948117148,897.1993108280076,928.5725417392096,960.0680977044467,991.4775170870489,1022.6136977936112,1053.3135242027201,1083.4359824215499,1112.8583230504591,1141.4713885261735,1169.1746975723654,1195.8716791783809,1221.4653545808833,1245.8547012438066,1268.9318736031128,1290.5803959015466,1310.6743834530353,1329.078792385073,1345.650646565773,1360.241145844324
CAN,Male,IschStroke,glp1,3978.248912330504,7.818000497216417,167.55308747166418,7.818000497216417,34.377600070173685,59.02874346697081,80.84828460155313,95.27246355312855,104.30396182111781,110.72594315007518,116.07373008552895,120.98001999185726,125.66003800173803,130.16383579531703,134.48248857677027,138.5895192457201,142.45648976391476,146.05872352847746,149.37731529237135,152.399709858214,155.11966133888563,157.5368529645766,159.65628073090375,161.48745593985404,163.0434751513876,164.34000921599,165.39426513204126,166.22397278605422,166.84644338867838,167.2777386486614,167.53198053042797,167.62082173123417,167.55308747166418
CAN,Male,IschStroke,combo,3978.248912330504,7.818000497216417,167.55308747166418,7.818000497216417,34.377600070173685,59.02874346697081,80.84828460155313,95.27246355312855,104.30396182111781,110.72594315007518,116.07373008552895,120.98001999185726,125.66003800173803,130.16383579531703,134.48248857677027,138.5895192457201,142.45648976391476,146.05872352847746,149.37731529237135,152.399709858214,155.11966133888563,157.5368529645766,159.65628073090375,161.48745593985404,163.0434751513876,164.34000921599,165.39426513204126,166.22397278605422,166.84644338867838,167.2777386486614,167.53198053042797,167.62082173123417,167.55308747166418
CAN,Female,IschStroke,glp1,5054.622037822978,11.357369363453472,218.5303133282905,11.357369363453472,47.69482715540289,78.47784901966043,104.77040563768878,121.1226932364043,130.76241033400038,137.53647740912675,143.41505250888076,149.1263427085596,154.86070573289362,160.61319362290305,166.31890963125625,171.90181538970137,177.29119557412196,182.42676722084434,187.2599915503779,191.75412940052047,195.883808922561,199.63429831667236,203.00052290420172,205.98584927041702,208.6006775339556,210.86090203707317,212.78631170484914,214.39900337634936,215.72187651156855,216.7772681560764,217.58577490435346,218.16529536081362,218.5303133282905
CAN,Female,IschStroke,combo,5054.622037822978,11.357369363453472,218.5303133282905,11.357369363453472,47.69482715540289,78.47784901966043,104.77040563768878,121.1226932364043,130.76241033400038,137.53647740912675,143.41505250888076,149.1263427085596,154.86070573289362,160.61319362290305,166.31890963125625,171.90181538970137,177.29119557412196,182.42676722084434,187.2599915503779,191.75412940052047,195.883808922561,199.63429831667236,203.00052290420172,205.98584927041702,208.6006775339556,210.86090203707317,212.78631170484914,214.39900337634936,215.72187651156855,216.7772681560764,217.58577490435346,218.16529536081362,218.5303133282905
TUR,Male,IschStroke,glp1,9938.559874856406,22.219546219730546,441.51761924462335,22.219546219730546,100.44339280839085,160.67918054015172,213.1724276177374,243.41858917753416,260.24494866904934,271.7502506806304,281.77784955115203,291.58895570892855,301.4714822408532,311.40790614689104,321.3154920511806,331.11632266736706,340.7516869615356,350.179471689964,359.36796162423707,368.29001238023557,376.91857891949985,385.2236259247911,393.17020898865667,400.7174917939046,407.81850004053194,414.4204555825454,420.4655698080678,425.89220057607963,430.6362926613074,434.6330295519547,437.8186269665821,440.13219806229245,441.51761924462335
TUR,Male,IschStroke,combo,9938.559874856406,22.219546219730546,441.51761924462335,22.219546219730546,100.44339280839085,160.67918054015172,213.1724276177374,243.41858917753416,260.24494866904934,271.7502506806304,281.77784955115203,291.58895570892855,301.4714822408532,311.40790614689104,321.3154920511806,331.11632266736706,340.7516869615356,350.179471689964,359.36796162423707,368.29001238023557,376.91857891949985,385.2236259247911,393.17020898865667,400.7174917939046,407.81850004053194,414.4204555825454,420.4655698080678,425.89220057607963,430.6362926613074,434.6330295519547,437.8186269665821,440.13219806229245,441.51761924462335
TUR,Female,IschStroke,glp1,11014.024648049708,28.632504003384383,501.80118156104436,28.632504003384383,127.57737712187009,193.88499452879114,250.4906234067239,279.11823146475217,292.5748256995721,301.1976327163211,309.257652633245,317.9136971295229,327.271616337639,337.1691829951087,347.420273261665,357.8740554900505,368.41914850712055,378.9744088950756,389.4785871905624,399.8818522880174,410.13949882510497,420.2074989163302,430.0394927430898,439.5848861080085,448.7878094746484,457.5867620465797,465.91481315359124,473.70026483735273,480.86769793176063,487.3393325901052,493.0366362233399,497.8821099693305,501.80118156104436
TUR,Female,IschStroke,combo,11014.024648049708,28.632504003384383,501.80118156104436,28.632504003384383,127.57737712187009,193.88499452879114,250.4906234067239,279.11823146475217,292.5748256995721,301.1976327163211,309.257652633245,317.9136971295229,327.271616337639,337.1691829951087,347.420273261665,357.8740554900505,368.41914850712055,378.9744088950756,389.4785871905624,399.8818522880174,410.13949882510497,420.2074989163302,430.0394927430898,439.5848861080085,448.7878094746484,457.5867620465797,465.91481315359124,473.70026483735273,480.86769793176063,487.3393325901052,493.0366362233399,497.8821099693305,501.80118156104436
ZAF,Male,IschStroke,glp1,6641.269126291424,10.72063321146561,319.99058240596787,10.72063321146561,49.21320311804084,86.25926931176127,120.18710420060415,143.4160232482136,158.3644650745755,169.10134769331853,178.01915117961653,186.18110827314922,194.00904447178982,201.6620114375237,209.20061581260234,216.65154272583823,224.03058138032247,231.34923116072605,238.61513600714716,245.8304816487962,252.9900272490504,260.07944707587376,267.0742443489453,273.9393180647003,280.62917679622115,287.0887472599097,293.254698546345,299.05718675956086,304.4219157819789,309.2724062957168,313.5323661120201,317.12805963964274,319.99058240596787
ZAF,Male,IschStroke,combo,6641.269126291424,10.72063321146561,319.99058240596787,10.72063321146561,49.21320311804084,86.25926931176127,120.18710420060415,143.4160232482136,158.3644650745755,169.10134769331853,178.01915117961653,186.18110827314922,194.00904447178982,201.6620114375237,209.20061581260234,216.65154272583823,224.03058138032247,231.34923116072605,238.61513600714716,245.8304816487962,252.9900272490504,260.07944707587376,267.0742443489453,273.9393180647003,280.62917679622115,287.0887472599097,293.254698546345,299.05718675956086,304.4219157819789,309.2724062957168,313.5323661120201,317.12805963964274,319.99058240596787
ZAF,Female,IschStroke,glp1,9397.72025300185,16.374156870424486,443.25337645052423,16.374156870424486,80.47549094560782,139.54121221465357,191.03272500485582,222.90084065913834,240.82759180410903,252.55188732427814,262.2264075243984,271.45045878772,280.6893681411966,290.000945471711,299.3284780255235,308.6041668746766,317.7794121734223,326.8289852703856,335.746739631566,344.53914298952077,353.2187544364642,361.79833458448775,370.28581735070475,378.6802366211923,386.96865865785367,395.12414615267335,403.10475201379086,410.85350809908414,418.2993390548436,425.35879777601804,431.938489875527,437.9380322154975,443.25337645052423
ZAF,Female,IschStroke,combo,9397.72025300185,16.374156870424486,443.25337645052423,16.374156870424486,80.47549094560782,139.54121221465357,191.03272500485582,222.90084065913834,240.82759180410903,252.55188732427814,262.2264075243984,271.45045878772,280.6893681411966,290.000945471711,299.3284780255235,308.6041668746766,317.7794121734223,326.8289852703856,335.746739631566,344.53914298952077,353.2187544364642,361.79833458448775,370.28581735070475,378.6802366211923,386.96865865785367,395.12414615267335,403.10475201379086,410.85350809908414,418.2993390548436,425.35879777601804,431.938489875527,437.9380322154975,443.25337645052423
MEX,Male,IschStroke,glp1,9046.319845655316,14.357114105014261,450.0922159286165,14.357114105014261,63.936534231788755,111.13999327247257,154.14594420845242,183.9079869738689,203.66604336774435,218.47279436929784,231.24857050733408,243.28047453972067,255.07198651742874,266.7997632817169,278.5107765925495,290.20136253931196,301.84798711951953,313.4190139401544,324.8791202311695,336.19089721714045,347.31538448403444,358.2122091726269,368.83958649573106,379.15428099174096,389.1115704030417,398.6652349972064,407.7675905230062,416.36958304537256,424.42096443760965,431.87056645307166,438.66668830030176,444.7576074082717,450.0922159286165
MEX,Male,IschStroke,combo,9046.319845655316,14.357114105014261,450.0922159286165,14.357114105014261,63.936534231788755,111.13999327247257,154.14594420845242,183.9079869738689,203.66604336774435,218.47279436929784,231.24857050733408,243.28047453972067,255.07198651742874,266.7997632817169,278.5107765925495,290.20136253931196,301.84798711951953,313.4190139401544,324.8791202311695,336.19089721714045,347.31538448403444,358.2122091726269,368.83958649573106,379.15428099174096,389.1115704030417,398.6652349972064,407.7675905230062,416.36958304537256,424.42096443760965,431.87056645307166,438.66668830030176,444.7576074082717,450.0922159286165
MEX,Female,IschStroke,glp1,9346.653882765055,15.542865679388342,486.9190598878886,15.542865679388342,67.97458587286746,115.8214390008452,158.3596138265748,186.80423779202465,205.07834795404233,218.64223401355594,230.5506385664903,242.1038359797658,253.77994340505938,265.7220405530097,277.9442774364197,290.4128916200916,303.07707210551234,315.88053642942396,328.7658404504,341.67596597003285,354.5548641741807,367.34755954253706,380.0000295354839,392.4589422114732,404.6712944903629,416.583987108148,428.14337567562325,439.29484206483903,449.98243320838446,460.1486139168592,469.7341760329291,478.678338260841,486.9190598878886
MEX,Female,IschStroke,combo,9346.653882765055,15.542865679388342,486.9190598878886,15.542865679388342,67.97458587286746,115.8214390008452,158.3596138265748,186.80423779202465,205.07834795404233,218.64223401355594,230.5506385664903,242.1038359797658,253.77994340505938,265.7220405530097,277.9442774364197,290.4128916200916,303.07707210551234,315.88053642942396,328.7658404504,341.67596597003285,354.5548641741807,367.34755954253706,380.0000295354839,392.4589422114732,404.6712944903629,416.583987108148,428.14337567562325,439.29484206483903,449.98243320838446,460.1486139168592,469.7341760329291,478.678338260841,486.9190598878886
AUS,Male,IschStroke,glp1,2446.787880238935,4.250622755928362,111.24098313392369,4.250622755928362,18.852598562661115,32.646455911466546,45.25065473418408,54.01891565859523,59.88336547303652,64.28452728272487,68.03102086489389,71.45913148466434,74.68732108687755,77.75063844760916,80.65683372782223,83.40721251602645,86.00341536243195,88.44899762041041,90.74929170271753,92.91084368652355,94.94085760909093,96.84675706573853,98.63586139233485,100.31514319598955,101.89103355537463,103.36925031679493,104.75463558714728,106.05099785269613,107.26096123874322,108.38582916616451,109.42547224790451,110.3782509984585,111.24098313392369
AUS,Male,IschStroke,combo,2446.787880238935,4.250622755928362,111.24098313392369,4.250622755928362,18.852598562661115,32.646455911466546,45.25065473418408,54.01891565859523,59.88336547303652,64.28452728272487,68.03102086489389,71.45913148466434,74.68732108687755,77.75063844760916,80.65683372782223,83.40721251602645,86.00341536243195,88.44899762041041,90.74929170271753,92.91084368652355,94.94085760909093,96.84675706573853,98.63586139233485,100.31514319598955,101.89103355537463,103.36925031679493,104.75463558714728,106.05099785269613,107.26096123874322,108.38582916616451,109.42547224790451,110.3782509984585,111.24098313392369
AUS,Female,IschStroke,glp1,3317.403899131511,6.784656936375541,152.69333804976304,6.784656936375541,28.724809056257072,47.35326602191981,63.71069547937714,74.36332716736251,81.09881902397319,86.13234776040372,90.5884821639047,94.8703222478589,99.0768690364248,103.20450816594348,107.22435781370041,111.10799368258085,114.83421640404231,118.38952819686892,121.76687948851668,124.96419936193524,127.98313158583096,130.82803157401213,133.50517429220508,136.02210716719674,138.3870934358638,140.60860857974876,142.69486862865415,144.6533823395148,146.49052931361985,148.21117317294375,149.81832321560978,151.31285976910294,152.69333804976304
AUS,Female,IschStroke,combo,3317.403899131511,6.784656936375541,152.69333804976304,6.784656936375541,28.724809056257072,47.35326602191981,63.71069547937714,74.36332716736251,81.09881902397319,86.13234776040372,90.5884821639047,94.8703222478589,99.0768690364248,103.20450816594348,107.22435781370041,111.10799368258085,114.83421640404231,118.38952819686892,121.76687948851668,124.96419936193524,127.98313158583096,130.82803157401213,133.50517429220508,136.02210716719674,138.3870934358638,140.60860857974876,142.69486862865415,144.6533823395148,146.49052931361985,148.21117317294375,149.81832321560978,151.31285976910294,152.69333804976304
NZL,Male,IschStroke,glp1,604.1269078903,1.2251678756767888,26.392232386385103,1.2251678756767888,5.322875195294046,9.0042802445588,12.245785956834197,14.378813786590172,15.714394162705958,16.6674693323597,17.461578792282353,18.186626319609445,18.872982770431236,19.528793156052416,20.154996112458775,20.750734036338145,21.31509020787621,21.84753194999803,22.347946031069114,22.816573588494975,23.253937929063568,23.66078435075974,24.038028724728065,24.386707504643255,24.70792361272288,25.002785765940644,25.27234169856797,25.517507934737978,25.739000177158232,25.937269049268934,26.112445951719565,26.26430328597371,26.392232386385103
NZL,Male,IschStroke,combo,604.1269078903,1.2251678756767888,26.392232386385103,1.2251678756767888,5.322875195294046,9.0042802445588,12.245785956834197,14.378813786590172,15.714394162705958,16.6674693323597,17.461578792282353,18.186626319609445,18.872982770431236,19.528793156052416,20.154996112458775,20.750734036338145,21.31509020787621,21.84753194999803,22.347946031069114,22.816573588494975,23.253937929063568,23.66078435075974,24.038028724728065,24.386707504643255,24.70792361272288,25.002785765940644,25.27234169856797,25.517507934737978,25.739000177158232,25.937269049268934,26.112445951719565,26.26430328597371,26.392232386385103
NZL,Female,IschStroke,glp1,698.6591037034616,1.832036231455504,30.26641846556231,1.832036231455504,7.478631948214797,11.90959443245174,15.541415969389845,17.66845748177957,18.83618034053916,19.61807612191342,20.28974049224621,20.945813358373243,21.60818864118869,22.27510892931332,22.93904716982297,23.592313955593454,24.228437643602547,24.84227022328855,25.429803502034247,25.987980615165952,26.514557928338036,27.008007146670025,27.46743622375675,27.89251190766663,28.2833738159336,28.64053612954649,28.964777596043177,29.257023627662875,29.518226129502636,29.7492475349743,29.95075555983476,30.123134581596787,30.26641846556231
NZL,Female,IschStroke,combo,698.6591037034616,1.832036231455504,30.26641846556231,1.832036231455504,7.478631948214797,11.90959443245174,15.541415969389845,17.66845748177957,18.83618034053916,19.61807612191342,20.28974049224621,20.945813358373243,21.60818864118869,22.27510892931332,22.93904716982297,23.592313955593454,24.228437643602547,24.84227022328855,25.429803502034247,25.987980615165952,26.514557928338036,27.008007146670025,27.46743622375675,27.89251190766663,28.2833738159336,28.64053612954649,28.964777596043177,29.257023627662875,29.518226129502636,29.7492475349743,29.95075555983476,30.123134581596787,30.26641846556231
ROU,Male,IschStroke,glp1,6616.0048948783915,21.28266437192906,218.9516264534068,21.28266437192906,94.70282395946924,153.29334089367512,199.91530902559862,223.97269306831186,233.88353011419713,237.92645843035461,239.90586852713386,241.1042132244147,241.87962434241854,242.33364142849314,242.52383746413398,242.5106928314308,242.35530852616284,242.1083939729906,241.8023814920889,241.44863511217045,241.03871246547715,240.54806508303955,239.94078206485574,239.1743932155514,238.2041383183605,236.98641511494498,235.4813317279295,233.65442197035009,231.47765233456084,228.92987543048002,225.9968817520712,222.67118216239032,218.9516264534068
ROU,Male,IschStroke,combo,6616.0048948783915,21.28266437192906,218.9516264534068,21.28266437192906,94.70282395946924,153.29334089367512,199.91530902559862,223.97269306831186,233.88353011419713,237.92645843035461,239.90586852713386,241.1042132244147,241.87962434241854,242.33364142849314,242.52383746413398,242.5106928314308,242.35530852616284,242.1083939729906,241.8023814920889,241.44863511217045,241.03871246547715,240.54806508303955,239.94078206485574,239.1743932155514,238.2041383183605,236.98641511494498,235.4813317279295,233.65442197035009,231.47765233456084,228.92987543048002,225.9968817520712,222.67118216239032,218.9516264534068
ROU,Female,IschStroke,glp1,7322.102341639351,27.95430429811313,240.63255114880667,27.95430429811313,132.21435418485635,194.0451534507847,244.94730734096447,265.384990562663,270.30445504848467,270.15817531391804,268.9873927021581,267.810362506174,266.7543831208859,265.76335687195024,264.7864683075568,263.80610670042006,262.82734163543137,261.86348632471345,260.92586089673205,260.01827333619076,259.13500298175495,258.2609879381889,257.3732189919174,256.44266318277005,255.43629432537637,254.31898971039845,253.05517515517568,251.61017927822104,249.95130466175397,248.0486480224863,245.87571094660598,243.4098426938981,240.63255114880667
ROU,Female,IschStroke,combo,7322.102341639351,27.95430429811313,240.63255114880667,27.95430429811313,132.21435418485635,194.0451534507847,244.94730734096447,265.384990562663,270.30445504848467,270.15817531391804,268.9873927021581,267.810362506174,266.7543831208859,265.76335687195024,264.7864683075568,263.80610670042006,262.82734163543137,261.86348632471345,260.92586089673205,260.01827333619076,259.13500298175495,258.2609879381889,257.3732189919174,256.44266318277005,255.43629432537637,254.31898971039845,253.05517515517568,251.61017927822104,249.95130466175397,248.0486480224863,245.87571094660598,243.4098426938981,240.63255114880667
BGR,Male,IschStroke,glp1,3371.4232630675124,12.532309907449417,98.29324803924465,12.532309907449417,54.329528449844474,88.49414399522357,115.69489105950925,129.35405378163705,133.91052383174247,134.41158465275112,133.46155491336685,132.0821303714365,130.61654860658928,129.16319732582997,127.74285037697518,126.35542498576251,124.99637317121778,123.65989136620192,122.33865204416361,121.02318536885468,119.70170354384572,118.36040113300442,116.98406774990508,115.55684011503035,114.06296331613885,112.4874795304604,110.8168021089059,109.03916097396177,107.14492289434565,105.12679967040276,102.97996099066768,100.70206879304351,98.29324803924465
BGR,Male,IschStroke,combo,3371.4232630675124,12.532309907449417,98.29324803924465,12.532309907449417,54.329528449844474,88.49414399522357,115.69489105950925,129.35405378163705,133.91052383174247,134.41158465275112,133.46155491336685,132.0821303714365,130.61654860658928,129.16319732582997,127.74285037697518,126.35542498576251,124.99637317121778,123.65989136620192,122.33865204416361,121.02318536885468,119.70170354384572,118.36040113300442,116.98406774990508,115.55684011503035,114.06296331613885,112.4874795304604,110.8168021089059,109.03916097396177,107.14492289434565,105.12679967040276,102.97996099066768,100.70206879304351,98.29324803924465
BGR,Female,IschStroke,glp1,3713.2147835778615,16.05018504459622,109.35040099189428,16.05018504459622,66.53159039886305,102.92959957292624,131.43150038110798,144.85248363502797,148.7933776178961,148.86544939398482,147.68230739823957,146.13637623954492,144.4664292549569,142.7192989105897,140.90524870480112,139.03835914074625,137.1405024308333,135.2366144264197,133.3497727257054,131.4980316804449,129.69297727152298,127.93951515735898,126.23641812614733,124.57727689008789,122.95161389129498,121.3460093490321,119.74515222993978,118.1327716287069,116.49243167902569,114.80818993442699,113.06512845072393,111.24977102101548,109.35040099189428
BGR,Female,IschStroke,combo,3713.2147835778615,16.05018504459622,109.35040099189428,16.05018504459622,66.53159039886305,102.92959957292624,131.43150038110798,144.85248363502797,148.7933776178961,148.86544939398482,147.68230739823957,146.13637623954492,144.4664292549569,142.7192989105897,140.90524870480112,139.03835914074625,137.1405024308333,135.2366144264197,133.3497727257054,131.4980316804449,129.69297727152298,127.93951515735898,126.23641812614733,124.57727689008789,122.95161389129498,121.3460093490321,119.74515222993978,118.1327716287069,116.49243167902569,114.80818993442699,113.06512845072393,111.24977102101548,109.35040099189428
ISR,Male,IschStroke,glp1,587.376588391851,1.0248365180259498,28.703714985763327,1.0248365180259498,4.506395727985705,7.764717206154501,10.688760351203996,12.674971818389508,13.968141018103097,14.922211436086968,15.735150220034711,16.490026174185914,17.216383130392728,17.92270278667661,18.610286417627208,19.278704371140407,19.927757191187766,20.558030797509446,21.17089366230107,21.768284756762796,22.35244062972515,22.925627203756676,23.48990549355881,24.04694298782465,24.597873306468955,25.143201777856348,25.682752002167035,26.215647398212923,26.74032163709444,27.25455236481389,27.755513416148688,28.23984160469172,28.703714985763327
ISR,Male,IschStroke,combo,587.376588391851,1.0248365180259498,28.703714985763327,1.0248365180259498,4.506395727985705,7.764717206154501,10.688760351203996,12.674971818389508,13.968141018103097,14.922211436086968,15.735150220034711,16.490026174185914,17.216383130392728,17.92270278667661,18.610286417627208,19.278704371140407,19.927757191187766,20.558030797509446,21.17089366230107,21.768284756762796,22.35244062972515,22.925627203756676,23.48990549355881,24.04694298782465,24.597873306468955,25.143201777856348,25.682752002167035,26.215647398212923,26.74032163709444,27.25455236481389,27.755513416148688,28.23984160469172,28.703714985763327
ISR,Female,IschStroke,glp1,777.799280901278,1.5544258322765927,37.14571537212032,1.5544258322765927,6.7046051673098646,11.175162647190746,15.039818525601731,17.508539518806174,19.021414152002762,20.12103779568588,21.08845923650847,22.026778937201698,22.96090972478828,23.88800555002331,24.798213813987104,25.68234528392668,26.534252946637935,27.351136987079826,28.133072028445895,28.882287104348052,29.60242185688776,30.29785404413201,30.973135816513604,31.632548228741143,32.27976910354914,32.917642120223036,33.54803190308735,34.171749362852324,34.78853261090626,35.39707072590659,35.995059986605156,36.579284517932365,37.14571537212032
ISR,Female,IschStroke,combo,777.799280901278,1.5544258322765927,37.14571537212032,1.5544258322765927,6.7046051673098646,11.175162647190746,15.039818525601731,17.508539518806174,19.021414152002762,20.12103779568588,21.08845923650847,22.026778937201698,22.96090972478828,23.88800555002331,24.798213813987104,25.68234528392668,26.534252946637935,27.351136987079826,28.133072028445895,28.882287104348052,29.60242185688776,30.29785404413201,30.973135816513604,31.632548228741143,32.27976910354914,32.917642120223036,33.54803190308735,34.171749362852324,34.78853261090626,35.39707072590659,35.995059986605156,36.579284517932365,37.14571537212032
NGA,Male,IschStroke,glp1,17573.49949100168,33.04591241131857,907.6957311127844,33.04591241131857,141.99630253161376,237.29154689070128,317.9066070766421,367.515002121163,396.0625812054459,415.6563531382526,432.83739978768426,450.3105787794375,469.01940185901185,489.1964332601128,510.8006413563635,533.6872678321524,557.6714293775949,582.5509920841359,608.1142307659466,634.142074401585,660.4086918815883,686.6818507493881,712.7235839805799,738.2913465852253,763.1396997128977,787.0224967625763,809.6955143474988,830.9194517249707,850.4632082403477,868.1073370583181,883.647564616047,896.8982593502951,907.6957311127844
NGA,Male,IschStroke,combo,17573.49949100168,33.04591241131857,907.6957311127844,33.04591241131857,141.99630253161376,237.29154689070128,317.9066070766421,367.515002121163,396.0625812054459,415.6563531382526,432.83739978768426,450.3105787794375,469.01940185901185,489.1964332601128,510.8006413563635,533.6872678321524,557.6714293775949,582.5509920841359,608.1142307659466,634.142074401585,660.4086918815883,686.6818507493881,712.7235839805799,738.2913465852253,763.1396997128977,787.0224967625763,809.6955143474988,830.9194517249707,850.4632082403477,868.1073370583181,883.647564616047,896.8982593502951,907.6957311127844
NGA,Female,IschStroke,glp1,18382.478036099015,31.963742537842336,993.7214974906674,31.963742537842336,136.44570698146708,226.94065718818092,304.67489834367734,353.9126322824959,384.06078398648606,406.59455752094436,427.5832695276986,449.38028506575574,472.6587708492734,497.44464843132664,523.5452306653133,550.7130178175357,578.7040554581399,607.2958330874098,636.2899402011462,665.5090691968144,694.7920019111334,723.9880088395585,752.9513008101203,781.5359034969297,809.5912319239942,836.9585959886608,863.4688233621928,888.941129898587,913.1832997982492,935.9931631049112,957.1612831056264,976.4746972268767,993.7214974906674
NGA,Female,IschStroke,combo,18382.478036099015,31.963742537842336,993.7214974906674,31.963742537842336,136.44570698146708,226.94065718818092,304.67489834367734,353.9126322824959,384.06078398648606,406.59455752094436,427.5832695276986,449.38028506575574,472.6587708492734,497.44464843132664,523.5452306653133,550.7130178175357,578.7040554581399,607.2958330874098,636.2899402011462,665.5090691968144,694.7920019111334,723.9880088395585,752.9513008101203,781.5359034969297,809.5912319239942,836.9585959886608,863.4688233621928,888.941129898587,913.1832997982492,935.9931631049112,957.1612831056264,976.4746972268767,993.7214974906674
EGY,Male,IschStroke,glp1,15409.82412870309,39.36365490939352,657.4243770701796,39.36365490939352,175.1133322211026,272.5450088144353,359.52643309193445,404.8885030034253,427.35433965938864,440.250482813437,451.0174099077085,461.8494931972673,473.3680686935986,485.55048926127347,498.2604654825918,511.34668355456233,524.6786131907138,538.1388887902358,551.6136556373385,564.9831634690272,578.1160020466341,590.8664433009617,603.0745149446884,614.5681647156889,625.16697927106,634.6869661822711,642.9459684491812,649.7693269107403,654.9954507557413,658.4810018998105,660.1054487206784,659.7747987380208,657.4243770701796
EGY,Male,IschStroke,combo,15409.82412870309,39.36365490939352,657.4243770701796,39.36365490939352,175.1133322211026,272.5450088144353,359.52643309193445,404.8885030034253,427.35433965938864,440.250482813437,451.0174099077085,461.8494931972673,473.3680686935986,485.55048926127347,498.2604654825918,511.34668355456233,524.6786131907138,538.1388887902358,551.6136556373385,564.9831634690272,578.1160020466341,590.8664433009617,603.0745149446884,614.5681647156889,625.16697927106,634.6869661822711,642.9459684491812,649.7693269107403,654.9954507557413,658.4810018998105,660.1054487206784,659.7747987380208,657.4243770701796
EGY,Female,IschStroke,glp1,10989.361280004268,36.5276389544415,481.60989389920724,36.5276389544415,146.19136197524494,209.89934622898727,267.0650652072254,290.88202008379085,300.8272002239137,305.77214217480287,310.85334189472997,317.09978315719127,324.66151867891676,333.3085159631373,342.7981105005492,352.91695655975855,363.49144246579453,374.3737943551241,385.42981593863806,396.52926217402637,407.53988061357086,418.3243822310833,428.7397273768074,438.6381442208367,447.86941000601655,456.28399591711786,463.73672850256844,470.0906599989321,475.2208769275894,479.0180158420044,481.3912988793163,482.27094905294507,481.60989389920724
EGY,Female,IschStroke,combo,10989.361280004268,36.5276389544415,481.60989389920724,36.5276389544415,146.19136197524494,209.89934622898727,267.0650652072254,290.88202008379085,300.8272002239137,305.77214217480287,310.85334189472997,317.09978315719127,324.66151867891676,333.3085159631373,342.7981105005492,352.91695655975855,363.49144246579453,374.3737943551241,385.42981593863806,396.52926217402637,407.53988061357086,418.3243822310833,428.7397273768074,438.6381442208367,447.86941000601655,456.28399591711786,463.73672850256844,470.0906599989321,475.2208769275894,479.0180158420044,481.3912988793163,482.27094905294507,481.60989389920724
BGD,Male,IschStroke,glp1,17522.27315966533,33.537769836289954,808.2474267683938,33.537769836289954,150.22859344007884,255.7945277019935,347.82681831191803,406.2164377430454,440.96691841161373,465.1605608520549,485.70852618338904,505.240220090378,524.511027383036,543.6142185764911,562.4639790415822,580.9623215371466,599.0442939163768,616.6801442841024,633.8644118545053,650.6028655165355,666.9009842240193,682.7549911445967,698.1454961679265,713.033493142706,727.3583894200856,741.037758447339,753.9685399754599,766.0294434733005,777.0843310043056,786.9863657458918,795.5827144782525,802.719590992514,808.2474267683938
BGD,Male,IschStroke,combo,17522.27315966533,33.537769836289954,808.2474267683938,33.537769836289954,150.22859344007884,255.7945277019935,347.82681831191803,406.2164377430454,440.96691841161373,465.1605608520549,485.70852618338904,505.240220090378,524.511027383036,543.6142185764911,562.4639790415822,580.9623215371466,599.0442939163768,616.6801442841024,633.8644118545053,650.6028655165355,666.9009842240193,682.7549911445967,698.1454961679265,713.033493142706,727.3583894200856,741.037758447339,753.9685399754599,766.0294434733005,777.0843310043056,786.9863657458918,795.5827144782525,802.719590992514,808.2474267683938
BGD,Female,IschStroke,glp1,18582.301352663733,50.67295858585567,913.528014185169,50.67295858585567,185.97363680820854,285.545956685728,368.9970572945749,419.3648076786849,447.5308505356479,468.04148058990177,486.7622566637874,505.69767377247626,525.201303356087,545.2285936280095,565.6603279979463,586.4040623258043,607.4011677689195,628.6165410678077,650.0247682533882,671.5980676785184,693.2963685640934,715.0594639657866,736.801107690364,758.4050619647678,779.7231609938026,800.5754457817384,820.7523574408406,840.0188756559146,858.1203782674784,874.7898958316073,889.7563551439453,902.753356486879,913.528014185169
BGD,Female,IschStroke,combo,18582.301352663733,50.67295858585567,913.528014185169,50.67295858585567,185.97363680820854,285.545956685728,368.9970572945749,419.3648076786849,447.5308505356479,468.04148058990177,486.7622566637874,505.69767377247626,525.201303356087,545.2285936280095,565.6603279979463,586.4040623258043,607.4011677689195,628.6165410678077,650.0247682533882,671.5980676785184,693.2963685640934,715.0594639657866,736.801107690364,758.4050619647678,779.7231609938026,800.5754457817384,820.7523574408406,840.0188756559146,858.1203782674784,874.7898958316073,889.7563551439453,902.753356486879,913.528014185169
USA,Male,IschStroke,glp1,36955.62956678237,74.55530289009039,1498.027878527253,74.55530289009039,326.4932930746727,561.3606324059001,770.7867194743521,910.9023626803319,999.6940871258994,1062.9355242036909,1114.9177179850594,1161.5387152864423,1204.8155572642063,1245.2496071428322,1282.8261497451167,1317.402402460095,1348.848564787375,1377.093069243274,1402.1314464840689,1424.0216194367968,1442.8742920785444,1458.8417388123635,1472.106312337739,1482.8692680085223,1491.3402457740885,1497.7276540338644,1502.2301523763163,1505.0293937912502,1506.2841495782923,1506.125899146704,1504.6559226186073,1501.9438880086236,1498.027878527253
USA,Male,IschStroke,combo,36955.62956678237,74.55530289009039,1498.027878527253,74.55530289009039,326.4932930746727,561.3606324059001,770.7867194743521,910.9023626803319,999.6940871258994,1062.9355242036909,1114.9177179850594,1161.5387152864423,1204.8155572642063,1245.2496071428322,1282.8261497451167,1317.402402460095,1348.848564787375,1377.093069243274,1402.1314464840689,1424.0216194367968,1442.8742920785444,1458.8417388123635,1472.106312337739,1482.8692680085223,1491.3402457740885,1497.7276540338644,1502.2301523763163,1505.0293937912502,1506.2841495782923,1506.125899146704,1504.6559226186073,1501.9438880086236,1498.027878527253
USA,Female,IschStroke,glp1,45413.31841592438,117.73023305837705,1810.6872366750322,117.73023305837705,482.3019962234539,785.1435723034956,1039.4654163200903,1195.1142466802849,1284.4904483744322,1344.6954529195937,1394.4785220200865,1440.7013772578212,1485.163788196267,1527.8946528730594,1568.4404989573086,1606.316190488098,1641.1413715534436,1672.667070225114,1700.7672091509885,1725.4207949485863,1746.69291669238,1764.7166999823676,1779.6765535623854,1791.7926413264358,1801.3065229704516,1808.4679976229672,1813.5232579378207,1816.7044981247745,1818.221122401752,1818.2526790932461,1816.9436079264706,1814.3998400577984,1810.6872366750322
USA,Female,IschStroke,combo,45413.31841592438,117.73023305837705,1810.6872366750322,117.73023305837705,482.3019962234539,785.1435723034956,1039.4654163200903,1195.1142466802849,1284.4904483744322,1344.6954529195937,1394.4785220200865,1440.7013772578212,1485.163788196267,1527.8946528730594,1568.4404989573086,1606.316190488098,1641.1413715534436,1672.667070225114,1700.7672091509885,1725.4207949485863,1746.69291669238,1764.7166999823676,1779.6765535623854,1791.7926413264358,1801.3065229704516,1808.4679976229672,1813.5232579378207,1816.7044981247745,1818.221122401752,1818.2526790932461,1816.9436079264706,1814.3998400577984,1810.6872366750322
JPN,Male,IschStroke,glp1,25106.410350494298,71.13936265725351,902.6278736116219,71.13936265725351,305.81671120041574,511.56219034022797,683.7610389071488,786.0892039974569,838.9009402466181,867.30724606679,884.7606564106536,896.8457427381654,905.6974617153319,912.1824041065847,916.76198919116,919.7908146658301,921.5991352108031,922.5003294526177,922.7772512129523,922.6671033036619,922.3511795756349,921.9506926902104,921.5279852386884,921.0917986947097,920.6051941204278,919.9948676279164,919.1608420318444,917.9857754605036,916.3433725763462,914.1055965102205,911.1485518068948,907.3570391256071,902.6278736116219
JPN,Male,IschStroke,combo,25106.410350494298,71.13936265725351,902.6278736116219,71.13936265725351,305.81671120041574,511.56219034022797,683.7610389071488,786.0892039974569,838.9009402466181,867.30724606679,884.7606564106536,896.8457427381654,905.6974617153319,912.1824041065847,916.76198919116,919.7908146658301,921.5991352108031,922.5003294526177,922.7772512129523,922.6671033036619,922.3511795756349,921.9506926902104,921.5279852386884,921.0917986947097,920.6051941204278,919.9948676279164,919.1608420318444,917.9857754605036,916.3433725763462,914.1055965102205,911.1485518068948,907.3570391256071,902.6278736116219
JPN,Female,IschStroke,glp1,21771.316232882105,76.98565195309493,772.1388123549696,76.98565195309493,307.85507087333826,485.77663067560206,624.7862741701902,699.8353240085416,734.5605828096304,752.1916226903268,763.7028288481233,772.8789248600297,780.6745217544303,787.1661358169004,792.2624316590736,795.9234270244633,798.2046467993787,799.2441997735514,799.2348188926044,798.3954366626931,796.9471098946233,795.0946025578523,793.0136122897238,790.8430838068598,788.6818194425796,786.588513354669,784.5843411054448,782.6572998514166,780.7675951238489,778.853491052243,776.8371680380224,774.63025473788,772.1388123549696
JPN,Female,IschStroke,combo,21771.316232882105,76.98565195309493,772.1388123549696,76.98565195309493,307.85507087333826,485.77663067560206,624.7862741701902,699.8353240085416,734.5605828096304,752.1916226903268,763.7028288481233,772.8789248600297,780.6745217544303,787.1661358169004,792.2624316590736,795.9234270244633,798.2046467993787,799.2441997735514,799.2348188926044,798.3954366626931,796.9471098946233,795.0946025578523,793.0136122897238,790.8430838068598,788.6818194425796,786.588513354669,784.5843411054448,782.6572998514166,780.7675951238489,778.853491052243,776.8371680380224,774.63025473788,772.1388123549696
GBR,Male,IschStroke,glp1,7426.402905936397,18.62367483234084,297.648896133609,18.62367483234084,80.25555009639174,134.12843432087357,179.37349302599068,206.5662480089759,221.17144767685022,229.84161472238338,236.1122898063877,241.42566095496295,246.30488416361368,250.92958503909358,255.36196054700486,259.6255013510181,263.729115011718,267.6732618193528,271.4513554849909,275.0506797847247,278.45380166691757,281.6403947681665,284.58913932930227,287.27939831849653,289.6924799419194,291.8124081353835,293.62621044720436,295.12379213967324,296.2974989705817,297.1414839723948,297.6509909734523,297.82165449262175,297.648896133609
GBR,Male,IschStroke,combo,7426.402905936397,18.62367483234084,297.648896133609,18.62367483234084,80.25555009639174,134.12843432087357,179.37349302599068,206.5662480089759,221.17144767685022,229.84161472238338,236.1122898063877,241.42566095496295,246.30488416361368,250.92958503909358,255.36196054700486,259.6255013510181,263.729115011718,267.6732618193528,271.4513554849909,275.0506797847247,278.45380166691757,281.6403947681665,284.58913932930227,287.27939831849653,289.6924799419194,291.8124081353835,293.62621044720436,295.12379213967324,296.2974989705817,297.1414839723948,297.6509909734523,297.82165449262175,297.648896133609
GBR,Female,IschStroke,glp1,8990.414215535073,26.71225931662775,362.69486584762126,26.71225931662775,110.68557728436463,177.42042644081084,230.7744097798677,260.2366733406052,274.3345717152333,281.95174917700206,287.40251814932344,292.2382929169835,296.9058887814499,301.49632711610684,306.0127285409071,310.4489912337049,314.80433172042467,319.0801278372419,323.2745976940969,327.37956447010583,331.37971871890113,335.25367935418035,338.9760035900981,342.5194503552593,345.8570223468523,348.96351562421114,351.8164674582513,354.3965098460394,356.6872123125504,358.6745404345347,360.34607331242296,361.69012081929395,362.69486584762126
GBR,Female,IschStroke,combo,8990.414215535073,26.71225931662775,362.69486584762126,26.71225931662775,110.68557728436463,177.42042644081084,230.7744097798677,260.2366733406052,274.3345717152333,281.95174917700206,287.40251814932344,292.2382929169835,296.9058887814499,301.49632711610684,306.0127285409071,310.4489912337049,314.80433172042467,319.0801278372419,323.2745976940969,327.37956447010583,331.37971871890113,335.25367935418035,338.9760035900981,342.5194503552593,345.8570223468523,348.96351562421114,351.8164674582513,354.3965098460394,356.6872123125504,358.6745404345347,360.34607331242296,361.69012081929395,362.69486584762126
DEU,Male,IschStroke,glp1,13969.20002050362,34.89177360160102,532.4807955385186,34.89177360160102,151.70227186810735,257.1452246554254,345.96562002854625,399.1830120169361,426.9474182193808,442.33643047354417,452.6850987600519,461.24280740911854,469.31449578289175,477.3635317825392,485.4875839013657,493.6208131825333,501.6254615312464,509.33798992709126,516.5948330502833,523.2475853880533,529.1717678782297,534.2712079013509,538.4792422422324,541.7575999472137,544.0936427234301,545.4965266494764,545.992760287867,545.6215554805094,544.4302925588418,542.4703499733441,539.793479929267,536.4488478146232,532.4807955385186
DEU,Male,IschStroke,combo,13969.20002050362,34.89177360160102,532.4807955385186,34.89177360160102,151.70227186810735,257.1452246554254,345.96562002854625,399.1830120169361,426.9474182193808,442.33643047354417,452.6850987600519,461.24280740911854,469.31449578289175,477.3635317825392,485.4875839013657,493.6208131825333,501.6254615312464,509.33798992709126,516.5948330502833,523.2475853880533,529.1717678782297,534.2712079013509,538.4792422422324,541.7575999472137,544.0936427234301,545.4965266494764,545.992760287867,545.6215554805094,544.4302925588418,542.4703499733441,539.793479929267,536.4488478146232,532.4807955385186
DEU,Female,IschStroke,glp1,15681.87743211371,43.285814737082546,602.6127369650421,43.285814737082546,185.66995472815324,309.4641411230041,411.36320538568543,469.4025338848587,496.64797604014166,509.2230117722502,516.0862887264957,521.2142008866977,526.2385756262993,531.7769198732458,537.9951538189562,544.8433131931561,552.1630599641903,559.7442295209803,567.3589323193446,574.7838047676669,581.8146801266557,588.2757502578461,594.0244964294761,598.9533413584613,602.9888035667645,606.0888193164537,608.2388047906243,609.4469502053398,609.7391629098347,609.1540055557853,607.7379069534545,605.5408573097629,602.6127369650421
DEU,Female,IschStroke,combo,15681.87743211371,43.285814737082546,602.6127369650421,43.285814737082546,185.66995472815324,309.4641411230041,411.36320538568543,469.4025338848587,496.64797604014166,509.2230117722502,516.0862887264957,521.2142008866977,526.2385756262993,531.7769198732458,537.9951538189562,544.8433131931561,552.1630599641903,559.7442295209803,567.3589323193446,574.7838047676669,581.8146801266557,588.2757502578461,594.0244964294761,598.9533413584613,602.9888035667645,606.0888193164537,608.2388047906243,609.4469502053398,609.7391629098347,609.1540055557853,607.7379069534545,605.5408573097629,602.6127369650421
GLB,Male,IschStroke,glp1,1371342.7547238981,2590.519457508344,60483.723608698696,2590.519457508344,11597.919529740931,20036.170570450835,27571.726730857277,32552.598553946475,35619.53902015113,37734.13195156818,39444.751896928996,40988.15588983847,42453.768340154085,43871.409822102636,45248.745871860534,46585.91076559853,47880.85700946348,49131.127472987864,50334.313150033355,51488.066942780744,52589.99517776165,53637.53687610151,54627.86223456543,55557.79536425555,56423.759799710475,57221.7456249129,57947.299007686786,58595.536449640524,59161.18649618374,59638.66098425258,60022.15638191672,60305.7837422397,60483.723608698696
GLB,Male,IschStroke,combo,1371342.7547238981,2590.519457508344,60483.723608698696,2590.519457508344,11597.919529740931,20036.170570450835,27571.726730857277,32552.598553946475,35619.53902015113,37734.13195156818,39444.751896928996,40988.15588983847,42453.768340154085,43871.409822102636,45248.745871860534,46585.91076559853,47880.85700946348,49131.127472987864,50334.313150033355,51488.066942780744,52589.99517776165,53637.53687610151,54627.86223456543,55557.79536425555,56423.759799710475,57221.7456249129,57947.299007686786,58595.536449640524,59161.18649618374,59638.66098425258,60022.15638191672,60305.7837422397,60483.723608698696
GLB,Female,IschStroke,glp1,1258485.1992390985,2730.429741144413,56311.42254989408,2730.429741144413,11930.399803468725,20007.817052770173,26932.615261352854,31184.023635187885,33553.855306960875,35068.08776448807,36281.62156958319,37418.11294240877,38551.041576869786,39696.293641566765,40850.34325845633,42004.554566022474,43150.07974508777,44279.25955996523,45385.80188346701,46464.582059727516,47511.361713596154,48522.519032060634,49494.81176335737,50425.17230447801,51310.530566318426,52147.66244337987,52933.06484332774,53662.86055195844,54332.737191197,54937.924195436295,55473.21035037516,55933.00236519147,56311.42254989408
GLB,Female,IschStroke,combo,1258485.1992390985,2730.429741144413,56311.42254989408,2730.429741144413,11930.399803468725,20007.817052770173,26932.615261352854,31184.023635187885,33553.855306960875,35068.08776448807,36281.62156958319,37418.11294240877,38551.041576869786,39696.293641566765,40850.34325845633,42004.554566022474,43150.07974508777,44279.25955996523,45385.80188346701,46464.582059727516,47511.361713596154,48522.519032060634,49494.81176335737,50425.17230447801,51310.530566318426,52147.66244337987,52933.06484332774,53662.86055195844,54332.737191197,54937.924195436295,55473.21035037516,55933.00236519147,56311.42254989408
CHN,Male,CKD,glp1,29093.843406424145,0.0,1683.9341519202717,0.0,15.70681304106256,49.486855165087036,107.1346207424649,184.4950612111279,272.5666678669513,364.6943228599848,457.44061737292213,549.1885550131847,639.1187301039317,726.7340679687914,811.6720009105338,893.636097982424,972.3718723654165,1047.6573918911163,1119.2984989600664,1187.1256934834964,1250.9920871571376,1310.7723414090142,1366.3624220461352,1417.679840670913,1464.6639734650962,1507.276077620074,1545.4987358558428,1579.3346076268936,1608.8045136637666,1633.945001635555,1654.8056205173925,1671.4461658974906,1683.9341519202717
CHN,Male,CKD,combo,29093.843406424145,0.0,1683.9341519202717,0.0,15.70681304106256,49.486855165087036,107.1346207424649,184.4950612111279,272.5666678669513,364.6943228599848,457.44061737292213,549.1885550131847,639.1187301039317,726.7340679687914,811.6720009105338,893.636097982424,972.3718723654165,1047.6573918911163,1119.2984989600664,1187.1256934834964,1250.9920871571376,1310.7723414090142,1366.3624220461352,1417.679840670913,1464.6639734650962,1507.276077620074,1545.4987358558428,1579.3346076268936,1608.8045136637666,1633.945001635555,1654.8056205173925,1671.4461658974906,1683.9341519202717
CHN,Female,CKD,glp1,30414.737050430398,0.0,1832.5509183535469,0.0,15.072423070552759,47.59845684852917,103.29384998638125,178.40704762724636,264.5379099864658,355.47670053111506,448.0330832731561,540.7058305677201,632.7106414510199,723.5320751386316,812.7516226192529,899.9907431662577,984.8958428975457,1067.1362380180944,1146.404913774386,1222.419234339206,1294.921294826825,1363.678222303788,1428.4826668533206,1489.1534980110882,1545.5365386871272,1597.505085859637,1644.9599789771892,1687.8290531572711,1726.065920677327,1759.6481318564038,1788.5748549176933,1812.86427265362,1832.5509183535469
CHN,Female,CKD,combo,30414.737050430398,0.0,1832.5509183535469,0.0,15.072423070552759,47.59845684852917,103.29384998638125,178.40704762724636,264.5379099864658,355.47670053111506,448.0330832731561,540.7058305677201,632.7106414510199,723.5320751386316,812.7516226192529,899.9907431662577,984.8958428975457,1067.1362380180944,1146.404913774386,1222.419234339206,1294.921294826825,1363.678222303788,1428.4826668533206,1489.1534980110882,1545.5365386871272,1597.505085859637,1644.9599789771892,1687.8290531572711,1726.065920677327,1759.6481318564038,1788.5748549176933,1812.86427265362,1832.5509183535469
IND,Male,CKD,glp1,20138.381322004163,0.0,1243.5327370377054,0.0,10.316949810447113,32.65736973319872,70.98350373728317,122.58033671524026,181.3598972447944,242.74842939649534,304.3735621711239,365.1621911208931,424.64512791714515,482.6159923037776,538.983606164853,593.7093687713204,646.7793915788643,698.1905314834585,747.9420283932268,796.0295624539285,842.4405832502089,887.1505590889574,930.1200878600066,971.2928997467534,1010.5947886069189,1047.933484948153,1083.1994513644313,1116.267550293749,1146.9995071971061,1175.2470701983693,1200.855749323542,1223.6690040922113,1243.5327370377054
IND,Male,CKD,combo,20138.381322004163,0.0,1243.5327370377054,0.0,10.316949810447113,32.65736973319872,70.98350373728317,122.58033671524026,181.3598972447944,242.74842939649534,304.3735621711239,365.1621911208931,424.64512791714515,482.6159923037776,538.983606164853,593.7093687713204,646.7793915788643,698.1905314834585,747.9420283932268,796.0295624539285,842.4405832502089,887.1505590889574,930.1200878600066,971.2928997467534,1010.5947886069189,1047.933484948153,1083.1994513644313,1116.267550293749,1146.9995071971061,1175.2470701983693,1200.855749323542,1223.6690040922113,1243.5327370377054
IND,Female,CKD,glp1,18115.556708070842,0.0,1102.7520775314042,0.0,9.744660339521943,30.70974859308626,66.44345873675775,114.18944219736295,168.1613286098218,224.13838530518115,280.0144710037348,334.8892744512341,388.39956612256356,440.40240074577014,490.8438243189448,539.7061753172966,586.986123046474,632.6843386526307,676.7995892571635,719.3246651920927,760.2432768099679,799.5276754786901,837.1369575196586,873.0160634784843,907.0954862158396,939.2916855519143,969.5081872040028,997.6373237835942,1023.5625569704425,1047.161303052082,1068.3081690116524,1086.878493573473,1102.7520775314042
IND,Female,CKD,combo,18115.556708070842,0.0,1102.7520775314042,0.0,9.744660339521943,30.70974859308626,66.44345873675775,114.18944219736295,168.1613286098218,224.13838530518115,280.0144710037348,334.8892744512341,388.39956612256356,440.40240074577014,490.8438243189448,539.7061753172966,586.986123046474,632.6843386526307,676.7995892571635,719.3246651920927,760.2432768099679,799.5276754786901,837.1369575196586,873.0160634784843,907.0954862158396,939.2916855519143,969.5081872040028,997.6373237835942,1023.5625569704425,1047.161303052082,1068.3081690116524,1086.878493573473,1102.7520775314042
BRA,Male,CKD,glp1,11009.569095893443,0.0,695.8942478045501,0.0,5.097921430871793,16.10314263141845,34.98151445679832,60.56799623091865,90.1207088698211,121.56640824024726,153.80287569352367,186.28958978032824,218.73955584549913,250.97176969141583,282.8497749829403,314.2574956435492,345.0900660020925,375.2504553392864,404.64820288059127,433.19880974601256,460.82323294536764,487.44729574013036,513.0009854182426,537.4176773770669,560.6333519690743,582.5858776513851,603.2144294581958,622.4591003319074,640.2607473231401,656.561097193,671.3031181070401,684.4316471090278,695.8942478045501
BRA,Male,CKD,combo,11009.569095893443,0.0,695.8942478045501,0.0,5.097921430871793,16.10314263141845,34.98151445679832,60.56799623091865,90.1207088698211,121.56640824024726,153.80287569352367,186.28958978032824,218.73955584549913,250.97176969141583,282.8497749829403,314.2574956435492,345.0900660020925,375.2504553392864,404.64820288059127,433.19880974601256,460.82323294536764,487.44729574013036,513.0009854182426,537.4176773770669,560.6333519690743,582.5858776513851,603.2144294581958,622.4591003319074,640.2607473231401,656.561097193,671.3031181070401,684.4316471090278,695.8942478045501
BRA,Female,CKD,glp1,9916.662837673615,0.0,634.3023971230141,0.0,4.508054271213041,14.233848524887435,30.921641412369354,53.550884270542156,79.7103786142834,107.58460980205928,136.21819044842778,165.1499606960242,194.1380434756902,223.02855534119954,251.70152136009347,280.05036138688956,307.97493319973,335.37978529345855,362.17422329646797,388.2728153373755,413.5957923371898,438.06915314703656,461.62444407583826,484.1982581997727,505.73153564603854,526.1687599190918,545.4571456668273,563.5459047186378,580.3856628841531,595.9280822446817,610.1257243768487,622.9321706037736,634.3023971230141
BRA,Female,CKD,combo,9916.662837673615,0.0,634.3023971230141,0.0,4.508054271213041,14.233848524887435,30.921641412369354,53.550884270542156,79.7103786142834,107.58460980205928,136.21819044842778,165.1499606960242,194.1380434756902,223.02855534119954,251.70152136009347,280.05036138688956,307.97493319973,335.37978529345855,362.17422329646797,388.2728153373755,413.5957923371898,438.06915314703656,461.62444407583826,484.1982581997727,505.73153564603854,526.1687599190918,545.4571456668273,563.5459047186378,580.3856628841531,595.9280822446817,610.1257243768487,622.9321706037736,634.3023971230141
CAN,Male,CKD,glp1,2203.3524015505845,0.0,124.58376320037496,0.0,1.1055242949923922,3.53332144414253,7.743102905605156,13.496888662124547,20.182816994752102,27.314843224839024,34.61074090147031,41.90924528221149,49.10636099909971,56.12547959271615,62.905503379021866,69.3965037027001,75.5581982670119,81.35936162032976,86.77745218050768,91.79819281900745,96.41501562848771,100.62835100771917,104.44477273326174,107.87602744330707,110.9379864630364,113.64956251408967,116.03163453585148,118.106021345935,119.89453995756503,121.4181778369757,122.6964009447438,123.74661166870465,124.58376320037496
CAN,Male,CKD,combo,2203.3524015505845,0.0,124.58376320037496,0.0,1.1055242949923922,3.53332144414253,7.743102905605156,13.496888662124547,20.182816994752102,27.314843224839024,34.61074090147031,41.90924528221149,49.10636099909971,56.12547959271615,62.905503379021866,69.3965037027001,75.5581982670119,81.35936162032976,86.77745218050768,91.79819281900745,96.41501562848771,100.62835100771917,104.44477273326174,107.87602744330707,110.9379864630364,113.64956251408967,116.03163453585148,118.106021345935,119.89453995756503,121.4181778369757,122.6964009447438,123.74661166870465,124.58376320037496
CAN,Female,CKD,glp1,2372.090296539739,0.0,139.04748730168558,0.0,1.1455236889141815,3.61214315700272,7.84722310543475,13.613205093400211,20.32348878582161,27.52628075258417,34.96763141041629,42.50430239252637,50.04076090691706,57.50114928427047,64.81926843191013,71.93585099282518,78.79838158590792,85.3616029489749,91.5880282981525,97.44823405651277,102.92087548898598,107.99242988255719,112.65669615765728,116.91409077031676,120.7707855043127,124.23773550733404,127.32964621867086,130.06392587709797,132.45966637701167,134.53668977057168,136.31469116682274,137.81250162514334,139.04748730168558
CAN,Female,CKD,combo,2372.090296539739,0.0,139.04748730168558,0.0,1.1455236889141815,3.61214315700272,7.84722310543475,13.613205093400211,20.32348878582161,27.52628075258417,34.96763141041629,42.50430239252637,50.04076090691706,57.50114928427047,64.81926843191013,71.93585099282518,78.79838158590792,85.3616029489749,91.5880282981525,97.44823405651277,102.92087548898598,107.99242988255719,112.65669615765728,116.91409077031676,120.7707855043127,124.23773550733404,127.32964621867086,130.06392587709797,132.45966637701167,134.53668977057168,136.31469116682274,137.81250162514334,139.04748730168558
TUR,Male,CKD,glp1,4915.173542847571,0.0,310.3906625401978,0.0,2.3650416377677175,7.455750114706461,16.155398903099922,27.86977239632688,41.28677178734324,55.44689957321316,69.86616690331721,84.3238174400467,98.7100109458388,112.95684377499674,127.01242022648148,140.8323977230557,154.3776304380699,167.61348800766064,180.50933111712948,193.03775262720956,205.17359326254882,216.89285543947335,228.171646648334,238.98525666423302,249.30743878426802,259.10993449879606,268.36225644283695,277.03172617806194,285.0837503157418,292.48230945473915,299.1906282474556,305.1719907546212,310.3906625401978
TUR,Male,CKD,combo,4915.173542847571,0.0,310.3906625401978,0.0,2.3650416377677175,7.455750114706461,16.155398903099922,27.86977239632688,41.28677178734324,55.44689957321316,69.86616690331721,84.3238174400467,98.7100109458388,112.95684377499674,127.01242022648148,140.8323977230557,154.3776304380699,167.61348800766064,180.50933111712948,193.03775262720956,205.17359326254882,216.89285543947335,228.171646648334,238.98525666423302,249.30743878426802,259.10993449879606,268.36225644283695,277.03172617806194,285.0837503157418,292.48230945473915,299.1906282474556,305.1719907546212,310.3906625401978
TUR,Female,CKD,glp1,5832.246838755211,0.0,378.98550103979505,0.0,2.671961976273451,8.420261326047694,18.25429104856812,31.54385724731401,46.85033970969562,63.10545878464109,79.75792940216706,96.54955520067597,113.35044755144554,130.08189439778653,146.68550304505698,163.11189450103484,179.31684492176646,195.25996231198224,210.9040298869004,226.21437387102924,241.1580951571632,255.70318500611756,269.8176035962824,283.4684090110386,296.6210131078624,309.2386224989059,321.28190331556107,332.70889008532686,343.47514297271846,353.53414412639904,362.83791287178246,371.33781078387256,378.98550103979505
TUR,Female,CKD,combo,5832.246838755211,0.0,378.98550103979505,0.0,2.671961976273451,8.420261326047694,18.25429104856812,31.54385724731401,46.85033970969562,63.10545878464109,79.75792940216706,96.54955520067597,113.35044755144554,130.08189439778653,146.68550304505698,163.11189450103484,179.31684492176646,195.25996231198224,210.9040298869004,226.21437387102924,241.1580951571632,255.70318500611756,269.8176035962824,283.4684090110386,296.6210131078624,309.2386224989059,321.28190331556107,332.70889008532686,343.47514297271846,353.53414412639904,362.83791287178246,371.33781078387256,378.98550103979505
ZAF,Male,CKD,glp1,2849.284375965496,0.0,164.14975188696553,0.0,1.6798149023579754,5.285766564980804,11.438424188502722,19.637455420064725,28.836736072829808,38.268871760703405,47.54967677287095,56.517136742713774,65.11134103403492,73.31701303694899,81.13899387030142,88.59152537968293,95.69285899754504,102.46192357423206,108.91591080359831,115.06842906745806,120.92814240937878,126.4978814321621,131.77421592713472,136.7474632835474,141.40208932655514,145.7174445277269,149.66876956303895,153.2283995808757,156.3670955646703,159.05543314082024,161.26518352857056,162.97062760522385,164.14975188696553
ZAF,Male,CKD,combo,2849.284375965496,0.0,164.14975188696553,0.0,1.6798149023579754,5.285766564980804,11.438424188502722,19.637455420064725,28.836736072829808,38.268871760703405,47.54967677287095,56.517136742713774,65.11134103403492,73.31701303694899,81.13899387030142,88.59152537968293,95.69285899754504,102.46192357423206,108.91591080359831,115.06842906745806,120.92814240937878,126.4978814321621,131.77421592713472,136.7474632835474,141.40208932655514,145.7174445277269,149.66876956303895,153.2283995808757,156.3670955646703,159.05543314082024,161.26518352857056,162.97062760522385,164.14975188696553
ZAF,Female,CKD,glp1,2492.7632310632034,0.0,135.901154650639,0.0,1.7765023607262265,5.550445298047634,11.909524290136687,20.17653859530219,29.166308406496682,38.08834683463647,46.59981367491855,54.59123182593248,62.047368640418426,68.98800915561696,75.44605954671533,81.4593968642348,87.06716065557157,92.30735888657,97.2149098941627,101.81997092022357,106.14659780183501,110.21180134107817,114.0250390682304,117.58814738865112,120.89569021031639,123.93567829331369,126.69059819809081,129.13867979291172,131.255325941931,133.0146266305528,134.39088197316414,135.36006392277886,135.901154650639
ZAF,Female,CKD,combo,2492.7632310632034,0.0,135.901154650639,0.0,1.7765023607262265,5.550445298047634,11.909524290136687,20.17653859530219,29.166308406496682,38.08834683463647,46.59981367491855,54.59123182593248,62.047368640418426,68.98800915561696,75.44605954671533,81.4593968642348,87.06716065557157,92.30735888657,97.2149098941627,101.81997092022357,106.14659780183501,110.21180134107817,114.0250390682304,117.58814738865112,120.89569021031639,123.93567829331369,126.69059819809081,129.13867979291172,131.255325941931,133.0146266305528,134.39088197316414,135.36006392277886,135.901154650639
MEX,Male,CKD,glp1,11812.652227479746,0.0,670.2122915808068,0.0,6.5455288140510675,20.47519560110959,44.06408050796017,75.5859483756285,111.42083779357927,148.9067924241026,186.66513222883805,224.04452897712326,260.71630899929005,296.48320139147836,331.2003436095765,364.7444101154979,397.0020576539464,427.8659594746423,457.2338026139696,485.00843427582004,511.0984387843346,535.418852748684,557.891894112734,578.447649792186,597.0246976546769,613.5706546855727,628.0426526489537,640.407748174126,650.6432767744118,658.7371601260966,664.6881733143018,668.5061742262478,670.2122915808068
MEX,Male,CKD,combo,11812.652227479746,0.0,670.2122915808068,0.0,6.5455288140510675,20.47519560110959,44.06408050796017,75.5859483756285,111.42083779357927,148.9067924241026,186.66513222883805,224.04452897712326,260.71630899929005,296.48320139147836,331.2003436095765,364.7444101154979,397.0020576539464,427.8659594746423,457.2338026139696,485.00843427582004,511.0984387843346,535.418852748684,557.891894112734,578.447649792186,597.0246976546769,613.5706546855727,628.0426526489537,640.407748174126,650.6432767744118,658.7371601260966,664.6881733143018,668.5061742262478,670.2122915808068
MEX,Female,CKD,glp1,13442.228638565448,0.0,828.4294614095415,0.0,6.506249430738535,20.45794398509679,44.25803203284522,76.34026195509068,113.20004732523375,152.23551229184523,192.0967966623066,232.14623758658126,272.0597220889249,311.6372740108709,350.72472981795727,389.1833850184121,426.87903798570915,463.67869467052515,499.4502458278366,534.0632451924757,567.3900319209424,599.3068865431269,629.6950935587738,658.4418640977965,685.4411103110251,710.5940833361528,733.8098981018193,755.0059744351747,774.1084262398363,791.0524294258357,805.7825951457198,818.2533681572531,828.4294614095415
MEX,Female,CKD,combo,13442.228638565448,0.0,828.4294614095415,0.0,6.506249430738535,20.45794398509679,44.25803203284522,76.34026195509068,113.20004732523375,152.23551229184523,192.0967966623066,232.14623758658126,272.0597220889249,311.6372740108709,350.72472981795727,389.1833850184121,426.87903798570915,463.67869467052515,499.4502458278366,534.0632451924757,567.3900319209424,599.3068865431269,629.6950935587738,658.4418640977965,685.4411103110251,710.5940833361528,733.8098981018193,755.0059744351747,774.1084262398363,791.0524294258357,805.7825951457198,818.2533681572531,828.4294614095415
AUS,Male,CKD,glp1,1511.4924792460833,0.0,91.76824741397104,0.0,0.7027810149334073,2.250243879512709,4.943743165331398,8.641085793367893,12.957057751452794,17.581641481823226,22.332880982920415,27.10652036659303,31.836592742619814,36.47671687824368,40.99234045416506,45.357453744235045,49.552924542682376,53.56538333433946,57.386304097970424,61.01118241180302,64.43879100373033,67.67050963281599,70.70972538864135,73.56129636519381,76.23107038586386,78.72545135711243,81.05100815379956,83.21412382300241,85.22068565524569,87.07581886340904,88.78366798339903,90.34723057790507,91.76824741397104
AUS,Male,CKD,combo,1511.4924792460833,0.0,91.76824741397104,0.0,0.7027810149334073,2.250243879512709,4.943743165331398,8.641085793367893,12.957057751452794,17.581641481823226,22.332880982920415,27.10652036659303,31.836592742619814,36.47671687824368,40.99234045416506,45.357453744235045,49.552924542682376,53.56538333433946,57.386304097970424,61.01118241180302,64.43879100373033,67.67050963281599,70.70972538864135,73.56129636519381,76.23107038586386,78.72545135711243,81.05100815379956,83.21412382300241,85.22068565524569,87.07581886340904,88.78366798339903,90.34723057790507,91.76824741397104
AUS,Female,CKD,glp1,1298.2956749428304,0.0,81.86873960637604,0.0,0.5458695550410084,1.7348546167963832,3.7979854805039395,6.64162648817728,9.998041951728283,13.654481120658147,17.486642073324674,21.420273359686234,25.40313109082308,29.392824788034886,33.35271688120929,37.25089327139631,41.06004449422471,44.75746762169956,48.324956111338906,51.748547115838846,55.01815710883375,58.12714634280292,61.071846073812594,63.85107296458773,66.46564704650518,68.91792408626043,71.21134993334908,73.35004282458794,75.338409063781,77.18079743721319,78.8811977501482,80.44298868409078,81.86873960637604
AUS,Female,CKD,combo,1298.2956749428304,0.0,81.86873960637604,0.0,0.5458695550410084,1.7348546167963832,3.7979854805039395,6.64162648817728,9.998041951728283,13.654481120658147,17.486642073324674,21.420273359686234,25.40313109082308,29.392824788034886,33.35271688120929,37.25089327139631,41.06004449422471,44.75746762169956,48.324956111338906,51.748547115838846,55.01815710883375,58.12714634280292,61.071846073812594,63.85107296458773,66.46564704650518,68.91792408626043,71.21134993334908,73.35004282458794,75.338409063781,77.18079743721319,78.8811977501482,80.44298868409078,81.86873960637604
NZL,Male,CKD,glp1,292.43108272130746,0.0,17.094705108246558,0.0,0.1609739181525356,0.5058917145498754,1.0923871689898306,1.8788034987600213,2.775084846530717,3.7134858181126447,4.657481722104194,5.588700573924825,6.497281150369986,7.377291833002573,8.224797184317254,9.03704516063135,9.812099397238399,10.548648328600848,11.245888328291926,11.903440965998811,12.521287646290034,13.099713455101323,13.639255512423006,14.140652936561537,14.604796803832073,15.032679556147741,15.425344216213375,15.783834491804441,16.109147357274082,16.40218997680222,16.663742883142277,16.894431167893003,17.094705108246558
NZL,Male,CKD,combo,292.43108272130746,0.0,17.094705108246558,0.0,0.1609739181525356,0.5058917145498754,1.0923871689898306,1.8788034987600213,2.775084846530717,3.7134858181126447,4.657481722104194,5.588700573924825,6.497281150369986,7.377291833002573,8.224797184317254,9.03704516063135,9.812099397238399,10.548648328600848,11.245888328291926,11.903440965998811,12.521287646290034,13.099713455101323,13.639255512423006,14.140652936561537,14.604796803832073,15.032679556147741,15.425344216213375,15.783834491804441,16.109147357274082,16.40218997680222,16.663742883142277,16.894431167893003,17.094705108246558
NZL,Female,CKD,glp1,227.4386781847894,0.0,13.455692692176513,0.0,0.12091273741475561,0.3783360631339292,0.8144895346370049,1.3992435958169835,2.068024671085027,2.772787340720811,3.48780647317642,4.199987320417108,4.9019331546051035,5.588745349911733,6.256734272659742,6.902920428182938,7.52483790322492,8.12044976120876,8.688104440658776,9.226506961840983,9.734694852905932,10.212014414808891,10.658095103147616,11.072820850108087,11.456297874610186,11.80881914656129,12.130826207524024,12.422869482913484,12.685568525647227,12.919573794136454,13.1255315871731,13.30405364438161,13.455692692176513
NZL,Female,CKD,combo,227.4386781847894,0.0,13.455692692176513,0.0,0.12091273741475561,0.3783360631339292,0.8144895346370049,1.3992435958169835,2.068024671085027,2.772787340720811,3.48780647317642,4.199987320417108,4.9019331546051035,5.588745349911733,6.256734272659742,6.902920428182938,7.52483790322492,8.12044976120876,8.688104440658776,9.226506961840983,9.734694852905932,10.212014414808891,10.658095103147616,11.072820850108087,11.456297874610186,11.80881914656129,12.130826207524024,12.422869482913484,12.685568525647227,12.919573794136454,13.1255315871731,13.30405364438161,13.455692692176513
ROU,Male,CKD,glp1,639.0472289371642,0.0,32.08521679953401,0.0,0.4952092441683362,1.52388082832681,3.2222864503435176,5.424289327144152,7.838487233859041,10.261015476382909,12.591696015537991,14.788095842830216,16.834079788241297,18.725342708321705,20.463389086852885,22.052912484886747,23.50043431639483,24.8134143843115,25.99958053705518,27.066413032336186,28.020772647600552,28.86866739098491,29.615145246641987,30.264292472390935,30.81931244696625,31.28265931221199,31.656202796122898,31.94140448564508,32.139490421264554,32.25160945160428,32.27897083598873,32.22295787321468,32.08521679953401
ROU,Male,CKD,combo,639.0472289371642,0.0,32.08521679953401,0.0,0.4952092441683362,1.52388082832681,3.2222864503435176,5.424289327144152,7.838487233859041,10.261015476382909,12.591696015537991,14.788095842830216,16.834079788241297,18.725342708321705,20.463389086852885,22.052912484886747,23.50043431639483,24.8134143843115,25.99958053705518,27.066413032336186,28.020772647600552,28.86866739098491,29.615145246641987,30.264292472390935,30.81931244696625,31.28265931221199,31.656202796122898,31.94140448564508,32.139490421264554,32.25160945160428,32.27897083598873,32.22295787321468,32.08521679953401
ROU,Female,CKD,glp1,650.6298257371914,0.0,33.40899852056282,0.0,0.49193424508393946,1.515145580628996,3.2041915795207387,5.3948392235590745,7.800867029560777,10.22323677290342,12.56456351173756,14.783162222335022,16.86201983387764,18.794829796206386,20.580493539780946,22.220992230785214,23.720436223705974,25.08446813117348,26.319753956892555,27.43350625491871,28.43305110477536,29.325463344283207,30.11728773560594,30.814352296468996,31.42166973511962,31.943415704044583,32.38296862417519,32.74299459881195,33.025561677209225,33.23226969644543,33.364384502823896,33.42296806419472,33.40899852056282
ROU,Female,CKD,combo,650.6298257371914,0.0,33.40899852056282,0.0,0.49193424508393946,1.515145580628996,3.2041915795207387,5.3948392235590745,7.800867029560777,10.22323677290342,12.56456351173756,14.783162222335022,16.86201983387764,18.794829796206386,20.580493539780946,22.220992230785214,23.720436223705974,25.08446813117348,26.319753956892555,27.43350625491871,28.43305110477536,29.325463344283207,30.11728773560594,30.814352296468996,31.42166973511962,31.943415704044583,32.38296862417519,32.74299459881195,33.025561677209225,33.23226969644543,33.364384502823896,33.42296806419472,33.40899852056282
BGR,Male,CKD,glp1,348.85953702580287,0.0,16.494848436872985,0.0,0.2966147292545429,0.9138810559043122,1.9315687622142832,3.244937708770749,4.673548588928497,6.091040993365596,7.43511288159084,8.67973764070939,9.816016749221944,10.843138311982102,11.76436866640529,12.5851320125048,13.311944566668899,13.95173797450434,14.511399887468087,14.997462672797155,15.415905330690066,15.772044692159966,16.070496048301152,16.315185791516,16.509400914470348,16.655862574112803,16.75681330824409,16.81410975865981,16.829314801936107,16.803784752568845,16.738748758013116,16.635378655966747,16.494848436872985
BGR,Male,CKD,combo,348.85953702580287,0.0,16.494848436872985,0.0,0.2966147292545429,0.9138810559043122,1.9315687622142832,3.244937708770749,4.673548588928497,6.091040993365596,7.43511288159084,8.67973764070939,9.816016749221944,10.843138311982102,11.76436866640529,12.5851320125048,13.311944566668899,13.95173797450434,14.511399887468087,14.997462672797155,15.415905330690066,15.772044692159966,16.070496048301152,16.315185791516,16.509400914470348,16.655862574112803,16.75681330824409,16.81410975865981,16.829314801936107,16.803784752568845,16.738748758013116,16.635378655966747,16.494848436872985
BGR,Female,CKD,glp1,285.8317876724735,0.0,13.651235742783456,0.0,0.2379654126771129,0.732572748052462,1.547928113525586,2.6025518063962636,3.7553589005584627,4.9071627216304705,6.007931694260719,7.035110509355377,7.9791019727823596,8.83667308888164,9.608158456509955,10.296139843553306,10.9046696059429,11.438714947698486,11.903723163582413,12.305279230907558,12.64884534354951,12.939574169391221,13.182186325360135,13.38090148504648,13.5394123746363,13.660891531831112,13.748021803159077,13.803042883394255,13.827807578096667,13.823842783045166,13.792411356530238,13.73457207933484,13.651235742783456
BGR,Female,CKD,combo,285.8317876724735,0.0,13.651235742783456,0.0,0.2379654126771129,0.732572748052462,1.547928113525586,2.6025518063962636,3.7553589005584627,4.9071627216304705,6.007931694260719,7.035110509355377,7.9791019727823596,8.83667308888164,9.608158456509955,10.296139843553306,10.9046696059429,11.438714947698486,11.903723163582413,12.305279230907558,12.64884534354951,12.939574169391221,13.182186325360135,13.38090148504648,13.5394123746363,13.660891531831112,13.748021803159077,13.803042883394255,13.827807578096667,13.823842783045166,13.792411356530238,13.73457207933484,13.651235742783456
ISR,Male,CKD,glp1,777.3250827836114,0.0,49.711269048891154,0.0,0.34342326263276846,1.0962824683613235,2.4031743023192575,4.198820955631163,6.304150851559825,8.574544627310615,10.923568193132041,13.29975658754438,15.669015607747951,18.00664097414824,20.294246890236536,22.51855588064518,24.670728678327123,26.745762396140435,28.741834711789124,30.659599495475504,32.50147603614687,34.27097552955183,35.97209800209339,37.608819942857735,39.18468140711275,40.70247252301715,42.16401333701333,43.570017431326505,44.920028204071514,46.21241654718597,47.44442936612313,48.61227952521858,49.711269048891154
ISR,Male,CKD,combo,777.3250827836114,0.0,49.711269048891154,0.0,0.34342326263276846,1.0962824683613235,2.4031743023192575,4.198820955631163,6.304150851559825,8.574544627310615,10.923568193132041,13.29975658754438,15.669015607747951,18.00664097414824,20.294246890236536,22.51855588064518,24.670728678327123,26.745762396140435,28.741834711789124,30.659599495475504,32.50147603614687,34.27097552955183,35.97209800209339,37.608819942857735,39.18468140711275,40.70247252301715,42.16401333701333,43.570017431326505,44.920028204071514,46.21241654718597,47.44442936612313,48.61227952521858,49.711269048891154
ISR,Female,CKD,glp1,717.9566276084804,0.0,45.92736441836678,0.0,0.2912688769529268,0.9318017154353129,2.0502019167388426,3.6023765512795762,5.448544010768956,7.473821919444617,9.607226534119263,11.80290287517505,14.026455918555712,16.249372524224782,18.447471651461456,20.60075799619699,22.693530779605226,24.714342161483955,26.65571758079159,28.513672802348992,30.287099886384112,31.97709575519775,33.58629442889924,35.11824736356539,36.57688024641493,37.96604105410006,39.2891437942144,40.54890506442507,41.74716597023507,42.88478949100181,43.96162250155248,44.976511819540065,45.92736441836678
ISR,Female,CKD,combo,717.9566276084804,0.0,45.92736441836678,0.0,0.2912688769529268,0.9318017154353129,2.0502019167388426,3.6023765512795762,5.448544010768956,7.473821919444617,9.607226534119263,11.80290287517505,14.026455918555712,16.249372524224782,18.447471651461456,20.60075799619699,22.693530779605226,24.714342161483955,26.65571758079159,28.513672802348992,30.287099886384112,31.97709575519775,33.58629442889924,35.11824736356539,36.57688024641493,37.96604105410006,39.2891437942144,40.54890506442507,41.74716597023507,42.88478949100181,43.96162250155248,44.976511819540065,45.92736441836678
NGA,Male,CKD,glp1,8213.985989561937,0.0,497.96852400577336,0.0,4.254438363077497,13.363946375986416,28.981556249582354,49.92991000010079,73.66534726067766,98.33759198381813,123.04943967288273,147.44767917653735,171.41566388913998,194.9246786520598,217.97109866932806,240.5512214797891,262.6517098022232,284.2464419389835,305.29599084931033,325.7481597616861,345.53891840705546,364.5934879655215,382.8275144126601,400.14836277427094,416.4566030234637,431.64776141288166,445.6143902017502,458.24847284056887,469.4441386773615,479.1006182899946,487.1253335559595,493.4369898694931,497.96852400577336
NGA,Male,CKD,combo,8213.985989561937,0.0,497.96852400577336,0.0,4.254438363077497,13.363946375986416,28.981556249582354,49.92991000010079,73.66534726067766,98.33759198381813,123.04943967288273,147.44767917653735,171.41566388913998,194.9246786520598,217.97109866932806,240.5512214797891,262.6517098022232,284.2464419389835,305.29599084931033,325.7481597616861,345.53891840705546,364.5934879655215,382.8275144126601,400.14836277427094,416.4566030234637,431.64776141288166,445.6143902017502,458.24847284056887,469.4441386773615,479.1006182899946,487.1253335559595,493.4369898694931,497.96852400577336
NGA,Female,CKD,glp1,5082.454600275585,0.0,300.9923591081315,0.0,2.540693521121284,8.191593399724297,18.058125633009695,31.528077307366402,46.97645872767862,63.12576455491944,79.29508581018308,95.17115099289367,110.61600146098135,125.56952196159546,140.00644625697896,153.91780399501295,167.3024498466948,180.16261950487387,192.5010868430545,204.3189889876412,215.6139923875271,226.37872357280867,236.59949399206744,246.2553896647878,255.31780377847826,263.7504762915305,271.51007605971245,278.54732374727246,284.80861339736657,290.2380522634594,294.77980676817606,298.3806204405373,300.9923591081315
NGA,Female,CKD,combo,5082.454600275585,0.0,300.9923591081315,0.0,2.540693521121284,8.191593399724297,18.058125633009695,31.528077307366402,46.97645872767862,63.12576455491944,79.29508581018308,95.17115099289367,110.61600146098135,125.56952196159546,140.00644625697896,153.91780399501295,167.3024498466948,180.16261950487387,192.5010868430545,204.3189889876412,215.6139923875271,226.37872357280867,236.59949399206744,246.2553896647878,255.31780377847826,263.7504762915305,271.51007605971245,278.54732374727246,284.80861339736657,290.2380522634594,294.77980676817606,298.3806204405373,300.9923591081315
EGY,Male,CKD,glp1,8526.407574505818,0.0,538.2929582299621,0.0,4.076350175746484,12.880486753987498,28.018321929488593,48.5101167004359,72.05170826302856,96.90066842139277,122.13961867798935,147.33232205875538,172.2643782439227,196.82019928840236,220.93180228895653,244.5573332833992,267.6705984366199,290.2543740272631,312.2950204745903,333.77773330913624,354.6823907752041,374.9801321223713,394.6308093565349,413.5814084564299,431.7654755834992,449.103525360566,465.50435772541823,480.8671692148491,495.08431427419055,508.0445520988069,519.636604034742,529.7528449401289,538.2929582299621
EGY,Male,CKD,combo,8526.407574505818,0.0,538.2929582299621,0.0,4.076350175746484,12.880486753987498,28.018321929488593,48.5101167004359,72.05170826302856,96.90066842139277,122.13961867798935,147.33232205875538,172.2643782439227,196.82019928840236,220.93180228895653,244.5573332833992,267.6705984366199,290.2543740272631,312.2950204745903,333.77773330913624,354.6823907752041,374.9801321223713,394.6308093565349,413.5814084564299,431.7654755834992,449.103525360566,465.50435772541823,480.8671692148491,495.08431427419055,508.0445520988069,519.636604034742,529.7528449401289,538.2929582299621
EGY,Female,CKD,glp1,9501.26809308747,0.0,608.5432619515923,0.0,4.769780030928814,14.780368910818652,31.67121652163405,54.229989172723435,79.90969423239949,106.86916182013738,134.18965120192297,161.46820738324095,188.5291846784312,215.29133461156016,241.71380883819074,267.77408136216036,293.457475886069,318.750623314736,343.63628171461096,368.0888596777986,392.0706340721881,415.52882610366214,438.39369839088977,460.5777760906385,481.9762212317073,502.4683184250971,521.9199687505679,540.1870395008445,557.1193814722646,572.5653026467116,586.3762769251625,598.411668168781,608.5432619515923
EGY,Female,CKD,combo,9501.26809308747,0.0,608.5432619515923,0.0,4.769780030928814,14.780368910818652,31.67121652163405,54.229989172723435,79.90969423239949,106.86916182013738,134.18965120192297,161.46820738324095,188.5291846784312,215.29133461156016,241.71380883819074,267.77408136216036,293.457475886069,318.750623314736,343.63628171461096,368.0888596777986,392.0706340721881,415.52882610366214,438.39369839088977,460.5777760906385,481.9762212317073,502.4683184250971,521.9199687505679,540.1870395008445,557.1193814722646,572.5653026467116,586.3762769251625,598.411668168781,608.5432619515923
BGD,Male,CKD,glp1,4723.966146000494,0.0,276.16670291929404,0.0,2.6295158195462136,8.234717994599123,17.73446101569789,30.411383299247973,44.771689176131986,59.721925781743266,74.7042918352472,89.46440294260174,103.88168425223012,117.88969381307288,131.4440934482318,144.51091313572033,157.06258354126294,169.07658367682598,180.53473212377503,191.42246489797617,201.72796744853258,211.4412186368245,220.5530534624413,229.05434257636443,236.9353579474773,244.18536248730015,250.79243421089268,256.74351495019437,262.02465968369506,266.6214541128902,270.51956382671415,273.7053769839622,276.16670291929404
BGD,Male,CKD,combo,4723.966146000494,0.0,276.16670291929404,0.0,2.6295158195462136,8.234717994599123,17.73446101569789,30.411383299247973,44.771689176131986,59.721925781743266,74.7042918352472,89.46440294260174,103.88168425223012,117.88969381307288,131.4440934482318,144.51091313572033,157.06258354126294,169.07658367682598,180.53473212377503,191.42246489797617,201.72796744853258,211.4412186368245,220.5530534624413,229.05434257636443,236.9353579474773,244.18536248730015,250.79243421089268,256.74351495019437,262.02465968369506,266.6214541128902,270.51956382671415,273.7053769839622,276.16670291929404
BGD,Female,CKD,glp1,2676.31243836485,0.0,163.4256509354036,0.0,1.41198019897638,4.408205763615115,9.477811831642612,16.243415063216162,23.921513996288013,31.945480341227267,40.03262230856126,48.05852984717967,55.9669971998228,63.728414955741755,71.32330647724484,78.73627852356549,85.9538269484674,92.96342368399382,99.75297135762776,106.31035184565735,112.62302033494052,118.67766159679195,124.45993342842485,129.95431403876137,135.1440601838658,140.011275320614,144.5370822403911,148.70189166313867,152.48575613055255,155.8687965625595,158.83168674619992,161.35617884037856,163.4256509354036
BGD,Female,CKD,combo,2676.31243836485,0.0,163.4256509354036,0.0,1.41198019897638,4.408205763615115,9.477811831642612,16.243415063216162,23.921513996288013,31.945480341227267,40.03262230856126,48.05852984717967,55.9669971998228,63.728414955741755,71.32330647724484,78.73627852356549,85.9538269484674,92.96342368399382,99.75297135762776,106.31035184565735,112.62302033494052,118.67766159679195,124.45993342842485,129.95431403876137,135.1440601838658,140.011275320614,144.5370822403911,148.70189166313867,152.48575613055255,155.8687965625595,158.83168674619992,161.35617884037856,163.4256509354036
USA,Male,CKD,glp1,31456.732349275087,0.0,1692.5250792774605,0.0,18.925942879286595,59.435128218712634,128.27666478224273,220.50691993010696,325.45446521295526,434.99722201209806,544.6189908920787,651.9068333272153,755.4499308280065,854.3259482163267,947.8914018844225,1035.6972937566316,1117.451282453767,1192.995589039274,1262.28940535117,1325.392080630263,1382.4461397898995,1433.6601768863184,1479.2919937176484,1519.6324319978157,1554.9903294284595,1585.6789708461147,1612.0043277474324,1634.2552936975117,1652.6960359431978,1667.5604994741298,1679.049021998857,1687.326949055685,1692.5250792774605
USA,Male,CKD,combo,31456.732349275087,0.0,1692.5250792774605,0.0,18.925942879286595,59.435128218712634,128.27666478224273,220.50691993010696,325.45446521295526,434.99722201209806,544.6189908920787,651.9068333272153,755.4499308280065,854.3259482163267,947.8914018844225,1035.6972937566316,1117.451282453767,1192.995589039274,1262.28940535117,1325.392080630263,1382.4461397898995,1433.6601768863184,1479.2919937176484,1519.6324319978157,1554.9903294284595,1585.6789708461147,1612.0043277474324,1634.2552936975117,1652.6960359431978,1667.5604994741298,1679.049021998857,1687.326949055685,1692.5250792774605
USA,Female,CKD,glp1,28540.565077752733,0.0,1563.6826837677218,0.0,16.615885628780234,51.93518908304395,111.75784780409595,191.89279187403736,283.3557807155739,379.3845378763217,476.24925819462806,571.9353025601886,665.207429809394,755.1888338470017,841.2018062960415,922.7134624993632,999.3180004177702,1070.7289365436736,1136.7719600782148,1197.375680379555,1252.5599869283906,1302.4225709709135,1347.1243752300506,1386.8747260066448,1421.9168069929292,1452.5140129411302,1478.9375969436223,1501.4559073828423,1520.3254040091124,1535.7835488786513,1548.0435873683455,1557.2911667246954,1563.6826837677218
USA,Female,CKD,combo,28540.565077752733,0.0,1563.6826837677218,0.0,16.615885628780234,51.93518908304395,111.75784780409595,191.89279187403736,283.3557807155739,379.3845378763217,476.24925819462806,571.9353025601886,665.207429809394,755.1888338470017,841.2018062960415,922.7134624993632,999.3180004177702,1070.7289365436736,1136.7719600782148,1197.375680379555,1252.5599869283906,1302.4225709709135,1347.1243752300506,1386.8747260066448,1421.9168069929292,1452.5140129411302,1478.9375969436223,1501.4559073828423,1520.3254040091124,1535.7835488786513,1548.0435873683455,1557.2911667246954,1563.6826837677218
JPN,Male,CKD,glp1,6524.435180293633,0.0,329.1284929149442,0.0,5.127345753295231,16.072937572687806,34.38665024029251,58.24911294877529,84.35252058295373,110.31339339210899,134.922403925244,157.66055223041985,178.35190058976514,196.9958821151995,213.68933011764966,228.5845617631203,241.86177022763877,253.7085290640607,264.30446235825366,273.81057019238506,282.3628215021199,290.06942930242076,297.0110511280436,303.2430958859659,308.7993589769794,313.6963161710737,317.9375485775745,321.5179192679607,324.4272589381944,326.65343349804607,328.18475656959345,329.01177448686576,329.1284929149442
JPN,Male,CKD,combo,6524.435180293633,0.0,329.1284929149442,0.0,5.127345753295231,16.072937572687806,34.38665024029251,58.24911294877529,84.35252058295373,110.31339339210899,134.922403925244,157.66055223041985,178.35190058976514,196.9958821151995,213.68933011764966,228.5845617631203,241.86177022763877,253.7085290640607,264.30446235825366,273.81057019238506,282.3628215021199,290.06942930242076,297.0110511280436,303.2430958859659,308.7993589769794,313.6963161710737,317.9375485775745,321.5179192679607,324.4272589381944,326.65343349804607,328.18475656959345,329.01177448686576,329.1284929149442
JPN,Female,CKD,glp1,5252.0035838418735,0.0,266.23278571716946,0.0,4.276375915884273,13.269471972096653,28.162233632203424,47.39229417720344,68.28812196150466,89.0147218651291,108.69080537450282,126.9497059294954,143.65469635492263,158.77790429777815,172.35467297138894,184.46397769892428,195.21571501166545,204.73922271446645,213.1723187164098,220.65150667564376,227.30405340281504,233.2423209454828,238.56038703280137,243.3327262799612,247.61457134414377,251.44351283602373,254.8419039583605,257.81968576878353,260.37732119193606,262.50860523848314,264.20319502030543,265.44876983638824,266.23278571716946
JPN,Female,CKD,combo,5252.0035838418735,0.0,266.23278571716946,0.0,4.276375915884273,13.269471972096653,28.162233632203424,47.39229417720344,68.28812196150466,89.0147218651291,108.69080537450282,126.9497059294954,143.65469635492263,158.77790429777815,172.35467297138894,184.46397769892428,195.21571501166545,204.73922271446645,213.1723187164098,220.65150667564376,227.30405340281504,233.2423209454828,238.56038703280137,243.3327262799612,247.61457134414377,251.44351283602373,254.8419039583605,257.81968576878353,260.37732119193606,262.50860523848314,264.20319502030543,265.44876983638824,266.23278571716946
GBR,Male,CKD,glp1,2331.315942001289,0.0,132.10314734329768,0.0,1.2837851556996611,4.072811228817045,8.84126640780778,15.271288981274665,22.647230627137105,30.409312575588046,38.23220832707193,45.93362475023332,53.40589004122103,60.58281387566876,67.42422537621678,73.90760817632781,80.02259456075353,85.76691003293035,91.14334803038128,96.1576166393861,100.81692660428598,105.12916827415575,109.10251312317996,112.7452840518472,116.06596317322783,119.07323837228887,121.77602384851889,124.18342052564458,126.3046070962464,128.1486706005162,129.7243969304509,131.0400472711135,132.10314734329768
GBR,Male,CKD,combo,2331.315942001289,0.0,132.10314734329768,0.0,1.2837851556996611,4.072811228817045,8.84126640780778,15.271288981274665,22.647230627137105,30.409312575588046,38.23220832707193,45.93362475023332,53.40589004122103,60.58281387566876,67.42422537621678,73.90760817632781,80.02259456075353,85.76691003293035,91.14334803038128,96.1576166393861,100.81692660428598,105.12916827415575,109.10251312317996,112.7452840518472,116.06596317322783,119.07323837228887,121.77602384851889,124.18342052564458,126.3046070962464,128.1486706005162,129.7243969304509,131.0400472711135,132.10314734329768
GBR,Female,CKD,glp1,2688.105786099539,0.0,160.0540169428441,0.0,1.3011044862505514,4.114632779752355,8.926817131000462,15.465015748788574,23.08054804382573,31.26792074808418,39.72790740543496,48.278006025549075,56.79128417414722,65.17079119426398,73.34044005714532,81.24137029946087,88.82956379283041,96.0735281105708,102.95194734779034,109.45147536986588,115.56483439989097,121.2892958447992,126.62553913342344,131.57683110367907,136.1484441041648,140.34722887310272,144.18127037123486,147.65957398697174,150.79175054922234,153.58768780262108,156.0572113723356,158.2097489004882,160.0540169428441
GBR,Female,CKD,combo,2688.105786099539,0.0,160.0540169428441,0.0,1.3011044862505514,4.114632779752355,8.926817131000462,15.465015748788574,23.08054804382573,31.26792074808418,39.72790740543496,48.278006025549075,56.79128417414722,65.17079119426398,73.34044005714532,81.24137029946087,88.82956379283041,96.0735281105708,102.95194734779034,109.45147536986588,115.56483439989097,121.2892958447992,126.62553913342344,131.57683110367907,136.1484441041648,140.34722887310272,144.18127037123486,147.65957398697174,150.79175054922234,153.58768780262108,156.0572113723356,158.2097489004882,160.0540169428441
DEU,Male,CKD,glp1,6690.172435393855,0.0,354.94363871620226,0.0,4.406518817129836,13.699406742874999,29.14742821430991,49.393243429774884,71.97061962625594,95.13068950171873,117.99803204221098,140.18675167942274,161.52690455797347,181.93245830848173,201.34506687071917,219.71254398611927,236.98283101548805,253.10478880130177,268.03170246147783,281.7254128164932,294.1599748086228,305.3242857730329,315.22345776447764,323.87892269716394,331.3273982190367,337.6189269839524,342.81424523922396,346.98174803467555,350.1943059284022,352.52615884743136,354.05007289642526,354.83490061345583,354.94363871620226
DEU,Male,CKD,combo,6690.172435393855,0.0,354.94363871620226,0.0,4.406518817129836,13.699406742874999,29.14742821430991,49.393243429774884,71.97061962625594,95.13068950171873,117.99803204221098,140.18675167942274,161.52690455797347,181.93245830848173,201.34506687071917,219.71254398611927,236.98283101548805,253.10478880130177,268.03170246147783,281.7254128164932,294.1599748086228,305.3242857730329,315.22345776447764,323.87892269716394,331.3273982190367,337.6189269839524,342.81424523922396,346.98174803467555,350.1943059284022,352.52615884743136,354.05007289642526,354.83490061345583,354.94363871620226
DEU,Female,CKD,glp1,8521.580348693704,0.0,473.75515350299247,0.0,4.8739896648185095,15.240609902517463,32.64286824221199,55.784547783463495,82.09533141016072,109.68223658970237,137.53215578536765,165.134822132135,192.20963289696738,218.5730764575237,244.08122423433088,268.60640833910657,292.0292943976274,314.23802049213555,335.1304868340958,354.6177748508089,372.6275658506747,389.1069110029057,404.0240033028167,417.3688071304787,429.15254799810646,439.40616993694493,448.17793872356924,455.53041099434995,461.537006634564,466.27841895960955,469.83907851144977,472.30385613226827,473.75515350299247
DEU,Female,CKD,combo,8521.580348693704,0.0,473.75515350299247,0.0,4.8739896648185095,15.240609902517463,32.64286824221199,55.784547783463495,82.09533141016072,109.68223658970237,137.53215578536765,165.134822132135,192.20963289696738,218.5730764575237,244.08122423433088,268.60640833910657,292.0292943976274,314.23802049213555,335.1304868340958,354.6177748508089,372.6275658506747,389.1069110029057,404.0240033028167,417.3688071304787,429.15254799810646,439.40616993694493,448.17793872356924,455.53041099434995,461.537006634564,466.27841895960955,469.83907851144977,472.30385613226827,473.75515350299247
GLB,Male,CKD,glp1,292794.8065367816,0.0,17754.682053363416,0.0,151.48405757406726,477.22502788424026,1033.053212842904,1780.2322487265337,2633.6548407564405,3529.7815653196303,4435.216875278507,5333.907312913565,6217.664318299154,7081.687033271766,7922.727261587512,8738.370937358239,9526.74825635762,10286.397126961034,11016.177691001096,11715.203461749014,12382.779497092357,13018.346133870073,13621.42877021851,14191.594200657331,14728.413658320555,15231.432500466239,15700.146461898228,16133.984522271203,16532.29858345166,16894.36024677707,17219.364966071676,17506.443714441964,17754.682053363416
GLB,Male,CKD,combo,292794.8065367816,0.0,17754.682053363416,0.0,151.48405757406726,477.22502788424026,1033.053212842904,1780.2322487265337,2633.6548407564405,3529.7815653196303,4435.216875278507,5333.907312913565,6217.664318299154,7081.687033271766,7922.727261587512,8738.370937358239,9526.74825635762,10286.397126961034,11016.177691001096,11715.203461749014,12382.779497092357,13018.346133870073,13621.42877021851,14191.594200657331,14728.413658320555,15231.432500466239,15700.146461898228,16133.984522271203,16532.29858345166,16894.36024677707,17219.364966071676,17506.443714441964,17754.682053363416
GLB,Female,CKD,glp1,284443.2853212032,0.0,17615.326621426735,0.0,144.0587085179286,452.38715785974637,976.8806932742009,1680.8522119951667,2485.116505783517,3331.337657894357,4189.419247880112,5045.205094102188,5891.53402283031,6724.074520776165,7539.6699292941485,8335.740693155443,9110.086703407695,9860.824444685364,10586.359491033014,11285.361178024905,11956.731406739214,12599.568085366744,13213.125834014267,13796.776449197321,14349.970938076382,14872.204317308846,15362.983997648931,15821.802422944922,16248.114615215454,16641.32130317716,17000.758306184318,17325.692763388623,17615.326621426735
GLB,Female,CKD,combo,284443.2853212032,0.0,17615.326621426735,0.0,144.0587085179286,452.38715785974637,976.8806932742009,1680.8522119951667,2485.116505783517,3331.337657894357,4189.419247880112,5045.205094102188,5891.53402283031,6724.074520776165,7539.6699292941485,8335.740693155443,9110.086703407695,9860.824444685364,10586.359491033014,11285.361178024905,11956.731406739214,12599.568085366744,13213.125834014267,13796.776449197321,14349.970938076382,14872.204317308846,15362.983997648931,15821.802422944922,16248.114615215454,16641.32130317716,17000.758306184318,17325.692763388623,17615.326621426735
