iso3,sex,outcome,arm,averted_10yr,averted_yr1,averted_yr10,yr1,yr2,yr3,yr4,yr5,yr6,yr7,yr8,yr9,yr10,yr11,yr12,yr13,yr14,yr15,yr16,yr17,yr18,yr19,yr20,yr21,yr22,yr23,yr24,yr25,yr26,yr27,yr28,yr29,yr30
CHN,Male,IHD,glp1,514737.82334377104,1735.2758940814529,19219.49394867383,1735.2758940814529,7337.943242185051,12023.424307886045,15635.329045330407,17408.092666602693,17973.208861975232,18020.892547521507,17912.18626211537,17792.024144992232,17708.495676741237,17672.024630977307,17679.864505489822,17725.498416219372,17801.962296340847,17902.806342267664,18022.198541413993,18154.78066736739,18295.516238760436,18439.60882732109,18582.497801485937,18719.90941975778,18847.933273906354,18963.096937475726,19062.419342903886,19143.43232395337,19204.16785206017,19243.114722300787,19259.152461851714,19251.472143812338,19219.49394867383
CHN,Male,IHD,diet,391552.66842080746,0.0,23207.556781962514,0.0,229.4100495481398,555.2560300116893,1027.3276725448668,1693.8499263925478,2584.798879609909,3695.677653083112,4984.62297183089,6386.296384533867,7832.331879083067,9266.316263710614,10649.376211544499,11958.995789127424,13184.971057187067,14325.073110370897,15381.523805328412,16358.525851801038,17260.72352838493,18092.367344064172,18856.96154931397,19557.21354496805,20195.149388902588,20772.299868934555,21289.89459443651,21749.027325032046,22150.775040147593,22496.266929374076,22786.708432846935,23023.370556731476,23207.556781962514
CHN,Male,IHD,combo,899597.0848550207,1735.2758940814529,42079.63817637414,1735.2758940814529,7565.440032747807,12571.231438484509,16644.432951524155,19067.57774647628,20502.697989706183,21636.443332910305,22789.399694096297,24042.82389192772,25377.944813206326,26749.84407910076,28117.484070053324,29452.01754411473,30736.20348565583,31961.155368655454,33123.008987844456,34220.362167147454,35252.61003826279,36219.03652929515,37118.455505583435,37949.20395744778,38709.32503578137,39396.82041539019,40009.891062200535,40547.119435824454,41007.57307618833,41390.82916709152,41696.93252354441,41926.3064443036,42079.63817637414
CHN,Female,IHD,glp1,460262.09967246954,1491.2333679797594,18985.4563520581,1491.2333679797594,6225.298259329051,10091.463766335859,13030.817330371821,14440.953439576318,14875.563741920865,14915.712667244254,14858.337217163644,14818.575823479332,14831.52624420647,14901.79358954914,15023.710264118738,15189.009171368903,15389.510234325659,15617.872603271971,15867.628461040207,16132.99276294047,16408.651930427644,16689.608864983078,16971.103394628037,17248.59964679717,17517.82013581856,17774.80369969108,18015.966920660343,18238.153756109066,18438.6640329645,18615.25706208148,18766.131228765473,18889.883703262545,18985.4563520581
CHN,Female,IHD,diet,370283.1937149054,0.0,23265.528042126447,0.0,190.09930009418167,464.9988662538817,867.5501859809738,1439.5436767840292,2208.0608494937187,3172.065338961198,4299.796711801086,5539.7662042089505,6837.057258230285,8145.297786819516,9431.24681074603,10674.118482939084,11862.693929089117,12992.173972435994,14061.585720226285,15071.915781020187,16024.887516447576,16922.234755865065,17765.330934460042,18555.05809479789,19291.82635101676,19975.676759120077,20606.418918488314,21183.76974493498,21707.472252923762,22177.38315669517,22593.525802128483,22956.110510816332,23265.528042126447
CHN,Female,IHD,combo,823930.9027997459,1491.2333679797594,41878.059442393016,1491.2333679797594,6413.812148519326,10550.205214787275,13882.890221699723,15851.044837699505,17035.837599069346,18018.007292844122,19063.845994051197,20238.355839589378,21522.97919674148,22876.88915933692,24261.741378638195,25648.732153795892,27018.49587605626,28358.801629714202,29662.061825740733,30923.319404380512,32138.83887470211,33305.236585975625,34419.03306750581,35476.50699396152,36473.743759643985,37406.79050680576,38271.84969052905,39065.4629803251,39784.65526091936,40427.023815450026,40990.76991083124,41474.67877005949,41878.059442393016
IND,Male,IHD,glp1,480806.85007415013,1446.5473887119442,18801.598594312556,1446.5473887119442,6133.51682603755,10073.984484250774,13226.912503634114,14923.565947854659,15632.391232271912,15893.552574009751,15995.89074740617,16060.042362402077,16130.696039123693,16222.367299990496,16338.16432521143,16476.965046441182,16636.06743593095,16812.139765044674,17001.55028054281,17200.479571545962,17404.96358073596,17610.920057205018,17814.17623114935,18010.50285562896,18195.655357562704,18365.421390343457,18515.673628720222,18642.426482972456,18741.895293623675,18810.556438256754,18845.206644631457,18843.019688597415,18801.598594312556
IND,Male,IHD,diet,367650.7000525439,0.0,21021.733795860317,0.0,236.25979424710386,581.2274358281866,1081.230014011846,1778.3481910189148,2693.3021367957117,3811.346346937353,5082.935583465383,6439.984764715075,7816.072975849849,9159.452042846708,10436.55774315074,11629.544021239271,12731.804732230958,13743.744324341882,14669.575441160938,15515.16802388383,16286.721937508788,16990.011671036482,17630.00238101068,18210.696327890735,18735.11714566732,19205.373557632556,19622.766668037046,19987.919179138262,20300.913584370166,20561.43156115152,20768.889767448884,20922.56890406739,21021.733795860317
IND,Male,IHD,combo,842206.6446335977,1446.5473887119442,39529.29547848366,1446.5473887119442,6367.80623505055,10647.369016736047,14288.779853415443,16665.34150413319,18266.995451657218,19620.34307642514,20966.317942097783,22359.287211396382,23779.083138088346,25189.531221609097,26560.7085807228,27873.77312207385,29119.284237771528,30294.04821383953,31398.331411117222,32433.87360221846,33402.63100117026,34306.05908622127,35144.758683816995,35918.35373423016,36625.51152356411,37264.047809474636,37831.080658035586,38323.210461931536,38736.7119639751,39067.72902574693,39312.46565822582,39467.3683416571,39529.29547848366
IND,Female,IHD,glp1,375706.89284058986,932.0464729145169,15106.979518135078,932.0464729145169,4095.402445602347,6877.800819633761,9225.316061198479,10609.606715307222,11308.521177589544,11683.959061480942,11935.321978488355,12146.667247873149,12348.988114805194,12552.231358499965,12758.601476428681,12967.627726863837,13177.97610186087,13388.041454621009,13596.105307095684,13800.353045215015,13998.856738610426,14189.559826095589,14370.274360017618,14538.692498333636,14692.410953630344,14828.966239947244,14945.87837557448,15040.700706054457,15111.073552635964,15154.77943692985,15169.797693225788,15154.35637592082,15106.979518135078
IND,Female,IHD,diet,319014.3066492715,0.0,18389.341553719714,0.0,221.5041236525867,537.2132095063571,988.8558732381789,1612.6900928847026,2424.604994310299,3408.3470572634833,4517.417622393346,5690.658358850749,6870.454106675112,8013.684548978694,9093.94166744873,10098.618850501138,11024.547561947373,11874.130406215787,12652.545196725172,13365.947931376286,14020.416686538723,14621.387307583354,15173.394422928919,15679.99312529806,16143.783151793177,16566.48858110432,16949.065697056707,17291.82349261758,17594.548143468564,17856.626591332257,18077.166385132354,18255.10990872979,18389.341553719714
IND,Female,IHD,combo,689491.761010681,932.0464729145169,33246.313817240065,932.0464729145169,4315.059244973818,7407.814355233568,10196.676909530885,12189.68834562623,13681.392780335387,15018.552139264531,16355.535866626771,17716.80009427946,19076.9963749178,20403.744233949343,21673.170606421656,22872.19363886607,23996.11194546288,25045.43877839588,26023.33379997185,26933.86179648561,27780.93696491164,28567.74834102043,29296.496327690664,29968.320883239852,30583.343928537797,31140.777911461773,31639.07136743737,32076.07384279836,32449.209286061116,32755.65079339128,32992.49163188576,33156.90853174869,33246.313817240065
BRA,Male,IHD,glp1,60634.4454384929,150.61284451214306,2378.876762814616,150.61284451214306,649.1714027206763,1094.6719299711694,1473.7049807612493,1705.5204260045575,1831.1085018091253,1904.248872424374,1954.9201599983935,1996.1904687899223,2033.2672710766637,2068.1475619997364,2101.56986228624,2133.7795428390527,2164.821055416338,2194.6482663055504,2223.1660127469368,2250.2459952840873,2275.7333198141714,2299.4498680242395,2321.1968629107287,2340.7575569263427,2357.9004118624434,2372.3829043834994,2383.95597420758,2392.3690599672846,2397.375615904486,2398.738963158423,2396.238300704921,2389.674682867946,2378.876762814616
BRA,Male,IHD,diet,51943.208454995605,0.0,3102.2285859202384,0.0,27.26887689321302,68.36058401201444,128.99596990582359,214.6369862863794,328.5148640130501,469.9054385955096,633.9759584389976,813.385281027935,1000.4466298153857,1188.6414083570999,1373.169570682614,1550.8493664077105,1719.7586063216295,1878.8552418643085,2027.6698216210498,2166.0845599033346,2294.1847746244166,2412.162942852854,2520.258491090761,2618.7210288931674,2707.7887487063417,2787.6766533064365,2858.5712455858884,2920.629572018399,2973.981280015607,3018.7328035904793,3054.973051150504,3082.780113094457,3102.2285859202384
BRA,Male,IHD,combo,111561.59034217753,150.61284451214306,5428.177807899483,150.61284451214306,676.212859656298,1162.102787752141,1600.356021074971,1915.6407781008456,2152.2320061032806,2363.289217663114,2574.1257913992886,2790.6758595238643,3010.6597735055257,3229.714083664803,3443.8838101117,3650.293492095603,3847.09248362403,4033.1973565675726,4208.034855052698,4371.343061284439,4523.033382774884,4663.1004268813995,4791.565770144807,4908.444632168161,5013.727794337639,5107.373717401904,5189.307609090727,5259.42534018273,5317.6008015830885,5363.6956961134565,5397.570981332363,5419.0993005745695,5428.177807899483
BRA,Female,IHD,glp1,52389.83904199825,106.36630377881374,2296.4095532498905,106.36630377881374,464.8638955820061,794.3795349261345,1085.4538914159057,1275.8546928909054,1391.4641219460755,1469.6240779059299,1531.5667012290942,1586.5847962091502,1638.3322449391271,1688.1482959139248,1736.474925807328,1783.418390006511,1828.9643805222295,1873.0581230640528,1915.6325650598592,1956.6166939357208,1995.936254781438,2033.5116192021233,2069.2547356627183,2103.0660389110417,2134.831793598729,2164.4221741096117,2191.690284719676,2216.4722482701327,2238.5884216222476,2257.845729582157,2274.041047221952,2286.9655059337674,2296.4095532498905
BRA,Female,IHD,diet,45702.19143072145,0.0,2904.8053750252293,0.0,22.51070839112799,56.11944338532339,105.66874282948265,175.8220384130691,269.4548423076485,386.21830696325924,522.3809829470556,672.1227129269828,829.3070208587742,988.725222524954,1146.5464820493216,1300.2323701886053,1448.2417789555038,1589.722853476982,1724.2669822437165,1851.735135581548,1972.143253810602,2085.58943345485,2192.2085675332346,2292.144273712329,2385.5314988708706,2472.485744725738,2553.0965431997756,2627.423853712142,2695.4966646661633,2757.3134127617814,2812.8439931868634,2862.0331920185126,2904.8053750252293
BRA,Female,IHD,combo,97191.21247329266,106.36630377881374,5149.876362245181,106.36630377881374,487.1868667088711,849.7369135143526,1189.2066414757428,1447.9896359952254,1654.8823655153974,1846.9568655585754,2041.8446033571963,2243.18165635936,2448.643110044097,2654.4839549429453,2857.398641020569,3055.002373720461,3245.7609005045524,3428.771781485906,3603.5535972546495,3769.885364749556,3927.6956386873644,4076.9893542849895,4217.800434462377,4350.161172176115,4474.082441188744,4589.541095937617,4696.472459233977,4794.766735302634,4884.268709570431,4964.780352770875,5036.066040454389,5097.860100991704,5149.876362245181
CAN,Male,IHD,glp1,13652.016438059367,42.9492855209719,472.99392507381344,42.9492855209719,180.39654514580616,298.05190376771134,392.94947377359495,445.8264036765795,470.12843636424077,481.12933739583605,486.85403213795144,490.57282258621126,493.4571454667639,495.8755094479857,497.9149212076409,499.57467202517,500.83441364899045,501.67634287207693,502.0913746344777,502.0800409527001,501.65176074532064,500.82360023613364,499.61881143948995,498.0652094167526,496.1934207878039,494.03505850516376,491.6209012916697,488.9791670435625,486.13396739654127,483.1040188443767,479.90166806309935,476.53226859093047,472.99392507381344
CAN,Male,IHD,diet,7845.096466100265,0.0,470.33454275531403,0.0,3.8341399553391966,9.721640565272537,18.56566153921085,31.254355978911917,48.343380012611306,69.76362832680024,94.77671894797095,122.22354145854479,150.87747622493407,179.69708465507574,207.91902062421286,235.0410093149767,260.7614676826852,284.916844438103,307.4324882114088,328.2890473932457,347.50128922604927,365.1053818233813,381.15137536513794,395.69860856039304,408.8126165577087,420.5627317988801,431.0199740486423,440.255072461714,448.3366003286865,455.3292701295468,461.29245970885313,466.27903800665445,470.33454275531403
CAN,Male,IHD,combo,21336.19926637586,42.9492855209719,934.4776103461227,42.9492855209719,184.19870872201136,307.6411768002654,411.17682193565633,476.4211098714659,517.3811963500193,549.2765450605657,579.4188708721413,609.9508501290002,640.8476492592636,671.4602769404846,701.1284602930464,729.3584659260814,755.8326912887896,780.3709459888196,802.8887855741123,823.3656475097523,841.8234392820705,858.3128627783481,872.9045899325683,885.6831357478004,896.7420719431902,906.1798457143668,914.0958861253421,920.5869325855492,925.7436528237304,929.6476719473794,932.3691395718306,933.9649395351153,934.4776103461227
CAN,Female,IHD,glp1,8800.847478339765,30.80718579585664,321.50462862425775,30.80718579585664,124.27486139242683,198.21944939095556,254.52456943362267,282.96141870515567,294.03249563363715,298.0618335738145,300.0555256241132,301.82343099913123,303.8539055213878,306.1752855022205,308.6840155628379,311.2574450445936,313.78782553610654,316.18943346578453,318.39748820150635,320.3652028543256,322.0608826108146,323.4654749586989,324.57051749940365,325.3763370083834,325.8903774579958,326.12558499316947,326.098824023411,325.8293323259859,325.3372438975457,324.6422183545146,323.762217605763,322.712466742345,321.50462862425775
CAN,Female,IHD,diet,5487.018339334863,0.0,337.29426348508423,0.0,2.8240258781770535,6.908754837339075,12.905355386254087,21.438545786779287,32.90784851944409,47.29743022448747,64.14576574046441,82.70851659394975,102.19109406823918,121.91495745038264,141.37854846735718,160.24615793002522,178.30878902944096,195.44393726062845,211.58446480720158,226.69772099050533,240.77277775962284,253.81314258165003,265.83278120247996,276.85393231845956,286.9057519970884,296.0232316962465,304.2461067718323,311.617645209044,318.18330898576096,323.9893359913731,329.08131520099414,333.5028331645517,337.29426348508423
CAN,Female,IHD,combo,14173.251124522045,30.80718579585664,652.1825805374247,30.80718579585664,127.07533515116666,205.03437994300475,267.195574614183,303.9491322462345,326.20042822279356,344.2663966302098,362.70723479786466,382.60851006172743,403.6835325653228,425.2976198741162,446.85617466628537,467.90702996045,488.1365389622115,507.33760695030287,525.3783025450066,542.1785469062997,557.6947441616066,571.9102005299646,584.8291712745086,596.4729111366723,606.876667424418,616.0870000847863,624.1591253176011,631.1541817828656,637.1364397988364,642.1705385319765,646.3188626231058,649.6391714252422,652.1825805374247
TUR,Male,IHD,glp1,41701.149867192275,101.67022063066543,1679.6798793199705,101.67022063066543,444.31681201384345,750.3602169009828,1009.7652361596847,1165.8950032392313,1248.6261673572153,1296.3391671266581,1329.8950090998696,1357.9465484237153,1383.6465980000503,1408.0433540700906,1431.4640805280505,1454.0224882267794,1475.7840836356045,1496.806587079016,1517.1389028223784,1536.8095766144397,1555.8155518673884,1574.1144623618457,1591.6209324348165,1608.2064208538213,1623.7019022254972,1637.9026908275264,1650.5748052589624,1661.4623808357283,1670.2957337957632,1676.7997579315997,1680.7023890429846,1681.7429085080948,1679.6798793199705
TUR,Male,IHD,diet,21432.345210940905,0.0,1296.4738159542903,0.0,13.38321478463331,32.24221984636097,59.06695483686053,96.18479126112652,144.82540066605725,204.4164438402222,272.63085758456145,346.198709958946,421.8930080966529,497.15069830550055,570.2365381592826,640.1312192985497,706.332301295799,768.6690157589037,827.1626374092157,881.9316283504886,933.1311383783468,980.9163021144486,1025.4212526544725,1066.7482999593194,1104.9636379777512,1140.0972445080406,1172.145477095517,1201.0753975569532,1226.8301875788748,1249.335221439309,1268.50448582221,1284.2471104482102,1296.4738159542903
TUR,Male,IHD,combo,62772.12434097055,101.67022063066543,2957.873739506438,101.67022063066543,457.5884120021947,782.1710620845406,1067.789342196571,1260.1392294543912,1390.367838237289,1496.3378296732262,1596.656728940463,1696.7891785482498,1796.7322429724736,1895.0209287710168,1990.2750952610368,2081.5998882183776,2168.5580364372727,2251.0300298780057,2329.0768893101194,2402.8358939866885,2472.4500353904878,2538.0241989746864,2599.6006965734996,2657.14828724158,2710.5604413547844,2759.659876608828,2804.2073036533548,2843.9129422164697,2878.449786619807,2907.467874435126,2930.6089876967308,2947.521324096175,2957.873739506438
TUR,Female,IHD,glp1,31605.16949659415,77.69762076895859,1395.976937553627,77.69762076895859,334.1736494280267,555.163593854486,737.7202344650432,842.9239506801605,895.5056906279497,924.9050483101091,946.6525033560902,966.8745280411968,987.5171807355509,1008.9624506614709,1031.0938406615605,1053.6883399355283,1076.5441346557345,1099.5102003974607,1122.4818950755725,1145.3866411462077,1168.1684848683362,1190.7745508059452,1213.1442579795112,1235.2013734140346,1256.8486978445726,1277.9650886189047,1298.4045077376504,1317.996793625658,1336.5498756628658,1353.8531726564252,1369.6819363295654,1383.8023166959465,1395.976937553627
TUR,Female,IHD,diet,18168.92639637302,0.0,1153.2831640322984,0.0,10.9526747435375,26.405760123168875,48.47016509055538,79.07972909186356,119.26044391448522,168.53346241965482,224.94579224542395,285.7565737827972,348.27969585292885,410.41591780937597,470.7883719592355,528.6369895387907,583.6381811961328,635.7400962887186,685.0413496496913,731.7112683114683,775.9409604392713,817.9147497238446,857.7942459144833,895.7100060318771,931.757718997469,965.9971333040739,998.4527256231813,1029.1155546835653,1057.9459888092242,1084.8771215076413,1109.8187489552365,1132.6618063330243,1153.2831640322984
TUR,Female,IHD,combo,49463.83367013264,77.69762076895859,2532.063753619994,77.69762076895859,345.03497985857393,581.2154190396759,785.3322589269665,920.4028045858795,1012.2176063131556,1089.784132605455,1166.7432280923313,1246.5501367882243,1328.524157372245,1410.9877435762246,1492.4675392583304,1571.9856930400856,1649.012944331189,1723.337982713143,1794.9447292226832,1863.91998064598,1930.389921727372,1994.478399800384,2056.280319702768,2115.8453212434833,2173.1685404404416,2228.1864182856225,2280.776262687141,2330.758716152981,2377.902541178759,2421.931281100551,2462.5314325724466,2499.3618044815958,2532.063753619994
ZAF,Male,IHD,glp1,7746.651272337538,26.19715094201092,298.3148020894587,26.19715094201092,109.14602713112254,178.56425708600545,232.7845788695795,260.69087880878214,270.9915234199325,273.2864968285903,272.6570150271291,271.23663443842815,269.83897752460325,268.7517441508462,268.06112490536907,267.7775804229095,267.8841629319977,268.3551280878746,269.16295374370384,270.2806319129231,271.6819141780288,273.3406341395312,275.22963882586555,277.31962129752355,279.5780358447264,281.96821485262626,284.44876395623214,286.97327935946305,289.4904044551149,291.94422070821383,294.27494949716856,296.4199269017772,298.3148020894587
ZAF,Male,IHD,diet,510.4748337599067,0.0,33.325840044097276,0.0,0.2335036363292602,0.5847177584346355,1.10973955681402,1.8643685055649257,2.885518022285396,4.173307609584299,5.687312212572579,7.360489887330914,9.120189436849614,10.903898984524858,12.665671287770238,14.375768062931456,16.01734495823257,17.58267240549685,19.06994905799729,20.48093753334615,21.81931903876466,23.0895840200792,24.296294452309667,25.443596436060034,26.534901892286143,27.57268811995891,28.558384012841998,29.492324094106152,30.373758576963155,31.200911275154795,31.971078716189368,32.68076416503027,33.325840044097276
ZAF,Male,IHD,combo,8246.690303102429,26.19715094201092,331.010208589938,26.19715094201092,109.37758336832485,179.14101674357335,233.87410058639216,262.51588167069895,273.8118657966079,277.3629306247549,278.2113135623986,278.42541394129876,278.7480595509478,279.40591638568367,280.4402107388305,281.8322020034684,283.5483031570802,285.5550285775389,287.8229176792265,290.32652702452106,293.04307254810556,295.9506688614674,299.0265384042468,302.24536508568053,305.5778950823478,308.9898541921175,312.4412281287041,315.8859313905559,319.2718704396466,322.5413882517387,325.63206050216104,328.47779927236115,331.010208589938
ZAF,Female,IHD,glp1,6971.390641319218,21.31647022965626,278.8308706797943,21.31647022965626,88.57200575748902,145.37978715129793,190.5307444551563,215.06893703685273,225.7942850918189,230.23089365718806,232.3426878466944,233.7770855606086,235.14875844044036,236.66358672242131,238.37239478012452,240.2687667373848,242.32650653231758,244.5142550351884,246.80137396829923,249.16033128411982,251.56753763445886,254.0033850154632,256.4518077382163,258.8995335721538,261.33513937228963,263.74800512900583,266.1272496306774,268.46072167746934,270.7341105182404,272.93022742012727,275.0284972715199,277.00468537274355,278.8308706797943
ZAF,Female,IHD,diet,357.37227072880887,0.0,24.197742359221593,0.0,0.16250217322703975,0.39977998387075786,0.7492732737991901,1.2479769297406165,1.920971659343195,2.7702995904837735,3.772580113110962,4.887506017452324,6.0706736266292864,7.283211732745258,8.495768932692954,9.688421554556044,10.848811591549747,11.970009073795154,13.048725023831139,14.084005996959604,15.07634291523027,16.02708020614955,16.93802316889014,17.81116846711666,18.648508270065577,19.451878306883373,20.22283383847025,20.962546429969734,21.671719701089387,22.350525009227567,22.998559095005476,23.61482568770225,24.197742359221593
ZAF,Female,IHD,combo,7320.820383748322,21.31647022965626,302.51380969819,21.31647022965626,88.73315267734688,145.774106610148,191.26626909366496,216.2902667246144,227.67118548051621,232.9355706212791,236.02478635472653,238.54706418632122,241.07381684494794,243.7730052544448,246.66678063213112,249.7292261306975,252.9220133932231,256.206943627245,259.55009409355625,262.92293328704,266.30228963936315,269.66981428712097,273.0111589200824,276.3149635635382,279.5717204875382,282.7725792508172,285.90816050291505,288.9674455611075,291.9368036732303,294.7992098276136,297.5336940157122,300.1150490795335,302.51380969819
MEX,Male,IHD,glp1,43598.15844035825,121.17420902273443,1785.7139918026514,121.17420902273443,503.0335298728023,821.3523457685224,1077.6941032508475,1221.5194613291387,1290.9574449358624,1328.1274520638544,1354.7759216778213,1379.4303562562854,1404.8123175330547,1431.445447158083,1459.1100683511468,1487.385029929821,1515.8361694685736,1544.0734786165121,1571.761386793034,1598.6136034582305,1624.383991408322,1648.8574881006207,1671.8423342065216,1693.1638685811195,1712.659805847492,1730.1768148677656,1745.5682084715809,1758.6925774954725,1769.4132317362964,1777.5983368517045,1783.1216553391569,1785.8638101632241,1785.7139918026514
MEX,Male,IHD,diet,2819.691173953426,0.0,175.79102239198983,0.0,1.3088251391600352,3.3239796945417766,6.3587687985709636,10.721427525975741,16.60690279978735,23.996392863977235,32.64151984162163,42.149478323131916,52.104741577539244,62.15646287830896,72.05070846538001,81.62440514538321,90.78391026801546,99.48249088888406,107.70234633565997,115.44203978523728,122.70840009169478,129.5116139233869,135.86241881399474,141.77060875196184,147.24432731088018,152.28981664558523,156.91142118306016,161.11172872829775,164.891783779487,168.2513391276152,171.18912980693858,173.70316306735913,175.79102239198983
MEX,Male,IHD,combo,46366.65132724836,121.17420902273443,1958.7896226939192,121.17420902273443,504.3314395291527,824.6312465348165,1083.9379260084097,1232.0173687132192,1307.1959048031858,1351.5796144151827,1386.6755961837625,1420.6296403921733,1455.7582718921622,1492.2423277873604,1529.613326584993,1567.2896955567267,1604.7445342347637,1641.540931312018,1677.3247674966115,1711.8073127339449,1744.7481933569798,1775.9415098902682,1805.2053089722613,1832.3739029383287,1857.2924424610683,1879.8132372176042,1899.7934384759283,1917.093801857991,1931.5783288965322,1943.1146430272638,1951.5749924075062,1956.8377918514889,1958.7896226939192
MEX,Female,IHD,glp1,35128.1789554468,100.7402886500713,1622.6840713411657,100.7402886500713,403.90559907705756,639.4327003468279,821.262866175377,916.2659924226464,957.9906615485015,979.725294329306,997.6153373121342,1017.3879571641082,1040.4261970620137,1066.5935985137621,1095.3229957423318,1125.995563695018,1158.0559541553812,1191.0351632154925,1224.5439513893216,1258.2588829572487,1291.9082232433284,1325.2596971826715,1358.1103640607034,1390.2783553068439,1421.5961387079878,1451.9050219010242,1481.0506887509982,1508.8796396613034,1535.236469560361,1559.9619617277785,1582.8920011845476,1603.8573190614843,1622.6840713411657
MEX,Female,IHD,diet,2411.0486614953115,0.0,159.90431574477407,0.0,1.0997486632404616,2.7704895280694473,5.275817578818533,8.874589958533761,13.727014843687357,19.80939359549666,26.90470555378124,34.68144119436329,42.801064157887595,50.9909344510088,59.06651538070582,66.92055020215048,74.5008435741911,81.78924205966177,88.78610562131507,95.50030311766022,101.94337429356528,108.12642558805237,114.05866226184298,119.74682565276453,125.19508827956452,130.40515147456608,135.37641065705975,140.10612522390147,144.5895711053745,148.8201762894605,152.78965056459128,156.4881248792226,159.90431574477407
MEX,Female,IHD,combo,37496.878815683325,100.7402886500713,1780.1163742892968,100.7402886500713,404.996175936285,642.1658429801464,826.4443405516722,924.9584960279244,971.4195818804947,999.0972839630995,1023.9276621442259,1051.315266643418,1082.3125243062677,1116.5159109746892,1153.1768089536054,1191.5702979070775,1231.0887892927567,1271.244456689601,1311.64751031583,1351.9824487002188,1391.9882237145794,1431.442935852101,1470.15224827372,1507.9405538162682,1544.6441210068442,1580.10568141962,1614.1701190130552,1646.681069901344,1677.4783440868632,1706.3961470901559,1733.262115880265,1757.8971954218287,1780.1163742892968
AUS,Male,IHD,glp1,9167.403561972618,21.47497987326824,365.37645883309233,21.47497987326824,93.59867101360032,158.3725635513929,214.129540924685,249.06979940537713,269.0817666285511,281.842654691387,291.5051949843328,299.76596494545447,307.2228615890963,314.061831446812,320.3353424867346,326.06308964107666,331.2638204071627,335.9625336024328,340.1898709197085,343.9796998335987,347.3667917776147,350.3850309111658,353.06611895863534,355.43863573159615,357.5273292082129,359.35255266202876,360.92980795947005,362.2693849946336,363.37610660314385,364.2491979918814,364.882301996804,365.2636583996682,365.37645883309233
AUS,Male,IHD,diet,10283.389897909721,0.0,611.6438627879361,0.0,6.195533343285206,15.115335914144453,28.17230575369831,46.63688206282677,71.18652031674901,101.50138349525878,136.26161450813015,173.59543071823646,211.65507296824944,248.9939538576,284.670565214441,318.1790743086276,349.3227129993138,378.09617875367985,404.5989704241074,428.9792246121797,451.40048313142324,472.0235718567383,490.99762634807485,508.4562817547012,524.5165728003885,539.2791231669544,552.8288541357724,565.235832536564,576.556102470684,586.8324679087818,596.095254653108,604.3631051080665,611.6438627879361
AUS,Male,IHD,combo,19256.06432045564,21.47497987326824,966.5734492192532,21.47497987326824,99.74253417128602,173.2839665701067,241.7964423953781,294.74380415932865,338.7073966610351,381.0727704378787,424.71468034075224,469.5057313429461,514.2379744324135,557.6797290833456,598.9574167624305,637.5899954099295,673.3980385136565,706.3964562875881,736.7092791271498,764.5122511611444,789.9978592461739,813.3556558729579,834.7620407916875,854.3754767032224,872.334612419465,888.7578369730982,903.7434650499636,917.3701671009549,929.6974973909928,940.7665039790845,950.6004679166035,959.2058410625468,966.5734492192532
AUS,Female,IHD,glp1,5388.410327711079,15.179421484135673,229.79828849039404,15.179421484135673,61.58725257660262,97.97574193631044,127.02809290000187,143.27698363234776,151.52069788860717,156.62590632894535,160.90965818275617,165.15293272965027,169.51798328358564,173.96778108923354,178.4216886826507,182.80528985947603,187.0623024970664,191.15426698687588,195.0571049859809,198.75751573656635,202.2500048181846,205.5346168898359,208.61523879144806,211.49831134629858,214.19181429968376,216.70442603557785,219.04479410341082,221.22088050841012,223.2393669056055,225.10511996282366,226.82072704037455,228.38611773823868,229.79828849039404
AUS,Female,IHD,diet,7019.743437807601,0.0,421.1121869451581,0.0,5.144014254736248,11.775513323773339,21.042071839636264,33.86620000241419,50.70269223705327,71.30191777063192,94.74262498478492,119.76213029312567,145.1514557777773,169.99529974368488,193.72104105619292,216.03683558355624,236.84062487581286,256.1421943934474,274.00930306308874,290.53490631761633,305.8190534647092,319.9598001359882,333.0491871819413,345.17183266581196,356.4047239972788,366.8174481499864,376.4724807831335,385.4253711503243,393.7247775782198,401.4123702403049,408.5226483784609,415.0827316189516,421.1121869451581
AUS,Female,IHD,combo,12276.536922611615,15.179421484135673,643.5948283747985,15.179421484135673,66.6883662194723,109.59382867196655,147.6978509661658,176.45589518209636,201.13356200603448,226.36712078569326,253.579835077011,282.32049605100656,311.5681300728811,340.38724315644504,368.13273208216924,394.44023568477314,419.14966955317686,442.22891337384317,463.71767910789276,483.691744161466,502.242143622776,519.4638943060672,535.4502670839029,550.2900469218603,564.0662593404486,576.8555149463245,588.7275330048942,599.744645130877,609.961217529486,619.423006653642,628.1665033586523,636.2183387016557,643.5948283747985
NZL,Male,IHD,glp1,2601.4101750431983,5.72741477565296,101.26430230014739,5.72741477565296,25.812332347768915,44.65785277125724,61.222380259788224,71.827245497072,77.95777422529864,81.79116980131039,84.56693795427782,86.82790975543594,88.79072272404574,90.5408072315413,92.11440533739278,93.530111291102,94.80032407505405,95.93516862204979,96.94374087614688,97.83446565807026,98.61518559866545,99.29317098957472,99.87509486109411,100.36697633274707,100.77409007905771,101.10084512294907,101.35064293635605,101.52572993963622,101.62706215478465,101.6542000099771,101.60524945223642,101.47686206270737,101.26430230014739
NZL,Male,IHD,diet,2318.940863604318,0.0,131.4759431561697,0.0,1.6908560840324753,4.042414803216616,7.373257598098462,11.963887659351713,17.941373252581798,25.19164533199728,33.37347254164979,42.03379481092452,50.74294651782475,59.176617658075884,67.1330655286456,74.51207131369301,81.283026737412,87.45678820219382,93.06561016637261,98.15054990649787,102.75431381170256,106.91759702423406,110.67747153554501,114.06687484619943,117.11462585282425,119.8456460659254,122.28122220192108,124.43924053508272,126.33437674428933,127.97825264646144,129.37958303105006,130.54433804034488,131.4759431561697
NZL,Male,IHD,combo,4879.981945990547,5.72741477565296,230.77782398038653,5.72741477565296,27.489086845571364,48.64593659416278,68.46441508191492,83.54721475146289,95.51260066247505,106.43176595134537,117.21343023750796,127.95841658420431,138.46281885467306,148.49362006092906,157.88804187277128,166.5648955794586,174.5050543959278,181.72794311672442,188.27316711623098,194.1885189104405,199.52302374680858,204.32332373908503,208.63203795512254,212.4871758163472,215.9220400147815,218.96530563400484,221.6411233332201,223.96919209709176,225.96480226230415,227.63887719221566,228.99805201444997,230.044826813275,230.77782398038653
NZL,Female,IHD,glp1,1678.559929287369,4.011762895715492,70.15911412598143,4.011762895715492,17.497325824615018,29.18221106491046,38.87729595716655,44.60537170501402,47.661272380799346,49.54042945602805,51.0132915621989,52.37550173682666,53.717381738528275,55.05450834760677,56.379070953463724,57.67805124523875,58.93898342476223,60.151408238849854,61.30698503427948,62.399275366268284,63.423504524301734,64.37636532299939,65.25585540393467,66.0611248249661,66.79231470156628,67.45037598642875,68.03686549676468,68.5537227210043,69.00303554351922,69.3868059141846,69.70672782835027,69.96398996109565,70.15911412598143
NZL,Female,IHD,diet,1709.9739073032974,0.0,100.03324089656962,0.0,1.2865001207942441,2.9828544321412664,5.33996903843763,8.574175775608637,12.791117131736428,17.92343647577809,23.739169850410235,29.92356790068561,36.17635736133616,42.27089310204974,48.06643006276363,53.49279385934233,58.527445359959984,63.175531909064375,67.45593542633651,71.39276459503344,75.01074940021681,78.33309327469487,81.38072533472678,84.17226540637785,86.72428909953351,89.05166268399944,91.16783169071232,93.08501568689826,94.81430124290591,96.36564674805322,97.7478233486654,98.96832008846513,100.03324089656962
NZL,Female,IHD,combo,3357.7843323826323,4.011762895715492,168.57382545384962,4.011762895715492,18.77309665120174,32.12513139249586,44.12273836540817,53.005749709532665,60.17832567441474,67.07366334922654,74.23721127166664,81.65742938514722,89.13067546032016,96.44994436959041,103.46857017643742,110.10368488628137,116.31970425582676,122.11033063103423,127.48501837310187,132.46040713962248,137.05554204337386,141.28954245292562,145.18068037461444,148.7461735399961,152.00226930605413,154.96438179555707,157.64716440145048,160.06447344205617,162.22922233991812,164.15315002116222,165.84653919058746,167.31792403406325,168.57382545384962
ROU,Male,IHD,glp1,11288.358863475249,45.33007638890922,329.8439451795457,45.33007638890922,194.0468078507729,315.40337195410757,410.2515936595446,456.59914093486077,470.6136405927391,469.92543547531386,463.5118954422942,454.980781152688,445.72162633756307,436.342088947662,427.18680751237844,418.4945263712507,410.43376844555314,403.1064101268821,396.5485406888838,390.7359650178623,385.5943130011037,381.0117562955202,376.85228393241414,372.9680166303515,369.2096471781588,365.4346071929176,361.51293362825163,357.33104684232967,352.7937795279977,347.8250405955805,342.367486787949,336.3815297838628,329.8439451795457
ROU,Male,IHD,diet,6167.3529338833505,0.0,299.7267776262852,0.0,6.701282155008812,15.399349380022613,27.33837279455838,43.30153534060446,63.40666803660133,86.89237299165688,112.29448962064271,137.94318670078064,162.4409316324236,184.88617114882072,204.85806114548177,222.28847551978834,237.32107658006134,250.20058943358163,261.1995287867394,270.57567372521953,278.55103063616843,285.3044789368905,290.97247780976977,295.6540688750247,299.41776142153685,302.30881504905483,304.3560581107922,305.57779451008173,305.9866219968426,305.59315583094576,304.40875209612204,302.4473759918437,299.7267776262852
ROU,Male,IHD,combo,17369.532572090022,45.33007638890922,626.4991281055482,45.33007638890922,200.69220192101056,330.60205134123316,437.12727687965526,499.0760035089297,532.7645553927468,555.0957943458561,573.6201362095635,590.309054642592,605.17691195324,617.9390961462268,628.5184150083296,637.0785074890046,643.9222264577802,649.38685074151,653.7728927454664,657.3075121516158,660.1335674241054,662.314734476171,663.8491678782229,664.6865009295361,664.7448983859031,663.9262915817999,662.1289080242968,659.2568528289994,655.2268944311581,649.9728220344259,643.4478322953255,635.6254103708598,626.4991281055482
ROU,Female,IHD,glp1,9403.275331434947,46.62220121611608,297.55166081674906,46.62220121611608,187.670279598271,285.8138894818985,353.50717461970635,377.17504606297007,377.1036256163934,369.895062490712,362.14565928316733,355.4647342519056,349.83862959354883,344.92950617618044,340.4579672437758,336.27002834963787,332.3132167140211,328.59620043995164,325.1539600393771,322.02326452590205,319.2278313361312,316.77110981498845,314.6344931994936,312.7790480913318,311.1492456304768,309.6775718209756,308.2892420335156,306.9065308220779,305.4524501357264,303.8536709833206,302.0426934887546,299.95933755786973,297.55166081674906
ROU,Female,IHD,diet,6220.421619962006,0.0,301.89437737363187,0.0,7.8744016935525,17.469426089581248,30.552893761483574,47.87815897726614,69.42685021052603,94.20534670284906,120.53012737963218,146.62076003951734,171.09057028590541,193.11670985486126,212.36713716014492,228.84439445237876,242.74298987458678,254.34862387275643,263.97537808079505,271.92945702856014,278.48968153028545,283.8981547031908,288.3570685846753,292.0292318647953,295.0408328712256,297.4854799582099,299.42886996670495,300.9136313079762,301.9640263866022,302.59030394747606,302.7925759868958,302.5641600159397,301.89437737363187
ROU,Female,IHD,combo,15542.593576605701,46.62220121611608,596.2796138479025,46.62220121611608,195.4790094966047,303.0612430795045,383.5615927952822,424.18523572264894,445.2363530668081,462.35989320802037,480.5051017587102,499.53064461394024,518.053443316745,534.9176396961848,549.5078936972022,561.6641995663813,571.5183931435822,579.354848791063,585.5137897474087,590.3308870620967,594.1029645818999,597.0713252176538,599.4165650401337,601.2605994793084,602.6729309730472,603.6790942634434,604.2698628467078,604.4102766788383,604.0479080465084,603.1200484233086,601.5596920640892,599.3003251645605,596.2796138479025
BGR,Male,IHD,glp1,4781.207179337218,19.95863418153931,129.22627289225966,19.95863418153931,84.69952304825529,139.3149274374373,182.2876417972584,203.71363769560594,210.26910645359203,209.74267614696691,206.30844569475084,201.74091187619888,196.7566101372704,191.6661761918731,186.62996245349677,181.74796204030645,177.08863853554976,172.69743583687705,168.5996275173802,164.80229186350698,161.29666569619985,158.06096352366694,155.06343286337687,152.26538947838344,149.62403440899106,147.0949270010533,144.63405153725398,142.19946355288266,139.75253544641782,137.2588416081071,134.68873362037266,132.01765880038693,129.22627289225966
BGR,Male,IHD,diet,2171.210961865543,0.0,105.18546814146976,0.0,2.0466058345282363,4.906797904824998,8.938671355670522,14.408142893566037,21.3792392006344,29.61410181680185,38.61274558566038,47.78021102607454,56.60211349463498,64.73497992433659,72.00784948025284,78.37882667559643,83.88473328415057,88.60129036097896,92.61700565228784,96.01820508033597,98.88161914103875,101.27158645276177,103.23986247906396,104.82677133855395,106.0629496077454,106.97125305500595,107.5685925687958,107.86758181684672,107.87794758813106,107.60769335767145,107.06402866186,106.25408808626344,105.18546814146976
BGR,Male,IHD,combo,6918.517298464309,19.95863418153931,233.14944600673152,19.95863418153931,86.72906037593384,144.1563390929041,191.06972537450383,217.83493115253077,231.20202466190858,238.73359594084286,244.11758784383528,248.54681747911854,252.23301864852328,255.14809575368963,257.28214186589867,258.69144697263255,259.4783487700133,259.7608343986594,259.64976606104574,259.2360894458907,258.5858106857977,257.7399739046159,256.71744764818686,255.519028395036,254.13192474067728,252.53407254894228,250.6979860727606,248.59401282624276,246.19296108746857,243.46812886523549,240.39679560544573,236.9612520576975,233.14944600673152
BGR,Female,IHD,glp1,3873.938864512387,18.289236798013008,110.47012577954592,18.289236798013008,75.04315976301223,118.59420134693573,150.60969640932854,164.26617887449174,166.56990419835893,164.32931807891873,160.7737537854482,157.04138947501633,153.44585623699822,150.03667732970462,146.79943209952762,143.71626393450606,140.77871357107324,137.9864348317442,135.34304361613795,132.85244057345335,130.5163160723605,128.33275782585406,126.29570230349418,124.39497458999904,122.61670849042093,120.94398832088882,119.35759619736928,117.83678285885435,116.36000714806687,114.90561029909259,113.45240701415241,111.98018668961959,110.47012577954592
BGR,Female,IHD,diet,2011.4754685656935,0.0,96.7880067322858,0.0,1.985845781817261,4.641190864727832,8.364357301321434,13.458730101578112,20.034981350687303,27.897903459461304,36.566669815963905,45.435317615141685,53.95866993852542,61.75909482055613,68.63989347049574,74.54635379350111,79.51493826208025,83.63091943685868,86.9993783990576,89.72769182352022,91.91605234752569,93.65302522328966,95.01404405774883,96.06152297383414,96.84579956860216,97.40645931016661,97.77379086115252,97.97023563237235,98.0117590694972,97.90910741879634,97.66893445043752,97.29479468469071,96.7880067322858
BGR,Female,IHD,combo,5854.543969702874,18.289236798013008,206.00685627083476,18.289236798013008,77.01244377130752,123.17433308121326,158.83035222671606,177.46347043941387,186.19850303388557,191.65888918991368,196.60616318376742,201.58570362166938,206.37573764275658,210.65305348158472,214.20719693276806,216.96356223528528,218.94684621699344,220.23837773270316,220.94350513206336,221.17064174758707,221.01935006879467,220.57447590857555,219.90402836442627,219.0592549444209,218.0759309998648,216.97626078844405,215.77102488606215,214.4617549702998,213.04280759696667,211.50326566645708,209.8286328635495,208.00230990653654,206.00685627083476
ISR,Male,IHD,glp1,2062.8256428049426,4.603555701897676,89.88377405118354,4.603555701897676,20.02567990630405,34.05165404655736,46.152950098853125,53.75949960631624,58.11544359406207,60.88138829259742,62.97405259509878,64.77961559165078,66.44052183956182,68.00406362539479,69.48483442601173,70.88872810542716,72.22133027516793,73.49020722618843,74.70489727554923,75.87612200907006,77.01482703104011,78.13129572642629,79.23442643264025,80.33119617697866,81.42630346495207,82.52196892907796,83.61786771036714,84.71116733965209,85.79664745018363,86.86688150584087,87.91246492252321,88.92227784836814,89.88377405118354
ISR,Male,IHD,diet,1580.8222312691591,0.0,104.20936684640674,0.0,0.7831144385240805,1.9415895010247368,3.648717536510958,6.072934394849199,9.319727037332996,13.378087854740897,18.11236453966376,23.30806164252772,28.73748655028794,34.20771510497434,39.579482298134735,44.76540300208035,49.71930933617659,54.424242911447436,58.882265916396136,63.10679127094227,67.1171493985812,70.93487003364226,74.58120005616092,78.07549101673976,81.43419596147942,84.6702953416343,87.79302748076407,90.8078365690044,93.71647644752102,96.5172258945995,99.20518351999544,101.77261936701598,104.20936684640674
ISR,Male,IHD,combo,3611.5050081510476,4.603555701897676,192.11882203878577,4.603555701897676,20.802263241508626,35.96688253019829,49.735505575562456,59.705075506969024,67.22645118629589,73.95197308218576,80.66736235175586,87.55015296564852,94.52072823535082,101.43783898089032,108.17963593685045,114.66607123867334,120.85699308591575,126.74278803300604,132.33446799421654,137.65541149307228,142.7351015064287,147.60460089792468,152.29339289197833,156.8272551642758,161.22690771733596,165.5072385173189,169.67695978258598,173.73858398589255,177.6886356812338,181.51803602644668,185.21261309518195,188.75370370566088,192.11882203878577
ISR,Female,IHD,glp1,1208.3765717514445,3.4759384820163177,53.254589322094034,3.4759384820163177,14.078749107332442,22.512520545972166,29.084042627954204,32.629371702471644,34.30058714865777,35.24246386200343,36.00839054935477,36.7915899618456,37.634722806132686,38.52833134647699,39.44962233178285,40.37645936161016,41.291764557789975,42.184283847881034,43.048003242278355,43.88111194272187,44.684878070168,45.462593025848946,46.218651010611666,46.95778783358037,47.68448090737775,48.40250004450945,49.11459214466231,49.82228006976902,50.5257557253567,51.22384872648763,51.9140543386834,52.592607108013,53.254589322094034
ISR,Female,IHD,diet,1055.2290501573375,0.0,66.86549992200844,0.0,0.6009882916423521,1.4434567530374807,2.6564862934142184,4.36158573233115,6.6343239072621145,9.467297982485434,12.764204149724264,16.37195004533305,20.127106098821514,23.89009052915935,27.55888192877819,31.068144221158036,34.382071233074385,37.48624337818137,40.38069593278851,43.07467218992724,45.582858675084935,47.922744052080816,50.11278050807914,52.17110822614541,54.11467758916251,55.95865792504901,57.71605770543465,59.397504171703986,61.01114499594678,62.562644120522236,64.05525047999481,65.48992311900611,66.86549992200844
ISR,Female,IHD,combo,2241.680484722632,3.4759384820163177,118.80198322876367,3.4759384820163177,14.674725211185887,23.936393115986903,31.692372382113717,36.89943895262127,40.786113884565566,44.49162130830564,48.47626734392952,52.784302527080854,57.29897549430689,61.87441620165646,66.38789103102863,70.75303123736512,74.91732461801757,78.85498351231718,82.55962509605888,86.03812689262804,89.30583059918354,92.38290466204171,95.29162159872249,98.05434252599252,100.69205065472534,103.22331560400607,105.66359877281047,108.02482951089905,110.31519569708462,112.53910291182183,114.69726505099061,116.78689661440603,118.80198322876367
NGA,Male,IHD,glp1,17690.74804051098,72.489940769854,826.2871625021435,72.489940769854,288.8424548939947,443.8780424493889,547.8050154706652,582.2689992292435,577.4429082291244,560.1238299409888,542.7626911665575,529.5979097294112,521.5539249714202,518.4246809623583,519.6880469629687,524.7803546457726,533.1769094387564,544.4072046979782,558.0503578426651,573.7261290248498,591.0862788826635,609.8074261370566,629.5854370420275,650.1310968150865,671.1668057203133,692.4241095104517,713.6419470045948,734.5655544941619,754.946001760909,774.5403483760456,793.1124049619248,810.4340668776058,826.2871625021435
NGA,Male,IHD,diet,5494.443472051149,0.0,369.45273547727993,0.0,3.5904842385280062,8.33911113083741,14.989663023952744,24.140673826565035,36.06296873364772,50.542734615191875,66.92706487425312,84.37088946376753,102.10983309388394,119.60993990079442,136.5814907591266,152.92061227656086,168.63723828983348,183.79721432565566,198.4842352468404,212.77809749469452,226.743936432169,240.42804214142234,253.85726330708712,267.0401724724652,279.96895808028785,292.6215011487948,304.96338433025085,316.94974446743436,328.52696686248237,339.6342610903521,350.20517259185726,360.16908235513256,369.45273547727993
NGA,Male,IHD,combo,23093.54343485357,72.489940769854,1190.311669818555,72.489940769854,292.40299481995316,452.1063863966192,562.5328498836097,605.9291404026662,612.7503025790065,609.594812242889,608.2803381158883,612.2203773087895,621.5904891993487,635.6592959131522,653.6175825105165,674.7965815004573,698.678453048451,724.854970096043,752.9856437578856,782.7673220852448,813.9148693859242,846.1498035239492,879.1940048147444,912.7664572491121,946.5817470567927,980.3495921406357,1013.7750334825323,1046.559137567754,1078.400180327677,1108.9953386687557,1138.0429265092462,1165.2451936775178,1190.311669818555
NGA,Female,IHD,glp1,22459.377135751223,72.5750642731291,1090.141850815955,72.5750642731291,292.2677869801191,459.73954560857237,582.9464234307015,638.1726780234894,652.2733354597585,651.4206729057987,648.4247021287883,647.9887306220044,651.396550088677,658.6913546522628,669.5221452267724,683.4467899439114,700.0326919791623,718.8855077297994,739.6533673719678,762.0232455641817,785.715063034404,810.475269675575,836.0704270370261,862.2809774914494,888.8953465019513,915.7045558014142,942.4975546191563,969.0574808824167,995.1590411336947,1020.567150512783,1045.0369092134642,1068.314917042837,1090.141850815955
NGA,Female,IHD,diet,6699.632804867171,0.0,473.39200068505306,0.0,3.11464088390494,7.390551024742308,13.6301053913121,22.55324926211324,34.62949343102082,49.884494685298705,67.86989138854551,87.8417057497063,109.01277836929512,130.7293395299639,152.5306208223701,174.1307477021328,195.3723782634188,216.1811392672098,236.53105032538588,256.42146215720277,275.8628263825667,294.86834063308925,313.4491656612081,331.6116626318835,349.3556991302612,366.6734922481555,383.54873041898827,399.95588363014394,415.859707310432,431.21499211117043,445.9666261754319,460.05002959516423,473.39200068505306
NGA,Female,IHD,combo,29045.07347057108,72.5750642731291,1556.4065528223582,72.5750642731291,295.35645204182947,467.0314848986018,596.3363322431542,660.2709864880962,686.1643667251992,700.2241720651728,714.8287451042925,733.9579303076171,758.1272538809862,786.7399064550191,818.9921713182048,854.159520860303,891.6524949649756,931.0011833720419,971.8257854123804,1013.8104757414258,1056.683583054095,1100.2029715213794,1144.1449062485917,1188.2950797435406,1232.4410179695842,1276.3655243013927,1319.8411154882924,1362.6255727148382,1404.4588015179615,1445.0611932363681,1484.1336301945703,1521.359195605677,1556.4065528223582
EGY,Male,IHD,glp1,58182.65106639045,198.03218064758403,2129.6016802357044,198.03218064758403,832.3806623134733,1353.847717667435,1763.0883040331391,1969.0268743708293,2039.4136832353252,2049.978577249858,2040.3609486712376,2026.725442988798,2014.949662144907,2006.9834050757054,2003.359016795439,2004.093987928587,2008.9891090978053,2017.7143460944935,2029.8273710244102,2044.7761291983188,2061.9024916237977,2080.451715212286,2099.58811589345,2118.4159193861997,2136.003837623226,2151.411865814065,2163.718872985017,2172.049686347018,2175.600519851927,2173.661761887226,2165.637314546795,2151.0598664463905,2129.6016802357044
EGY,Male,IHD,diet,20262.76429818588,0.0,1158.2033501980768,0.0,13.916930013438105,32.92839027820446,60.19668008360895,98.22530170352547,148.21143856013077,209.31755407125456,278.74821599407005,352.7080616908788,427.5608588171308,500.54805105854757,569.9528116597503,634.9297472759499,695.2331697825575,750.9703241735406,802.4191446697223,849.9084922762704,893.7462299721083,934.1803342270141,971.3816618698474,1005.4405165066419,1036.3718375782191,1064.1256402748986,1088.6004811788735,1109.658433651959,1127.1404951919103,1140.8816275413847,1150.7248190006358,1156.5336988857307,1158.2033501980768
EGY,Male,IHD,combo,78162.86845109564,198.03218064758403,3276.358810776437,198.03218064758403,846.1815263941244,1386.341777848691,1822.2444954110542,2065.3263132938882,2184.583687178878,2254.9766514341754,2313.437348292384,2372.427243371203,2434.2615300466423,2498.1760147295136,2563.003504194872,2627.9142644742096,2692.450999358931,2756.3744119867915,2819.5035413026344,2881.6007230271935,2942.3042128042725,3001.098893643066,3057.3144313294615,3110.1421991676616,3158.664470491698,3201.8910766964837,3238.799921458325,3268.378559792618,3289.6646276235115,3301.7833437433583,3303.980667589174,3295.6510229868,3276.358810776437
EGY,Female,IHD,glp1,43279.07828502418,160.0298948923446,1815.9358997693344,160.0298948923446,628.9105183028878,970.5366700314044,1227.7781209494278,1343.1022942726122,1372.0346017817064,1369.2895352303603,1360.9420970935753,1356.0998974897811,1357.0627568568598,1363.8800419042382,1376.0113914540416,1392.8479400689976,1413.8335186806216,1438.459983231529,1466.232190991068,1496.6338091958023,1529.1027929617703,1563.0178945384687,1597.6952212442557,1632.3932268887875,1666.3244281261286,1698.6721936861577,1728.6110417502641,1755.3289718433225,1778.0504553438223,1796.0588232775917,1808.7169302273542,1815.4851429396658,1815.9358997693344
EGY,Female,IHD,diet,17264.389918423156,0.0,1037.659481552866,0.0,14.423736946744611,31.723121432893095,55.45091495932138,87.89487811920117,129.96994814167556,180.7920543855871,237.886488401753,298.0884288477682,358.5243598866073,417.1532210346486,472.8272516161087,525.0963583267148,573.9585597971018,619.6526048290689,662.5141108522221,702.8857108654338,741.0653377203416,777.2793064004945,811.670999695998,844.2993514455738,875.1435866899265,904.112046578055,931.0537007181265,955.771368077083,978.0358872544894,997.6005950678082,1014.2155457238259,1027.6409630557173,1037.659481552866
EGY,Female,IHD,combo,60313.933523357366,160.0298948923446,2843.164433067519,160.0298948923446,643.2139625929995,1001.8508866488119,1282.3026212787809,1429.3447842649766,1499.4640457121131,1546.547239082589,1594.263943682352,1648.6253798440594,1709.1083489082957,1773.7472953819524,1840.8596068227926,1909.3787576876057,1978.732827905449,2048.63716315935,2118.918195587001,2189.390699953161,2259.7819963294314,2329.691496441039,2398.5756449939217,2465.7509670607687,2530.4100473762956,2591.6466605681926,2648.487116249278,2699.925383028458,2744.9598676100723,2782.629954412725,2812.050622061419,2832.4436807536113,2843.164433067519
BGD,Male,IHD,glp1,54443.240778884065,198.9584507256659,1997.970547545934,198.9584507256659,818.5005050023174,1295.7966393264214,1656.8862383064989,1827.1490550603485,1877.403479961853,1879.9821313341963,1870.594693934443,1862.345113489544,1858.8672373310546,1860.4588310678373,1866.4270187772636,1875.8900894135877,1888.0151954506582,1902.0657934960327,1917.3925874288834,1933.4129721098288,1949.5925460494473,1965.4316970868385,1980.457050713012,1994.2168255496072,2006.2791482649336,2016.2325620727497,2023.6881400956772,2028.2827444614377,2029.6830546765414,2027.5900370991149,2021.7435550428054,2011.926838009531,1997.970547545934
BGD,Male,IHD,diet,104264.75941925324,0.0,5539.981274077669,0.0,82.19594194297679,196.82105982181383,359.6791118275869,584.3290255676693,876.4778508088057,1229.509142778872,1625.2157741460978,2039.8269605882815,2451.0812303430866,2842.490439768968,3204.191415279609,3531.787421413377,3824.6205937949417,4084.241012653889,4313.298097604187,4514.825940369279,4691.821362092771,4847.017004785448,4982.776223892433,5101.060608312662,5203.4390276146005,5291.119253169221,5364.990896372503,5425.673108267598,5473.563279524184,5508.884600178222,5531.7312525624,5542.110509694088,5539.981274077669
BGD,Male,IHD,combo,157210.907649283,198.9584507256659,7477.62832303223,198.9584507256659,900.0109402519447,1489.9999275916925,2010.2875939833466,2399.8935222065775,2735.6655526342074,3083.7592918569426,3462.2446847519022,3861.042600642424,4261.988198785461,4649.1577060987765,5012.078843675117,5345.428758162714,5647.6017101217585,5919.269078497746,6162.288873150072,6378.984898513358,6571.712297451188,6742.618271475687,6893.526876069256,7025.8991929641925,7140.837644430838,7239.1151587178465,7321.217543271341,7387.392126765801,7437.698541797028,7472.059156803734,7490.307594645186,7492.234290208988,7477.62832303223
BGD,Female,IHD,glp1,31766.174241180728,93.74394525288517,1292.201458979238,93.74394525288517,387.92336636106484,617.3021390705471,802.013027002431,900.7238171649806,943.6380505780689,964.1064687353937,978.794615716848,993.7463958825974,1010.5484255946649,1029.2466114964336,1049.456007974135,1070.7303275541635,1092.6626452463825,1114.8975844031957,1137.1190727330686,1159.0348916010844,1180.3642123562167,1200.8293427186727,1220.1514138276543,1238.049375763323,1254.2416339625634,1268.449697088392,1280.403251031894,1289.8461144047324,1296.542573158251,1300.2836415129714,1300.8928559310298,1298.2312780778448,1292.201458979238
BGD,Female,IHD,diet,66810.28049463693,0.0,3827.8108424604434,0.0,54.04117069757194,124.75220957631973,223.3062475159968,358.5717574809387,534.196390558056,746.1381979740981,983.3469744956819,1231.6522429062898,1478.1606420733442,1713.7684759925614,1933.4930744223384,2135.5810961390234,2320.3326208741346,2489.1171244231373,2643.70118839285,2785.8473164090974,2917.1034796666645,3038.7121431280248,3151.5882798739767,3256.3344304491766,3353.2740502962697,3442.4927651443577,3523.882089440158,3597.182883810994,3662.027219036987,3717.9779552662803,3764.565594337837,3801.3220317943196,3827.8108424604434
BGD,Female,IHD,combo,97605.02264349774,93.74394525288517,5074.668255194891,93.74394525288517,441.51383860135684,740.4152602835093,1021.4933238835583,1252.3468454314861,1467.014395142527,1695.0583051896465,1942.4220657130354,2201.3105501052196,2460.6628597516683,2711.544750682093,2948.6067996965285,3169.6015800947644,3374.3452682195493,3563.770692907652,3739.2561103539047,3902.213826823936,4053.8679160588217,4195.153398910086,4326.687533084289,4448.7813669647585,4561.472458111326,4664.567856585156,4757.691329817986,4840.331525679896,4911.889192846735,4971.722270361352,5019.187973525666,5053.681148223448,5074.668255194891
USA,Male,IHD,glp1,171727.17378267902,446.1331035529729,6055.719989008561,446.1331035529729,1956.0507805892848,3333.1918997858884,4510.836807206215,5229.791678096168,5614.0121986834565,5830.604465919838,5972.548032914288,6079.686774624861,6167.343734336435,6241.094905756414,6302.938466662192,6353.671101582702,6393.761045762454,6423.65138280543,6443.852415880945,6454.956754325889,6457.625893080432,6452.566072193964,6440.500281333458,6422.139566552185,6398.155544030422,6369.1555325530935,6335.661418932839,6298.093104374013,6256.7571114630555,6211.840663602925,6163.41128997202,6111.421767096617,6055.719989008561
USA,Male,IHD,diet,133719.99732869864,0.0,7443.341460842115,0.0,84.74457331351005,207.26785136427497,384.7192622271832,632.7096942376229,959.641754209646,1361.8235705042025,1823.3811205637758,2321.392187209218,2832.519174924062,3337.483188851911,3822.5367346180137,4278.987320451881,4702.005598609976,5089.435317837459,5440.862473048968,5756.9649160637055,6039.0828713559895,6288.941511536599,6508.4709173940355,6699.686039415654,6864.60323260224,7005.179606648744,7123.267582988134,7220.58071161696,7298.668834763928,7358.901707017212,7402.460601742903,7430.337512738712,7443.341460842115
USA,Male,IHD,combo,303050.6586737416,446.1331035529729,13386.249124224123,446.1331035529729,2040.0885918550775,3537.661308561859,4888.652838816575,5849.441950181557,6552.624410281365,7161.984157125757,7755.15510695806,8349.6662310182,8938.053790819366,9507.022624698351,10045.072999503871,10544.428184323944,11000.754837490793,11412.310569757305,11779.130293576978,12102.40715484944,12384.059635055484,12626.435946021229,12832.10947626154,13003.732065848133,13143.92418178299,13255.189983453252,13339.850966477068,13399.995184024097,13437.440767357242,13453.713202262763,13450.035972251731,13427.334015350498,13386.249124224123
USA,Female,IHD,glp1,122124.2012645058,323.68165566396783,4555.879793406755,323.68165566396783,1389.4418179086642,2315.4478640719317,3092.572056823992,3553.2265712539665,3794.5031784781895,3934.5587158604467,4035.485125166859,4121.695915386663,4201.0730000853655,4275.3733147309395,4344.383158408629,4407.429474587378,4463.887685701775,4513.328738246753,4555.542053669458,4590.517951717135,4618.417774786183,4639.540794440894,4654.290779759758,4663.143324557284,4666.614629742573,4665.232387959608,4659.509403957811,4649.9205306847,4636.883405377099,4620.74334542721,4601.76262337435,4580.114193269459,4555.879793406755
USA,Female,IHD,diet,116834.4807297728,0.0,6611.341672230454,0.0,80.48111103475094,189.34486140517402,343.6901882024831,557.9201900705812,839.6507249266724,1185.8000888438837,1582.7137505283172,2010.7681434032565,2450.161996226205,2884.709835870599,3302.9867639878066,3697.8190140741062,4065.2166939016897,4403.356238235312,4711.811315952509,4991.032385341416,5242.013684067293,5466.084384325659,5664.775993883086,5839.734284364502,5992.656436946185,6125.2424510135315,6239.155085005565,6335.985680971353,6417.224932471232,6484.238516793062,6538.247868624516,6580.316437071597,6611.341672230454
USA,Female,IHD,combo,236852.6991945896,323.68165566396783,11062.359330677195,323.68165566396783,1469.2517237841967,2502.257812101103,3430.17257251704,4099.80514387376,4616.058886239771,5094.306713528727,5583.4217239097925,6088.697551886813,6598.667924681475,7099.234203461005,7578.9551659391145,8030.07505365205,8447.99824571883,8830.4472330914,9176.73625394929,9487.24568511988,9763.066483827948,10005.762420168961,10217.206384349964,10399.460962288897,10554.685131847626,10685.057021269866,10792.70775550272,10879.66437639849,10947.801400776894,10998.801302129752,11034.12441296922,11054.988663263852,11062.359330677195
JPN,Male,IHD,glp1,33233.13822271131,123.22163178828487,1035.4185446150877,123.22163178828487,507.3505743638525,828.5678208676109,1082.123759787035,1218.1958660559612,1274.8400687760295,1293.6305680263904,1296.2974991171213,1291.8904909866105,1283.9306946367287,1273.8318325437867,1262.2581111378095,1249.6207670794101,1236.2455125370761,1222.419788412517,1208.3988253992138,1194.3999746857226,1180.5960459086564,1167.1112321097244,1154.020411498299,1141.35152350719,1129.0903199566965,1117.1867009076232,1105.5618953283774,1094.115862278144,1082.7344283430139,1071.295818247061,1059.6763643198792,1047.7552894904002,1035.4185446150877
JPN,Male,IHD,diet,19687.992927584557,0.0,1097.856930676593,0.0,13.52119414799381,34.161472374224104,64.30051012095646,105.95658917119727,159.77555178319744,224.32554650747625,296.3082465795742,371.60785367964127,446.44630284149025,518.0476910125726,584.7512224725215,645.8110186487174,701.1110890422133,750.9131586403746,795.6713353692321,835.9092626449055,872.1446251304587,904.846387102938,934.4136402840886,961.1683308047577,985.356666791442,1007.1557263628783,1026.6829181671637,1044.006698833633,1059.157466810706,1072.1379183487152,1082.9324201204,1091.5151531144948,1097.856930676593
JPN,Male,IHD,combo,52480.23215538344,123.22163178828487,2109.853283217919,123.22163178828487,520.7590029802232,862.2619483688177,1145.2425764528598,1321.8885921667534,1430.9521737566392,1512.651300751677,1585.5166070276318,1654.5880175030761,1719.6992745895404,1779.5504317681189,1833.178177988244,1880.2585831654142,1920.9973705156153,1955.9315908398348,1985.7550027937395,2011.1924959692406,2032.9196200650986,2051.516593856679,2067.446767644542,2081.051715662463,2092.557198566712,2102.0858149620253,2109.673312102692,2115.2863727921067,2118.840336525762,2120.21581067222,2119.2735181812022,2115.867032708309,2109.853283217919
JPN,Female,IHD,glp1,23173.71429095034,101.90069898882939,722.6800925490606,101.90069898882939,405.4945118614123,639.1919055541657,811.2821690344645,891.4064412336083,914.4938736218901,913.7697185685902,905.2932566906165,895.0083137921683,884.7037578308154,874.7193703195153,864.9753682506125,855.3295429191858,845.6858056343553,836.014426002992,826.3425980643879,816.7366958992934,807.2840687793796,798.0772542961349,789.2015667256856,780.7262050877252,772.6986418880115,765.1418614317954,758.0539283470353,751.4093449556749,745.1616791592751,739.2469972748731,733.5877065131863,728.0964896755977,722.6800925490606
JPN,Female,IHD,diet,17456.47604128535,0.0,925.1547662710655,0.0,15.130263937855489,36.33617198023421,66.04935954880784,106.2314036505195,157.4617768389944,218.30994418924092,285.5736351688538,355.2974788779611,423.8714780958253,488.6512243101606,548.0556697417996,601.375549616394,648.5083242121618,689.7272646628408,725.5131269547273,756.4420224050846,783.1143673291081,806.1113131112143,825.9689376423485,843.1639044008043,858.1066727375,871.1398169023159,882.5398700697551,892.5215970832724,901.2438817203001,908.8165912272598,915.3079077982402,920.7517208007048,925.1547662710655
JPN,Female,IHD,combo,40248.22873393455,101.90069898882939,1628.4792597281266,101.90069898882939,420.4985907716691,675.03301505727,876.1257102659874,995.3872354131599,1068.3807102320134,1126.9741872515806,1184.1190127383961,1241.9043481312037,1298.5942415049576,1351.9414676317028,1400.3146835085936,1442.8703474480062,1479.403743034447,1510.144481068608,1535.5830243392484,1556.3435084332814,1573.0960657427277,1586.4983296755672,1597.1576316059509,1605.607914640641,1612.2973142511473,1617.5835963612262,1621.7353900339513,1624.937603726481,1627.2997111969307,1628.865817795937,1629.6256114593052,1629.5254818976027,1628.4792597281266
GBR,Male,IHD,glp1,29465.2332891317,89.19432069199684,1022.0476548109727,89.19432069199684,384.28347377981845,643.3690104450798,855.6344684158103,975.4568098412128,1030.4838142799126,1054.2231421565157,1064.83000342577,1070.0234580163815,1072.8228816857154,1074.4035567010578,1075.2544935101105,1075.608489388651,1075.5927052910338,1075.2791426930853,1074.7022762521883,1073.8674854603014,1072.7576355049823,1071.339410780507,1069.5692392063575,1067.3983213165193,1064.776418521309,1061.6542924299356,1057.9848925994374,1053.7235279350134,1048.8273272837832,1043.2543099432078,1036.9623620778002,1029.9083646872314,1022.0476548109727
GBR,Male,IHD,diet,23830.803220610193,0.0,1348.6670365565587,0.0,16.5898243306292,40.641045645592385,75.08093321142223,122.47829283060855,183.9048849919709,258.0765096618343,341.51309288404445,429.687758319611,518.3504247145102,604.3170752961887,685.62363887627,761.3075699822657,831.0848318398785,895.0655645509614,953.5515060793914,1006.9099435304452,1055.5043517183149,1099.6620283580778,1139.6636275681522,1175.7443225911993,1208.1001462115237,1236.8957475079442,1262.2715819254954,1284.3496717372545,1303.2377431795103,1319.03191577494,1331.818293419754,1341.6738573158436,1348.6670365565587
GBR,Male,IHD,combo,52834.29871436715,89.19432069199684,2347.437564871798,89.19432069199684,400.7349404816923,683.4595331102537,929.3605593136162,1095.3867824782865,1210.3159072571652,1306.4527444891792,1398.5792610616845,1490.002548534445,1579.588833189082,1665.393928388381,1745.975267939415,1820.6117472430706,1889.1407045385713,1951.7314941255463,2008.7053317964455,2060.4203053007514,2107.20976816881,2149.3566323910345,2187.088717988372,2220.5846619192744,2249.983732135159,2275.395746475857,2296.9092359411443,2314.5972256534733,2328.5207346407624,2338.730475737051,2345.2673862336596,2348.162622271171,2347.437564871798
GBR,Female,IHD,glp1,15609.851512563637,56.12812930966902,562.4161004092784,56.12812930966902,230.9998077227574,372.2179971169462,479.9293916352981,533.6017617178586,552.76355884449,557.2131444787665,556.8176016758116,555.3511544190733,554.0222100313622,553.1183460411157,552.6408847713792,552.5252504469281,552.7072372653347,553.136033423667,553.7712727716498,554.5772446882402,555.5183795392659,556.5568298480066,557.6518404444942,558.7603044398893,559.8379192152788,560.8404820878895,561.7250143134515,562.4505393728141,562.9784533315105,563.2725077020987,563.2984798124344,563.0236356868772,562.4161004092784
GBR,Female,IHD,diet,12594.623209515095,0.0,737.0104387952415,0.0,8.922764027200174,21.556019886113063,39.45752375013399,63.992941217744374,95.75955374089244,134.1384081991855,177.36397971332553,223.10882550162205,269.16946942247887,313.8844791541633,356.22587479096546,395.69493708939626,432.1589797475099,465.7035822455764,496.52402910916135,524.8549187005847,550.9290516298533,574.9563217273862,597.1152521330732,617.5519566799958,636.3830390151052,653.7001989905548,669.5751864365775,684.0643324119919,697.2122820174263,709.0548106212627,719.620767511602,728.9332852489715,737.0104387952415
GBR,Female,IHD,combo,27942.015583436747,56.12812930966902,1284.9963487378882,56.12812930966902,239.84815670805983,393.48137167871755,518.6713319601186,596.2522338148046,646.3774097733112,688.2656019173046,730.0719256230805,773.3024484468697,817.0133538122936,859.8658409722884,900.8515930620961,939.4127693681257,975.3497999713654,1008.6905787690412,1039.5816341650789,1068.213530479683,1094.7760421128369,1119.4349301993498,1142.3228689208554,1163.5388389269647,1183.152001514325,1201.2074131759691,1217.7319358461682,1232.7394104151354,1246.2346577915087,1258.2162069592705,1268.6778635238843,1277.609355480683,1284.9963487378882
DEU,Male,IHD,glp1,50021.83399715228,154.0680506654462,1659.696892625303,154.0680506654462,672.5288142338832,1133.3583908323053,1506.6898609387426,1707.7313424276945,1788.2846792991622,1812.553630234048,1816.2313909645163,1814.757056653456,1813.8872017629183,1815.2295302747516,1818.6852095580834,1823.504417845019,1828.7564460983558,1833.5456097068818,1837.1087480697752,1838.8529983363987,1838.3615863383748,1835.3821015538997,1829.8054434298538,1821.6403485685296,1810.9865630268469,1798.0086300820403,1782.91158558194,1765.9194075515406,1747.2567506534251,1727.1342523868952,1705.7374977124418,1683.2195597397513,1659.696892625303
DEU,Male,IHD,diet,26163.451876348845,0.0,1364.8604019991035,0.0,21.033335050058668,51.45070779546222,94.54464516120788,152.80517195416905,226.76502082495426,314.2720568020013,410.9410902294039,511.5737650662777,611.5627766291,707.588360436901,797.6324800558359,880.6661660128739,956.2967517029319,1024.4973791623488,1085.4353779570374,1139.3764167902555,1186.6362950492912,1227.5587854037294,1262.5057637382706,1291.8518711704382,1315.9798718918755,1335.2751978614397,1350.119446274024,1360.8832199246244,1367.91893821329,1371.5542631442659,1372.0866827309655,1369.7796373167075,1364.8604019991035
DEU,Male,IHD,combo,75722.21555309322,154.0680506654462,3004.163143348822,154.0680506654462,693.3867331791989,1184.1147036651382,1599.542503540055,1857.402404805718,2010.1335349816218,2119.90531801607,2218.1535867619386,2315.240316800002,2412.408169502436,2508.0026817471517,2599.9338433531666,2686.42890856578,2766.1586522671278,2838.1887999003084,2901.9093096185825,2956.977984829704,3003.278805459093,3040.8883603705763,3070.045079781863,3091.1185491076612,3104.5781763634004,3110.961677384912,3110.84442259169,3104.8108635286917,3093.4291811744624,3077.2300758908386,3056.6903224965936,3032.2213933951716,3004.163143348822
DEU,Female,IHD,glp1,33756.0002792313,119.34126401167305,1182.1464951264934,119.34126401167305,507.6326700236823,828.8025665145979,1074.769419885124,1191.7913700359059,1224.4982854339469,1221.4732611895306,1208.0715346476209,1194.534911640454,1184.3486696804466,1178.2994374257541,1176.1293159923225,1177.188055926832,1180.7005730513483,1185.8865769929107,1192.0193224047107,1198.4558125191543,1204.6513462824369,1210.1643034792214,1214.6543715766602,1217.876243720908,1219.6702207371272,1219.9508068791329,1218.6941734737047,1215.9252163605706,1211.7048180282727,1206.1178235589614,1199.2621404404927,1191.2392721913056,1182.1464951264934
DEU,Female,IHD,diet,21644.08773378184,0.0,1165.1409697825002,0.0,20.335817247192608,47.96464004793961,86.40268388731056,137.8617024806881,202.32056731729244,277.08360612807155,357.5538346833491,438.8578689357091,517.2270588460669,590.4882060129312,657.8254284664436,719.2738560839643,775.2643058141257,826.3259919560805,872.9347550422826,915.4589189665276,954.1587727539154,989.2097279555601,1020.7318359446945,1048.8169520848314,1073.5499443317822,1095.0231053683528,1113.3442859303614,1128.6398457936884,1141.0536864086753,1150.7435899203556,1157.8759525353526,1162.619823055793,1165.1409697825002
DEU,Female,IHD,combo,55006.23418534557,119.34126401167305,2328.286371633294,119.34126401167305,527.798888401303,876.1232976380415,1159.6376393808896,1326.8514951676189,1422.478557212322,1492.5263188147946,1557.8779012061568,1624.0081033741153,1690.700602657147,1756.5946278039628,1820.6130924072204,1882.1232685111609,1940.7597994563257,1996.2527444317384,2048.3365174594364,2096.7258527813683,2141.128901849035,2181.274089919287,2216.9369295540237,2247.9602059792524,2274.2653617948818,2295.855286743579,2312.8098512609868,2325.275956334226,2333.4539326747326,2337.581990070088,2337.9201902494533,2334.7351465674583,2328.286371633294
GLB,Male,IHD,glp1,2665172.002156498,8059.264537151903,102860.56441054959,8059.264537151903,34048.870711683296,56202.51244541071,73966.34707692172,83641.2919064369,87822.76491401717,89487.92662456725,90222.61740548722,90686.08972294256,91120.8992665708,91605.45107867476,92157.62090513203,92774.40193260554,93446.40998910274,94162.85005106311,94912.96836737171,95686.28340317495,96472.45460307598,97261.09592740331,98041.62905522343,98803.19239567593,99534.59662252571,100224.31332376879,100860.48706195131,101430.96671717335,101923.35677962564,102325.09221909288,102623.5414747838,102806.1412273338,102860.56441054959
GLB,Male,IHD,diet,2023367.82080534,0.0,122535.06290015299,0.0,1117.2198339430615,2768.571423554793,5188.260802811012,8596.943455869332,13120.71399434004,18720.28203526698,25186.8035295289,32211.95960297156,39480.707238224335,46734.480425995775,53791.97294063866,60541.964485111646,66925.73407026846,72919.46368108131,78520.47927192692,83737.73408720456,88585.71202533785,93080.74426234327,97238.90560674202,101074.89276609756,104601.48705748376,107829.35075063165,110767.00630691182,113420.91323128063,115795.59850988165,117893.82137242984,119716.76678319555,121264.26835411415,122535.06290015299
GLB,Male,IHD,combo,4650610.586074446,8059.264537151903,223387.73555852752,8059.264537151903,35156.77303364035,58933.588517386466,79061.00479844864,92059.40979919955,100653.04012066219,107784.46757233888,114837.73235847242,122172.0587339066,129722.57502324693,137314.79060955532,144788.7475104211,152031.87325769942,158976.46448562387,165587.55973896198,171850.99687146116,177764.36110187974,183330.89372124616,188555.69457746577,193443.50474081282,197997.5045278035,202218.73065103684,206105.85443844646,209655.16404298786,212860.66288642678,215714.24165067263,218205.90834370628,220324.07532567903,222055.90753957815,223387.73555852752
GLB,Female,IHD,glp1,2089630.0785054686,6392.212336781435,86151.89723736886,6392.212336781435,26710.278666207567,43489.740526967216,56627.1986026573,63451.80797622027,66156.26543883188,67107.6069755461,67523.21111931233,67881.20599215431,68336.33187050652,68921.26916272286,69627.45365504362,70435.02263538912,71323.14377035946,72273.09259396046,73268.7692590598,74296.39823298436,75344.04122410715,76401.13441422954,77458.1046938207,78506.0640951274,79536.56556857191,80541.40266201366,81512.4406754747,82441.4731444763,83320.10306423157,84139.65223106463,84891.1041776929,85565.08650258463,86151.89723736886
GLB,Female,IHD,diet,1723177.3241407229,0.0,107752.31111527048,0.0,989.3537455233745,2411.071833748836,4466.708691555541,7340.769633572549,11134.886130847968,15811.232174360193,21192.561949055176,27023.447594054975,33047.93434451334,39060.29528957326,44919.78622671869,50542.78135865461,55887.28224504646,60938.225990396924,65696.41154668108,70171.08525567316,74375.33645533025,78323.398636695,82029.15118316095,85505.3373376783,88763.18781102356,91812.26053237915,94660.3867463246,97313.66453028377,99776.47250154708,102051.49556459952,104139.76526885387,106040.72244760022,107752.31111527048
GLB,Female,IHD,combo,3780771.47054814,6392.212336781435,192113.80436140578,6392.212336781435,27691.38129131496,45868.28477150109,61013.84817109397,70641.22033555759,77047.28779950645,82565.28953445237,88241.20055237925,94304.44516444625,100659.83025678247,107138.64162397385,113594.086210032,119923.74494006112,126064.89973683935,131983.33148228843,137663.04901478253,143098.7500283681,148290.82727444917,153242.25539624877,157956.72870934661,162437.577998857,166687.14681524504,170706.42477740627,174494.81795066688,178049.9922336936,181367.76221390814,184442.02061730716,187264.71613615006,189825.8928132942,192113.80436140578
CHN,Male,IschStroke,glp1,471420.3099149852,794.64777732722,19353.599238036433,794.64777732722,3708.974830529187,6584.624923868338,9250.922516305116,11098.560119420406,12297.75336582819,13157.93428543699,13862.403100443655,14491.740310485358,15076.67207522539,15627.544331575627,16147.090168739669,16635.37904905458,17091.577500515035,17514.527237891336,17902.940732532297,18255.504766772967,18570.977115740767,18848.284991167486,19086.611316508148,19285.454002545914,19444.649939956842,19564.36311110691,19645.04240108258,19687.35849910043,19692.130754409824,19660.25442590844,19592.637027346063,19490.150000124006,19353.599238036433
CHN,Male,IschStroke,diet,357556.84721450903,0.0,20348.09685462131,0.0,206.79389457486104,512.8726221532561,961.4659287551185,1593.5369056951022,2432.4946930980077,3470.8029844567645,4669.002365752589,5968.651805995032,7309.662689586636,8642.262594829896,9931.075554712792,11153.922555200057,12298.593230454018,13359.559157082345,14335.387889036676,15226.962296119425,16036.362528082682,16766.219347371953,17419.372529770248,17998.71042655129,18507.106248999946,18947.39776313398,19322.37975448789,19634.794214964146,19887.313277495094,20082.51586287748,20222.86195231625,20310.66928633419,20348.09685462131
CHN,Male,IschStroke,combo,822502.5233012303,794.64777732722,39383.1619752578,794.64777732722,3914.0440827977145,7090.578888337128,10195.167818859336,12659.278507578652,14677.044100296334,16551.23750326899,18427.03422638774,20328.154312159284,22226.68648211751,24084.277764546452,25868.93213894812,27558.835727929953,29141.001109598088,30608.657788190874,31958.932529999525,33191.216211527586,34306.16660019336,35305.171494423645,36190.09742768272,36963.18885751045,37627.0273348114,38184.49793794169,38638.73843989242,38993.065683249384,39250.88497593044,39415.59375038254,39490.491932931356,39478.709921152564,39383.1619752578
CHN,Female,IschStroke,glp1,352344.87163247954,596.2502340449719,15616.72040952649,596.2502340449719,2722.7858196732122,4745.992064934631,6580.089539260778,7818.188002787065,8609.905351500318,9186.903047153377,9680.455164863728,10145.05934355664,10598.956140355673,11046.027499757125,11485.148306373972,11913.762139932951,12329.10193891183,12728.52599479619,13109.564454823965,13469.90355809324,13807.382720493828,14120.018137776875,14406.044021711918,14663.957089943346,14892.551768205129,15090.938091935008,15258.539194297977,15395.06940761907,15500.49692127062,15574.996558436891,15618.898705240339,15632.640005202382,15616.72040952649
CHN,Female,IschStroke,diet,275712.3895462567,0.0,16679.808306540363,0.0,148.07558168610558,364.87729966040934,681.8118064501905,1128.882791472075,1724.255684561329,2464.841476823087,3325.324365917477,4266.8478946776595,5248.855048873462,6237.329135124455,7207.67128071317,8143.981176835601,9036.949581192574,9881.693025254994,10676.040894372738,11419.348407283658,12111.746767033357,12753.709864229895,13345.831655651564,13888.733617068385,14383.045131426305,14829.418404408032,15228.553627413698,15581.22044846078,15888.269157554838,16150.629982351791,16369.302028461127,16545.33510475757,16679.808306540363
CHN,Female,IschStroke,combo,622965.6127796259,596.2502340449719,32023.00861007045,596.2502340449719,2869.626464451605,5105.954305208754,7249.715166186099,8923.875859147753,10296.5293823065,11596.796430768445,12931.502589056385,14317.341910816147,15732.981795567553,17149.029908654513,18540.22532320337,19888.342004490783,21181.374671311816,22411.774686895893,23574.830718877376,24667.495576777495,25687.64988573757,26633.70009144547,27504.39955352992,28298.800211463124,29016.266730066505,29656.507641540375,30219.59657844447,30705.97087661375,31116.404907806078,31451.96201141714,31713.932462145574,31903.7661915801,32023.00861007045
IND,Male,IschStroke,glp1,182080.73675244494,337.8709060914116,8574.509028503788,337.8709060914116,1519.3196129191783,2613.354219604691,3581.7850821801985,4205.316641561425,4574.141965775227,4820.519517281617,5019.375026106776,5202.848180783505,5383.059803513868,5564.123361103993,5747.1795826561865,5932.312012083072,6119.224019962479,6307.452343348239,6496.416461693589,6685.415285325726,6873.611453269259,7060.017318905215,7243.487299288681,7422.717976401327,7596.256191201101,7762.514921710012,7919.796479015145,8066.322326394671,8200.268587899744,8319.806070154358,8423.143397366046,8508.571680344408,8574.509028503788
IND,Male,IschStroke,diet,96350.31172976492,0.0,6178.117850887182,0.0,52.87372408917872,130.26465212935,243.91471816893318,404.40603839448886,617.1692925649113,879.1538615069585,1179.0914680353017,1501.5337934240233,1831.7261979194009,2158.5767550104065,2475.2614908975083,2778.4431437201565,3067.115115429915,3341.599675336445,3602.844882492267,3851.9883016933454,4090.110029057774,4318.105272174696,4536.627260930894,4746.069656205131,4946.570551923825,5138.028265410336,5320.123823359609,5492.347622923087,5654.029046120937,5804.368378968793,5942.4705645334325,6067.380296456628,6178.117850887182
IND,Male,IschStroke,combo,276651.24936656066,337.8709060914116,14649.242077183444,337.8709060914116,1571.752374949836,2741.871044981788,3821.3685376430512,4601.490516585822,5178.008003808209,5680.376543609949,6172.6067440756015,6671.777779707045,7175.579346017796,7677.240757757798,8171.175614559441,8654.148459446733,9124.830022759154,9583.03430133895,10029.08024561056,10463.360179112351,10886.08059229952,11297.121690143424,11695.972397699545,12081.712062557577,12453.021531890496,12808.213745705434,13145.278350206616,13461.937137101428,13755.708159191418,14023.976700362808,14264.071234489209,14473.342309674248,14649.242077183444
IND,Female,IschStroke,glp1,164308.8752958403,372.38543148955796,7498.741033039638,372.38543148955796,1670.5843762575532,2752.43664535039,3659.592242167273,4170.521168457577,4421.628000573663,4568.330471598252,4687.298351797857,4805.932286644005,4931.5165939437575,5064.631046905066,5204.074852350983,5348.435281055281,5496.482343680633,5647.192987471062,5799.67831731739,5953.099928384821,6106.599015713553,6259.242758299515,6409.987437079602,6557.656892484461,6700.935034814174,6838.3712462642,6968.397454748454,7089.355439137202,7199.532622004859,7297.204300677287,7380.680026370101,7448.3517097621225,7498.741033039638
IND,Female,IschStroke,diet,113522.10688047088,0.0,6893.6083613007795,0.0,99.15710715460591,220.84615979739465,391.39608275535284,624.5006211345899,923.7149687006022,1278.8584055406973,1668.9769905821886,2070.2522748462507,2463.3356150668114,2836.3638242165325,3184.2329863723135,3506.395233129384,3804.760944397305,4082.243125585257,4341.91326110356,4586.577749071992,4818.600169429032,5039.851725419459,5251.721556721197,5455.151195319078,5650.676355739066,5838.46933454572,6018.380225995788,6189.977273030905,6352.587318343227,6505.337249579839,6647.196952461265,6777.023813130683,6893.6083613007795
IND,Female,IschStroke,combo,276112.62833577325,372.38543148955796,14299.841602288303,372.38543148955796,1768.914522140898,2970.4585278324666,4044.508763101476,4783.4140873525175,5327.498843946902,5822.449064332352,6324.494472112157,6837.674241818546,7350.211947436619,7850.930025243957,8333.501419984677,8795.878691216814,9238.636450565711,9663.564667532395,10072.762049872137,10468.131244115997,10851.129090341565,11222.66108758247,11583.052293971414,11932.05794086575,12268.895757986815,12592.292091124225,12900.538731966342,13191.559274597967,13462.98417229962,13712.233311852673,13936.60431834904,14133.364212451852,14299.841602288303
BRA,Male,IschStroke,glp1,31621.627229998972,58.758747103536734,1437.895646236735,58.758747103536734,259.67745135285077,446.34283749520546,612.2852964903432,722.2271075458339,790.8690342010304,839.4022655554945,879.7751233120143,917.0806555426898,953.182436105024,988.6370378938882,1023.5168503309615,1057.7353180267019,1091.1686687607144,1123.6973994802029,1155.2167973540418,1185.635931743207,1214.8727905050328,1242.848620784498,1269.4827160452987,1294.688161673228,1318.3687459110515,1340.4171021427028,1360.7140721022151,1379.1292289631965,1395.5224603378592,1409.7464793383115,1421.650105993307,1431.0821416717954,1437.895646236735
BRA,Male,IschStroke,diet,19997.224052227873,0.0,1263.5255506473477,0.0,9.312737913918681,23.50861740529217,44.71698758911225,75.03062111893814,115.79395493493939,166.9441565223533,226.89951738741365,293.0978654075807,362.7755416790387,433.53867986056866,503.5915977886398,571.7223491305267,637.1847352900877,699.5652173001363,758.6713316681926,814.4492303073057,866.9265498016903,916.1741785001068,962.2811588751065,1005.3384339574841,1045.4285086722812,1082.6191196887376,1116.9597037790663,1148.47990075298,1177.1895992471254,1203.0801919498626,1226.126793818068,1246.2912212339725,1263.5255506473477
BRA,Male,IschStroke,combo,51217.65208850603,58.758747103536734,2678.340051697989,58.758747103536734,268.91252187806094,469.53197873839235,656.1903946256789,795.6812355475777,904.0620522411191,1002.4928885354748,1101.3966699320372,1203.3768888190389,1307.6050669144533,1412.3015481836555,1515.7824011029588,1616.7719642645534,1714.4106901014748,1808.1676886187852,1897.7429602259072,1982.9862555377767,2063.836611440245,2140.2794136277516,2212.3166517709033,2279.9467238878424,2343.1511584508844,2401.8864724477025,2456.079981959003,2505.628763594723,2550.401190085686,2590.240584833751,2624.970598500193,2654.4019338388753,2678.340051697989
BRA,Female,IschStroke,glp1,28590.307987205197,56.36313068655727,1360.241145844324,56.36313068655727,245.19383061886037,413.53763976253686,559.4865350993423,652.186344946902,707.07207104587,744.5562573938878,775.8713688485295,805.6915075812576,835.6506527282108,866.1645948117148,897.1993108280076,928.5725417392096,960.0680977044467,991.4775170870489,1022.6136977936112,1053.3135242027201,1083.4359824215499,1112.8583230504591,1141.4713885261735,1169.1746975723654,1195.8716791783809,1221.4653545808833,1245.8547012438066,1268.9318736031128,1290.5803959015466,1310.6743834530353,1329.078792385073,1345.650646565773,1360.241145844324
BRA,Female,IschStroke,diet,19523.698768916685,0.0,1259.402351000681,0.0,10.319964487709512,25.258394666874665,47.03788832746068,77.75902077764476,118.66605860516574,169.4934139227189,228.42061277179164,292.71505606886785,359.5868435212251,426.7679196644385,492.69513607104454,556.4344333148547,617.5121725741483,675.7511575046665,731.1460761242706,783.7803697326744,833.7752714360613,881.2605577269424,926.3587157605798,969.1768484630156,1009.8027742649429,1048.3032766342221,1084.7234240621328,1119.086462509542,1151.3941071865702,1181.627222648167,1209.746943595048,1235.6962954932242,1259.402351000681
BRA,Female,IschStroke,combo,47739.61804917741,56.36313068655727,2597.505500603933,56.36313068655727,255.42772753967438,438.45493981026084,605.6796608693257,728.3366010066966,823.1258627796924,910.2333329466128,999.1325751410259,1091.838817127631,1187.2635762359932,1283.6037270586676,1379.2908375189654,1473.2208837722064,1564.7054661291113,1653.3542859888476,1738.9675517806318,1821.4574936497738,1900.7966030388925,1976.9850526904484,2050.0303711088345,2119.9344467673654,2186.684803224329,2250.2484464043664,2310.5674601029023,2367.5560336922354,2421.098864585103,2471.0509785142203,2517.239017437474,2559.4640009656287,2597.505500603933
CAN,Male,IschStroke,glp1,3978.248912330504,7.818000497216417,167.55308747166418,7.818000497216417,34.377600070173685,59.02874346697081,80.84828460155313,95.27246355312855,104.30396182111781,110.72594315007518,116.07373008552895,120.98001999185726,125.66003800173803,130.16383579531703,134.48248857677027,138.5895192457201,142.45648976391476,146.05872352847746,149.37731529237135,152.399709858214,155.11966133888563,157.5368529645766,159.65628073090375,161.48745593985404,163.0434751513876,164.34000921599,165.39426513204126,166.22397278605422,166.84644338867838,167.2777386486614,167.53198053042797,167.62082173123417,167.55308747166418
CAN,Male,IschStroke,diet,1739.994544617969,0.0,106.0105181081999,0.0,0.8306392568611045,2.1030236822161896,4.009917889987264,6.743842519565078,10.429225359846896,15.059362271450482,20.485075274288647,26.465273419710684,32.74054226980752,39.08679649575788,45.33609491065181,51.3744738885207,57.13038012434754,62.56220979840691,67.64832954649683,72.38011337127864,76.75744603810563,80.7859345916604,84.4751844133134,87.83768233348019,90.88799513872982,93.64211504731429,96.11686687209112,98.32934367449525,100.296367777677,102.03398928984825,103.55704008338944,104.87876117047017,106.0105181081999
CAN,Male,IschStroke,combo,5679.980005146331,7.818000497216417,271.334633462041,7.818000497216417,35.20131187104562,61.10310423917963,84.78494986026453,101.87326610887521,114.4959385441025,125.43207552981949,136.07281148506263,146.81630924726505,157.62490832899675,168.32989013132647,178.758104925113,188.7713956697935,198.27098961798038,207.19111671789506,215.49131056153237,223.15020327988532,230.1610978895842,236.52886345341358,242.2676314509681,247.39890348030985,251.9498347108629,255.95158040838396,259.4376758583603,262.44246912200833,264.9996502014892,267.14092741275635,268.89489830065213,270.28615278014695,271.334633462041
CAN,Female,IschStroke,glp1,5054.622037822978,11.357369363453472,218.5303133282905,11.357369363453472,47.69482715540289,78.47784901966043,104.77040563768878,121.1226932364043,130.76241033400038,137.53647740912675,143.41505250888076,149.1263427085596,154.86070573289362,160.61319362290305,166.31890963125625,171.90181538970137,177.29119557412196,182.42676722084434,187.2599915503779,191.75412940052047,195.883808922561,199.63429831667236,203.00052290420172,205.98584927041702,208.6006775339556,210.86090203707317,212.78631170484914,214.39900337634936,215.72187651156855,216.7772681560764,217.58577490435346,218.16529536081362,218.5303133282905
CAN,Female,IschStroke,diet,2783.983848128185,0.0,165.9648522558964,0.0,1.8430468330170697,4.3187447987475025,7.816694284663754,12.67022313553025,19.058693684292848,26.915714595827012,35.93293179471402,45.66931231572016,55.686929664483614,65.6372970058419,75.2838039715225,84.48540101361687,93.16853113749312,101.30190602568473,108.87853589547376,115.9045605295305,122.39300555909176,128.36063650044161,133.82654921566973,138.81160595964138,143.33818678574426,147.4299722257456,151.1116297652443,154.4083703557426,157.34539310347827,159.94726134755,162.23726176065247,164.23679660712696,165.9648522558964
CAN,Female,IschStroke,combo,7784.329886316814,11.357369363453472,381.4723035242969,11.357369363453472,49.522503145160044,82.73866269992504,112.44808711228416,133.5338595172043,149.4070057671579,163.85438322504342,178.54736533486357,193.78426602071522,209.32742860584585,224.8304461942207,239.99583315193559,254.60822738769457,268.52364197321003,281.6500241763151,293.9310277953882,305.33513549144845,315.8490921157663,325.474069803111,334.22327975631015,342.1201843533072,349.19683174354213,355.4920940614793,361.0497542933226,365.9164807248799,370.13977408458595,373.7659878435279,376.83851853755004,379.3962485132688,381.4723035242969
TUR,Male,IschStroke,glp1,9938.559874856406,22.219546219730546,441.51761924462335,22.219546219730546,100.44339280839085,160.67918054015172,213.1724276177374,243.41858917753416,260.24494866904934,271.7502506806304,281.77784955115203,291.58895570892855,301.4714822408532,311.40790614689104,321.3154920511806,331.11632266736706,340.7516869615356,350.179471689964,359.36796162423707,368.29001238023557,376.91857891949985,385.2236259247911,393.17020898865667,400.7174917939046,407.81850004053194,414.4204555825454,420.4655698080678,425.89220057607963,430.6362926613074,434.6330295519547,437.8186269665821,440.13219806229245,441.51761924462335
TUR,Male,IschStroke,diet,6871.7332804213165,0.0,400.0936702685285,0.0,7.7357452094656765,15.279395879979347,26.04772143944865,40.613336167498346,59.237925506578904,81.23863230843563,105.30391394124308,129.97289141352303,154.07898904587273,176.91051691106986,198.15346375991794,217.7569497180375,235.8116539008297,252.46769838842374,267.88767385922256,282.22305746148777,295.6040792943968,308.13658992901765,319.9022661074596,330.96025013555845,341.34930976155374,351.0901233323275,360.1875476566893,368.6328385599518,376.4058362066353,383.4771356410529,389.81025634757316,395.36381226953745,400.0936702685285
TUR,Male,IschStroke,combo,16706.41112605888,22.219546219730546,836.1609074332519,22.219546219730546,108.1146226051278,175.77168817931488,238.80367303886487,283.304196179015,318.3785480842562,351.4700496410587,385.1392610828043,419.21260081960645,452.827868383054,485.2625197615562,516.119527828534,545.2661993942929,572.7293466787705,598.6118807590829,623.0402286534736,646.1351098881314,667.9969217324178,688.6994281620173,708.2879356260964,726.7798411347867,744.166448989421,760.4155059013574,775.4741895714105,789.2724228482184,801.7264434414501,812.7425758974277,822.2211489588008,830.0604891655494,836.1609074332519
TUR,Female,IschStroke,glp1,11014.024648049708,28.632504003384383,501.80118156104436,28.632504003384383,127.57737712187009,193.88499452879114,250.4906234067239,279.11823146475217,292.5748256995721,301.1976327163211,309.257652633245,317.9136971295229,327.271616337639,337.1691829951087,347.420273261665,357.8740554900505,368.41914850712055,378.9744088950756,389.4785871905624,399.8818522880174,410.13949882510497,420.2074989163302,430.0394927430898,439.5848861080085,448.7878094746484,457.5867620465797,465.91481315359124,473.70026483735273,480.86769793176063,487.3393325901052,493.0366362233399,497.8821099693305,501.80118156104436
TUR,Female,IschStroke,diet,8724.954761861696,0.0,509.50318883300497,0.0,12.265356190880993,23.073472794942063,38.21691915523115,58.472283556548064,83.83647839559853,113.04368906858144,144.06310812905213,174.89906340844755,204.17347727500237,231.2346631888795,255.9668994690619,278.5463299555995,299.2618537123308,318.41477927425876,336.27367506784867,353.05974512381727,368.9464287062583,384.0643915675464,398.5077435785279,412.33980485586653,425.59793230332434,438.2974260074843,450.4347120316452,461.9900275898108,472.9298054089959,483.20890710187086,492.7728077897191,501.55979232156096,509.50318883300497
TUR,Female,IschStroke,combo,19621.28715042134,28.632504003384383,1005.1343693048693,28.632504003384383,139.740441355676,216.68457410694464,288.12193359938465,336.59740467403026,374.94854571504766,412.28620659016815,450.8884935807873,489.94587811521706,528.1976608782643,564.8290510956467,599.5310360137555,632.3200586217026,663.3654148965688,692.880537580073,721.0675986018468,748.0942167022295,774.0865021936988,799.1293549897528,823.2694712542725,846.5190500180761,868.8594587353946,890.244691654756,910.6046816775561,929.8485891961827,947.8681823934967,964.5413866621238,979.7360364231208,993.3138197873122,1005.1343693048693
ZAF,Male,IschStroke,glp1,6641.269126291424,10.72063321146561,319.99058240596787,10.72063321146561,49.21320311804084,86.25926931176127,120.18710420060415,143.4160232482136,158.3644650745755,169.10134769331853,178.01915117961653,186.18110827314922,194.00904447178982,201.6620114375237,209.20061581260234,216.65154272583823,224.03058138032247,231.34923116072605,238.61513600714716,245.8304816487962,252.9900272490504,260.07944707587376,267.0742443489453,273.9393180647003,280.62917679622115,287.0887472599097,293.254698546345,299.05718675956086,304.4219157819789,309.2724062957168,313.5323661120201,317.12805963964274,319.99058240596787
ZAF,Male,IschStroke,diet,434.3559429497609,0.0,27.463511695234047,0.0,0.22728488403299707,0.5633923464638428,1.0598990839225735,1.7656434525179066,2.7094195328227215,3.8841922446736135,5.245551152678672,6.726728632880622,8.259163069504211,9.786865905296509,11.271375088550485,12.690313948432959,14.033450415745392,15.298636149647791,16.488543083380137,17.60832743096944,18.664061999268597,19.661728132117787,20.60659287085946,21.50284636401375,22.353416134490544,23.159904186297354,23.92261190968202,24.640629319183063,25.311971930321306,25.933752427885338,26.502376451313467,27.013753107574303,27.463511695234047
ZAF,Male,IschStroke,combo,7067.593794544729,10.72063321146561,346.997452846972,10.72063321146561,49.438592466775845,86.81505596671286,121.22798473311104,145.14520210927367,161.0144241587459,172.89849884044088,183.14702611141,192.75829779076594,202.08724395521313,211.2381306950192,220.23378205837616,229.07875531630816,237.77856508990044,246.34235401329352,254.78015591157964,263.09901732019716,271.29949732008026,279.3730203101495,287.3001753604203,295.04992203449365,302.57961592159336,309.8357493264157,316.7552940376627,323.2675281439624,329.2962263836489,334.76209363716407,339.5853241771365,343.68817529644,346.997452846972
ZAF,Female,IschStroke,glp1,9397.72025300185,16.374156870424486,443.25337645052423,16.374156870424486,80.47549094560782,139.54121221465357,191.03272500485582,222.90084065913834,240.82759180410903,252.55188732427814,262.2264075243984,271.45045878772,280.6893681411966,290.000945471711,299.3284780255235,308.6041668746766,317.7794121734223,326.8289852703856,335.746739631566,344.53914298952077,353.2187544364642,361.79833458448775,370.28581735070475,378.6802366211923,386.96865865785367,395.12414615267335,403.10475201379086,410.85350809908414,418.2993390548436,425.35879777601804,431.938489875527,437.9380322154975,443.25337645052423
ZAF,Female,IschStroke,diet,732.0926731571763,0.0,44.47792539355942,0.0,0.6043003323684388,1.3552921739064914,2.394363109013284,3.819517107816864,5.669403288478861,7.901444398827152,10.400951324398193,13.022568682645215,15.63542284187497,18.14765906703542,20.50859329337618,22.69916681118775,24.720329692736414,26.583799301490217,28.306007336392213,29.904589048459457,31.39652493327594,32.79723238906445,34.12015432419139,35.37658665372146,36.57561305055424,37.72408888275095,38.82665529458245,39.8857827259053,40.90184984221196,41.87326434588249,42.79662966042815,43.666957851040934,44.47792539355942
ZAF,Female,IschStroke,combo,10118.514403203335,16.374156870424486,487.1255106329372,16.374156870424486,81.0747514680661,140.87878715813713,193.3862798039845,226.64670069245767,246.38265485741613,260.29303198246816,272.41909185100667,284.2180498686939,296.02676436538604,307.8124170077426,319.4678491943996,330.90582906307463,342.0780506280571,352.9702780104926,363.59211534995484,373.9670751604099,384.12420962838587,394.0913094108291,403.88945540214627,413.5287631237916,423.0052405691313,432.2987276376589,441.3718960073311,450.17027365902686,458.62322994508213,466.6458240617794,474.14138829056174,481.0046915025014,487.1255106329372
MEX,Male,IschStroke,glp1,9046.319845655316,14.357114105014261,450.0922159286165,14.357114105014261,63.936534231788755,111.13999327247257,154.14594420845242,183.9079869738689,203.66604336774435,218.47279436929784,231.24857050733408,243.28047453972067,255.07198651742874,266.7997632817169,278.5107765925495,290.20136253931196,301.84798711951953,313.4190139401544,324.8791202311695,336.19089721714045,347.31538448403444,358.2122091726269,368.83958649573106,379.15428099174096,389.1115704030417,398.6652349972064,407.7675905230062,416.36958304537256,424.42096443760965,431.87056645307166,438.66668830030176,444.7576074082717,450.0922159286165
MEX,Male,IschStroke,diet,392.8695273216963,0.0,26.750349360216205,0.0,0.1634658014118031,0.41406887064113107,0.7899422414520814,1.3289315061465459,2.0560517166031786,2.9718960947866435,4.050716235724394,5.249919222649623,6.523668311703659,7.8326748736890295,9.147891872553373,10.449981496070905,11.727069618058522,12.972348893883463,14.18215017113107,15.354584615779459,16.488662008498068,17.583751328769722,18.63926813868966,19.654504350903153,20.62854372678339,21.56022718922395,22.448146289316355,23.290652492931258,24.085875825177936,24.831749948425568,25.52604273741599,26.166392383060156,26.750349360216205
MEX,Male,IschStroke,combo,9430.686737454182,14.357114105014261,476.29581166871503,14.357114105014261,64.09863674325788,111.54841767079233,154.92145516834898,185.20873039460275,205.67531570858773,221.37495975005004,235.20314825977948,248.4055838786444,261.4410965354964,274.44801498063316,287.44492785638795,300.40923334572835,313.30572993731766,326.09605642288807,338.7412323848803,351.20193643679886,363.43818091940557,375.4089242527516,387.07176540569344,398.3827379007853,409.2961901493836,419.7647399643538,429.73930032005956,439.16918255457495,448.00228946396965,456.18541333578105,463.66465291657005,470.38595902292946,476.29581166871503
MEX,Female,IschStroke,glp1,9346.653882765055,15.542865679388342,486.9190598878886,15.542865679388342,67.97458587286746,115.8214390008452,158.3596138265748,186.80423779202465,205.07834795404233,218.64223401355594,230.5506385664903,242.1038359797658,253.77994340505938,265.7220405530097,277.9442774364197,290.4128916200916,303.07707210551234,315.88053642942396,328.7658404504,341.67596597003285,354.5548641741807,367.34755954253706,380.0000295354839,392.4589422114732,404.6712944903629,416.583987108148,428.14337567562325,439.29484206483903,449.98243320838446,460.1486139168592,469.7341760329291,478.678338260841,486.9190598878886
MEX,Female,IschStroke,diet,437.1525625858503,0.0,30.389681646764075,0.0,0.20143494170224585,0.4976170547779475,0.932042702970648,1.5470576024563343,2.369178982977246,3.3960372787187225,4.59515358749195,5.916142023779685,7.307129061895466,8.725902947371651,10.143422843577355,11.542328511257438,12.913664402920404,14.253710060442245,15.561591332807438,16.83771083663669,18.08281582800919,19.29749704218193,20.48195317248974,21.635906257692113,22.758594914426794,23.848802059463196,24.904893419141445,25.92485549257617,26.90632907546751,27.846638669194363,28.742820239222056,29.591650597438274,30.389681646764075
MEX,Female,IschStroke,combo,9774.782438170163,15.542865679388342,516.7168844501066,15.542865679388342,68.17434086544381,116.31230743001288,159.27478307418278,188.31890650975038,207.39454425627082,221.96027967188093,235.03948705068615,247.88342498076418,260.91961639561123,274.249882682936,287.85991327092415,301.6988625795675,315.70704116861816,329.82441291230134,343.9925784152474,358.15483057761594,372.2557855091727,386.2409937046359,400.056586386876,413.6489276125794,426.9642436479662,439.94822328870214,452.54560528305956,464.69978589180755,476.35248975768627,487.44355092055775,497.9108486435907,507.69043555222015,516.7168844501066
AUS,Male,IschStroke,glp1,2446.787880238935,4.250622755928362,111.24098313392369,4.250622755928362,18.852598562661115,32.646455911466546,45.25065473418408,54.01891565859523,59.88336547303652,64.28452728272487,68.03102086489389,71.45913148466434,74.68732108687755,77.75063844760916,80.65683372782223,83.40721251602645,86.00341536243195,88.44899762041041,90.74929170271753,92.91084368652355,94.94085760909093,96.84675706573853,98.63586139233485,100.31514319598955,101.89103355537463,103.36925031679493,104.75463558714728,106.05099785269613,107.26096123874322,108.38582916616451,109.42547224790451,110.3782509984585,111.24098313392369
AUS,Male,IschStroke,diet,1412.6420589078211,0.0,87.51716690866397,0.0,0.7332934098917576,1.8299119327266453,3.4617512058139255,5.7953658742635525,8.931746203855255,12.85040368023283,17.401810564279003,22.357482526624153,27.48060145456884,32.57629509450089,37.50954268903479,42.20061371707743,46.61152768087504,50.732013182296214,54.56834437683938,58.135579534043245,61.45262111345619,64.53929253193837,67.41473417276757,70.09660528215045,72.60074553726827,74.94107684465234,77.12961429985171,79.17651382500935,81.09012138615981,82.87701161787936,84.54201695840584,86.08825530269496,87.51716690866397
AUS,Male,IschStroke,combo,3828.989193976374,4.250622755928362,196.9500607234222,4.250622755928362,19.579776372088418,34.45147969324444,48.649385604402596,59.691969264447835,68.61331455596155,76.83621029310007,85.02460602025894,93.29239880421028,101.52702020961988,109.57304397758617,117.30592676203105,124.64855342325791,131.56490619491979,138.04800047303797,144.10887510004886,149.76845422697534,155.05215862439218,159.98659816358304,164.59766642732575,168.90950527345922,172.94396845139,176.72034545029874,180.25520334288558,183.56227079590826,186.6523320189508,189.53312562134852,192.20925898980659,194.6821563624835,196.9500607234222
AUS,Female,IschStroke,glp1,3317.403899131511,6.784656936375541,152.69333804976304,6.784656936375541,28.724809056257072,47.35326602191981,63.71069547937714,74.36332716736251,81.09881902397319,86.13234776040372,90.5884821639047,94.8703222478589,99.0768690364248,103.20450816594348,107.22435781370041,111.10799368258085,114.83421640404231,118.38952819686892,121.76687948851668,124.96419936193524,127.98313158583096,130.82803157401213,133.50517429220508,136.02210716719674,138.3870934358638,140.60860857974876,142.69486862865415,144.6533823395148,146.49052931361985,148.21117317294375,149.81832321560978,151.31285976910294,152.69333804976304
AUS,Female,IschStroke,diet,2439.974020296885,0.0,145.44652940647575,0.0,1.847157920005884,4.237488067847153,7.565269186391561,12.148949334576173,18.14317323328123,25.45277166235428,33.7434977122648,42.55927754823824,51.46356692151039,60.12642943732317,68.34364469774209,76.01535436859922,83.11314166673401,89.65096654006902,95.66446557603103,101.19797934784492,106.2972085218762,111.00549399682586,115.36223437247372,119.40245985799356,123.15696124076476,126.65262749903377,129.9128069315393,132.95760472619804,135.80408749867638,138.46639781437807,140.95579878075114,143.28067642908536,145.44652940647575
AUS,Female,IschStroke,combo,5711.773956393804,6.784656936375541,295.59270226875196,6.784656936375541,30.55656184691088,51.53425945802792,71.14277052503803,86.26727703920915,98.85466337409798,111.03184661740215,123.59909664292354,136.51449429805962,149.44976956700884,162.07731318712104,174.16671390698502,185.59003616514747,196.29666026445375,206.28544495916776,215.58323726048275,224.23067170587365,232.2736628212706,239.75870408559058,246.7304774161712,253.2307499772469,259.29791479519463,264.96679712322475,270.26852217930536,275.23034920765895,279.87544357049046,284.22259777766703,288.2859336959027,292.0746277210437,295.59270226875196
NZL,Male,IschStroke,glp1,604.1269078903,1.2251678756767888,26.392232386385103,1.2251678756767888,5.322875195294046,9.0042802445588,12.245785956834197,14.378813786590172,15.714394162705958,16.6674693323597,17.461578792282353,18.186626319609445,18.872982770431236,19.528793156052416,20.154996112458775,20.750734036338145,21.31509020787621,21.84753194999803,22.347946031069114,22.816573588494975,23.253937929063568,23.66078435075974,24.038028724728065,24.386707504643255,24.70792361272288,25.002785765940644,25.27234169856797,25.517507934737978,25.739000177158232,25.937269049268934,26.112445951719565,26.26430328597371,26.392232386385103
NZL,Male,IschStroke,diet,385.40004909654,0.0,22.93392456258107,0.0,0.2306951920015763,0.5685264041376286,1.0620164395108986,1.7567192944760563,2.676931643224293,3.8104999612622805,5.108813610563516,6.503192083037675,7.925760143772322,9.323094404410313,10.660049097191404,11.91734805777628,13.08707870005378,14.168459427176458,15.164687896817213,16.08087928340592,16.922838409040196,17.69638963063926,18.407047562831394,19.059879732077206,19.659466999014512,20.209906133758523,20.71482424251326,21.17739061689167,21.60032112183626,21.9858756638896,22.335852060858542,22.65158072179088,22.93392456258107
NZL,Male,IschStroke,combo,981.684658648779,1.2251678756767888,48.886571561459505,1.2251678756767888,5.55164641033889,9.565110146504253,13.288637402537347,16.09892915672242,18.331846554734057,20.391180667422987,22.453395094778216,24.54150014614197,26.61958651333248,28.643504311836296,30.579674344977093,32.408197145232634,34.12022405541711,35.714284528354256,37.193248872087,38.562247869292605,39.82739645493507,40.99507336097645,42.07154284330181,43.062766206828655,43.97430567814581,44.81126374644691,45.57822864443597,46.27921434141945,46.91759418417769,47.496033330066666,48.01642789275388,48.4798593084447,48.886571561459505
NZL,Female,IschStroke,glp1,698.6591037034616,1.832036231455504,30.26641846556231,1.832036231455504,7.478631948214797,11.90959443245174,15.541415969389845,17.66845748177957,18.83618034053916,19.61807612191342,20.28974049224621,20.945813358373243,21.60818864118869,22.27510892931332,22.93904716982297,23.592313955593454,24.228437643602547,24.84227022328855,25.429803502034247,25.987980615165952,26.514557928338036,27.008007146670025,27.46743622375675,27.89251190766663,28.2833738159336,28.64053612954649,28.964777596043177,29.257023627662875,29.518226129502636,29.7492475349743,29.95075555983476,30.123134581596787,30.26641846556231
NZL,Female,IschStroke,diet,539.1658200915824,0.0,30.883115834830278,0.0,0.4334369496355066,1.006974866319979,1.8051254960289498,2.8978596651422777,4.314755396194414,6.02466753071235,7.94089004351531,9.951641795011255,11.954465630517461,13.875838261901436,15.673813917707548,17.331250092655182,18.846916770598455,20.228142988753916,21.4858833906369,22.63185563502998,23.67710538968595,24.631436000436906,25.50330653820879,26.299949389546555,27.02756371018927,27.69150876763024,28.296462154110486,28.84653143594778,29.345320674386585,29.79595970561627,30.20110674119087,30.56293531944152,30.883115834830278
NZL,Female,IschStroke,combo,1228.0623198871997,1.832036231455504,60.63451026286634,1.832036231455504,7.908454073041639,12.903136038361026,17.314770208223308,20.507979736028574,23.059146654570895,25.512513590968638,28.059510888277828,30.685668159230318,33.31253503782432,35.86606351067212,38.297213296007385,40.581047647393916,42.709483254510815,44.68422645646979,46.5117600865708,48.200339183793176,49.7584307723439,51.19404155462189,52.5145261146281,53.72661514602328,54.836512467680905,55.84998183957532,56.77238930372641,57.60869307454391,58.36338758845659,59.04041560941255,59.64306504386923,60.17386705605122,60.63451026286634
ROU,Male,IschStroke,glp1,6616.0048948783915,21.28266437192906,218.9516264534068,21.28266437192906,94.70282395946924,153.29334089367512,199.91530902559862,223.97269306831186,233.88353011419713,237.92645843035461,239.90586852713386,241.1042132244147,241.87962434241854,242.33364142849314,242.52383746413398,242.5106928314308,242.35530852616284,242.1083939729906,241.8023814920889,241.44863511217045,241.03871246547715,240.54806508303955,239.94078206485574,239.1743932155514,238.2041383183605,236.98641511494498,235.4813317279295,233.65442197035009,231.47765233456084,228.92987543048002,225.9968817520712,222.67118216239032,218.9516264534068
ROU,Male,IschStroke,diet,4410.823872553001,0.0,205.2542986168337,0.0,5.622079165996183,12.409110892664103,21.652800947707874,33.96188929829441,49.41305908550203,67.36175565014673,86.60380035851631,105.78555711893205,123.79403989929415,139.9348570610091,153.9133459170189,165.7243373950514,175.53326007094074,183.58391792603288,190.1382934543144,195.44218083134547,199.70852962758,203.1118159370999,205.78874885862024,207.84226649626726,209.34693899608465,210.3546648479387,210.90003906672428,211.00508191249537,210.68320865764326,209.9424359461118,208.78788499297661,207.22367352385845,205.2542986168337
ROU,Male,IschStroke,combo,10964.485598786114,21.28266437192906,421.88599178000004,21.28266437192906,100.27801549564174,165.5431622694323,221.2077219513194,257.2993995907309,282.33591209978476,303.9779170437414,324.8553218853049,344.9235819506175,363.4449700986479,379.8327842585604,393.84762736293123,405.5377420302975,415.1209022364419,422.88312059490636,429.1115300596648,434.0575408037839,437.9213982554902,440.8500395085357,442.9422763481125,444.2573357827423,444.8243095358921,444.6511198088592,443.7323044775585,442.05536321489853,439.6056667445009,436.37007251791874,432.3394527428827,427.5103539649863,421.88599178000004
ROU,Female,IschStroke,glp1,7322.102341639351,27.95430429811313,240.63255114880667,27.95430429811313,132.21435418485635,194.0451534507847,244.94730734096447,265.384990562663,270.30445504848467,270.15817531391804,268.9873927021581,267.810362506174,266.7543831208859,265.76335687195024,264.7864683075568,263.80610670042006,262.82734163543137,261.86348632471345,260.92586089673205,260.01827333619076,259.13500298175495,258.2609879381889,257.3732189919174,256.44266318277005,255.43629432537637,254.31898971039845,253.05517515517568,251.61017927822104,249.95130466175397,248.0486480224863,245.87571094660598,243.4098426938981,240.63255114880667
ROU,Female,IschStroke,diet,6568.957343496582,0.0,282.0384681606811,0.0,16.53388266231923,30.49934225618199,49.015212653983326,72.79161648063746,101.25314827387047,132.289783079239,163.08699756657734,191.19713152486293,215.1924008336864,234.6704397036774,249.91255206823917,261.52328190631306,270.18699892828226,276.54162519962847,281.12886044290644,284.384594234205,286.6469884939943,288.1705793438705,289.14113352273125,289.6892216226115,289.90192555312024,289.8326778762603,289.5094213097909,288.9413132765367,288.1241864250296,287.04495163713,285.6851074717597,284.02350098845636,282.0384681606811
ROU,Female,IschStroke,combo,13820.321826854957,27.95430429811313,520.2431566113337,27.95430429811313,148.61034576686143,224.187815165933,293.2354474712665,336.99856879527215,369.90316739392074,400.3449538097011,429.59348021261394,456.2422798158077,478.9912937804984,497.36781453896765,511.5829176850639,522.2050804675273,529.908795354746,535.3342734354483,539.0269273878039,541.4215129899931,542.8474851004466,543.5427084304683,543.669267557063,543.3286404332066,542.575204104538,541.4278066108309,539.879457501218,537.905309110145,535.4691370713954,532.5285312046981,529.0389967144147,524.9571480356608,520.2431566113337
BGR,Male,IschStroke,glp1,3371.4232630675124,12.532309907449417,98.29324803924465,12.532309907449417,54.329528449844474,88.49414399522357,115.69489105950925,129.35405378163705,133.91052383174247,134.41158465275112,133.46155491336685,132.0821303714365,130.61654860658928,129.16319732582997,127.74285037697518,126.35542498576251,124.99637317121778,123.65989136620192,122.33865204416361,121.02318536885468,119.70170354384572,118.36040113300442,116.98406774990508,115.55684011503035,114.06296331613885,112.4874795304604,110.8168021089059,109.03916097396177,107.14492289434565,105.12679967040276,102.97996099066768,100.70206879304351,98.29324803924465
BGR,Male,IschStroke,diet,2133.3027845292454,0.0,91.99201184568847,0.0,2.8080721386340883,6.372168622230674,11.261526549436894,17.810532177662026,26.041125315477984,35.552888594045726,45.62227833230645,55.4612697750581,64.45710084877464,72.26946463876993,78.79966801288538,84.10715773251832,88.33002285273142,91.63031466402572,94.16361620472708,96.06547183575822,97.44755918255942,98.39870029030135,98.98785448790477,99.26761769089717,99.277555101693,99.0471136223241,98.59805953125397,97.94647100823022,97.10434354863719,96.08087026265457,94.88345352436772,93.51849613769082,91.99201184568847
BGR,Male,IschStroke,combo,5475.280887526013,12.532309907449417,189.32930514384316,12.532309907449417,57.114181521781575,94.78329085661244,126.76582679436979,146.82571909176477,159.43771006870338,169.26524541281833,178.20702650229214,186.5116685019657,193.91792884637835,200.18531258673102,205.23271392088282,209.11429831202076,211.9582145389286,213.9160301552638,215.13230944995485,215.73037817514705,215.80815247055034,215.43926578582614,214.67651419189315,213.55598200029272,212.10104185183445,210.32588749615752,208.2384963870045,205.84303248870128,203.14174705246842,200.13644961117643,196.8296204282342,193.2252279749664,189.32930514384316
BGR,Female,IschStroke,glp1,3713.2147835778615,16.05018504459622,109.35040099189428,16.05018504459622,66.53159039886305,102.92959957292624,131.43150038110798,144.85248363502797,148.7933776178961,148.86544939398482,147.68230739823957,146.13637623954492,144.4664292549569,142.7192989105897,140.90524870480112,139.03835914074625,137.1405024308333,135.2366144264197,133.3497727257054,131.4980316804449,129.69297727152298,127.93951515735898,126.23641812614733,124.57727689008789,122.95161389129498,121.3460093490321,119.74515222993978,118.1327716287069,116.49243167902569,114.80818993442699,113.06512845072393,111.24977102101548,109.35040099189428
BGR,Female,IschStroke,diet,2778.9297435383814,0.0,111.95658062201073,0.0,5.091058675692693,10.806815945106791,18.400016330957442,28.4452378118076,40.92133264720542,55.06020595131304,69.57447160642369,83.14621849722607,94.8462283698118,104.26871572832533,111.43235885809918,116.60204002814862,120.13666377969457,122.39469886291045,123.6891161737567,124.2733879949792,124.34332114977224,124.0452333474368,123.48552936126907,122.73951877830041,121.85877521328803,120.87699822944523,119.81458384646794,118.68216139503784,117.48333035299402,116.21678530314057,114.87797262312961,113.46038605463036,111.95658062201073
BGR,Female,IschStroke,combo,6459.593482616972,16.05018504459622,220.30133835796732,16.05018504459622,71.58019010741191,113.5996764260417,149.53365386619043,172.78748872060896,188.96454653955152,202.93560354470173,216.05481102246995,227.91677090351368,237.83793629643333,245.4546661069944,250.78504099267957,254.09600438220332,255.75801678511925,256.14681212281903,255.59327277516604,254.36571908143378,252.66971832408126,250.6555781228326,248.42813151967493,246.05627826306227,243.5813110530289,241.02381057033745,238.389208544555,235.67221932102984,232.86034862136694,229.9366626144456,226.88196709664226,223.67651549001312,220.30133835796732
ISR,Male,IschStroke,glp1,587.376588391851,1.0248365180259498,28.703714985763327,1.0248365180259498,4.506395727985705,7.764717206154501,10.688760351203996,12.674971818389508,13.968141018103097,14.922211436086968,15.735150220034711,16.490026174185914,17.216383130392728,17.92270278667661,18.610286417627208,19.278704371140407,19.927757191187766,20.558030797509446,21.17089366230107,21.768284756762796,22.35244062972515,22.925627203756676,23.48990549355881,24.04694298782465,24.597873306468955,25.143201777856348,25.682752002167035,26.215647398212923,26.74032163709444,27.25455236481389,27.755513416148688,28.23984160469172,28.703714985763327
ISR,Male,IschStroke,diet,293.544659837444,0.0,19.93810658849543,0.0,0.12946507095307425,0.32531231046527864,0.6175983335778028,1.036264581056912,1.6012194082351243,2.312943668523644,3.15056353053194,4.079070680167661,5.060170710854891,6.060469857428643,7.054948734756977,8.026986855799464,8.966833932678128,9.869771143116395,10.734502810308413,11.561914937492475,12.35417120522311,13.114072844641214,13.844611872511223,14.548662922877611,15.22877447507517,15.887032237007361,16.524975777742156,17.14355509575421,17.743117550753595,18.323418142862238,18.883647924521938,19.42247663403191,19.93810658849543
ISR,Male,IschStroke,combo,874.3294567853659,1.0248365180259498,48.2094884818207,1.0248365180259498,4.634781072001147,8.085589633628047,11.29504722981983,13.689167340098038,15.532726052989233,17.180498926892938,18.810290428624626,20.47112780808493,22.155244698025513,23.8385430597275,25.497877000264907,27.11654070721613,28.684751146678423,30.198419068622343,31.65758331553866,33.064990918461945,34.42494347512388,35.742404329063675,37.02232751392853,38.26916716149549,39.48653199576256,40.67695614043055,41.841762955201375,42.98100295997915,44.0934504341858,45.176646252811,46.22697706792951,47.23978309293352,48.2094884818207
ISR,Female,IschStroke,glp1,777.799280901278,1.5544258322765927,37.14571537212032,1.5544258322765927,6.7046051673098646,11.175162647190746,15.039818525601731,17.508539518806174,19.021414152002762,20.12103779568588,21.08845923650847,22.026778937201698,22.96090972478828,23.88800555002331,24.798213813987104,25.68234528392668,26.534252946637935,27.351136987079826,28.133072028445895,28.882287104348052,29.60242185688776,30.29785404413201,30.973135816513604,31.632548228741143,32.27976910354914,32.917642120223036,33.54803190308735,34.171749362852324,34.78853261090626,35.39707072590659,35.995059986605156,36.579284517932365,37.14571537212032
ISR,Female,IschStroke,diet,495.5582592891168,0.0,30.950882607444782,0.0,0.3424326878065358,0.7947461563103388,1.4269741011737551,2.299171329284036,3.4436829202695662,4.848343609263566,6.45655375341812,8.186576310540659,9.956391103004307,11.700311641612643,13.374168635888054,14.953105281838589,16.42671403721579,17.79424874497954,19.060880207061018,20.235065779976367,21.326801744580507,22.34649548656398,23.304248927218396,24.209408927169306,25.070291275695126,25.894019652329234,26.686442979318826,27.452107979001994,28.194271772548746,28.914944220058715,29.614952771201615,30.294024646342677,30.950882607444782
ISR,Female,IschStroke,combo,1263.664130169275,1.5544258322765927,67.52364419318428,1.5544258322765927,7.044181997589135,11.959231280466497,16.44135479601914,19.760558955796114,22.390016098092246,24.861315129052628,27.400674844863715,30.031545009848287,32.69869512103992,35.33492435875678,37.886945248300435,40.32096586678813,42.62036621555808,44.78135361961222,46.80884330459571,48.71316941677787,50.50762889714406,52.206699645513254,53.824768609497596,55.37523933507191,56.86992332834279,58.318645995288534,59.72901618974902,61.10632088732541,62.45351537693841,63.77128606603674,65.05816833397103,66.31070621577851,67.52364419318428
NGA,Male,IschStroke,glp1,17573.49949100168,33.04591241131857,907.6957311127844,33.04591241131857,141.99630253161376,237.29154689070128,317.9066070766421,367.515002121163,396.0625812054459,415.6563531382526,432.83739978768426,450.3105787794375,469.01940185901185,489.1964332601128,510.8006413563635,533.6872678321524,557.6714293775949,582.5509920841359,608.1142307659466,634.142074401585,660.4086918815883,686.6818507493881,712.7235839805799,738.2913465852253,763.1396997128977,787.0224967625763,809.6955143474988,830.9194517249707,850.4632082403477,868.1073370583181,883.647564616047,896.8982593502951,907.6957311127844
NGA,Male,IschStroke,diet,3201.405912489161,0.0,223.66862518589915,0.0,1.3918414557592769,3.4388948368869023,6.440397038477386,10.687935596113675,16.371887193141447,23.49657361153004,31.870155529213662,41.17996989504536,51.09559613334932,61.34007919837313,71.71406744573324,82.08872304098259,92.38693392304776,102.56442124466412,112.59502740245807,122.46064600855607,132.14490291492257,141.62950063286553,150.89233204485208,159.90672619528777,168.64140295063407,177.06086629443598,185.1260674879304,192.79523359907034,200.0247961119676,206.77037725121045,212.9878042494529,218.6341280173001,223.66862518589915
NGA,Male,IschStroke,combo,20712.136251525157,33.04591241131857,1127.4021373402938,33.04591241131857,143.37653615599265,240.68387522116245,324.23078475614966,377.98023196134454,412.0704655404297,438.6169019062436,463.97575592525027,490.54803643480045,518.9553002908615,549.1597401552317,580.925292729662,613.9807786474521,648.0653102212127,682.9328138534147,718.3453721930055,754.0656530876804,789.851323186027,825.4518262709898,860.6071940144393,895.0484517849472,928.4992453839805,960.678399892764,991.3031888074038,1020.0931349932362,1046.7741891857077,1071.083142897507,1092.772136089443,1111.613120187205,1127.4021373402938
NGA,Female,IschStroke,glp1,18382.478036099015,31.963742537842336,993.7214974906674,31.963742537842336,136.44570698146708,226.94065718818092,304.67489834367734,353.9126322824959,384.06078398648606,406.59455752094436,427.5832695276986,449.38028506575574,472.6587708492734,497.44464843132664,523.5452306653133,550.7130178175357,578.7040554581399,607.2958330874098,636.2899402011462,665.5090691968144,694.7920019111334,723.9880088395585,752.9513008101203,781.5359034969297,809.5912319239942,836.9585959886608,863.4688233621928,888.941129898587,913.1832997982492,935.9931631049112,957.1612831056264,976.4746972268767,993.7214974906674
NGA,Female,IschStroke,diet,3640.837181319148,0.0,263.1153503458845,0.0,1.4287075368665683,3.4958150249512983,6.5649140435307345,10.990642759061302,17.025996299897088,24.7232063227857,33.90914197019811,44.25823050484905,55.40515522863643,67.02911333198062,78.88767159032795,90.81475620451238,102.70374978947075,114.48889127979783,126.13020551252703,137.60281826502614,148.88988058971154,159.9780277567843,170.85447427976032,181.50511700555944,191.9132524605011,202.05868463484512,211.9171113936245,221.45974552505504,230.65316290438204,239.4593853776314,247.83620715914003,255.7377662218496,263.1153503458845
NGA,Female,IschStroke,combo,21956.52919230528,31.963742537842336,1252.493386602313,31.963742537842336,137.86249922718343,230.3894771246596,311.1227409487474,364.67792273664236,400.7158720283951,430.76749823734644,460.7360422421698,492.6587839222011,526.8529863015792,563.0312667477774,600.7635366843024,639.6390997285198,679.3087171701482,719.4844846491324,759.9278516163831,800.4362279783018,840.8310734277038,880.9478603687094,920.6276794938676,959.71024872618,998.0282198821587,1035.4027963524568,1071.640739421964,1106.5328507888553,1139.8539866524443,1171.3645989681536,1200.8137257238268,1227.943276015314,1252.493386602313
EGY,Male,IschStroke,glp1,15409.82412870309,39.36365490939352,657.4243770701796,39.36365490939352,175.1133322211026,272.5450088144353,359.52643309193445,404.8885030034253,427.35433965938864,440.250482813437,451.0174099077085,461.8494931972673,473.3680686935986,485.55048926127347,498.2604654825918,511.34668355456233,524.6786131907138,538.1388887902358,551.6136556373385,564.9831634690272,578.1160020466341,590.8664433009617,603.0745149446884,614.5681647156889,625.16697927106,634.6869661822711,642.9459684491812,649.7693269107403,654.9954507557413,658.4810018998105,660.1054487206784,659.7747987380208,657.4243770701796
EGY,Male,IschStroke,diet,3803.5491520156756,0.0,222.5790081330124,0.0,4.179424168953119,8.112387332152139,13.983479745755176,22.034751949689962,32.41426200070782,44.69982465257635,58.107076419648365,71.77457403538574,85.03582857583388,97.5096019339544,109.05599595782405,119.68764647500939,129.4928024305118,138.58502384810708,147.07540813951346,155.05931199137558,162.61120875331108,169.78372819059587,176.6087151666361,183.09921705251327,189.25188572913612,195.04956327327818,200.46394680371304,205.4582760767662,209.9899997869943,214.01337507442804,217.48195024469896,220.35087807359378,222.5790081330124
EGY,Male,IschStroke,combo,19158.316399519386,39.36365490939352,877.2073195863923,39.36365490939352,179.25790037192928,280.5593161951256,373.28724187492844,426.53085513167025,459.16991156859876,484.12590621570416,508.0716761723015,532.3548027472134,556.9384650438442,581.4213561333745,605.5260781508332,629.1110327102433,652.1306367445577,674.5780940257537,696.4482412123834,717.7149189923366,738.3200192542863,758.1697820342961,777.1358327851631,795.0592415770661,811.7565588150173,827.0271063372638,840.6609888579114,852.4473844866588,862.1827302985548,869.6784631417831,874.7680211649567,877.3128629798448,877.2073195863923
EGY,Female,IschStroke,glp1,10989.361280004268,36.5276389544415,481.60989389920724,36.5276389544415,146.19136197524494,209.89934622898727,267.0650652072254,290.88202008379085,300.8272002239137,305.77214217480287,310.85334189472997,317.09978315719127,324.66151867891676,333.3085159631373,342.7981105005492,352.91695655975855,363.49144246579453,374.3737943551241,385.42981593863806,396.52926217402637,407.53988061357086,418.3243822310833,428.7397273768074,438.6381442208367,447.86941000601655,456.28399591711786,463.73672850256844,470.0906599989321,475.2208769275894,479.0180158420044,481.3912988793163,482.27094905294507,481.60989389920724
EGY,Female,IschStroke,diet,2929.458117156115,0.0,175.28153733289946,0.0,4.566799686432205,7.587750650069211,12.323292026459967,18.610719161813904,26.524345289595658,35.678149059593125,45.478392547753174,55.33251334067245,64.82729446474332,73.76012809443273,82.08582266401936,89.84719491024589,97.12312968153856,103.99801984655642,110.54660334080108,116.82776331779678,122.88293638218238,128.7366698157275,134.39809185863123,139.86273445998813,145.11448332196596,150.12757823353604,154.86864019335917,159.2987117198718,163.3752896318838,167.0543185606657,170.2921044975592,173.0471030653207,175.28153733289946
EGY,Female,IschStroke,combo,13877.579535442106,36.5276389544415,654.7282237399413,36.5276389544415,150.72007496691367,217.40103642951,279.2010070562137,309.17823596240487,326.88741330867197,340.82716892200915,355.55049966811566,371.502387141536,388.423754427884,405.88265787034106,423.5899389694423,441.3730072180224,459.1350352173322,476.8108574634134,494.33967123915863,511.6492147863537,528.6481673980779,545.2236099399888,561.2417119627935,576.5505085485711,590.9840737419945,604.3676143399789,616.5231130435641,627.27519938779,636.4569569757878,643.9154041818983,649.5164203598906,653.148932220065,654.7282237399413
BGD,Male,IschStroke,glp1,17522.27315966533,33.537769836289954,808.2474267683938,33.537769836289954,150.22859344007884,255.7945277019935,347.82681831191803,406.2164377430454,440.96691841161373,465.1605608520549,485.70852618338904,505.240220090378,524.511027383036,543.6142185764911,562.4639790415822,580.9623215371466,599.0442939163768,616.6801442841024,633.8644118545053,650.6028655165355,666.9009842240193,682.7549911445967,698.1454961679265,713.033493142706,727.3583894200856,741.037758447339,753.9685399754599,766.0294434733005,777.0843310043056,786.9863657458918,795.5827144782525,802.719590992514,808.2474267683938
BGD,Male,IschStroke,diet,20927.05052886937,0.0,1313.7555495962588,0.0,11.732973201505956,28.601561425453838,53.21488364164907,87.92811845788674,134.04602935775256,191.10772368040853,256.8849660716187,328.1618710952498,401.721609199416,474.98666562089056,546.2027272848063,614.3407342493665,678.9057968414345,739.7556517698395,796.9615397265661,850.7114536999579,901.2459153470772,948.8162633403044,993.6579056549745,1035.9734812926545,1075.9227292435608,1113.6170805472066,1149.1177396123967,1182.4364630050914,1213.5384937310155,1242.34724275826,1268.7503750294563,1292.606984387312,1313.7555495962588
BGD,Male,IschStroke,combo,38071.155337221506,33.537769836289954,2100.503212187643,33.537769836289954,161.86371471029997,284.0140086561987,400.10326819877446,492.3700315706774,572.1509096025402,652.1148348199895,737.0159509020014,826.3499368206722,917.727980850781,1008.716803594325,1097.5044623205904,1182.9742644129,1264.5650943027795,1342.097188416854,1415.6256955656718,1485.3331219112297,1551.4548984552675,1614.2293985743672,1673.8651466650044,1730.5200613752022,1784.2893021903,1835.1994819442189,1883.207769140965,1928.2048636982217,1970.0210927139196,2008.4350125106357,2043.1839688855835,2073.976092387602,2100.503212187643
BGD,Female,IschStroke,glp1,18582.301352663733,50.67295858585567,913.528014185169,50.67295858585567,185.97363680820854,285.545956685728,368.9970572945749,419.3648076786849,447.5308505356479,468.04148058990177,486.7622566637874,505.69767377247626,525.201303356087,545.2285936280095,565.6603279979463,586.4040623258043,607.4011677689195,628.6165410678077,650.0247682533882,671.5980676785184,693.2963685640934,715.0594639657866,736.801107690364,758.4050619647678,779.7231609938026,800.5754457817384,820.7523574408406,840.0188756559146,858.1203782674784,874.7898958316073,889.7563551439453,902.753356486879,913.528014185169
BGD,Female,IschStroke,diet,27282.424712386422,0.0,1757.2418765917391,0.0,21.71219265327818,46.67221275427073,81.73513851075768,129.95682081934137,192.81916685420947,269.01911426703373,354.9215743116074,445.9037451301774,537.7982883493532,627.649736030573,713.7776577169279,795.489517216156,872.7317659622859,945.8072557879132,1015.1826936190919,1081.3693503217655,1144.853392881494,1206.056862559628,1265.3166818189784,1322.8741290237376,1378.8705957652492,1433.347491477769,1486.2493079461783,1537.4294306628653,1586.6585094589027,1633.6352254232988,1677.9992117858492,1719.3457666859904,1757.2418765917391
BGD,Female,IschStroke,combo,45443.149515657016,50.67295858585567,2646.3934878351283,50.67295858585567,207.50475174597887,331.6295732986837,449.395022405959,546.9298278974784,636.6442422804757,731.8547647364649,834.8867651506735,943.2191930004992,1053.1111921047705,1161.6023787499653,1266.9045905756138,1368.2264280748568,1465.4404682749737,1558.796469787958,1648.7184198287068,1735.67485012838,1820.0998954168463,1902.3465408513657,1982.6595854100888,2061.160908855374,2137.8429888330647,2212.5686156734882,2285.0758141098704,2354.9874482760133,2421.825100319955,2485.026737240936,2543.967523797015,2597.9829724105803,2646.3934878351283
USA,Male,IschStroke,glp1,36955.62956678237,74.55530289009039,1498.027878527253,74.55530289009039,326.4932930746727,561.3606324059001,770.7867194743521,910.9023626803319,999.6940871258994,1062.9355242036909,1114.9177179850594,1161.5387152864423,1204.8155572642063,1245.2496071428322,1282.8261497451167,1317.402402460095,1348.848564787375,1377.093069243274,1402.1314464840689,1424.0216194367968,1442.8742920785444,1458.8417388123635,1472.106312337739,1482.8692680085223,1491.3402457740885,1497.7276540338644,1502.2301523763163,1505.0293937912502,1506.2841495782923,1506.125899146704,1504.6559226186073,1501.9438880086236,1498.027878527253
USA,Male,IschStroke,diet,21548.692898233676,0.0,1294.587735028108,0.0,10.164917549845995,25.8512728463611,49.508677643527335,83.56225474049279,129.59205398579797,187.5579475196064,255.6434520545372,330.8527119190112,409.90267106119427,489.89370993144985,568.5936515039502,644.4420015748474,716.4310273797892,783.9648403091414,846.7391499685036,904.6511721551069,957.7359200495557,1006.1219431399077,1050.0002640829916,1089.6019117796968,1125.180993264279,1157.00141093407,1185.3261231506185,1210.4083492799982,1232.484420739609,1251.7681452665565,1268.4466305999376,1282.677538775184,1294.587735028108
USA,Male,IschStroke,combo,58030.193113373934,74.55530289009039,2765.482672120197,74.55530289009039,336.57343613501143,586.8593087930494,819.3899359503994,992.6892232612663,1126.3310153236307,1246.080160012767,1364.4727972354376,1484.4938495343085,1604.961523202146,1723.547986411475,1838.0572229715035,1946.8184252815263,2048.7120933362603,2143.0785843932827,2229.6101624275907,2308.2586777271354,2379.1639332807536,2442.5993329716584,2498.930070030401,2548.5799879779515,2592.00448631194,2629.667875942003,2662.0243107783754,2689.5018744332338,2712.489655902944,2731.327768276431,2746.3002971170936,2757.6311433440715,2765.482672120197
USA,Female,IschStroke,glp1,45413.31841592438,117.73023305837705,1810.6872366750322,117.73023305837705,482.3019962234539,785.1435723034956,1039.4654163200903,1195.1142466802849,1284.4904483744322,1344.6954529195937,1394.4785220200865,1440.7013772578212,1485.163788196267,1527.8946528730594,1568.4404989573086,1606.316190488098,1641.1413715534436,1672.667070225114,1700.7672091509885,1725.4207949485863,1746.69291669238,1764.7166999823676,1779.6765535623854,1791.7926413264358,1801.3065229704516,1808.4679976229672,1813.5232579378207,1816.7044981247745,1818.221122401752,1818.2526790932461,1816.9436079264706,1814.3998400577984,1810.6872366750322
USA,Female,IschStroke,diet,30884.870293392218,0.0,1808.1026004326413,0.0,18.243146224238444,44.20634404401062,81.88248929199472,134.95346844533924,205.58387551897613,293.3096550397604,394.9404243842728,505.630172841833,620.3275043825997,734.7847799174924,845.9137100174557,951.7053536866879,1050.9844982791255,1143.1588035479945,1228.0217158518644,1305.6151828996371,1376.1396703058126,1439.8965442405315,1497.2508308321849,1548.606113076341,1594.386400268122,1635.021964259271,1670.9375322279084,1702.5420744929143,1730.219911832406,1754.3231220928865,1775.1653391775908,1793.0170657803246,1808.1026004326413
USA,Female,IschStroke,combo,75678.13000084728,117.73023305837705,3584.9429792797455,117.73023305837705,500.39299626446154,828.75274481409,1119.8751520032529,1327.2665694670432,1485.5236491823598,1631.3467521733837,1780.3991123417654,1934.8254906536604,2091.496604420987,2246.2878400011978,2395.718104747153,2537.325578838703,2669.5667423416453,2791.5995292510343,2903.0831477351894,3004.026486266346,3094.681245442305,3175.467498782775,3246.9203927029594,3309.649913528454,3364.3086386372743,3411.5645764916408,3452.077630761225,3486.479086860156,3515.3539966576354,3539.2265657848184,3558.5487216701295,3573.6920206875075,3584.9429792797455
JPN,Male,IschStroke,glp1,25106.410350494298,71.13936265725351,902.6278736116219,71.13936265725351,305.81671120041574,511.56219034022797,683.7610389071488,786.0892039974569,838.9009402466181,867.30724606679,884.7606564106536,896.8457427381654,905.6974617153319,912.1824041065847,916.76198919116,919.7908146658301,921.5991352108031,922.5003294526177,922.7772512129523,922.6671033036619,922.3511795756349,921.9506926902104,921.5279852386884,921.0917986947097,920.6051941204278,919.9948676279164,919.1608420318444,917.9857754605036,916.3433725763462,914.1055965102205,911.1485518068948,907.3570391256071,902.6278736116219
JPN,Male,IschStroke,diet,14562.784021315965,0.0,777.7424449358732,0.0,11.578755421782262,28.5913677987337,52.94895343740791,86.21359940687398,128.8083163421761,179.47872638281115,235.4907409173029,293.49037273140857,350.43572829230834,404.1269324309469,453.29005894191505,497.40840135324106,536.4852209055753,570.8333468273631,600.9197405847444,627.2619911165602,650.3646323596331,670.6832894086983,688.6073359872244,704.4544605139527,718.4726285637662,730.8463918760463,741.7054857930125,751.1343312960598,759.1815254053581,765.8687358535099,771.1986560343066,775.1618503973732,777.7424449358732
JPN,Male,IschStroke,combo,39367.83340825952,71.13936265725351,1665.3491956801881,71.13936265725351,317.2989008532095,539.7652864378688,735.7501183694039,870.4959958497493,964.8265668469976,1042.6621513544305,1114.802437098515,1183.5634084563644,1248.1087390075627,1307.1507139067544,1359.8977369680651,1406.1900148140776,1446.3518315890979,1480.9943666743493,1510.8505499878302,1536.6588173817509,1559.0904415061377,1578.7100498289656,1595.959594133601,1611.158034252694,1624.510940595981,1636.1257854329233,1646.0298929764904,1654.1889324459844,1660.5245381212371,1664.9301767641737,1667.28478974905,1667.4640385188104,1665.3491956801881
JPN,Female,IschStroke,glp1,21771.316232882105,76.98565195309493,772.1388123549696,76.98565195309493,307.85507087333826,485.77663067560206,624.7862741701902,699.8353240085416,734.5605828096304,752.1916226903268,763.7028288481233,772.8789248600297,780.6745217544303,787.1661358169004,792.2624316590736,795.9234270244633,798.2046467993787,799.2441997735514,799.2348188926044,798.3954366626931,796.9471098946233,795.0946025578523,793.0136122897238,790.8430838068598,788.6818194425796,786.588513354669,784.5843411054448,782.6572998514166,780.7675951238489,778.853491052243,776.8371680380224,774.63025473788,772.1388123549696
JPN,Female,IschStroke,diet,14146.529413028482,0.0,713.1447140348973,0.0,14.50201705602376,34.173969797564496,61.23443271495489,97.35532885894645,142.85551463604497,196.1824442220386,254.2140563840003,313.26256960316096,370.10027010643535,422.49687524919864,469.2568699104886,509.99650373729673,544.8689144348464,574.3355824278697,599.0058982885166,619.5347803107288,636.5614833444997,650.6752447799809,662.3977310422706,672.1758564619304,680.3810087832462,687.3122430152289,693.2019073595438,698.2226890314996,702.4953781953809,706.0968435586692,709.0678482290386,711.4204374541805,713.1447140348973
JPN,Female,IschStroke,combo,35634.26222076593,76.98565195309493,1471.8816539062827,76.98565195309493,322.2361424237315,519.4890210506055,684.920371115004,795.1744332074959,874.2663143218087,943.9462920973092,1012.1555615181933,1079.080737648772,1142.519140536322,1200.3587228845936,1251.3278386447855,1294.9990968892525,1331.5665574587256,1361.6102595184711,1385.9116721157698,1405.3250658783218,1420.6933299358861,1432.7956257243713,1442.3171130701157,1449.833936818155,1455.808818630212,1460.5939989517428,1464.4391566704508,1467.5025078370963,1469.8636882033315,1471.5373359494915,1472.486550289701,1472.6356255168357,1471.8816539062827
GBR,Male,IschStroke,glp1,7426.402905936397,18.62367483234084,297.648896133609,18.62367483234084,80.25555009639174,134.12843432087357,179.37349302599068,206.5662480089759,221.17144767685022,229.84161472238338,236.1122898063877,241.42566095496295,246.30488416361368,250.92958503909358,255.36196054700486,259.6255013510181,263.729115011718,267.6732618193528,271.4513554849909,275.0506797847247,278.45380166691757,281.6403947681665,284.58913932930227,287.27939831849653,289.6924799419194,291.8124081353835,293.62621044720436,295.12379213967324,296.2974989705817,297.1414839723948,297.6509909734523,297.82165449262175,297.648896133609
GBR,Male,IschStroke,diet,4644.454500889837,0.0,266.12124427194067,0.0,3.240638392186156,7.948272539770187,14.715085542791712,24.061859925575845,36.19942247237668,50.84973364677171,67.28214488195408,84.55839032252698,101.81267641004706,118.4155795737679,134.0010975654004,148.41459828203006,161.63997420971282,173.736894797712,184.7970573734583,194.91782002767468,204.1885131209856,212.6848806807593,220.46820735266556,227.58681278199947,234.07847390978895,239.97294890938792,245.29417863375056,250.06199316245693,254.29330093047065,258.0028207196865,261.2034561699111,263.90642428227693,266.12124427194067
GBR,Male,IschStroke,combo,11974.733816977603,18.62367483234084,558.5767005497983,18.62367483234084,83.46916185859664,141.96899223957735,193.82260181562015,230.12567767783548,256.5643817911914,279.52929333461,301.8472462661048,324.0459195687363,345.80248405259226,366.6798854143617,386.3801623361651,404.77301039850136,421.8491840915849,437.66552647126264,452.3036480211995,465.8450086001594,478.3588489491449,489.89847762102545,500.50223094294597,510.19654569163686,518.999546562347,526.9242583724754,533.9810330691143,540.1790874266699,545.5272282981878,550.033937014965,553.7070213200222,556.5530423888304,558.5767005497983
GBR,Female,IschStroke,glp1,8990.414215535073,26.71225931662775,362.69486584762126,26.71225931662775,110.68557728436463,177.42042644081084,230.7744097798677,260.2366733406052,274.3345717152333,281.95174917700206,287.40251814932344,292.2382929169835,296.9058887814499,301.49632711610684,306.0127285409071,310.4489912337049,314.80433172042467,319.0801278372419,323.2745976940969,327.37956447010583,331.37971871890113,335.25367935418035,338.9760035900981,342.5194503552593,345.8570223468523,348.96351562421114,351.8164674582513,354.3965098460394,356.6872123125504,358.6745404345347,360.34607331242296,361.69012081929395,362.69486584762126
GBR,Female,IschStroke,diet,6641.498594114186,0.0,363.8935149056924,0.0,6.3804211477108765,14.836072748930746,26.405232757992053,41.89439093395049,61.51580375287085,84.64001561142868,109.92258522245174,135.76378573524926,160.78488773959543,184.07378726499883,205.1905894306583,224.04912586152204,240.77748730978783,255.6064367575127,268.79590919746624,280.59332256409107,291.213830749959,300.83403534214085,309.59313390887473,317.5976318578105,324.9272929216604,331.6410255180017,337.7820457223679,343.3820495925793,348.4643585253434,353.04613051990964,357.1397952426123,360.7538952710165,363.8935149056924
GBR,Female,IschStroke,combo,15507.166152493246,26.71225931662775,720.2216082691921,26.71225931662775,117.01278629897206,192.05781537820076,256.7121146881109,301.2811675376797,334.52940533414585,364.7417900010878,394.9258388946255,425.07054036471527,454.27172637068725,481.72269808351484,506.98947946577755,529.9751596742135,550.7989026765754,569.6839301210421,586.8802146244743,602.6201990918889,617.0984354479915,630.4662170897063,642.8344927279868,654.2805814767744,664.8559324221242,674.5933714829625,683.5130694866384,691.6269671032023,698.9416965553537,705.4602113580331,711.1824176199516,716.1051235309897,720.2216082691921
DEU,Male,IschStroke,glp1,13969.20002050362,34.89177360160102,532.4807955385186,34.89177360160102,151.70227186810735,257.1452246554254,345.96562002854625,399.1830120169361,426.9474182193808,442.33643047354417,452.6850987600519,461.24280740911854,469.31449578289175,477.3635317825392,485.4875839013657,493.6208131825333,501.6254615312464,509.33798992709126,516.5948330502833,523.2475853880533,529.1717678782297,534.2712079013509,538.4792422422324,541.7575999472137,544.0936427234301,545.4965266494764,545.992760287867,545.6215554805094,544.4302925588418,542.4703499733441,539.793479929267,536.4488478146232,532.4807955385186
DEU,Male,IschStroke,diet,6494.9476055590385,0.0,367.60150112561314,0.0,4.242053526741074,10.596500461459073,19.77469267675042,32.35403834252793,48.52406247647377,67.91922404611978,89.69406513346621,112.80327846058572,136.28890312013027,159.43032418916118,181.75655098529023,202.98965321180367,222.97726771427187,241.64008335489052,258.93872303574244,274.8558909731728,289.3882093796419,302.5432800620547,314.33903738459776,324.8037032258908,333.9755011735069,341.90180897586833,348.63772450866963,354.24417166675266,358.78573457955645,362.32841783396725,364.93751014815643,366.67569378617554,367.60150112561314
DEU,Male,IschStroke,combo,20319.9865189071,34.89177360160102,892.3570933107003,34.89177360160102,155.90894705356914,267.5970597284104,365.37823533658957,430.8488926248756,474.3638784551076,508.65581278602986,540.2400383653112,571.3478738233316,602.3496080921614,633.0045542093685,662.9494333683579,691.8457073132522,719.405480538695,745.386457396733,769.5853849732339,791.8358027098548,812.0088278091171,830.0146609877593,845.8031604241842,859.3626897141912,870.7170915388888,879.9210343305022,887.0541804408422,892.2146939457161,895.5125930085196,897.0633897429798,896.9823728401789,895.3797904370367,892.3570933107003
DEU,Female,IschStroke,glp1,15681.87743211371,43.285814737082546,602.6127369650421,43.285814737082546,185.66995472815324,309.4641411230041,411.36320538568543,469.4025338848587,496.64797604014166,509.2230117722502,516.0862887264957,521.2142008866977,526.2385756262993,531.7769198732458,537.9951538189562,544.8433131931561,552.1630599641903,559.7442295209803,567.3589323193446,574.7838047676669,581.8146801266557,588.2757502578461,594.0244964294761,598.9533413584613,602.9888035667645,606.0888193164537,608.2388047906243,609.4469502053398,609.7391629098347,609.1540055557853,607.7379069534545,605.5408573097629,602.6127369650421
DEU,Female,IschStroke,diet,8362.861462466513,0.0,458.97819953054204,0.0,7.0839911554976425,17.055804026942496,31.014607071447244,49.72802688389493,73.2629358536542,100.79050205423482,130.8001355660017,161.6151390639934,191.85868199395918,220.6481632664254,247.55156919418368,272.44374779519785,295.3651700986047,316.4225985231933,335.7328361714608,353.3975639479322,369.49670482914007,384.09109161184097,397.2286990907014,408.95127614771263,419.29985780407515,428.31859899240226,436.0568939140576,442.5700031113229,447.91851712798234,452.16700831641356,455.38220018352877,457.6309391401701,458.97819953054204
DEU,Female,IschStroke,combo,23869.791736164523,43.285814737082546,1052.5746266584574,43.285814737082546,192.69486604055783,326.2884263247688,441.8157667385676,518.0888777378532,568.2726899279769,607.7004995177449,643.863794445173,679.1031925819698,713.7038108812121,747.417177551335,779.9827844560277,811.2243300961964,841.0196768245005,869.2604131916778,895.8308699035952,920.6056018820818,943.4574085141867,964.2689790734948,982.9438366856411,999.4144324089975,1013.6466737548799,1025.6409967154032,1035.430510220409,1043.0769158043513,1048.6649371125677,1052.2959467765613,1054.0813893288214,1054.1364902724308,1052.5746266584574
GLB,Male,IschStroke,glp1,1371342.7547238981,2590.519457508344,60483.723608698696,2590.519457508344,11597.919529740931,20036.170570450835,27571.726730857277,32552.598553946475,35619.53902015113,37734.13195156818,39444.751896928996,40988.15588983847,42453.768340154085,43871.409822102636,45248.745871860534,46585.91076559853,47880.85700946348,49131.127472987864,50334.313150033355,51488.066942780744,52589.99517776165,53637.53687610151,54627.86223456543,55557.79536425555,56423.759799710475,57221.7456249129,57947.299007686786,58595.536449640524,59161.18649618374,59638.66098425258,60022.15638191672,60305.7837422397,60483.723608698696
GLB,Male,IschStroke,diet,986461.5052361414,0.0,60433.81250877958,0.0,540.5218421868049,1341.674624627689,2515.5682648213115,4167.560037352145,6357.119380789809,9064.166259711143,12187.69657703396,15579.785123362206,19089.976956655737,22595.234606364742,26009.577372210566,29280.47713002423,32380.39831771888,35298.40083237691,38033.59597996529,40590.62117328076,42976.7296875678,45200.01404336048,47268.36967487773,49188.92023769906,50967.721782601904,52609.63212579815,54118.27800426679,55496.082094343845,56744.329926647246,57863.26700869482,58852.22175062075,59709.75191240106,60433.81250877958
GLB,Male,IschStroke,combo,2338713.53266154,2590.519457508344,119862.43515600823,2590.519457508344,12133.933468837058,21359.687356013572,30041.961351884762,36633.53624662105,41835.88502264512,46592.710231594276,51354.74637444923,56214.82026265841,61115.577456460334,65966.53093020385,70691.02503903443,75237.44266451662,79576.37250552839,83694.23034691438,87587.35050630663,91257.58792745974,94709.36561894557,97947.81232287269,100977.64075951511,103802.50097218435,106424.62950644363,108844.6824832051,111061.68750386825,113073.07954757428,114874.80398026993,116461.47919117985,117826.61504627112,118962.88342456566,119862.43515600823
GLB,Female,IschStroke,glp1,1258485.1992390985,2730.429741144413,56311.42254989408,2730.429741144413,11930.399803468725,20007.817052770173,26932.615261352854,31184.023635187885,33553.855306960875,35068.08776448807,36281.62156958319,37418.11294240877,38551.041576869786,39696.293641566765,40850.34325845633,42004.554566022474,43150.07974508777,44279.25955996523,45385.80188346701,46464.582059727516,47511.361713596154,48522.519032060634,49494.81176335737,50425.17230447801,51310.530566318426,52147.66244337987,52933.06484332774,53662.86055195844,54332.737191197,54937.924195436295,55473.21035037516,55933.00236519147,56311.42254989408
GLB,Female,IschStroke,diet,1037109.3061246776,0.0,63194.003815785516,0.0,694.359010616783,1658.9749574868474,3027.630117688095,4916.131845447235,7379.209188864799,10375.73572624661,13774.001135930419,17397.44047806086,21078.14619660657,24689.026442047674,28150.361649944447,31421.495144908782,34488.461139618885,37353.17616249854,40025.769390084315,42519.76235464821,44849.30312325386,47027.71532247914,49066.82280207006,50976.69980505109,52765.63569466956,54440.195325393695,56005.313406425994,57464.39523380902,58819.41538495291,60071.01596360281,61218.61031045718,62260.498996027745,63194.003815785516
GLB,Female,IschStroke,combo,2277153.4875474875,2730.429741144413,118499.32864352362,2730.429741144413,12618.967922976939,21644.583513256395,29906.710960736964,36000.66201153165,40775.12505050353,45217.95880623069,49756.43460899079,54442.07537256135,59184.148737992626,63873.8285428551,68428.97116745682,72800.45952862455,76965.11398372427,80916.57751875697,84658.00837152405,88197.15882373648,91543.37226522621,94705.87567736115,97692.86502940347,100511.04181430023,103165.39019878488,105659.07589561027,107993.4068458816,110167.83142912854,112179.96980099939,114025.68352479907,115699.19162958022,117193.24013028527,118499.32864352362
CHN,Male,CKD,glp1,29093.843406424145,0.0,1683.9341519202717,0.0,15.70681304106256,49.486855165087036,107.1346207424649,184.4950612111279,272.5666678669513,364.6943228599848,457.44061737292213,549.1885550131847,639.1187301039317,726.7340679687914,811.6720009105338,893.636097982424,972.3718723654165,1047.6573918911163,1119.2984989600664,1187.1256934834964,1250.9920871571376,1310.7723414090142,1366.3624220461352,1417.679840670913,1464.6639734650962,1507.276077620074,1545.4987358558428,1579.3346076268936,1608.8045136637666,1633.945001635555,1654.8056205173925,1671.4461658974906,1683.9341519202717
CHN,Male,CKD,combo,29093.843406424145,0.0,1683.9341519202717,0.0,15.70681304106256,49.486855165087036,107.1346207424649,184.4950612111279,272.5666678669513,364.6943228599848,457.44061737292213,549.1885550131847,639.1187301039317,726.7340679687914,811.6720009105338,893.636097982424,972.3718723654165,1047.6573918911163,1119.2984989600664,1187.1256934834964,1250.9920871571376,1310.7723414090142,1366.3624220461352,1417.679840670913,1464.6639734650962,1507.276077620074,1545.4987358558428,1579.3346076268936,1608.8045136637666,1633.945001635555,1654.8056205173925,1671.4461658974906,1683.9341519202717
CHN,Female,CKD,glp1,30414.737050430398,0.0,1832.5509183535469,0.0,15.072423070552759,47.59845684852917,103.29384998638125,178.40704762724636,264.5379099864658,355.47670053111506,448.0330832731561,540.7058305677201,632.7106414510199,723.5320751386316,812.7516226192529,899.9907431662577,984.8958428975457,1067.1362380180944,1146.404913774386,1222.419234339206,1294.921294826825,1363.678222303788,1428.4826668533206,1489.1534980110882,1545.5365386871272,1597.505085859637,1644.9599789771892,1687.8290531572711,1726.065920677327,1759.6481318564038,1788.5748549176933,1812.86427265362,1832.5509183535469
CHN,Female,CKD,combo,30414.737050430398,0.0,1832.5509183535469,0.0,15.072423070552759,47.59845684852917,103.29384998638125,178.40704762724636,264.5379099864658,355.47670053111506,448.0330832731561,540.7058305677201,632.7106414510199,723.5320751386316,812.7516226192529,899.9907431662577,984.8958428975457,1067.1362380180944,1146.404913774386,1222.419234339206,1294.921294826825,1363.678222303788,1428.4826668533206,1489.1534980110882,1545.5365386871272,1597.505085859637,1644.9599789771892,1687.8290531572711,1726.065920677327,1759.6481318564038,1788.5748549176933,1812.86427265362,1832.5509183535469
IND,Male,CKD,glp1,20138.381322004163,0.0,1243.5327370377054,0.0,10.316949810447113,32.65736973319872,70.98350373728317,122.58033671524026,181.3598972447944,242.74842939649534,304.3735621711239,365.1621911208931,424.64512791714515,482.6159923037776,538.983606164853,593.7093687713204,646.7793915788643,698.1905314834585,747.9420283932268,796.0295624539285,842.4405832502089,887.1505590889574,930.1200878600066,971.2928997467534,1010.5947886069189,1047.933484948153,1083.1994513644313,1116.267550293749,1146.9995071971061,1175.2470701983693,1200.855749323542,1223.6690040922113,1243.5327370377054
IND,Male,CKD,combo,20138.381322004163,0.0,1243.5327370377054,0.0,10.316949810447113,32.65736973319872,70.98350373728317,122.58033671524026,181.3598972447944,242.74842939649534,304.3735621711239,365.1621911208931,424.64512791714515,482.6159923037776,538.983606164853,593.7093687713204,646.7793915788643,698.1905314834585,747.9420283932268,796.0295624539285,842.4405832502089,887.1505590889574,930.1200878600066,971.2928997467534,1010.5947886069189,1047.933484948153,1083.1994513644313,1116.267550293749,1146.9995071971061,1175.2470701983693,1200.855749323542,1223.6690040922113,1243.5327370377054
IND,Female,CKD,glp1,18115.556708070842,0.0,1102.7520775314042,0.0,9.744660339521943,30.70974859308626,66.44345873675775,114.18944219736295,168.1613286098218,224.13838530518115,280.0144710037348,334.8892744512341,388.39956612256356,440.40240074577014,490.8438243189448,539.7061753172966,586.986123046474,632.6843386526307,676.7995892571635,719.3246651920927,760.2432768099679,799.5276754786901,837.1369575196586,873.0160634784843,907.0954862158396,939.2916855519143,969.5081872040028,997.6373237835942,1023.5625569704425,1047.161303052082,1068.3081690116524,1086.878493573473,1102.7520775314042
IND,Female,CKD,combo,18115.556708070842,0.0,1102.7520775314042,0.0,9.744660339521943,30.70974859308626,66.44345873675775,114.18944219736295,168.1613286098218,224.13838530518115,280.0144710037348,334.8892744512341,388.39956612256356,440.40240074577014,490.8438243189448,539.7061753172966,586.986123046474,632.6843386526307,676.7995892571635,719.3246651920927,760.2432768099679,799.5276754786901,837.1369575196586,873.0160634784843,907.0954862158396,939.2916855519143,969.5081872040028,997.6373237835942,1023.5625569704425,1047.161303052082,1068.3081690116524,1086.878493573473,1102.7520775314042
BRA,Male,CKD,glp1,11009.569095893443,0.0,695.8942478045501,0.0,5.097921430871793,16.10314263141845,34.98151445679832,60.56799623091865,90.1207088698211,121.56640824024726,153.80287569352367,186.28958978032824,218.73955584549913,250.97176969141583,282.8497749829403,314.2574956435492,345.0900660020925,375.2504553392864,404.64820288059127,433.19880974601256,460.82323294536764,487.44729574013036,513.0009854182426,537.4176773770669,560.6333519690743,582.5858776513851,603.2144294581958,622.4591003319074,640.2607473231401,656.561097193,671.3031181070401,684.4316471090278,695.8942478045501
BRA,Male,CKD,combo,11009.569095893443,0.0,695.8942478045501,0.0,5.097921430871793,16.10314263141845,34.98151445679832,60.56799623091865,90.1207088698211,121.56640824024726,153.80287569352367,186.28958978032824,218.73955584549913,250.97176969141583,282.8497749829403,314.2574956435492,345.0900660020925,375.2504553392864,404.64820288059127,433.19880974601256,460.82323294536764,487.44729574013036,513.0009854182426,537.4176773770669,560.6333519690743,582.5858776513851,603.2144294581958,622.4591003319074,640.2607473231401,656.561097193,671.3031181070401,684.4316471090278,695.8942478045501
BRA,Female,CKD,glp1,9916.662837673615,0.0,634.3023971230141,0.0,4.508054271213041,14.233848524887435,30.921641412369354,53.550884270542156,79.7103786142834,107.58460980205928,136.21819044842778,165.1499606960242,194.1380434756902,223.02855534119954,251.70152136009347,280.05036138688956,307.97493319973,335.37978529345855,362.17422329646797,388.2728153373755,413.5957923371898,438.06915314703656,461.62444407583826,484.1982581997727,505.73153564603854,526.1687599190918,545.4571456668273,563.5459047186378,580.3856628841531,595.9280822446817,610.1257243768487,622.9321706037736,634.3023971230141
BRA,Female,CKD,combo,9916.662837673615,0.0,634.3023971230141,0.0,4.508054271213041,14.233848524887435,30.921641412369354,53.550884270542156,79.7103786142834,107.58460980205928,136.21819044842778,165.1499606960242,194.1380434756902,223.02855534119954,251.70152136009347,280.05036138688956,307.97493319973,335.37978529345855,362.17422329646797,388.2728153373755,413.5957923371898,438.06915314703656,461.62444407583826,484.1982581997727,505.73153564603854,526.1687599190918,545.4571456668273,563.5459047186378,580.3856628841531,595.9280822446817,610.1257243768487,622.9321706037736,634.3023971230141
CAN,Male,CKD,glp1,2203.3524015505845,0.0,124.58376320037496,0.0,1.1055242949923922,3.53332144414253,7.743102905605156,13.496888662124547,20.182816994752102,27.314843224839024,34.61074090147031,41.90924528221149,49.10636099909971,56.12547959271615,62.905503379021866,69.3965037027001,75.5581982670119,81.35936162032976,86.77745218050768,91.79819281900745,96.41501562848771,100.62835100771917,104.44477273326174,107.87602744330707,110.9379864630364,113.64956251408967,116.03163453585148,118.106021345935,119.89453995756503,121.4181778369757,122.6964009447438,123.74661166870465,124.58376320037496
CAN,Male,CKD,combo,2203.3524015505845,0.0,124.58376320037496,0.0,1.1055242949923922,3.53332144414253,7.743102905605156,13.496888662124547,20.182816994752102,27.314843224839024,34.61074090147031,41.90924528221149,49.10636099909971,56.12547959271615,62.905503379021866,69.3965037027001,75.5581982670119,81.35936162032976,86.77745218050768,91.79819281900745,96.41501562848771,100.62835100771917,104.44477273326174,107.87602744330707,110.9379864630364,113.64956251408967,116.03163453585148,118.106021345935,119.89453995756503,121.4181778369757,122.6964009447438,123.74661166870465,124.58376320037496
CAN,Female,CKD,glp1,2372.090296539739,0.0,139.04748730168558,0.0,1.1455236889141815,3.61214315700272,7.84722310543475,13.613205093400211,20.32348878582161,27.52628075258417,34.96763141041629,42.50430239252637,50.04076090691706,57.50114928427047,64.81926843191013,71.93585099282518,78.79838158590792,85.3616029489749,91.5880282981525,97.44823405651277,102.92087548898598,107.99242988255719,112.65669615765728,116.91409077031676,120.7707855043127,124.23773550733404,127.32964621867086,130.06392587709797,132.45966637701167,134.53668977057168,136.31469116682274,137.81250162514334,139.04748730168558
CAN,Female,CKD,combo,2372.090296539739,0.0,139.04748730168558,0.0,1.1455236889141815,3.61214315700272,7.84722310543475,13.613205093400211,20.32348878582161,27.52628075258417,34.96763141041629,42.50430239252637,50.04076090691706,57.50114928427047,64.81926843191013,71.93585099282518,78.79838158590792,85.3616029489749,91.5880282981525,97.44823405651277,102.92087548898598,107.99242988255719,112.65669615765728,116.91409077031676,120.7707855043127,124.23773550733404,127.32964621867086,130.06392587709797,132.45966637701167,134.53668977057168,136.31469116682274,137.81250162514334,139.04748730168558
TUR,Male,CKD,glp1,4915.173542847571,0.0,310.3906625401978,0.0,2.3650416377677175,7.455750114706461,16.155398903099922,27.86977239632688,41.28677178734324,55.44689957321316,69.86616690331721,84.3238174400467,98.7100109458388,112.95684377499674,127.01242022648148,140.8323977230557,154.3776304380699,167.61348800766064,180.50933111712948,193.03775262720956,205.17359326254882,216.89285543947335,228.171646648334,238.98525666423302,249.30743878426802,259.10993449879606,268.36225644283695,277.03172617806194,285.0837503157418,292.48230945473915,299.1906282474556,305.1719907546212,310.3906625401978
TUR,Male,CKD,combo,4915.173542847571,0.0,310.3906625401978,0.0,2.3650416377677175,7.455750114706461,16.155398903099922,27.86977239632688,41.28677178734324,55.44689957321316,69.86616690331721,84.3238174400467,98.7100109458388,112.95684377499674,127.01242022648148,140.8323977230557,154.3776304380699,167.61348800766064,180.50933111712948,193.03775262720956,205.17359326254882,216.89285543947335,228.171646648334,238.98525666423302,249.30743878426802,259.10993449879606,268.36225644283695,277.03172617806194,285.0837503157418,292.48230945473915,299.1906282474556,305.1719907546212,310.3906625401978
TUR,Female,CKD,glp1,5832.246838755211,0.0,378.98550103979505,0.0,2.671961976273451,8.420261326047694,18.25429104856812,31.54385724731401,46.85033970969562,63.10545878464109,79.75792940216706,96.54955520067597,113.35044755144554,130.08189439778653,146.68550304505698,163.11189450103484,179.31684492176646,195.25996231198224,210.9040298869004,226.21437387102924,241.1580951571632,255.70318500611756,269.8176035962824,283.4684090110386,296.6210131078624,309.2386224989059,321.28190331556107,332.70889008532686,343.47514297271846,353.53414412639904,362.83791287178246,371.33781078387256,378.98550103979505
TUR,Female,CKD,combo,5832.246838755211,0.0,378.98550103979505,0.0,2.671961976273451,8.420261326047694,18.25429104856812,31.54385724731401,46.85033970969562,63.10545878464109,79.75792940216706,96.54955520067597,113.35044755144554,130.08189439778653,146.68550304505698,163.11189450103484,179.31684492176646,195.25996231198224,210.9040298869004,226.21437387102924,241.1580951571632,255.70318500611756,269.8176035962824,283.4684090110386,296.6210131078624,309.2386224989059,321.28190331556107,332.70889008532686,343.47514297271846,353.53414412639904,362.83791287178246,371.33781078387256,378.98550103979505
ZAF,Male,CKD,glp1,2849.284375965496,0.0,164.14975188696553,0.0,1.6798149023579754,5.285766564980804,11.438424188502722,19.637455420064725,28.836736072829808,38.268871760703405,47.54967677287095,56.517136742713774,65.11134103403492,73.31701303694899,81.13899387030142,88.59152537968293,95.69285899754504,102.46192357423206,108.91591080359831,115.06842906745806,120.92814240937878,126.4978814321621,131.77421592713472,136.7474632835474,141.40208932655514,145.7174445277269,149.66876956303895,153.2283995808757,156.3670955646703,159.05543314082024,161.26518352857056,162.97062760522385,164.14975188696553
ZAF,Male,CKD,combo,2849.284375965496,0.0,164.14975188696553,0.0,1.6798149023579754,5.285766564980804,11.438424188502722,19.637455420064725,28.836736072829808,38.268871760703405,47.54967677287095,56.517136742713774,65.11134103403492,73.31701303694899,81.13899387030142,88.59152537968293,95.69285899754504,102.46192357423206,108.91591080359831,115.06842906745806,120.92814240937878,126.4978814321621,131.77421592713472,136.7474632835474,141.40208932655514,145.7174445277269,149.66876956303895,153.2283995808757,156.3670955646703,159.05543314082024,161.26518352857056,162.97062760522385,164.14975188696553
ZAF,Female,CKD,glp1,2492.7632310632034,0.0,135.901154650639,0.0,1.7765023607262265,5.550445298047634,11.909524290136687,20.17653859530219,29.166308406496682,38.08834683463647,46.59981367491855,54.59123182593248,62.047368640418426,68.98800915561696,75.44605954671533,81.4593968642348,87.06716065557157,92.30735888657,97.2149098941627,101.81997092022357,106.14659780183501,110.21180134107817,114.0250390682304,117.58814738865112,120.89569021031639,123.93567829331369,126.69059819809081,129.13867979291172,131.255325941931,133.0146266305528,134.39088197316414,135.36006392277886,135.901154650639
ZAF,Female,CKD,combo,2492.7632310632034,0.0,135.901154650639,0.0,1.7765023607262265,5.550445298047634,11.909524290136687,20.17653859530219,29.166308406496682,38.08834683463647,46.59981367491855,54.59123182593248,62.047368640418426,68.98800915561696,75.44605954671533,81.4593968642348,87.06716065557157,92.30735888657,97.2149098941627,101.81997092022357,106.14659780183501,110.21180134107817,114.0250390682304,117.58814738865112,120.89569021031639,123.93567829331369,126.69059819809081,129.13867979291172,131.255325941931,133.0146266305528,134.39088197316414,135.36006392277886,135.901154650639
MEX,Male,CKD,glp1,11812.652227479746,0.0,670.2122915808068,0.0,6.5455288140510675,20.47519560110959,44.06408050796017,75.5859483756285,111.42083779357927,148.9067924241026,186.66513222883805,224.04452897712326,260.71630899929005,296.48320139147836,331.2003436095765,364.7444101154979,397.0020576539464,427.8659594746423,457.2338026139696,485.00843427582004,511.0984387843346,535.418852748684,557.891894112734,578.447649792186,597.0246976546769,613.5706546855727,628.0426526489537,640.407748174126,650.6432767744118,658.7371601260966,664.6881733143018,668.5061742262478,670.2122915808068
MEX,Male,CKD,combo,11812.652227479746,0.0,670.2122915808068,0.0,6.5455288140510675,20.47519560110959,44.06408050796017,75.5859483756285,111.42083779357927,148.9067924241026,186.66513222883805,224.04452897712326,260.71630899929005,296.48320139147836,331.2003436095765,364.7444101154979,397.0020576539464,427.8659594746423,457.2338026139696,485.00843427582004,511.0984387843346,535.418852748684,557.891894112734,578.447649792186,597.0246976546769,613.5706546855727,628.0426526489537,640.407748174126,650.6432767744118,658.7371601260966,664.6881733143018,668.5061742262478,670.2122915808068
MEX,Female,CKD,glp1,13442.228638565448,0.0,828.4294614095415,0.0,6.506249430738535,20.45794398509679,44.25803203284522,76.34026195509068,113.20004732523375,152.23551229184523,192.0967966623066,232.14623758658126,272.0597220889249,311.6372740108709,350.72472981795727,389.1833850184121,426.87903798570915,463.67869467052515,499.4502458278366,534.0632451924757,567.3900319209424,599.3068865431269,629.6950935587738,658.4418640977965,685.4411103110251,710.5940833361528,733.8098981018193,755.0059744351747,774.1084262398363,791.0524294258357,805.7825951457198,818.2533681572531,828.4294614095415
MEX,Female,CKD,combo,13442.228638565448,0.0,828.4294614095415,0.0,6.506249430738535,20.45794398509679,44.25803203284522,76.34026195509068,113.20004732523375,152.23551229184523,192.0967966623066,232.14623758658126,272.0597220889249,311.6372740108709,350.72472981795727,389.1833850184121,426.87903798570915,463.67869467052515,499.4502458278366,534.0632451924757,567.3900319209424,599.3068865431269,629.6950935587738,658.4418640977965,685.4411103110251,710.5940833361528,733.8098981018193,755.0059744351747,774.1084262398363,791.0524294258357,805.7825951457198,818.2533681572531,828.4294614095415
AUS,Male,CKD,glp1,1511.4924792460833,0.0,91.76824741397104,0.0,0.7027810149334073,2.250243879512709,4.943743165331398,8.641085793367893,12.957057751452794,17.581641481823226,22.332880982920415,27.10652036659303,31.836592742619814,36.47671687824368,40.99234045416506,45.357453744235045,49.552924542682376,53.56538333433946,57.386304097970424,61.01118241180302,64.43879100373033,67.67050963281599,70.70972538864135,73.56129636519381,76.23107038586386,78.72545135711243,81.05100815379956,83.21412382300241,85.22068565524569,87.07581886340904,88.78366798339903,90.34723057790507,91.76824741397104
AUS,Male,CKD,combo,1511.4924792460833,0.0,91.76824741397104,0.0,0.7027810149334073,2.250243879512709,4.943743165331398,8.641085793367893,12.957057751452794,17.581641481823226,22.332880982920415,27.10652036659303,31.836592742619814,36.47671687824368,40.99234045416506,45.357453744235045,49.552924542682376,53.56538333433946,57.386304097970424,61.01118241180302,64.43879100373033,67.67050963281599,70.70972538864135,73.56129636519381,76.23107038586386,78.72545135711243,81.05100815379956,83.21412382300241,85.22068565524569,87.07581886340904,88.78366798339903,90.34723057790507,91.76824741397104
AUS,Female,CKD,glp1,1298.2956749428304,0.0,81.86873960637604,0.0,0.5458695550410084,1.7348546167963832,3.7979854805039395,6.64162648817728,9.998041951728283,13.654481120658147,17.486642073324674,21.420273359686234,25.40313109082308,29.392824788034886,33.35271688120929,37.25089327139631,41.06004449422471,44.75746762169956,48.324956111338906,51.748547115838846,55.01815710883375,58.12714634280292,61.071846073812594,63.85107296458773,66.46564704650518,68.91792408626043,71.21134993334908,73.35004282458794,75.338409063781,77.18079743721319,78.8811977501482,80.44298868409078,81.86873960637604
AUS,Female,CKD,combo,1298.2956749428304,0.0,81.86873960637604,0.0,0.5458695550410084,1.7348546167963832,3.7979854805039395,6.64162648817728,9.998041951728283,13.654481120658147,17.486642073324674,21.420273359686234,25.40313109082308,29.392824788034886,33.35271688120929,37.25089327139631,41.06004449422471,44.75746762169956,48.324956111338906,51.748547115838846,55.01815710883375,58.12714634280292,61.071846073812594,63.85107296458773,66.46564704650518,68.91792408626043,71.21134993334908,73.35004282458794,75.338409063781,77.18079743721319,78.8811977501482,80.44298868409078,81.86873960637604
NZL,Male,CKD,glp1,292.43108272130746,0.0,17.094705108246558,0.0,0.1609739181525356,0.5058917145498754,1.0923871689898306,1.8788034987600213,2.775084846530717,3.7134858181126447,4.657481722104194,5.588700573924825,6.497281150369986,7.377291833002573,8.224797184317254,9.03704516063135,9.812099397238399,10.548648328600848,11.245888328291926,11.903440965998811,12.521287646290034,13.099713455101323,13.639255512423006,14.140652936561537,14.604796803832073,15.032679556147741,15.425344216213375,15.783834491804441,16.109147357274082,16.40218997680222,16.663742883142277,16.894431167893003,17.094705108246558
NZL,Male,CKD,combo,292.43108272130746,0.0,17.094705108246558,0.0,0.1609739181525356,0.5058917145498754,1.0923871689898306,1.8788034987600213,2.775084846530717,3.7134858181126447,4.657481722104194,5.588700573924825,6.497281150369986,7.377291833002573,8.224797184317254,9.03704516063135,9.812099397238399,10.548648328600848,11.245888328291926,11.903440965998811,12.521287646290034,13.099713455101323,13.639255512423006,14.140652936561537,14.604796803832073,15.032679556147741,15.425344216213375,15.783834491804441,16.109147357274082,16.40218997680222,16.663742883142277,16.894431167893003,17.094705108246558
NZL,Female,CKD,glp1,227.4386781847894,0.0,13.455692692176513,0.0,0.12091273741475561,0.3783360631339292,0.8144895346370049,1.3992435958169835,2.068024671085027,2.772787340720811,3.48780647317642,4.199987320417108,4.9019331546051035,5.588745349911733,6.256734272659742,6.902920428182938,7.52483790322492,8.12044976120876,8.688104440658776,9.226506961840983,9.734694852905932,10.212014414808891,10.658095103147616,11.072820850108087,11.456297874610186,11.80881914656129,12.130826207524024,12.422869482913484,12.685568525647227,12.919573794136454,13.1255315871731,13.30405364438161,13.455692692176513
NZL,Female,CKD,combo,227.4386781847894,0.0,13.455692692176513,0.0,0.12091273741475561,0.3783360631339292,0.8144895346370049,1.3992435958169835,2.068024671085027,2.772787340720811,3.48780647317642,4.199987320417108,4.9019331546051035,5.588745349911733,6.256734272659742,6.902920428182938,7.52483790322492,8.12044976120876,8.688104440658776,9.226506961840983,9.734694852905932,10.212014414808891,10.658095103147616,11.072820850108087,11.456297874610186,11.80881914656129,12.130826207524024,12.422869482913484,12.685568525647227,12.919573794136454,13.1255315871731,13.30405364438161,13.455692692176513
ROU,Male,CKD,glp1,639.0472289371642,0.0,32.08521679953401,0.0,0.4952092441683362,1.52388082832681,3.2222864503435176,5.424289327144152,7.838487233859041,10.261015476382909,12.591696015537991,14.788095842830216,16.834079788241297,18.725342708321705,20.463389086852885,22.052912484886747,23.50043431639483,24.8134143843115,25.99958053705518,27.066413032336186,28.020772647600552,28.86866739098491,29.615145246641987,30.264292472390935,30.81931244696625,31.28265931221199,31.656202796122898,31.94140448564508,32.139490421264554,32.25160945160428,32.27897083598873,32.22295787321468,32.08521679953401
ROU,Male,CKD,combo,639.0472289371642,0.0,32.08521679953401,0.0,0.4952092441683362,1.52388082832681,3.2222864503435176,5.424289327144152,7.838487233859041,10.261015476382909,12.591696015537991,14.788095842830216,16.834079788241297,18.725342708321705,20.463389086852885,22.052912484886747,23.50043431639483,24.8134143843115,25.99958053705518,27.066413032336186,28.020772647600552,28.86866739098491,29.615145246641987,30.264292472390935,30.81931244696625,31.28265931221199,31.656202796122898,31.94140448564508,32.139490421264554,32.25160945160428,32.27897083598873,32.22295787321468,32.08521679953401
ROU,Female,CKD,glp1,650.6298257371914,0.0,33.40899852056282,0.0,0.49193424508393946,1.515145580628996,3.2041915795207387,5.3948392235590745,7.800867029560777,10.22323677290342,12.56456351173756,14.783162222335022,16.86201983387764,18.794829796206386,20.580493539780946,22.220992230785214,23.720436223705974,25.08446813117348,26.319753956892555,27.43350625491871,28.43305110477536,29.325463344283207,30.11728773560594,30.814352296468996,31.42166973511962,31.943415704044583,32.38296862417519,32.74299459881195,33.025561677209225,33.23226969644543,33.364384502823896,33.42296806419472,33.40899852056282
ROU,Female,CKD,combo,650.6298257371914,0.0,33.40899852056282,0.0,0.49193424508393946,1.515145580628996,3.2041915795207387,5.3948392235590745,7.800867029560777,10.22323677290342,12.56456351173756,14.783162222335022,16.86201983387764,18.794829796206386,20.580493539780946,22.220992230785214,23.720436223705974,25.08446813117348,26.319753956892555,27.43350625491871,28.43305110477536,29.325463344283207,30.11728773560594,30.814352296468996,31.42166973511962,31.943415704044583,32.38296862417519,32.74299459881195,33.025561677209225,33.23226969644543,33.364384502823896,33.42296806419472,33.40899852056282
BGR,Male,CKD,glp1,348.85953702580287,0.0,16.494848436872985,0.0,0.2966147292545429,0.9138810559043122,1.9315687622142832,3.244937708770749,4.673548588928497,6.091040993365596,7.43511288159084,8.67973764070939,9.816016749221944,10.843138311982102,11.76436866640529,12.5851320125048,13.311944566668899,13.95173797450434,14.511399887468087,14.997462672797155,15.415905330690066,15.772044692159966,16.070496048301152,16.315185791516,16.509400914470348,16.655862574112803,16.75681330824409,16.81410975865981,16.829314801936107,16.803784752568845,16.738748758013116,16.635378655966747,16.494848436872985
BGR,Male,CKD,combo,348.85953702580287,0.0,16.494848436872985,0.0,0.2966147292545429,0.9138810559043122,1.9315687622142832,3.244937708770749,4.673548588928497,6.091040993365596,7.43511288159084,8.67973764070939,9.816016749221944,10.843138311982102,11.76436866640529,12.5851320125048,13.311944566668899,13.95173797450434,14.511399887468087,14.997462672797155,15.415905330690066,15.772044692159966,16.070496048301152,16.315185791516,16.509400914470348,16.655862574112803,16.75681330824409,16.81410975865981,16.829314801936107,16.803784752568845,16.738748758013116,16.635378655966747,16.494848436872985
BGR,Female,CKD,glp1,285.8317876724735,0.0,13.651235742783456,0.0,0.2379654126771129,0.732572748052462,1.547928113525586,2.6025518063962636,3.7553589005584627,4.9071627216304705,6.007931694260719,7.035110509355377,7.9791019727823596,8.83667308888164,9.608158456509955,10.296139843553306,10.9046696059429,11.438714947698486,11.903723163582413,12.305279230907558,12.64884534354951,12.939574169391221,13.182186325360135,13.38090148504648,13.5394123746363,13.660891531831112,13.748021803159077,13.803042883394255,13.827807578096667,13.823842783045166,13.792411356530238,13.73457207933484,13.651235742783456
BGR,Female,CKD,combo,285.8317876724735,0.0,13.651235742783456,0.0,0.2379654126771129,0.732572748052462,1.547928113525586,2.6025518063962636,3.7553589005584627,4.9071627216304705,6.007931694260719,7.035110509355377,7.9791019727823596,8.83667308888164,9.608158456509955,10.296139843553306,10.9046696059429,11.438714947698486,11.903723163582413,12.305279230907558,12.64884534354951,12.939574169391221,13.182186325360135,13.38090148504648,13.5394123746363,13.660891531831112,13.748021803159077,13.803042883394255,13.827807578096667,13.823842783045166,13.792411356530238,13.73457207933484,13.651235742783456
ISR,Male,CKD,glp1,777.3250827836114,0.0,49.711269048891154,0.0,0.34342326263276846,1.0962824683613235,2.4031743023192575,4.198820955631163,6.304150851559825,8.574544627310615,10.923568193132041,13.29975658754438,15.669015607747951,18.00664097414824,20.294246890236536,22.51855588064518,24.670728678327123,26.745762396140435,28.741834711789124,30.659599495475504,32.50147603614687,34.27097552955183,35.97209800209339,37.608819942857735,39.18468140711275,40.70247252301715,42.16401333701333,43.570017431326505,44.920028204071514,46.21241654718597,47.44442936612313,48.61227952521858,49.711269048891154
ISR,Male,CKD,combo,777.3250827836114,0.0,49.711269048891154,0.0,0.34342326263276846,1.0962824683613235,2.4031743023192575,4.198820955631163,6.304150851559825,8.574544627310615,10.923568193132041,13.29975658754438,15.669015607747951,18.00664097414824,20.294246890236536,22.51855588064518,24.670728678327123,26.745762396140435,28.741834711789124,30.659599495475504,32.50147603614687,34.27097552955183,35.97209800209339,37.608819942857735,39.18468140711275,40.70247252301715,42.16401333701333,43.570017431326505,44.920028204071514,46.21241654718597,47.44442936612313,48.61227952521858,49.711269048891154
ISR,Female,CKD,glp1,717.9566276084804,0.0,45.92736441836678,0.0,0.2912688769529268,0.9318017154353129,2.0502019167388426,3.6023765512795762,5.448544010768956,7.473821919444617,9.607226534119263,11.80290287517505,14.026455918555712,16.249372524224782,18.447471651461456,20.60075799619699,22.693530779605226,24.714342161483955,26.65571758079159,28.513672802348992,30.287099886384112,31.97709575519775,33.58629442889924,35.11824736356539,36.57688024641493,37.96604105410006,39.2891437942144,40.54890506442507,41.74716597023507,42.88478949100181,43.96162250155248,44.976511819540065,45.92736441836678
ISR,Female,CKD,combo,717.9566276084804,0.0,45.92736441836678,0.0,0.2912688769529268,0.9318017154353129,2.0502019167388426,3.6023765512795762,5.448544010768956,7.473821919444617,9.607226534119263,11.80290287517505,14.026455918555712,16.249372524224782,18.447471651461456,20.60075799619699,22.693530779605226,24.714342161483955,26.65571758079159,28.513672802348992,30.287099886384112,31.97709575519775,33.58629442889924,35.11824736356539,36.57688024641493,37.96604105410006,39.2891437942144,40.54890506442507,41.74716597023507,42.88478949100181,43.96162250155248,44.976511819540065,45.92736441836678
NGA,Male,CKD,glp1,8213.985989561937,0.0,497.96852400577336,0.0,4.254438363077497,13.363946375986416,28.981556249582354,49.92991000010079,73.66534726067766,98.33759198381813,123.04943967288273,147.44767917653735,171.41566388913998,194.9246786520598,217.97109866932806,240.5512214797891,262.6517098022232,284.2464419389835,305.29599084931033,325.7481597616861,345.53891840705546,364.5934879655215,382.8275144126601,400.14836277427094,416.4566030234637,431.64776141288166,445.6143902017502,458.24847284056887,469.4441386773615,479.1006182899946,487.1253335559595,493.4369898694931,497.96852400577336
NGA,Male,CKD,combo,8213.985989561937,0.0,497.96852400577336,0.0,4.254438363077497,13.363946375986416,28.981556249582354,49.92991000010079,73.66534726067766,98.33759198381813,123.04943967288273,147.44767917653735,171.41566388913998,194.9246786520598,217.97109866932806,240.5512214797891,262.6517098022232,284.2464419389835,305.29599084931033,325.7481597616861,345.53891840705546,364.5934879655215,382.8275144126601,400.14836277427094,416.4566030234637,431.64776141288166,445.6143902017502,458.24847284056887,469.4441386773615,479.1006182899946,487.1253335559595,493.4369898694931,497.96852400577336
NGA,Female,CKD,glp1,5082.454600275585,0.0,300.9923591081315,0.0,2.540693521121284,8.191593399724297,18.058125633009695,31.528077307366402,46.97645872767862,63.12576455491944,79.29508581018308,95.17115099289367,110.61600146098135,125.56952196159546,140.00644625697896,153.91780399501295,167.3024498466948,180.16261950487387,192.5010868430545,204.3189889876412,215.6139923875271,226.37872357280867,236.59949399206744,246.2553896647878,255.31780377847826,263.7504762915305,271.51007605971245,278.54732374727246,284.80861339736657,290.2380522634594,294.77980676817606,298.3806204405373,300.9923591081315
NGA,Female,CKD,combo,5082.454600275585,0.0,300.9923591081315,0.0,2.540693521121284,8.191593399724297,18.058125633009695,31.528077307366402,46.97645872767862,63.12576455491944,79.29508581018308,95.17115099289367,110.61600146098135,125.56952196159546,140.00644625697896,153.91780399501295,167.3024498466948,180.16261950487387,192.5010868430545,204.3189889876412,215.6139923875271,226.37872357280867,236.59949399206744,246.2553896647878,255.31780377847826,263.7504762915305,271.51007605971245,278.54732374727246,284.80861339736657,290.2380522634594,294.77980676817606,298.3806204405373,300.9923591081315
EGY,Male,CKD,glp1,8526.407574505818,0.0,538.2929582299621,0.0,4.076350175746484,12.880486753987498,28.018321929488593,48.5101167004359,72.05170826302856,96.90066842139277,122.13961867798935,147.33232205875538,172.2643782439227,196.82019928840236,220.93180228895653,244.5573332833992,267.6705984366199,290.2543740272631,312.2950204745903,333.77773330913624,354.6823907752041,374.9801321223713,394.6308093565349,413.5814084564299,431.7654755834992,449.103525360566,465.50435772541823,480.8671692148491,495.08431427419055,508.0445520988069,519.636604034742,529.7528449401289,538.2929582299621
EGY,Male,CKD,combo,8526.407574505818,0.0,538.2929582299621,0.0,4.076350175746484,12.880486753987498,28.018321929488593,48.5101167004359,72.05170826302856,96.90066842139277,122.13961867798935,147.33232205875538,172.2643782439227,196.82019928840236,220.93180228895653,244.5573332833992,267.6705984366199,290.2543740272631,312.2950204745903,333.77773330913624,354.6823907752041,374.9801321223713,394.6308093565349,413.5814084564299,431.7654755834992,449.103525360566,465.50435772541823,480.8671692148491,495.08431427419055,508.0445520988069,519.636604034742,529.7528449401289,538.2929582299621
EGY,Female,CKD,glp1,9501.26809308747,0.0,608.5432619515923,0.0,4.769780030928814,14.780368910818652,31.67121652163405,54.229989172723435,79.90969423239949,106.86916182013738,134.18965120192297,161.46820738324095,188.5291846784312,215.29133461156016,241.71380883819074,267.77408136216036,293.457475886069,318.750623314736,343.63628171461096,368.0888596777986,392.0706340721881,415.52882610366214,438.39369839088977,460.5777760906385,481.9762212317073,502.4683184250971,521.9199687505679,540.1870395008445,557.1193814722646,572.5653026467116,586.3762769251625,598.411668168781,608.5432619515923
EGY,Female,CKD,combo,9501.26809308747,0.0,608.5432619515923,0.0,4.769780030928814,14.780368910818652,31.67121652163405,54.229989172723435,79.90969423239949,106.86916182013738,134.18965120192297,161.46820738324095,188.5291846784312,215.29133461156016,241.71380883819074,267.77408136216036,293.457475886069,318.750623314736,343.63628171461096,368.0888596777986,392.0706340721881,415.52882610366214,438.39369839088977,460.5777760906385,481.9762212317073,502.4683184250971,521.9199687505679,540.1870395008445,557.1193814722646,572.5653026467116,586.3762769251625,598.411668168781,608.5432619515923
BGD,Male,CKD,glp1,4723.966146000494,0.0,276.16670291929404,0.0,2.6295158195462136,8.234717994599123,17.73446101569789,30.411383299247973,44.771689176131986,59.721925781743266,74.7042918352472,89.46440294260174,103.88168425223012,117.88969381307288,131.4440934482318,144.51091313572033,157.06258354126294,169.07658367682598,180.53473212377503,191.42246489797617,201.72796744853258,211.4412186368245,220.5530534624413,229.05434257636443,236.9353579474773,244.18536248730015,250.79243421089268,256.74351495019437,262.02465968369506,266.6214541128902,270.51956382671415,273.7053769839622,276.16670291929404
BGD,Male,CKD,combo,4723.966146000494,0.0,276.16670291929404,0.0,2.6295158195462136,8.234717994599123,17.73446101569789,30.411383299247973,44.771689176131986,59.721925781743266,74.7042918352472,89.46440294260174,103.88168425223012,117.88969381307288,131.4440934482318,144.51091313572033,157.06258354126294,169.07658367682598,180.53473212377503,191.42246489797617,201.72796744853258,211.4412186368245,220.5530534624413,229.05434257636443,236.9353579474773,244.18536248730015,250.79243421089268,256.74351495019437,262.02465968369506,266.6214541128902,270.51956382671415,273.7053769839622,276.16670291929404
BGD,Female,CKD,glp1,2676.31243836485,0.0,163.4256509354036,0.0,1.41198019897638,4.408205763615115,9.477811831642612,16.243415063216162,23.921513996288013,31.945480341227267,40.03262230856126,48.05852984717967,55.9669971998228,63.728414955741755,71.32330647724484,78.73627852356549,85.9538269484674,92.96342368399382,99.75297135762776,106.31035184565735,112.62302033494052,118.67766159679195,124.45993342842485,129.95431403876137,135.1440601838658,140.011275320614,144.5370822403911,148.70189166313867,152.48575613055255,155.8687965625595,158.83168674619992,161.35617884037856,163.4256509354036
BGD,Female,CKD,combo,2676.31243836485,0.0,163.4256509354036,0.0,1.41198019897638,4.408205763615115,9.477811831642612,16.243415063216162,23.921513996288013,31.945480341227267,40.03262230856126,48.05852984717967,55.9669971998228,63.728414955741755,71.32330647724484,78.73627852356549,85.9538269484674,92.96342368399382,99.75297135762776,106.31035184565735,112.62302033494052,118.67766159679195,124.45993342842485,129.95431403876137,135.1440601838658,140.011275320614,144.5370822403911,148.70189166313867,152.48575613055255,155.8687965625595,158.83168674619992,161.35617884037856,163.4256509354036
USA,Male,CKD,glp1,31456.732349275087,0.0,1692.5250792774605,0.0,18.925942879286595,59.435128218712634,128.27666478224273,220.50691993010696,325.45446521295526,434.99722201209806,544.6189908920787,651.9068333272153,755.4499308280065,854.3259482163267,947.8914018844225,1035.6972937566316,1117.451282453767,1192.995589039274,1262.28940535117,1325.392080630263,1382.4461397898995,1433.6601768863184,1479.2919937176484,1519.6324319978157,1554.9903294284595,1585.6789708461147,1612.0043277474324,1634.2552936975117,1652.6960359431978,1667.5604994741298,1679.049021998857,1687.326949055685,1692.5250792774605
USA,Male,CKD,combo,31456.732349275087,0.0,1692.5250792774605,0.0,18.925942879286595,59.435128218712634,128.27666478224273,220.50691993010696,325.45446521295526,434.99722201209806,544.6189908920787,651.9068333272153,755.4499308280065,854.3259482163267,947.8914018844225,1035.6972937566316,1117.451282453767,1192.995589039274,1262.28940535117,1325.392080630263,1382.4461397898995,1433.6601768863184,1479.2919937176484,1519.6324319978157,1554.9903294284595,1585.6789708461147,1612.0043277474324,1634.2552936975117,1652.6960359431978,1667.5604994741298,1679.049021998857,1687.326949055685,1692.5250792774605
USA,Female,CKD,glp1,28540.565077752733,0.0,1563.6826837677218,0.0,16.615885628780234,51.93518908304395,111.75784780409595,191.89279187403736,283.3557807155739,379.3845378763217,476.24925819462806,571.9353025601886,665.207429809394,755.1888338470017,841.2018062960415,922.7134624993632,999.3180004177702,1070.7289365436736,1136.7719600782148,1197.375680379555,1252.5599869283906,1302.4225709709135,1347.1243752300506,1386.8747260066448,1421.9168069929292,1452.5140129411302,1478.9375969436223,1501.4559073828423,1520.3254040091124,1535.7835488786513,1548.0435873683455,1557.2911667246954,1563.6826837677218
USA,Female,CKD,combo,28540.565077752733,0.0,1563.6826837677218,0.0,16.615885628780234,51.93518908304395,111.75784780409595,191.89279187403736,283.3557807155739,379.3845378763217,476.24925819462806,571.9353025601886,665.207429809394,755.1888338470017,841.2018062960415,922.7134624993632,999.3180004177702,1070.7289365436736,1136.7719600782148,1197.375680379555,1252.5599869283906,1302.4225709709135,1347.1243752300506,1386.8747260066448,1421.9168069929292,1452.5140129411302,1478.9375969436223,1501.4559073828423,1520.3254040091124,1535.7835488786513,1548.0435873683455,1557.2911667246954,1563.6826837677218
JPN,Male,CKD,glp1,6524.435180293633,0.0,329.1284929149442,0.0,5.127345753295231,16.072937572687806,34.38665024029251,58.24911294877529,84.35252058295373,110.31339339210899,134.922403925244,157.66055223041985,178.35190058976514,196.9958821151995,213.68933011764966,228.5845617631203,241.86177022763877,253.7085290640607,264.30446235825366,273.81057019238506,282.3628215021199,290.06942930242076,297.0110511280436,303.2430958859659,308.7993589769794,313.6963161710737,317.9375485775745,321.5179192679607,324.4272589381944,326.65343349804607,328.18475656959345,329.01177448686576,329.1284929149442
JPN,Male,CKD,combo,6524.435180293633,0.0,329.1284929149442,0.0,5.127345753295231,16.072937572687806,34.38665024029251,58.24911294877529,84.35252058295373,110.31339339210899,134.922403925244,157.66055223041985,178.35190058976514,196.9958821151995,213.68933011764966,228.5845617631203,241.86177022763877,253.7085290640607,264.30446235825366,273.81057019238506,282.3628215021199,290.06942930242076,297.0110511280436,303.2430958859659,308.7993589769794,313.6963161710737,317.9375485775745,321.5179192679607,324.4272589381944,326.65343349804607,328.18475656959345,329.01177448686576,329.1284929149442
JPN,Female,CKD,glp1,5252.0035838418735,0.0,266.23278571716946,0.0,4.276375915884273,13.269471972096653,28.162233632203424,47.39229417720344,68.28812196150466,89.0147218651291,108.69080537450282,126.9497059294954,143.65469635492263,158.77790429777815,172.35467297138894,184.46397769892428,195.21571501166545,204.73922271446645,213.1723187164098,220.65150667564376,227.30405340281504,233.2423209454828,238.56038703280137,243.3327262799612,247.61457134414377,251.44351283602373,254.8419039583605,257.81968576878353,260.37732119193606,262.50860523848314,264.20319502030543,265.44876983638824,266.23278571716946
JPN,Female,CKD,combo,5252.0035838418735,0.0,266.23278571716946,0.0,4.276375915884273,13.269471972096653,28.162233632203424,47.39229417720344,68.28812196150466,89.0147218651291,108.69080537450282,126.9497059294954,143.65469635492263,158.77790429777815,172.35467297138894,184.46397769892428,195.21571501166545,204.73922271446645,213.1723187164098,220.65150667564376,227.30405340281504,233.2423209454828,238.56038703280137,243.3327262799612,247.61457134414377,251.44351283602373,254.8419039583605,257.81968576878353,260.37732119193606,262.50860523848314,264.20319502030543,265.44876983638824,266.23278571716946
GBR,Male,CKD,glp1,2331.315942001289,0.0,132.10314734329768,0.0,1.2837851556996611,4.072811228817045,8.84126640780778,15.271288981274665,22.647230627137105,30.409312575588046,38.23220832707193,45.93362475023332,53.40589004122103,60.58281387566876,67.42422537621678,73.90760817632781,80.02259456075353,85.76691003293035,91.14334803038128,96.1576166393861,100.81692660428598,105.12916827415575,109.10251312317996,112.7452840518472,116.06596317322783,119.07323837228887,121.77602384851889,124.18342052564458,126.3046070962464,128.1486706005162,129.7243969304509,131.0400472711135,132.10314734329768
GBR,Male,CKD,combo,2331.315942001289,0.0,132.10314734329768,0.0,1.2837851556996611,4.072811228817045,8.84126640780778,15.271288981274665,22.647230627137105,30.409312575588046,38.23220832707193,45.93362475023332,53.40589004122103,60.58281387566876,67.42422537621678,73.90760817632781,80.02259456075353,85.76691003293035,91.14334803038128,96.1576166393861,100.81692660428598,105.12916827415575,109.10251312317996,112.7452840518472,116.06596317322783,119.07323837228887,121.77602384851889,124.18342052564458,126.3046070962464,128.1486706005162,129.7243969304509,131.0400472711135,132.10314734329768
GBR,Female,CKD,glp1,2688.105786099539,0.0,160.0540169428441,0.0,1.3011044862505514,4.114632779752355,8.926817131000462,15.465015748788574,23.08054804382573,31.26792074808418,39.72790740543496,48.278006025549075,56.79128417414722,65.17079119426398,73.34044005714532,81.24137029946087,88.82956379283041,96.0735281105708,102.95194734779034,109.45147536986588,115.56483439989097,121.2892958447992,126.62553913342344,131.57683110367907,136.1484441041648,140.34722887310272,144.18127037123486,147.65957398697174,150.79175054922234,153.58768780262108,156.0572113723356,158.2097489004882,160.0540169428441
GBR,Female,CKD,combo,2688.105786099539,0.0,160.0540169428441,0.0,1.3011044862505514,4.114632779752355,8.926817131000462,15.465015748788574,23.08054804382573,31.26792074808418,39.72790740543496,48.278006025549075,56.79128417414722,65.17079119426398,73.34044005714532,81.24137029946087,88.82956379283041,96.0735281105708,102.95194734779034,109.45147536986588,115.56483439989097,121.2892958447992,126.62553913342344,131.57683110367907,136.1484441041648,140.34722887310272,144.18127037123486,147.65957398697174,150.79175054922234,153.58768780262108,156.0572113723356,158.2097489004882,160.0540169428441
DEU,Male,CKD,glp1,6690.172435393855,0.0,354.94363871620226,0.0,4.406518817129836,13.699406742874999,29.14742821430991,49.393243429774884,71.97061962625594,95.13068950171873,117.99803204221098,140.18675167942274,161.52690455797347,181.93245830848173,201.34506687071917,219.71254398611927,236.98283101548805,253.10478880130177,268.03170246147783,281.7254128164932,294.1599748086228,305.3242857730329,315.22345776447764,323.87892269716394,331.3273982190367,337.6189269839524,342.81424523922396,346.98174803467555,350.1943059284022,352.52615884743136,354.05007289642526,354.83490061345583,354.94363871620226
DEU,Male,CKD,combo,6690.172435393855,0.0,354.94363871620226,0.0,4.406518817129836,13.699406742874999,29.14742821430991,49.393243429774884,71.97061962625594,95.13068950171873,117.99803204221098,140.18675167942274,161.52690455797347,181.93245830848173,201.34506687071917,219.71254398611927,236.98283101548805,253.10478880130177,268.03170246147783,281.7254128164932,294.1599748086228,305.3242857730329,315.22345776447764,323.87892269716394,331.3273982190367,337.6189269839524,342.81424523922396,346.98174803467555,350.1943059284022,352.52615884743136,354.05007289642526,354.83490061345583,354.94363871620226
DEU,Female,CKD,glp1,8521.580348693704,0.0,473.75515350299247,0.0,4.8739896648185095,15.240609902517463,32.64286824221199,55.784547783463495,82.09533141016072,109.68223658970237,137.53215578536765,165.134822132135,192.20963289696738,218.5730764575237,244.08122423433088,268.60640833910657,292.0292943976274,314.23802049213555,335.1304868340958,354.6177748508089,372.6275658506747,389.1069110029057,404.0240033028167,417.3688071304787,429.15254799810646,439.40616993694493,448.17793872356924,455.53041099434995,461.537006634564,466.27841895960955,469.83907851144977,472.30385613226827,473.75515350299247
DEU,Female,CKD,combo,8521.580348693704,0.0,473.75515350299247,0.0,4.8739896648185095,15.240609902517463,32.64286824221199,55.784547783463495,82.09533141016072,109.68223658970237,137.53215578536765,165.134822132135,192.20963289696738,218.5730764575237,244.08122423433088,268.60640833910657,292.0292943976274,314.23802049213555,335.1304868340958,354.6177748508089,372.6275658506747,389.1069110029057,404.0240033028167,417.3688071304787,429.15254799810646,439.40616993694493,448.17793872356924,455.53041099434995,461.537006634564,466.27841895960955,469.83907851144977,472.30385613226827,473.75515350299247
GLB,Male,CKD,glp1,292794.8065367816,0.0,17754.682053363416,0.0,151.48405757406726,477.22502788424026,1033.053212842904,1780.2322487265337,2633.6548407564405,3529.7815653196303,4435.216875278507,5333.907312913565,6217.664318299154,7081.687033271766,7922.727261587512,8738.370937358239,9526.74825635762,10286.397126961034,11016.177691001096,11715.203461749014,12382.779497092357,13018.346133870073,13621.42877021851,14191.594200657331,14728.413658320555,15231.432500466239,15700.146461898228,16133.984522271203,16532.29858345166,16894.36024677707,17219.364966071676,17506.443714441964,17754.682053363416
GLB,Male,CKD,combo,292794.8065367816,0.0,17754.682053363416,0.0,151.48405757406726,477.22502788424026,1033.053212842904,1780.2322487265337,2633.6548407564405,3529.7815653196303,4435.216875278507,5333.907312913565,6217.664318299154,7081.687033271766,7922.727261587512,8738.370937358239,9526.74825635762,10286.397126961034,11016.177691001096,11715.203461749014,12382.779497092357,13018.346133870073,13621.42877021851,14191.594200657331,14728.413658320555,15231.432500466239,15700.146461898228,16133.984522271203,16532.29858345166,16894.36024677707,17219.364966071676,17506.443714441964,17754.682053363416
GLB,Female,CKD,glp1,284443.2853212032,0.0,17615.326621426735,0.0,144.0587085179286,452.38715785974637,976.8806932742009,1680.8522119951667,2485.116505783517,3331.337657894357,4189.419247880112,5045.205094102188,5891.53402283031,6724.074520776165,7539.6699292941485,8335.740693155443,9110.086703407695,9860.824444685364,10586.359491033014,11285.361178024905,11956.731406739214,12599.568085366744,13213.125834014267,13796.776449197321,14349.970938076382,14872.204317308846,15362.983997648931,15821.802422944922,16248.114615215454,16641.32130317716,17000.758306184318,17325.692763388623,17615.326621426735
GLB,Female,CKD,combo,284443.2853212032,0.0,17615.326621426735,0.0,144.0587085179286,452.38715785974637,976.8806932742009,1680.8522119951667,2485.116505783517,3331.337657894357,4189.419247880112,5045.205094102188,5891.53402283031,6724.074520776165,7539.6699292941485,8335.740693155443,9110.086703407695,9860.824444685364,10586.359491033014,11285.361178024905,11956.731406739214,12599.568085366744,13213.125834014267,13796.776449197321,14349.970938076382,14872.204317308846,15362.983997648931,15821.802422944922,16248.114615215454,16641.32130317716,17000.758306184318,17325.692763388623,17615.326621426735
