iso3,arm,coverage,med,yr
AUS,combo,0.20,142.64795796849603,1
AUS,combo,0.50,356.6198949212453,1
AUS,combo,afford,713.2397898424888,1
AUS,diet,0.20,0.0,1
AUS,diet,0.50,0.0,1
AUS,diet,afford,0.0,1
AUS,glp1,0.20,142.64795796849603,1
AUS,glp1,0.50,356.6198949212453,1
AUS,glp1,afford,713.2397898424888,1
BGD,combo,0.20,411.933807014153,1
BGD,combo,0.50,1029.834517535346,1
BGD,combo,afford,1647.73522805663,1
BGD,diet,0.20,0.0,1
BGD,diet,0.50,0.0,1
BGD,diet,afford,0.0,1
BGD,glp1,0.20,411.933807014153,1
BGD,glp1,0.50,1029.834517535346,1
BGD,glp1,afford,1647.73522805663,1
BGR,combo,0.20,180.3520298710337,1
BGR,combo,0.50,450.880074677596,1
BGR,combo,afford,901.7601493551884,1
BGR,diet,0.20,0.0,1
BGR,diet,0.50,0.0,1
BGR,diet,afford,0.0,1
BGR,glp1,0.20,180.3520298710337,1
BGR,glp1,0.50,450.880074677596,1
BGR,glp1,afford,901.7601493551884,1
BRA,combo,0.20,1056.774749113276,1
BRA,combo,0.50,2641.936872783248,1
BRA,combo,afford,5283.87374556646,1
BRA,diet,0.20,0.0,1
BRA,diet,0.50,0.0,1
BRA,diet,afford,0.0,1
BRA,glp1,0.20,1056.774749113276,1
BRA,glp1,0.50,2641.936872783248,1
BRA,glp1,afford,5283.87374556646,1
CAN,combo,0.20,258.23211686837567,1
CAN,combo,0.50,645.5802921709419,1
CAN,combo,afford,1291.1605843418793,1
CAN,diet,0.20,0.0,1
CAN,diet,0.50,0.0,1
CAN,diet,afford,0.0,1
CAN,glp1,0.20,258.23211686837567,1
CAN,glp1,0.50,645.5802921709419,1
CAN,glp1,afford,1291.1605843418793,1
CHN,combo,0.20,6302.246515669336,1
CHN,combo,0.50,15755.616289172149,1
CHN,combo,afford,31511.23257834441,1
CHN,diet,0.20,0.0,1
CHN,diet,0.50,0.0,1
CHN,diet,afford,0.0,1
CHN,glp1,0.20,6302.246515669336,1
CHN,glp1,0.50,15755.616289172149,1
CHN,glp1,afford,31511.23257834441,1
DEU,combo,0.20,998.4560482079688,1
DEU,combo,0.50,2496.140120519911,1
DEU,combo,afford,4992.280241039764,1
DEU,diet,0.20,0.0,1
DEU,diet,0.50,0.0,1
DEU,diet,afford,0.0,1
DEU,glp1,0.20,998.4560482079688,1
DEU,glp1,0.50,2496.140120519911,1
DEU,glp1,afford,4992.280241039764,1
EGY,combo,0.20,1588.0353923225591,1
EGY,combo,0.50,3970.088480806382,1
EGY,combo,afford,7940.176961612844,1
EGY,diet,0.20,0.0,1
EGY,diet,0.50,0.0,1
EGY,diet,afford,0.0,1
EGY,glp1,0.20,1588.0353923225591,1
EGY,glp1,0.50,3970.088480806382,1
EGY,glp1,afford,7940.176961612844,1
GBR,combo,0.20,571.5504563604754,1
GBR,combo,0.50,1428.8761409011786,1
GBR,combo,afford,2857.752281802348,1
GBR,diet,0.20,0.0,1
GBR,diet,0.50,0.0,1
GBR,diet,afford,0.0,1
GBR,glp1,0.20,571.5504563604754,1
GBR,glp1,0.50,1428.8761409011786,1
GBR,glp1,afford,2857.752281802348,1
GLB,combo,0.20,33390.07829626626,1
GLB,combo,0.50,83475.1957406674,1
GLB,combo,afford,166950.39148133365,1
GLB,diet,0.20,0.0,1
GLB,diet,0.50,0.0,1
GLB,diet,afford,0.0,1
GLB,glp1,0.20,33390.07829626626,1
GLB,glp1,0.50,83475.1957406674,1
GLB,glp1,afford,166950.39148133365,1
IND,combo,0.20,2638.812970883737,1
IND,combo,0.50,6597.032427208789,1
IND,combo,afford,13194.064854418337,1
IND,diet,0.20,0.0,1
IND,diet,0.50,0.0,1
IND,diet,afford,0.0,1
IND,glp1,0.20,2638.812970883737,1
IND,glp1,0.50,6597.032427208789,1
IND,glp1,afford,13194.064854418337,1
ISR,combo,0.20,32.56287667584513,1
ISR,combo,0.50,81.40719168961357,1
ISR,combo,afford,162.8143833792277,1
ISR,diet,0.20,0.0,1
ISR,diet,0.50,0.0,1
ISR,diet,afford,0.0,1
ISR,glp1,0.20,32.56287667584513,1
ISR,glp1,0.50,81.40719168961357,1
ISR,glp1,afford,162.8143833792277,1
JPN,combo,0.20,507.2496455408837,1
JPN,combo,0.50,1268.1241138522164,1
JPN,combo,afford,2536.24822770444,1
JPN,diet,0.20,0.0,1
JPN,diet,0.50,0.0,1
JPN,diet,afford,0.0,1
JPN,glp1,0.20,507.2496455408837,1
JPN,glp1,0.50,1268.1241138522164,1
JPN,glp1,afford,2536.24822770444,1
MEX,combo,0.20,806.160508521014,1
MEX,combo,0.50,2015.4012713025656,1
MEX,combo,afford,4030.802542605136,1
MEX,diet,0.20,0.0,1
MEX,diet,0.50,0.0,1
MEX,diet,afford,0.0,1
MEX,glp1,0.20,806.160508521014,1
MEX,glp1,0.50,2015.4012713025656,1
MEX,glp1,afford,4030.802542605136,1
NGA,combo,0.20,392.4595390360992,1
NGA,combo,0.50,981.1488475902916,1
NGA,combo,afford,784.9190780722274,1
NGA,diet,0.20,0.0,1
NGA,diet,0.50,0.0,1
NGA,diet,afford,0.0,1
NGA,glp1,0.20,392.4595390360992,1
NGA,glp1,0.50,981.1488475902916,1
NGA,glp1,afford,784.9190780722274,1
NZL,combo,0.20,40.386267490496834,1
NZL,combo,0.50,100.96566872624136,1
NZL,combo,afford,201.9313374524819,1
NZL,diet,0.20,0.0,1
NZL,diet,0.50,0.0,1
NZL,diet,afford,0.0,1
NZL,glp1,0.20,40.386267490496834,1
NZL,glp1,0.50,100.96566872624136,1
NZL,glp1,afford,201.9313374524819,1
ROU,combo,0.20,378.3505195602829,1
ROU,combo,0.50,945.8762989006956,1
ROU,combo,afford,1891.7525978014053,1
ROU,diet,0.20,0.0,1
ROU,diet,0.50,0.0,1
ROU,diet,afford,0.0,1
ROU,glp1,0.20,378.3505195602829,1
ROU,glp1,0.50,945.8762989006956,1
ROU,glp1,afford,1891.7525978014053,1
TUR,combo,0.20,799.6718862495309,1
TUR,combo,0.50,1999.179715623812,1
TUR,combo,afford,3998.3594312476102,1
TUR,diet,0.20,0.0,1
TUR,diet,0.50,0.0,1
TUR,diet,afford,0.0,1
TUR,glp1,0.20,799.6718862495309,1
TUR,glp1,0.50,1999.179715623812,1
TUR,glp1,afford,3998.3594312476102,1
USA,combo,0.20,3050.05309444476,1
USA,combo,0.50,7625.132736111926,1
USA,combo,afford,15250.265472223648,1
USA,diet,0.20,0.0,1
USA,diet,0.50,0.0,1
USA,diet,afford,0.0,1
USA,glp1,0.20,3050.05309444476,1
USA,glp1,0.50,7625.132736111926,1
USA,glp1,afford,15250.265472223648,1
ZAF,combo,0.20,195.16253132328347,1
ZAF,combo,0.50,487.9063283082087,1
ZAF,combo,afford,780.6501252931257,1
ZAF,diet,0.20,0.0,1
ZAF,diet,0.50,0.0,1
ZAF,diet,afford,0.0,1
ZAF,glp1,0.20,195.16253132328347,1
ZAF,glp1,0.50,487.9063283082087,1
ZAF,glp1,afford,780.6501252931257,1
AUS,combo,0.20,517.8089897228879,2
AUS,combo,0.50,1274.5223068929145,2
AUS,combo,afford,2535.2984916405453,2
AUS,diet,0.20,13.23027564226686,2
AUS,diet,0.50,13.23027564226686,2
AUS,diet,afford,13.23027564226686,2
AUS,glp1,0.20,504.7986650920852,2
AUS,glp1,0.50,1261.8390927653877,2
AUS,glp1,afford,2523.152952314665,2
BGD,combo,0.20,1577.250692581444,2
BGD,combo,0.50,3684.4078810875344,2
BGD,combo,afford,5791.712173685316,2
BGD,diet,0.20,172.56095807268957,2
BGD,diet,0.50,172.56095807268957,2
BGD,diet,afford,172.56095807268957,2
BGD,glp1,0.20,1405.7402186329782,2
BGD,glp1,0.50,3514.468231061851,2
BGD,glp1,afford,5623.337464866159,2
BGR,combo,0.20,656.4155532287398,2
BGR,combo,0.50,1595.7017767592488,2
BGR,combo,afford,3161.440821150687,2
BGR,diet,0.20,30.29023883522541,2
BGR,diet,0.50,30.29023883522541,2
BGR,diet,afford,30.29023883522541,2
BGR,glp1,0.20,626.5798529125645,2
BGR,glp1,0.50,1566.5426508657688,2
BGR,glp1,afford,3133.3953636793094,2
BRA,combo,0.20,3904.594436921183,2
BRA,combo,0.50,9613.972149148723,2
BRA,combo,afford,19124.408597725676,2
BRA,diet,0.20,97.04436081899983,2
BRA,diet,0.50,97.04436081899983,2
BRA,diet,afford,97.04436081899983,2
BRA,glp1,0.20,3809.083351886529,2
BRA,glp1,0.50,9520.74264585138,2
BRA,glp1,afford,19034.932845486102,2
CAN,combo,0.20,909.1699201054498,2
CAN,combo,0.50,2255.033942188342,2
CAN,combo,afford,4498.031637617258,2
CAN,diet,0.20,11.899986706231177,2
CAN,diet,0.50,11.899986706231177,2
CAN,diet,afford,11.899986706231177,2
CAN,glp1,0.20,897.4539695073827,2
CAN,glp1,0.50,2243.591909151475,2
CAN,glp1,afford,4487.040436246317,2
CHN,combo,0.20,23914.37595468991,2
CHN,combo,0.50,57581.89455463071,2
CHN,combo,afford,113687.99495014251,2
CHN,diet,0.20,1467.7559036309249,2
CHN,diet,0.50,1467.7559036309249,2
CHN,diet,afford,1467.7559036309249,2
CHN,glp1,0.20,22457.776847984103,2
CHN,glp1,0.50,56141.96580358714,2
CHN,glp1,afford,112275.6772192705,2
DEU,combo,0.20,3636.082039999801,2
DEU,combo,0.50,8992.75256384287,2
DEU,combo,afford,17917.367462011927,2
DEU,diet,0.20,64.17603037872323,2
DEU,diet,0.50,64.17603037872323,2
DEU,diet,afford,64.17603037872323,2
DEU,glp1,0.20,3572.919979818107,2
DEU,glp1,0.50,8931.099352956193,2
DEU,glp1,afford,17858.19671728226,2
EGY,combo,0.20,5497.464720249547,2
EGY,combo,0.50,13655.554384814812,2
EGY,combo,afford,27260.44269506771,2
EGY,diet,0.20,60.75632786699498,2
EGY,diet,0.50,60.75632786699498,2
EGY,diet,afford,60.75632786699498,2
EGY,glp1,0.20,5437.943731982665,2
EGY,glp1,0.50,13597.867218715595,2
EGY,glp1,afford,27205.76073329429,2
GBR,combo,0.20,2041.2422175013444,2
GBR,combo,0.50,5050.487680262667,2
GBR,combo,afford,10064.37077445089,2
GBR,diet,0.20,34.697073056964655,2
GBR,diet,0.50,34.697073056964655,2
GBR,diet,afford,34.697073056964655,2
GBR,glp1,0.20,2007.1232464392835,2
GBR,glp1,0.50,5017.228444518195,2
GBR,glp1,afford,10032.524650436311,2
GLB,combo,0.20,123682.19076533963,2
GLB,combo,0.50,300534.08617695747,2
GLB,combo,afford,595239.4447306781,2
GLB,diet,0.20,5768.977041188395,2
GLB,diet,0.50,5768.977041188395,2
GLB,diet,afford,5768.977041188395,2
GLB,glp1,0.20,117967.46821756498,2
GLB,glp1,0.50,294900.35802725167,2
GLB,glp1,afford,589739.6743322881,2
IND,combo,0.20,10284.860130507426,2
IND,combo,0.50,24436.29289488738,2
IND,combo,afford,48019.13069539166,2
IND,diet,0.20,849.8507525539535,2
IND,diet,0.50,849.8507525539535,2
IND,diet,afford,849.8507525539535,2
IND,glp1,0.20,9439.05440585575,2
IND,glp1,0.50,23596.53995189569,2
IND,glp1,afford,47189.42636131597,2
ISR,combo,0.20,118.597484270236,2
ISR,combo,0.50,293.0468310129571,2
ISR,combo,afford,583.6833798297954,2
ISR,diet,0.20,2.2698291698307003,2
ISR,diet,0.50,2.2698291698307003,2
ISR,diet,afford,2.2698291698307003,2
ISR,glp1,0.20,116.3662500311641,2
ISR,glp1,0.50,290.8729998654261,2
ISR,glp1,afford,581.6039156892421,2
JPN,combo,0.20,1821.3683228098237,2
JPN,combo,0.50,4439.146492901342,2
JPN,combo,afford,8801.488145200146,2
JPN,diet,0.20,76.02738495206722,2
JPN,diet,0.50,76.02738495206722,2
JPN,diet,afford,76.02738495206722,2
JPN,glp1,0.20,1745.9171044521609,2
JPN,glp1,0.50,4364.556284066763,2
JPN,glp1,afford,8728.324311254699,2
MEX,combo,0.20,2828.7137582082305,2
MEX,combo,0.50,7035.240791096039,2
MEX,combo,afford,14046.383976928912,2
MEX,diet,0.20,24.42860237132481,2
MEX,diet,0.50,24.42860237132481,2
MEX,diet,afford,24.42860237132481,2
MEX,glp1,0.20,2804.72131296145,2
MEX,glp1,0.50,7011.897057924583,2
MEX,glp1,afford,14024.106700918896,2
NGA,combo,0.20,1356.0874195622655,2
NGA,combo,0.50,3378.625687032707,2
NGA,combo,afford,2704.428087718905,2
NGA,diet,0.20,7.819458700167161,2
NGA,diet,0.50,7.819458700167161,2
NGA,diet,afford,7.819458700167161,2
NGA,glp1,0.20,1348.349238239383,2
NGA,glp1,0.50,3371.0087694729973,2
NGA,glp1,afford,2696.7708358785385,2
NZL,combo,0.20,149.8106834561455,2
NZL,combo,0.50,368.9706389427712,2
NZL,combo,afford,734.0176556275719,2
NZL,diet,0.20,3.6491525168338512,2
NZL,diet,0.50,3.6491525168338512,2
NZL,diet,afford,3.6491525168338512,2
NZL,glp1,0.20,146.22553599609537,2
NZL,glp1,0.50,365.4806359997736,2
NZL,glp1,afford,730.6839253646712,2
ROU,combo,0.20,1442.2714556318197,2
ROU,combo,0.50,3449.354040444292,2
ROU,combo,afford,6794.933418109253,2
ROU,diet,0.20,104.3268331678712,2
ROU,diet,0.50,104.3268331678712,2
ROU,diet,afford,104.3268331678712,2
ROU,glp1,0.20,1339.4989551919357,2
ROU,glp1,0.50,3348.895204394555,2
ROU,glp1,afford,6698.283130171481,2
TUR,combo,0.20,2932.271605327398,2
TUR,combo,0.50,7251.057114551479,2
TUR,combo,afford,14447.1230333514,2
TUR,diet,0.20,52.6037833679402,2
TUR,diet,0.50,52.6037833679402,2
TUR,diet,afford,52.6037833679402,2
TUR,glp1,0.20,2880.6829596255798,2
TUR,glp1,0.50,7200.976119184708,2
TUR,glp1,afford,14399.514638771932,2
USA,combo,0.20,11167.371609069249,2
USA,combo,0.50,27572.55723950505,2
USA,combo,afford,54905.80459015464,2
USA,diet,0.20,228.39901375975023,2
USA,diet,0.50,228.39901375975023,2
USA,diet,afford,228.39901375975023,2
USA,glp1,0.20,10942.998449427258,2
USA,glp1,0.50,27354.16887482444,2
USA,glp1,afford,54697.24692050246,2
ZAF,combo,0.20,713.2810778013782,2
ZAF,combo,0.50,1780.6310002876917,2
ZAF,combo,afford,2847.576610519759,2
ZAF,diet,0.20,1.4898448914955222,2
ZAF,diet,0.50,1.4898448914955222,2
ZAF,diet,afford,1.4898448914955222,2
ZAF,glp1,0.20,711.8129165761029,2
ZAF,glp1,0.50,1779.1951251932514,2
ZAF,glp1,afford,2846.172734314023,2
AUS,combo,0.20,915.662688413539,3
AUS,combo,0.50,2222.526177509421,3
AUS,combo,afford,4401.226319503125,3
AUS,diet,0.20,44.56942997724991,3
AUS,diet,0.50,44.56942997724991,3
AUS,diet,afford,44.56942997724991,3
AUS,glp1,0.20,871.8333406002885,3
AUS,glp1,0.50,2179.7980178772864,3
AUS,glp1,afford,4360.3095733258615,3
BGD,combo,0.20,2915.41639512293,3
BGD,combo,0.50,6426.560035359081,3
BGD,combo,afford,9939.452275183758,3
BGD,diet,0.20,575.6242352121362,3
BGD,diet,0.50,575.6242352121362,3
BGD,diet,afford,575.6242352121362,3
BGD,glp1,0.20,2343.220019611038,3
BGD,glp1,0.50,5859.491716534342,3
BGD,glp1,afford,9377.49550701972,3
BGR,combo,0.20,1144.4509960319,3
BGR,combo,0.50,2716.508208210814,3
BGR,combo,afford,5341.210803885971,3
BGR,diet,0.20,97.5633142419274,3
BGR,diet,0.50,97.5633142419274,3
BGR,diet,afford,97.5633142419274,3
BGR,glp1,0.20,1048.2854297081642,3
BGR,glp1,0.50,2622.4271519917475,3
BGR,glp1,afford,5250.571352828752,3
BRA,combo,0.20,7019.364651515607,3
BRA,combo,0.50,17037.085843776604,3
BRA,combo,afford,33727.01398363295,3
BRA,diet,0.20,339.3206937073519,3
BRA,diet,0.50,339.3206937073519,3
BRA,diet,afford,339.3206937073519,3
BRA,glp1,0.20,6685.482334814678,3
BRA,glp1,0.50,16711.296146943478,3
BRA,glp1,afford,33414.53854936523,3
CAN,combo,0.20,1578.9315975715565,3
CAN,combo,0.50,3885.933404278794,3
CAN,combo,afford,7732.331999829013,3
CAN,diet,0.20,41.27923335284413,3
CAN,diet,0.50,41.27923335284413,3
CAN,diet,afford,41.27923335284413,3
CAN,glp1,0.20,1538.2985330920774,3
CAN,glp1,0.50,3846.262207105112,3
CAN,glp1,afford,7694.244185118434,3
CHN,combo,0.20,43828.059383955886,3
CHN,combo,0.50,101963.77886275409,3
CHN,combo,afford,198872.11792485404,3
CHN,diet,0.20,5074.788007259907,3
CHN,diet,0.50,5074.788007259907,3
CHN,diet,afford,5074.788007259907,3
CHN,glp1,0.20,38791.932942937245,3
CHN,glp1,0.50,96985.43025158356,3
CHN,glp1,afford,193989.49293374445,3
DEU,combo,0.20,6418.519843977498,3
DEU,combo,0.50,15717.56033225693,3
DEU,combo,afford,31216.24935959985,3
DEU,diet,0.20,219.2356946193468,3
DEU,diet,0.50,219.2356946193468,3
DEU,diet,afford,219.2356946193468,3
DEU,glp1,0.20,6202.769330718034,3
DEU,glp1,0.50,15506.99750459348,3
DEU,glp1,afford,31014.22553413732,3
EGY,combo,0.20,9210.65949980406,3
EGY,combo,0.50,22766.516379939017,3
EGY,combo,afford,45425.53474777589,3
EGY,diet,0.20,189.82964542747868,3
EGY,diet,0.50,189.82964542747868,3
EGY,diet,afford,189.82964542747868,3
EGY,glp1,0.20,9024.455914235885,3
EGY,glp1,0.50,22585.71373619339,3
EGY,glp1,afford,45253.6303180027,3
GBR,combo,0.20,3563.4060332868667,3
GBR,combo,0.50,8730.913561783464,3
GBR,combo,afford,17344.328000123984,3
GBR,diet,0.20,118.6284795938409,3
GBR,diet,0.50,118.6284795938409,3
GBR,diet,afford,118.6284795938409,3
GBR,glp1,0.20,3446.7690593648103,3
GBR,glp1,0.50,8617.238832422843,3
GBR,glp1,afford,17235.52350017256,3
GLB,combo,0.20,222935.28973684425,3
GLB,combo,0.50,527537.1591241665,3
GLB,combo,afford,1035270.647494347,3
GLB,diet,0.20,19883.341541522183,3
GLB,diet,0.50,19883.341541522183,3
GLB,diet,afford,19883.341541522183,3
GLB,glp1,0.20,203240.0050463823,3
GLB,glp1,0.50,508122.6637241776,3
GLB,glp1,afford,1016320.6736477368,3
IND,combo,0.20,19117.34669575454,3
IND,combo,0.50,43463.78669825225,3
IND,combo,afford,84046.26190545064,3
IND,diet,0.20,2887.65678390667,3
IND,diet,0.50,2887.65678390667,3
IND,diet,afford,2887.65678390667,3
IND,glp1,0.20,16243.298234722286,3
IND,glp1,0.50,40610.105629073245,3
IND,glp1,afford,81226.40610566229,3
ISR,combo,0.20,211.19657762955035,3
ISR,combo,0.50,516.2955243367664,3
ISR,combo,afford,1024.763712104453,3
ISR,diet,0.20,7.789905015572002,3
ISR,diet,0.50,7.789905015572002,3
ISR,diet,afford,7.789905015572002,3
ISR,glp1,0.20,203.540736917029,3
ISR,glp1,0.50,508.8391137686024,3
ISR,glp1,afford,1017.6352331888612,3
JPN,combo,0.20,3235.6172863400534,3
JPN,combo,0.50,7697.279781356698,3
JPN,combo,afford,15133.166785381956,3
JPN,diet,0.20,261.12156368734213,3
JPN,diet,0.50,261.12156368734213,3
JPN,diet,afford,261.12156368734213,3
JPN,glp1,0.20,2976.5014601660114,3
JPN,glp1,0.50,7441.161452726599,3
JPN,glp1,afford,14882.014642017137,3
MEX,combo,0.20,4892.891117557017,3
MEX,combo,0.50,12106.535781932247,3
MEX,combo,afford,24138.789224843727,3
MEX,diet,0.20,86.17032532659505,3
MEX,diet,0.50,86.17032532659505,3
MEX,diet,afford,86.17032532659505,3
MEX,glp1,0.20,4808.280092685296,3
MEX,glp1,0.50,12024.244666908222,3
MEX,glp1,afford,24060.31373996425,3
NGA,combo,0.20,2295.276388816739,3
NGA,combo,0.50,5700.365608404287,3
NGA,combo,afford,4565.096544210426,3
NGA,diet,0.20,26.413295777394524,3
NGA,diet,0.50,26.413295777394524,3
NGA,diet,afford,26.413295777394524,3
NGA,glp1,0.20,2269.135983880118,3
NGA,glp1,0.50,5674.632509493722,3
NGA,glp1,afford,4539.2279475599225,3
NZL,combo,0.20,267.5757255253387,3
NZL,combo,0.50,650.4937605684788,3
NZL,combo,afford,1288.596250859255,3
NZL,diet,0.20,12.273906612339944,3
NZL,diet,0.50,12.273906612339944,3
NZL,diet,afford,12.273906612339944,3
NZL,glp1,0.20,255.51652722919928,3
NZL,glp1,0.50,638.7539155497726,3
NZL,glp1,afford,1277.3814117818924,3
ROU,combo,0.20,2515.2558483072617,3
ROU,combo,0.50,5820.448667289246,3
ROU,combo,afford,11343.711901988432,3
ROU,diet,0.20,315.4416518765797,3
ROU,diet,0.50,315.4416518765797,3
ROU,diet,afford,315.4416518765797,3
ROU,glp1,0.20,2204.077106011888,3
ROU,glp1,0.50,5515.638125216994,3
ROU,glp1,afford,11049.44383432656,3
TUR,combo,0.20,5105.574075976414,3
TUR,combo,0.50,12519.530328833858,3
TUR,combo,afford,24892.0604664484,3
TUR,diet,0.20,166.92231340148282,3
TUR,diet,0.50,166.92231340148282,3
TUR,diet,afford,166.92231340148282,3
TUR,glp1,0.20,4941.707172571223,3
TUR,glp1,0.50,12360.21365062667,3
TUR,glp1,afford,24740.238695147786,3
USA,combo,0.20,19889.978517278512,3
USA,combo,0.50,48557.6472689757,3
USA,combo,afford,96342.88925186072,3
USA,diet,0.20,779.6528690776831,3
USA,diet,0.50,779.6528690776831,3
USA,diet,afford,779.6528690776831,3
USA,glp1,0.20,19124.120797165637,3
USA,glp1,0.50,47812.30515513359,3
USA,glp1,afford,95631.26621213632,3
ZAF,combo,0.20,1251.7672229597429,3
ZAF,combo,0.50,3121.8667192577423,3
ZAF,combo,afford,4991.960291474451,3
ZAF,diet,0.20,5.032853274950867,3
ZAF,diet,0.50,5.032853274950867,3
ZAF,diet,afford,5.032853274950867,3
ZAF,glp1,0.20,1246.8072756654374,3
ZAF,glp1,0.50,3117.015390539119,3
ZAF,glp1,afford,4987.216690701956,3
AUS,combo,0.20,1349.5598000164227,4
AUS,combo,0.50,3221.920903693701,4
AUS,combo,afford,6344.737583406604,4
AUS,diet,0.20,101.8703606609447,4
AUS,diet,0.50,101.8703606609447,4
AUS,diet,afford,101.8703606609447,4
AUS,glp1,0.20,1249.3630043769886,4
AUS,glp1,0.50,3124.21563058837,4
AUS,glp1,afford,6251.13437485514,4
BGD,combo,0.20,4555.013531789872,4
BGD,combo,0.50,9433.6370062175,4
BGD,combo,afford,14316.151972809455,4
BGD,diet,0.20,1304.7537829280664,4
BGD,diet,0.50,1304.7537829280664,4
BGD,diet,afford,1304.7537829280664,4
BGD,glp1,0.20,3257.8482956520584,4
BGD,glp1,0.50,8147.827802632957,4
BGD,glp1,afford,13041.666579259912,4
BGR,combo,0.20,1669.980477771486,4
BGR,combo,0.50,3855.982659948236,4
BGR,combo,afford,7509.631521853649,4
BGR,diet,0.20,215.20319599732136,4
BGR,diet,0.50,215.20319599732136,4
BGR,diet,afford,215.20319599732136,4
BGR,glp1,0.20,1457.7405518719456,4
BGR,glp1,0.50,3648.1673323065743,4
BGR,glp1,afford,7309.135668364845,4
BRA,combo,0.20,10468.070980633274,4
BRA,combo,0.50,24974.630089268485,4
BRA,combo,afford,49148.1464334912,4
BRA,diet,0.20,796.0197381964244,4
BRA,diet,0.50,796.0197381964244,4
BRA,diet,afford,796.0197381964244,4
BRA,glp1,0.20,9684.80193637668,4
BRA,glp1,0.50,24210.33947294287,4
BRA,glp1,afford,48415.09180688376,4
CAN,combo,0.20,2280.330729870161,4
CAN,combo,0.50,5557.603124284465,4
CAN,combo,afford,11023.577398538748,4
CAN,diet,0.20,96.44343403619224,4
CAN,diet,0.50,96.44343403619224,4
CAN,diet,afford,96.44343403619224,4
CAN,glp1,0.20,2185.3942345194478,4
CAN,glp1,0.50,5464.910484458879,4
CAN,glp1,afford,10934.580239587716,4
CHN,combo,0.20,66967.0827116869,4
CHN,combo,0.50,149727.42203099138,4
CHN,combo,afford,287720.28693014686,4
CHN,diet,0.20,11808.258992487696,4
CHN,diet,0.50,11808.258992487696,4
CHN,diet,afford,11808.258992487696,4
CHN,glp1,0.20,55247.84280371932,4
CHN,glp1,0.50,138141.2509204792,4
CHN,glp1,afford,276354.66805170226,4
DEU,combo,0.20,9362.044687939531,4
DEU,combo,0.50,22654.76843307144,4
DEU,combo,afford,44818.09530802537,4
DEU,diet,0.20,502.4264736263031,4
DEU,diet,0.50,502.4264736263031,4
DEU,diet,afford,502.4264736263031,4
DEU,glp1,0.20,8867.540313469093,4
DEU,glp1,0.50,22172.06203159935,4
DEU,glp1,afford,44354.82405291777,4
EGY,combo,0.20,12954.785001736258,4
EGY,combo,0.50,31808.637980655803,4
EGY,combo,afford,63359.44969656904,4
EGY,diet,0.20,416.9238934504429,4
EGY,diet,0.50,416.9238934504429,4
EGY,diet,afford,416.9238934504429,4
EGY,glp1,0.20,12545.595356925807,4
EGY,glp1,0.50,31410.977907149365,4
EGY,glp1,afford,62980.811815225694,4
GBR,combo,0.20,5160.746386516232,4
GBR,combo,0.50,12495.46580577988,4
GBR,combo,afford,24725.78830590569,4
GBR,diet,0.20,272.3795758404294,4
GBR,diet,0.50,272.3795758404294,4
GBR,diet,afford,272.3795758404294,4
GBR,glp1,0.20,4892.91431826633,4
GBR,glp1,0.50,12234.400511384065,4
GBR,glp1,afford,24475.85509123636,4
GLB,combo,0.20,334964.09943901433,4
GLB,combo,0.50,768375.344770068,4
GLB,combo,afford,1491013.9398565511,4
GLB,diet,0.20,46094.83106736012,4
GLB,diet,0.50,46094.83106736012,4
GLB,diet,afford,46094.83106736012,4
GLB,glp1,0.20,289302.0772437685,4
GLB,glp1,0.50,723359.7243884953,4
GLB,glp1,afford,1447068.139814171,4
IND,combo,0.20,29688.555924652697,4
IND,combo,0.50,64280.17641320719,4
IND,combo,afford,121951.83990375348,4
IND,diet,0.20,6632.208908669199,4
IND,diet,0.50,6632.208908669199,4
IND,diet,afford,6632.208908669199,4
IND,glp1,0.20,23087.118161495528,4
IND,glp1,0.50,57724.80172805801,4
IND,glp1,afford,115472.9868813311,4
ISR,combo,0.20,312.414419856849,4
ISR,combo,0.50,754.0492231318295,4
ISR,combo,afford,1490.2904930550314,4
ISR,diet,0.20,18.037089202747325,4
ISR,diet,0.50,18.037089202747325,4
ISR,diet,afford,18.037089202747325,4
ISR,glp1,0.20,294.6871115460897,4
ISR,glp1,0.50,736.7829067774857,4
ISR,glp1,afford,1473.782650201863,4
JPN,combo,0.20,4804.452730116678,4
JPN,combo,0.50,11110.254237505334,4
JPN,combo,afford,21620.690908777146,4
JPN,diet,0.20,600.7767899227729,4
JPN,diet,0.50,600.7767899227729,4
JPN,diet,afford,600.7767899227729,4
JPN,glp1,0.20,4208.281412194407,4
JPN,glp1,0.50,10520.966748576706,4
JPN,glp1,afford,21042.81137514977,4
MEX,combo,0.20,7044.052125875853,4
MEX,combo,0.50,17313.480318793074,4
MEX,combo,afford,34453.79733192966,4
MEX,diet,0.20,203.89353075536565,4
MEX,diet,0.50,203.89353075536565,4
MEX,diet,afford,203.89353075536565,4
MEX,glp1,0.20,6843.834188090081,4
MEX,glp1,0.50,17118.733828383163,4
MEX,glp1,afford,34268.05760438884,4
NGA,combo,0.20,3229.8760244470213,4
NGA,combo,0.50,7988.274066500458,4
NGA,combo,afford,6401.553006096921,4
NGA,diet,0.20,60.54928793961881,4
NGA,diet,0.50,60.54928793961881,4
NGA,diet,afford,60.54928793961881,4
NGA,glp1,0.20,3169.943458914695,4
NGA,glp1,0.50,7929.262363817304,4
NGA,glp1,afford,6342.234912753509,4
NZL,combo,0.20,395.9067742618242,4
NZL,combo,0.50,947.9951440371784,4
NZL,combo,afford,1868.375166607855,4
NZL,diet,0.20,27.90638346251626,4
NZL,diet,0.50,27.90638346251626,4
NZL,diet,afford,27.90638346251626,4
NZL,glp1,0.20,368.48198082043,4
NZL,glp1,0.50,921.2871616936654,4
NZL,glp1,afford,1842.846909756844,4
ROU,combo,0.20,3698.41696518949,4
ROU,combo,0.50,8250.458201302636,4
ROU,combo,afford,15865.011274895494,4
ROU,diet,0.20,670.5668510092485,4
ROU,diet,0.50,670.5668510092485,4
ROU,diet,afford,670.5668510092485,4
ROU,glp1,0.20,3036.4488029667004,4
ROU,glp1,0.50,7601.348441802796,4
ROU,glp1,afford,15237.224866987348,4
TUR,combo,0.20,7405.435344174279,4
TUR,combo,0.50,17973.231216541186,4
TUR,combo,afford,35621.636085688384,4
TUR,diet,0.20,368.93729368419736,4
TUR,diet,0.50,368.93729368419736,4
TUR,diet,afford,368.93729368419736,4
TUR,glp1,0.20,7043.082185110845,4
TUR,glp1,0.50,17620.689967961785,4
TUR,glp1,afford,35285.27497090593,4
USA,combo,0.20,29384.03343325117,4
USA,combo,0.50,70778.28174473862,4
USA,combo,afford,139802.95864449616,4
USA,diet,0.20,1796.38481354362,4
USA,diet,0.50,1796.38481354362,4
USA,diet,afford,1796.38481354362,4
USA,glp1,0.20,27619.188355302555,4
USA,glp1,0.50,69060.36547287737,4
USA,glp1,afford,138162.23661922626,4
ZAF,combo,0.20,1809.2240082336773,4
ZAF,combo,0.50,4506.585248872319,4
ZAF,combo,afford,7204.949720401248,4
ZAF,diet,0.20,11.540534334831136,4
ZAF,diet,0.50,11.540534334831136,4
ZAF,diet,afford,11.540534334831136,4
ZAF,glp1,0.20,1797.848629697511,4
ZAF,glp1,0.50,4495.456054824354,4
ZAF,glp1,afford,7194.064844979527,4
AUS,combo,0.20,1833.8008502302323,5
AUS,combo,0.50,4292.7388670186265,5
AUS,combo,afford,8395.112915176507,5
AUS,diet,0.20,195.53654091530825,5
AUS,diet,0.50,195.53654091530825,5
AUS,diet,afford,195.53654091530825,5
AUS,glp1,0.20,1641.436788643298,5
AUS,glp1,0.50,4105.100230418604,5
AUS,glp1,afford,8215.260552536412,5
BGD,combo,0.20,6637.916972954846,5
BGD,combo,0.50,12874.23858688902,5
BGD,combo,afford,19116.885123456388,5
BGD,diet,0.20,2483.869675612222,5
BGD,diet,0.50,2483.869675612222,5
BGD,diet,afford,2483.869675612222,5
BGD,glp1,0.20,4168.166972045692,5
BGD,glp1,0.50,10425.6240629428,5
BGD,glp1,afford,16689.353066425134,5
BGR,combo,0.20,2255.294322579353,5
BGR,combo,0.50,5044.037265670844,5
BGR,combo,afford,9708.741477678896,5
BGR,diet,0.20,400.28336780725886,5
BGR,diet,0.50,400.28336780725886,5
BGR,diet,afford,400.28336780725886,5
BGR,glp1,0.20,1860.3367284221108,5
BGR,glp1,0.50,4657.039281636726,5
BGR,glp1,afford,9334.930719764234,5
BRA,combo,0.20,14344.405368436368,5
BRA,combo,0.50,33526.54190370801,5
BRA,combo,afford,65497.65334301801,5
BRA,diet,0.20,1556.541935028923,5
BRA,diet,0.50,1556.541935028923,5
BRA,diet,afford,1556.541935028923,5
BRA,glp1,0.20,12812.657258916715,5
BRA,glp1,0.50,32031.70884261943,5
BRA,glp1,afford,64063.60726632628,5
CAN,combo,0.20,3028.8545884585465,5
CAN,combo,0.50,7292.280595795204,5
CAN,combo,afford,14404.927904083104,5
CAN,diet,0.20,188.29766659191048,5
CAN,diet,0.50,188.29766659191048,5
CAN,diet,afford,188.29766659191048,5
CAN,glp1,0.20,2843.4809406199192,5
CAN,glp1,0.50,7111.262297488411,5
CAN,glp1,afford,14231.086356398044,5
CHN,combo,0.20,94646.21596391796,5
CHN,combo,0.50,202221.92748460989,5
CHN,combo,afford,381633.2063257978,5
CHN,diet,0.20,22958.633875760075,5
CHN,diet,0.50,22958.633875760075,5
CHN,diet,afford,22958.633875760075,5
CHN,glp1,0.20,71858.29733562813,5
CHN,glp1,0.50,179689.26506228175,5
CHN,glp1,afford,359523.785888083,5
DEU,combo,0.20,12502.52180789665,5
DEU,combo,0.50,29826.50141656023,5
DEU,combo,afford,58720.95825632739,5
DEU,diet,0.20,958.477973407098,5
DEU,diet,0.50,958.477973407098,5
DEU,diet,afford,958.477973407098,5
DEU,glp1,0.20,11558.966592994468,5
DEU,glp1,0.50,28905.181936179742,5
DEU,glp1,afford,57836.30003102094,5
EGY,combo,0.20,16804.464962558915,5
EGY,combo,0.50,40916.54511015344,5
EGY,combo,afford,81303.80016031678,5
EGY,diet,0.20,778.884398799295,5
EGY,diet,0.50,778.884398799295,5
EGY,diet,afford,778.884398799295,5
EGY,glp1,0.20,16039.66043283841,5
EGY,glp1,0.50,40172.74950826012,5
EGY,glp1,afford,80594.71884300004,5
GBR,combo,0.20,6864.024633332251,5
GBR,combo,0.50,16382.059552395516,5
GBR,combo,afford,32257.7870635046,5
GBR,diet,0.20,521.7408714568082,5
GBR,diet,0.50,521.7408714568082,5
GBR,diet,afford,521.7408714568082,5
GBR,glp1,0.20,6350.914144404303,5
GBR,glp1,0.50,15881.796594586323,5
GBR,glp1,afford,31778.67374773317,5
GLB,combo,0.20,464877.5306818449,5
GLB,combo,0.50,1028564.7378247963,5
GLB,combo,afford,1968633.9213202416,5
GLB,diet,0.20,89233.31300691422,5
GLB,diet,0.50,89233.31300691422,5
GLB,diet,afford,89233.31300691422,5
GLB,glp1,0.20,376472.9794824844,5
GLB,glp1,0.50,941398.2818254476,5
GLB,glp1,afford,1883517.450312847,5
IND,combo,0.20,42688.0088268793,5
IND,combo,0.50,87616.87639574677,5
IND,combo,afford,162535.559563076,5
IND,diet,0.20,12744.717109356485,5
IND,diet,0.50,12744.717109356485,5
IND,diet,afford,12744.717109356485,5
IND,glp1,0.20,30001.43341658301,5
IND,glp1,0.50,75017.35117751814,5
IND,glp1,afford,150080.68406969824,5
ISR,combo,0.20,424.8493204884551,5
ISR,combo,0.50,1009.8719904037312,5
ISR,combo,afford,1985.407675215375,5
ISR,diet,0.20,34.95833205449776,5
ISR,diet,0.50,34.95833205449776,5
ISR,diet,afford,34.95833205449776,5
ISR,glp1,0.20,390.4874683891676,5
ISR,glp1,0.50,976.398133935804,5
ISR,glp1,afford,1953.3957909943372,5
JPN,combo,0.20,6590.386867669709,5
JPN,combo,0.50,14750.97480876921,5
JPN,combo,afford,28354.12833146691,5
JPN,diet,0.20,1150.5369547191112,5
JPN,diet,0.50,1150.5369547191112,5
JPN,diet,afford,1150.5369547191112,5
JPN,glp1,0.20,5448.606820272173,5
JPN,glp1,0.50,13622.2862026588,5
JPN,glp1,afford,27247.141476939643,5
MEX,combo,0.20,9330.469173859216,5
MEX,combo,0.50,22739.55502818948,5
MEX,combo,afford,45131.86505524347,5
MEX,diet,0.20,401.9678212568033,5
MEX,diet,0.50,401.9678212568033,5
MEX,diet,afford,401.9678212568033,5
MEX,glp1,0.20,8935.678538285167,5
MEX,glp1,0.50,22355.454469931312,5
MEX,glp1,afford,44765.3782049967,5
NGA,combo,0.20,4180.1741587567085,5
NGA,combo,0.50,10283.189400214122,5
NGA,combo,afford,8247.82752627921,5
NGA,diet,0.20,116.60478846123806,5
NGA,diet,0.50,116.60478846123806,5
NGA,diet,afford,116.60478846123806,5
NGA,glp1,0.20,4064.7388848715273,5
NGA,glp1,0.50,10169.501013435218,5
NGA,glp1,afford,8133.557830422242,5
NZL,combo,0.20,537.8535122172697,5
NZL,combo,0.50,1265.1017482800903,5
NZL,combo,afford,2477.876036169456,5
NZL,diet,0.20,53.19448999018755,5
NZL,diet,0.50,53.19448999018755,5
NZL,diet,afford,53.19448999018755,5
NZL,glp1,0.20,485.5626460346259,5
NZL,glp1,0.50,1214.1567503235958,5
NZL,glp1,afford,2429.1484075077133,5
ROU,combo,0.20,5051.062374325938,5
ROU,combo,0.50,10821.216367822675,5
ROU,combo,afford,20479.7353547444,5
ROU,diet,0.20,1214.4924906758345,5
ROU,diet,0.50,1214.4924906758345,5
ROU,diet,afford,1214.4924906758345,5
ROU,glp1,0.20,3851.5331336335553,5
ROU,glp1,0.50,9644.08102593175,5
ROU,glp1,afford,19339.78472880532,5
TUR,combo,0.20,9877.235029544256,5
TUR,combo,0.50,23678.07823397366,5
TUR,combo,afford,46738.45299230882,5
TUR,diet,0.20,691.1402429200643,5
TUR,diet,0.50,691.1402429200643,5
TUR,diet,afford,691.1402429200643,5
TUR,glp1,0.20,9198.166748043344,5
TUR,glp1,0.50,23017.012761532817,5
TUR,glp1,afford,46107.10844719944,5
USA,combo,0.20,39857.23825978609,5
USA,combo,0.50,94474.2486505048,5
USA,combo,afford,185576.15986082013,5
USA,diet,0.20,3464.1272566277185,5
USA,diet,0.50,3464.1272566277185,5
USA,diet,afford,3464.1272566277185,5
USA,glp1,0.20,36453.264490690366,5
USA,glp1,0.50,91159.82491042287,5
USA,glp1,afford,182409.16008807084,5
ZAF,combo,0.20,2387.203876797157,5
ZAF,combo,0.50,5936.771095159625,5
ZAF,combo,afford,9488.862604340777,5
ZAF,diet,0.20,22.220749743080887,5
ZAF,diet,0.50,22.220749743080887,5
ZAF,diet,afford,22.220749743080887,5
ZAF,glp1,0.20,2365.296873587611,5
ZAF,glp1,0.50,5915.33197528116,5
ZAF,glp1,afford,9467.8880696512,5
AUS,combo,0.20,2382.335611146235,6
AUS,combo,0.50,5452.225005877573,6
AUS,combo,afford,10574.99144765732,6
AUS,diet,0.20,337.29746888062255,6
AUS,diet,0.50,337.29746888062255,6
AUS,diet,afford,337.29746888062255,6
AUS,glp1,0.20,2050.4412029276427,6
AUS,glp1,0.50,5128.382210789459,6
AUS,glp1,afford,10264.425466150336,6
BGD,combo,0.20,9309.69135193115,6
BGD,combo,0.50,16907.538580831148,6
BGD,combo,afford,24514.343136678275,6
BGD,diet,0.20,4249.413400605588,6
BGD,diet,0.50,4249.413400605588,6
BGD,diet,afford,4249.413400605588,6
BGD,glp1,0.20,5083.910508421198,6
BGD,glp1,0.50,12717.14144830408,6
BGD,glp1,afford,20359.25126498273,6
BGR,combo,0.20,2920.0611579536944,6
BGR,combo,0.50,6303.63154522014,6
BGR,combo,afford,11966.712468739566,6
BGR,diet,0.20,670.2122312478227,6
BGR,diet,0.50,670.2122312478227,6
BGR,diet,afford,670.2122312478227,6
BGR,glp1,0.20,2258.494124783266,6
BGR,glp1,0.50,5654.995310921824,6
BGR,glp1,afford,11339.526790115293,6
BRA,combo,0.20,18752.09357570725,6
BRA,combo,0.50,42799.38058901469,6
BRA,combo,afford,82886.55099116763,6
BRA,diet,0.20,2722.65598245306,6
BRA,diet,0.50,2722.65598245306,6
BRA,diet,afford,2722.65598245306,6
BRA,glp1,0.20,16072.471681402378,6
BRA,glp1,0.50,40183.85216179955,6
BRA,glp1,afford,80376.61833423363,6
CAN,combo,0.20,3840.090315890254,6
CAN,combo,0.50,9110.099368105532,6
CAN,combo,afford,17903.929941789327,6
CAN,diet,0.20,329.3573810678927,6
CAN,diet,0.50,329.3573810678927,6
CAN,diet,afford,329.3573810678927,6
CAN,glp1,0.20,3515.8071041438143,6
CAN,glp1,0.50,8793.37667404563,6
CAN,glp1,afford,17599.67207797256,6
CHN,combo,0.20,128377.78203663274,6
CHN,combo,0.50,261013.7888474911,6
CHN,combo,afford,482263.3709516073,6
CHN,diet,0.20,40001.04896871372,6
CHN,diet,0.50,40001.04896871372,6
CHN,diet,afford,40001.04896871372,6
CHN,glp1,0.20,88669.87359873226,6
CHN,glp1,0.50,221744.2944729571,6
CHN,glp1,afford,443721.0941346274,6
DEU,combo,0.20,15880.619100695829,6
DEU,combo,0.50,37265.3454708902,6
DEU,combo,afford,72943.06582442395,6
DEU,diet,0.20,1633.2236795203607,6
DEU,diet,0.50,1633.2236795203607,6
DEU,diet,afford,1633.2236795203607,6
DEU,glp1,0.20,14272.464073996787,6
DEU,glp1,0.50,35694.564103500794,6
DEU,glp1,afford,71433.95721267087,6
EGY,combo,0.20,20834.57404246054,6
EGY,combo,0.50,50214.47444047427,6
EGY,combo,afford,99460.07896861056,6
EGY,diet,0.20,1316.2016847431987,6
EGY,diet,0.50,1316.2016847431987,6
EGY,diet,afford,1316.2016847431987,6
EGY,glp1,0.20,19541.60857232509,6
EGY,glp1,0.50,48956.20798482181,6
EGY,glp1,afford,98259.22217442752,6
GBR,combo,0.20,8704.204752265246,6
GBR,combo,0.50,20426.14732078298,6
GBR,combo,afford,39982.830904191,6
GBR,diet,0.20,894.5780729571316,6
GBR,diet,0.50,894.5780729571316,6
GBR,diet,afford,894.5780729571316,6
GBR,glp1,0.20,7824.26921183221,6
GBR,glp1,0.50,19568.018188658287,6
GBR,glp1,afford,39160.62310689402,6
GLB,combo,0.20,618307.4909407288,6
GLB,combo,0.50,1314052.518569106,6
GLB,combo,afford,2474584.121844353,6
GLB,diet,0.20,154715.73523849424,6
GLB,diet,0.50,154715.73523849424,6
GLB,diet,afford,154715.73523849424,6
GLB,glp1,0.20,465011.34171981504,6
GLB,glp1,0.50,1162877.6585731003,6
GLB,glp1,afford,2326923.076341452,6
IND,combo,0.20,58857.87299679392,6
IND,combo,0.50,114243.6885521661,6
IND,combo,afford,206612.2046337039,6
IND,diet,0.20,21948.65675023204,6
IND,diet,0.50,21948.65675023204,6
IND,diet,afford,21948.65675023204,6
IND,glp1,0.20,37007.64958064378,6
IND,glp1,0.50,92540.86331015438,6
IND,glp1,afford,185154.3696164676,6
ISR,combo,0.20,551.2129010737134,6
ISR,combo,0.50,1287.181639332511,6
ISR,combo,afford,2514.7011900676457,6
ISR,diet,0.20,60.79223363803101,6
ISR,diet,0.50,60.79223363803101,6
ISR,diet,afford,60.79223363803101,6
ISR,glp1,0.20,491.4493157804985,6
ISR,glp1,0.50,1228.950050725093,6
ISR,glp1,afford,2458.993477783481,6
JPN,combo,0.20,8654.748855451347,6
JPN,combo,0.50,18685.300285061378,6
JPN,combo,afford,35406.86220133236,6
JPN,diet,0.20,1968.7050408627183,6
JPN,diet,0.50,1968.7050408627183,6
JPN,diet,afford,1968.7050408627183,6
JPN,glp1,0.20,6700.889417852675,6
JPN,glp1,0.50,16753.638942658603,6
JPN,glp1,afford,33512.00981853748,6
MEX,combo,0.20,11796.992256221893,6
MEX,combo,0.50,28454.585698311137,6
MEX,combo,afford,56283.63769860544,6
MEX,diet,0.20,708.3913225950746,6
MEX,diet,0.50,708.3913225950746,6
MEX,diet,afford,708.3913225950746,6
MEX,glp1,0.20,11101.098624772309,6
MEX,glp1,0.50,27777.317554006106,6
MEX,glp1,afford,55637.08674763787,6
NGA,combo,0.20,5164.532048998641,6
NGA,combo,0.50,12619.81152915354,6
NGA,combo,afford,10133.19865097332,6
NGA,diet,0.20,201.9241931421493,6
NGA,diet,0.50,201.9241931421493,6
NGA,diet,afford,201.9241931421493,6
NGA,glp1,0.20,4964.60231889677,6
NGA,glp1,0.50,12422.861848593016,6
NGA,glp1,afford,9935.257177038327,6
NZL,combo,0.20,696.583505201043,6
NZL,combo,0.50,1605.3161153734204,6
NZL,combo,afford,3121.131172714466,6
NZL,diet,0.20,91.07548371855614,6
NZL,diet,0.50,91.07548371855614,6
NZL,diet,afford,91.07548371855614,6
NZL,glp1,0.20,607.0304892142447,6
NZL,glp1,0.50,1518.0320681705691,6
NZL,glp1,afford,3037.58900172375,6
ROU,combo,0.20,6624.815271882731,6
ROU,combo,0.50,13596.5759907295,6
ROU,combo,afford,25271.7623711236,6
ROU,diet,0.20,1990.572168493812,6
ROU,diet,0.50,1990.572168493812,6
ROU,diet,afford,1990.572168493812,6
ROU,glp1,0.20,4657.948625513024,6
ROU,glp1,0.50,11665.210111351606,6
ROU,glp1,afford,23399.40781867169,6
TUR,combo,0.20,12566.653217780557,6
TUR,combo,0.50,29694.59949791702,6
TUR,combo,afford,58326.49287737473,6
TUR,diet,0.20,1168.9133965329402,6
TUR,diet,0.50,1168.9133965329402,6
TUR,diet,afford,1168.9133965329402,6
TUR,glp1,0.20,11417.763451267178,6
TUR,glp1,0.50,28575.58928336251,6
TUR,glp1,afford,57256.8604197922,6
USA,combo,0.20,51524.55399031754,6
USA,combo,0.50,119868.93392864626,6
USA,combo,afford,233899.23939793263,6
USA,diet,0.20,5992.063410013958,6
USA,diet,0.50,5992.063410013958,6
USA,diet,afford,5992.063410013958,6
USA,glp1,0.20,45635.27308499264,6
USA,glp1,0.50,114132.7409167093,6
USA,glp1,afford,228415.27286974224,6
ZAF,combo,0.20,2987.593397866372,6
ZAF,combo,0.50,7415.0372809390465,6
ZAF,combo,afford,11846.98510263368,6
ZAF,diet,0.20,38.445476481361766,6
ZAF,diet,0.50,38.445476481361766,6
ZAF,diet,afford,38.445476481361766,6
ZAF,glp1,0.20,2949.683374147935,6
ZAF,glp1,0.50,7377.926078869034,6
ZAF,glp1,afford,11810.667467739042,6
AUS,combo,0.20,3007.414434379798,7
AUS,combo,0.50,6714.374257850315,7
AUS,combo,afford,12901.264687850646,7
AUS,diet,0.20,538.2383885698223,7
AUS,diet,0.50,538.2383885698223,7
AUS,diet,afford,538.2383885698223,7
AUS,glp1,0.20,2477.6879312513183,7
AUS,glp1,0.50,6197.337658457784,7
AUS,glp1,afford,12405.1679418983,7
BGD,combo,0.20,12700.236826269953,7
BGD,combo,0.50,21672.159045480414,7
BGD,combo,afford,30655.80862708128,7
BGD,diet,0.20,6725.436697961811,7
BGD,diet,0.50,6725.436697961811,7
BGD,diet,afford,6725.436697961811,7
BGD,glp1,0.20,6011.405062610173,7
BGD,glp1,0.50,15038.14626452621,7
BGD,glp1,afford,24076.50824421308,7
BGR,combo,0.20,3678.250361746761,7
BGR,combo,0.50,7649.788246163445,7
BGR,combo,afford,14300.211798627448,7
BGR,diet,0.20,1038.231548759043,7
BGR,diet,0.50,1038.231548759043,7
BGR,diet,afford,1038.231548759043,7
BGR,glp1,0.20,2653.023004904818,7
BGR,glp1,0.50,6644.025439176336,7
BGR,glp1,afford,13326.7755654426,7
BRA,combo,0.20,23791.54721181051,7
BRA,combo,0.50,52894.13350157084,7
BRA,combo,afford,101416.65625718648,7
BRA,diet,0.20,4394.356532053556,7
BRA,diet,0.50,4394.356532053556,7
BRA,diet,afford,4394.356532053556,7
BRA,glp1,0.20,19466.031923023605,7
BRA,glp1,0.50,48671.18206072284,7
BRA,glp1,afford,97362.77162749432,7
CAN,combo,0.20,4728.343137342518,7
CAN,combo,0.50,11028.299459450487,7
CAN,combo,afford,21542.634350507196,7
CAN,diet,0.20,531.9515342336672,7
CAN,diet,0.50,531.9515342336672,7
CAN,diet,afford,531.9515342336672,7
CAN,glp1,0.20,4204.5155907958815,7
CAN,glp1,0.50,10516.580617566182,7
CAN,glp1,afford,21050.889278624338,7
CHN,combo,0.20,169645.3725778897,7
CHN,combo,0.50,327646.5906250931,7
CHN,combo,afford,591251.2433582499,7
CHN,diet,0.20,64378.32579133894,7
CHN,diet,0.50,64378.32579133894,7
CHN,diet,afford,64378.32579133894,7
CHN,glp1,0.20,105731.92199455052,7
CHN,glp1,0.50,264428.55516397714,7
CHN,glp1,afford,529187.1469022683,7
DEU,combo,0.20,19533.44563170057,7
DEU,combo,0.50,45005.83987986614,7
DEU,combo,afford,87513.99009259732,7
DEU,diet,0.20,2565.316268409992,7
DEU,diet,0.50,2565.316268409992,7
DEU,diet,afford,2565.316268409992,7
DEU,glp1,0.20,17006.930742206223,7
DEU,glp1,0.50,42537.20191368684,7
DEU,glp1,afford,85140.93762902098,7
EGY,combo,0.20,25098.40316266541,7
EGY,combo,0.50,59781.49747616038,7
EGY,combo,afford,117950.47430335572,7
EGY,diet,0.20,2065.1345903343936,7
EGY,diet,0.50,2065.1345903343936,7
EGY,diet,afford,2065.1345903343936,7
EGY,glp1,0.20,23068.89589803152,7
EGY,glp1,0.50,57805.23378893967,7
EGY,glp1,afford,116062.41159751583,7
GBR,combo,0.20,10708.01986895276,7
GBR,combo,0.50,24656.83139934608,7
GBR,combo,afford,47933.74594984617,7
GBR,diet,0.20,1415.9897344032925,7
GBR,diet,0.50,1415.9897344032925,7
GBR,diet,afford,1415.9897344032925,7
GBR,glp1,0.20,9314.952251523824,7
GBR,glp1,0.50,23297.914207518515,7
GBR,glp1,afford,46631.12019453467,7
GLB,combo,0.20,800599.8302802439,7
GLB,combo,0.50,1630433.2281047355,7
GLB,combo,afford,3014861.233219841,7
GLB,diet,0.20,247719.08832782728,7
GLB,diet,0.50,247719.08832782728,7
GLB,diet,afford,247719.08832782728,7
GLB,glp1,0.20,555125.0153585714,7
GLB,glp1,0.50,1388312.8839992136,7
GLB,glp1,afford,2778299.668443812,7
IND,combo,0.20,78872.2907360467,7
IND,combo,0.50,144854.70623224066,7
IND,combo,afford,254908.4201286194,7
IND,diet,0.20,34904.69510581921,7
IND,diet,0.50,34904.69510581921,7
IND,diet,afford,34904.69510581921,7
IND,glp1,0.20,44121.45887685529,7
IND,glp1,0.50,110334.3101340794,7
IND,glp1,afford,220771.12286453092,7
ISR,combo,0.20,694.0342839706802,7
ISR,combo,0.50,1588.990065554692,7
ISR,combo,afford,3081.9911227676844,7
ISR,diet,0.20,97.74696578827296,7
ISR,diet,0.50,97.74696578827296,7
ISR,diet,afford,97.74696578827296,7
ISR,glp1,0.20,597.9260293617665,7
ISR,glp1,0.50,1495.3233673220266,7
ISR,glp1,afford,2992.349330163955,7
JPN,combo,0.20,11048.58646126288,7
JPN,combo,0.50,22965.190177071425,7
JPN,combo,afford,42832.40018443917,7
JPN,diet,0.20,3105.727920829151,7
JPN,diet,0.50,3105.727920829151,7
JPN,diet,afford,3105.727920829151,7
JPN,glp1,0.20,7966.038278976386,7
JPN,glp1,0.50,19917.30813835395,7
JPN,glp1,afford,39842.01854422738,7
MEX,combo,0.20,14483.239344275253,7
MEX,combo,0.50,34515.93126420598,7
MEX,combo,afford,67995.76868274166,7
MEX,diet,0.20,1150.887944583479,7
MEX,diet,0.50,1150.887944583479,7
MEX,diet,afford,1150.887944583479,7
MEX,glp1,0.20,13352.389842750948,7
MEX,glp1,0.50,33414.96234788574,7
MEX,glp1,afford,66944.12414608926,7
NGA,combo,0.20,6199.171390986434,7
NGA,combo,0.50,15027.73623472359,7
NGA,combo,afford,12082.818947682776,7
NGA,diet,0.20,323.73906973604244,7
NGA,diet,0.50,323.73906973604244,7
NGA,diet,afford,323.73906973604244,7
NGA,glp1,0.20,5878.581785487048,7
NGA,glp1,0.50,14711.85383162928,7
NGA,glp1,afford,11765.369749431862,7
NZL,combo,0.20,874.8971500746375,7
NZL,combo,0.50,1971.5656498277756,7
NZL,combo,afford,3801.270412125136,7
NZL,diet,0.20,144.26292315152102,7
NZL,diet,0.50,144.26292315152102,7
NZL,diet,afford,144.26292315152102,7
NZL,glp1,0.20,733.0076225223788,7
NZL,glp1,0.50,1833.215277026687,7
NZL,glp1,afford,3668.762020090781,7
ROU,combo,0.20,8453.846875702016,7
ROU,combo,0.50,16616.169091546548,7
ROU,combo,afford,30289.957922526963,7
ROU,diet,0.20,3029.3784271953564,7
ROU,diet,0.50,3029.3784271953564,7
ROU,diet,afford,3029.3784271953564,7
ROU,glp1,0.20,5459.43697099708,7
ROU,glp1,0.50,13674.158078903509,7
ROU,glp1,afford,27435.13090088709,7
TUR,combo,0.20,15511.05432628827,7
TUR,combo,0.50,36068.55888307076,7
TUR,combo,afford,70445.44170903577,7
TUR,diet,0.20,1834.02789759754,7
TUR,diet,0.50,1834.02789759754,7
TUR,diet,afford,1834.02789759754,7
TUR,glp1,0.20,13707.865140139247,7
TUR,glp1,0.50,34311.41456137887,7
TUR,glp1,afford,68764.46119697962,7
USA,combo,0.20,64582.55341903838,7
USA,combo,0.50,147152.57349821122,7
USA,combo,afford,284952.1340205916,7
USA,diet,0.20,9581.062701333773,7
USA,diet,0.50,9581.062701333773,7
USA,diet,afford,9581.062701333773,7
USA,glp1,0.20,55163.73256174776,7
USA,glp1,0.50,137975.51905284892,7
USA,glp1,afford,276173.72383504093,7
ZAF,combo,0.20,3612.1727966605713,7
ZAF,combo,0.50,8943.829246441,7
ZAF,combo,afford,14282.398487390155,7
ZAF,diet,0.20,61.53473527556616,7
ZAF,diet,0.50,61.53473527556616,7
ZAF,diet,afford,61.53473527556616,7
ZAF,glp1,0.20,3551.483346368361,7
ZAF,glp1,0.50,8884.401302038134,7
ZAF,glp1,afford,14224.224302320315,7
AUS,combo,0.20,3718.01381190895,8
AUS,combo,0.50,8088.886859447954,8
AUS,combo,afford,15384.86330686427,8
AUS,diet,0.20,806.8597753306431,8
AUS,diet,0.50,806.8597753306431,8
AUS,diet,afford,806.8597753306431,8
AUS,glp1,0.20,2923.750168159362,8
AUS,glp1,0.50,7313.410009383802,8
AUS,glp1,afford,14640.40790923568,8
BGD,combo,0.20,16902.113929801773,8
BGD,combo,0.50,27266.50737280316,8
BGD,combo,afford,37645.50234012242,8
BGD,diet,0.20,10000.583865378278,8
BGD,diet,0.50,10000.583865378278,8
BGD,diet,afford,10000.583865378278,8
BGD,glp1,0.20,6954.794861772228,8
BGD,glp1,0.50,17398.974371070577,8
BGD,glp1,afford,27857.621340529447,8
BGR,combo,0.20,4535.525900378669,8
BGR,combo,0.50,9088.199353174954,8
BGR,combo,afford,16714.905748338933,8
BGR,diet,0.20,1509.969725548238,8
BGR,diet,0.50,1509.969725548238,8
BGR,diet,afford,1509.969725548238,8
BGR,glp1,0.20,3043.9324051530366,8
BGR,glp1,0.50,7624.129832175025,8
BGR,glp1,afford,15296.597867418968,8
BRA,combo,0.20,29545.726390141677,8
BRA,combo,0.50,63893.10938620213,8
BRA,combo,afford,121169.13650028566,8
BRA,diet,0.20,6655.023904008594,8
BRA,diet,0.50,6655.023904008594,8
BRA,diet,afford,6655.023904008594,8
BRA,glp1,0.20,22993.956231676584,8
BRA,glp1,0.50,57495.22492039175,8
BRA,glp1,afford,115025.05564335769,8
CAN,combo,0.20,5705.026590365447,8
CAN,combo,0.50,13060.04215274052,8
CAN,combo,afford,25337.079256312296,8
CAN,diet,0.20,806.3197946245609,8
CAN,diet,0.50,806.3197946245609,8
CAN,diet,afford,806.3197946245609,8
CAN,glp1,0.20,4910.907943734829,8
CAN,glp1,0.50,12284.115036055344,8
CAN,glp1,afford,24591.17531432577,8
CHN,combo,0.20,219669.00704662048,8
CHN,combo,0.50,403398.83967235015,8
CHN,combo,afford,709970.6340629349,8
CHN,diet,0.20,97270.95291432606,8
CHN,diet,0.50,97270.95291432606,8
CHN,diet,afford,97270.95291432606,8
CHN,glp1,0.20,123090.09765628252,8
CHN,glp1,0.50,307855.3980357313,8
CHN,glp1,afford,616146.0040926273,8
DEU,combo,0.20,23487.365084272635,8
DEU,combo,0.50,53076.24535139221,8
DEU,combo,afford,102464.64781123635,8
DEU,diet,0.20,3779.730294075809,8
DEU,diet,0.50,3779.730294075809,8
DEU,diet,afford,3779.730294075809,8
DEU,glp1,0.20,19763.97343528127,8
DEU,glp1,0.50,49436.93087099385,8
DEU,glp1,afford,98964.29903239835,8
EGY,combo,0.20,29635.04026956568,8
EGY,combo,0.50,69676.5461455563,8
EGY,combo,afford,136866.03403685498,8
EGY,diet,0.20,3051.2700506741603,8
EGY,diet,0.50,3051.2700506741603,8
EGY,diet,afford,3051.2700506741603,8
EGY,glp1,0.20,26635.22151070616,8
EGY,glp1,0.50,66753.67576104088,8
EGY,glp1,afford,134070.7850944517,8
GBR,combo,0.20,12893.955872870098,8
GBR,combo,0.50,29093.469622995806,8
GBR,combo,afford,56131.22410834144,8
GBR,diet,0.20,2103.851558332096,8
GBR,diet,0.50,2103.851558332096,8
GBR,diet,afford,2103.851558332096,8
GBR,glp1,0.20,10823.778420956678,8
GBR,glp1,0.50,27073.480970531346,8
GBR,glp1,afford,54194.01531984903,8
GLB,combo,0.20,1016003.2166850604,8
GLB,combo,0.50,1982158.8489377808,8
GLB,combo,afford,3594248.01194973,8
GLB,diet,0.20,372354.4999000197,8
GLB,diet,0.50,372354.4999000197,8
GLB,diet,afford,372354.4999000197,8
GLB,glp1,0.20,646978.5116716485,8
GLB,glp1,0.50,1618112.354652286,8
GLB,glp1,afford,3238454.315933632,8
IND,combo,0.20,103224.21473528336,8
IND,combo,0.50,179959.10966677917,8
IND,combo,afford,307959.92041503574,8
IND,diet,0.20,52094.83905834218,8
IND,diet,0.50,52094.83905834218,8
IND,diet,afford,52094.83905834218,8
IND,glp1,0.20,51355.05048177127,8
IND,glp1,0.50,128427.98024586932,8
IND,glp1,afford,256990.90452277265,8
ISR,combo,0.20,855.3411545021165,8
ISR,combo,0.50,1917.6179732592827,8
ISR,combo,afford,3690.09719679488,8
ISR,diet,0.20,147.65752583296037,8
ISR,diet,0.50,147.65752583296037,8
ISR,diet,afford,147.65752583296037,8
ISR,glp1,0.20,710.1349293369724,8
ISR,glp1,0.50,1776.0654446313383,8
ISR,glp1,afford,3554.571617450061,8
JPN,combo,0.20,13804.354657447744,8
JPN,combo,0.50,27621.871523117537,8
JPN,combo,afford,50659.96563656432,8
JPN,diet,0.20,4594.889632883871,8
JPN,diet,0.50,4594.889632883871,8
JPN,diet,afford,4594.889632883871,8
JPN,glp1,0.20,9243.39018893526,8
JPN,glp1,0.50,23111.652320017434,8
JPN,glp1,afford,46233.941056363416,8
MEX,combo,0.20,17420.922137598754,8
MEX,combo,0.50,40967.9594999795,8
MEX,combo,afford,80333.75543201398,8
MEX,diet,0.20,1752.7424660374727,8
MEX,diet,0.50,1752.7424660374727,8
MEX,diet,afford,1752.7424660374727,8
MEX,glp1,0.20,15698.276698675196,8
MEX,glp1,0.50,39290.21882619465,8
MEX,glp1,afford,78730.2070100885,8
NGA,combo,0.20,7297.597805751464,8
NGA,combo,0.50,17531.627381380094,8
NGA,combo,afford,14117.641342893348,8
NGA,diet,0.20,488.0738787365808,8
NGA,diet,0.50,488.0738787365808,8
NGA,diet,afford,488.0738787365808,8
NGA,glp1,0.20,6814.200457419038,8
NGA,glp1,0.50,17055.221579786332,8
NGA,glp1,afford,13638.908135611597,8
NZL,combo,0.20,1074.7829090178784,8
NZL,combo,0.50,2365.8157047858444,8
NZL,combo,afford,4520.220273750005,8
NZL,diet,0.20,214.760702520094,8
NZL,diet,0.50,214.760702520094,8
NZL,diet,afford,214.760702520094,8
NZL,glp1,0.20,863.4999678074,8
NZL,glp1,0.50,2159.721559575893,8
NZL,glp1,afford,4322.698652798601,8
ROU,combo,0.20,10550.353448228552,8
ROU,combo,0.50,19894.44100765433,8
ROU,combo,afford,35552.58052912509,8
ROU,diet,0.20,4341.623174967794,8
ROU,diet,0.50,4341.623174967794,8
ROU,diet,afford,4341.623174967794,8
ROU,glp1,0.20,6257.38001314132,8
ROU,glp1,0.50,15674.407097972617,8
ROU,glp1,afford,31454.015143632703,8
TUR,combo,0.20,18736.520602306664,8
TUR,combo,0.50,42830.984656024455,8
TUR,combo,afford,83134.51746950058,8
TUR,diet,0.20,2709.252071804807,8
TUR,diet,0.50,2709.252071804807,8
TUR,diet,afford,2709.252071804807,8
TUR,glp1,0.20,16072.007880872055,8
TUR,glp1,0.50,40233.308773015546,8
TUR,glp1,afford,80647.49729309985,8
USA,combo,0.20,79180.83011678883,8
USA,combo,0.50,176459.01035727307,8
USA,combo,afford,338843.03041361726,8
USA,diet,0.20,14391.370731837356,8
USA,diet,0.50,14391.370731837356,8
USA,diet,afford,14391.370731837356,8
USA,glp1,0.20,65029.944278323885,8
USA,glp1,0.50,162666.657166671,8
USA,glp1,afford,325642.31052127207,8
ZAF,combo,0.20,4262.333265698832,8
ZAF,combo,0.50,10525.033275701837,8
ZAF,combo,afford,16797.467318085262,8
ZAF,diet,0.20,92.53996744422966,8
ZAF,diet,0.50,92.53996744422966,8
ZAF,diet,afford,92.53996744422966,8
ZAF,glp1,0.20,4171.046915749213,8
ZAF,glp1,0.50,10435.618473981478,8
ZAF,glp1,afford,16709.913350862338,8
AUS,combo,0.20,4519.021447219945,9
AUS,combo,0.50,9580.687094985267,9
AUS,combo,afford,18030.80850537172,9
AUS,diet,0.20,1148.0341453300898,9
AUS,diet,0.50,1148.0341453300898,9
AUS,diet,afford,1148.0341453300898,9
AUS,glp1,0.20,3388.6786739593,9
AUS,glp1,0.50,8476.741354972843,9
AUS,glp1,afford,16970.479313544492,9
BGD,combo,0.20,21960.62953249623,9
BGD,combo,0.50,33740.25042691748,9
BGD,combo,afford,45537.42498577388,9
BGD,diet,0.20,14117.240738569348,9
BGD,diet,0.50,14117.240738569348,9
BGD,diet,afford,14117.240738569348,9
BGD,glp1,0.20,7916.950761054059,9
BGD,glp1,0.50,19806.78482531998,9
BGD,glp1,afford,31714.015849827403,9
BGR,combo,0.20,5489.0010835423545,9
BGR,combo,0.50,10615.631198249246,9
BGR,combo,afford,19206.918767444684,9
BGR,diet,0.20,2082.756350109414,9
BGR,diet,0.50,2082.756350109414,9
BGR,diet,afford,2082.756350109414,9
BGR,glp1,0.20,3430.8824995156638,9
BGR,glp1,0.50,8594.438913835826,9
BGR,glp1,afford,17247.184578899178,9
BRA,combo,0.20,36071.40577230953,9
BRA,combo,0.50,75851.82093962879,9
BRA,combo,afford,142197.38437204706,9
BRA,diet,0.20,9562.270029474796,9
BRA,diet,0.50,9562.270029474796,9
BRA,diet,afford,9562.270029474796,9
BRA,glp1,0.20,26655.987910886568,9
BRA,glp1,0.50,66655.3413372262,9
BRA,glp1,afford,133362.1983360351,9
CAN,combo,0.20,6777.684746217851,9
CAN,combo,0.50,15213.729211500253,9
CAN,combo,afford,29297.08284895848,9
CAN,diet,0.20,1159.431399967535,9
CAN,diet,0.50,1159.431399967535,9
CAN,diet,afford,1159.431399967535,9
CAN,glp1,0.20,5635.632181593595,9
CAN,glp1,0.50,14097.596200657812,9
CAN,glp1,afford,28223.74919979398,9
CHN,combo,0.20,279260.4922583153,9
CHN,combo,0.50,489135.1861558745,9
CHN,combo,afford,839372.788359719,9
CHN,diet,0.20,139455.14393252163,9
CHN,diet,0.50,139455.14393252163,9
CHN,diet,afford,139455.14393252163,9
CHN,glp1,0.20,140782.83353980974,9
CHN,glp1,0.50,352120.3990992523,9
CHN,glp1,afford,704787.1096397273,9
DEU,combo,0.20,27755.07564076358,9
DEU,combo,0.50,61494.0364016352,9
DEU,combo,afford,117820.13468086348,9
DEU,diet,0.20,5285.896853578372,9
DEU,diet,0.50,5285.896853578372,9
DEU,diet,afford,5285.896853578372,9
DEU,glp1,0.20,22546.845374884648,9
DEU,glp1,0.50,56401.7662347564,9
DEU,glp1,afford,112919.67142124812,9
EGY,combo,0.20,34466.967329650986,9
EGY,combo,0.50,79937.3028167254,9
EGY,combo,afford,156269.34468895424,9
EGY,diet,0.20,4286.8687432544975,9
EGY,diet,0.50,4286.8687432544975,9
EGY,diet,afford,4286.8687432544975,9
EGY,glp1,0.20,30250.762967916904,9
EGY,glp1,0.50,75826.856184674,9
EGY,glp1,afford,152334.50312909903,9
GBR,combo,0.20,15270.574908821902,9
GBR,combo,0.50,33744.536536566666,9
GBR,combo,afford,64583.525648042734,9
GBR,diet,0.20,2966.76767621416,9
GBR,diet,0.50,2966.76767621416,9
GBR,diet,afford,2966.76767621416,9
GBR,glp1,0.20,12350.753993580463,9
GBR,glp1,0.50,30894.713012899258,9
GBR,glp1,afford,61849.22435782412,9
GLB,combo,0.20,1267215.8285535923,9
GLB,combo,0.50,2372097.4853633386,9
GLB,combo,afford,4215890.389783537,9
GLB,diet,0.20,531205.541761056,9
GLB,diet,0.50,531205.541761056,9
GLB,diet,afford,531205.541761056,9
GLB,glp1,0.20,740698.1153641477,9
GLB,glp1,0.50,1852590.0167046173,9
GLB,glp1,afford,3708008.932017251,9
IND,combo,0.20,132172.50588469446,9
IND,combo,0.50,219830.14124884972,9
IND,combo,afford,366063.5314213672,9
IND,diet,0.20,73768.26598441941,9
IND,diet,0.50,73768.26598441941,9
IND,diet,afford,73768.26598441941,9
IND,glp1,0.20,58718.23979504928,9
IND,glp1,0.50,146846.278040015,9
IND,glp1,afford,293862.07412388345,9
ISR,combo,0.20,1036.4638781911397,9
ISR,combo,0.50,2274.528057380242,9
ISR,combo,afford,4340.716767477167,9
ISR,diet,0.20,211.7695597467989,9
ISR,diet,0.50,211.7695597467989,9
ISR,diet,afford,211.7695597467989,9
ISR,glp1,0.20,828.1744397478718,9
ISR,glp1,0.50,2071.427817038476,9
ISR,glp1,afford,4146.181761111029,9
JPN,combo,0.20,16932.696685288513,9
JPN,combo,0.50,32663.56195210966,9
JPN,combo,afford,58893.77167633667,9
JPN,diet,0.20,6448.459726710473,9
JPN,diet,0.50,6448.459726710473,9
JPN,diet,afford,6448.459726710473,9
JPN,glp1,0.20,10531.32361205204,9
JPN,glp1,0.50,26332.63306805749,9
JPN,glp1,afford,52679.75318612333,9
MEX,combo,0.20,20632.244623277704,9
MEX,combo,0.50,47841.86064077076,9
MEX,combo,afford,93343.97577253325,9
MEX,diet,0.20,2530.2211935613104,9
MEX,diet,0.50,2530.2211935613104,9
MEX,diet,afford,2530.2211935613104,9
MEX,glp1,0.20,18144.854186439017,9
MEX,glp1,0.50,45418.40909072675,9
MEX,glp1,afford,91026.25955265768,9
NGA,combo,0.20,8470.305643960468,9
NGA,combo,0.50,20151.39548377981,9
NGA,combo,afford,16254.442016501633,9
NGA,diet,0.20,699.1236390441736,9
NGA,diet,0.50,699.1236390441736,9
NGA,diet,afford,699.1236390441736,9
NGA,glp1,0.20,7777.779158839612,9
NGA,glp1,0.50,19468.734653987824,9
NGA,glp1,afford,15568.496659607788,9
NZL,combo,0.20,1297.210907429921,9
NZL,combo,0.50,2788.913739719428,9
NZL,combo,afford,5278.626988226795,9
NZL,diet,0.20,303.6215930929294,9
NZL,diet,0.50,303.6215930929294,9
NZL,diet,afford,303.6215930929294,9
NZL,glp1,0.20,998.4296961600528,9
NZL,glp1,0.50,2497.3581424379727,9
NZL,glp1,afford,4999.01908692013,9
ROU,combo,0.20,12905.695499459767,9
ROU,combo,0.50,23423.374421287084,9
ROU,combo,afford,41052.669940144086,9
ROU,diet,0.20,5918.257125572911,9
ROU,diet,0.50,5918.257125572911,9
ROU,diet,afford,5918.257125572911,9
ROU,glp1,0.20,7051.887664005386,9
ROU,glp1,0.50,17666.243223013335,9
ROU,glp1,afford,35456.670688935104,9
TUR,combo,0.20,22256.43753325994,9
TUR,combo,0.50,49997.8632706783,9
TUR,combo,afford,96414.09078826771,9
TUR,diet,0.20,3806.2527184759456,9
TUR,diet,0.50,3806.2527184759456,9
TUR,diet,afford,3806.2527184759456,9
TUR,glp1,0.20,18511.940881280985,9
TUR,glp1,0.50,46345.67400744748,9
TUR,glp1,afford,92914.85796433216,9
USA,combo,0.20,95405.2879634536,9
USA,combo,0.50,207852.15698948517,9
USA,combo,afford,395599.8449080286,9
USA,diet,0.20,20523.71673334379,9
USA,diet,0.50,20523.71673334379,9
USA,diet,afford,20523.71673334379,9
USA,glp1,0.20,75219.92556874867,9
USA,glp1,0.50,188171.47606321983,9
USA,glp1,afford,376752.5974385285,9
ZAF,combo,0.20,4938.943316270911,9
ZAF,combo,0.50,12159.818904141495,9
ZAF,combo,afford,19393.65078736584,9
ZAF,diet,0.20,132.12233586941238,9
ZAF,diet,0.50,132.12233586941238,9
ZAF,diet,afford,132.12233586941238,9
ZAF,glp1,0.20,4808.585943164751,9
ZAF,glp1,0.50,12032.09734983142,9
ZAF,glp1,afford,19268.551017825677,9
AUS,combo,0.20,5411.464489879443,10
AUS,combo,0.50,11190.36864346639,10
AUS,combo,afford,20839.00828624776,10
AUS,diet,0.20,1563.0868900210985,10
AUS,diet,0.50,1563.0868900210985,10
AUS,diet,afford,1563.0868900210985,10
AUS,glp1,0.20,3872.1559970720655,10
AUS,glp1,0.50,9686.553689951415,10
AUS,glp1,afford,19393.877962175386,10
BGD,combo,0.20,27877.37306396335,10
BGD,combo,0.50,41098.34475968778,10
BGD,combo,afford,54339.88253898188,10
BGD,diet,0.20,19074.74235400556,10
BGD,diet,0.50,19074.74235400556,10
BGD,diet,afford,19074.74235400556,10
BGD,glp1,0.20,8899.855760680362,10
BGD,glp1,0.50,22266.52407563352,10
BGD,glp1,afford,35653.58808911752,10
BGR,combo,0.20,6529.334229539324,10
BGR,combo,0.50,12222.334866490404,10
BGR,combo,afford,21765.762625785654,10
BGR,diet,0.20,2747.5067526169078,10
BGR,diet,0.50,2747.5067526169078,10
BGR,diet,afford,2747.5067526169078,10
BGR,glp1,0.20,3813.437954396437,10
BGR,glp1,0.50,9553.844189874177,10
BGR,glp1,afford,19176.249001581804,10
BRA,combo,0.20,43398.00219663278,10
BRA,combo,0.50,88798.06826591698,10
BRA,combo,afford,164526.5098908326,10
BRA,diet,0.20,13146.590948498822,10
BRA,diet,0.50,13146.590948498822,10
BRA,diet,afford,13146.590948498822,10
BRA,glp1,0.20,30451.178375952502,10
BRA,glp1,0.50,76149.17531888899,10
BRA,glp1,afford,152369.53798418457,10
CAN,combo,0.20,7949.958192867128,10
CAN,combo,0.50,17493.17670393589,10
CAN,combo,afford,33426.75166509386,10
CAN,diet,0.20,1594.8096066831358,10
CAN,diet,0.50,1594.8096066831358,10
CAN,diet,afford,1594.8096066831358,10
CAN,glp1,0.20,6378.825179546417,10
CAN,glp1,0.50,15957.367060542663,10
CAN,glp1,afford,31949.298732671377,10
CHN,combo,0.20,348803.708425014,10
CHN,combo,0.50,585284.391864714,10
CHN,combo,afford,979960.2931112108,10
CHN,diet,0.20,191284.6182449939,10
CHN,diet,0.50,191284.6182449939,10
CHN,diet,afford,191284.6182449939,10
CHN,glp1,0.20,158840.00940718656,10
CHN,glp1,0.50,397297.9491285108,10
CHN,glp1,afford,795258.1978846845,10
DEU,combo,0.20,32336.95608883472,10
DEU,combo,0.50,70265.60854001353,10
DEU,combo,afford,133596.68527443943,10
DEU,diet,0.20,7080.138107044892,10
DEU,diet,0.50,7080.138107044892,10
DEU,diet,afford,7080.138107044892,10
DEU,glp1,0.20,25359.41198007194,10
DEU,glp1,0.50,63441.310093963104,10
DEU,glp1,afford,127026.0473811718,10
EGY,combo,0.20,39603.35404766366,10
EGY,combo,0.50,90585.93823827464,10
EGY,combo,afford,176203.79499529803,10
EGY,diet,0.20,5772.320954503597,10
EGY,diet,0.50,5772.320954503597,10
EGY,diet,afford,5772.320954503597,10
EGY,glp1,0.20,33924.07448604224,10
EGY,glp1,0.50,85046.00146089916,10
EGY,glp1,afford,170895.48645868187,10
GBR,combo,0.20,17837.477981698335,10
GBR,combo,0.50,38608.99570814638,10
GBR,combo,afford,73288.50479755395,10
GBR,diet,0.20,4004.752756845688,10
GBR,diet,0.50,4004.752756845688,10
GBR,diet,afford,4004.752756845688,10
GBR,glp1,0.20,13895.379525073213,10
GBR,glp1,0.50,34760.34918297855,10
GBR,glp1,afford,69594.18142897692,10
GLB,combo,0.20,1555388.7308109626,10
GLB,combo,0.50,2801541.574710112,10
GLB,combo,afford,4881312.790467936,10
GLB,diet,0.20,725328.1420947993,10
GLB,diet,0.50,725328.1420947993,10
GLB,diet,afford,725328.1420947993,10
GLB,glp1,0.20,836376.6211544836,10
GLB,glp1,0.50,2091976.8047505403,10
GLB,glp1,afford,4187421.798600813,10
IND,combo,0.20,165758.45283407983,10
IND,combo,0.50,264522.2750607633,10
IND,combo,afford,429295.408429958,10
IND,diet,0.20,99957.4011756739,10
IND,diet,0.50,99957.4011756739,10
IND,diet,afford,99957.4011756739,10
IND,glp1,0.20,66219.10326394498,10
IND,glp1,0.50,165609.29563828974,10
IND,glp1,afford,331424.4837445176,10
ISR,combo,0.20,1238.0178374593502,10
ISR,combo,0.50,2660.3339999632585,10
ISR,combo,afford,5034.475742898083,10
ISR,diet,0.20,290.703297911935,10
ISR,diet,0.50,290.703297911935,10
ISR,diet,afford,290.703297911935,10
ISR,glp1,0.20,952.042642854486,10
ISR,glp1,0.50,2381.4115927608364,10
ISR,glp1,afford,4767.201854586221,10
JPN,combo,0.20,20424.85223263756,10
JPN,combo,0.50,38078.48236517573,10
JPN,combo,afford,67517.03309831678,10
JPN,diet,0.20,8659.696402540005,10
JPN,diet,0.50,8659.696402540005,10
JPN,diet,afford,8659.696402540005,10
JPN,glp1,0.20,11827.68987955165,10
JPN,glp1,0.50,29574.88958471676,10
JPN,glp1,afford,59168.77087521632,10
MEX,combo,0.20,24130.17758116101,10
MEX,combo,0.50,55156.83019028322,10
MEX,combo,afford,107056.30205386912,10
MEX,diet,0.20,3492.2201719365603,10
MEX,diet,0.50,3492.2201719365603,10
MEX,diet,afford,3492.2201719365603,10
MEX,glp1,0.20,20696.220030684595,10
MEX,glp1,0.50,51809.89608163769,10
MEX,glp1,afford,103853.40521813672,10
NGA,combo,0.20,9724.983147959038,10
NGA,combo,0.50,22902.720563074792,10
NGA,combo,afford,18506.23879393714,10
NGA,diet,0.20,959.2401063008692,10
NGA,diet,0.50,959.2401063008692,10
NGA,diet,afford,959.2401063008692,10
NGA,glp1,0.20,8774.657275736901,10
NGA,glp1,0.50,21965.728984220503,10
NGA,glp1,afford,17564.807411716378,10
NZL,combo,0.20,1542.204483240543,10
NZL,combo,0.50,3240.696367392564,10
NZL,combo,afford,6076.020068372845,10
NZL,diet,0.20,410.9944774575001,10
NZL,diet,0.50,410.9944774575001,10
NZL,diet,afford,410.9944774575001,10
NZL,glp1,0.20,1137.6619131300909,10
NZL,glp1,0.50,2845.78993685541,10
NZL,glp1,afford,5697.060174743321,10
ROU,combo,0.20,15496.57448855599,10
ROU,combo,0.50,27179.57579633984,10
ROU,combo,afford,46766.64541230693,10
ROU,diet,0.20,7736.037663056461,10
ROU,diet,0.50,7736.037663056461,10
ROU,diet,afford,7736.037663056461,10
ROU,glp1,0.20,7842.503072389863,10
ROU,glp1,0.50,19648.515260346736,10
ROU,glp1,afford,39440.76586456973,10
TUR,combo,0.20,26073.28145571686,10
TUR,combo,0.50,57572.69062668407,10
TUR,combo,afford,110289.42307901644,10
TUR,diet,0.20,5126.843684272522,10
TUR,diet,0.50,5126.843684272522,10
TUR,diet,afford,5126.843684272522,10
TUR,glp1,0.20,21028.20686228143,10
TUR,glp1,0.50,52649.89917970277,10
TUR,glp1,afford,105569.4256416996,10
USA,combo,0.20,113277.97391307083,10
USA,combo,0.50,241327.70368212124,10
USA,combo,afford,455174.9332804406,10
USA,diet,0.20,28017.865740529123,10
USA,diet,0.50,28017.865740529123,10
USA,diet,afford,28017.865740529123,10
USA,glp1,0.20,85715.75943742067,10
USA,glp1,0.50,214445.44295267903,10
USA,glp1,afford,429416.3902303298,10
ZAF,combo,0.20,5642.361289213054,10
ZAF,combo,0.50,13848.66659971151,10
ZAF,combo,afford,22071.54122639428,10
ZAF,diet,0.20,180.55272044507456,10
ZAF,diet,0.50,180.55272044507456,10
ZAF,diet,afford,180.55272044507456,10
ZAF,glp1,0.20,5464.187116216141,10
ZAF,glp1,0.50,13674.045712193956,10
ZAF,glp1,afford,21900.45607106499,10
AUS,combo,0.20,6393.4063321670765,11
AUS,combo,0.50,12915.236997545016,11
AUS,combo,afford,23805.53770514195,11
AUS,diet,0.20,2050.594829168434,11
AUS,diet,0.50,2050.594829168434,11
AUS,diet,afford,2050.594829168434,11
AUS,glp1,0.20,4373.611790357538,11
AUS,glp1,0.50,10941.435127495362,11
AUS,glp1,afford,21907.82680649455,11
BGD,combo,0.20,34621.86542479003,11
BGD,combo,0.50,49312.939492030935,11
BGD,combo,afford,64027.64032933259,11
BGD,diet,0.20,24840.850957195216,11
BGD,diet,0.50,24840.850957195216,11
BGD,diet,afford,24840.850957195216,11
BGD,glp1,0.20,9904.869526059896,11
BGD,glp1,0.50,24781.58429783144,11
BGD,glp1,afford,39681.75408844872,11
BGR,combo,0.20,7643.738527399971,11
BGR,combo,0.50,13895.19095692638,11
BGR,combo,afford,24377.70704580872,11
BGR,diet,0.20,3491.6422882914294,11
BGR,diet,0.50,3491.6422882914294,11
BGR,diet,afford,3491.6422882914294,11
BGR,glp1,0.20,4191.202213074891,11
BGR,glp1,0.50,10501.334344689089,11
BGR,glp1,afford,21081.69991418441,11
BRA,combo,0.20,51531.74316491556,11
BRA,combo,0.50,102736.13662563422,11
BRA,combo,afford,188157.5790878992,11
BRA,diet,0.20,17415.51374656032,11
BRA,diet,0.50,17415.51374656032,11
BRA,diet,afford,17415.51374656032,11
BRA,glp1,0.20,34378.0036052181,11
BRA,glp1,0.50,85972.93997910415,11
BRA,glp1,afford,172039.5767928824,11
CAN,combo,0.20,9222.215343694765,11
CAN,combo,0.50,19898.39251774658,11
CAN,combo,afford,37725.49514635255,11
CAN,diet,0.20,2113.063886719535,11
CAN,diet,0.50,2113.063886719535,11
CAN,diet,afford,2113.063886719535,11
CAN,glp1,0.20,7140.223098777673,11
CAN,glp1,0.50,17862.770606089183,11
CAN,glp1,afford,35766.518116414765,11
CHN,combo,0.20,428323.7449263282,11
CHN,combo,0.50,691907.3501421607,11
CHN,combo,afford,1131853.0847312897,11
CHN,diet,0.20,252760.4423621208,11
CHN,diet,0.50,252760.4423621208,11
CHN,diet,afford,252760.4423621208,11
CHN,glp1,0.20,177283.02872857556,11
CHN,glp1,0.50,443441.3797531691,11
CHN,glp1,afford,887665.3264106526,11
DEU,combo,0.20,37224.477806036026,11
DEU,combo,0.50,79388.31356435864,11
DEU,combo,afford,149801.3899905621,11
DEU,diet,0.20,9149.990940289315,11
DEU,diet,0.50,9149.990940289315,11
DEU,diet,afford,9149.990940289315,11
DEU,glp1,0.20,28205.31324382331,11
DEU,glp1,0.50,70564.64726375078,11
DEU,glp1,afford,141301.54095377945,11
EGY,combo,0.20,45044.01859400034,11
EGY,combo,0.50,101633.76550840556,11
EGY,combo,afford,196699.5328500885,11
EGY,diet,0.20,7499.707610816269,11
EGY,diet,0.50,7499.707610816269,11
EGY,diet,afford,7499.707610816269,11
EGY,glp1,0.20,37662.56801988892,11
EGY,glp1,0.50,94429.53773033082,11
EGY,glp1,afford,189790.2145379692,11
GBR,combo,0.20,20587.77438806106,11
GBR,combo,0.50,43679.04964643619,11
GBR,combo,afford,82236.81277324582,11
GBR,diet,0.20,5211.510919084021,11
GBR,diet,0.50,5211.510919084021,11
GBR,diet,afford,5211.510919084021,11
GBR,glp1,0.20,15456.886187168482,11
GBR,glp1,0.50,38668.457348561205,11
GBR,glp1,afford,77424.98762329432,11
GLB,combo,0.20,1880428.7125675732,11
GLB,combo,0.50,3270511.8172086417,11
GLB,combo,afford,5590723.290348535,11
GLB,diet,0.20,954552.5470945572,11
GLB,diet,0.50,954552.5470945572,11
GLB,diet,afford,954552.5470945572,11
GLB,glp1,0.20,934078.0738228164,11
GLB,glp1,0.50,2336432.2221958404,11
GLB,glp1,afford,4677009.82970632,11
IND,combo,0.20,203862.6148393844,11
IND,combo,0.50,313928.088569191,11
IND,combo,afford,497567.9365988429,11
IND,diet,0.20,130534.73663285884,11
IND,diet,0.50,130534.73663285884,11
IND,diet,afford,130534.73663285884,11
IND,glp1,0.20,73864.34597531016,11
IND,glp1,0.50,184733.72292430728,11
IND,glp1,afford,369711.2682706148,11
ISR,combo,0.20,1460.015904674554,11
ISR,combo,0.50,3074.9388012096724,11
ISR,combo,afford,5771.1083008751175,11
ISR,diet,0.20,384.5483655921887,11
ISR,diet,0.50,384.5483655921887,11
ISR,diet,afford,384.5483655921887,11
ISR,glp1,0.20,1081.6572654124316,11
ISR,glp1,0.50,2705.8167227500044,11
ISR,glp1,afford,5417.250863533339,11
JPN,combo,0.20,24258.20705093451,11
JPN,combo,0.50,43840.80565989073,11
JPN,combo,afford,76498.57774074867,11
JPN,diet,0.20,11208.129451067747,11
JPN,diet,0.50,11208.129451067747,11
JPN,diet,afford,11208.129451067747,11
JPN,glp1,0.20,13130.127661938955,11
JPN,glp1,0.50,32832.523613990765,11
JPN,glp1,afford,65689.2156949012,11
MEX,combo,0.20,27920.07595285802,11
MEX,combo,0.50,62922.26932669175,11
MEX,combo,afford,121487.22251173554,11
MEX,diet,0.20,4641.481252725454,11
MEX,diet,0.50,4641.481252725454,11
MEX,diet,afford,4641.481252725454,11
MEX,glp1,0.20,23354.908236032737,11
MEX,glp1,0.50,58471.14766922433,11
MEX,glp1,afford,117225.0285841164,11
NGA,combo,0.20,11067.045581508277,11
NGA,combo,0.50,25797.806487105987,11
NGA,combo,afford,20882.97267720825,11
NGA,diet,0.20,1269.3127898619605,11
NGA,diet,0.50,1269.3127898619605,11
NGA,diet,afford,1269.3127898619605,11
NGA,glp1,0.20,9809.35037792728,11
NGA,glp1,0.50,24557.49389249492,11
NGA,glp1,afford,19636.871741930867,11
NZL,combo,0.20,1809.0776738818004,11
NZL,combo,0.50,3720.249052575144,11
NZL,combo,afford,6911.107854379989,11
NZL,diet,0.20,536.3467454531027,11
NZL,diet,0.50,536.3467454531027,11
NZL,diet,afford,536.3467454531027,11
NZL,glp1,0.20,1281.0246031521572,11
NZL,glp1,0.50,3204.5888836786,11
NZL,glp1,afford,6415.972360942566,11
ROU,combo,0.20,18292.35964442974,11
ROU,combo,0.50,31132.115940121952,11
ROU,combo,afford,52663.01723564249,11
ROU,diet,0.20,9764.517275028382,11
ROU,diet,0.50,9764.517275028382,11
ROU,diet,afford,9764.517275028382,11
ROU,glp1,0.20,8628.628867557281,11
ROU,glp1,0.50,21619.70670594545,11
ROU,glp1,afford,43403.19043739254,11
TUR,combo,0.20,30181.83153175047,11
TUR,combo,0.50,65550.1711621363,11
TUR,combo,afford,124755.15868012336,11
TUR,diet,0.20,6665.870782298867,11
TUR,diet,0.50,6665.870782298867,11
TUR,diet,afford,6665.870782298867,11
TUR,glp1,0.20,23620.5282937394,11
TUR,glp1,0.50,59145.32148821402,11
TUR,glp1,afford,118609.97544919096,11
USA,combo,0.20,132768.20611383702,11
USA,combo,0.50,276825.39522589603,11
USA,combo,afford,517459.2246147822,11
USA,diet,0.20,36862.96737590175,11
USA,diet,0.50,36862.96737590175,11
USA,diet,afford,36862.96737590175,11
USA,glp1,0.20,96496.63045750596,11
USA,glp1,0.50,241436.7346126687,11
USA,glp1,afford,483530.77064447966,11
ZAF,combo,0.20,6372.537778857069,11
ZAF,combo,0.50,15591.502258830971,11
ZAF,combo,afford,24831.028353424237,11
ZAF,diet,0.20,237.7915092659177,11
ZAF,diet,0.50,237.7915092659177,11
ZAF,diet,afford,237.7915092659177,11
ZAF,glp1,0.20,6137.836145909847,11
ZAF,glp1,0.50,15361.417961004272,11
ZAF,glp1,afford,24605.54027569885,11
AUS,combo,0.20,7460.995901578073,12
AUS,combo,0.50,14750.461658985569,12
AUS,combo,afford,26923.9606499392,12
AUS,diet,0.20,2607.3664600207885,12
AUS,diet,0.50,2607.3664600207885,12
AUS,diet,afford,2607.3664600207885,12
AUS,glp1,0.20,4892.30961142167,12
AUS,glp1,0.50,12239.556015512348,12
AUS,glp1,afford,24508.705060570355,12
BGD,combo,0.20,42144.57513446155,12
BGD,combo,0.50,58336.50758127271,12
BGD,combo,afford,74555.16893474857,12
BGD,diet,0.20,31364.695151368345,12
BGD,diet,0.50,31364.695151368345,12
BGD,diet,afford,31364.695151368345,12
BGD,glp1,0.20,10932.891260041595,12
BGD,glp1,0.50,27354.20992776186,12
BGD,glp1,afford,43802.09896422094,12
BGR,combo,0.20,8818.590200635466,12
BGR,combo,0.50,15620.367310944976,12
BGR,combo,afford,27028.521785083405,12
BGR,diet,0.20,4301.665920030549,12
BGR,diet,0.50,4301.665920030549,12
BGR,diet,afford,4301.665920030549,12
BGR,glp1,0.20,4563.8798311554965,12
BGR,glp1,0.50,11436.152022213138,12
BGR,glp1,afford,22961.95814849797,12
BRA,combo,0.20,60461.76746808524,12
BRA,combo,0.50,117652.83245464475,12
BRA,combo,afford,213073.5388479316,12
BRA,diet,0.20,22359.739336052557,12
BRA,diet,0.50,22359.739336052557,12
BRA,diet,afford,22359.739336052557,12
BRA,glp1,0.20,38434.44113789628,12
BRA,glp1,0.50,96121.6064883826,12
BRA,glp1,afford,192362.3471359528,12
CAN,combo,0.20,10592.40797724048,12
CAN,combo,0.50,22426.53913519061,12
CAN,combo,afford,42189.16348415705,12
CAN,diet,0.20,2712.6730790499014,12
CAN,diet,0.50,2712.6730790499014,12
CAN,diet,afford,2712.6730790499014,12
CAN,glp1,0.20,7919.247816590646,12
CAN,glp1,0.50,19812.36438274937,12
CAN,glp1,afford,39672.53171669865,12
CHN,combo,0.20,517588.4396427218,12
CHN,combo,0.50,808798.3993228005,12
CHN,combo,afford,1294889.2761942288,12
CHN,diet,0.20,323632.6922969485,12
CHN,diet,0.50,323632.6922969485,12
CHN,diet,afford,323632.6922969485,12
CHN,glp1,0.20,196125.6177218521,12
CHN,glp1,0.50,490584.9130094377,12
CHN,glp1,afford,982076.615116401,12
DEU,combo,0.20,42403.60705936013,12
DEU,combo,0.50,88852.87962922682,12
DEU,combo,afford,166432.94814935105,12
DEU,diet,0.20,11478.256542073212,12
DEU,diet,0.50,11478.256542073212,12
DEU,diet,afford,11478.256542073212,12
DEU,glp1,0.20,31087.378039914387,12
DEU,glp1,0.50,77778.86933841511,12
DEU,glp1,afford,155760.39690620708,12
EGY,combo,0.20,50783.44065490896,12
EGY,combo,0.50,113085.72112403276,12
EGY,combo,afford,217778.6802254577,12
EGY,diet,0.20,9456.48106118033,12
EGY,diet,0.50,9456.48106118033,12
EGY,diet,afford,9456.48106118033,12
EGY,glp1,0.20,41472.91491084726,12
EGY,glp1,0.50,103994.06423212812,12
EGY,glp1,afford,209051.60465904544,12
GBR,combo,0.20,23510.753176521983,12
GBR,combo,0.50,48942.985373021664,12
GBR,combo,afford,91415.02780549884,12
GBR,diet,0.20,6576.989743396181,12
GBR,diet,0.50,6576.989743396181,12
GBR,diet,afford,6576.989743396181,12
GBR,glp1,0.20,17034.39875959982,12
GBR,glp1,0.50,42616.83923467408,12
GBR,glp1,afford,85337.21161325529,12
GLB,combo,0.20,2241388.568112826,12
GLB,combo,0.50,3778147.776653619,12
GLB,combo,afford,6343404.3773717405,12
GLB,diet,0.20,1217873.295497929,12
GLB,diet,0.50,1217873.295497929,12
GLB,diet,afford,1217873.295497929,12
GLB,glp1,0.20,1033842.314140534,12
GLB,glp1,0.50,2586055.5299970284,12
GLB,glp1,afford,5176970.360328784,12
IND,combo,0.20,246268.33515709965,12
IND,combo,0.50,367841.5921631968,12
IND,combo,afford,570692.741380679,12
IND,diet,0.20,165276.4638439261,12
IND,diet,0.50,165276.4638439261,12
IND,diet,afford,165276.4638439261,12
IND,glp1,0.20,81659.50834769578,12
IND,glp1,0.50,204233.35845813827,12
IND,glp1,afford,408749.84788316966,12
ISR,combo,0.20,1702.0317996404992,12
ISR,combo,0.50,3517.723908602918,12
ISR,combo,afford,6549.687856270386,12
ISR,diet,0.20,493.0096865341743,12
ISR,diet,0.50,493.0096865341743,12
ISR,diet,afford,493.0096865341743,12
ISR,glp1,0.20,1216.8760991302192,12
ISR,glp1,0.50,3044.292589257855,12
ISR,glp1,afford,6095.644236829343,12
JPN,combo,0.20,28402.232868177594,12
JPN,combo,0.50,49916.870986695,12
JPN,combo,afford,85799.51852111748,12
JPN,diet,0.20,14065.317426006972,12
JPN,diet,0.50,14065.317426006972,12
JPN,diet,afford,14065.317426006972,12
JPN,glp1,0.20,14436.292638513256,12
JPN,glp1,0.50,36099.67360651353,12
JPN,glp1,afford,72229.36306050389,12
MEX,combo,0.20,32001.7072515021,12
MEX,combo,0.50,71140.20168636282,12
MEX,combo,afford,136642.87342748797,12
MEX,diet,0.20,5976.353775484164,12
MEX,diet,0.50,5976.353775484164,12
MEX,diet,afford,5976.353775484164,12
MEX,glp1,0.20,26122.19389339668,12
MEX,glp1,0.50,65405.48628296029,12
MEX,glp1,afford,131148.23264303783,12
NGA,combo,0.20,12500.232724305291,12
NGA,combo,0.50,28846.13825584984,12
NGA,combo,afford,23392.212473371168,12
NGA,diet,0.20,1629.2568920942358,12
NGA,diet,0.50,1629.2568920942358,12
NGA,diet,afford,1629.2568920942358,12
NGA,glp1,0.20,10885.665600057671,12
NGA,glp1,0.50,27253.555953265302,12
NGA,glp1,afford,21792.308573939543,12
NZL,combo,0.20,2096.703137365685,12
NZL,combo,0.50,4226.187605036792,12
NZL,combo,afford,7782.081167867367,12
NZL,diet,0.20,678.7230602985848,12
NZL,diet,0.50,678.7230602985848,12
NZL,diet,afford,678.7230602985848,12
NZL,glp1,0.20,1428.3225911406644,12
NZL,glp1,0.50,3573.2686413778865,12
NZL,glp1,afford,7154.788304335219,12
ROU,combo,0.20,21260.87937034812,12
ROU,combo,0.50,35248.60812590415,12
ROU,combo,afford,58708.95882565416,12
ROU,diet,0.20,11971.64780030394,12
ROU,diet,0.50,11971.64780030394,12
ROU,diet,afford,11971.64780030394,12
ROU,glp1,0.20,9409.769094353447,12
ROU,glp1,0.50,23578.546980435072,12
ROU,glp1,afford,47341.29958864375,12
TUR,combo,0.20,34572.31915334336,12
TUR,combo,0.50,73919.71786257581,12
TUR,combo,afford,139799.3948070965,12
TUR,diet,0.20,8414.123384870776,12
TUR,diet,0.50,8414.123384870776,12
TUR,diet,afford,8414.123384870776,12
TUR,glp1,0.20,26288.09658647918,12
TUR,glp1,0.50,65829.94287598516,12
TUR,glp1,afford,132032.58830463557,12
USA,combo,0.20,153807.38050854462,12
USA,combo,0.50,314244.65362481144,12
USA,combo,afford,582299.1786782823,12
USA,diet,0.20,47011.81248968104,12
USA,diet,0.50,47011.81248968104,12
USA,diet,afford,47011.81248968104,12
USA,glp1,0.20,107539.6677519476,12
USA,glp1,0.50,269088.3312643615,12
USA,glp1,afford,538982.2369084046,12
ZAF,combo,0.20,7129.143749478352,12
ZAF,combo,0.50,17387.862678160458,12
ZAF,combo,afford,27671.5011864185,12
ZAF,diet,0.20,303.5913379615313,12
ZAF,diet,0.50,303.5913379615313,12
ZAF,diet,afford,303.5913379615313,12
ZAF,glp1,0.20,6829.444806961983,12
ZAF,glp1,0.50,17093.981987440457,12
ZAF,glp1,afford,27383.414167150597,12
AUS,combo,0.20,8609.350761119382,13
AUS,combo,0.50,16690.03574178374,13
AUS,combo,afford,30186.416464019778,13
AUS,diet,0.20,3229.273960494251,13
AUS,diet,0.50,3229.273960494251,13
AUS,diet,afford,3229.273960494251,13
AUS,glp1,0.20,5427.411459441289,13
AUS,glp1,0.50,13578.830041580586,13
AUS,glp1,afford,27192.36950686764,13
BGD,combo,0.20,50387.47029465383,13
BGD,combo,0.50,68112.47643010001,13
BGD,combo,afford,85867.35246758797,13
BGD,diet,0.20,38587.268878811854,13
BGD,diet,0.50,38587.268878811854,13
BGD,diet,afford,38587.268878811854,13
BGD,glp1,0.20,11984.471139984184,13
BGD,glp1,0.50,29985.77543423061,13
BGD,glp1,afford,48016.820065078,13
BGR,combo,0.20,10041.104439468168,13
BGR,combo,0.50,17385.005657695514,13
BGR,combo,afford,29705.1822226097,13
BGR,diet,0.20,5164.831285037129,13
BGR,diet,0.50,5164.831285037129,13
BGR,diet,afford,5164.831285037129,13
BGR,glp1,0.20,4931.295899052151,13
BGR,glp1,0.50,12357.843180893113,13
BGR,glp1,afford,24816.057942021773,13
BRA,combo,0.20,70165.84167718406,13
BRA,combo,0.50,133523.12331644114,13
BRA,combo,afford,239244.7272363782,13
BRA,diet,0.20,27958.90943519124,13
BRA,diet,0.50,27958.90943519124,13
BRA,diet,afford,27958.90943519124,13
BRA,glp1,0.20,42618.0235452787,13
BRA,glp1,0.50,106589.03543337811,13
BRA,glp1,afford,213325.6666046276,13
CAN,combo,0.20,12056.854131133548,13
CAN,combo,0.50,25072.800591336378,13
CAN,combo,afford,46811.05267922865,13
CAN,diet,0.20,3390.711752192892,13
CAN,diet,0.50,3390.711752192892,13
CAN,diet,afford,3390.711752192892,13
CAN,glp1,0.20,8715.075482894885,13
CAN,glp1,0.50,21804.09101002424,13
CAN,glp1,afford,43663.23213567858,13
CHN,combo,0.20,616203.203094134,13
CHN,combo,0.50,935580.4988042112,13
CHN,combo,afford,1468720.8441609736,13
CHN,diet,0.20,403495.02426585526,13
CHN,diet,0.50,403495.02426585526,13
CHN,diet,afford,403495.02426585526,13
CHN,glp1,0.20,215374.8464812929,13
CHN,glp1,0.50,538746.1822171378,13
CHN,glp1,afford,1078527.1811339029,13
DEU,combo,0.20,47857.26171341495,13
DEU,combo,0.50,98645.28080684954,13
DEU,combo,afford,183482.52728008517,13
DEU,diet,0.20,14045.840624873044,13
DEU,diet,0.50,14045.840624873044,13
DEU,diet,afford,14045.840624873044,13
DEU,glp1,0.20,34007.27918722876,13
DEU,glp1,0.50,85088.20043279408,13
DEU,glp1,afford,170411.20243472062,13
EGY,combo,0.20,56813.665264364594,13
EGY,combo,0.50,124943.42278528935,13
EGY,combo,afford,239458.6592149044,13
EGY,diet,0.20,11628.271847145945,13
EGY,diet,0.50,11628.271847145945,13
EGY,diet,afford,11628.271847145945,13
EGY,glp1,0.20,45361.187375469366,13
EGY,glp1,0.50,113754.71560944848,13
EGY,glp1,afford,228709.7543881363,13
GBR,combo,0.20,26594.01377136749,13
GBR,combo,0.50,54387.39864849155,13
GBR,combo,afford,100808.03410614944,13
GBR,diet,0.20,8089.448221551426,13
GBR,diet,0.50,8089.448221551426,13
GBR,diet,afford,8089.448221551426,13
GBR,glp1,0.20,18627.03182001045,13
GBR,glp1,0.50,46603.270226187546,13
GBR,glp1,afford,93326.36682243051,13
GLB,combo,0.20,2636810.7172070667,13
GLB,combo,0.50,4323052.433785536,13
GLB,combo,afford,7138058.815774296,13
GLB,diet,0.20,1513792.1563781989,13
GLB,diet,0.50,1513792.1563781989,13
GLB,diet,afford,1513792.1563781989,13
GLB,glp1,0.20,1135689.0430301835,13
GLB,glp1,0.50,2840895.79701312,13
GLB,glp1,afford,5687400.877495791,13
IND,combo,0.20,292713.0128790727,13
IND,combo,0.50,426009.3004964457,13
IND,combo,afford,648431.4161551204,13
IND,diet,0.20,203913.8768813328,13
IND,diet,0.50,203913.8768813328,13
IND,diet,afford,203913.8768813328,13
IND,glp1,0.20,89609.0667745512,13
IND,glp1,0.50,224119.3571356258,13
IND,glp1,afford,448562.41024167015,13
ISR,combo,0.20,1963.357920930265,13
ISR,combo,0.50,3987.732274480273,13
ISR,combo,afford,7368.851512606987,13
ISR,diet,0.20,615.5483408113278,13
ISR,diet,0.50,615.5483408113278,13
ISR,diet,afford,615.5483408113278,13
ISR,glp1,0.20,1357.5165987043422,13
ISR,glp1,0.50,3396.386731827952,13
ISR,glp1,afford,6801.490434463144,13
JPN,combo,0.20,32823.29004592323,13
JPN,combo,0.50,56270.17653929952,13
JPN,combo,afford,95378.5652771258,13
JPN,diet,0.20,17199.524097748017,13
JPN,diet,0.50,17199.524097748017,13
JPN,diet,afford,17199.524097748017,13
JPN,glp1,0.20,15744.018728645067,13
JPN,glp1,0.50,39370.91851743926,13
JPN,glp1,afford,78778.35217490676,13
MEX,combo,0.20,36371.05511913467,13
MEX,combo,0.50,79807.3520178767,13
MEX,combo,afford,152521.55579007586,13
MEX,diet,0.20,7492.40979299653,13
MEX,diet,0.50,7492.40979299653,13
MEX,diet,afford,7492.40979299653,13
MEX,glp1,0.20,28998.31313147465,13
MEX,glp1,0.50,72613.63101264529,13
MEX,glp1,afford,145624.89630197745,13
NGA,combo,0.20,14027.107335032117,13
NGA,combo,0.50,32055.099865631528,13
NGA,combo,afford,26039.733260584795,13
NGA,diet,0.20,2038.4301658758525,13
NGA,diet,0.50,2038.4301658758525,13
NGA,diet,afford,2038.4301658758525,13
NGA,glp1,0.20,12006.78768011473,13
NGA,glp1,0.50,30061.89105970501,13
NGA,glp1,afford,24037.49486744849,13
NZL,combo,0.20,2403.731304494835,13
NZL,combo,0.50,4756.886021781471,13
NZL,combo,afford,8686.855497663892,13
NZL,diet,0.20,836.9586877814613,13
NZL,diet,0.50,836.9586877814613,13
NZL,diet,afford,836.9586877814613,13
NZL,glp1,0.20,1579.3468800501794,13
NZL,glp1,0.50,3951.307866810986,13
NZL,glp1,afford,7912.469204481067,13
ROU,combo,0.20,24371.96012077736,13
ROU,combo,0.50,39498.88404841069,13
ROU,combo,afford,64874.22590756857,13
ROU,diet,0.20,14327.23156424608,13
ROU,diet,0.50,14327.23156424608,13
ROU,diet,afford,14327.23156424608,13
ROU,glp1,0.20,10185.640401643332,13
ROU,glp1,0.50,25524.29530548481,13
ROU,glp1,afford,51253.50156483847,13
TUR,combo,0.20,39232.79150912915,13
TUR,combo,0.50,82668.07100661912,13
TUR,combo,afford,155406.72216804355,13
TUR,diet,0.20,10360.527315190193,13
TUR,diet,0.50,10360.527315190193,13
TUR,diet,afford,10360.527315190193,13
TUR,glp1,0.20,29029.777307057502,13
TUR,glp1,0.50,72700.94210876948,13
TUR,glp1,afford,145831.6706571513,13
USA,combo,0.20,176302.49363947316,13
USA,combo,0.50,353458.8013210752,13
USA,combo,afford,649512.1666569976,13
USA,diet,0.20,58393.88692402861,13
USA,diet,0.50,58393.88692402861,13
USA,diet,afford,58393.88692402861,13
USA,glp1,0.20,118820.6574461655,13
USA,glp1,0.50,297339.7918017899,13
USA,glp1,afford,595650.2328571447,13
ZAF,combo,0.20,7911.684449629755,13
ZAF,combo,0.50,19237.04545634395,13
ZAF,combo,afford,30592.03392233736,13
ZAF,diet,0.20,377.587028060575,13
ZAF,diet,0.50,377.587028060575,13
ZAF,diet,afford,377.587028060575,13
ZAF,glp1,0.20,7538.876206226454,13
ZAF,glp1,0.50,18871.382361058768,13
ZAF,glp1,afford,30233.48813813465,13
AUS,combo,0.20,9833.177813486684,14
AUS,combo,0.50,18727.4549750011,14
AUS,combo,afford,33584.39632703475,14
AUS,diet,0.20,3911.8350977699424,14
AUS,diet,0.50,3911.8350977699424,14
AUS,diet,afford,3911.8350977699424,14
AUS,glp1,0.20,5978.024850076116,14
AUS,glp1,0.50,14957.032021498722,14
AUS,glp1,afford,29954.390336175413,14
BGD,combo,0.20,59291.10130164937,14
BGD,combo,0.50,78582.37446739034,14
BGD,combo,afford,97906.6982357358,14
BGD,diet,0.20,46448.47111463426,14
BGD,diet,0.50,46448.47111463426,14
BGD,diet,afford,46448.47111463426,14
BGD,glp1,0.20,13059.884212163252,14
BGD,glp1,0.50,32676.969556489057,14
BGD,glp1,afford,52327.02095570936,14
BGR,combo,0.20,11300.142872860926,14
BGR,combo,0.50,19178.02003285884,14
BGR,combo,afford,32396.653145874665,14
BGR,diet,0.20,6069.956317393503,14
BGR,diet,0.50,6069.956317393503,14
BGR,diet,afford,6069.956317393503,14
BGR,glp1,0.20,5293.390696416998,14
BGR,glp1,0.50,13266.244231727602,14
BGR,glp1,afford,26643.62290001868,14
BRA,combo,0.20,80614.77769558379,14
BRA,combo,0.50,150314.49965673333,14
BRA,combo,afford,266633.1405437443,14
BRA,diet,0.20,34186.06087767905,14
BRA,diet,0.50,34186.06087767905,14
BRA,diet,afford,34186.06087767905,14
BRA,glp1,0.20,46925.87710950651,14
BRA,glp1,0.50,117368.07202125546,14
BRA,glp1,afford,234915.3234487256,14
CAN,combo,0.20,13610.837810351912,14
CAN,combo,0.50,27831.052540452303,14
CAN,combo,afford,51582.69077971758,14
CAN,diet,0.20,4143.402744001111,14
CAN,diet,0.50,4143.402744001111,14
CAN,diet,afford,4143.402744001111,14
CAN,glp1,0.20,9526.69223545154,14
CAN,glp1,0.50,23835.41700473449,14
CAN,glp1,afford,47733.55626511952,14
CHN,combo,0.20,723683.230051064,14
CHN,combo,0.50,1071778.0515215849,14
CHN,combo,afford,1652887.4200462722,14
CHN,diet,0.20,491856.4667752868,14
CHN,diet,0.50,491856.4667752868,14
CHN,diet,afford,491856.4667752868,14
CHN,glp1,0.20,235032.0712076829,14
CHN,glp1,0.50,587928.5680125493,14
CHN,glp1,afford,1177023.7452590312,14
DEU,combo,0.20,53566.76862165659,14
DEU,combo,0.50,108747.93607184684,14
DEU,combo,afford,200934.5017975445,14
DEU,diet,0.20,16833.375732608954,14
DEU,diet,0.50,16833.375732608954,14
DEU,diet,afford,16833.375732608954,14
DEU,glp1,0.20,36965.38746600232,14
DEU,glp1,0.50,92493.62131813954,14
DEU,glp1,afford,185256.09886029403,14
EGY,combo,0.20,63126.07945601556,14
EGY,combo,0.50,137206.9522962058,14
EGY,combo,afford,261753.98098990275,14
EGY,diet,0.20,14000.659071481048,14
EGY,diet,0.50,14000.659071481048,14
EGY,diet,afford,14000.659071481048,14
EGY,glp1,0.20,49332.88683675713,14
EGY,glp1,0.50,123725.22996951404,14
EGY,glp1,afford,248792.0725640937,14
GBR,combo,0.20,29824.868476480937,14
GBR,combo,0.50,59998.63195310737,14
GBR,combo,afford,110400.51968986072,14
GBR,diet,0.20,9736.835814698574,14
GBR,diet,0.50,9736.835814698574,14
GBR,diet,afford,9736.835814698574,14
GBR,glp1,0.20,20233.93304281185,14
GBR,glp1,0.50,50625.607895378,14
GBR,glp1,afford,101388.12928872186,14
GLB,combo,0.20,3064978.285426172,14
GLB,combo,0.50,4903544.940915423,14
GLB,combo,afford,7973065.03180954,14
GLB,diet,0.20,1840568.0540011053,14
GLB,diet,0.50,1840568.0540011053,14
GLB,diet,afford,1840568.0540011053,14
GLB,glp1,0.20,1239621.2088394882,14
GLB,glp1,0.50,3100960.3033161857,14
GLB,glp1,afford,6208315.607833374,14
IND,combo,0.20,342922.4098051548,14
IND,combo,0.50,488164.37615752267,14
IND,combo,afford,730529.3861537793,14
IND,diet,0.20,246167.7861328691,14
IND,diet,0.50,246167.7861328691,14
IND,diet,afford,246167.7861328691,14
IND,glp1,0.20,97716.45962370864,14
IND,glp1,0.50,244400.29238302895,14
IND,glp1,afford,489166.0255474728,14
ISR,combo,0.20,2243.1331602314467,14
ISR,combo,0.50,4483.819678850878,14
ISR,combo,afford,8226.990284946902,14
ISR,diet,0.20,751.4936427579844,14
ISR,diet,0.50,751.4936427579844,14
ISR,diet,afford,751.4936427579844,14
ISR,glp1,0.20,1503.3735484975805,14
ISR,glp1,0.50,3761.588900838737,14
ISR,glp1,afford,7533.778631589232,14
JPN,combo,0.20,37487.91117587598,14
JPN,combo,0.50,62864.78662200733,14
JPN,combo,afford,105195.64055751998,14
JPN,diet,0.20,20578.92047525556,14
JPN,diet,0.50,20578.92047525556,14
JPN,diet,afford,20578.92047525556,14
JPN,glp1,0.20,17051.421258293765,14
JPN,glp1,0.50,42641.53682336772,14
JPN,glp1,afford,85326.70771134744,14
MEX,combo,0.20,41021.6652962092,14
MEX,combo,0.50,88916.6989888342,14
MEX,combo,afford,169115.61958353734,14
MEX,diet,0.20,9183.649018648375,14
MEX,diet,0.50,9183.649018648375,14
MEX,diet,afford,9183.649018648375,14
MEX,glp1,0.20,31982.625753225468,14
MEX,glp1,0.50,80094.09936946709,14
MEX,glp1,afford,160652.46105250332,14
NGA,combo,0.20,15649.407253552565,14
NGA,combo,0.50,35430.41773740505,14
NGA,combo,afford,28829.92964494664,14
NGA,diet,0.20,2495.9227852621952,14
NGA,diet,0.50,2495.9227852621952,14
NGA,diet,afford,2495.9227852621952,14
NGA,glp1,0.20,13175.343928150322,14
NGA,glp1,0.50,32989.08482110656,14
NGA,glp1,afford,26377.69447705516,14
NZL,combo,0.20,2728.739434259652,14
NZL,combo,0.50,5310.631552424988,14
NZL,combo,afford,9623.236073453443,14
NZL,diet,0.20,1009.8245463909292,14
NZL,diet,0.50,1009.8245463909292,14
NZL,diet,afford,1009.8245463909292,14
NZL,glp1,0.20,1733.8807312996578,14
NZL,glp1,0.50,4338.165423983111,14
NZL,glp1,afford,8687.935228559556,14
ROU,combo,0.20,27599.107951721933,14
ROU,combo,0.50,43856.70936630357,14
ROU,combo,afford,71132.93994786167,14
ROU,diet,0.20,16804.582991948377,14
ROU,diet,0.50,16804.582991948377,14
ROU,diet,afford,16804.582991948377,14
ROU,glp1,0.20,10956.19493448208,14
ROU,glp1,0.50,27456.80239303652,14
ROU,glp1,afford,55139.39627627795,14
TUR,combo,0.20,44150.62134327667,14
TUR,combo,0.50,91780.98781608052,14
TUR,combo,afford,171560.21569754995,14
TUR,diet,0.20,12493.535047181573,14
TUR,diet,0.50,12493.535047181573,14
TUR,diet,afford,12493.535047181573,14
TUR,glp1,0.20,31844.24895988585,14
TUR,glp1,0.50,79755.0223304804,14
TUR,glp1,afford,160000.65137508334,14
USA,combo,0.20,200146.5763306477,14
USA,combo,0.50,394326.1634326686,14
USA,combo,afford,718898.6867649225,14
USA,diet,0.20,70925.3595555711,14
USA,diet,0.50,70925.3595555711,14
USA,diet,afford,70925.3595555711,14
USA,glp1,0.20,130314.6591256653,14
USA,glp1,0.50,326128.7938966899,14
USA,glp1,afford,653410.2233849528,14
ZAF,combo,0.20,8719.584642753376,14
ZAF,combo,0.50,21138.22468858561,14
ZAF,combo,afford,33591.532621539256,14
ZAF,diet,0.20,459.3608066458373,14
ZAF,diet,0.50,459.3608066458373,14
ZAF,diet,afford,459.3608066458373,14
ZAF,glp1,0.20,8265.96562378696,14
ZAF,glp1,0.50,20693.1928790407,14
ZAF,glp1,afford,33155.05722065189,14
AUS,combo,0.20,11127.158339096655,15
AUS,combo,0.50,20856.147101312832,15
AUS,combo,afford,37109.247130530464,15
AUS,diet,0.20,4650.5688389829465,15
AUS,diet,0.50,4650.5688389829465,15
AUS,diet,afford,4650.5688389829465,15
AUS,glp1,0.20,6543.236456230318,15
AUS,glp1,0.50,16371.882261998868,15
AUS,glp1,afford,32790.22069560396,15
BGD,combo,0.20,68798.68235415428,15
BGD,combo,0.50,89689.96740590285,15
BGD,combo,afford,110617.52697379592,15
BGD,diet,0.20,54891.15043933777,15
BGD,diet,0.50,54891.15043933777,15
BGD,diet,afford,54891.15043933777,15
BGD,glp1,0.20,14159.178210755368,15
BGD,glp1,0.50,35427.91440917965,15
BGD,glp1,afford,56732.9012833849,15
BGR,combo,0.20,12586.430848556029,15
BGR,combo,0.50,20990.293360872038,15
BGR,combo,afford,35094.050870442254,15
BGR,diet,0.20,7007.654336253569,15
BGR,diet,0.50,7007.654336253569,15
BGR,diet,afford,7007.654336253569,15
BGR,glp1,0.20,5650.201056624713,15
BGR,glp1,0.50,14161.43567263969,15
BGR,glp1,afford,28444.77402301745,15
BRA,combo,0.20,91775.48936743736,15
BRA,combo,0.50,167990.00052889055,15
BRA,combo,afford,295195.40597287845,15
BRA,diet,0.20,41010.70241229316,15
BRA,diet,0.50,41010.70241229316,15
BRA,diet,afford,41010.70241229316,15
BRA,glp1,0.20,51354.75004753591,15
BRA,glp1,0.50,128450.61572529264,15
BRA,glp1,afford,257115.21280229985,15
CAN,combo,0.20,15249.026896522517,15
CAN,combo,0.50,30694.342054818648,15
CAN,combo,afford,56494.420255788,15
CAN,diet,0.20,4966.493675258436,15
CAN,diet,0.50,4966.493675258436,15
CAN,diet,afford,4966.493675258436,15
CAN,glp1,0.20,10352.94099748528,15
CAN,glp1,0.50,25903.44954791735,15
CAN,glp1,afford,51877.71803025916,15
CHN,combo,0.20,839501.7897038829,15
CHN,combo,0.50,1216865.8258884775,15
CHN,combo,afford,1846866.2333163328,15
CHN,diet,0.20,588189.2818041245,15
CHN,diet,0.50,588189.2818041245,15
CHN,diet,afford,588189.2818041245,15
CHN,glp1,0.20,255093.6645745078,15
CHN,glp1,0.50,638123.0130913084,15
CHN,glp1,afford,1277548.2237432897,15
DEU,combo,0.20,59512.61592332557,15
DEU,combo,0.50,119140.44674902988,15
DEU,combo,afford,218767.1405526687,15
DEU,diet,0.20,19821.97723199217,15
DEU,diet,0.50,19821.97723199217,15
DEU,diet,afford,19821.97723199217,15
DEU,glp1,0.20,39960.77454383296,15
DEU,glp1,0.50,99992.8675890368,15
DEU,glp1,afford,200290.747136376,15
EGY,combo,0.20,69712.27087743033,15
EGY,combo,0.50,149875.59914196064,15
EGY,combo,afford,284676.7972695372,15
EGY,diet,0.20,16560.105801985104,15
EGY,diet,0.50,16560.105801985104,15
EGY,diet,afford,16560.105801985104,15
EGY,glp1,0.20,53392.87372459736,15
EGY,glp1,0.50,133917.77399610778,15
EGY,glp1,afford,269322.93078979506,15
GBR,combo,0.20,33191.120787758555,15
GBR,combo,0.50,65763.54929562459,15
GBR,combo,afford,120177.74662000932,15
GBR,diet,0.20,11507.57343459471,15
GBR,diet,0.50,11507.57343459471,15
GBR,diet,afford,11507.57343459471,15
GBR,glp1,0.20,21854.289743100424,15
GBR,glp1,0.50,54681.80896058482,15
GBR,glp1,afford,109518.37351023502,15
GLB,combo,0.20,3524077.8402760103,15
GLB,combo,0.50,5517825.392230002,15
GLB,combo,afford,8846645.171985697,15
GLB,diet,0.20,2196378.422674286,15
GLB,diet,0.50,2196378.422674286,15
GLB,diet,afford,2196378.422674286,15
GLB,glp1,0.20,1345627.650487121,15
GLB,glp1,0.50,3366221.11258972,15
GLB,glp1,afford,6739658.5418436,15
IND,combo,0.20,396630.40852607257,15
IND,combo,0.50,554046.2553988425,15
IND,combo,afford,816735.3071448479,15
IND,diet,0.20,291768.36300119286,15
IND,diet,0.50,291768.36300119286,15
IND,diet,afford,291768.36300119286,15
IND,glp1,0.20,105984.05906954072,15
IND,glp1,0.50,265082.0836472027,15
IND,glp1,afford,530572.494572542,15
ISR,combo,0.20,2540.436575871785,15
ISR,combo,0.50,5004.7689558059,15
ISR,combo,afford,9122.397587389123,15
ISR,diet,0.20,900.1231193343899,15
ISR,diet,0.50,900.1231193343899,15
ISR,diet,afford,900.1231193343899,15
ISR,glp1,0.20,1654.2340098006428,15
ISR,glp1,0.50,4139.368432123583,15
ISR,glp1,afford,8291.453467216143,15
JPN,combo,0.20,42364.76177300287,15
JPN,combo,0.50,69667.35803782646,15
JPN,combo,afford,115214.01867565066,15
JPN,diet,0.20,24173.502494297023,15
JPN,diet,0.50,24173.502494297023,15
JPN,diet,afford,24173.502494297023,15
JPN,glp1,0.20,18356.950853805207,15
JPN,glp1,0.50,45907.64249363015,15
JPN,glp1,afford,91866.61588446706,15
MEX,combo,0.20,45945.54620273826,15
MEX,combo,0.50,98458.53784104963,15
MEX,combo,afford,186412.7881426302,15
MEX,diet,0.20,11043.289416899164,15
MEX,diet,0.50,11043.289416899164,15
MEX,diet,afford,11043.289416899164,15
MEX,glp1,0.20,35073.73800745014,15
MEX,glp1,0.50,87843.511319608,15
MEX,glp1,afford,176224.52870850227,15
NGA,combo,0.20,17368.267239564702,15
NGA,combo,0.50,38976.45300583,15
NGA,combo,afford,31766.084750128164,15
NGA,diet,0.20,3000.73130111428,15
NGA,diet,0.50,3000.73130111428,15
NGA,diet,afford,3000.73130111428,15
NGA,glp1,0.20,14393.45349818768,15
NGA,glp1,0.50,36040.454375747024,15
NGA,glp1,afford,28817.15596787888,15
NZL,combo,0.20,3070.3198767089966,15
NZL,combo,0.50,5885.717445815146,15
NZL,combo,afford,10589.018126292023,15
NZL,diet,0.20,1196.1124935474293,15
NZL,diet,0.50,1196.1124935474293,15
NZL,diet,afford,1196.1124935474293,15
NZL,glp1,0.20,1891.703617893972,15
NZL,glp1,0.50,4733.290302302172,15
NZL,glp1,afford,9480.085455606417,15
ROU,combo,0.20,30919.98435486405,15
ROU,combo,0.50,48300.225442190815,15
ROU,combo,afford,77463.98022943654,15
ROU,diet,0.20,19381.02887595947,15
ROU,diet,0.50,19381.02887595947,15
ROU,diet,afford,19381.02887595947,15
ROU,glp1,0.20,11721.588343468682,15
ROU,glp1,0.50,29376.4333033926,15
ROU,glp1,afford,58999.63081789933,15
TUR,combo,0.20,49313.35084298104,15
TUR,combo,0.50,101244.20047840416,15
TUR,combo,afford,188242.58690839604,15
TUR,diet,0.20,14801.894600622612,15
TUR,diet,0.50,14801.894600622612,15
TUR,diet,afford,14801.894600622612,15
TUR,glp1,0.20,34730.08648985247,15
TUR,glp1,0.50,86988.62160787621,15
TUR,glp1,afford,174532.40849642042,15
USA,combo,0.20,225226.05986464472,15
USA,combo,0.50,436698.08317360526,15
USA,combo,afford,790251.4670872724,15
USA,diet,0.20,84516.01720240094,15
USA,diet,0.50,84516.01720240094,15
USA,diet,afford,84516.01720240094,15
USA,glp1,0.20,141996.54445436603,15
USA,glp1,0.50,355392.4827901142,15
USA,glp1,afford,712136.398514621,15
ZAF,combo,0.20,9552.244973367337,15
ZAF,combo,0.50,23090.52966994629,15
ZAF,combo,afford,36668.83704924848,15
ZAF,diet,0.20,548.4842199161367,15
ZAF,diet,0.50,548.4842199161367,15
ZAF,diet,afford,548.4842199161367,15
ZAF,glp1,0.20,9010.535418886291,15
ZAF,glp1,0.50,22558.95449156277,15
ZAF,glp1,afford,36147.36283471143,15
AUS,combo,0.20,12486.161939429832,16
AUS,combo,0.50,23069.71901585795,16
AUS,combo,afford,40752.47462314436,16
AUS,diet,0.20,5441.18734081227,16
AUS,diet,0.50,5441.18734081227,16
AUS,diet,afford,5441.18734081227,16
AUS,glp1,0.20,7122.13565821223,16
AUS,glp1,0.50,17821.105756259192,16
AUS,glp1,afford,35695.316118965835,16
BGD,combo,0.20,78858.03915313806,16
BGD,combo,0.50,101383.24941706352,16
BGD,combo,afford,123948.00681569122,16
BGD,diet,0.20,63863.02337801992,16
BGD,diet,0.50,63863.02337801992,16
BGD,diet,afford,63863.02337801992,16
BGD,glp1,0.20,15282.201872872634,16
BGD,glp1,0.50,38238.235901881584,16
BGD,glp1,afford,61233.86886275922,16
BGR,combo,0.20,13892.450320164353,16
BGR,combo,0.50,22814.54287250414,16
BGR,combo,afford,37790.462606747074,16
BGR,diet,0.20,7970.245181044367,16
BGR,diet,0.50,7970.245181044367,16
BGR,diet,afford,7970.245181044367,16
BGR,glp1,0.20,6001.83573401714,16
BGR,glp1,0.50,15043.680509268506,16
BGR,glp1,afford,30220.006564835552,16
BRA,combo,0.20,103612.9553109511,16
BRA,combo,0.50,186510.1633968011,16
BRA,combo,afford,324884.7083887117,16
BRA,diet,0.20,48400.78588726907,16
BRA,diet,0.50,48400.78588726907,16
BRA,diet,afford,48400.78588726907,16
BRA,glp1,0.20,55901.03210843336,16
BRA,glp1,0.50,139827.66877847572,16
BRA,glp1,afford,279907.4319773228,16
CAN,combo,0.20,16965.75150746895,16
CAN,combo,0.50,33655.22215207881,16
CAN,combo,afford,61535.82587854207,16
CAN,diet,0.20,5855.497804012454,16
CAN,diet,0.50,5855.497804012454,16
CAN,diet,afford,5855.497804012454,16
CAN,glp1,0.20,11192.562124135457,16
CAN,glp1,0.50,28005.03801423032,16
CAN,glp1,afford,56089.41113558761,16
CHN,combo,0.20,963119.232080279,16
CHN,combo,0.50,1370298.4979678346,16
CHN,combo,afford,2050102.525924313,16
CHN,diet,0.20,691957.6089608789,16
CHN,diet,0.50,691957.6089608789,16
CHN,diet,afford,691957.6089608789,16
CHN,glp1,0.20,275551.51918671915,16
CHN,glp1,0.50,689309.2745424281,16
CHN,glp1,afford,1380060.2115761444,16
DEU,combo,0.20,65674.8143445114,16
DEU,combo,0.50,129800.10750318391,16
DEU,combo,afford,236953.3476716082,16
DEU,diet,0.20,22993.500007307284,16
DEU,diet,0.50,22993.500007307284,16
DEU,diet,afford,22993.500007307284,16
DEU,glp1,0.20,42991.3180961298,16
DEU,glp1,0.50,107580.68537446516,16
DEU,glp1,afford,215504.8152621528,16
EGY,combo,0.20,76564.26532654419,16
EGY,combo,0.50,162947.90038606207,16
EGY,combo,afford,308236.60761857417,16
EGY,diet,0.20,19294.327400172668,16
EGY,diet,0.50,19294.327400172668,16
EGY,diet,afford,19294.327400172668,16
EGY,glp1,0.20,57545.234312204906,16
EGY,glp1,0.50,144342.60899882257,16
EGY,glp1,afford,290322.99274082755,16
GBR,combo,0.20,36681.406198968034,16
GBR,combo,0.50,71669.85090243568,16
GBR,combo,afford,130125.82328024929,16
GBR,diet,0.20,13390.911943221972,16
GBR,diet,0.50,13390.911943221972,16
GBR,diet,afford,13390.911943221972,16
GBR,glp1,0.20,23487.31361810686,16
GBR,glp1,0.50,58769.89170631098,16
GBR,glp1,afford,117713.0991477213,16
GLB,combo,0.20,4012295.075227476,16
GLB,combo,0.50,6164072.498761123,16
GLB,combo,afford,9756966.032022225,16
GLB,diet,0.20,2579413.547777822,16
GLB,diet,0.50,2579413.547777822,16
GLB,diet,afford,2579413.547777822,16
GLB,glp1,0.20,1453685.0312988835,16
GLB,glp1,0.50,3636619.8891915055,16
GLB,glp1,afford,7281313.007941645,16
IND,combo,0.20,453588.50185660535,16
IND,combo,0.50,623410.0168478065,16
IND,combo,afford,906810.227475551,16
IND,diet,0.20,340464.70844819274,16
IND,diet,0.50,340464.70844819274,16
IND,diet,afford,340464.70844819274,16
IND,glp1,0.20,114413.10376405784,16
IND,glp1,0.50,286167.82642281894,16
IND,glp1,afford,572788.0032237946,16
ISR,combo,0.20,2854.351395182768,16
ISR,combo,0.50,5549.370694357057,16
ISR,combo,afford,10053.377981839963,16
ISR,diet,0.20,1060.71543847145,16
ISR,diet,0.50,1060.71543847145,16
ISR,diet,afford,1060.71543847145,16
ISR,glp1,0.20,1809.8891173454583,16
ISR,glp1,0.50,4529.2038301613065,16
ISR,glp1,afford,9073.474499864487,16
JPN,combo,0.20,47425.63212999227,16
JPN,combo,0.50,76648.14767839515,16
JPN,combo,afford,125401.36256273776,16
JPN,diet,0.20,27956.073134937007,16
JPN,diet,0.50,27956.073134937007,16
JPN,diet,afford,27956.073134937007,16
JPN,glp1,0.20,19659.4068752922,16
JPN,glp1,0.50,49166.21977589824,16
JPN,glp1,afford,98391.99805316412,16
MEX,combo,0.20,51133.725984987344,16
MEX,combo,0.50,108421.16726015488,16
MEX,combo,afford,204397.05632185788,16
MEX,diet,0.20,13064.236576760555,16
MEX,diet,0.50,13064.236576760555,16
MEX,diet,afford,13064.236576760555,16
MEX,glp1,0.20,38269.59677076066,16
MEX,glp1,0.50,95856.82314275551,16
MEX,glp1,afford,192331.3232136888,16
NGA,combo,0.20,19184.34538937953,16
NGA,combo,0.50,42696.38183982293,16
NGA,combo,afford,34850.53269564846,16
NGA,diet,0.20,3551.848496668059,16
NGA,diet,0.50,3551.848496668059,16
NGA,diet,afford,3551.848496668059,16
NGA,glp1,0.20,15662.764458824664,16
NGA,glp1,0.50,39220.1401404231,16
NGA,glp1,afford,31359.18626296312,16
NZL,combo,0.20,3427.1255366023133,16
NZL,combo,0.50,6480.491986790884,16
NZL,combo,afford,11582.041937637608,16
NZL,diet,0.20,1394.678422976559,16
NZL,diet,0.50,1394.678422976559,16
NZL,diet,afford,1394.678422976559,16
NZL,glp1,0.20,2052.593881169877,16
NZL,glp1,0.50,5136.1283010826255,16
NZL,glp1,afford,10287.811381063324,16
ROU,combo,0.20,34316.21236001449,16
ROU,combo,0.50,52811.68210255179,16
ROU,combo,afford,83850.59776851644,16
ROU,diet,0.20,22037.76415043497,16
ROU,diet,0.50,22037.76415043497,16
ROU,diet,afford,22037.76415043497,16
ROU,glp1,0.20,12482.118606957192,16
ROU,glp1,0.50,31283.915849141453,16
ROU,glp1,afford,62835.60107006804,16
TUR,combo,0.20,54709.088929472055,16
TUR,combo,0.50,111043.87022681945,16
TUR,combo,afford,205436.73782207345,16
TUR,diet,0.20,17275.010297322784,16
TUR,diet,0.50,17275.010297322784,16
TUR,diet,afford,17275.010297322784,16
TUR,glp1,0.20,37685.7998697697,16
TUR,glp1,0.50,94398.0115587934,16
TUR,glp1,afford,189419.4735795932,16
USA,combo,0.20,251425.74079016777,16
USA,combo,0.50,480424.50084867,16
USA,combo,afford,863362.0785299077,16
USA,diet,0.20,99073.82271898356,16
USA,diet,0.50,99073.82271898356,16
USA,diet,afford,99073.82271898356,16
USA,glp1,0.20,153841.46556349937,16
USA,glp1,0.50,385068.6468514174,16
USA,glp1,afford,771704.039054046,16
ZAF,combo,0.20,10409.07438308254,16
ZAF,combo,0.50,25093.09009243839,16
ZAF,combo,afford,39822.77954870928,16
ZAF,diet,0.20,644.5425105880249,16
ZAF,diet,0.50,644.5425105880249,16
ZAF,diet,afford,644.5425105880249,16
ZAF,glp1,0.20,9772.403266503554,16
ZAF,glp1,0.50,24468.19662011915,16
ZAF,glp1,afford,39209.62808787356,16
AUS,combo,0.20,13905.350310764125,17
AUS,combo,0.50,25362.084780050423,17
AUS,combo,afford,44505.91254193083,17
AUS,diet,0.20,6279.683746234358,17
AUS,diet,0.50,6279.683746234358,17
AUS,diet,afford,6279.683746234358,17
AUS,glp1,0.20,7713.830658168708,17
AUS,glp1,0.50,19302.472797314826,17
AUS,glp1,afford,38665.21682951978,17
BGD,combo,0.20,89422.20468932531,17
BGD,combo,0.50,113615.06967488091,17
BGD,combo,afford,137850.81001015342,17
BGD,diet,0.20,73317.24935863147,17
BGD,diet,0.50,73317.24935863147,17
BGD,diet,afford,73317.24935863147,17
BGD,glp1,0.20,16428.6187695502,17
BGD,glp1,0.50,41107.09798834616,17
BGD,glp1,afford,65828.59395030813,17
BGR,combo,0.20,15212.191178892504,17
BGR,combo,0.50,24645.04110826458,17
BGR,combo,afford,40480.61640575516,17
BGR,diet,0.20,8951.526637374409,17
BGR,diet,0.50,8951.526637374409,17
BGR,diet,afford,8951.526637374409,17
BGR,glp1,0.20,6348.449372242668,17
BGR,glp1,0.50,15913.35901737022,17
BGR,glp1,afford,31970.0590279005,17
BRA,combo,0.20,116091.40320827802,17
BRA,combo,0.50,205834.2041188133,17
BRA,combo,afford,355651.9621109304,17
BRA,diet,0.20,56323.89315748267,17
BRA,diet,0.50,56323.89315748267,17
BRA,diet,afford,56323.89315748267,17
BRA,glp1,0.20,60560.76611211061,17
BRA,glp1,0.50,151489.364817573,17
BRA,glp1,afford,303272.33704689774,17
CAN,combo,0.20,18755.18816101537,17
CAN,combo,0.50,36705.98765620119,17
CAN,combo,afford,66696.05669028508,17
CAN,diet,0.20,6805.84371534989,17
CAN,diet,0.50,6805.84371534989,17
CAN,diet,afford,6805.84371534989,17
CAN,glp1,0.20,12044.22958960053,17
CAN,glp1,0.50,30136.86444140272,17
CAN,glp1,afford,60361.98999171399,17
CHN,combo,0.20,1093998.4682506174,17
CHN,combo,0.50,1531526.5574506945,17
CHN,combo,afford,2262026.152872375,17
CHN,diet,0.20,802632.6581326984,17
CHN,diet,0.50,802632.6581326984,17
CHN,diet,afford,802632.6581326984,17
CHN,glp1,0.20,296393.3759928858,17
CHN,glp1,0.50,741456.740835843,17
CHN,glp1,afford,1484498.602752184,17
DEU,combo,0.20,72033.08892242506,17
DEU,combo,0.50,140702.34824915096,17
DEU,combo,afford,255461.5073815868,17
DEU,diet,0.20,26330.559972573992,17
DEU,diet,0.50,26330.559972573992,17
DEU,diet,afford,26330.559972573992,17
DEU,glp1,0.20,46053.87029608313,17
DEU,glp1,0.50,115249.24752027231,17
DEU,glp1,afford,230882.7934678744,17
EGY,combo,0.20,83674.38040470853,17
EGY,combo,0.50,176421.2414054288,17
EGY,combo,afford,332439.43345277465,17
EGY,diet,0.20,22192.31245371427,17
EGY,diet,0.50,22192.31245371427,17
EGY,diet,afford,22192.31245371427,17
EGY,glp1,0.20,61793.10667546394,17
EGY,glp1,0.50,155007.65412919913,17
EGY,glp1,afford,311808.33513870335,17
GBR,combo,0.20,40285.26603050841,17
GBR,combo,0.50,77706.11155740776,17
GBR,combo,afford,140231.6842071958,17
GBR,diet,0.20,15377.02980102152,17
GBR,diet,0.50,15377.02980102152,17
GBR,diet,afford,15377.02980102152,17
GBR,glp1,0.20,25132.215704791117,17
GBR,glp1,0.50,62887.87375543028,17
GBR,glp1,afford,125968.30782841136,17
GLB,combo,0.20,4527865.280471982,17
GLB,combo,0.50,6840495.752329755,17
GLB,combo,afford,10702194.002952289,17
GLB,diet,0.20,2987925.8980074776,17
GLB,diet,0.50,2987925.8980074776,17
GLB,diet,afford,2987925.8980074776,17
GLB,glp1,0.20,1563759.1580372336,17
GLB,glp1,0.50,3912071.188256709,17
GLB,glp1,afford,7833108.226673519,17
IND,combo,0.20,513568.81657682185,17
IND,combo,0.50,696029.2822741949,17
IND,combo,afford,1000530.2791645988,17
IND,diet,0.20,392027.95753689646,17
IND,diet,0.50,392027.95753689646,17
IND,diet,afford,392027.95753689646,17
IND,glp1,0.20,123003.60442096672,17
IND,glp1,0.50,307657.554821273,17
IND,glp1,afford,615812.6430514109,17
ISR,combo,0.20,3184.005834446527,17
ISR,combo,0.50,6116.47646922872,17
ISR,combo,afford,11018.321451115336,17
ISR,diet,0.20,1232.58304726123,17
ISR,diet,0.50,1232.58304726123,17
ISR,diet,afford,1232.58304726123,17
ISR,glp1,0.20,1970.1426132925403,17
ISR,glp1,0.50,4930.604249821324,17
ISR,glp1,afford,9878.859648618152,17
JPN,combo,0.20,52645.784200053065,17
JPN,combo,0.50,83781.33431874795,17
JPN,combo,afford,135730.00640424882,17
JPN,diet,0.20,31902.606684707014,17
JPN,diet,0.50,31902.606684707014,17
JPN,diet,afford,31902.606684707014,17
JPN,glp1,0.20,20957.91942788481,17
JPN,glp1,0.50,52415.07928090143,17
JPN,glp1,afford,104898.42644790934,17
MEX,combo,0.20,56576.57453648349,17
MEX,combo,0.50,118791.31630553665,17
MEX,combo,afford,223049.2895836268,17
MEX,diet,0.20,15239.335242708936,17
MEX,diet,0.50,15239.335242708936,17
MEX,diet,afford,15239.335242708936,17
MEX,glp1,0.20,41567.5626342828,17
MEX,glp1,0.50,104127.50943783276,17
MEX,glp1,afford,208960.05178681563,17
NGA,combo,0.20,21097.88639553367,17
NGA,combo,0.50,46592.29879843713,17
NGA,combo,afford,38084.748672762296,17
NGA,diet,0.20,4148.299491057824,17
NGA,diet,0.50,4148.299491057824,17
NGA,diet,afford,4148.299491057824,17
NGA,glp1,0.20,16984.48095686303,17
NGA,glp1,0.50,42531.17309297308,17
NGA,glp1,afford,34006.204636757466,17
NZL,combo,0.20,3797.8888612601777,17
NZL,combo,0.50,7093.380492242848,17
NZL,combo,afford,12600.2199108878,17
NZL,diet,0.20,1604.4592635827648,17
NZL,diet,0.50,1604.4592635827648,17
NZL,diet,afford,1604.4592635827648,17
NZL,glp1,0.20,2216.330645181738,17
NZL,glp1,0.50,5546.126857158424,17
NZL,glp1,afford,11110.006706642333,17
ROU,combo,0.20,37772.86543410436,17
ROU,combo,0.50,57376.83682977848,17
ROU,combo,afford,90279.6653777714,17
ROU,diet,0.20,24759.40063949629,17
ROU,diet,0.50,24759.40063949629,17
ROU,diet,afford,24759.40063949629,17
ROU,glp1,0.20,13238.154331258089,17
ROU,glp1,0.50,33180.161514053274,17
ROU,glp1,afford,66649.09430950979,17
TUR,combo,0.20,60326.63256562135,17
TUR,combo,0.50,121166.71716701664,17
TUR,combo,afford,223125.91027571377,17
TUR,diet,0.20,19903.059714873954,17
TUR,diet,0.50,19903.059714873954,17
TUR,diet,afford,19903.059714873954,17
TUR,glp1,0.20,40709.83703172549,17
TUR,glp1,0.50,101979.30683640829,17
TUR,glp1,afford,204654.057834941,17
USA,combo,0.20,278632.05408364715,17
USA,combo,0.50,525357.7836353723,17
USA,combo,afford,938025.706701242,17
USA,diet,0.20,114507.82079796556,17
USA,diet,0.50,114507.82079796556,17
USA,diet,afford,114507.82079796556,17
USA,glp1,0.20,165825.25439015415,17
USA,glp1,0.50,415096.7222260253,17
USA,glp1,afford,831991.5463640384,17
ZAF,combo,0.20,11289.504058031798,17
ZAF,combo,0.50,27145.052750053736,17
ZAF,combo,afford,43052.20536776925,17
ZAF,diet,0.20,747.1471864802998,17
ZAF,diet,0.50,747.1471864802998,17
ZAF,diet,afford,747.1471864802998,17
ZAF,glp1,0.20,10551.38357901026,17
ZAF,glp1,0.50,26420.44140495472,17
ZAF,glp1,afford,42341.06571719978,17
AUS,combo,0.20,15380.21576425957,18
AUS,combo,0.50,27727.521277251013,18
AUS,combo,afford,48361.80753155777,18
AUS,diet,0.20,7162.359458881155,18
AUS,diet,0.50,7162.359458881155,18
AUS,diet,afford,7162.359458881155,18
AUS,glp1,0.20,8317.459160352475,18
AUS,glp1,0.50,20813.82598958932,18
AUS,glp1,afford,41695.60279204119,18
BGD,combo,0.20,100449.230450378,18
BGD,combo,0.50,126342.96178642212,18
BGD,combo,afford,152282.9600791461,18
BGD,diet,0.20,83212.229496311,18
BGD,diet,0.50,83212.229496311,18
BGD,diet,afford,83212.229496311,18
BGD,glp1,0.20,17597.910508864345,18
BGD,glp1,0.50,44033.21037837512,18
BGD,glp1,afford,70515.02110863589,18
BGR,combo,0.20,16540.86584958721,18
BGR,combo,0.50,26477.300531740093,18
BGR,combo,afford,43160.51509505551,18
BGR,diet,0.20,9946.508848609812,18
BGR,diet,0.50,9946.508848609812,18
BGR,diet,afford,9946.508848609812,18
BGR,glp1,0.20,6690.217890833975,18
BGR,glp1,0.50,16770.906941046916,18
BGR,glp1,afford,33695.78865662712,18
BRA,combo,0.20,129174.97519538106,18
BRA,combo,0.50,225920.67918411372,18
BRA,combo,afford,387446.4672181468,18
BRA,diet,0.20,64747.903408705104,18
BRA,diet,0.50,64747.903408705104,18
BRA,diet,afford,64747.903408705104,18
BRA,glp1,0.20,65329.65154634319,18
BRA,glp1,0.50,163424.97787650488,18
BRA,glp1,afford,327188.5608099452,18
CAN,combo,0.20,20611.48485852621,18
CAN,combo,0.50,39838.84780455419,18
CAN,combo,afford,71964.0779243955,18
CAN,diet,0.20,7812.968752156922,18
CAN,diet,0.50,7812.968752156922,18
CAN,diet,afford,7812.968752156922,18
CAN,glp1,0.20,12906.583527308358,18
CAN,glp1,0.50,32295.524944653986,18
CAN,glp1,afford,64688.63274498288,18
CHN,combo,0.20,1231611.8779535994,18
CHN,combo,0.50,1700003.576863478,18
CHN,combo,afford,2482059.441198772,18
CHN,diet,0.20,919699.3728792514,18
CHN,diet,0.50,919699.3728792514,18
CHN,diet,afford,919699.3728792514,18
CHN,glp1,0.20,317603.05466436263,18
CHN,glp1,0.50,794525.0043902362,18
CHN,glp1,afford,1590782.7239891237,18
DEU,combo,0.20,78567.025204585,18
DEU,combo,0.50,151821.1826349349,18
DEU,combo,afford,274256.4273054891,18
DEU,diet,0.20,29816.476584114265,18
DEU,diet,0.50,29816.476584114265,18
DEU,diet,afford,29816.476584114265,18
DEU,glp1,0.20,49144.4594906221,18
DEU,glp1,0.50,122988.6545918849,18
DEU,glp1,afford,246404.9852595708,18
EGY,combo,0.20,91034.8662535756,18
EGY,combo,0.50,190291.21592777068,18
EGY,combo,afford,357286.7020189483,18
EGY,diet,0.20,25244.14853952325,18
EGY,diet,0.50,25244.14853952325,18
EGY,diet,afford,25244.14853952325,18
EGY,glp1,0.20,66138.48734446234,18
EGY,glp1,0.50,165918.000066155,18
EGY,glp1,afford,333789.4655315036,18
GBR,combo,0.20,43993.079656785856,18
GBR,combo,0.50,83861.6776532192,18
GBR,combo,afford,150482.92864084613,18
GBR,diet,0.20,17456.988774147896,18
GBR,diet,0.50,17456.988774147896,18
GBR,diet,afford,17456.988774147896,18
GBR,glp1,0.20,26788.180092009126,18
GBR,glp1,0.50,67033.70650597777,18
GBR,glp1,afford,134279.8725508437,18
GLB,combo,0.20,5069095.5415724,18
GLB,combo,0.50,7545358.914251475,18
GLB,combo,afford,11680520.68475029,18
GLB,diet,0.20,3420251.457845638,18
GLB,diet,0.50,3420251.457845638,18
GLB,diet,afford,3420251.457845638,18
GLB,glp1,0.20,1675805.8012138964,18
GLB,glp1,0.50,4192464.5040181214,18
GLB,glp1,afford,8394823.398511892,18
IND,combo,0.20,576363.4070572872,18
IND,combo,0.50,771695.3797700495,18
IND,combo,afford,1097685.619483932,18
IND,diet,0.20,446250.6589719779,18
IND,diet,0.50,446250.6589719779,18
IND,diet,afford,446250.6589719779,18
IND,glp1,0.20,131754.23267579987,18
IND,glp1,0.50,329547.9624682394,18
IND,glp1,afford,659639.848872487,18
ISR,combo,0.20,3528.596637596774,18
ISR,combo,0.50,6705.030495276515,18
ISR,combo,afford,12015.74901543406,18
ISR,diet,0.20,1415.0904106912403,18
ISR,diet,0.50,1415.0904106912403,18
ISR,diet,afford,1415.0904106912403,18
ISR,glp1,0.20,2134.816257205764,18
ISR,glp1,0.50,5343.123197075101,18
ISR,glp1,afford,10706.713173886625,18
JPN,combo,0.20,58003.89703281016,18
JPN,combo,0.50,91044.90842702457,18
JPN,combo,afford,146176.75486984613,18
JPN,diet,0.20,35992.23178135084,18
JPN,diet,0.50,35992.23178135084,18
JPN,diet,afford,35992.23178135084,18
JPN,glp1,0.20,22251.908847242143,18
JPN,glp1,0.50,55652.75754558709,18
JPN,glp1,afford,111382.92616928974,18
MEX,combo,0.20,62263.97634167062,18
MEX,combo,0.50,129554.40216636422,18
MEX,combo,afford,242347.622288905,18
MEX,diet,0.20,17561.485404365936,18
MEX,diet,0.50,17561.485404365936,18
MEX,diet,afford,17561.485404365936,18
MEX,glp1,0.20,44964.46704786892,18
MEX,glp1,0.50,112647.7058789404,18
MEX,glp1,afford,226095.18967617452,18
NGA,combo,0.20,23108.74530859741,18
NGA,combo,0.50,50665.26876344248,18
NGA,combo,afford,41469.39154447005,18
NGA,diet,0.20,4789.146433344136,18
NGA,diet,0.50,4789.146433344136,18
NGA,diet,afford,4789.146433344136,18
NGA,glp1,0.20,18359.3820404615,18
NGA,glp1,0.50,45975.52140923227,18
NGA,glp1,afford,36759.7801371633,18
NZL,combo,0.20,4181.426098611286,18
NZL,combo,0.50,7722.892199043956,18
NZL,combo,afford,13641.547907031912,18
NZL,diet,0.20,1824.47550113666,18
NZL,diet,0.50,1824.47550113666,18
NZL,diet,afford,1824.47550113666,18
NZL,glp1,0.20,2382.695318680848,18
NZL,glp1,0.50,5962.738838603541,18
NZL,glp1,afford,11945.575054266545,18
ROU,combo,0.20,41277.84603237744,18
ROU,combo,0.50,61984.24389692248,18
ROU,combo,afford,96740.8160275904,18
ROU,diet,0.20,27533.40475387228,18
ROU,diet,0.50,27533.40475387228,18
ROU,diet,afford,27533.40475387228,18
ROU,glp1,0.20,13990.065096627795,18
ROU,glp1,0.50,35066.09065815456,18
ROU,glp1,afford,70441.93754150282,18
TUR,combo,0.20,66155.4264374697,18
TUR,combo,0.50,131599.94991864607,18
TUR,combo,afford,241293.57019835385,18
TUR,diet,0.20,22676.97455922642,18
TUR,diet,0.50,22676.97455922642,18
TUR,diet,afford,22676.97455922642,18
TUR,glp1,0.20,43800.559618044594,18
TUR,glp1,0.50,109728.40639776606,18
TUR,glp1,afford,220227.9410101618,18
USA,combo,0.20,306735.2070472192,18
USA,combo,0.50,571355.3380445475,18
USA,combo,afford,1014044.579633505,18
USA,diet,0.20,130729.95731756078,18
USA,diet,0.50,130729.95731756078,18
USA,diet,afford,130729.95731756078,18
USA,glp1,0.20,177924.7509704132,18
USA,glp1,0.50,445418.62110429147,18
USA,glp1,afford,892882.1236784382,18
ZAF,combo,0.20,12192.987491995598,18
ZAF,combo,0.50,29245.57465959476,18
ZAF,combo,afford,46355.9595862587,18
ZAF,diet,0.20,855.9411051613761,18
ZAF,diet,0.50,855.9411051613761,18
ZAF,diet,afford,855.9411051613761,18
ZAF,glp1,0.20,11347.282440525336,18
ZAF,glp1,0.50,28415.19163461109,18
ZAF,glp1,afford,45540.85976726583,18
AUS,combo,0.20,16906.583735312735,19
AUS,combo,0.50,30160.682242879106,19
AUS,combo,afford,52312.853045257565,19
AUS,diet,0.20,8085.819140064541,19
AUS,diet,0.50,8085.819140064541,19
AUS,diet,afford,8085.819140064541,19
AUS,glp1,0.20,8932.195050027025,19
AUS,glp1,0.50,22353.09723244026,19
AUS,glp1,afford,44782.32863198233,19
BGD,combo,0.20,111901.5830859675,19
BGD,combo,0.50,139528.54783348017,19
BGD,combo,afford,167205.24281458763,19
BGD,diet,0.20,93510.9981085068,19
BGD,diet,0.50,93510.9981085068,19
BGD,diet,afford,93510.9981085068,19
BGD,glp1,0.20,18789.37250939259,19
BGD,glp1,0.50,47014.81769861266,19
BGD,glp1,afford,75290.35142455137,19
BGR,combo,0.20,17874.638837594186,19
BGR,combo,0.50,28307.77580318206,19
BGR,combo,afford,45827.09224936064,19
BGR,diet,0.20,10951.161837197817,19
BGR,diet,0.50,10951.161837197817,19
BGR,diet,afford,10951.161837197817,19
BGR,glp1,0.20,7027.316905060293,19
BGR,glp1,0.50,17616.761206983698,19
BGR,glp1,afford,35398.06173287176,19
BRA,combo,0.20,142828.0601261836,19
BRA,combo,0.50,246727.8108998973,19
BRA,combo,afford,420216.2225460399,19
BRA,diet,0.20,73641.33004226902,19
BRA,diet,0.50,73641.33004226902,19
BRA,diet,afford,73641.33004226902,19
BRA,glp1,0.20,70203.04038990337,19
BRA,glp1,0.50,175622.91206889765,19
BRA,glp1,afford,351632.99255429406,19
CAN,combo,0.20,22528.85030598281,19
CAN,combo,0.50,43046.0585135466,19
CAN,combo,afford,77328.87525406758,19
CAN,diet,0.20,8872.379602421468,19
CAN,diet,0.50,8872.379602421468,19
CAN,diet,afford,8872.379602421468,19
CAN,glp1,0.20,13778.259303673378,19
CAN,glp1,0.50,34477.60251493396,19
CAN,glp1,afford,69062.48724450383,19
CHN,combo,0.20,1375443.3232846754,19
CHN,combo,0.50,1875188.586600206,19
CHN,combo,afford,2709620.154858275,19
CHN,diet,0.20,1042658.2001559256,19
CHN,diet,0.50,1042658.2001559256,19
CHN,diet,afford,1042658.2001559256,19
CHN,glp1,0.20,339160.6594444306,19
CHN,glp1,0.50,848464.3727106607,19
CHN,glp1,afford,1698813.3452787015,19
DEU,combo,0.20,85256.22446686556,19
DEU,combo,0.50,163129.68250537937,19
DEU,combo,afford,293300.3403141817,19
DEU,diet,0.20,33435.214127790554,19
DEU,diet,0.50,33435.214127790554,19
DEU,diet,afford,33435.214127790554,19
DEU,glp1,0.20,52258.50258167996,19
DEU,glp1,0.50,130787.46421903794,19
DEU,glp1,afford,262048.56046227904,19
EGY,combo,0.20,98637.44771294644,19
EGY,combo,0.50,204550.88486152343,19
EGY,combo,afford,382774.02168743865,19
EGY,diet,0.20,28440.750419845783,19
EGY,diet,0.50,28440.750419845783,19
EGY,diet,afford,28440.750419845783,19
EGY,glp1,0.20,70582.03698667043,19
EGY,glp1,0.50,177075.419080032,19
EGY,glp1,afford,356270.32868976303,19
GBR,combo,0.20,47795.936661277294,19
GBR,combo,0.50,90126.51058591776,19
GBR,combo,afford,160867.61568937526,19
GBR,diet,0.20,19622.62518675254,19
GBR,diet,0.50,19622.62518675254,19
GBR,diet,afford,19622.62518675254,19
GBR,glp1,0.20,28454.3416370836,19
GBR,glp1,0.50,71205.21939070946,19
GBR,glp1,afford,142643.4261100634,19
GLB,combo,0.20,5634370.25839667,19
GLB,combo,0.50,8276986.412534257,19
GLB,combo,afford,12690170.730317453,19
GLB,diet,0.20,3874814.656825914,19
GLB,diet,0.50,3874814.656825914,19
GLB,diet,afford,3874814.656825914,19
GLB,glp1,0.20,1789771.1281257244,19
GLB,glp1,0.50,4477665.351973306,19
GLB,glp1,afford,8966189.866447248,19
IND,combo,0.20,641781.5910927013,19
IND,combo,0.50,850214.5434122563,19
IND,combo,afford,1198077.3998211855,19
IND,diet,0.20,502944.2007522184,19
IND,diet,0.50,502944.2007522184,19
IND,diet,afford,502944.2007522184,19
IND,glp1,0.20,140662.2024892983,19
IND,glp1,0.50,351832.1048167425,19
IND,glp1,afford,704255.7994134539,19
ISR,combo,0.20,3887.4000020752624,19
ISR,combo,0.50,7314.084685658208,19
ISR,combo,afford,13044.335140477664,19
ISR,diet,0.20,1607.6622987852877,19
ISR,diet,0.50,1607.6622987852877,19
ISR,diet,afford,1607.6622987852877,19
ISR,glp1,0.20,2303.752423974609,19
ISR,glp1,0.50,5766.3652079141975,19
ISR,glp1,afford,11556.239646834523,19
JPN,combo,0.20,63481.77899881201,19
JPN,combo,0.50,98420.30868273888,19
JPN,combo,afford,156722.39500609893,19
JPN,diet,0.20,40206.99448616823,19
JPN,diet,0.50,40206.99448616823,19
JPN,diet,afford,40206.99448616823,19
JPN,glp1,0.20,23541.0309172675,19
JPN,glp1,0.50,58878.380696864566,19
JPN,glp1,afford,117843.70462119428,19
MEX,combo,0.20,68185.41366336223,19
MEX,combo,0.50,140694.68195582894,19
MEX,combo,afford,262267.7240581929,19
MEX,diet,0.20,20023.679882976463,19
MEX,diet,0.50,20023.679882976463,19
MEX,diet,afford,20023.679882976463,19
MEX,glp1,0.20,48456.65719141044,19
MEX,glp1,0.50,121408.3217007826,19
MEX,glp1,afford,243718.7058257285,19
NGA,combo,0.20,25216.387323082174,19
NGA,combo,0.50,54915.34444768794,19
NGA,combo,afford,45004.31548564248,19
NGA,diet,0.20,5473.476277826729,19
NGA,diet,0.50,5473.476277826729,19
NGA,diet,afford,5473.476277826729,19
NGA,glp1,0.20,19787.8333199756,19
NGA,glp1,0.50,49554.11932983584,19
NGA,glp1,afford,39620.65475517601,19
NZL,combo,0.20,4576.6342613883935,19
NZL,combo,0.50,8367.61955465131,19
NZL,combo,afford,14704.108481741823,19
NZL,diet,0.20,2053.8266093710185,19
NZL,diet,0.50,2053.8266093710185,19
NZL,diet,afford,2053.8266093710185,19
NZL,glp1,0.20,2551.472848727335,19
NZL,glp1,0.50,6385.425715524501,19
NZL,glp1,afford,12793.436428347117,19
ROU,combo,0.20,44821.2660877269,19
ROU,combo,0.50,66624.55651051002,19
ROU,combo,afford,103225.6113709618,19
ROU,diet,0.20,30349.529441407914,19
ROU,diet,0.50,30349.529441407914,19
ROU,diet,afford,30349.529441407914,19
ROU,glp1,0.20,14738.161431723873,19
ROU,glp1,0.50,36942.48129439226,19
ROU,glp1,afford,74215.6912306237,19
TUR,combo,0.20,72185.43258673076,19
TUR,combo,0.50,142331.076376052,19
TUR,combo,afford,259923.12399370736,19
TUR,diet,0.20,25588.350461242677,19
TUR,diet,0.50,25588.350461242677,19
TUR,diet,afford,25588.350461242677,19
TUR,glp1,0.20,46956.19917221203,19
TUR,glp1,0.50,117640.88547091452,19
TUR,glp1,afford,236132.26037032268,19
USA,combo,0.20,335630.5497917057,19
USA,combo,0.50,618281.3654746544,19
USA,combo,afford,1091230.3851388125,19
USA,diet,0.20,147656.19815139356,19
USA,diet,0.50,147656.19815139356,19
USA,diet,afford,147656.19815139356,19
USA,glp1,0.20,190118.05799127396,19
USA,glp1,0.50,475979.3764523658,19
USA,glp1,afford,954265.0932401812,19
ZAF,combo,0.20,13118.990220024554,19
ZAF,combo,0.50,31393.797108205912,19
ZAF,combo,afford,49732.846057739946,19
ZAF,diet,0.20,970.5989648049608,19
ZAF,diet,0.50,970.5989648049608,19
ZAF,diet,afford,970.5989648049608,19
ZAF,glp1,0.20,12159.886760768382,19
ZAF,glp1,0.50,30451.90408348448,19
ZAF,glp1,afford,48808.12369555595,19
AUS,combo,0.20,18480.59681265186,20
AUS,combo,0.50,32656.589324258337,20
AUS,combo,afford,56352.19275096852,20
AUS,diet,0.20,9046.95020779531,20
AUS,diet,0.50,9046.95020779531,20
AUS,diet,afford,9046.95020779531,20
AUS,glp1,0.20,9557.25204624566,20
AUS,glp1,0.50,23918.317113168312,20
AUS,glp1,afford,47921.44329268362,20
BGD,combo,0.20,123745.35311140932,20
BGD,combo,0.50,153136.74616225576,20
BGD,combo,afford,182581.41279039765,20
BGD,diet,0.20,104180.43182834542,20
BGD,diet,0.50,104180.43182834542,20
BGD,diet,afford,104180.43182834542,20
BGD,glp1,0.20,20002.10506727003,20
BGD,glp1,0.50,50049.67690465264,20
BGD,glp1,afford,80151.00595594199,20
BGR,combo,0.20,19210.392188373327,20
BGR,combo,0.50,30133.606170122213,20
BGR,combo,afford,48477.91520394285,20
BGR,diet,0.20,11962.196116179786,20
BGR,diet,0.50,11962.196116179786,20
BGR,diet,afford,11962.196116179786,20
BGR,glp1,0.20,7359.903975759393,20
BGR,glp1,0.50,18451.315181024827,20
BGR,glp1,afford,37077.66284301879,20
BRA,combo,0.20,157015.41654558215,20
BRA,combo,0.50,268213.5966920977,20
BRA,combo,afford,453908.011984175,20
BRA,diet,0.20,82973.4527090839,20
BRA,diet,0.50,82973.4527090839,20
BRA,diet,afford,82973.4527090839,20
BRA,glp1,0.20,75175.92566648533,20
BRA,glp1,0.50,188070.67315079505,20
BRA,glp1,afford,376580.72176538734,20
CAN,combo,0.20,24501.620967933763,20
CAN,combo,0.50,46320.027366856186,20
CAN,combo,afford,82779.62336581152,20
CAN,diet,0.20,9979.69415544672,20
CAN,diet,0.50,9979.69415544672,20
CAN,diet,afford,9979.69415544672,20
CAN,glp1,0.20,14657.912921730693,20
CAN,glp1,0.50,36679.730684497765,20
CAN,glp1,afford,73476.79888885643,20
CHN,combo,0.20,1524987.7627818573,20
CHN,combo,0.50,2056546.1037660944,20
CHN,combo,afford,2944122.2024905235,20
CHN,diet,0.20,1171024.4248366188,20
CHN,diet,0.50,1171024.4248366188,20
CHN,diet,afford,1171024.4248366188,20
CHN,glp1,0.20,361042.81456464494,20
CHN,glp1,0.50,903216.4531759229,20
CHN,glp1,afford,1808473.8368552064,20
DEU,combo,0.20,92080.4814099267,20
DEU,combo,0.50,174600.4669990056,20
DEU,combo,afford,312553.91142232285,20
DEU,diet,0.20,37171.35157113614,20
DEU,diet,0.50,37171.35157113614,20
DEU,diet,afford,37171.35157113614,20
DEU,glp1,0.20,55391.011906848216,20
DEU,glp1,0.50,138633.20796863377,20
DEU,glp1,afford,277788.5876442052,20
EGY,combo,0.20,106472.84356916646,20
EGY,combo,0.50,219190.03238468672,20
EGY,combo,afford,408889.98511287017,20
EGY,diet,0.20,31773.55115617025,20
EGY,diet,0.50,31773.55115617025,20
EGY,diet,afford,31773.55115617025,20
EGY,glp1,0.20,75122.90115240356,20
EGY,glp1,0.50,188477.91158689663,20
EGY,glp1,afford,379247.3819990397,20
GBR,combo,0.20,51685.496841044944,20
GBR,combo,0.50,96491.02734747608,20
GBR,combo,afford,171374.07200418762,20
GBR,diet,0.20,21866.42272393904,20
GBR,diet,0.50,21866.42272393904,20
GBR,diet,afford,21866.42272393904,20
GBR,glp1,0.20,30129.770215959405,20
GBR,glp1,0.50,75400.08034468016,20
GBR,glp1,afford,151054.2815163125,20
GLB,combo,0.20,6222147.353229761,20
GLB,combo,0.50,9033760.054234743,20
GLB,combo,afford,13729399.3854891,20
GLB,diet,0.20,4350124.238340938,20
GLB,diet,0.50,4350124.238340938,20
GLB,diet,afford,4350124.238340938,20
GLB,glp1,0.20,1905591.84168878,20
GLB,glp1,0.50,4767515.616007279,20
GLB,glp1,afford,9546891.810212012,20
IND,combo,0.20,709646.4067646842,20
IND,combo,0.50,931404.234421636,20
IND,combo,afford,1301513.8570063245,20
IND,diet,0.20,561935.3565887494,20
IND,diet,0.50,561935.3565887494,20
IND,diet,afford,561935.3565887494,20
IND,glp1,0.20,149723.15257717593,20
IND,glp1,0.50,374499.10403027455,20
IND,glp1,afford,749638.8231026019,20
ISR,combo,0.20,4259.773411259061,20
ISR,combo,0.50,7942.801147816074,20
ISR,combo,afford,14102.911788986474,20
ISR,diet,0.20,1809.785288713096,20
ISR,diet,0.50,1809.785288713096,20
ISR,diet,afford,1809.785288713096,20
ISR,glp1,0.20,2476.8143041696503,20
ISR,glp1,0.50,6199.986526219096,20
ISR,glp1,afford,12426.745896537894,20
JPN,combo,0.20,69063.95858226057,20
JPN,combo,0.50,105891.92665511172,20
JPN,combo,afford,167351.058376474,20
JPN,diet,0.20,44531.50672381601,20
JPN,diet,0.50,44531.50672381601,20
JPN,diet,afford,44531.50672381601,20
JPN,glp1,0.20,24825.11502598895,20
JPN,glp1,0.50,62091.51023672948,20
JPN,glp1,afford,124279.84443616935,20
MEX,combo,0.20,74329.99831793352,20
MEX,combo,0.50,152195.33975153737,20
MEX,combo,afford,282782.9799779609,20
MEX,diet,0.20,22618.99959124668,20
MEX,diet,0.50,22618.99959124668,20
MEX,diet,afford,22618.99959124668,20
MEX,glp1,0.20,52040.03127539936,20
MEX,glp1,0.50,130399.12852889576,20
MEX,glp1,afford,261810.2422085234,20
NGA,combo,0.20,27419.87319935024,20
NGA,combo,0.50,59341.56046483776,20
NGA,combo,afford,48688.56119845668,20
NGA,diet,0.20,6200.380299400527,20
NGA,diet,0.50,6200.380299400527,20
NGA,diet,afford,6200.380299400527,20
NGA,glp1,0.20,21269.792498762083,20
NGA,glp1,0.50,53266.88078156033,20
NGA,glp1,afford,42588.75437684206,20
NZL,combo,0.20,4982.485059756557,20
NZL,combo,0.50,9026.23416609802,20
NZL,combo,afford,15786.070271218654,20
NZL,diet,0.20,2291.683657829741,20
NZL,diet,0.50,2291.683657829741,20
NZL,diet,afford,2291.683657829741,20
NZL,glp1,0.20,2722.452776658912,20
NZL,glp1,0.50,6813.660236394145,20
NZL,glp1,afford,13652.53268857392,20
ROU,combo,0.20,48394.88554297092,20
ROU,combo,0.50,71289.90389036601,20
ROU,combo,afford,109726.81276299144,20
ROU,diet,0.20,33199.29278290053,20
ROU,diet,0.50,33199.29278290053,20
ROU,diet,afford,33199.29278290053,20
ROU,glp1,0.20,15482.648176854616,20
ROU,glp1,0.50,38809.851109169766,20
ROU,glp1,afford,77971.40869717914,20
TUR,combo,0.20,78406.9536599386,20
TUR,combo,0.50,153347.64846073493,20
TUR,combo,afford,278997.5350580059,20
TUR,diet,0.20,28629.323182458214,20
TUR,diet,0.50,28629.323182458214,20
TUR,diet,afford,28629.323182458214,20
TUR,glp1,0.20,50174.800512643495,20
TUR,glp1,0.50,125711.85501423466,20
TUR,glp1,afford,252357.2331279844,20
USA,combo,0.20,365219.4204480545,20
USA,combo,0.50,666007.9894055359,20
USA,combo,afford,1169405.8893961038,20
USA,diet,0.20,165207.1917480711,20
USA,diet,0.50,165207.1917480711,20
USA,diet,afford,165207.1917480711,20
USA,glp1,0.20,202384.71989616903,20
USA,glp1,0.50,506727.5985488157,20
USA,glp1,afford,1016036.8386107064,20
ZAF,combo,0.20,14066.972007154973,20
ZAF,combo,0.50,33588.80484990321,20
ZAF,combo,afford,53181.56399592908,20
ZAF,diet,0.20,1090.8250127058282,20
ZAF,diet,0.50,1090.8250127058282,20
ZAF,diet,afford,1090.8250127058282,20
ZAF,glp1,0.20,12988.948646216191,20
ZAF,glp1,0.50,32529.95072982617,20
ZAF,glp1,afford,52141.83882251974,20
AUS,combo,0.20,20098.69007833944,21
AUS,combo,0.50,35210.610760679774,21
AUS,combo,afford,60473.40536502381,21
AUS,diet,0.20,10042.896096226745,21
AUS,diet,0.50,10042.896096226745,21
AUS,diet,afford,10042.896096226745,21
AUS,glp1,0.20,10191.884961558888,21
AUS,glp1,0.50,25507.618294200445,21
AUS,glp1,afford,51109.19760595202,21
BGD,combo,0.20,135949.4087260012,21
BGD,combo,0.50,167134.91892711364,21
BGD,combo,afford,198377.33431120391,21
BGD,diet,0.20,115190.40743073264,21
BGD,diet,0.50,115190.40743073264,21
BGD,diet,afford,115190.40743073264,21
BGD,glp1,0.20,21235.002083458407,21
BGD,glp1,0.50,53135.02885660983,21
BGD,glp1,afford,85092.57986024347,21
BGR,combo,0.20,20545.53204364152,21
BGR,combo,0.50,31952.403892735187,21
BGR,combo,afford,51110.94231108004,21
BGR,diet,0.20,12976.881100040746,21
BGR,diet,0.50,12976.881100040746,21
BGR,diet,afford,12976.881100040746,21
BGR,glp1,0.20,7688.10493358054,21
BGR,glp1,0.50,19274.884105413345,21
BGR,glp1,afford,38735.224485685794,21
BRA,combo,0.20,171702.16604436585,21
BRA,combo,0.50,290335.7815287744,21
BRA,combo,afford,488467.3418458268,21
BRA,diet,0.20,92714.32457639666,21
BRA,diet,0.50,92714.32457639666,21
BRA,diet,afford,92714.32457639666,21
BRA,glp1,0.20,80242.92370233405,21
BRA,glp1,0.50,200754.82433297948,21
BRA,glp1,afford,402004.95030977065,21
CAN,combo,0.20,26524.313160286256,21
CAN,combo,0.50,49653.39780311444,21
CAN,combo,afford,88305.82410292524,21
CAN,diet,0.20,11130.672314957174,21
CAN,diet,0.50,11130.672314957174,21
CAN,diet,afford,11130.672314957174,21
CAN,glp1,0.20,15544.242380295764,21
CAN,glp1,0.50,38898.64711755903,21
CAN,glp1,afford,77925.01844632877,21
CHN,combo,0.20,1679750.0229669225,21
CHN,combo,0.50,2243545.40129662,21
CHN,combo,afford,3184975.7239478943,21
CHN,diet,0.20,1304326.6065933106,21
CHN,diet,0.50,1304326.6065933106,21
CHN,diet,afford,1304326.6065933106,21
CHN,glp1,0.20,383222.9583099788,21
CHN,glp1,0.50,958714.8843754098,21
CHN,glp1,afford,1919631.6190133377,21
DEU,combo,0.20,99019.9771446595,21
DEU,combo,0.50,186206.18208180036,21
DEU,combo,afford,331977.1963981198,21
DEU,diet,0.20,41010.0849317581,21
DEU,diet,0.50,41010.0849317581,21
DEU,diet,afford,41010.0849317581,21
DEU,glp1,0.20,58536.78533537824,21
DEU,glp1,0.50,146512.86724714033,21
DEU,glp1,afford,293598.9879634628,21
EGY,combo,0.20,114530.31300884958,21
EGY,combo,0.50,234194.4890014085,21
EGY,combo,afford,435615.1030528831,21
EGY,diet,0.20,35234.19330632518,21
EGY,diet,0.50,35234.19330632518,21
EGY,diet,afford,35234.19330632518,21
EGY,glp1,0.20,79758.55943338535,21
EGY,glp1,0.50,200119.322756902,21
EGY,glp1,afford,402708.8075696018,21
GBR,combo,0.20,55653.86294895278,21
GBR,combo,0.50,102945.96365524194,21
GBR,combo,afford,181990.7382140017,21
GBR,diet,0.20,24181.39141327625,21
GBR,diet,0.50,24181.39141327625,21
GBR,diet,afford,24181.39141327625,21
GBR,glp1,0.20,31813.462016122005,21
GBR,glp1,0.50,79615.77382014628,21
GBR,glp1,afford,159507.38730506515,21
GLB,combo,0.20,6830949.610498744,21
GLB,combo,0.50,9814110.547368793,21
GLB,combo,afford,14796484.303795973,21
GLB,diet,0.20,4844764.475237628,21
GLB,diet,0.50,4844764.475237628,21
GLB,diet,afford,4844764.475237628,21
GLB,glp1,0.20,2023195.096117104,21
GLB,glp1,0.50,5061833.337340649,21
GLB,glp1,afford,10136565.823305814,21
IND,combo,0.20,779790.8197764243,21
IND,combo,0.50,1015089.2218499642,21
IND,combo,afford,1407806.1793354298,21
IND,diet,0.20,623062.5767776825,21
IND,diet,0.50,623062.5767776825,21
IND,diet,afford,623062.5767776825,21
IND,glp1,0.20,158931.0377072126,21
IND,glp1,0.50,397533.87600554177,21
IND,glp1,afford,795758.848042581,21
ISR,combo,0.20,4645.151003919589,21
ISR,combo,0.50,8590.445364502677,21
ISR,combo,afford,15190.45836267108,21
ISR,diet,0.20,2021.0046942651452,21
ISR,diet,0.50,2021.0046942651452,21
ISR,diet,afford,2021.0046942651452,21
ISR,glp1,0.20,2653.884165298241,21
ISR,glp1,0.50,6643.69091604957,21
ISR,glp1,afford,13317.633169228817,21
JPN,combo,0.20,74737.22662792917,21
JPN,combo,0.50,113446.56075179036,21
JPN,combo,afford,178049.52832648254,21
JPN,diet,0.20,48952.54750724259,21
JPN,diet,0.50,48952.54750724259,21
JPN,diet,afford,48952.54750724259,21
JPN,glp1,0.20,26104.10115926529,21
JPN,glp1,0.50,65291.98572276192,21
JPN,glp1,afford,130690.98952148102,21
MEX,combo,0.20,80686.47537330794,21
MEX,combo,0.50,164038.5346793188,21
MEX,combo,afford,303864.6142682155,21
MEX,diet,0.20,25340.58809073612,21
MEX,diet,0.50,25340.58809073612,21
MEX,diet,afford,25340.58809073612,21
MEX,glp1,0.20,55710.06632563584,21
MEX,glp1,0.50,139608.83058848843,21
MEX,glp1,afford,280347.2565419293,21
NGA,combo,0.20,29717.83617641875,21
NGA,combo,0.50,63941.91128819423,21
NGA,combo,afford,52520.33354624017,21
NGA,diet,0.20,6968.930190498835,21
NGA,diet,0.50,6968.930190498835,21
NGA,diet,afford,6968.930190498835,21
NGA,glp1,0.20,22804.809826126024,21
NGA,glp1,0.50,57112.7003366596,21
NGA,glp1,afford,45663.18959685828,21
NZL,combo,0.20,5398.0179929104825,21
NZL,combo,0.50,9697.481537515469,21
NZL,combo,afford,16885.685558070083,21
NZL,diet,0.20,2537.2813277397454,21
NZL,diet,0.50,2537.2813277397454,21
NZL,diet,afford,2537.2813277397454,21
NZL,glp1,0.20,2895.430077351311,21
NZL,glp1,0.50,7246.928563703664,21
NZL,glp1,afford,14521.831945450414,21
ROU,combo,0.20,51991.63304650494,21
ROU,combo,0.50,75973.3694506981,21
ROU,combo,afford,116237.78486965343,21
ROU,diet,0.20,36075.52611742679,21
ROU,diet,0.50,36075.52611742679,21
ROU,diet,afford,36075.52611742679,21
ROU,glp1,0.20,16223.59226492906,21
ROU,glp1,0.50,40668.37550186405,21
ROU,glp1,afford,81709.46742505215,21
TUR,combo,0.20,84810.43648494601,21
TUR,combo,0.50,164636.97592546005,21
TUR,combo,afford,298498.88935382443,21
TUR,diet,0.20,31792.432364692937,21
TUR,diet,0.50,31792.432364692937,21
TUR,diet,afford,31792.432364692937,21
TUR,glp1,0.20,53454.15814866813,21
TUR,glp1,0.50,133935.80330459305,21
TUR,glp1,afford,268891.8415419264,21
USA,combo,0.20,395409.6108892912,21
USA,combo,0.50,714415.8961559841,21
USA,combo,afford,1248405.891298945,21
USA,diet,0.20,183308.62359749188,21
USA,diet,0.50,183308.62359749188,21
USA,diet,afford,183308.62359749188,21
USA,glp1,0.20,214705.8268180313,21
USA,glp1,0.50,537615.743639,21
USA,glp1,afford,1078101.3715135066,21
ZAF,combo,0.20,15036.363784740695,21
ZAF,combo,0.50,35829.57452056132,21
ZAF,combo,afford,56700.628041153366,21
ZAF,diet,0.20,1216.3490745024274,21
ZAF,diet,0.50,1216.3490745024274,21
ZAF,diet,afford,1216.3490745024274,21
ZAF,glp1,0.20,13834.166192067963,21
ZAF,glp1,0.50,34648.57085567569,21
ZAF,glp1,afford,55540.77791473926,21
AUS,combo,0.20,21757.5628102398,22
AUS,combo,0.50,37818.433279320256,22
AUS,combo,afford,64670.477416629714,22
AUS,diet,0.20,11071.02796468834,22
AUS,diet,0.50,11071.02796468834,22
AUS,diet,afford,11071.02796468834,22
AUS,glp1,0.20,10835.388964831329,22
AUS,glp1,0.50,27119.23388714587,22
AUS,glp1,afford,54342.04176833627,22
BGD,combo,0.20,148484.57062677015,22
BGD,combo,0.50,181492.0382297717,22
BGD,combo,afford,214560.13858845996,22
BGD,diet,0.20,126512.98227171005,22
BGD,diet,0.50,126512.98227171005,22
BGD,diet,afford,126512.98227171005,22
BGD,glp1,0.20,22486.739516703245,22
BGD,glp1,0.50,56267.56921932582,22
BGD,glp1,afford,90109.79545862712,22
BGR,combo,0.20,21877.83429488576,22
BGR,combo,0.50,33762.086852673005,22
BGR,combo,afford,53724.3328856872,22
BGR,diet,0.20,13992.899229719824,22
BGR,diet,0.50,13992.899229719824,22
BGR,diet,afford,13992.899229719824,22
BGR,glp1,0.20,8012.004160865015,22
BGR,glp1,0.50,20087.68044526638,22
BGR,glp1,afford,40371.17654689343,22
BRA,combo,0.20,186853.70776736247,22
BRA,combo,0.50,313051.74514352856,22
BRA,combo,afford,523838.2823681568,22
BRA,diet,0.20,102834.70496211216,22
BRA,diet,0.50,102834.70496211216,22
BRA,diet,afford,102834.70496211216,22
BRA,glp1,0.20,85398.25155019797,22
BRA,glp1,0.50,213660.92994528625,22
BRA,glp1,afford,427876.88011628017,22
CAN,combo,0.20,28591.66343968665,22
CAN,combo,0.50,53039.115111749226,22
CAN,combo,afford,93897.41568512908,22
CAN,diet,0.20,12321.23945438204,22
CAN,diet,0.50,12321.23945438204,22
CAN,diet,afford,12321.23945438204,22
CAN,glp1,0.20,16436.004607883802,22
CAN,glp1,0.50,41131.23616649928,22
CAN,glp1,afford,82400.88790410678,22
CHN,combo,0.20,1839243.599551341,22
CHN,combo,0.50,2435659.892208085,22
CHN,combo,afford,3431587.435598563,22
CHN,diet,0.20,1442104.989765842,22
CHN,diet,0.50,1442104.989765842,22
CHN,diet,afford,1442104.989765842,22
CHN,glp1,0.20,405671.7012614938,22
CHN,glp1,0.50,1014886.2281622211,22
CHN,glp1,afford,2032139.9342512172,22
DEU,combo,0.20,106055.4722596159,22
DEU,combo,0.50,197919.9442009472,22
DEU,combo,afford,351530.50653948524,22
DEU,diet,0.20,44937.25418417998,22
DEU,diet,0.50,44937.25418417998,22
DEU,diet,afford,44937.25418417998,22
DEU,glp1,0.20,61690.572131813045,22
DEU,glp1,0.50,154413.28935019684,22
DEU,glp1,afford,309453.3717922812,22
EGY,combo,0.20,122797.26273290228,22
EGY,combo,0.50,249545.57098393823,22
EGY,combo,afford,462920.945486319,22
EGY,diet,0.20,38814.24317204801,22
EGY,diet,0.50,38814.24317204801,22
EGY,diet,afford,38814.24317204801,22
EGY,glp1,0.20,84484.71367041563,22
EGY,glp1,0.50,211989.05601383108,22
EGY,glp1,afford,426633.9155641088,22
GBR,combo,0.20,59693.47642006571,22
GBR,combo,0.50,109482.26861035416,22
GBR,combo,afford,192706.06115318817,22
GBR,diet,0.20,26560.963901004936,22
GBR,diet,0.50,26560.963901004936,22
GBR,diet,afford,26560.963901004936,22
GBR,glp1,0.20,33504.33704792423,22
GBR,glp1,0.50,83849.59434434361,22
GBR,glp1,afford,167997.31391772197,22
GLB,combo,0.20,7459353.70652887,22
GLB,combo,0.50,10616506.442096408,22
GLB,combo,afford,15889714.329889797,22
GLB,diet,0.20,5357384.256098664,22
GLB,diet,0.50,5357384.256098664,22
GLB,diet,afford,5357384.256098664,22
GLB,glp1,0.20,2142498.2414222625,22
GLB,glp1,0.50,5360412.074917356,22
GLB,glp1,afford,10734799.630910331,22
IND,combo,0.20,852054.0368470222,22
IND,combo,0.50,1101097.7879380365,22
IND,combo,afford,1516764.5282863972,22
IND,diet,0.20,686172.3727262506,22
IND,diet,0.50,686172.3727262506,22
IND,diet,afford,686172.3727262506,22
IND,glp1,0.20,168278.0360933574,22
IND,glp1,0.50,420916.8975924188,22
IND,glp1,afford,842576.9322224986,22
ISR,combo,0.20,5043.034464277601,22
ISR,combo,0.50,9256.372685299226,22
ISR,combo,afford,16306.081211560846,22
ISR,diet,0.20,2240.9184740104365,22
ISR,diet,0.50,2240.9184740104365,22
ISR,diet,afford,2240.9184740104365,22
ISR,glp1,0.20,2834.860132361662,22
ISR,glp1,0.50,7097.221747776869,22
ISR,glp1,afford,14228.38175563706,22
JPN,combo,0.20,80490.17687576194,22
JPN,combo,0.50,121072.87271674312,22
JPN,combo,afford,188806.5564829441,22
JPN,diet,0.20,53458.6595066359,22
JPN,diet,0.50,53458.6595066359,22
JPN,diet,afford,53458.6595066359,22
JPN,glp1,0.20,27377.98023463353,22
JPN,glp1,0.50,68479.77563527467,22
JPN,glp1,afford,137077.04692570074,22
MEX,combo,0.20,87243.21245412313,22
MEX,combo,0.50,176205.4258162718,22
MEX,combo,afford,325481.7764514849,22
MEX,diet,0.20,28181.61768351969,22
MEX,diet,0.50,28181.61768351969,22
MEX,diet,afford,28181.61768351969,22
MEX,glp1,0.20,59461.84007117201,22
MEX,glp1,0.50,149025.1202614738,22
MEX,glp1,afford,299305.1360552617,22
NGA,combo,0.20,32108.45407204805,22
NGA,combo,0.50,68713.31848976665,22
NGA,combo,afford,56496.97043728565,22
NGA,diet,0.20,7778.153279711765,22
NGA,diet,0.50,7778.153279711765,22
NGA,diet,afford,7778.153279711765,22
NGA,glp1,0.20,24392.024645591944,22
NGA,glp1,0.50,61089.44440371348,22
NGA,glp1,afford,48842.24871917818,22
NZL,combo,0.20,5822.333546137646,22
NZL,combo,0.50,10380.175455063723,22
NZL,combo,afford,18001.286730397413,22
NZL,diet,0.20,2789.910340903122,22
NZL,diet,0.50,2789.910340903122,22
NZL,diet,afford,2789.910340903122,22
NZL,glp1,0.20,3070.205727121723,22
NZL,glp1,0.50,7684.731733079862,22
NZL,glp1,afford,15400.331609398532,22
ROU,combo,0.20,55605.21514236723,22
ROU,combo,0.50,80668.57585017136,22
ROU,combo,afford,122752.03705074987,22
ROU,diet,0.20,38971.998488435005,22
ROU,diet,0.50,38971.998488435005,22
ROU,diet,afford,38971.998488435005,22
ROU,glp1,0.20,16960.90415901321,22
ROU,glp1,0.50,42517.83987708756,22
ROU,glp1,afford,85429.46922130446,22
TUR,combo,0.20,91386.27273499298,22
TUR,combo,0.50,176185.83330660447,22
TUR,combo,afford,318407.9464003399,22
TUR,diet,0.20,35070.48470440411,22
TUR,diet,0.50,35070.48470440411,22
TUR,diet,afford,35070.48470440411,22
TUR,glp1,0.20,56791.75074846021,22
TUR,glp1,0.50,142306.4322000983,22
TUR,glp1,afford,285723.505837219,22
USA,combo,0.20,426115.5423512703,22
USA,combo,0.50,763394.5799987651,22
USA,combo,afford,1328077.6047770698,22
USA,diet,0.20,201891.3508095224,22
USA,diet,0.50,201891.3508095224,22
USA,diet,afford,201891.3508095224,22
USA,glp1,0.20,227064.0460199323,22
USA,glp1,0.50,568600.2010621523,22
USA,glp1,afford,1140370.5347491845,22
ZAF,combo,0.20,16026.541328839294,22
ZAF,combo,0.50,38114.916249736576,22
ZAF,combo,afford,60288.27777286683,22
ZAF,diet,0.20,1346.9215787794174,22
ZAF,diet,0.50,1346.9215787794174,22
ZAF,diet,afford,1346.9215787794174,22
ZAF,glp1,0.20,14695.162022724871,22
ZAF,glp1,0.50,36806.81735231988,22
ZAF,glp1,afford,59003.41922443612,22
AUS,combo,0.20,23454.148872288588,23
AUS,combo,0.50,40476.02990193636,23
AUS,combo,afford,68937.7672533576,23
AUS,diet,0.20,12128.916935166942,23
AUS,diet,0.50,12128.916935166942,23
AUS,diet,afford,12128.916935166942,23
AUS,glp1,0.20,11487.097095040888,23
AUS,glp1,0.50,28751.491434671523,23
AUS,glp1,afford,57616.61396889888,23
BGD,combo,0.20,161322.85016208986,23
BGD,combo,0.50,196177.9159767984,23
BGD,combo,afford,231097.4450378277,23
BGD,diet,0.20,138121.63782900688,23
BGD,diet,0.50,138121.63782900688,23
BGD,diet,afford,138121.63782900688,23
BGD,glp1,0.20,23755.76535057971,23
BGD,glp1,0.50,59443.42315752936,23
BGD,glp1,afford,95196.46138754216,23
BGR,combo,0.20,23205.3246157585,23
BGR,combo,0.50,35560.75037086765,23
BGR,combo,afford,56316.30447800866,23
BGR,diet,0.20,15008.231273526366,23
BGR,diet,0.50,15008.231273526366,23
BGR,diet,afford,15008.231273526366,23
BGR,glp1,0.20,8331.638492896862,23
BGR,glp1,0.50,20889.79831301438,23
BGR,glp1,afford,41985.71402931484,23
BRA,combo,0.20,202435.58694777123,23
BRA,combo,0.50,336318.3390025353,23
BRA,combo,afford,559963.251620865,23
BRA,diet,0.20,113305.94880037846,23
BRA,diet,0.50,113305.94880037846,23
BRA,diet,afford,113305.94880037846,23
BRA,glp1,0.20,90635.70147728402,23
BRA,glp1,0.50,226773.4916530622,23
BRA,glp1,afford,454165.585606417,23
CAN,combo,0.20,30698.65842362811,23
CAN,combo,0.50,56470.47492583779,23
CAN,combo,afford,99544.85292549066,23
CAN,diet,0.20,13547.503938934684,23
CAN,diet,0.50,13547.503938934684,23
CAN,diet,afford,13547.503938934684,23
CAN,glp1,0.20,17332.027696473757,23
CAN,glp1,0.50,43374.55969698623,23
CAN,glp1,afford,86898.5029218137,23
CHN,combo,0.20,2002989.8892614683,23
CHN,combo,0.50,2632367.0104995985,23
CHN,combo,afford,3683361.5842846986,23
CHN,diet,0.20,1583910.3003199974,23
CHN,diet,0.50,1583910.3003199974,23
CHN,diet,afford,1583910.3003199974,23
CHN,glp1,0.20,428357.2361685836,23
CHN,glp1,0.50,1071650.9913951426,23
CHN,glp1,afford,2145839.880826656,23
DEU,combo,0.20,113168.48381536744,23
DEU,combo,0.50,209715.72533927608,23
DEU,combo,afford,371175.1453295464,23
DEU,diet,0.20,48939.38277085997,23
DEU,diet,0.50,48939.38277085997,23
DEU,diet,afford,48939.38277085997,23
DEU,glp1,0.20,64847.210164535005,23
DEU,glp1,0.50,162321.5323698472,23
DEU,glp1,afford,325325.73475767963,23
EGY,combo,0.20,131258.93684397527,23
EGY,combo,0.50,265219.6703402176,23
EGY,combo,afford,490769.5449769129,23
EGY,diet,0.20,42504.94238115648,23
EGY,diet,0.50,42504.94238115648,23
EGY,diet,afford,42504.94238115648,23
EGY,glp1,0.20,89295.22304363662,23
EGY,glp1,0.50,224071.90330757917,23
EGY,glp1,afford,450992.7795045219,23
GBR,combo,0.20,63797.03768378701,23
GBR,combo,0.50,116091.03026012742,23
GBR,combo,afford,203508.42764261347,23
GBR,diet,0.20,28998.91213208108,23
GBR,diet,0.50,28998.91213208108,23
GBR,diet,afford,28998.91213208108,23
GBR,glp1,0.20,35201.24131100341,23
GBR,glp1,0.50,88098.65175195628,23
GBR,glp1,afford,176518.26355156236,23
GLB,combo,0.20,8105978.340016227,23
GLB,combo,0.50,11439441.94944211,23
GLB,combo,afford,17007376.788279776,23
GLB,diet,0.20,5886685.420957823,23
GLB,diet,0.50,5886685.420957823,23
GLB,diet,afford,5886685.420957823,23
GLB,glp1,0.20,2263408.4359639054,23
GLB,glp1,0.50,5663019.935131568,23
GLB,glp1,afford,11341130.1438775,23
IND,combo,0.20,926278.1206622152,23
IND,combo,0.50,1189258.2632015713,23
IND,combo,afford,1628194.436880116,23
IND,diet,0.20,751115.9842465349,23
IND,diet,0.50,751115.9842465349,23
IND,diet,afford,751115.9842465349,23
IND,glp1,0.20,177754.47945447543,23
IND,glp1,0.50,444624.0304269232,23
IND,glp1,afford,890044.9067903799,23
ISR,combo,0.20,5452.9809488728215,23
ISR,combo,0.50,9940.01025885708,23
ISR,combo,afford,17448.985854829647,23
ISR,diet,0.20,2469.1692228177358,23
ISR,diet,0.50,2469.1692228177358,23
ISR,diet,afford,2469.1692228177358,23
ISR,glp1,0.20,3019.651916084794,23
ISR,glp1,0.50,7560.351425743248,23
ISR,glp1,afford,15158.530210201105,23
JPN,combo,0.20,86312.7741327644,23
JPN,combo,0.50,128760.8806318212,23
JPN,combo,afford,199612.2302161203,23
JPN,diet,0.20,58039.7672669488,23
JPN,diet,0.50,58039.7672669488,23
JPN,diet,afford,58039.7672669488,23
JPN,glp1,0.20,28646.74092347696,23
JPN,glp1,0.50,71654.84434107445,23
JPN,glp1,afford,143437.9204774171,23
MEX,combo,0.20,93988.18243640383,23
MEX,combo,0.50,188676.1835207695,23
MEX,combo,afford,347601.6024997998,23
MEX,diet,0.20,31135.253562058915,23
MEX,diet,0.50,31135.253562058915,23
MEX,diet,afford,31135.253562058915,23
MEX,glp1,0.20,63290.04826953288,23
MEX,glp1,0.50,158634.7222666671,23
MEX,glp1,afford,318657.2886514552,23
NGA,combo,0.20,34589.41915781026,23
NGA,combo,0.50,73651.5918151041,23
NGA,combo,afford,60614.90686247712,23
NGA,diet,0.20,8627.008126767603,23
NGA,diet,0.50,8627.008126767603,23
NGA,diet,afford,8627.008126767603,23
NGA,glp1,0.20,26030.159377555505,23
NGA,glp1,0.50,65193.935966156,23
NGA,glp1,afford,52123.38560599132,23
NZL,combo,0.20,6254.5867528612725,23
NZL,combo,0.50,11073.192188044177,23
NZL,combo,afford,19131.28165027944,23
NZL,diet,0.20,3048.910621277145,23
NZL,diet,0.50,3048.910621277145,23
NZL,diet,afford,3048.910621277145,23
NZL,glp1,0.20,3246.5869358959712,23
NZL,glp1,0.50,8126.586274885743,23
NZL,glp1,afford,16287.059771367089,23
ROU,combo,0.20,59229.81063102119,23
ROU,combo,0.50,85369.37143784578,23
ROU,combo,afford,129262.8936720619,23
ROU,diet,0.20,41883.11556894904,23
ROU,diet,0.50,41883.11556894904,23
ROU,diet,afford,41883.11556894904,23
ROU,glp1,0.20,17694.331151696133,23
ROU,glp1,0.50,44357.62178231687,23
ROU,glp1,afford,89130.20069279832,23
TUR,combo,0.20,98124.60765928664,23
TUR,combo,0.50,187980.17729799412,23
TUR,combo,afford,338703.7035396794,23
TUR,diet,0.20,38456.42336009804,23
TUR,diet,0.50,38456.42336009804,23
TUR,diet,afford,38456.42336009804,23
TUR,glp1,0.20,60184.67787949839,23
TUR,glp1,0.50,150816.49867136416,23
TUR,glp1,afford,302837.7662692713,23
USA,combo,0.20,457258.2085405618,23
USA,combo,0.50,812842.2562187348,23
USA,combo,afford,1408280.541838369,23
USA,diet,0.20,220891.37019213475,23
USA,diet,0.50,220891.37019213475,23
USA,diet,afford,220891.37019213475,23
USA,glp1,0.20,239443.58595305448,23
USA,glp1,0.50,599641.2113193931,23
USA,glp1,afford,1202763.865074067,23
ZAF,combo,0.20,17036.797483421775,23
ZAF,combo,0.50,40443.41234224792,23
ZAF,combo,afford,63942.382626532606,23
ZAF,diet,0.20,1482.308008580659,23
ZAF,diet,0.50,1482.308008580659,23
ZAF,diet,afford,1482.308008580659,23
ZAF,glp1,0.20,15571.46095661132,23
ZAF,glp1,0.50,39003.50068419363,23
ZAF,glp1,afford,62527.85653061816,23
AUS,combo,0.20,25185.58666015516,24
AUS,combo,0.50,43179.62480137757,24
AUS,combo,afford,73269.96187605163,24
AUS,diet,0.20,13214.30754414821,24
AUS,diet,0.50,13214.30754414821,24
AUS,diet,afford,13214.30754414821,24
AUS,glp1,0.20,12146.376195758376,24
AUS,glp1,0.50,30402.802924396547,24
AUS,glp1,afford,60929.7210165242,24
BGD,combo,0.20,174436.7740635741,24
BGD,combo,0.50,211162.5231576456,24
BGD,combo,afford,247956.674860198,24
BGD,diet,0.20,149990.60793753015,24
BGD,diet,0.50,149990.60793753015,24
BGD,diet,afford,149990.60793753015,24
BGD,glp1,0.20,25040.29258831471,24
BGD,glp1,0.50,62658.127611327,24
BGD,glp1,afford,100345.44389621411,24
BGR,combo,0.20,24526.18754972608,24
BGR,combo,0.50,37346.57240888,24
BGR,combo,afford,58885.03083792179,24
BGR,diet,0.20,16021.067821222312,24
BGR,diet,0.50,16021.067821222312,24
BGR,diet,afford,16021.067821222312,24
BGR,glp1,0.20,8646.994280679932,24
BGR,glp1,0.50,21681.205835258497,24
BGR,glp1,afford,43578.78079569695,24
BRA,combo,0.20,218413.33968262788,24
BRA,combo,0.50,360091.6981031425,24
BRA,combo,afford,596782.7716071754,24
BRA,diet,0.20,124099.87321538111,24
BRA,diet,0.50,124099.87321538111,24
BRA,diet,afford,124099.87321538111,24
BRA,glp1,0.20,95948.61474566834,24
BRA,glp1,0.50,240075.8827644316,24
BRA,glp1,afford,480837.8818405302,24
CAN,combo,0.20,32840.55424774698,24
CAN,combo,0.50,59941.15424852126,24
CAN,combo,afford,105239.15816886844,24
CAN,diet,0.20,14805.76902696805,24
CAN,diet,0.50,14805.76902696805,24
CAN,diet,afford,14805.76902696805,24
CAN,glp1,0.20,18231.21833150531,24
CAN,glp1,0.50,45625.875912215815,24
CAN,glp1,afford,91412.35131384464,24
CHN,combo,0.20,2170517.95028778,24
CHN,combo,0.50,2833148.653260638,24
CHN,combo,afford,3939701.519273868,24
CHN,diet,0.20,1729303.0503308764,24
CHN,diet,0.50,1729303.0503308764,24
CHN,diet,afford,1729303.0503308764,24
CHN,glp1,0.20,451245.77585083584,24
CHN,glp1,0.50,1128924.718617712,24
CHN,glp1,afford,2260562.591057984,24
DEU,combo,0.20,120341.4327354228,24
DEU,combo,0.50,221568.66296522573,24
DEU,combo,afford,390873.9949661112,24
DEU,diet,0.20,53003.71803649672,24
DEU,diet,0.50,53003.71803649672,24
DEU,diet,afford,53003.71803649672,24
DEU,glp1,0.20,68001.73246050083,24
DEU,glp1,0.50,170225.13376035175,24
DEU,glp1,afford,341191.0021194965,24
EGY,combo,0.20,139898.20337282063,24
EGY,combo,0.50,281188.0171399658,24
EGY,combo,afford,519113.0982271625,24
EGY,diet,0.20,46297.00556298175,24
EGY,diet,0.50,46297.00556298175,24
EGY,diet,afford,46297.00556298175,24
EGY,glp1,0.20,94182.09107356348,24
EGY,glp1,0.50,236348.0050496353,24
EGY,glp1,afford,475746.1304179931,24
GBR,combo,0.20,67957.44807042506,24
GBR,combo,0.50,122763.42648694925,24
GBR,combo,afford,214386.1299864657,24
GBR,diet,0.20,31489.283179227663,24
GBR,diet,0.50,31489.283179227663,24
GBR,diet,afford,31489.283179227663,24
GBR,glp1,0.20,36902.95178375402,24
GBR,glp1,0.50,92359.88353462152,24
GBR,glp1,afford,185064.0944401408,24
GLB,combo,0.20,8769472.21396513,24
GLB,combo,0.50,12281424.4351632,24
GLB,combo,afford,18147744.152271107,24
GLB,diet,0.20,6431411.065750236,24
GLB,diet,0.50,6431411.065750236,24
GLB,diet,afford,6431411.065750236,24
GLB,glp1,0.20,2385822.1606510305,24
GLB,glp1,0.50,5969398.354719127,24
GLB,glp1,afford,11955041.015848177,24
IND,combo,0.20,1002305.0111425729,24
IND,combo,0.50,1279396.0048997628,24
IND,combo,afford,1741893.71316229,24
IND,diet,0.20,817746.4284480625,24
IND,diet,0.50,817746.4284480625,24
IND,diet,afford,817746.4284480625,24
IND,glp1,0.20,187348.81153060333,24
IND,glp1,0.50,468626.4158676737,24
IND,glp1,afford,938105.1613945804,24
ISR,combo,0.20,5874.589222102076,24
ISR,combo,0.50,10640.836131745393,24
ISR,combo,afford,18618.44455954719,24
ISR,diet,0.20,2705.435048695819,24
ISR,diet,0.50,2705.435048695819,24
ISR,diet,afford,2705.435048695819,24
ISR,glp1,0.20,3208.175869482365,24
ISR,glp1,0.50,8032.869108421378,24
ISR,glp1,afford,16107.651061140172,24
JPN,combo,0.20,92195.96750415902,24
JPN,combo,0.50,136501.50873588026,24
JPN,combo,afford,210457.4162970014,24
JPN,diet,0.20,62686.83259250797,24
JPN,diet,0.50,62686.83259250797,24
JPN,diet,afford,62686.83259250797,24
JPN,glp1,0.20,29910.32489320544,24
JPN,glp1,0.50,74817.04002178521,24
JPN,glp1,afford,149773.28606168024,24
MEX,combo,0.20,100908.9438971633,24
MEX,combo,0.50,201429.9932111758,24
MEX,combo,afford,370189.2596052698,24
MEX,diet,0.20,34194.61924615104,24
MEX,diet,0.50,34194.61924615104,24
MEX,diet,afford,34194.61924615104,24
MEX,glp1,0.20,67189.01863214682,24
MEX,glp1,0.50,168423.42932375788,24
MEX,glp1,afford,338375.2170207462,24
NGA,combo,0.20,37157.90791670208,24
NGA,combo,0.50,78751.38842882225,24
NGA,combo,afford,64869.637682250046,24
NGA,diet,0.20,9514.361101493185,24
NGA,diet,0.50,9514.361101493185,24
NGA,diet,afford,9514.361101493185,24
NGA,glp1,0.20,27717.512437760823,24
NGA,glp1,0.50,69421.93659971867,24
NGA,glp1,afford,55503.205366071474,24
NZL,combo,0.20,6693.981046482612,24
NZL,combo,0.50,11775.464357153434,24
NZL,combo,afford,20274.147656566576,24
NZL,diet,0.20,3313.665162563851,24
NZL,diet,0.50,3313.665162563851,24
NZL,diet,afford,3313.665162563851,24
NZL,glp1,0.20,3424.386988242548,24
NZL,glp1,0.50,8572.023859024843,24
NZL,glp1,afford,17181.07463377684,24
ROU,combo,0.20,62859.8418097788,24
ROU,combo,0.50,90069.60687288182,24
ROU,combo,afford,135763.27733488215,24
ROU,diet,0.20,44803.68675002341,24
ROU,diet,0.50,44803.68675002341,24
ROU,diet,afford,44803.68675002341,24
ROU,glp1,0.20,18423.46026500968,24
ROU,glp1,0.50,46186.69727282015,24
ROU,glp1,afford,92809.64293153668,24
TUR,combo,0.20,105015.16445987152,24
TUR,combo,0.50,200004.8874216712,24
TUR,combo,afford,359362.9953132914,24
TUR,diet,0.20,41943.20767616679,24
TUR,diet,0.50,41943.20767616679,24
TUR,diet,afford,41943.20767616679,24
TUR,glp1,0.20,63629.6025272758,24
TUR,glp1,0.50,159457.67042036183,24
TUR,glp1,afford,320217.99214873253,24
USA,combo,0.20,488764.9274223148,24
USA,combo,0.50,862665.4931237423,24
USA,combo,afford,1488885.9629918635,24
USA,diet,0.20,240249.65430547693,24
USA,diet,0.50,240249.65430547693,24
USA,diet,afford,240249.65430547693,24
USA,glp1,0.20,251830.1002338535,24
USA,glp1,0.50,630702.633080177,24
USA,glp1,afford,1265208.151155606,24
ZAF,combo,0.20,18066.314581458264,24
ZAF,combo,0.50,42813.35673057779,24
ZAF,combo,afford,67660.34798798067,24
ZAF,diet,0.20,1622.2830809650904,24
ZAF,diet,0.50,1622.2830809650904,24
ZAF,diet,afford,1622.2830809650904,24
ZAF,glp1,0.20,16462.468150043955,24
ZAF,glp1,0.50,41237.13391817605,24
ZAF,glp1,afford,66111.71066517639,24
AUS,combo,0.20,26949.188779164324,25
AUS,combo,0.50,45925.65562212936,25
AUS,combo,afford,77662.02740758586,25
AUS,diet,0.20,14325.092426170791,25
AUS,diet,0.50,14325.092426170791,25
AUS,diet,afford,14325.092426170791,25
AUS,glp1,0.20,12812.621414431036,25
AUS,glp1,0.50,32071.651193880483,25
AUS,glp1,afford,64278.31168060831,25
BGD,combo,0.20,187798.80824803372,25
BGD,combo,0.50,226415.41310012917,25
BGD,combo,afford,265104.47352799325,25
BGD,diet,0.20,162094.3028345636,25
BGD,diet,0.50,162094.3028345636,25
BGD,diet,afford,162094.3028345636,25
BGD,glp1,0.20,26338.296504481103,25
BGD,glp1,0.50,65906.6242275407,25
BGD,glp1,afford,105548.65521548752,25
BGR,combo,0.20,25838.69961966831,25
BGR,combo,0.50,39117.74649596883,25
BGR,combo,afford,61428.57388676298,25
BGR,diet,0.20,17029.74235778794,25
BGR,diet,0.50,17029.74235778794,25
BGR,diet,afford,17029.74235778794,25
BGR,glp1,0.20,8958.007110447661,25
BGR,glp1,0.50,22461.744204703184,25
BGR,glp1,afford,45150.06682799558,25
BRA,combo,0.20,234752.329967803,25
BRA,combo,0.50,384327.04697465233,25
BRA,combo,afford,634235.2214527213,25
BRA,diet,0.20,135188.61497195612,25
BRA,diet,0.50,135188.61497195612,25
BRA,diet,afford,135188.61497195612,25
BRA,glp1,0.20,101329.85711156242,25
BRA,glp1,0.50,253550.28667448723,25
BRA,glp1,afford,507858.2004031007,25
CAN,combo,0.20,35012.88566315301,25
CAN,combo,0.50,63445.225148044905,25
CAN,combo,afford,110971.94327667724,25
CAN,diet,0.20,16092.539057694255,25
CAN,diet,0.50,16092.539057694255,25
CAN,diet,afford,16092.539057694255,25
CAN,glp1,0.20,19132.56451319113,25
CAN,glp1,0.50,47882.64640258294,25
CAN,glp1,afford,95937.32797491024,25
CHN,combo,0.20,2341364.7138140798,25
CHN,combo,0.50,3037492.067613612,25
CHN,combo,afford,4200011.701341736,25
CHN,diet,0.20,1877853.2983842932,25
CHN,diet,0.50,1877853.2983842932,25
CHN,diet,afford,1877853.2983842932,25
CHN,glp1,0.20,474301.99132012925,25
CHN,glp1,0.50,1186619.0862650338,25
CHN,glp1,afford,2376131.415941304,25
DEU,combo,0.20,127557.7521956396,25
DEU,combo,0.50,233455.28538343168,25
DEU,combo,afford,410591.9426474824,25
DEU,diet,0.20,57118.26313862452,25
DEU,diet,0.50,57118.26313862452,25
DEU,diet,afford,57118.26313862452,25
DEU,glp1,0.20,71149.44306623508,25
DEU,glp1,0.50,178112.30229001725,25
DEU,glp1,afford,357025.4203575753,25
EGY,combo,0.20,148695.44482691144,25
EGY,combo,0.50,297416.6255012238,25
EGY,combo,afford,547893.9845069152,25
EGY,diet,0.20,50180.46909616099,25
EGY,diet,0.50,50180.46909616099,25
EGY,diet,afford,50180.46909616099,25
EGY,glp1,0.20,99135.50680885997,25
EGY,glp1,0.50,248792.94572430523,25
EGY,glp1,afford,500845.52294267993,25
GBR,combo,0.20,72167.76835607259,25
GBR,combo,0.50,129490.6937835934,25
GBR,combo,afford,225327.3516171268,25
GBR,diet,0.20,34026.350923498896,25
GBR,diet,0.50,34026.350923498896,25
GBR,diet,afford,34026.350923498896,25
GBR,glp1,0.20,38608.18247613725,25
GBR,glp1,0.50,96630.06991463694,25
GBR,glp1,afford,193628.35080169205,25
GLB,combo,0.20,9448502.269953258,25
GLB,combo,0.50,13140962.040602691,25
GLB,combo,afford,19309060.629013915,25
GLB,diet,0.20,6990334.182158319,25
GLB,diet,0.50,6990334.182158319,25
GLB,diet,afford,6990334.182158319,25
GLB,glp1,0.20,2509624.6689157044,25
GLB,glp1,0.50,6279260.721890765,25
GLB,glp1,afford,12575959.872892655,25
IND,combo,0.20,1079974.0074170812,25
IND,combo,0.50,1371330.8809988445,25
IND,combo,afford,1857649.923820476,25
IND,diet,0.20,885915.9794745547,25
IND,diet,0.50,885915.9794745547,25
IND,diet,afford,885915.9794745547,25
IND,glp1,0.20,197047.579919906,25
IND,glp1,0.50,492890.4532121041,25
IND,glp1,afford,986690.59600777,25
ISR,combo,0.20,6307.484911218027,25
ISR,combo,0.50,11358.3569031782,25
ISR,combo,afford,19813.761466192725,25
ISR,diet,0.20,2949.419927406234,25
ISR,diet,0.50,2949.419927406234,25
ISR,diet,afford,2949.419927406234,25
ISR,glp1,0.20,3400.349697894336,25
ISR,glp1,0.50,8514.567535042175,25
ISR,glp1,afford,17075.32464259585,25
JPN,combo,0.20,98131.35781916414,25
JPN,combo,0.50,144286.2046166929,25
JPN,combo,afford,221333.29376061624,25
JPN,diet,0.20,67391.55530952432,25
JPN,diet,0.50,67391.55530952432,25
JPN,diet,afford,67391.55530952432,25
JPN,glp1,0.20,31168.59137792624,25
JPN,glp1,0.50,77966.00587267471,25
JPN,glp1,afford,156082.4132629421,25
MEX,combo,0.20,107992.62184369715,25
MEX,combo,0.50,214445.0556930288,25
MEX,combo,afford,393207.98119197326,25
MEX,diet,0.20,37352.76475673584,25
MEX,diet,0.50,37352.76475673584,25
MEX,diet,afford,37352.76475673584,25
MEX,glp1,0.20,71152.72242869965,25
MEX,glp1,0.50,178376.13196175123,25
MEX,glp1,afford,358428.5809002734,25
NGA,combo,0.20,39810.55264507122,25
NGA,combo,0.50,84006.17471113596,25
NGA,combo,afford,69255.68273870091,25
NGA,diet,0.20,10438.96428792606,25
NGA,diet,0.50,10438.96428792606,25
NGA,diet,afford,10438.96428792606,25
NGA,glp1,0.20,29451.951712425755,25
NGA,glp1,0.50,73768.12980862797,25
NGA,glp1,afford,58977.45111765999,25
NZL,combo,0.20,7139.7622048123,25
NZL,combo,0.50,12485.974230630422,25
NZL,combo,afford,21428.423888437457,25
NZL,diet,0.20,3583.5944315675224,25
NZL,diet,0.50,3583.5944315675224,25
NZL,diet,afford,3583.5944315675224,25
NZL,glp1,0.20,3603.424659517185,25
NZL,glp1,0.50,9020.589877165716,25
NZL,glp1,afford,18081.461815594703,25
ROU,combo,0.20,66489.81209183691,25
ROU,combo,0.50,94762.98828430538,25
ROU,combo,afford,142245.5861798169,25
ROU,diet,0.20,47728.75198105123,25
ROU,diet,0.50,47728.75198105123,25
ROU,diet,afford,47728.75198105123,25
ROU,glp1,0.20,19147.728417762188,25
ROU,glp1,0.50,48003.66567412146,25
ROU,glp1,afford,96465.01876681142,25
TUR,combo,0.20,112047.08981695512,25
TUR,combo,0.50,212243.53986944348,25
TUR,combo,afford,380360.1452613864,25
TUR,diet,0.20,45523.705849555234,25
TUR,diet,0.50,45523.705849555234,25
TUR,diet,afford,45523.705849555234,25
TUR,glp1,0.20,67122.70225772084,25
TUR,glp1,0.50,168220.40281181518,25
TUR,glp1,afford,337845.13247973024,25
USA,combo,0.20,520568.9354524343,25
USA,combo,0.50,912778.6095955144,25
USA,combo,afford,1569775.9624457844,25
USA,diet,0.20,259911.88057239272,25
USA,diet,0.50,259911.88057239272,25
USA,diet,afford,259911.88057239272,25
USA,glp1,0.20,264210.5406458036,25
USA,glp1,0.50,661751.5816894928,25
USA,glp1,afford,1327636.7310341066,25
ZAF,combo,0.20,19114.138568879367,25
ZAF,combo,0.50,45222.698633920736,25
ZAF,combo,afford,71439.02786234791,25
ZAF,diet,0.20,1766.624889097323,25
ZAF,diet,0.50,1766.624889097323,25
ZAF,diet,afford,1766.624889097323,25
ZAF,glp1,0.20,17367.448992466932,25
ZAF,glp1,0.50,43505.88202420736,25
ZAF,glp1,afford,69752.04769398943,25
AUS,combo,0.20,28742.41138840474,26
AUS,combo,0.50,48710.73345056304,26
AUS,combo,afford,82109.15379376305,26
AUS,diet,0.20,15459.287993505226,26
AUS,diet,0.50,15459.287993505226,26
AUS,diet,afford,15459.287993505226,26
AUS,glp1,0.20,13485.249421998436,26
AUS,glp1,0.50,33756.57311344691,26
AUS,glp1,afford,67659.44351146475,26
BGD,combo,0.20,201380.8870300214,26
BGD,combo,0.50,241905.25665603572,26
BGD,combo,afford,282506.25174378016,26
BGD,diet,0.20,174406.83428161003,26
BGD,diet,0.50,174406.83428161003,26
BGD,diet,afford,174406.83428161003,26
BGD,glp1,0.20,27647.51708325772,26
BGD,glp1,0.50,69183.2652751709,26
BGD,glp1,afford,110797.06272981723,26
BGR,combo,0.20,27141.182027881103,26
BGR,combo,0.50,40872.43729098344,26
BGR,combo,afford,63944.84351191132,26
BGR,diet,0.20,18032.68192601046,26
BGR,diet,0.50,18032.68192601046,26
BGR,diet,afford,18032.68192601046,26
BGR,glp1,0.20,9264.563677559603,26
BGR,glp1,0.50,23231.13216249152,26
BGR,glp1,afford,46699.01649739073,26
BRA,combo,0.20,251417.5913938934,26
BRA,combo,0.50,408978.5158257068,26
BRA,combo,afford,672256.6095030601,26
BRA,diet,0.20,146544.4888357018,26
BRA,diet,0.50,146544.4888357018,26
BRA,diet,afford,146544.4888357018,26
BRA,glp1,0.20,106771.79852308022,26
BRA,glp1,0.50,267177.64563861635,26
BRA,glp1,afford,535188.4853858657,26
CAN,combo,0.20,37211.46496907853,26
CAN,combo,0.50,66977.15174277099,26
CAN,combo,afford,116735.40395952352,26
CAN,diet,0.20,17404.51982910443,26
CAN,diet,0.50,17404.51982910443,26
CAN,diet,afford,17404.51982910443,26
CAN,glp1,0.20,20035.133861834503,26
CAN,glp1,0.50,50142.532141316144,26
CAN,glp1,afford,100468.72765228184,26
CHN,combo,0.20,2515075.4863394457,26
CHN,combo,0.50,3244890.985450844,26
CHN,combo,afford,4463699.890587701,26
CHN,diet,0.20,2029140.7300833191,26
CHN,diet,0.50,2029140.7300833191,26
CHN,diet,afford,2029140.7300833191,26
CHN,glp1,0.20,497489.42372818536,26
CHN,glp1,0.50,1244642.9323905034,26
CHN,glp1,afford,2492363.9840087933,26
DEU,combo,0.20,134801.9520781709,26
DEU,combo,0.50,245353.6497568896,26
DEU,combo,afford,430296.1471754685,26
DEU,diet,0.20,61271.793936187096,26
DEU,diet,0.50,61271.793936187096,26
DEU,diet,afford,61271.793936187096,26
DEU,glp1,0.20,74285.96374539215,26
DEU,glp1,0.50,185972.03706044704,26
DEU,glp1,afford,372806.8028423741,26
EGY,combo,0.20,157628.5547229588,26
EGY,combo,0.50,313866.42521105823,26
EGY,combo,afford,577045.1037733876,26
EGY,diet,0.20,54144.59308223073,26
EGY,diet,0.50,54144.59308223073,26
EGY,diet,afford,54144.59308223073,26
EGY,glp1,0.20,104143.9398502802,26
EGY,glp1,0.50,261377.98460769895,26
EGY,glp1,afford,526233.7733099043,26
GBR,combo,0.20,76421.18865418015,26
GBR,combo,0.50,136264.10655176817,26
GBR,combo,afford,236320.16205331477,26
GBR,diet,0.20,36604.57967072328,26
GBR,diet,0.50,36604.57967072328,26
GBR,diet,afford,36604.57967072328,26
GBR,glp1,0.20,40315.590080713744,26
GBR,glp1,0.50,100905.8479739045,26
GBR,glp1,afford,202204.2910983741,26
GLB,combo,0.20,10141742.414964356,26
GLB,combo,0.50,14016551.729801845,26
GLB,combo,afford,20489529.05739732,26
GLB,diet,0.20,7562246.833504748,26
GLB,diet,0.50,7562246.833504748,26
GLB,diet,afford,7562246.833504748,26
GLB,glp1,0.20,2634689.411306176,26
GLB,glp1,0.50,6592290.932552727,26
GLB,glp1,afford,13203255.408452405,26
IND,combo,0.20,1159119.7369269114,26
IND,combo,0.50,1464875.292211473,26
IND,combo,afford,1975238.5008314063,26
IND,diet,0.20,955474.1014191242,26
IND,diet,0.50,955474.1014191242,26
IND,diet,afford,955474.1014191242,26
IND,glp1,0.20,206835.46499519775,26
IND,glp1,0.50,517377.8706163069,26
IND,glp1,afford,1035724.758170539,26
ISR,combo,0.20,6751.305588947571,26
ISR,combo,0.50,12092.085043221892,26
ISR,combo,afford,21034.237039661508,26
ISR,diet,0.20,3200.8439781532625,26
ISR,diet,0.50,3200.8439781532625,26
ISR,diet,afford,3200.8439781532625,26
ISR,glp1,0.20,3596.087091515502,26
ISR,glp1,0.50,9005.229633585848,26
ISR,glp1,afford,18061.11240602532,26
JPN,combo,0.20,104110.9225760188,26
JPN,combo,0.50,152106.62734224537,26
JPN,combo,afford,232230.98002017708,26
JPN,diet,0.20,72146.12258824708,26
JPN,diet,0.50,72146.12258824708,26
JPN,diet,afford,72146.12258824708,26
JPN,glp1,0.20,32421.29117923902,26
JPN,glp1,0.50,81101.11485506002,26
JPN,glp1,afford,162364.03403852263,26
MEX,combo,0.20,115225.89037020312,26
MEX,combo,0.50,227698.58724626253,26
MEX,combo,afford,416619.0979059151,26
MEX,diet,0.20,40602.63811290272,26
MEX,diet,0.50,40602.63811290272,26
MEX,diet,afford,40602.63811290272,26
MEX,glp1,0.20,75174.7848271689,26
MEX,glp1,0.50,188476.84508682837,26
MEX,glp1,afford,378785.2526128902,26
NGA,combo,0.20,42543.41685317343,26
NGA,combo,0.50,89408.19505921935,26
NGA,combo,afford,73766.55791374802,26
NGA,diet,0.20,11399.435000470488,26
NGA,diet,0.50,11399.435000470488,26
NGA,diet,afford,11399.435000470488,26
NGA,glp1,0.20,31230.91025787495,26
NGA,glp1,0.50,78226.10984869071,26
NGA,glp1,afford,62540.99516082679,26
NZL,combo,0.20,7591.212189749397,26
NZL,combo,0.50,13203.746250258597,26
NZL,combo,afford,22592.70172541945,26
NZL,diet,0.20,3858.151109176437,26
NZL,diet,0.50,3858.151109176437,26
NZL,diet,afford,3858.151109176437,26
NZL,glp1,0.20,3783.523202493934,26
NZL,glp1,0.50,9471.840949026338,26
NZL,glp1,afford,18987.329498792464,26
ROU,combo,0.20,70114.19894687012,26
ROU,combo,0.50,99442.9929579381,26
ROU,combo,afford,148701.6462823959,26
ROU,diet,0.20,50653.45926362702,26
ROU,diet,0.50,50653.45926362702,26
ROU,diet,afford,50653.45926362702,26
ROU,glp1,0.20,19866.43770442984,26
ROU,glp1,0.50,49806.7873346932,26
ROU,glp1,afford,100092.86671487492,26
TUR,combo,0.20,119208.8246978326,26
TUR,combo,0.50,224678.2221756106,26
TUR,combo,afford,401666.6838445454,26
TUR,diet,0.20,49190.60236511898,26
TUR,diet,0.50,49190.60236511898,26
TUR,diet,afford,49190.60236511898,26
TUR,glp1,0.20,70659.63131327245,26
TUR,glp1,0.50,177093.84290612498,26
TUR,glp1,afford,355697.5200029401,26
USA,combo,0.20,552608.8553684604,26
USA,combo,0.50,963102.8843097382,26
USA,combo,afford,1650842.2588270404,26
USA,diet,0.20,279828.07445361686,26
USA,diet,0.50,279828.07445361686,26
USA,diet,afford,279828.07445361686,26
USA,glp1,0.20,276572.9696120486,26
USA,glp1,0.50,692757.9651498125,26
USA,glp1,afford,1389988.5805425388,26
ZAF,combo,0.20,20179.15616847104,26
ZAF,combo,0.50,47668.99349379413,26
ZAF,combo,afford,75274.64895507963,26
ZAF,diet,0.20,1915.1092075553247,26
ZAF,diet,0.50,1915.1092075553247,26
ZAF,diet,afford,1915.1092075553247,26
ZAF,glp1,0.20,18285.511890676597,26
ZAF,glp1,0.50,45807.518319639086,26
ZAF,glp1,afford,73445.30839502058,26
AUS,combo,0.20,30562.82315180836,27
AUS,combo,0.50,51531.60067438805,27
AUS,combo,afford,86606.6944660546,27
AUS,diet,0.20,16615.010851757874,27
AUS,diet,0.50,16615.010851757874,27
AUS,diet,afford,16615.010851757874,27
AUS,glp1,0.20,14163.690543240296,27
AUS,glp1,0.50,35456.14002034404,27
AUS,glp1,afford,71070.24407886727,27
BGD,combo,0.20,215154.0502989213,27
BGD,combo,0.50,257599.49299775605,27
BGD,combo,afford,300125.8496829969,27
BGD,diet,0.20,186901.64356771397,27
BGD,diet,0.50,186901.64356771397,27
BGD,diet,afford,186901.64356771397,27
BGD,glp1,0.20,28965.46726033668,27
BGD,glp1,0.50,72481.83409251584,27
BGD,glp1,afford,116080.72143626044,27
BGR,combo,0.20,28431.96917107344,27
BGR,combo,0.50,42608.75436702369,27
BGR,combo,afford,66431.5797089232,27
BGR,diet,0.20,19028.372026309666,27
BGR,diet,0.50,19028.372026309666,27
BGR,diet,afford,19028.372026309666,27
BGR,glp1,0.20,9566.50534594271,27
BGR,glp1,0.50,23988.974737530098,27
BGR,glp1,afford,48224.84549433003,27
BRA,combo,0.20,268373.683661771,27
BRA,combo,0.50,433998.9804762333,27
BRA,combo,afford,710780.3837710683,27
BRA,diet,0.20,158139.85468358727,27
BRA,diet,0.50,158139.85468358727,27
BRA,diet,afford,158139.85468358727,27
BRA,glp1,0.20,112266.29940577966,27
BRA,glp1,0.50,280937.62585391884,27
BRA,glp1,afford,562788.1214434915,27
CAN,combo,0.20,39432.3713479295,27
CAN,combo,0.50,70531.77172993429,27
CAN,combo,afford,122522.28882875836,27
CAN,diet,0.20,18738.613268665755,27
CAN,diet,0.50,18738.613268665755,27
CAN,diet,afford,18738.613268665755,27
CAN,glp1,0.20,20938.06797674761,27
CAN,glp1,0.50,52403.37958985884,27
CAN,glp1,afford,105002.21785793464,27
CHN,combo,0.20,2691204.5639213505,27
CHN,combo,0.50,3454846.7977897227,27
CHN,combo,afford,4730179.255596891,27
CHN,diet,0.20,2182754.899230823,27
CHN,diet,0.50,2182754.899230823,27
CHN,diet,afford,2182754.899230823,27
CHN,glp1,0.20,520770.8490946124,27
CHN,glp1,0.50,1302903.1691680234,27
CHN,glp1,afford,2609074.028506928,27
DEU,combo,0.20,142059.63870394038,27
DEU,combo,0.50,257243.39601251096,27
DEU,combo,afford,449956.1554386691,27
DEU,diet,0.20,65453.85732868201,27
DEU,diet,0.50,65453.85732868201,27
DEU,diet,afford,65453.85732868201,27
DEU,glp1,0.20,77407.25426414728,27
DEU,glp1,0.50,193794.18035450263,27
DEU,glp1,afford,388514.6427149818,27
EGY,combo,0.20,166673.03737104544,27
EGY,combo,0.50,330493.57262153446,27
EGY,combo,afford,606490.5228335699,27
EGY,diet,0.20,58177.81641247587,27
EGY,diet,0.50,58177.81641247587,27
EGY,diet,afford,58177.81641247587,27
EGY,glp1,0.20,109194.28643365893,27
EGY,glp1,0.50,274070.414931591,27
EGY,glp1,afford,551845.65683672,27
GBR,combo,0.20,80711.0049688204,27
GBR,combo,0.50,143074.96075452535,27
GBR,combo,afford,247352.5124876706,27
GBR,diet,0.20,39218.595998082295,27
GBR,diet,0.50,39218.595998082295,27
GBR,diet,afford,39218.595998082295,27
GBR,glp1,0.20,42023.7781728921,27
GBR,glp1,0.50,105183.7222007121,27
GBR,glp1,afford,210784.90928281692,27
GLB,combo,0.20,10847862.929203523,27
GLB,combo,0.50,14906668.02012886,27
GLB,combo,afford,21687298.489898425,27
GLB,diet,0.20,8145950.008994333,27
GLB,diet,0.50,8145950.008994333,27
GLB,diet,afford,8145950.008994333,27
GLB,glp1,0.20,2760877.4801669773,27
GLB,glp1,0.50,6908141.995010931,27
GLB,glp1,afford,13836234.56945879,27
IND,combo,0.20,1239570.6218177113,27
IND,combo,0.50,1559832.7465394742,27
IND,combo,afford,2094421.4927565404,27
IND,diet,0.20,1026265.8417487972,27
IND,diet,0.50,1026265.8417487972,27
IND,diet,afford,1026265.8417487972,27
IND,glp1,0.20,216695.3483849566,27
IND,glp1,0.50,542045.8949641307,27
IND,glp1,afford,1085122.1782572342,27
ISR,combo,0.20,7205.686232729055,27
ISR,combo,0.50,12841.516748368434,27
ISR,combo,afford,22279.133268486607,27
ISR,diet,0.20,3459.433994661684,27
ISR,diet,0.50,3459.433994661684,27
ISR,diet,afford,3459.433994661684,27
ISR,glp1,0.20,3795.292497539128,27
ISR,glp1,0.50,9504.615455953566,27
ISR,glp1,afford,19064.530812284596,27
JPN,combo,0.20,110126.7976882652,27
JPN,combo,0.50,159954.4051809475,27
JPN,combo,afford,243141.2478860654,27
JPN,diet,0.20,76943.00654277645,27
JPN,diet,0.50,76943.00654277645,27
JPN,diet,afford,76943.00654277645,27
JPN,glp1,0.20,33668.04960687697,27
JPN,glp1,0.50,84221.42679913787,27
JPN,glp1,afford,168616.25609269206,27
MEX,combo,0.20,122594.95857316264,27
MEX,combo,0.50,241166.8224012432,27
MEX,combo,afford,440382.07011648535,27
MEX,diet,0.20,43937.06040581969,27
MEX,diet,0.50,43937.06040581969,27
MEX,diet,afford,43937.06040581969,27
MEX,glp1,0.20,79248.49504160817,27
MEX,glp1,0.50,198708.73397138747,27
MEX,glp1,afford,399411.3711409607,27
NGA,combo,0.20,45351.97642423792,27
NGA,combo,0.50,94948.45209719586,27
NGA,combo,afford,78394.7557213485,27
NGA,diet,0.20,12394.237248567366,27
NGA,diet,0.50,12394.237248567366,27
NGA,diet,afford,12394.237248567366,27
NGA,glp1,0.20,33051.385849186394,27
NGA,glp1,0.50,82788.38010744643,27
NGA,glp1,afford,66187.83781309376,27
NZL,combo,0.20,8047.64274879739,27
NZL,combo,0.50,13927.83869863142,27
NZL,combo,afford,23765.61332450764,27
NZL,diet,0.20,4136.815004326502,27
NZL,diet,0.50,4136.815004326502,27
NZL,diet,afford,4136.815004326502,27
NZL,glp1,0.20,3964.508932058412,27
NZL,glp1,0.50,9925.341419667591,27
NZL,glp1,afford,19897.80154340041,27
ROU,combo,0.20,73727.39154012286,27
ROU,combo,0.50,104102.83436289408,27
ROU,combo,afford,155122.72160434272,27
ROU,diet,0.20,53572.98386660205,27
ROU,diet,0.50,53572.98386660205,27
ROU,diet,afford,53572.98386660205,27
ROU,glp1,0.20,20578.77394195456,27
ROU,glp1,0.50,51594.02973051686,27
ROU,glp1,afford,103689.132253759,27
TUR,combo,0.20,126488.00358022597,27
TUR,combo,0.50,237289.3945943478,27
TUR,combo,afford,423251.1430990722,27
TUR,diet,0.20,52936.32154357968,27
TUR,diet,0.50,52936.32154357968,27
TUR,diet,afford,52936.32154357968,27
TUR,glp1,0.20,74235.49540602951,27
TUR,glp1,0.50,186065.76506708076,27
TUR,glp1,afford,373750.7378065744,27
USA,combo,0.20,584828.0681863436,27
USA,combo,0.50,1013565.6236905274,27
USA,combo,afford,1731984.7656010734,27
USA,diet,0.20,299952.18633233063,27
USA,diet,0.50,299952.18633233063,27
USA,diet,afford,299952.18633233063,27
USA,glp1,0.20,288906.343438601,27
USA,glp1,0.50,723693.9457446118,27
USA,glp1,afford,1452207.2487222163,27
ZAF,combo,0.20,21260.07622443344,27
ZAF,combo,0.50,50149.363796278325,27
ZAF,combo,afford,79162.7502813788,27
ZAF,diet,0.20,2067.50414199281,27
ZAF,diet,0.50,2067.50414199281,27
ZAF,diet,afford,2067.50414199281,27
ZAF,glp1,0.20,19215.594902494297,27
ZAF,glp1,0.50,48139.39048847381,27
ZAF,glp1,afford,77187.25297231597,27
AUS,combo,0.20,32408.0738716744,28
AUS,combo,0.50,54385.08716999268,28
AUS,combo,afford,91150.10200289408,28
AUS,diet,0.20,17790.454782976893,28
AUS,diet,0.50,17790.454782976893,28
AUS,diet,afford,17790.454782976893,28
AUS,glp1,0.20,14847.380035077247,28
AUS,glp1,0.50,37168.93599481642,28
AUS,glp1,afford,74507.86780131499,28
BGD,combo,0.20,229088.1885342019,28
BGD,combo,0.50,273464.0965289138,28
BGD,combo,afford,317925.3256580087,28
BGD,diet,0.20,199551.2318510003,28
BGD,diet,0.50,199551.2318510003,28
BGD,diet,afford,199551.2318510003,28
BGD,glp1,0.20,30289.44726657962,28
BGD,glp1,0.50,75795.58081628048,28
BGD,glp1,afford,121388.8308991986,28
BGR,combo,0.20,29709.38980477897,28
BGR,combo,0.50,44324.74047276777,28
BGR,combo,afford,68886.35235073131,28
BGR,diet,0.20,20015.3329734749,28
BGR,diet,0.50,20015.3329734749,28
BGR,diet,afford,20015.3329734749,28
BGR,glp1,0.20,9863.632974692331,28
BGR,glp1,0.50,24734.7751938876,28
BGR,glp1,afford,49726.56431107885,28
BRA,combo,0.20,285584.57247413666,28
BRA,combo,0.50,459339.9378257117,28
BRA,combo,afford,749737.2978477355,28
BRA,diet,0.20,169946.99980059857,28
BRA,diet,0.50,169946.99980059857,28
BRA,diet,afford,169946.99980059857,28
BRA,glp1,0.20,117804.70570215955,28
BRA,glp1,0.50,294808.60428166465,28
BRA,glp1,afford,590613.904843933,28
CAN,combo,0.20,41671.93158420964,28
CAN,combo,0.50,74104.26433782143,28
CAN,combo,afford,128325.84652069196,28
CAN,diet,0.20,20091.90677382128,28
CAN,diet,0.50,20091.90677382128,28
CAN,diet,afford,20091.90677382128,28
CAN,glp1,0.20,21840.573462349414,28
CAN,glp1,0.50,54663.19843833661,28
CAN,glp1,afford,109533.79494216328,28
CHN,combo,0.20,2869315.801718158,28
CHN,combo,0.50,3666869.593338447,28
CHN,combo,afford,4998870.196682049,28
CHN,diet,0.20,2338295.485451748,28
CHN,diet,0.50,2338295.485451748,28
CHN,diet,afford,2338295.485451748,28
CHN,glp1,0.20,544108.5823067378,28
CHN,glp1,0.50,1361305.5441911786,28
CHN,glp1,afford,2726072.914252776,28
DEU,combo,0.20,149317.49255269073,28
DEU,combo,0.50,269105.7246553609,28
DEU,combo,afford,469543.885420606,28
DEU,diet,0.20,69654.75015212482,28
DEU,diet,0.50,69654.75015212482,28
DEU,diet,afford,69654.75015212482,28
DEU,glp1,0.20,80509.60990866726,28
DEU,glp1,0.50,201569.41333352737,28
DEU,glp1,afford,404130.110710676,28
EGY,combo,0.20,175802.20409695117,28
EGY,combo,0.50,347249.92713170743,28
EGY,combo,afford,636146.4050515848,28
EGY,diet,0.20,62267.76285448799,28
EGY,diet,0.50,62267.76285448799,28
EGY,diet,afford,62267.76285448799,28
EGY,glp1,0.20,114272.06164453848,28
EGY,glp1,0.50,286834.03941279504,28
EGY,glp1,afford,577608.8415956533,28
GBR,combo,0.20,85030.59880617683,28
GBR,combo,0.50,149914.5574851918,28
GBR,combo,afford,258412.2261242596,28
GBR,diet,0.20,41863.16577010299,28
GBR,diet,0.50,41863.16577010299,28
GBR,diet,afford,41863.16577010299,28
GBR,glp1,0.20,43731.29936882871,28
GBR,glp1,0.50,109460.06995574509,28
GBR,glp1,afford,219362.94596946597,28
GLB,combo,0.20,11565520.747132132,28
GLB,combo,0.50,15809752.666482244,28
GLB,combo,afford,22900452.85744656,28
GLB,diet,0.20,8740244.296488652,28
GLB,diet,0.50,8740244.296488652,28
GLB,diet,afford,8740244.296488652,28
GLB,glp1,0.20,2888037.1261825096,28
GLB,glp1,0.50,7226434.81238433,28
GLB,glp1,afford,14474140.091349822,28
IND,combo,0.20,1321147.8420460557,28
IND,combo,0.50,1655996.9878921502,28
IND,combo,afford,2214946.9659251706,28
IND,diet,0.20,1098130.6832552352,28
IND,diet,0.50,1098130.6832552352,28
IND,diet,afford,1098130.6832552352,28
IND,glp1,0.20,226608.42208987504,28
IND,glp1,0.50,566847.5234008499,28
IND,glp1,afford,1134788.9083208526,28
ISR,combo,0.20,7670.245484568908,28
ISR,combo,0.50,13606.111017783587,28
ISR,combo,afford,23547.64073607197,28
ISR,diet,0.20,3724.914484883413,28
ISR,diet,0.50,3724.914484883413,28
ISR,diet,afford,3724.914484883413,28
ISR,glp1,0.20,3997.856203958898,28
ISR,glp1,0.50,10012.449873749962,28
ISR,glp1,afford,20085.026682176976,28
JPN,combo,0.20,116171.11259191865,28
JPN,combo,0.50,167820.95824681083,28
JPN,combo,afford,254054.32682873408,28
JPN,diet,0.20,81774.80749418178,28
JPN,diet,0.50,81774.80749418178,28
JPN,diet,afford,81774.80749418178,28
JPN,glp1,0.20,34908.35747375763,28
JPN,glp1,0.50,87325.66565984023,28
JPN,glp1,afford,174836.51661168915,28
MEX,combo,0.20,130085.56103808818,28
MEX,combo,0.50,254825.0223601254,28
MEX,combo,afford,464454.5275914684,28
MEX,diet,0.20,47348.70465912186,28
MEX,diet,0.50,47348.70465912186,28
MEX,diet,afford,47348.70465912186,28
MEX,glp1,0.20,83366.81738699533,28
MEX,glp1,0.50,209054.1424025236,28
MEX,glp1,afford,420271.4001723918,28
NGA,combo,0.20,48231.10843551681,28
NGA,combo,0.50,100616.702440227,28
NGA,combo,afford,83131.73882949576,28
NGA,diet,0.20,13421.665570787922,28
NGA,diet,0.50,13421.665570787922,28
NGA,diet,afford,13421.665570787922,28
NGA,glp1,0.20,34909.94586206414,28
NGA,glp1,0.50,87446.36477016633,28
NGA,glp1,afford,69911.11688648432,28
NZL,combo,0.20,8508.388736344728,28
NZL,combo,0.50,14657.33455518324,28
NZL,combo,afford,24945.81844583697,28
NZL,diet,0.20,4419.088037845571,28
NZL,diet,0.50,4419.088037845571,28
NZL,diet,afford,4419.088037845571,28
NZL,glp1,0.20,4146.209467063838,28
NZL,glp1,0.50,10380.658993582696,28
NZL,glp1,afford,20812.00885609588,28
ROU,combo,0.20,77323.66344540082,28
ROU,combo,0.50,108735.46481100078,28
ROU,combo,afford,161499.56623649417,28
ROU,diet,0.20,56482.4810039405,28
ROU,diet,0.50,56482.4810039405,28
ROU,diet,afford,56482.4810039405,28
ROU,glp1,0.20,21283.82700415455,28
ROU,glp1,0.50,53363.11818693557,28
ROU,glp1,afford,107249.26884129435,28
TUR,combo,0.20,133871.3843820579,28
TUR,combo,0.50,250055.8024773202,28
TUR,combo,afford,445078.9358276104,28
TUR,diet,0.20,56752.96819966483,28
TUR,diet,0.50,56752.96819966483,28
TUR,diet,afford,56752.96819966483,28
TUR,glp1,0.20,77844.84047665757,28
TUR,glp1,0.50,195122.5413800364,28
TUR,glp1,afford,391977.55519156944,28
USA,combo,0.20,617174.0202224916,28
USA,combo,0.50,1064099.136491286,28
USA,combo,afford,1813110.017441531,28
USA,diet,0.20,320241.62152603624,28
USA,diet,0.50,320241.62152603624,28
USA,diet,afford,320241.62152603624,28
USA,glp1,0.20,301200.2779977988,28
USA,glp1,0.50,754533.3564526694,28
USA,glp1,afford,1514239.6984301317,28
ZAF,combo,0.20,22355.416143793394,28
ZAF,combo,0.50,52660.47185353672,28
ZAF,combo,afford,83098.14157063377,28
ZAF,diet,0.20,2223.565288467981,28
ZAF,diet,0.50,2223.565288467981,28
ZAF,diet,afford,2223.565288467981,28
ZAF,glp1,0.20,20156.45697131489,28
ZAF,glp1,0.50,50498.398084263856,28
ZAF,glp1,afford,80972.92410950507,28
AUS,combo,0.20,34275.86306696655,29
AUS,combo,0.50,57268.065511884415,29
AUS,combo,afford,95734.8611974792,29
AUS,diet,0.20,18983.868269236147,29
AUS,diet,0.50,18983.868269236147,29
AUS,diet,afford,18983.868269236147,29
AUS,glp1,0.20,15535.748799156929,29
AUS,glp1,0.50,38893.53469185637,29
AUS,glp1,afford,77969.44978635725,29
BGD,combo,0.20,243151.8932991648,29
BGD,combo,0.50,289463.45768862055,29
BGD,combo,afford,335864.86712743767,29
BGD,diet,0.20,212326.99038866264,29
BGD,diet,0.50,212326.99038866264,29
BGD,diet,afford,212326.99038866264,29
BGD,glp1,0.20,31616.5650567317,29
BGD,glp1,0.50,79117.27335573944,29
BGD,glp1,afford,126709.81664943424,29
BGR,combo,0.20,30971.758223560264,29
BGR,combo,0.50,46018.37112803664,29
BGR,combo,afford,71306.57458381251,29
BGR,diet,0.20,20992.10541347606,29
BGR,diet,0.50,20992.10541347606,29
BGR,diet,afford,20992.10541347606,29
BGR,glp1,0.20,10155.712650508976,29
BGR,glp1,0.50,25467.94927906785,29
BGR,glp1,afford,51203.00644942641,29
BRA,combo,0.20,303013.5399761244,29
BRA,combo,0.50,484951.4267596443,29
BRA,combo,afford,789055.3467900472,29
BRA,diet,0.20,181938.0417325244,29
BRA,diet,0.50,181938.0417325244,29
BRA,diet,afford,181938.0417325244,29
BRA,glp1,0.20,123377.85449353071,29
BRA,glp1,0.50,308767.681809535,29
BRA,glp1,afford,618620.0668017382,29
CAN,combo,0.20,43926.69352412426,29
CAN,combo,0.50,77690.10711031145,29
CAN,combo,afford,134139.75503830158,29
CAN,diet,0.20,21461.65787337121,29
CAN,diet,0.50,21461.65787337121,29
CAN,diet,afford,21461.65787337121,29
CAN,glp1,0.20,22741.910339643666,29
CAN,glp1,0.50,56920.1327700165,29
CAN,glp1,afford,114059.72688405824,29
CHN,combo,0.20,3048983.026801074,29
CHN,combo,0.50,3880478.9419331145,29
CHN,combo,afford,5269201.751049821,29
CHN,diet,0.20,2495372.460939316,29
CHN,diet,0.50,2495372.460939316,29
CHN,diet,afford,2495372.460939316,29
CHN,glp1,0.20,567464.7150585196,29
CHN,glp1,0.50,1419755.236995192,29
CHN,glp1,afford,2843170.836213245,29
DEU,combo,0.20,156563.20937187088,29
DEU,combo,0.50,280923.3100778067,29
DEU,combo,afford,489033.4974540155,29
DEU,diet,0.20,73865.47986801974,29
DEU,diet,0.50,73865.47986801974,29
DEU,diet,afford,73865.47986801974,29
DEU,glp1,0.20,83589.64046108196,29
DEU,glp1,0.50,209289.20508568225,29
DEU,glp1,afford,419635.9587094756,29
EGY,combo,0.20,184987.45562010584,29
EGY,combo,0.50,364083.6733482424,29
EGY,combo,afford,665922.1881736415,29
EGY,diet,0.20,66401.29441588496,29
EGY,diet,0.50,66401.29441588496,29
EGY,diet,afford,66401.29441588496,29
EGY,glp1,0.20,119361.63103365355,29
EGY,glp1,0.50,299629.7455098739,29
EGY,glp1,afford,603445.0256426383,29
GBR,combo,0.20,89373.41748460136,29
GBR,combo,0.50,156774.18388795614,29
GBR,combo,afford,269486.98030339146,29
GBR,diet,0.20,44533.17408733,29
GBR,diet,0.50,44533.17408733,29
GBR,diet,afford,44533.17408733,29
GBR,glp1,0.20,45436.65528846408,29
GBR,glp1,0.50,113731.14145496849,29
GBR,glp1,afford,227930.88865563265,29
GLB,combo,0.20,12293350.828714864,29
GLB,combo,0.50,16724205.599734096,29
GLB,combo,afford,24127001.157034576,29
GLB,diet,0.20,9343921.534930436,29
GLB,diet,0.50,9343921.534930436,29
GLB,diet,afford,9343921.534930436,29
GLB,glp1,0.20,3016003.402751322,29
GLB,glp1,0.50,7546757.282541636,29
GLB,glp1,afford,15116148.661252692,29
IND,combo,0.20,1403664.786065695,29
IND,combo,0.50,1753151.669528575,29
IND,combo,afford,2336549.0461552385,29
IND,diet,0.20,1170901.8454995137,29
IND,diet,0.50,1170901.8454995137,29
IND,diet,afford,1170901.8454995137,29
IND,glp1,0.20,236554.33780339503,29
IND,glp1,0.50,591731.8954921422,29
IND,glp1,afford,1184623.2625712713,29
ISR,combo,0.20,8144.5730381179455,29
ISR,combo,0.50,14385.27048128307,29
ISR,combo,afford,24838.84844427062,29
ISR,diet,0.20,3996.999411779042,29
ISR,diet,0.50,3996.999411779042,29
ISR,diet,afford,3996.999411779042,29
ISR,glp1,0.20,4203.649869727442,29
ISR,glp1,0.50,10528.41137477531,29
ISR,glp1,afford,21121.954696777128,29
JPN,combo,0.20,122235.87356431948,29
JPN,combo,0.50,175697.37935142755,29
JPN,combo,afford,264959.7791798772,29
JPN,diet,0.20,86634.13880032016,29
JPN,diet,0.50,86634.13880032016,29
JPN,diet,afford,86634.13880032016,29
JPN,glp1,0.20,36141.56903342671,29
JPN,glp1,0.50,90412.21415612628,29
JPN,glp1,afford,181021.57085631235,29
MEX,combo,0.20,137682.95431520438,29
MEX,combo,0.50,268647.4921521503,29
MEX,combo,afford,488792.3222082558,29
MEX,diet,0.20,50830.07877781477,29
MEX,diet,0.50,50830.07877781477,29
MEX,diet,afford,50830.07877781477,29
MEX,glp1,0.20,87522.40435548357,29
MEX,glp1,0.50,219494.6257741814,29
MEX,glp1,afford,441328.1956767844,29
NGA,combo,0.20,51175.08938789998,29
NGA,combo,0.50,106401.47165909248,29
NGA,combo,afford,87967.9495216938,29
NGA,diet,0.20,14479.831735463904,29
NGA,diet,0.50,14479.831735463904,29
NGA,diet,afford,14479.831735463904,29
NGA,glp1,0.20,36802.73873921811,29
NGA,glp1,0.50,92190.43692561786,29
NGA,glp1,afford,73703.13032226497,29
NZL,combo,0.20,8972.801208195679,29
NZL,combo,0.50,15391.331723786505,29
NZL,combo,afford,26131.989960502357,29
NZL,diet,0.20,4704.489262299262,29
NZL,diet,0.50,4704.489262299262,29
NZL,diet,afford,4704.489262299262,29
NZL,glp1,0.20,4328.451716246642,29
NZL,glp1,0.50,10837.359721081104,29
NZL,glp1,afford,21729.07943740125,29
ROU,combo,0.20,80897.172083306,29
ROU,combo,0.50,113333.6058069348,29
ROU,combo,afford,167822.50624773424,29
ROU,diet,0.20,59377.06466749511,29
ROU,diet,0.50,59377.06466749511,29
ROU,diet,afford,59377.06466749511,29
ROU,glp1,0.20,21980.61182126596,29
ROU,glp1,0.50,55111.58837797966,29
ROU,glp1,afford,110768.34288350512,29
TUR,combo,0.20,141344.81060656704,29
TUR,combo,0.50,262954.4424488845,29
TUR,combo,afford,467112.3244336401,29
TUR,diet,0.20,60632.28610077884,29
TUR,diet,0.50,60632.28610077884,29
TUR,diet,afford,60632.28610077884,29
TUR,glp1,0.20,81481.65620997673,29
TUR,glp1,0.50,204249.1489202665,29
TUR,glp1,afford,410347.93708069925,29
USA,combo,0.20,649597.4958985375,29
USA,combo,0.50,1114639.662787937,29
USA,combo,afford,1894129.528761389,29
USA,diet,0.20,340656.7428459104,29
USA,diet,0.50,340656.7428459104,29
USA,diet,afford,340656.7428459104,29
USA,glp1,0.20,313444.8084305096,29
USA,glp1,0.50,785251.1011273235,29
USA,glp1,afford,1576035.110163448,29
ZAF,combo,0.20,23463.49410379764,29
ZAF,combo,0.50,55198.50602487527,29
ZAF,combo,afford,87074.88279338458,29
ZAF,diet,0.20,2383.031550144494,29
ZAF,diet,0.50,2383.031550144494,29
ZAF,diet,afford,2383.031550144494,29
ZAF,glp1,0.20,21106.674283193373,29
ZAF,glp1,0.50,52880.9828498807,29
ZAF,glp1,afford,84796.63054379734,29
AUS,combo,0.20,36163.90895015614,30
AUS,combo,0.50,60177.4061514048,30
AUS,combo,afford,100356.42129761854,30
AUS,diet,0.20,20193.532680625947,30
AUS,diet,0.50,20193.532680625947,30
AUS,diet,afford,20193.532680625947,30
AUS,glp1,0.20,16228.213858579516,30
AUS,glp1,0.50,40628.47555196044,30
AUS,glp1,afford,81452.05832392121,30
BGD,combo,0.20,257312.40876895384,30
BGD,combo,0.50,305560.3728818161,30
BGD,combo,afford,353902.8189643773,30
BGD,diet,0.20,225199.12642914636,30
BGD,diet,0.50,225199.12642914636,30
BGD,diet,afford,225199.12642914636,30
BGD,glp1,0.20,32943.762508381995,30
BGD,glp1,0.50,82439.26282895784,30
BGD,glp1,afford,132031.43478137377,30
BGR,combo,0.20,32217.37327373808,30
BGR,combo,0.50,47687.562936521244,30
BGR,combo,afford,73689.52650033346,30
BGR,diet,0.20,21957.24310357737,30
BGR,diet,0.50,21957.24310357737,30
BGR,diet,afford,21957.24310357737,30
BGR,glp1,0.20,10442.482021222586,30
BGR,glp1,0.50,26187.841007007337,30
BGR,glp1,afford,52652.85980689039,30
BRA,combo,0.20,320623.131535211,30
BRA,combo,0.50,510782.0024033456,30
BRA,combo,afford,828659.7845129352,30
BRA,diet,0.20,194084.856094372,30
BRA,diet,0.50,194084.856094372,30
BRA,diet,afford,194084.856094372,30
BRA,glp1,0.20,128976.0916032377,30
BRA,glp1,0.50,322790.7262870243,30
BRA,glp1,afford,646758.356279897,30
CAN,combo,0.20,46193.39392433364,30
CAN,combo,0.50,81285.02431786928,30
CAN,combo,afford,139958.03800211035,30
CAN,diet,0.20,22845.275091619395,30
CAN,diet,0.50,22845.275091619395,30
CAN,diet,afford,22845.275091619395,30
CAN,glp1,0.20,23641.3786243782,30
CAN,glp1,0.50,59172.42759865806,30
CAN,glp1,afford,118576.48668168826,30
CHN,combo,0.20,3229790.2350785653,30
CHN,combo,0.50,4095204.367127604,30
CHN,combo,afford,5540612.529271726,30
CHN,diet,0.20,2653606.104718453,30
CHN,diet,0.50,2653606.104718453,30
CHN,diet,afford,2653606.104718453,30
CHN,glp1,0.20,590801.290005411,30
CHN,glp1,0.50,1478157.296251333,30
CHN,glp1,afford,2960177.6998963323,30
DEU,combo,0.20,163785.4119306367,30
DEU,combo,0.50,292680.1632526754,30
DEU,combo,afford,508401.1785562551,30
DEU,diet,0.20,78077.7098538924,30
DEU,diet,0.50,78077.7098538924,30
DEU,diet,afford,78077.7098538924,30
DEU,glp1,0.20,86644.23515269843,30
DEU,glp1,0.50,216945.72628256783,30
DEU,glp1,afford,435016.35139013024,30
EGY,combo,0.20,194198.6374961563,30
EGY,combo,0.50,380940.06405138137,30
EGY,combo,afford,695721.9661311889,30
EGY,diet,0.20,70564.60683521672,30
EGY,diet,0.50,70564.60683521672,30
EGY,diet,afford,70564.60683521672,30
EGY,glp1,0.20,124446.47350448914,30
EGY,glp1,0.50,312416.16021654673,30
EGY,glp1,afford,629271.2378864549,30
GBR,combo,0.20,93732.9539866318,30
GBR,combo,0.50,163645.09061540334,30
GBR,combo,afford,280564.2801168668,30
GBR,diet,0.20,47223.60677026156,30
GBR,diet,0.50,47223.60677026156,30
GBR,diet,afford,47223.60677026156,30
GBR,glp1,0.20,47138.29455082877,30
GBR,glp1,0.50,117993.054817527,30
GBR,glp1,afford,236480.96202242284,30
GLB,combo,0.20,13029958.861550892,30
GLB,combo,0.50,17648377.44480947,30
GLB,combo,afford,25364869.628701977,30
GLB,diet,0.20,9955757.630616603,30
GLB,diet,0.50,9955757.630616603,30
GLB,diet,afford,9955757.630616603,30
GLB,glp1,0.20,3144597.9949839786,30
GLB,glp1,0.50,7868663.85759297,30
GLB,glp1,afford,15761369.993543023,30
IND,combo,0.20,1486926.9719168078,30
IND,combo,0.50,1851070.5527325445,30
IND,combo,afford,2458948.5774935023,30
IND,diet,0.20,1244406.0202079858,30
IND,diet,0.50,1244406.0202079858,30
IND,diet,afford,1244406.0202079858,30
IND,glp1,0.20,246511.3944804686,30
IND,glp1,0.50,616644.7611579369,30
IND,glp1,afford,1234516.7499165838,30
ISR,combo,0.20,8628.218404321027,30
ISR,combo,0.50,15178.324390450924,30
ISR,combo,afford,26151.717075771547,30
ISR,diet,0.20,4275.384781891298,30
ISR,diet,0.50,4275.384781891298,30
ISR,diet,afford,4275.384781891298,30
ISR,glp1,0.20,4412.522605987263,30
ISR,glp1,0.50,11052.122225236204,30
ISR,glp1,afford,22174.557588279316,30
JPN,combo,0.20,128312.88917942344,30
JPN,combo,0.50,183574.36527272017,30
JPN,combo,afford,275846.4406387074,30
JPN,diet,0.20,91513.54832383116,30
JPN,diet,0.50,91513.54832383116,30
JPN,diet,afford,91513.54832383116,30
JPN,glp1,0.20,37366.905657063486,30
JPN,glp1,0.50,93479.12279225884,30
JPN,glp1,afford,187167.5096286912,30
MEX,combo,0.20,145371.9209160261,30
MEX,combo,0.50,282607.6097040846,30
MEX,combo,afford,513349.5996431218,30
MEX,diet,0.20,54373.51302224437,30
MEX,diet,0.50,54373.51302224437,30
MEX,diet,afford,54373.51302224437,30
MEX,glp1,0.20,91707.61281034107,30
MEX,glp1,0.50,230010.99187040312,30
MEX,glp1,afford,462543.0885244586,30
NGA,combo,0.20,54177.60432144257,30
NGA,combo,0.50,112290.09135988489,30
NGA,combo,afford,92892.83752932624,30
NGA,diet,0.20,15566.65484745854,30
NGA,diet,0.50,15566.65484745854,30
NGA,diet,afford,15566.65484745854,30
NGA,glp1,0.20,38725.51298049756,30
NGA,glp1,0.50,97009.9654904888,30
NGA,glp1,afford,77555.37387826113,30
NZL,combo,0.20,9440.240428133233,30
NZL,combo,0.50,16128.932931365089,30
NZL,combo,afford,27322.79860403608,30
NZL,diet,0.20,4992.549948610387,30
NZL,diet,0.50,4992.549948610387,30
NZL,diet,afford,4992.549948610387,30
NZL,glp1,0.20,4511.059716837914,30
NZL,glp1,0.50,11295.002607199402,30
NZL,glp1,afford,22648.127643299,30
ROU,combo,0.20,84441.97789253668,30
ROU,combo,0.50,117889.79794484458,30
ROU,combo,afford,174081.5409960143,30
ROU,diet,0.20,62251.80637108734,30
ROU,diet,0.50,62251.80637108734,30
ROU,diet,afford,62251.80637108734,30
ROU,glp1,0.20,22668.089240056368,30
ROU,glp1,0.50,56836.83856140264,30
ROU,glp1,afford,114241.13846684743,30
TUR,combo,0.20,148893.20642729005,30
TUR,combo,0.50,275960.5836874902,30
TUR,combo,afford,489310.481840851,30
TUR,diet,0.20,64565.63460040449,30
TUR,diet,0.50,64565.63460040449,30
TUR,diet,afford,64565.63460040449,30
TUR,glp1,0.20,85139.39462774759,30
TUR,glp1,0.50,213429.21473295492,30
TUR,glp1,afford,428829.1288977825,30
USA,combo,0.20,682051.886335512,30
USA,combo,0.50,1165126.3037347011,30
USA,combo,afford,1974958.1581670584,30
USA,diet,0.20,361160.3648607668,30
USA,diet,0.50,361160.3648607668,30
USA,diet,afford,361160.3648607668,30
USA,glp1,0.20,325630.153926864,30
USA,glp1,0.50,815822.5661655591,30
USA,glp1,afford,1637543.7047895193,30
ZAF,combo,0.20,24582.42743381001,30
ZAF,combo,0.50,57759.181236385455,30
ZAF,combo,afford,91086.2861537974,30
ZAF,diet,0.20,2545.621737313627,30
ZAF,diet,0.50,2545.621737313627,30
ZAF,diet,afford,2545.621737313627,30
ZAF,glp1,0.20,22064.64202896785,30
ZAF,glp1,0.50,55283.132587109234,30
ZAF,glp1,afford,88651.952377351,30
AUS,diet_asp,0.20,0.0,1
BGD,diet_asp,0.20,0.0,1
BGR,diet_asp,0.20,0.0,1
BRA,diet_asp,0.20,0.0,1
CAN,diet_asp,0.20,0.0,1
CHN,diet_asp,0.20,0.0,1
DEU,diet_asp,0.20,0.0,1
EGY,diet_asp,0.20,0.0,1
GBR,diet_asp,0.20,0.0,1
GLB,diet_asp,0.20,0.0,1
IND,diet_asp,0.20,0.0,1
ISR,diet_asp,0.20,0.0,1
JPN,diet_asp,0.20,0.0,1
MEX,diet_asp,0.20,0.0,1
NGA,diet_asp,0.20,0.0,1
NZL,diet_asp,0.20,0.0,1
ROU,diet_asp,0.20,0.0,1
TUR,diet_asp,0.20,0.0,1
USA,diet_asp,0.20,0.0,1
ZAF,diet_asp,0.20,0.0,1
AUS,diet_asp,0.20,37.01545356253655,2
BGD,diet_asp,0.20,663.169991917016,2
BGR,diet_asp,0.20,54.934528011335146,2
BRA,diet_asp,0.20,245.6627945506334,2
CAN,diet_asp,0.20,25.72927164621433,2
CHN,diet_asp,0.20,2397.244106377315,2
DEU,diet_asp,0.20,212.21191908320907,2
EGY,diet_asp,0.20,314.5639444193439,2
GBR,diet_asp,0.20,117.38987823775278,2
GLB,diet_asp,0.20,11642.08973645768,2
IND,diet_asp,0.20,4072.390631840077,2
ISR,diet_asp,0.20,3.738162352027871,2
JPN,diet_asp,0.20,159.15777865278503,2
MEX,diet_asp,0.20,114.9403481821737,2
NGA,diet_asp,0.20,93.3626803359366,2
NZL,diet_asp,0.20,10.719600937666428,2
ROU,diet_asp,0.20,183.64803339273607,2
TUR,diet_asp,0.20,101.21495291047722,2
USA,diet_asp,0.20,545.1563729845657,2
ZAF,diet_asp,0.20,60.62681846495979,2
AUS,diet_asp,0.20,124.72731768120455,3
BGD,diet_asp,0.20,2216.4034880711533,3
BGR,diet_asp,0.20,179.91410688870724,3
BRA,diet_asp,0.20,859.1348678764771,3
CAN,diet_asp,0.20,89.51745634201598,3
CHN,diet_asp,0.20,8266.09822823551,3
DEU,diet_asp,0.20,723.230581028205,3
EGY,diet_asp,0.20,1024.0819837433664,3
GBR,diet_asp,0.20,402.4907961131266,3
GLB,diet_asp,0.20,40192.88149886031,3
IND,diet_asp,0.20,13873.29595848768,3
ISR,diet_asp,0.20,12.840019589443727,3
JPN,diet_asp,0.20,547.7646264622817,3
MEX,diet_asp,0.20,405.59383888200136,3
NGA,diet_asp,0.20,314.9225061293582,3
NZL,diet_asp,0.20,36.03602798005147,3
ROU,diet_asp,0.20,578.058985556256,3
TUR,diet_asp,0.20,333.45242304619387,3
USA,diet_asp,0.20,1857.2509424636155,3
ZAF,diet_asp,0.20,204.4307224019949,3
AUS,diet_asp,0.20,285.1652883367374,4
BGD,diet_asp,0.20,5027.749809012815,4
BGR,diet_asp,0.20,401.5463733273507,4
BRA,diet_asp,0.20,2015.2899484064144,4
CAN,diet_asp,0.20,209.63192556702236,4
CHN,diet_asp,0.20,19202.85730496324,4
DEU,diet_asp,0.20,1654.6927851650216,4
EGY,diet_asp,0.20,2290.5072727007428,4
GBR,diet_asp,0.20,926.2322605255496,4
GLB,diet_asp,0.20,93312.0416913993,4
IND,diet_asp,0.20,31909.256098208265,4
ISR,diet_asp,0.20,29.74575318312748,4
JPN,diet_asp,0.20,1262.3598827933856,4
MEX,diet_asp,0.20,960.2157464563916,4
NGA,diet_asp,0.20,721.163716748044,4
NZL,diet_asp,0.20,81.89639508162588,4
ROU,diet_asp,0.20,1259.2589019893549,4
TUR,diet_asp,0.20,752.1656960954697,4
USA,diet_asp,0.20,4272.317472684648,4
ZAF,diet_asp,0.20,468.1453375502806,4
AUS,diet_asp,0.20,547.5300114417387,5
BGD,diet_asp,0.20,9574.688251063446,5
BGR,diet_asp,0.20,753.5848105619857,5
BRA,diet_asp,0.20,3939.668840477305,5
CAN,diet_asp,0.20,410.0515145586287,5
CHN,diet_asp,0.20,37308.77636773097,5
DEU,diet_asp,0.20,3152.8766918389338,5
EGY,diet_asp,0.20,4326.894264039231,5
GBR,diet_asp,0.20,1777.5233090793072,5
GLB,diet_asp,0.20,180873.64356730552,5
IND,diet_asp,0.20,61374.47477443946,5
ISR,diet_asp,0.20,57.67006987437867,5
JPN,diet_asp,0.20,2420.853401296037,5
MEX,diet_asp,0.20,1894.1576812288583,5
NGA,diet_asp,0.20,1387.7011057392374,5
NZL,diet_asp,0.20,156.06273895604,5
ROU,diet_asp,0.20,2320.067380993125,5
TUR,diet_asp,0.20,1428.0439100540698,5
USA,diet_asp,0.20,8227.641692835474,5
ZAF,diet_asp,0.20,900.5204896162832,5
AUS,diet_asp,0.20,944.770898401403,6
BGD,diet_asp,0.20,16382.80816862972,6
BGR,diet_asp,0.20,1271.1366557529177,6
BRA,diet_asp,0.20,6888.66735752963,6
CAN,diet_asp,0.20,718.3278400869713,6
CHN,diet_asp,0.20,64999.90056066486,6
DEU,diet_asp,0.20,5367.51522398783,6
EGY,diet_asp,0.20,7369.965810429254,6
GBR,diet_asp,0.20,3052.821260838251,6
GLB,diet_asp,0.20,313985.98271296953,6
IND,diet_asp,0.20,105771.19074929232,6
ISR,diet_asp,0.20,100.30839990578112,6
JPN,diet_asp,0.20,4147.303582907465,6
MEX,diet_asp,0.20,3339.93522728473,6
NGA,diet_asp,0.20,2401.5770697941334,6
NZL,diet_asp,0.20,267.1665306722082,6
ROU,diet_asp,0.20,3853.156440034441,6
TUR,diet_asp,0.20,2439.3742392802637,6
USA,diet_asp,0.20,14216.026914232534,6
ZAF,diet_asp,0.20,1556.9520805491766,6
AUS,diet_asp,0.20,1508.0691495511082,7
BGD,diet_asp,0.20,25929.833266731104,7
BGR,diet_asp,0.20,1982.4670887252223,7
BRA,diet_asp,0.20,11113.920314801406,7
CAN,diet_asp,0.20,1161.6532852518612,7
CHN,diet_asp,0.20,104652.46719929935,7
DEU,diet_asp,0.20,8424.399683705997,7
EGY,diet_asp,0.20,11638.054375410144,7
GBR,diet_asp,0.20,4839.76594041805,7
GLB,diet_asp,0.20,503319.1176067856,7
IND,diet_asp,0.20,168311.39978346264,7
ISR,diet_asp,0.20,161.30405624998662,7
JPN,diet_asp,0.20,6549.600831583986,7
MEX,diet_asp,0.20,5428.484698754341,7
NGA,diet_asp,0.20,3848.3796828796185,7
NZL,diet_asp,0.20,423.2148532537499,7
ROU,diet_asp,0.20,5929.292258608568,7
TUR,diet_asp,0.20,3858.916854983161,7
USA,diet_asp,0.20,22710.28720559305,7
ZAF,diet_asp,0.20,2490.74599669966,7
AUS,diet_asp,0.20,2261.3907669234354,8
BGD,diet_asp,0.20,38556.535521100486,8
BGR,diet_asp,0.20,2902.27142214126,8
BRA,diet_asp,0.20,16824.993390895055,8
CAN,diet_asp,0.20,1762.671267469601,8
CHN,diet_asp,0.20,158221.6796476078,8
DEU,diet_asp,0.20,12403.93335462243,8
EGY,diet_asp,0.20,17292.535282347537,8
GBR,diet_asp,0.20,7201.917005094798,8
GLB,diet_asp,0.20,757417.2627451748,8
IND,diet_asp,0.20,251356.81992259063,8
ISR,diet_asp,0.20,243.6801123653636,8
JPN,diet_asp,0.20,9699.7835186534,8
MEX,diet_asp,0.20,8269.137760376272,8
NGA,diet_asp,0.20,5799.221220855772,8
NZL,diet_asp,0.20,630.1660664836367,8
ROU,diet_asp,0.20,8582.023429297946,8
TUR,diet_asp,0.20,5741.95590429701,8
USA,diet_asp,0.20,34087.08496366581,8
ZAF,diet_asp,0.20,3744.368372117966,8
AUS,diet_asp,0.20,3218.5412573721187,9
BGD,diet_asp,0.20,54424.499862752,9
BGR,diet_asp,0.20,4029.719258827328,9
BRA,diet_asp,0.20,24166.39716261656,9
CAN,diet_asp,0.20,2536.8523332320647,9
CHN,diet_asp,0.20,227002.0099057795,9
DEU,diet_asp,0.20,17335.03092857446,9
EGY,diet_asp,0.20,24419.34044162754,9
GBR,diet_asp,0.20,10171.47081480711,9
GLB,diet_asp,0.20,1081735.741288222,9
IND,diet_asp,0.20,356149.98856988834,9
ISR,diet_asp,0.20,349.48045731945945,9
JPN,diet_asp,0.20,13625.74547864413,9
MEX,diet_asp,0.20,11937.239932257056,9
NGA,diet_asp,0.20,8303.368371791112,9
NZL,diet_asp,0.20,891.2090003136843,9
ROU,diet_asp,0.20,11805.475147619818,9
TUR,diet_asp,0.20,8120.59925197793,9
USA,diet_asp,0.20,48582.50264551248,9
ZAF,diet_asp,0.20,5344.532747843667,9
AUS,diet_asp,0.20,4383.368257752174,10
BGD,diet_asp,0.20,73528.28180475425,10
BGR,diet_asp,0.20,5351.255304752753,10
BRA,diet_asp,0.20,33214.210932436385,10
CAN,diet_asp,0.20,3492.077396335392,10
CHN,diet_asp,0.20,311591.8391738208,10
DEU,diet_asp,0.20,23203.27387812641,10
EGY,diet_asp,0.20,33033.71823656682,10
GBR,diet_asp,0.20,13751.19455192385,10
GLB,diet_asp,0.20,1478611.8860463875,10
IND,diet_asp,0.20,482882.0690879384,10
ISR,diet_asp,0.20,479.7097209816922,10
JPN,diet_asp,0.20,18315.25048462396,10
MEX,diet_asp,0.20,16472.54573705668,10
NGA,diet_asp,0.20,11388.13710159074,10
NZL,diet_asp,0.20,1206.88185310188,10
ROU,diet_asp,0.20,15563.158616345492,10
TUR,diet_asp,0.20,11005.103467805222,10
USA,diet_asp,0.20,66288.77404530162,10
ZAF,diet_asp,0.20,7302.201994229603,10
AUS,diet_asp,0.20,5751.984097703622,11
BGD,diet_asp,0.20,95739.78158535494,11
BGR,diet_asp,0.20,6845.604287725174,11
BRA,diet_asp,0.20,43986.49926733205,11
CAN,diet_asp,0.20,4629.788601877735,11
CHN,diet_asp,0.20,412006.3131679759,11
DEU,diet_asp,0.20,29965.339538505246,11
EGY,diet_asp,0.20,43098.64681251804,11
GBR,diet_asp,0.20,17921.875733787158,11
GLB,diet_asp,0.20,1947857.0319203003,11
IND,diet_asp,0.20,630959.9815074427,11
ISR,diet_asp,0.20,634.4910966570324,11
JPN,diet_asp,0.20,23726.89636133481,11
MEX,diet_asp,0.20,21885.214780190345,11
NGA,diet_asp,0.20,15063.487869295092,11
NZL,diet_asp,0.20,1575.7078337977732,11
ROU,diet_asp,0.20,19800.703594922685,11
TUR,diet_asp,0.20,14389.204197456746,11
USA,diet_asp,0.20,87178.81497989381,11
ZAF,diet_asp,0.20,9615.811448369972,11
AUS,diet_asp,0.20,7315.508686136352,12
BGD,diet_asp,0.20,120858.47992441992,12
BGR,diet_asp,0.20,8488.489920105829,12
BRA,diet_asp,0.20,56458.74678507422,12
CAN,diet_asp,0.20,5946.707263990053,12
CHN,diet_asp,0.20,527845.6622667571,12
DEU,diet_asp,0.20,37562.51927770389,12
EGY,diet_asp,0.20,54545.71159993559,12
GBR,diet_asp,0.20,22650.862594324,12
GLB,diet_asp,0.20,2487538.981141041,12
IND,diet_asp,0.20,799311.0564403133,12
ISR,diet_asp,0.20,813.3097100354347,12
JPN,diet_asp,0.20,29802.145080892504,12
MEX,diet_asp,0.20,28164.449392195085,12
NGA,diet_asp,0.20,19327.87806397574,12
NZL,diet_asp,0.20,1994.9456957042755,12
ROU,diet_asp,0.20,24456.976928459346,12
TUR,diet_asp,0.20,18256.131807657155,12
USA,diet_asp,0.20,111139.935262103,12
ZAF,diet_asp,0.20,12275.417231297655,12
AUS,diet_asp,0.20,9062.404512656867,13
BGD,diet_asp,0.20,148652.30991521932,13
BGR,diet_asp,0.20,10255.923496800177,13
BRA,diet_asp,0.20,70578.36565823712,13
CAN,diet_asp,0.20,7436.437340627533,13
CHN,diet_asp,0.20,658453.3717746516,13
DEU,diet_asp,0.20,45930.20521335045,13
EGY,diet_asp,0.20,67292.06305950876,13
GBR,diet_asp,0.20,27899.09037384897,13
GLB,diet_asp,0.20,3094678.6435631244,13
IND,diet_asp,0.20,986632.346486412,13
ISR,diet_asp,0.20,1015.2479265233062,13
JPN,diet_asp,0.20,36475.13725001465,13
MEX,diet_asp,0.20,35286.40287970222,13
NGA,diet_asp,0.20,24173.24768766569,13
NZL,diet_asp,0.20,2461.214596512744,13
ROU,diet_asp,0.20,29471.59368274965,13
TUR,diet_asp,0.20,22583.50754494558,13
USA,diet_asp,0.20,138004.67625838472,13
ZAF,diet_asp,0.20,15266.326476711609,13
AUS,diet_asp,0.20,10980.113800400122,14
BGD,diet_asp,0.20,178885.10694976503,14
BGR,diet_asp,0.20,12126.012352256075,14
BRA,diet_asp,0.20,86275.92313363924,14
CAN,diet_asp,0.20,9090.690452659095,14
CHN,diet_asp,0.20,803036.8940406438,14
DEU,diet_asp,0.20,55003.30684802591,14
EGY,diet_asp,0.20,81251.77299802634,14
GBR,diet_asp,0.20,33625.85063151745,14
GLB,diet_asp,0.20,3765763.366315357,14
IND,diet_asp,0.20,1191559.7507370678,14
ISR,diet_asp,0.20,1239.1727245096404,14
JPN,diet_asp,0.20,43679.44425169517,14
MEX,diet_asp,0.20,43220.06961787365,14
NGA,diet_asp,0.20,29588.47590136418,14
NZL,diet_asp,0.20,2970.923147823713,14
ROU,diet_asp,0.20,34789.07800886239,14
TUR,diet_asp,0.20,27346.688027455097,14
USA,diet_asp,0.20,167574.38351529403,14
ZAF,diet_asp,0.20,18571.729016762685,14
AUS,diet_asp,0.20,13056.06160747159,15
BGD,diet_asp,0.20,211332.3844675996,15
BGR,diet_asp,0.20,14079.687264788154,15
BRA,diet_asp,0.20,103472.91961973016,15
CAN,diet_asp,0.20,10900.123033357278,15
CHN,diet_asp,0.20,960748.1504493152,15
DEU,diet_asp,0.20,64718.76424034896,15
EGY,diet_asp,0.20,96342.30372668308,15
GBR,diet_asp,0.20,39791.56223052454,15
GLB,diet_asp,0.20,4497082.460372427,15
IND,diet_asp,0.20,1412767.1580732868,15
ISR,diet_asp,0.20,1483.869342411778,15
JPN,diet_asp,0.20,51352.14219337998,15
MEX,diet_asp,0.20,51931.13772128658,15
NGA,diet_asp,0.20,35561.44638804083,15
NZL,diet_asp,0.20,3520.524730606168,15
ROU,diet_asp,0.20,40360.64615760135,15
TUR,diet_asp,0.20,32520.78440316936,15
USA,diet_asp,0.20,199635.5511115853,15
ZAF,diet_asp,0.20,22174.388443803487,15
AUS,diet_asp,0.20,15278.199354008444,16
BGD,diet_asp,0.20,245788.80079612773,16
BGR,diet_asp,0.20,16100.781978490102,16
BRA,diet_asp,0.20,122086.7925430045,16
CAN,diet_asp,0.20,12854.872394598064,16
CHN,diet_asp,0.20,1130731.3088888575,16
DEU,diet_asp,0.20,75016.3811698089,16
EGY,diet_asp,0.20,112487.46145807444,16
GBR,diet_asp,0.20,46359.108089609406,16
GLB,diet_asp,0.20,5284926.557702378,16
IND,diet_asp,0.20,1649015.551018007,16
ISR,diet_asp,0.20,1748.1295123526545,16
JPN,diet_asp,0.20,59435.93022328037,16
MEX,diet_asp,0.20,61384.26230846915,16
NGA,diet_asp,0.20,42080.10600469632,16
NZL,diet_asp,0.20,4106.648877424871,16
ROU,diet_asp,0.20,46144.53143788343,16
TUR,diet_asp,0.20,38081.74225830106,16
USA,diet_asp,0.20,233970.54186753725,16
ZAF,diet_asp,0.20,26057.626158743475,16
AUS,diet_asp,0.20,17635.25511703469,17
BGD,diet_asp,0.20,282070.3720950085,17
BGR,diet_asp,0.20,18175.78449617635,17
BRA,diet_asp,0.20,142033.94739510232,17
CAN,diet_asp,0.20,14944.88930125359,17
CHN,diet_asp,0.20,1312147.414536191,17
DEU,diet_asp,0.20,85838.86154044498,17
EGY,diet_asp,0.20,129618.0829342324,17
GBR,diet_asp,0.20,53294.27054941711,17
GLB,diet_asp,0.20,6125694.506101042,17
IND,diet_asp,0.20,1899170.2161723007,17
ISR,diet_asp,0.20,2030.8055687111305,17
JPN,diet_asp,0.20,67879.95389185335,17
MEX,diet_asp,0.20,71544.26813386906,17
NGA,diet_asp,0.20,49132.88203770724,17
NZL,diet_asp,0.20,4726.15517062475,17
ROU,diet_asp,0.20,52105.51101489678,17
TUR,diet_asp,0.20,44006.81888289866,17
USA,diet_asp,0.20,270364.4010029696,17
ZAF,diet_asp,0.20,30205.82989810482,17
AUS,diet_asp,0.20,20116.81323240892,18
BGD,diet_asp,0.20,320013.6548473598,18
BGR,diet_asp,0.20,20293.456837037436,18
BRA,diet_asp,0.20,163231.47783170978,18
CAN,diet_asp,0.20,17160.144367738172,18
CHN,diet_asp,0.20,1504184.2339287885,18
DEU,diet_asp,0.20,97131.5732874213,18
EGY,diet_asp,0.20,147671.37790638843,18
GBR,diet_asp,0.20,60565.66380772621,18
GLB,diet_asp,0.20,7015942.086585352,18
IND,diet_asp,0.20,2162199.3087708927,18
ISR,diet_asp,0.20,2330.840334399168,18
JPN,diet_asp,0.20,76639.82585860524,18
MEX,diet_asp,0.20,82376.68729361898,18
NGA,diet_asp,0.20,56708.72637301578,18
NZL,diet_asp,0.20,5376.143595948378,18
ROU,diet_asp,0.20,58214.05407029549,18
TUR,diet_asp,0.20,50274.697552344696,18
USA,diet_asp,0.20,308609.1049243026,18
ZAF,diet_asp,0.20,34604.66124105124,18
AUS,diet_asp,0.20,22713.30257410002,19
BGD,diet_asp,0.20,359473.3480996677,19
BGR,diet_asp,0.20,22444.430205756347,19
BRA,diet_asp,0.20,185598.0491244259,19
CAN,diet_asp,0.20,19490.76054933098,19
CHN,diet_asp,0.20,1706057.6021432774,19
DEU,diet_asp,0.20,108842.3025540948,19
EGY,diet_asp,0.20,166589.54882776595,19
GBR,diet_asp,0.20,68144.42696201442,19
GLB,diet_asp,0.20,7952396.209951784,19
IND,diet_asp,0.20,2437162.456580909,19
ISR,diet_asp,0.20,2647.280298367126,19
JPN,diet_asp,0.20,85677.17922832779,19
MEX,diet_asp,0.20,93847.91226153325,19
NGA,diet_asp,0.20,64796.96015572301,19
NZL,diet_asp,0.20,6053.94314443105,19
ROU,diet_asp,0.20,64445.3409037007,19
TUR,diet_asp,0.20,56865.39410831856,19
USA,diet_asp,0.20,348506.1603359129,19
ZAF,diet_asp,0.20,39241.07842482385,19
AUS,diet_asp,0.20,25415.940715798653,20
BGD,diet_asp,0.20,400319.2003772186,20
BGR,diet_asp,0.20,24620.8272463086,20
BRA,diet_asp,0.20,209054.26103389543,20
CAN,diet_asp,0.20,21927.10348811253,20
CHN,diet_asp,0.20,1917008.60496114,20
DEU,diet_asp,0.20,120921.10052792248,20
EGY,diet_asp,0.20,186318.0888514344,20
GBR,diet_asp,0.20,76003.83681151643,20
GLB,diet_asp,0.20,8931949.74644068,20
IND,diet_asp,0.20,2723194.743944773,20
ISR,diet_asp,0.20,2979.2774510826,20
JPN,diet_asp,0.20,94958.97249311826,20
MEX,diet_asp,0.20,105925.14216025634,20
NGA,diet_asp,0.20,73387.02227936729,20
NZL,diet_asp,0.20,6757.091392043941,20
ROU,diet_asp,0.20,70778.29425933782,20
TUR,diet_asp,0.20,63760.05175254848,20
USA,diet_asp,0.20,389868.1329048939,20
ZAF,diet_asp,0.20,44103.24712763786,20
AUS,diet_asp,0.20,28216.660063697986,21
BGD,diet_asp,0.20,442432.73644174414,21
BGR,diet_asp,0.20,26815.93237444685,21
BRA,diet_asp,0.20,233522.69256543557,21
CAN,diet_asp,0.20,24459.847193089605,21
CHN,diet_asp,0.20,2136299.3579971166,21
DEU,diet_asp,0.20,133320.23869927076,21
EGY,diet_asp,0.20,206804.01304762412,21
GBR,diet_asp,0.20,84118.9276834971,21
GLB,diet_asp,0.20,9951646.194615675,21
IND,diet_asp,0.20,3019489.217982096,21
ISR,diet_asp,0.20,3326.0835325570315,21
JPN,diet_asp,0.20,104456.68647787297,21
MEX,diet_asp,0.20,118576.22845973977,21
NGA,diet_asp,0.20,82468.1791420911,21
NZL,diet_asp,0.20,7483.311811296488,21
ROU,diet_asp,0.20,77194.69802307841,21
TUR,diet_asp,0.20,70940.68203882698,21
USA,diet_asp,0.20,432519.4562936746,21
ZAF,diet_asp,0.20,49180.383259728405,21
AUS,diet_asp,0.20,31108.02922027313,22
BGD,diet_asp,0.20,485704.0924366078,22
BGR,diet_asp,0.20,29023.91548940748,22
BRA,diet_asp,0.20,258927.75603114735,22
CAN,diet_asp,0.20,27080.02356840619,22
CHN,diet_asp,0.20,2363208.979925239,22
DEU,diet_asp,0.20,145994.24805142058,22
EGY,diet_asp,0.20,227994.18456641567,22
GBR,diet_asp,0.20,92466.1594960271,22
GLB,diet_asp,0.20,11008659.528587352,22
IND,diet_asp,0.20,3325279.70084446,22
ISR,diet_asp,0.20,3687.039322460601,22
JPN,diet_asp,0.20,114145.50242153324,22
MEX,diet_asp,0.20,131769.480087567,22
NGA,diet_asp,0.20,92029.22547471196,22
NZL,diet_asp,0.20,8230.491936243121,22
ROU,diet_asp,0.20,83678.43859649036,22
TUR,diet_asp,0.20,78389.88703256327,22
USA,diet_asp,0.20,476296.7300402273,22
ZAF,diet_asp,0.20,54462.554557822936,22
AUS,diet_asp,0.20,34083.17551221457,23
BGD,diet_asp,0.20,530029.1151006743,23
BGR,diet_asp,0.20,31239.60699149863,23
BRA,diet_asp,0.20,285195.4408173505,23
CAN,diet_asp,0.20,29779.059191173117,23
CHN,diet_asp,0.20,2597030.537923004,23
DEU,diet_asp,0.20,158900.00402982364,23
EGY,diet_asp,0.20,249833.83826927555,23
GBR,diet_asp,0.20,101023.1475618848,23
GLB,diet_asp,0.20,12100272.176665287,23
IND,diet_asp,0.20,3639824.887468779,23
ISR,diet_asp,0.20,4061.560837302216,23
JPN,diet_asp,0.20,124003.51695815196,23
MEX,diet_asp,0.20,145473.45985895008,23
NGA,diet_asp,0.20,102058.19064767248,23
NZL,diet_asp,0.20,8996.663450319294,23
ROU,diet_asp,0.20,90214.88035191174,23
TUR,diet_asp,0.20,86090.5840229072,23
USA,diet_asp,0.20,521048.6319180479,23
ZAF,diet_asp,0.20,59940.4580501664,23
AUS,diet_asp,0.20,37135.7107055087,24
BGD,diet_asp,0.20,575306.8053513585,24
BGR,diet_asp,0.20,33458.31897816659,24
BRA,diet_asp,0.20,312252.99886173016,24
CAN,diet_asp,0.20,32548.800184140884,24
CHN,diet_asp,0.20,2837069.1997094066,24
DEU,diet_asp,0.20,171996.81954007506,24
EGY,diet_asp,0.20,272265.36568126647,24
GBR,diet_asp,0.20,109768.45222297552,24
GLB,diet_asp,0.20,13223852.686250985,24
IND,diet_asp,0.20,3962394.2466602754,24
ISR,diet_asp,0.20,4449.12377950623,24
JPN,diet_asp,0.20,134011.02766096123,24
MEX,diet_asp,0.20,159656.78796245018,24
NGA,diet_asp,0.20,112542.05714769108,24
NZL,diet_asp,0.20,9779.984213523354,24
ROU,diet_asp,0.20,96790.3723929558,24
TUR,diet_asp,0.20,94025.7462474286,24
USA,diet_asp,0.20,566635.5254254506,24
ZAF,diet_asp,0.20,65605.18530135225,24
AUS,diet_asp,0.20,40259.66005000007,25
BGD,diet_asp,0.20,621437.1446762619,25
BGR,diet_asp,0.20,35675.70655530312,25
BRA,diet_asp,0.20,340028.6071335844,25
CAN,diet_asp,0.20,35381.52505452475,25
CHN,diet_asp,0.20,3082641.494558872,25
DEU,diet_asp,0.20,185246.51526552235,25
EGY,diet_asp,0.20,295227.39843776857,25
GBR,diet_asp,0.20,118681.418915571,25
GLB,diet_asp,0.20,14376833.86507104,25
IND,diet_asp,0.20,4292255.984773586,25
ISR,diet_asp,0.20,4849.247223002578,25
JPN,diet_asp,0.20,144149.9077941984,25
MEX,diet_asp,0.20,174287.95950979565,25
NGA,diet_asp,0.20,123466.49478039453,25
NZL,diet_asp,0.20,10578.721795179046,25
ROU,diet_asp,0.20,103391.8757618914,25
TUR,diet_asp,0.20,102178.16844455876,25
USA,diet_asp,0.20,612928.8207143942,25
ZAF,diet_asp,0.20,71447.98476718261,25
AUS,diet_asp,0.20,43449.39407688959,26
BGD,diet_asp,0.20,668319.3195222858,26
BGR,diet_asp,0.20,37887.66324295775,26
BRA,diet_asp,0.20,368451.0326600053,26
CAN,diet_asp,0.20,38269.94530381202,26
CHN,diet_asp,0.20,3333075.411799618,26
DEU,diet_asp,0.20,198613.44606551272,26
EGY,diet_asp,0.20,318654.2076673444,26
GBR,diet_asp,0.20,127742.056702585,26
GLB,diet_asp,0.20,15556691.816862144,26
IND,diet_asp,0.20,4628667.188017076,26
ISR,diet_asp,0.20,5261.477264218962,26
JPN,diet_asp,0.20,154403.0784842987,26
MEX,diet_asp,0.20,189335.17891402196,26
NGA,diet_asp,0.20,134815.61357829382,26
NZL,diet_asp,0.20,11391.2379750803,26
ROU,diet_asp,0.20,110006.69609678347,26
TUR,diet_asp,0.20,110530.26325238076,26
USA,diet_asp,0.20,659810.1376119513,26
ZAF,diet_asp,0.20,77460.02933189324,26
AUS,diet_asp,0.20,46699.56249038575,27
BGD,diet_asp,0.20,715850.3453569761,27
BGR,diet_asp,0.20,40090.24491260369,27
BRA,diet_asp,0.20,397449.3198045277,27
CAN,diet_asp,0.20,41207.194009032086,27
CHN,diet_asp,0.20,3587711.0048065963,27
DEU,diet_asp,0.20,212064.47180966943,27
EGY,diet_asp,0.20,342475.42116473394,27
GBR,diet_asp,0.20,136930.9436507453,27
GLB,diet_asp,0.20,16760926.149996296,27
IND,diet_asp,0.20,4970866.178370008,27
ISR,diet_asp,0.20,5685.371181605084,27
JPN,diet_asp,0.20,164754.0792153562,27
MEX,diet_asp,0.20,204766.21221097963,27
NGA,diet_asp,0.20,146571.73907364922,27
NZL,diet_asp,0.20,12215.973758742804,27
ROU,diet_asp,0.20,116622.30520137092,27
TUR,diet_asp,0.20,119063.89268365904,27
USA,diet_asp,0.20,707170.3161902963,27
ZAF,diet_asp,0.20,83632.1964079233,27
AUS,diet_asp,0.20,50005.02973629874,28
BGD,diet_asp,0.20,763924.0832503351,28
BGR,diet_asp,0.20,42279.61729944192,28
BRA,diet_asp,0.20,426952.5156997796,28
CAN,diet_asp,0.20,44186.803151698776,28
CHN,diet_asp,0.20,3845901.1842698953,28
DEU,diet_asp,0.20,225568.86952505703,28
EGY,diet_asp,0.20,366616.0473306885,28
GBR,diet_asp,0.20,146229.14933386096,28
GLB,diet_asp,0.20,17987041.62416436,28
IND,diet_asp,0.20,5318067.0681555895,28
ISR,diet_asp,0.20,6120.482509829715,28
JPN,diet_asp,0.20,175186.73250742446,28
MEX,diet_asp,0.20,220548.25820298228,28
NGA,diet_asp,0.20,158715.21470383956,28
NZL,diet_asp,0.20,13051.434622383884,28
ROU,diet_asp,0.20,123226.23514702624,28
TUR,diet_asp,0.20,127760.23764066528,28
USA,diet_asp,0.20,754908.3198598187,28
ZAF,diet_asp,0.20,89954.86742229098,28
AUS,diet_asp,0.20,53360.81220990815,29
BGD,diet_asp,0.20,812430.6349911374,29
BGR,diet_asp,0.20,44452.02276454618,29
BRA,diet_asp,0.20,456889.446850689,29
CAN,diet_asp,0.20,47202.67105572695,29
CHN,diet_asp,0.20,4107012.446300672,29
DEU,diet_asp,0.20,239098.1906252861,29
EGY,diet_asp,0.20,390996.7840477629,29
GBR,diet_asp,0.20,155618.16732353516,29
GLB,diet_asp,0.20,19232531.543267,29
IND,diet_asp,0.20,5669456.4619887415,29
ISR,diet_asp,0.20,6566.347333133193,29
JPN,diet_asp,0.20,185684.8953037816,29
MEX,diet_asp,0.20,236647.839744717,29
NGA,diet_asp,0.20,171224.2371331153,29
NZL,diet_asp,0.20,13896.17589906076,29
ROU,diet_asp,0.20,129806.0297358516,29
TUR,diet_asp,0.20,136599.70741273533,29
USA,diet_asp,0.20,802930.076031304,29
ZAF,diet_asp,0.20,96417.7528691909,29
AUS,diet_asp,0.20,56762.01747189547,30
BGD,diet_asp,0.20,861256.0966284175,30
BGR,diet_asp,0.20,46603.762582025694,30
BRA,diet_asp,0.20,487188.5573459796,30
CAN,diet_asp,0.20,50249.02179331485,30
CHN,diet_asp,0.20,4370425.364839193,30
DEU,diet_asp,0.20,252626.0720712036,30
EGY,diet_asp,0.20,415534.58171506296,30
GBR,diet_asp,0.20,165079.85321494503,30
GLB,diet_asp,0.20,20494863.25690801,30
IND,diet_asp,0.20,6024192.223023728,30
ISR,diet_asp,0.20,7022.472026776703,30
JPN,diet_asp,0.20,196232.287593544,30
MEX,diet_asp,0.20,253030.7171536089,30
NGA,diet_asp,0.20,184074.73088965297,30
NZL,diet_asp,0.20,14748.788402109867,30
ROU,diet_asp,0.20,136349.2399446622,30
TUR,diet_asp,0.20,145561.89017163197,30
USA,diet_asp,0.20,851147.2988393286,30
ZAF,diet_asp,0.20,103009.74827861684,30
