iso3,sex,outcome,arm,averted_10yr,averted_yr1,averted_yr10,yr1,yr2,yr3,yr4,yr5,yr6,yr7,yr8,yr9,yr10,yr11,yr12,yr13,yr14,yr15,yr16,yr17,yr18,yr19,yr20,yr21,yr22,yr23,yr24,yr25,yr26,yr27,yr28,yr29,yr30,coverage
CHN,Male,IHD,glp1,163786.22549668886,2368.458273135592,5824.050617998699,2368.458273135592,5896.069914616877,5800.153501985595,5671.157986894716,5550.189224884845,5447.65119399759,5367.947857303312,5311.678013109602,5277.165280934656,5261.63536864426,5262.0152667490765,5275.391298754141,5299.205014717998,5331.2778779377695,5369.746141645359,5412.966910026968,5459.433631018736,5507.719428284792,5556.452108460711,5604.315715587698,5650.069334230153,5692.57317627361,5730.813497493276,5763.920453591272,5791.175790948793,5812.009741573129,5825.988374516601,5832.79385777493,5832.200643598102,5824.050617998699,0.20
CHN,Male,IHD,diet,558923.1504059138,0.0,33149.76247303258,0.0,326.74064082535915,790.8725909912027,1463.3655047258362,2413.0139046842232,3682.6852050542366,5266.187779300148,7104.083541480126,9103.400694836397,11166.728296429152,13213.578466039153,15188.395932523768,17058.920759591274,18810.454895915696,20439.69595884345,21949.717225440312,23346.44385638577,24636.45294307731,25825.7765769877,26919.39392650128,27921.15482631349,28833.94136176235,29659.93113841419,30400.87286153436,31058.32155738049,31633.80827310984,32128.93862038036,32545.427326828707,32885.08326752507,33149.76247303258,0.20
CHN,Male,IHD,combo,719792.6507937848,2368.458273135592,38823.032934586285,2368.458273135592,6220.327865627129,6585.058168732328,7123.790545779048,7945.985780311516,9104.709473560564,10598.344591309316,12368.588818328222,14321.516755439108,16357.625603028571,18393.8524432024,20372.008952806005,22257.37790561444,24033.06513973465,25693.82353753876,27240.97901882301,28678.846680872142,30012.48652991489,31246.48579125712,32384.451968865003,33428.95228230627,34381.697606689064,35243.827118172776,36016.19887638278,36699.63074622024,37295.06583618559,37803.65792600042,38226.78630662407,38566.017316737445,38823.032934586285,0.20
CHN,Female,IHD,glp1,146149.6679375302,2035.3674131091684,5764.984966077376,2035.3674131091684,4991.128575929324,4836.985741384095,4688.732159479172,4570.205031738267,4482.803900235565,4425.610516218585,4396.283501385944,4391.629079308361,4408.111930224579,4442.245411956916,4490.835772143444,4551.091098645586,4620.627309638425,4697.410593330045,4779.672473375569,4865.824876760831,4954.392135626404,5043.967345117359,5133.193248622119,5220.76320254826,5305.435557103716,5386.054446084658,5461.570887460839,5531.059682436986,5593.729401762364,5648.924437731039,5696.119480854133,5734.9077612410765,5764.984966077376,0.20
CHN,Female,IHD,diet,528361.6949786335,0.0,33215.77064665663,0.0,270.7517271172255,662.3084876200883,1235.740712132305,2050.645231931354,3145.715114341234,4519.6256913340185,6127.277924149064,7895.410440651816,9745.795909051783,11612.308481342625,13447.489007190918,15221.6117508756,16918.58896697976,18531.4958599041,20058.8776529514,21502.088259009062,22863.545084741432,24145.690924421884,25350.46256904141,26479.101710252464,27532.180813202634,28509.748381365323,29411.5241845611,30237.09653890832,30986.091386424843,31658.297135080444,32253.74020549562,32772.71418189909,33215.77064665663,0.20
CHN,Female,IHD,combo,671629.1305173002,2035.3674131091684,38818.85899377428,2035.3674131091684,5259.823036605143,5494.268221924314,5915.316327122389,6606.016792353941,7606.266086814692,8913.935126401484,10482.004459001706,12234.604097823496,14090.538779091325,15980.627556156716,17854.4824779731,19679.709133207565,21437.860787217505,23119.946644890588,24722.684594109887,26245.77490331477,27690.09845117305,29056.64034826262,30345.940865674987,31557.90641435049,32691.847740739817,33746.64354113978,34720.95446774457,35613.43538577086,36422.91304100235,37148.51208731928,37789.72471677512,38346.42802645522,38818.85899377428,0.20
IND,Male,IHD,glp1,95388.51793151768,1235.789295741939,3563.6672334419563,1235.789295741939,3095.960118209594,3059.539762825821,3024.2396110387053,3000.3773809896084,2986.571537260781,2981.5455952524208,2984.270903232391,2993.8956562487874,3009.683669192484,3030.967236664379,3057.1121451854706,3087.492559051141,3121.473763877293,3158.4011135047767,3197.5938674111385,3238.342896265676,3279.911467968719,3321.538510002196,3362.443883736152,3401.835309451912,3438.916652366752,3472.8973234475125,3503.002567226067,3528.484405960189,3548.6329902647994,3562.788077291334,3570.350325982552,3570.7920724251308,3563.6672334419563,0.20
IND,Male,IHD,diet,444832.0289178264,0.0,25439.97437371825,0.0,285.7411334643839,702.9614425745094,1307.6969763351372,2150.854455567198,3257.5145794658456,4609.870304657961,6148.024717968889,7789.647707772441,9454.407504652743,11079.705986443674,12624.930677357828,14068.477642955491,15402.338579138042,16626.987175217597,17747.506286809687,18770.98622927931,19704.918847436784,20556.28344724956,21331.081903886283,22034.15250114864,22669.150556324515,23238.62520438805,23744.148946464527,24186.47376686195,24565.698148840107,24881.43557755486,25132.97872515256,25319.45551913953,25439.97437371825,0.20
IND,Male,IHD,combo,538774.3357672739,1235.789295741939,28936.20173606253,1235.789295741939,3380.3414973915787,3759.131073896773,4325.773898960557,5141.298007827019,6229.349151657894,7571.001839351957,9105.675066888216,10750.605389426111,12425.094449668308,14066.129289370148,15632.592811730456,17102.288903601468,18466.54722194234,19725.12775403704,20882.36196963536,21944.560958292568,22918.41669208464,23810.09395769332,24624.771311256336,25366.461235411465,26037.99786787317,26641.12178232125,27176.618394923866,27644.48367274204,28044.10127332713,28374.421444576463,28634.135573635576,28821.842245946405,28936.20173606253,0.20
IND,Female,IHD,glp1,74490.38624267315,796.2497899136506,2869.49180398765,796.2497899136506,2074.1284963618964,2094.7310009454377,2116.921532586799,2145.302125316696,2177.993519190233,2213.715067547164,2251.5856268829666,2290.971238831873,2331.402053488652,2372.517573088873,2414.025789614767,2455.6714330085088,2497.2114551205887,2538.396663683234,2578.958647539956,2618.601249257801,2656.9959412986645,2693.780552940443,2728.5608694921248,2760.914679342415,2790.397878584219,2816.552260294789,2838.9146199950483,2857.026804876048,2870.446326941019,2878.757154208608,2881.580294222571,2878.5837941104546,2869.49180398765,0.20
IND,Female,IHD,diet,385946.066726441,0.0,22250.843668686222,0.0,267.8950921854703,649.727887408575,1195.9708572046366,1950.484391270788,2932.499304082594,4122.375365543412,5463.891135777347,6883.088106767624,8310.283695955877,9693.3183872276,11000.24120441242,12215.792375441408,13336.128096531029,14364.144518277491,15306.096337277677,16169.4231685868,16961.47190354555,17688.813866067096,18356.93128257699,18970.122310916544,19531.53008414596,20043.23893967504,20506.40474673966,20921.40054835449,21287.967026339844,21605.361908740364,21872.50486841891,22088.115648283623,22250.843668686222,0.20
IND,Female,IHD,combo,459225.19240929896,796.2497899136506,25062.954192103352,796.2497899136506,2340.7487580935704,2741.3760252669454,3307.348704663338,4086.9603561759,5097.531556412112,6318.300222493359,7692.479083911516,9145.839769494254,10608.534348507645,12028.234888900071,13372.780872064875,14626.660207234325,15785.742794855498,16852.6118991205,17833.186129129957,18734.54634199152,19563.657506814,20326.68578786449,21028.686231837608,21673.51070466253,22263.84161344857,22801.29446164693,23286.55590498238,23719.53820458148,24099.539222269785,24425.401690319413,24695.667910298333,24908.727230241057,25062.954192103352,0.20
BRA,Male,IHD,glp1,40207.22043083826,427.74364975249046,1505.3965243435814,427.74364975249046,1091.8706300204503,1120.2985486318648,1145.4473359007245,1170.7119266580703,1195.709596331959,1220.1912803257435,1244.0339245777286,1267.1859879191034,1289.6314165977385,1311.367077470466,1332.3890649852692,1352.6846876840864,1372.227995650057,1390.9774698191322,1408.8750244468683,1425.8458332132725,1441.7987232323503,1456.6270246065978,1470.2098426019656,1482.4137549997831,1493.0949436969531,1502.1017583442735,1509.2776888741355,1514.464699025673,1517.5068484908843,1518.2541098418296,1516.566269732546,1512.316793062666,1505.3965243435814,0.20
BRA,Male,IHD,diet,63706.64734124944,0.0,3805.573590137821,0.0,33.43117395201989,83.80928615818266,158.148648909264,263.14683866025007,402.767489372156,576.1257222122513,777.2996829560725,997.2915156509262,1226.6783591606218,1457.4682819083537,1683.7753855376795,1901.6973080160824,2108.875736362796,2304.031431863332,2486.5872777422483,2656.3974520736374,2813.565293108521,2958.325659275928,3090.97109484105,3211.806736464496,3321.1238147257827,3419.185206024733,3506.218909117306,3582.4168609785847,3647.937449341232,3702.9106361573504,3747.444924305106,3781.6355762356543,3805.573590137821,0.20
BRA,Male,IHD,combo,103119.14471939333,427.74364975249046,5269.899148941156,427.74364975249046,1124.7741354557074,1202.7565824081248,1301.0594597244344,1429.6802651729813,1592.1549464471464,1787.3864458560856,2009.446811460497,2249.446853431349,2498.105437684935,2747.553098734992,2991.9847624042013,3227.533938901616,3451.8381784053345,3663.5809171131696,3862.120599596892,4047.224565442564,4218.890455084824,4377.231337463745,4522.40425342173,4654.567407308088,4773.85606494316,4880.370735439239,4974.173565728037,5055.290363046923,5123.71656094768,5179.42596915015,5222.381442650658,5252.546767275402,5269.899148941156,0.20
BRA,Female,IHD,glp1,34624.355586038764,302.0825424046998,1456.454983462521,302.0825424046998,783.0236900318268,815.2874368473567,847.2355738655169,880.457261698888,914.1472074010816,947.781923485978,981.0432452477398,1013.7358451394102,1045.735913665019,1076.9605420443986,1107.3499630148872,1136.8574453809706,1165.4435061329132,1193.0723778597458,1219.709518540636,1245.3195067796914,1269.8640221388923,1293.2998318283353,1315.5768348481945,1336.6362817548795,1356.4093123981002,1374.8159492357229,1391.764660359113,1407.152571726212,1420.8663679924794,1432.7838800261088,1442.776317869109,1450.7110728583357,1456.454983462521,0.20
BRA,Female,IHD,diet,56050.13363616739,0.0,3563.0806585689133,0.0,27.597741225443315,68.801806510819,129.5495999460545,215.5594880963763,330.35858729887696,473.52157285388967,640.4761295635253,824.0885633215366,1016.8363359852084,1212.3333814613145,1405.8821861280155,1594.3693824839577,1775.9042273961531,1949.441053950373,2114.4777266035235,2270.842748942625,2418.5547443228133,2557.73317275662,2688.542705029424,2811.158792846501,2925.746329968417,3032.4464322716667,3131.368429093418,3222.585437615431,3306.132640163589,3382.007790685064,3450.1736722377245,3510.5622988401155,3563.0806585689133,0.20
BRA,Female,IHD,combo,89969.85433271393,302.0825424046998,4979.662799651909,302.0825424046998,810.1858360490587,882.9830560339033,974.716729906184,1092.6126313887944,1239.3513439863164,1414.0095120820188,1611.787711351266,1825.4836295918649,2047.5759749791323,2271.6950047345454,2493.150022818037,2708.818944669721,2916.788748382344,3115.981754365712,3305.857165495196,3486.1998310939234,3656.9800690112897,3818.263775998305,3970.155645605948,4112.76338704137,4246.175131544733,4370.445281352528,4485.586059455192,4591.563240541262,4688.295238779872,4775.655086426777,4853.474990229704,4921.553187742335,4979.662799651909,0.20
CAN,Male,IHD,glp1,8928.153134623459,119.34429338250992,293.33215191931595,119.34429338250992,295.3508339691616,295.60916685156553,295.60654720309685,296.3823351117717,297.744440378061,299.47155717794885,301.37128469960226,303.2921260699586,305.1222902278605,306.78323920521143,308.2221274574367,309.40510393271325,310.3121580810366,310.933500091367,311.2671590955615,311.31740378196264,311.09362936886464,310.6094436551284,309.8817821942939,308.92996766945,307.7746930364374,306.43695100909827,304.93695671364185,303.293119969454,301.52112288124044,299.63315092869016,297.6373144172212,295.53728414379657,293.33215191931595,0.20
CAN,Male,IHD,diet,9002.608875211747,0.0,539.831837407386,0.0,4.397670355312584,11.15059305892646,21.294823684023868,35.84936216679125,55.45204476549043,80.02427212616749,108.71977009341572,140.2094518072554,173.08644542297407,206.1559717817363,238.54204180582383,269.66805882073095,299.18764459359227,326.91280509895296,352.7575839968995,376.6995168366848,398.7553256970277,418.96632118119305,437.3897699903864,454.0936200749893,469.1529497733609,482.6472129680915,494.6578165960928,505.26584987971,514.5499428321164,522.5843085513588,529.4370505050938,535.1688133401622,539.831837407386,0.20
CAN,Male,IHD,combo,17815.712557068724,119.34429338250992,826.8751762901411,119.34429338250992,299.6805860083623,306.5840386997115,316.568063953102,331.67683811802635,352.34867722538183,378.2877862769019,408.4711665805444,441.4403370341825,475.698594488691,509.990130855218,543.3979410493994,575.3184471081186,605.3885381570071,633.4113930803869,659.2986730168777,683.0310063705983,704.6329351417844,724.1576098502337,741.6773874077044,757.2776819592764,771.0524397304143,783.100345570132,793.5213501574435,802.4133954608005,809.869371480323,815.974406026111,820.8036045930094,824.4203419963305,826.8751762901411,0.20
CAN,Female,IHD,glp1,5762.598783440903,85.60472602309892,199.5734650048508,85.60472602309892,202.85011403543103,194.57469088929065,188.9598639550204,185.7902698545477,184.35743278282823,184.14165952979965,184.7621560233092,185.937732897688,187.46020630184648,189.17535625296296,190.96889692530385,192.7561111040013,194.47428977878008,196.0773235019588,197.5319020343086,198.8148652759992,199.91133284756503,200.8133232971195,201.5186523080229,202.0299680024,202.3538378420308,202.4998450328858,202.4796835107627,202.30626115063933,201.9928327802263,201.5521898767984,200.9959342774164,200.3338603440097,199.5734650048508,0.20
CAN,Female,IHD,diet,6295.547518834344,0.0,387.03814857271936,0.0,3.2390927383312373,7.924234964022617,14.802374228838744,24.590192605559423,37.74616838432485,54.25244082620702,73.57993314326086,94.87507532865855,117.226504279668,139.85582699235238,162.1875683081962,183.8364553527026,204.56256296808715,224.22519749247652,242.74719950785584,260.0909927771354,276.2439391412663,291.2099760409146,305.0050512755188,317.6546140147948,329.1920583011015,339.65748089882254,349.09642853919286,357.55850791177727,365.0958495757295,371.7614806899219,377.6076899196924,382.6844740552151,387.03814857271936,0.20
CAN,Female,IHD,combo,11976.11306224156,85.60472602309892,581.9040911207121,85.60472602309892,206.0391817135024,202.374586132275,203.5318458795373,210.0018762549189,221.5289654467888,237.5776006917513,257.24773448637643,279.41881928589646,302.9855489160909,327.0267224046001,350.86035197524325,374.02105841665616,396.2085506612275,417.2369257499668,436.99576932657874,455.4239341215289,472.4932418503049,488.19885503635305,502.55366702436,515.5848562431856,527.331432566094,537.8421045989162,547.1731360530757,555.3860752867804,562.5453702896957,568.7159497027715,573.9608791818537,578.3392058014178,581.9040911207121,0.20
TUR,Male,IHD,glp1,33713.054819950004,353.1528771647718,1299.6671392628195,353.1528771647718,911.7413249211822,929.0121532715566,946.0382213956472,965.3987133405172,986.135015205,1007.431543265091,1028.6963950330537,1049.5312229096162,1069.6943283969886,1089.0657672578818,1107.614868127086,1125.3703115672688,1142.3935026867111,1158.7560527988098,1174.521863972972,1189.7338793690724,1204.4052032345644,1218.5140675933944,1232.0020203185995,1244.7746988855797,1256.7046009631013,1267.6353388753923,1277.3869496537372,1285.7619126875215,1292.551595224097,1297.542898772299,1300.5249166939611,1301.2954371017113,1299.6671392628195,0.20
TUR,Male,IHD,diet,23594.78963981071,0.0,1427.4820621390245,0.0,14.728345121940947,35.4830964912253,65.00479200320842,105.85536364352448,159.38906470574148,224.97721329389609,300.0598658402596,381.0389174025768,464.3628932794672,547.2105266686413,627.6713517892786,704.6227798051841,777.5111312759982,846.147862972517,910.5559033427852,970.8652454436524,1027.2463449643983,1079.8697078978876,1128.8827771068609,1174.3980082988855,1216.488133732084,1255.1860425377963,1290.487630198215,1322.3565522536371,1350.7301803646696,1375.5262829554704,1396.650089064904,1414.001475216981,1427.4820621390245,0.20
TUR,Male,IHD,combo,56999.35567237167,353.1528771647718,2711.6222685570974,353.1528771647718,926.1855543066558,963.8165754404764,1009.8324090777314,1069.3315722974512,1142.695622723666,1228.5048764377716,1323.6649952723674,1424.2500801091956,1526.5299656998104,1627.60802939086,1725.5684282764123,1819.3275318966328,1908.3935920273648,1992.6447820625328,2072.160606091508,2147.1060936056456,2217.6573618994007,2283.9566904430394,2346.087792690174,2404.064672685665,2457.8295595804084,2507.2568874152494,2552.1612754782545,2592.308114723812,2627.4257893463946,2657.218834948362,2681.3815057594184,2699.611326963539,2711.6222685570974,0.20
TUR,Female,IHD,glp1,25524.679957877222,269.8837295051271,1082.2778013746574,269.8837295051271,684.3042058900173,681.6711817752584,682.732133548554,688.9681537834622,699.1875844234819,712.3294768218839,727.5370061149515,744.1426064584448,761.6409718479117,779.6609754219608,797.9396669312409,816.2989712463168,834.625004224552,852.8498406893777,870.9356344173284,888.8610429224645,906.6099191795364,924.1622087866272,941.4869525684188,958.5372556924848,975.2470535392786,991.5294852712104,1007.2766781488316,1022.3607468709088,1036.6358193499618,1049.9409101344645,1062.103472506613,1072.9434684318985,1082.2778013746574,0.20
TUR,Female,IHD,diet,20000.54904644952,0.0,1269.667311459998,0.0,12.053514512561378,29.059917218815823,53.34249056404951,87.02984613146691,131.25173472166352,185.4819638528861,247.57194517575408,314.50570742757554,383.3271135565665,451.7255536180892,518.1852299796446,581.8691130616353,642.4205801542703,699.7821481814171,754.0620127685397,805.4462671721849,854.1450378298614,900.3610331799719,944.2720009883489,986.0215416833672,1025.714901766536,1063.4177875360035,1099.157095936258,1132.9229507641285,1164.6717011349683,1194.3296778420336,1221.797568713184,1246.9552995177364,1269.667311459998,0.20
TUR,Female,IHD,combo,45259.92768234885,269.8837295051271,2337.3122883194155,269.8837295051271,696.1252032307893,710.1730465637738,735.0754652157048,774.4078411450828,828.0968987096276,894.5766391665165,970.890784525778,1053.4156716058787,1138.7423920623478,1224.224957636514,1308.1031591987849,1389.367422638417,1467.5447221819925,1542.5030187144148,1614.3045100174786,1683.1057800367416,1749.0934078662683,1812.4437614030608,1873.2985626242728,1931.750647592344,1987.836439537088,2041.5330202765329,2092.7585172335675,2141.375007122697,2187.193408752093,2229.979983832236,2269.4641391133337,2305.3472565209668,2337.3122883194155,0.20
ZAF,Male,IHD,glp1,4740.00646639944,68.5271567293621,173.5347202162411,68.5271567293621,168.16346807115224,166.2546615204301,163.80462229041404,161.55287284004226,159.56113984833246,157.8594167317333,156.46202927843842,155.3709234561611,154.5785680072986,154.07081914808805,153.8295635367176,153.83491988599417,154.06686184527643,154.50622665108313,155.1351556647278,155.93706405690318,156.896260569054,157.99734174906916,159.22447565340553,160.56067356880158,161.98712891695322,163.48268274379734,165.02345652908116,166.58267620946208,168.13069656765947,169.6352225436749,171.06171351190642,172.37394805817894,173.5347202162411,0.20
ZAF,Male,IHD,diet,715.0022594328948,0.0,46.6793717736764,0.0,0.3270355658478365,0.8189325793464377,1.5542600035059877,2.61117148336416,4.041371840168722,5.845035658701818,7.965552501696948,10.309031101583969,12.773720430541289,15.272066718447604,17.73971368471757,20.13500571955228,22.43434596359293,24.62690392836157,26.71015274636011,28.68655791809215,30.561272803810425,32.3405848124894,34.03088208911868,35.637970773717825,37.16662909968363,38.62032657312011,40.00106452999171,41.309311682354746,42.54401813890581,43.70269644942891,44.78156036442306,45.77571249829271,46.6793717736764,0.20
ZAF,Male,IHD,combo,5446.430369688407,68.5271567293621,219.6988746397656,68.5271567293621,168.48574805927092,167.06144339332786,165.3359624791392,164.12593721200574,163.5442080515768,163.62115149592682,164.31551841676628,165.53688382118708,167.1775059632564,169.13692578585324,171.33350265723493,173.70615737892513,176.2114475864546,178.81937981191004,181.5094632943692,184.26742191074663,187.0825444581788,189.9455468475935,192.8468353503522,195.7751026308288,198.71622404438315,201.6524431367216,204.5618441769948,207.4181097275032,210.19055621191,212.8444328164078,215.34146063848675,217.64058096196823,219.6988746397656,0.20
ZAF,Female,IHD,glp1,4277.522636077114,55.7601511545181,162.67468405250474,55.7601511545181,136.6194117412124,136.16411711949695,135.45536058877224,135.0176600691484,134.84919473310583,134.9347944007368,135.2561231926411,135.79232545732702,136.52055386534812,137.4166494887559,138.4559493817087,139.61413801980052,140.86804844516155,142.19633303558112,143.57994832187617,145.0024247333913,146.44991604524876,147.9110426657844,149.37655725043442,150.83887072459763,152.2914822266448,153.728358405604,155.14330655655067,156.52938281434945,157.87837155275702,159.18036570343975,160.42347034163504,161.59364398898106,162.67468405250474,0.20
ZAF,Female,IHD,diet,500.5551150777301,0.0,33.89337379225071,0.0,0.2275938439670426,0.5599161216996436,1.0494045706309407,1.7478747911209211,2.6904572288858617,3.88001649753096,5.283811106501162,6.8453914190140495,8.50256824636017,10.200898910570686,11.899272466303955,13.5697815145395,15.19511481776135,16.765563723070954,18.27651941606382,19.72664455887389,21.11662512332623,22.448342803552805,23.724325058350587,24.94736760558408,26.12026007187524,27.24557315057973,28.325484863122256,29.361635954479425,30.355011868919973,31.30585264291949,32.2135935580427,33.07683935183195,33.89337379225071,0.20
ZAF,Female,IHD,combo,4771.543467935748,55.7601511545181,196.14685615572307,55.7601511545181,136.8436960362269,136.7156791309535,136.48912777935584,136.73964692661502,137.50009619700904,138.75821920423368,140.46351492284884,142.53958159893773,144.90233325699774,147.47396591375218,150.18927671996062,152.99640072378315,155.85505321187156,158.73425822030003,161.61037192219374,164.4655533513942,167.2865851526185,170.06390176416608,172.7907130154981,175.46215779074555,178.0744630975696,180.62411299422456,183.10704980889025,185.51793906627245,187.8495317681627,190.09215507912995,192.2333565885947,194.2577193832003,196.14685615572307,0.20
MEX,Male,IHD,glp1,32434.19610996805,387.92790212784894,1271.138601588871,387.92790212784894,948.2264207667758,932.4019606939692,924.1152232845488,924.2615790612616,930.7491292037594,941.949595331389,956.6172961775736,973.7867456386592,992.7006177256408,1012.7589844231696,1033.482678406668,1054.4860593952471,1075.456180515408,1096.1364784955804,1116.313815646281,1135.808123720446,1154.464144636513,1172.14490270018,1188.7266240690951,1204.0948703214526,1218.1416902459314,1230.7636254114768,1241.8604337419383,1251.3344214589015,1259.0902963300032,1265.0354728718085,1269.0807720595185,1271.1414639181312,1271.138601588871,0.20
MEX,Male,IHD,diet,21131.59387203836,0.0,1318.3245516838217,0.0,9.793747004907344,24.873365938619827,47.58416566095548,80.23448713721882,124.28625362396996,179.60299273591954,244.3303386249172,315.5318375655333,390.0989204789512,465.4051094914757,539.5479472526058,611.3044583514711,679.9712954020652,745.1964593649318,806.8448377352906,864.9041247452697,919.424157627931,970.480122510664,1018.1514912424173,1062.510793190042,1103.618292475352,1141.5200862229103,1176.2481158228911,1207.8212113625775,1236.246679605087,1261.5221804779867,1283.6377721041065,1302.5780765984673,1318.3245516838217,0.20
MEX,Male,IHD,combo,53290.63303576561,387.92790212784894,2574.946292335313,387.92790212784894,957.8459880203008,956.8262097007246,970.8497354702412,1003.0853128887248,1052.8859436663915,1118.4999144652538,1196.8698786948516,1284.152390230709,1376.5384392877313,1470.8456944770296,1564.7208655492286,1656.570192035957,1745.3827051832925,1830.549290888376,1911.717968350349,1988.6912117162133,2061.358072079587,2129.651425373071,2193.5221056343144,2252.92391750816,2307.805479316434,2358.106293121848,2403.7554234545096,2444.671808742147,2480.765635451477,2511.9404535311623,2538.095856857253,2559.1306296071125,2574.946292335313,0.20
MEX,Female,IHD,glp1,26069.20085452871,322.51061633459904,1157.031375409788,322.51061633459904,757.84191001211,714.3173543156008,689.2712386127678,678.908824241611,678.7319404179289,685.730835021117,697.8767080079779,713.7671403655695,732.4042004148941,753.0563145355991,775.1717483144021,798.3235984170897,822.1739950939227,846.4500870621123,870.927353141713,895.4175685304217,919.7598114294524,943.81352002715,967.4529801974568,990.5628486509376,1013.0344579443336,1034.762744512307,1055.6437079385796,1075.572358550824,1094.441145273915,1112.1388780849957,1128.5501700589375,1143.5554236105963,1157.031375409788,0.20
MEX,Female,IHD,diet,18069.481627847992,0.0,1199.0207297617017,0.0,8.229258328203287,20.7317284185483,39.48078105447348,66.41530046964908,102.73722456553514,148.27320360319573,201.4029765503437,259.6479499084526,320.47478443845466,381.84151609407854,442.3646196020127,501.2387867667858,558.0710933283117,612.7238438323257,665.198337811773,715.559907841176,763.8941297659476,810.2835085785628,854.7964326024958,897.4829214914353,938.373815736588,977.4814920380596,1014.8010911892488,1050.3117840531777,1083.977909528301,1115.7499856783834,1145.5656776229443,1173.350837187827,1199.0207297617017,0.20
MEX,Female,IHD,combo,43911.1360366992,322.51061633459904,2342.824420991965,322.51061633459904,765.924812694313,734.6790010779223,728.0610644982371,744.1864784159479,779.746023460335,831.5689536616264,896.042457370866,969.3328910950004,1047.9525788334286,1129.1591783662006,1211.0350392232504,1292.354955107454,1372.3884352722523,1450.7217267294182,1527.1269990446308,1601.4765476708126,1673.6906014829435,1743.7073002074612,1811.4661847824027,1876.899432036109,1939.9272823654464,2000.455612393198,2058.3745582357224,2113.5576746656734,2165.8614547856123,2215.1252230244863,2261.171507077496,2303.807025794391,2342.824420991965,0.20
AUS,Male,IHD,glp1,6406.031578366859,64.23532216840249,244.18570572471072,64.23532216840249,165.60998108970307,169.72807381302664,174.11610005357943,179.18000353811658,184.6377277241536,190.2276726688688,195.7452792476797,201.04503636922163,206.0330865757605,210.6566975579736,214.89361157521853,218.74272901060613,222.21666823293708,225.33621181854323,228.1263788380893,230.6137655027378,232.8248010226198,234.78462022936947,236.51632584578687,238.040482397897,239.37474193618613,240.53354638011297,241.52788305364447,242.36509081252007,243.04872635424908,243.57850594069896,243.95033859722025,244.1564642872254,244.18570572471072,0.20
AUS,Male,IHD,diet,9659.3661948897,0.0,574.4693592606964,0.0,5.821222225613383,14.20204071443368,26.46987927650116,43.81819429357347,66.88314393182918,95.36375820329704,128.01952221991814,163.09155601649763,198.8438234593777,233.9174297971549,267.42813465194195,298.9010435061828,328.15159330165625,355.1750431882683,380.0650522899923,402.9609233539341,424.016392747224,443.3826164848506,461.1997473584888,477.5933616188049,492.67342992088015,506.5344982992247,519.2563560534218,530.9048339048386,541.5325865280829,551.1798286964986,559.87505189898,567.6357716875355,574.4693592606964,0.20
AUS,Male,IHD,combo,15942.768059723576,64.23532216840249,812.1229761853101,64.23532216840249,171.33444951657657,183.6929009357628,200.1509259947761,222.2904070045952,250.45890575881452,284.10334143964246,321.80258118055644,361.6823779777842,401.9399758434884,441.1827325440172,478.51444680956047,513.4627125838997,545.8549516294661,575.7043634048132,603.1259009085297,628.2816127002152,651.348066594881,672.4983626678804,691.8930087230801,709.6758215549562,725.9724832413995,740.8903801230517,754.5189852532785,766.9304272835361,778.1801091999405,788.3073600804782,797.3361612473673,805.2760091675154,812.1229761853101,0.20
AUS,Female,IHD,glp1,3767.5514534738086,45.4042348406183,153.6453657871898,45.4042348406183,108.42022800441192,102.9600112090884,100.84816284310546,100.91704494441184,102.3056355203189,104.50565042012568,107.19588736942931,110.16257412025334,113.25962918782898,116.3865895602612,119.47491642650856,122.4787626568832,125.36845596327656,128.12582031164857,130.74081461640162,133.20913007624222,135.53047813344347,137.70736399148336,139.7441903613435,141.6465769680599,143.4208147829213,145.07340082794508,146.61062057279196,148.03816123512115,149.36075143022026,150.58183119029854,151.7032618674857,152.7250882546905,153.6453657871898,0.20
AUS,Female,IHD,diet,6594.364603820019,0.0,395.5715606918493,0.0,4.833232015611429,11.064024975014036,19.77056090529732,31.81949505231205,47.63795859979655,66.99118451492541,89.01340680304384,112.5181730501481,136.36962441182368,159.70792513979725,181.99524568639208,202.9575545420721,222.499104057184,240.6291949883889,257.4115664509264,272.93360712793947,287.289353461314,300.5709565913312,312.8649080234445,324.25071925873635,334.80072817813743,344.5803164734898,353.6481820732279,362.0565134454701,369.8510233835223,377.070858042347,383.7484255594609,389.90920031701535,395.5715606918493,0.20
AUS,Female,IHD,combo,10278.911178886354,45.4042348406183,544.6337412558769,45.4042348406183,113.1731274816666,113.84214239516405,120.30124912873362,132.23575160567088,149.2071618951377,170.47916570004418,194.8810393319,221.0323056149264,247.66809522506992,273.8394252964026,298.9455527098289,322.66810453768994,344.8807551072296,365.5725812362653,384.79486309454296,402.6282959338005,419.1644530828271,434.4960812862482,448.7124270914501,461.8972103073757,474.1278539626328,485.4752087657107,496.00338577850926,505.76952773356425,514.8234711595833,523.2073177992352,530.9549677918185,538.0916817368307,544.6337412558769,0.20
NZL,Male,IHD,glp1,1915.5635633461347,18.0761178559992,71.28135062368074,18.0761178559992,48.371294873505576,50.93695506952281,53.0179003133544,54.93446061888153,56.7348605952493,58.4254578382679,60.001026659804666,61.45614614129954,62.7887860514611,64.00054600135718,65.09574862443787,66.08036686595278,66.96114923302048,67.74502251062677,68.43873643284223,69.04868052763868,69.58080431574308,70.04058603365866,70.43301189465092,70.76254337226146,71.03306264545972,71.24779593597304,71.4092211985544,71.51897082234063,71.57774201238044,71.58522768563307,71.54007938148152,71.43991121109502,71.28135062368074,0.20
NZL,Male,IHD,diet,2254.329773427403,0.0,127.8031311870036,0.0,1.6440822846279843,3.930572648266207,7.169217575567018,11.63271789020655,17.44455990199276,24.49375035098365,32.44843187223796,40.86805288388041,49.33485739387015,57.53356518831333,65.2680860164337,72.44104141096523,79.02272559665562,85.02373625315977,90.47546455172414,95.41785111411536,99.89243294980042,103.93878659153144,107.5929624247092,110.88698862416096,113.84888735058304,116.50289033568696,118.86969452995254,120.96669019218008,122.80814565030688,124.40535983699463,125.76680518603372,126.89828563545962,127.8031311870036,0.20
NZL,Male,IHD,combo,4142.258091658061,18.0761178559992,197.7489628350604,18.0761178559992,49.9865500797132,54.798758956711936,60.06463034268563,66.37320142016779,73.89523003406703,82.52920092413206,91.94450149871228,101.70275226746162,111.39064859549126,120.69877295910828,129.43742424566335,137.51564626917934,144.9099631742938,151.6369133602111,157.73350141718947,163.24494405423502,168.21771701510988,172.69599361720793,176.72005834913762,180.32576688822428,183.544493506086,186.403256510188,188.92487019199143,191.12806639376595,193.02758210216143,194.6342363416188,195.95502982358903,196.9933006288984,197.7489628350604,0.20
NZL,Female,IHD,glp1,1236.4816268362945,12.661401653945177,49.45627728227646,12.661401653945177,32.70299551679091,32.91650470986815,33.20052170057306,33.69528395442967,34.366436664869525,35.16638660368653,36.051368585793625,36.98593211433126,37.943020532221,38.90253263300792,39.8496316190076,40.7732879576497,41.66518443977884,42.51896186051863,43.32973278409645,44.093783957263895,44.8083984408031,45.471744036042764,46.08278977566352,46.64122521496074,47.1473676286646,47.60205021744696,48.00649044041848,48.3621419660999,48.67053673996361,48.93312548994345,49.15112577386935,49.32538654230939,49.45627728227646,0.20
NZL,Female,IHD,diet,1662.420866037502,0.0,97.24685123051496,0.0,1.250911936115699,2.900329603445244,5.192206089530828,8.336865224058329,12.436990630868422,17.427046043195332,23.08144975684354,29.09414740399734,35.17318637853941,41.0982237136559,46.73244682136374,52.00765913319901,56.901974736755164,61.42042058779544,65.58137154424821,69.40827947760454,72.92519671847367,76.15468881651395,79.11710831914934,81.83056133611535,84.31116563884507,86.57337648652992,88.63026736664642,90.49371945310622,92.174512046965,93.68232729605596,95.02569280485476,96.21188944251526,97.24685123051496,0.20
NZL,Female,IHD,combo,2877.785816912558,12.661401653945177,145.59785649063406,12.661401653945177,33.931974161113885,35.76642946010588,38.30480204476271,41.89429096279946,46.60215472485925,52.3171776355839,58.77441241506449,65.63764129796573,72.59240171670626,79.40124309263956,85.91397037510023,92.05169180047324,97.78388356320464,103.1085898751735,108.03858903960965,112.59293826737076,116.79236668555312,120.65708765534008,124.20598295426772,127.45647631486008,130.42468587897838,133.1256274260263,135.57335549540085,137.7809996122446,139.76069387453617,141.52342086506223,143.07880194550762,144.43486962766838,145.59785649063406,0.20
ROU,Male,IHD,glp1,7117.5567843133285,121.47283455312208,195.8942930526864,121.47283455312208,305.7985049794006,294.25526988632555,287.55281489939443,282.82266253308626,278.8134374983347,274.86142688921973,270.6537482535023,266.1065545068413,261.27933250442584,256.3084921894115,251.35688614575332,246.57831634603644,242.09557586447767,237.9897405697775,234.29798472280527,231.0172026707224,228.11104266512848,225.5184433952309,223.1622874909226,220.9572703378872,218.8164853594753,216.65653372003,214.40117982551965,211.98370638051347,209.34819065485863,206.44994415304245,203.2553466567697,199.7412756086269,195.8942930526864,0.20
ROU,Male,IHD,diet,11733.756604272769,0.0,571.0152119702652,0.0,12.714750171046036,29.219644921289728,51.87728627734032,82.17739210818036,120.3490530140116,164.9536752465865,213.2174311860581,261.9725277760772,308.564058191856,351.2759228489668,389.3036405564999,422.5127031355733,451.17168010567184,475.7421583418472,496.7395159386615,514.6519687236105,529.9003996745341,542.8241929133874,553.6824128227381,562.6631812942614,569.8966669293368,575.4688602812748,579.4344925982296,581.8282421621734,582.6738867638487,581.9913858873188,579.802067802113,576.1321946300086,571.0152119702652,0.20
ROU,Male,IHD,combo,18753.20452517123,121.47283455312208,763.434139979483,121.47283455312208,318.3238602129313,323.0610327289469,338.72775486710816,363.9291745412265,397.6477267128976,437.8082356372252,481.36485473385255,525.1057407323387,566.4629547481672,603.8690287395148,636.6823958309215,664.9152235490474,688.9488232178919,709.3156586508194,726.5593809715974,741.1580261446506,753.4908743379528,763.8325555130796,772.3625251291996,779.1819557732815,784.333005855784,787.8174644524988,789.6131517286012,789.6873649943373,788.007239300965,784.5472364920897,779.2941580754741,772.2501469662238,763.434139979483,0.20
ROU,Female,IHD,glp1,5928.087537479354,124.93539358369162,177.32295245174828,124.93539358369162,291.8588431009666,254.17603259435785,234.25875390509464,222.38216471946,215.1358752836568,210.5887354997394,207.56357098253648,205.3272996140149,203.4361479153849,201.643997051724,199.8384551443341,197.9929563202604,196.13054729896248,194.2972947326344,192.54380652824693,190.9134403817661,189.43578879402776,188.12410233404444,186.97545485035155,185.97264389951303,185.0870287480393,184.28171311927872,183.51466399847777,182.74151211461503,181.917900892131,181.00133960107632,179.9525766514962,178.736545367723,177.32295245174828,0.20
ROU,Female,IHD,diet,11828.457055869578,0.0,574.5563712641233,0.0,14.940581214774284,33.147396842963644,57.976589204638,90.86129026242996,131.77196237359385,178.8287572657282,228.8405035729884,278.4282692663801,324.9568472180945,366.8592518978912,403.4998625168482,434.8789099624992,461.362102550338,483.4892996705312,501.8551055901553,517.039846625441,529.5723703253279,539.9121863320615,548.44329183015,555.4750836448511,561.2475323057188,565.9387969366799,569.6740462521266,572.534623101772,574.5669523408906,575.7907927464548,576.2065932618862,575.8018394922401,574.5563712641233,0.20
ROU,Female,IHD,combo,17663.9966372659,124.93539358369162,748.288257630913,124.93539358369162,306.57687409591017,286.87321584655365,291.4929169807838,312.13429317330883,345.3649501922919,387.4049372575828,433.9277653521858,480.85843115457465,525.1406260032891,564.9690002506213,599.592606925984,628.9763205807467,653.4978850019106,673.7322267428754,690.3147386032542,703.860951800496,714.9229101380515,723.9686122310995,731.3757803502194,737.4344167075069,742.3545619548677,746.2768618469345,749.2843081293431,751.4140397770498,752.6684703162464,753.0252945644679,752.4461467220935,750.8838433510464,748.288257630913,0.20
BGR,Male,IHD,glp1,3049.2698167172657,53.86144663308187,77.26224912882572,53.86144663308187,134.5047453104453,132.40210385246428,130.32012087449766,128.34301641754791,126.29317325667762,124.0744881953924,121.6546464858984,119.05030058821468,116.30959552455715,113.49578034451588,110.67452560083076,107.90541026677784,105.23699432254216,102.70461146035632,100.3300665103161,98.12257317524744,96.08042534309423,94.1930303179288,92.44304060531248,90.80840576659284,89.2642316738984,87.78438479967917,86.34281660533816,84.91460972348432,83.47676525859788,82.00876085388518,80.49291380920295,78.91458401206182,77.26224912882572,0.20
BGR,Male,IHD,diet,3673.681457119659,0.0,178.17636440727074,0.0,3.454737847263459,8.283240530985495,15.090508366110951,24.32643233692397,36.10059259000627,50.013137954136255,65.22124109233664,80.72070510053527,95.6422827319402,109.40462023070904,121.71748497235605,132.50875857872597,141.83956222789493,149.83702313381582,156.65012349393328,162.42435447392927,167.28913512285362,171.353041371196,174.7034473754702,177.4084458044017,179.51977629886824,181.07603544191625,182.1057718175525,182.63026644936872,182.66591474077904,182.22619313228824,181.32323111972983,179.96902837636117,178.17636440727074,0.20
BGR,Male,IHD,combo,6688.382001894028,53.86144663308187,254.16023527323705,53.86144663308187,137.90766037914727,140.56308375955086,145.19491134870623,152.33204192631274,161.907137102251,173.43233904948283,186.04586974217816,198.77403973343644,210.8059904756101,221.62883551721097,231.0190010573988,238.96229965549537,245.5655545081736,250.98810459368724,255.397858748418,258.9470978367135,261.7616050073175,263.9378836763699,265.54485301431305,266.6277362489109,267.2127714342805,267.3119609099449,266.92743924618844,266.05526081227435,264.68854070715497,262.8199599596446,260.44368803763064,257.556795499906,254.16023527323705,0.20
BGR,Female,IHD,glp1,2470.72530315738,49.35632081813674,66.32131386532274,49.35632081813674,118.21603665620567,109.48658419517052,103.83212527877912,100.07834925729004,97.4047183390685,95.31699505779034,93.5222023110182,91.85630311132807,90.23581564956294,88.62574810267688,87.01890559965432,85.4228006806079,83.85150734358467,82.32068894665099,80.8446613683409,79.43476971212112,78.09862044342117,76.8398731575744,75.65839514775871,74.55064303391555,73.51017494617554,72.52822361701874,71.59428048435802,70.69665624479967,69.82299549852542,68.96073276406787,68.09748449593098,67.22137703052431,66.32131386532274,0.20
BGR,Female,IHD,diet,3401.725937931265,0.0,163.79524932569075,0.0,3.352172883282037,7.834841558356857,14.120822503538877,22.723075854723,33.82965590362255,47.11241220292322,61.76064220704029,76.75151649949112,91.16388618756356,104.35886639394266,116.00289535428963,126.00230237511823,134.41765756010136,141.39225588472073,147.10310300591846,151.7312826639427,155.44589234363775,158.39649363835633,160.71053664400824,162.49352328187524,163.83058088608595,164.78868546832564,165.41911024046203,165.75986751690107,165.83802079146335,165.67180517461748,165.27252952173694,164.64625405952938,163.79524932569075,0.20
BGR,Female,IHD,combo,5840.889003537035,49.35632081813674,228.8456980230476,49.35632081813674,121.51792528617808,117.20838423277382,117.75758524563572,122.49750335049794,130.79508867065306,141.83503040039795,154.52656157052297,167.6967921023588,180.35170121245028,191.82290065236705,201.7706425187989,210.10690309352867,216.9030930255776,222.3145968616336,226.52938994472788,229.73703229791863,232.1119016205357,233.8054077941288,234.9435053162615,235.62716123328573,235.9343668638703,235.92286854977465,235.6331446314034,235.0913619278217,234.3121651606544,233.3012235827191,232.0575015887407,230.57524596063377,228.8456980230476,0.20
ISR,Male,IHD,glp1,1470.9431272953002,14.064024833483018,61.40554045315184,14.064024833483018,36.17576650502088,37.387907231188365,38.50682555926187,39.66992836455484,40.863855834499645,42.06786149759455,43.26128425898196,44.42629437166124,45.5492641257556,46.62126741716565,47.63798257244753,48.59919299897729,49.50804068349498,50.37015899860762,51.19278429529823,51.98391915655429,52.751595349507625,53.5032630069345,54.2453153532324,54.98274563749419,55.718924590610186,56.45548209546541,57.19227509254324,57.92742423556501,58.65740369901778,59.37717115176292,60.08032770525733,60.75930022021021,61.40554045315184,0.20
ISR,Male,IHD,diet,1794.5365713400292,0.0,118.31462141484371,0.0,0.8886058985467571,2.203152467649033,4.140300356448279,6.891224004848482,10.575700801769017,15.18134493536536,20.554332610846814,26.451340643845924,32.61401767749703,38.8234156469739,44.921442980672055,50.80886463146271,56.43321687171374,61.77518964312458,66.83706814663492,71.63403004567772,76.18797914594961,80.52332454265797,84.66416215615027,88.6324431941348,92.44683417321812,96.12206404374136,99.66861712112586,103.09267306053243,106.39622380587116,109.57731724020688,112.63039132871108,115.54667274980966,118.31462141484371,0.20
ISR,Male,IHD,combo,3240.482300522145,14.064024833483018,178.1934361154954,14.064024833483018,37.04928875855149,39.55303013583216,42.576264167984846,46.44463676799887,51.26304426757088,56.99919118082471,63.48177766409344,70.45413261153772,77.6487081094092,84.84111184580752,91.8711899080572,98.6406637489058,105.10058554979332,111.23713739284722,117.0594080476876,122.59001030832223,127.858279909894,132.89550661217527,137.73167630311764,142.39331452901115,146.9021307106732,151.27424648190117,155.5198516446526,159.64317330899485,163.64267373633993,167.51141439037838,171.2375402728312,174.80485120797312,178.1934361154954,0.20
ISR,Female,IHD,glp1,865.6552993039986,10.619114505465404,36.380513917543794,10.619114505465404,25.36087721968852,24.47906680089818,23.96352067015664,23.79391845348664,23.885767707007066,24.173370225390045,24.60407431655767,25.13470838533658,25.72992601285432,26.36137763174065,27.00712943110648,27.651068955347,28.282214534742707,28.893934723038,29.483120518907526,30.04936091628861,30.594165905921727,31.120269042864493,31.63102883329566,32.12993683568766,32.62023148164553,33.1046103879994,33.585030133811415,34.06258070177819,34.53742155474038,35.00876716161656,35.47491127732792,35.93328106175386,36.380513917543794,0.20
ISR,Female,IHD,diet,1197.7020888950865,0.0,75.89943908272153,0.0,0.6819459770367757,1.637910368429857,3.0143743695959984,4.949238833549089,7.528290700698108,10.743178540829833,14.484671305904612,18.579081201564804,22.840964837825595,27.111916291756188,31.27613583281164,35.259446042253785,39.021178798806886,42.5449383611749,45.83073715146247,48.88904216879882,51.73650251768049,54.392951763734345,56.87932081953159,59.2161898047093,61.42279128330483,63.5163387211428,65.51159496202035,67.42062168601706,69.2526674165747,71.01416246288773,72.70879662733296,74.33766096492946,75.89943908272153,0.20
ISR,Female,IHD,combo,2046.2866588883344,10.619114505465404,111.25970753287312,10.619114505465404,26.031247501522103,26.088755531055995,26.92641307769213,28.659595259954813,31.28843063394379,34.73939583711672,38.85283149269662,43.41506247708821,48.20848367794042,53.048873732826905,57.80017422496076,62.37299574109829,66.71600845280591,70.80611948295746,74.63993564789325,78.22709531540704,81.58529217344812,84.73662692616881,87.70495032651388,90.5139399693444,93.18572635863892,95.73993755671928,98.1930679449706,100.5581004147366,102.84432729766512,105.05732675907984,107.19906014445496,109.2680628912949,111.25970753287312,0.20
NGA,Male,IHD,glp1,7669.634698982176,135.4250376525888,343.16858400068304,135.4250376525888,316.03216159511067,285.83794896033214,261.61581301995466,243.11934591046884,229.27281100614343,219.2527063582238,212.41893351776525,208.26500934390788,206.3843506679696,206.44554491807503,208.173779171666,211.33686474005663,215.7347499751122,221.1916709824509,227.5502820755428,234.6672611548784,242.41000705866463,250.6541421825168,259.28161005907896,268.1792188072359,277.2375304931775,286.35003516247525,295.4125773397609,304.32302253644593,312.98116224054684,321.2888588583446,329.15042846413417,336.4732507288645,343.16858400068304,0.20
NGA,Male,IHD,diet,4589.306989389814,0.0,308.5813384034118,0.0,2.999249547654472,6.965920752576494,12.521303692279616,20.16534211108228,30.12421694831573,42.21926719131443,55.90505504950124,70.47565255091467,85.29257119843533,99.9098195836632,114.08542970031704,127.73267028842383,140.85986655373563,153.52203840001312,165.78910790148802,177.7277352323581,189.3923304413329,200.82155986749424,212.03784928811365,223.0483580014188,233.84655973549525,244.4139776038573,254.7218624628149,264.7327404714597,274.40182839451154,283.6783499405137,292.5067984494963,300.8281896278204,308.5813384034118,0.20
NGA,Male,IHD,combo,12226.90472559075,135.4250376525888,649.864456505522,135.4250376525888,319.0002362051746,292.7328466799154,274.01331371198467,263.09060396759014,259.1140885583518,261.0847735013449,267.8235695167896,278.12531086341187,290.95066743435746,305.52553042138607,321.33423788165965,338.0575745497408,355.5028268489332,373.54806523909065,392.104754866079,411.0953175239483,430.4408739477294,450.0552426321447,469.84251266453794,489.6965290231528,509.5013323558378,529.1320414055881,548.455935501428,567.3336498842837,585.6204800421037,603.1678289887059,619.8248399779332,635.4402472394358,649.864456505522,0.20
NGA,Female,IHD,glp1,9684.21149576769,135.5840645950011,452.6458386575832,135.5840645950011,319.7542438857854,297.6228427329552,281.67093888531963,270.81279227213963,263.81272703899594,259.89348221776163,258.5155742560746,259.27595786769234,261.8574108212488,266.0002209125305,271.485347305148,278.12405273628974,285.7513016548546,294.22133235451474,303.4044342211855,313.184340267333,323.4558879836186,334.12276338550146,345.0952541199513,356.2880142463764,367.6178949005771,379.0019265150404,390.3555526907003,401.59121557086473,412.6173800223333,423.338061723829,433.65289535105694,443.4577465754264,452.6458386575832,0.20
NGA,Female,IHD,diet,5595.971900991943,0.0,395.3967821695842,0.0,2.6017619467529585,6.173560952222033,11.385635294835083,18.839353877338,28.92687310517067,41.66957158589503,56.69286695931805,73.37525729474146,91.0591950292728,109.19857841503108,127.4085374556962,145.45029970287578,163.19245831308945,180.5729091531976,197.5699684319552,214.1831091175627,230.42107474241493,246.29490092354536,261.8139205038969,276.98345605767827,291.8034050202841,306.2672733988147,320.3614423123945,334.0645918991504,347.34728703116707,360.17176846215443,372.49200503398606,384.2540568019176,395.3967821695842,0.20
NGA,Female,IHD,combo,15240.374777439249,135.5840645950011,845.566429585524,135.5840645950011,322.3289624788304,303.7329661892436,292.94236045702564,289.46727239999746,292.46152556956804,301.1706746942873,314.68597040285385,331.99009967000893,352.1151110043502,374.26020322144177,397.8244266644324,422.3815861249968,447.6354715013367,473.3778438329609,499.4566581190011,525.7543916540453,552.1739288576355,578.6293820196443,605.0398735629133,631.3250009621188,657.4012521832774,683.1790175955175,708.5600845977024,733.4356399140815,757.6848712295323,781.1742765940871,803.757773144971,825.2776586128603,845.566429585524,0.20
EGY,Male,IHD,glp1,49422.32415359763,724.6910241052974,1726.6242195788946,724.6910241052974,1788.9947734994348,1730.1731870724616,1689.920671204367,1661.8469520882643,1641.016507725144,1625.0985579594562,1612.9982195178163,1604.2422199179127,1598.6632990741057,1596.2248469916813,1596.9192519898645,1600.707099306543,1607.4803384101251,1617.040766858583,1629.0893865076068,1643.224228904961,1658.945143342862,1675.6643703000443,1692.7218040546868,1709.4038471543754,1724.964753148408,1738.649371123029,1749.716251746955,1757.46014691476,1761.2330295258726,1760.4628733358695,1754.669563010597,1743.4774492276483,1726.6242195788946,0.20
EGY,Male,IHD,diet,28544.564759380213,0.0,1632.263958753174,0.0,19.58729657776712,46.34564069814223,84.7267936837452,138.25634205259848,208.6224981416599,294.6504240286304,392.40911430012784,496.558415067906,601.979935402429,704.788903283421,802.5659687984153,894.1182691380964,979.097404154396,1057.652264583652,1130.172520563472,1197.1199772294494,1258.9272379566685,1315.942867829668,1368.4070490665326,1416.4466744948586,1460.082592606777,1499.2442573137232,1533.7886491448153,1563.521332749544,1588.218132380396,1607.646299140004,1621.584309323196,1629.8396309169475,1632.263958753174,0.20
EGY,Male,IHD,combo,77642.47418819927,724.6910241052974,3345.802335777116,724.6910241052974,1808.184080890613,1775.6058516359335,1773.035589369436,1797.555394744908,1845.9104397801568,1914.6438696665864,1998.823524638079,2092.7422621974256,2191.2017232648213,2290.334320558759,2387.735173350986,2482.1717187681643,2573.1747554706235,2660.677241469064,2744.7518352032057,2825.44258572752,2902.669438826212,2976.184153291513,3045.560913486639,3110.2097308539087,3169.404390386044,3222.319194310112,3268.0703788939863,3305.75912942423,3334.5138168683043,3353.5295772719546,3362.10374537835,3359.665992589318,3345.802335777116,0.20
EGY,Female,IHD,glp1,36734.19065440474,585.6231448735634,1477.224153940333,585.6231448735634,1339.4088287081397,1202.460776634849,1136.595982299652,1101.349340989109,1081.624518518729,1071.4621113930623,1068.1021615820357,1070.0607700212568,1076.4393817878445,1086.645833638715,1100.2616452026414,1116.9648211106833,1136.4768351302046,1158.5232060217386,1182.804177454178,1208.9742414038046,1236.6297759728332,1265.3040687120374,1294.4688776794646,1323.5415739414457,1351.8968381853774,1378.8818468231184,1403.8338717805163,1426.099229843967,1445.0525533569744,1460.1154177791325,1470.7734559293604,1476.5912136899717,1477.224153940333,0.20
EGY,Female,IHD,diet,24319.30932295324,0.0,1462.1647014750051,0.0,20.30059884345974,44.649395223968895,78.0476030614227,123.71694190072594,182.94788544114272,254.4992820102343,334.8905307813111,419.6680811206024,504.78660930834303,587.3712761358765,665.8041500670661,739.4494197808526,808.3024095640139,872.6977437858877,933.1068120424316,990.011215964798,1043.829892285139,1094.881149292807,1143.3666779014602,1189.369364772836,1232.8599224348727,1273.7092777016514,1311.7047507005336,1346.5686460259603,1377.978186948225,1405.585889874288,1429.0395794195065,1448.0013290888164,1462.1647014750051,0.20
EGY,Female,IHD,combo,60789.67460305912,585.6231448735634,2927.4374367157,585.6231448735634,1359.2969449617522,1246.263555960526,1213.2359907695643,1222.9167776651448,1261.4971678915026,1321.8211967370007,1397.725892896473,1483.3558534307522,1573.8292189176427,1665.7122582308366,1756.9772582980222,1846.659427060309,1934.4610029790056,2020.425555501192,2104.709326672092,2187.435749077602,2268.6107480648934,2348.0797751451755,2425.5130526470166,2500.410054398977,2572.1172972252825,2639.8553701804485,2702.7521882664296,2759.8800473988813,2810.2943965360464,2853.072468908649,2887.350108756364,2912.355336892273,2927.4374367157,0.20
BGD,Male,IHD,glp1,13794.404854025386,217.4445694226597,483.9085788076918,217.4445694226597,525.863687110701,491.4845715436823,468.2840807409812,453.5309383434942,444.390646010419,439.1114384142129,436.5798901764501,436.0603704819514,437.0461869176652,439.1724666868977,442.16423024458345,445.80477177206194,449.9158792809467,454.3451023356465,458.9573639515729,463.6293753867212,468.2459490215697,472.69765309387,476.8794472684094,480.69005216346704,484.0318761465314,486.81136741745286,488.9396879373526,490.3336233067385,490.9166527075868,490.62010826540063,489.38435601696256,487.1599330517056,483.9085788076918,0.20
BGD,Male,IHD,diet,100587.06704309196,0.0,5344.164958380483,0.0,79.30779953357705,189.90494427084923,347.0393471309071,563.7924196345411,845.6689150037855,1186.2826635308302,1568.0642978833785,1968.0772265211272,2364.8423633879866,2742.452074807777,3091.391416528524,3407.419886535936,3689.904307497724,3940.341590406752,4161.289071362058,4355.67498670175,4526.3914007647545,4676.075314838381,4807.007292454131,4921.08015412878,5019.807734502683,5104.355415354832,5175.58157392242,5234.083621735015,5280.245005463425,5314.281104685942,5336.282843325345,5346.257312798261,5344.164958380483,0.20
BGD,Male,IHD,combo,114028.70761676166,217.4445694226597,5814.006186194805,217.4445694226597,604.6888065472012,680.2516963572707,813.3103568441002,1014.1525362083048,1285.4422928897548,1619.1091255684005,1996.596091564861,2394.3717780963634,2790.563775581075,3168.9660109221004,3519.8107754551456,3838.632017399883,4124.592350032879,4379.003563055361,4604.2550993295445,4803.122393244586,4978.357543755788,5132.468334021309,5267.6151329334825,5385.578325951705,5487.766284533427,5575.245556938462,5648.782363967504,5708.889006626152,5755.87148333239,5789.876175415702,5810.9343413528695,5819.003643218573,5814.006186194805,0.20
BGD,Female,IHD,glp1,8040.907810069773,102.45411409844382,314.0214198516769,102.45411409844382,249.43770951601616,233.1522893496804,226.48236391918908,224.87065875762343,225.9775396854384,228.70966106008564,232.49314798663545,236.98806976045307,241.97224228695268,247.28973695354944,252.82512253089223,258.48868757534365,264.2069241118152,269.91595030820463,275.5568485766271,281.0724107922288,286.40499925958284,291.495329434576,296.28202558537305,300.70182074717013,304.6902800317039,308.1829284310952,311.11666495706595,313.43134702350653,315.0714340353443,315.9875879090105,316.1381406785368,315.4903548559523,314.0214198516769,0.20
BGD,Female,IHD,diet,64458.1308042093,0.0,3692.9185006271,0.0,52.14231056826975,120.36862946094334,215.4593200355739,345.9708936271636,515.4222761226265,719.9128524196858,948.7800778711388,1188.3510727043176,1426.1855819476625,1653.5001588008454,1865.487727222048,2060.457082205394,2238.698221253348,2401.532866213485,2550.665796223984,2687.797774747858,2814.422507999101,2931.73888490221,3040.6297786030336,3141.676588537579,3235.1914255211013,3321.2569248639484,3399.7684342796856,3470.4759485508985,3533.0245054335537,3586.9923759468074,3631.926622546016,3667.3756649739225,3692.9185006271,0.20
BGD,Female,IHD,combo,72269.43116173043,102.45411409844382,3996.3217750075273,102.45411409844382,301.26267354745505,352.81328235833644,440.7239495567992,568.9491034278399,738.6632048256215,944.9134607562884,1176.5385500926204,1419.6066026348417,1661.5163916721358,1893.360074415279,2110.220964395412,2310.3078279444453,2493.819635174019,2661.995523748556,2816.464680569741,2958.85728471975,3090.59949015679,3212.824080116072,3326.3482613428787,3431.6878218338825,3529.089510446691,3618.571530262765,3699.966775798792,3772.966061666491,3837.159935235759,3892.078293790546,3937.227281014362,3972.123021120293,3996.3217750075273,0.20
USA,Male,IHD,glp1,127500.33471170056,1414.332434844633,4276.513567987422,1414.332434844633,3668.0938416568097,3796.518555532152,3901.41142715636,3998.671165444248,4088.844817044621,4171.686157323187,4246.832288754638,4313.988230320858,4372.986822748906,4423.794096989033,4466.495424265449,4501.278604731895,4528.419175820018,4548.268037888454,4561.239766833081,4567.800020168244,4568.451154390292,4563.7159601289895,4554.120026583783,4540.173602132709,4522.353952137171,4501.089188349841,4476.744417448121,4449.610876437975,4419.898521903146,4387.732337524823,4353.152430535527,4316.117808618175,4276.513567987422,0.20
USA,Male,IHD,diet,152743.19955245446,0.0,8505.594394763873,0.0,96.71324023930356,236.5441757671652,439.0693098890479,722.1142633963027,1095.2845224589691,1554.3873845440105,2081.326343551278,2649.953678392864,3233.63688826171,3810.365960598225,4364.437759600987,4885.916002962564,5369.273556684086,5812.035588136292,6213.71769805887,6575.083679372096,6897.65518845222,7183.394895523961,7434.500776569301,7653.26890344749,7841.997996966704,8002.920037720702,8138.14824688778,8249.637929144781,8339.157993070083,8408.272132844257,8458.32913560298,8490.461869546562,8505.594394763873,0.20
USA,Male,IHD,combo,278305.7389780557,1414.332434844633,12691.427227546985,1414.332434844633,3763.1037609208142,4028.865331047855,4332.811867938377,4708.405623537721,5165.707505953789,5700.435419613961,6294.51168110891,6921.978462909348,7556.487635352765,8176.333267770184,8766.106893490301,9316.162425068556,9821.275659463485,10279.303080154466,10690.1285866861,11054.92192950251,11375.64219195716,11654.709572543332,11894.784918507794,12098.61604925606,12268.925619047484,12408.326061370431,12519.253923843557,12603.919834218046,12664.272425406149,12701.975497154344,12718.397972690524,12714.616119150072,12691.427227546985,0.20
USA,Female,IHD,glp1,90664.66912880924,1026.136506176932,3224.016628841928,1026.136506176932,2599.313023297931,2607.741445642372,2640.356451836822,2689.0742731238715,2745.6258840903465,2805.5815688942675,2866.243778636417,2925.775939578685,2982.845377307327,3036.460959033692,3085.889566779777,3130.607835031871,3170.271048084309,3204.6904917253414,3233.8145210170187,3257.710676998948,3276.547483134782,3290.575425504183,3300.107193370932,3305.49759862508,3307.123761744122,3305.366199873504,3300.591422041238,3293.136559372302,3283.29645627446,3271.313535451307,3257.3706330186105,3241.5868843008648,3224.016628841928,0.20
USA,Female,IHD,diet,133411.7367794854,0.0,7551.1375548137,0.0,91.84763958200348,216.08865151600912,392.2397816987359,636.7440365552611,958.3020360311784,1353.4083029099857,1806.4904111672656,2295.159434609436,2796.817633855506,3292.9886403263663,3770.6260452909046,4221.53400291258,4641.150532469736,5027.386885233689,5379.750026425754,5698.748665477848,5985.513107653824,6241.556787940732,6468.624826779065,6668.593416272721,6843.397998741304,6994.977732598083,7125.229702106386,7235.969846179418,7328.89953182498,7405.577681711642,7467.398772438872,7515.577094362408,7551.1375548137,0.20
USA,Female,IHD,combo,222367.884421513,1026.136506176932,10690.644440578935,1026.136506176932,2689.5430352351395,2820.0453061426524,3025.8619618436496,3315.092227310204,3688.0770400223264,4137.012311993254,4643.953797839349,5185.0866413500335,5736.857113757462,6280.074077822093,6801.124848752341,7291.3690264615,7745.91890337097,8162.479707527964,8540.46945680509,8880.417327739997,9183.571341144328,9451.644322251435,9686.644639043428,9890.756613461415,10066.249536027666,10215.403618222685,10340.447045328794,10443.501678053057,10526.536771659215,10591.330939724518,10639.442876325804,10672.191309540764,10690.644440578935,0.20
JPN,Male,IHD,glp1,10788.6021883332,167.46034451414016,314.936970145136,167.46034451414016,407.29202180840366,405.7557092354109,403.8187756163534,402.3446672027785,400.9293341507873,399.30903249683615,397.33176089217886,394.92412851595145,392.0696861689357,388.7933600991673,385.1489693342155,381.2085065659194,377.05279892978433,372.76358457272,368.4171486686464,364.079610620196,359.8038432665562,355.6278934157817,351.5746889554721,347.652769843342,343.85776627419546,340.1743601170383,336.5784967542932,333.0396557270433,329.52303353072784,325.9915356538404,322.4075142666188,318.7342209907292,314.936970145136,0.20
JPN,Male,IHD,diet,22289.612842524315,0.0,1243.120381448607,0.0,15.301685363781871,38.66019117718679,72.76903609240253,119.91319731649128,180.82499016389195,253.88568359817145,335.3639411859622,420.6024042942299,505.32489553981577,586.3886584116408,661.9126363916002,731.0512752658105,793.6721377769572,850.0705652301694,900.7599076427869,946.3324399304402,987.3738642143072,1024.4148626457536,1057.9071157544022,1088.2150377854268,1115.6173446690373,1140.3145146525203,1162.439483177783,1182.069765046399,1199.2397799884277,1213.9525724058185,1226.1904203047743,1235.9240550497198,1243.120381448607,0.20
JPN,Male,IHD,combo,32925.49038595119,167.46034451414016,1550.0099648216783,167.46034451414016,422.477938963435,444.1151070145279,476.022394505344,521.3326379546925,580.3710064756015,651.2700271618232,730.1768195909681,812.3968467691593,893.669369412135,970.8987509387372,1042.2698154183015,1107.013117744238,1165.0759712468862,1216.8315009445505,1262.8641413982332,1303.82687025606,1340.3532205381125,1373.007551407885,1402.2608853150232,1428.4833733735577,1451.9472759077253,1472.8362854232837,1491.2583208058786,1507.259807000286,1520.8400775428236,1531.9649923512188,1540.5792043820256,1546.616766772859,1550.0099648216783,0.20
JPN,Female,IHD,glp1,7553.4655310944945,138.48482536103984,219.72691591848707,138.48482536103984,324.90808674650907,310.0068861282052,298.60624921655835,290.32062685168785,284.11146844748873,279.27804423258203,275.3406279390183,271.9634023354083,268.91036179602816,266.0190368347103,263.1834579475544,260.3417663350119,257.466173631874,254.55425401274988,251.6212230668316,248.69316718952905,245.8012916823718,242.9772537539975,240.24959831143497,237.6412546465436,235.1679992301506,232.8377518800844,230.65055146561645,228.599051577854,226.66938316771848,224.8422464817122,223.0941153027816,221.39845960295497,219.72691591848707,0.20
JPN,Female,IHD,diet,19759.623306666224,0.0,1047.300364855968,0.0,17.12263988772611,41.12116080965643,74.74765123474208,120.22246381139848,178.20209142893145,247.06844884678867,323.1982362488634,402.1154451112161,479.734418070766,553.0618764800529,620.3077806796064,680.6686961577288,734.0279258566297,780.6942196944001,821.2112780716488,856.2308364845812,886.4322348556889,912.4730873091612,934.9600553028432,954.4326018546273,971.3552943873364,986.115891679554,999.0274222514344,1010.3330132315969,1020.2125480310132,1028.790431428468,1036.1438843253636,1042.311308278433,1047.300364855968,0.20
JPN,Female,IHD,combo,27180.59425942834,138.48482536103984,1260.3742588077948,138.48482536103984,341.9011816003185,350.81007603943,372.7784069608024,409.6251780161838,460.9655006887188,524.495525047816,596.1419691753399,671.1278920204204,745.161910917057,815.1089400851342,879.0837814466577,936.2243167016496,986.3842617124974,1029.8653503382884,1067.2206273478805,1099.1217109272911,1126.273165737788,1149.3588091309066,1169.0090679682544,1185.7822827499476,1200.1554687477546,1212.5216593436344,1223.191899130914,1232.4004955429991,1240.3124608262297,1247.032290004725,1252.6133835579967,1257.0675634928702,1260.3742588077948,0.20
GBR,Male,IHD,glp1,20798.815990577183,267.3842796023964,683.3527309525889,267.3842796023964,680.9173901844115,691.5474459389952,697.5033037095636,702.3410100777837,706.4752899166779,710.003883421632,712.9295121450705,715.2509572334384,716.9962318072212,718.2236426641321,719.0090777228252,719.4307184431163,719.5567576251269,719.438003741343,719.105178979953,718.569785424901,717.8271803323732,716.8606391257781,715.6454787324401,714.1526379576098,712.351400337051,710.2111711265534,707.702378555834,704.7966663545085,701.4665909068062,697.6850444714291,693.4246072658207,688.6569958198015,683.3527309525889,0.20
GBR,Male,IHD,diet,23093.274393612708,0.0,1306.8559306599418,0.0,16.078510982828448,39.38835841229593,72.76645396644744,118.70216909384908,178.23382432105427,250.11631041034707,330.9763979200434,416.4265517959211,502.347784097532,585.6545259228005,664.4436455788891,737.7826610367774,805.3966243315081,867.3925371217192,924.063021550246,975.7641716185026,1022.8483458292684,1065.6328137419623,1104.3896224046111,1139.346730238918,1170.694156342688,1198.5915005194329,1223.1749128034717,1244.5626766801288,1262.85921864368,1278.1577144580078,1290.5416310775618,1300.0855920522736,1306.8559306599418,0.20
GBR,Male,IHD,combo,43591.45558881378,267.3842796023964,1975.16976034041,267.3842796023964,696.7280744422242,730.2713661308444,769.057547926699,819.0966123416874,881.8331197505686,956.14974697469,1038.738734218539,1125.2858350215029,1211.7647494012708,1295.191953532616,1373.7627486076017,1446.6295015723372,1513.5824642681036,1574.7717081335722,1630.51126681194,1681.1595991548384,1727.0562450722791,1768.494762884489,1805.7166615855967,1838.915941194748,1868.2477682604003,1893.837598878621,1915.788914796467,1934.1889047151344,1949.1121100503808,1960.622417429091,1968.773930132768,1973.61126558196,1975.16976034041,0.20
GBR,Female,IHD,glp1,11081.163862497053,168.2593611842094,376.6094389261998,168.2593611842094,408.2562373536348,397.5308792522119,388.3291276139717,381.6624299674222,377.0083205577175,373.87899471003766,371.8631870434401,370.6343569914752,369.9486836389879,369.63505125573647,369.58056523391497,369.7149407152865,369.99614119245234,370.39858817110144,370.9044075533821,371.4975986394311,372.16068231629833,372.8732463919369,373.6117957817333,374.350381166525,375.0615829566159,375.7175413993318,376.290831852748,376.7550773453404,377.08526439639536,377.2577819045037,377.2502380358055,377.041128949204,376.6094389261998,0.20
GBR,Female,IHD,diet,12205.481645468592,0.0,714.2197048948765,0.0,8.647756392667361,20.891609365593467,38.24125679623103,62.02018457073427,92.80712922020756,130.00205341689434,171.89371465834847,216.22635155869648,260.8644438221636,304.1978788744564,345.2305025628193,383.4791052510154,418.8152065396207,451.3218366950059,481.1883235568239,508.6420757239212,533.9087435650326,557.1917657147496,578.6641699476968,598.4675694562939,616.7149745981224,633.495258577168,648.8779592671781,662.9176711645014,675.657663273676,687.1326085195615,697.3704674177716,706.3936600667657,714.2197048948765,0.20
GBR,Female,IHD,combo,23115.31198092049,168.2593611842094,1081.4776243965862,168.2593611842094,416.7599443205909,418.0690173834082,425.9292582968046,442.6553140260803,468.297040533238,501.7804180907988,541.0145007343854,583.4556601102668,626.7589228549223,669.1668939814335,709.5832497658666,747.4586085469891,782.6211095332983,815.1240199807144,845.1335489747435,872.8558521968298,898.4943759370726,922.228156236135,944.203489386553,964.5334809218402,983.3017271961362,1000.5676919795696,1016.372276769638,1030.7427385528315,1043.69655844893,1055.2441648659187,1065.3906052931345,1074.1363704215728,1081.4776243965862,0.20
DEU,Male,IHD,glp1,33480.50721413623,437.5310220688552,1050.4303752401174,437.5310220688552,1129.2807596722123,1154.1620965598704,1162.6344552191294,1163.1388531454868,1159.5010415595025,1154.630041290875,1150.4438806094258,1147.9543155729623,1147.4646795094595,1148.7940576897672,1151.4779736401688,1154.925050887483,1158.527074860962,1161.728708987779,1164.0660448210256,1165.182925970119,1164.832426200286,1162.8690315803397,1159.235463085468,1153.9468346496578,1147.073960120004,1138.7270243496605,1129.040432800466,1118.1593790522602,1106.22847012071,1093.382594257826,1079.7400881326175,1065.3981524817357,1050.4303752401174,0.20
DEU,Male,IHD,diet,29693.747396648658,0.0,1549.4778130007762,0.0,23.854308673922787,58.35204178313143,107.228511982481,173.30992564788903,257.2037576974544,356.47291291817965,466.1468235503708,580.3306776046084,693.7978583858348,802.7805961003032,904.9870043959672,999.2471466648568,1085.113246928624,1162.552948541066,1231.7545902802522,1293.0183919456613,1346.7016851899098,1393.193716689566,1432.904411448224,1466.2582938300911,1493.6892084426363,1515.6341239361354,1532.5257504934707,1544.7844112849998,1552.809878875516,1556.973907253705,1557.614075072328,1555.0293780306963,1549.4778130007762,0.20
DEU,Male,IHD,combo,62841.17577633675,437.5310220688552,2585.3294836060813,437.5310220688552,1152.7585803134425,1211.5881018253567,1268.1971509593425,1333.8225763974624,1412.9026288619643,1505.957904185052,1610.01633303595,1720.2813172260794,1831.8996984357216,1940.967904659774,2044.752202922129,2141.498260003922,2230.1478391137352,2310.106211533552,2381.088560892633,2443.0288225399127,2496.027024707815,2540.316571146439,2576.239990550501,2604.227140894101,2624.7733598561754,2638.4170649610314,2645.717340835705,2647.2324818228662,2643.500530462683,2635.022719994304,2622.2504900012427,2605.5764625229203,2585.3294836060813,0.20
DEU,Female,IHD,glp1,22674.358414476927,338.9119612566283,749.6605970818055,338.9119612566283,849.9709613935847,832.497463214575,814.2557011967292,797.8540451152803,783.2236104038166,770.6254022581707,760.3960915657663,752.7575227475754,747.7423803394049,745.1966266887612,744.8201206868835,746.2188934509468,748.9543737911154,752.5832323196955,756.6864161073318,760.8883245979232,764.8679290894506,768.3637063141068,771.174004669243,773.1541367290192,774.2112023427326,774.2974242686905,773.4026180329529,771.5463022303302,768.7698670233658,765.1291436960746,760.6876486222027,755.5107072427636,749.6605970818055,0.20
DEU,Female,IHD,diet,24557.64565339645,0.0,1322.1925302743766,0.0,23.06324035617581,54.39810312834743,97.99304641399068,156.35770106344717,229.46993590977212,314.27452366109355,405.5592746064649,497.7972609860881,586.7132197095343,669.8406436983059,746.252332974429,815.9865702140087,879.5308439258952,937.4846357278292,990.3871819261984,1038.6559589250828,1082.5860122068698,1122.376166587419,1158.162474115903,1190.049010379429,1218.13192683339,1242.515800382229,1263.3228638552537,1280.6963587852078,1294.799442844349,1305.811040442015,1313.9198702971044,1319.3176831662422,1322.1925302743766,0.20
DEU,Female,IHD,combo,46947.43200941821,338.9119612566283,2058.220647610869,338.9119612566283,872.6701989983994,886.0391544612357,910.7413186081976,951.86441153528,1009.3299460390843,1080.400470729859,1160.282744250173,1243.749438213752,1326.6097929165262,1406.265353272116,1481.4892206873485,1551.915130296984,1617.578326935516,1678.6224500453245,1735.1578589478158,1787.2193161261675,1834.775832475352,1877.761079306918,1916.106568785472,1949.7690813997324,1978.749252911832,2003.101114978592,2022.9337581665168,2038.406830309032,2049.7216910534626,2057.1099308509583,2060.8207442477,2061.10838400136,2058.220647610869,0.20
GLB,Male,IHD,glp1,1051618.90803417,13609.835885487497,38612.919076671824,13609.835885487497,33932.16623217333,33869.956319854595,33719.39382687304,33623.85753935389,33588.892841116525,33612.72886480857,33690.49599696975,33815.79076822568,33981.80288541876,34182.02294945624,34410.58639373351,34662.3503732672,34932.80645173136,35217.91583285481,35513.92876796611,35817.2246940108,36124.18938679062,36431.13154169824,36734.233370303176,37029.52674157452,37312.88655046467,37580.03493517824,37826.5525572896,38047.89562408812,38239.41920841951,38396.408509091474,38514.11998657882,38587.83392271958,38612.919076671824,0.20
GLB,Male,IHD,diet,2775637.2184416987,0.0,168178.10645059682,0.0,1530.6753193642944,3793.231668494642,7108.671075899154,11779.550967219286,17979.023428496905,25653.75486099161,34518.075367564335,44149.83478609007,54117.407867287286,64066.32660690509,73747.85232408717,83009.23861741088,91769.69433824066,99996.30088072363,107685.16590309422,114848.37893153912,121505.64905283692,127679.24883501884,133391.12392443046,138661.3496208405,143507.38974373415,147943.81386398152,151982.26606569905,155631.56812329218,158897.89656486362,161785.0070882775,164294.49857296795,166426.1175917508,168178.10645059682,0.20
GLB,Male,IHD,combo,3807571.9514561854,13609.835885487497,205755.57208057863,13609.835885487497,35448.45682503283,37627.10064813867,40761.299811408855,45294.54302369896,51404.48672891036,59037.189408435486,67905.35079927463,77584.6722629657,87640.74147608504,97715.61287771443,107556.56086043362,117006.61211918108,125980.7178492518,134441.7713177735,142381.77327744476,149808.7512439806,156738.34669649787,163188.71411678102,169177.59906632453,174720.77698038518,179831.30519684497,184519.2411542256,188791.6179105807,192652.5594261447,196103.4760005344,199143.31506778952,201768.8615029538,203975.0898413267,205755.57208057863,0.20
GLB,Female,IHD,glp1,823965.5562963816,10794.652594877873,32394.282110483386,10794.652594877873,26569.57227068022,25999.85086698132,25533.782624147832,25236.746813170143,25081.300787924323,25043.941173824947,25104.543995348737,25245.587238082662,25451.9142452702,25710.612225110643,26010.845685771663,26343.61822347995,26701.487484028563,27078.269317837432,27468.76086728089,27868.50056184456,28273.571689903736,28680.447837095708,29085.873582022265,29486.77199984528,29880.170927585103,30263.141710975207,30632.74650952313,30985.99259394221,31319.79403386824,31630.94252747669,31916.089796885848,32171.74400111288,32394.282110483386,0.20
GLB,Female,IHD,diet,2363272.8216784485,0.0,147832.6101242341,0.0,1355.4891476011835,3303.40985819418,6119.993775316048,10058.197945626453,15257.537761512678,21666.5280371802,29042.637526211794,37036.08431933168,45296.1866721604,53540.9335681051,61577.26740226988,69290.36969879363,76622.47402718943,83552.75258733891,90082.14664607124,96223.20416945126,101993.7654859256,107413.25981288032,112500.64757407176,117273.3450506162,121746.705717355,125933.7984378012,129845.33189288528,133489.644347243,136872.72132113762,139998.2299168976,142867.57326729316,145479.97558775358,147832.6101242341,0.20
GLB,Female,IHD,combo,3170604.536227372,10794.652594877873,179302.98980313167,10794.652594877873,27912.3230273081,29272.02289938135,31596.8374218964,35203.03367169574,40201.862629061565,46519.36984494096,53895.621628316585,61966.79621624667,70370.26052954514,78813.42557572667,87093.7731239032,95088.0944265416,102731.27624315582,109996.10979618318,116877.99573734682,123384.63494233416,129529.56975196207,135328.35197519232,140796.3768113386,145947.71774036717,150794.53285251744,155346.77885317244,159612.079407732,163595.66590424348,167300.35375710856,170726.54470950644,173872.26089647133,176733.22345616668,179302.98980313167,0.20
CHN,Male,IschStroke,glp1,149644.0269574065,1084.6056865418211,5897.785842771642,1084.6056865418211,3017.3557943388587,3266.8017987416824,3490.4652214229573,3704.320319334976,3910.546558569651,4109.507943974691,4300.78940313647,4483.745463677333,4657.788577097002,4822.486275238567,4977.54488688393,5122.746391895344,5257.883910817443,5382.719746127026,5496.972821579082,5600.331419616472,5692.481841173256,5773.142603323329,5842.09543813928,5899.207255750196,5944.440353051759,5977.850842694519,5999.577229372226,6009.822197207715,6008.8310718094,5996.870242655976,5974.208262437722,5941.101558026159,5897.785842771642,0.20
CHN,Male,IschStroke,diet,867603.4166835189,0.0,49436.221997116,0.0,500.3880893635797,1241.068245409173,2326.723433969193,3856.629923310131,5887.688318449771,8401.996303113992,11304.399550442353,14453.705066032591,17704.56956692878,20936.461014301283,24063.583984981407,27032.032835444086,29812.02016312431,32389.94597433124,34762.14917772962,36930.59994376334,38900.191780204885,40677.17299984023,42268.31644609617,43680.52818292915,44920.69094366883,45995.61325013964,46912.00989541481,47676.477203677176,48295.45088357362,48775.14870365686,49121.507399355294,49340.12540715141,49436.221997116,0.20
CHN,Male,IschStroke,combo,1012433.5189189952,1084.6056865418211,55098.59701468167,1084.6056865418211,3513.9417597607244,4498.367774502025,5799.64305927977,7532.370898841415,9755.367754044011,12451.430102122247,15525.884234273806,18838.056934065306,22243.1108469927,25620.896589698736,28885.81991022348,31983.98776970617,34885.45651269914,37576.33348553791,40052.568950342014,42315.694034894,44370.159495724365,46221.809894229285,47877.08737978991,49342.66267157672,50625.28795989184,51731.74349640263,52668.80588358082,53443.204637388,54061.55824645632,54530.29512367817,54855.57145248656,55043.19935958367,55098.59701468167,0.20
CHN,Female,IschStroke,glp1,111668.3883022003,813.815142882755,4764.726085480885,813.815142882755,2208.965819166915,2335.8164156296407,2458.2023646187736,2585.352342188184,2717.2476915058214,2852.959990450763,2991.1079894603463,3130.1620764749823,3268.661073137657,3405.324341666302,3539.077946877689,3669.0273463308113,3794.407793773106,3914.53532746213,4028.7712844480993,4136.504738235148,4237.1513179347385,4330.1636258162325,4415.047439247253,4491.378369480139,4558.81498052238,4617.106003692374,4666.090839562821,4705.693797094631,4735.913384253974,4756.808430078672,4768.482936387649,4771.071408339427,4764.726085480885,0.20
CHN,Female,IschStroke,diet,668485.3916234531,0.0,40475.06982652936,0.0,358.30485979106743,882.9357786916662,1649.9302507412503,2731.9719326712657,4173.151106071484,5966.167323636706,8049.933262982522,10330.541169137929,12709.885550812003,15105.611187701812,17458.102610333124,19728.771300977794,21894.97553904855,23944.79142552044,25872.87210300984,27677.57584643294,29359.150292380946,30918.682100098464,32357.556445738184,33677.23157412454,34879.19021761115,35964.974918548134,36936.24843342218,37794.845403448446,38542.79925495642,39182.340378451394,39715.86924723629,40145.91228334722,40475.06982652936,0.20
CHN,Female,IschStroke,combo,776368.6573409834,813.815142882755,45037.7389817473,813.815142882755,2564.548153153213,3212.0083357700496,4095.730396080122,5297.138627706619,6860.079143368639,8776.511749205762,10984.551401297678,13389.542753287476,15892.66537432128,18410.84996365942,20883.76222879812,23272.09815248568,25552.50944505341,27712.37489908212,29745.659622780164,31650.04784187628,33425.138293611584,35071.41009910009,36589.70035210007,37980.99516621162,39246.39317690744,40387.14686775755,41404.72245213552,42300.84508678585,43077.51470244292,43736.99021473713,44281.74757791846,44714.42113871907,45037.7389817473,0.20
IND,Male,IschStroke,glp1,36163.78508821764,288.64401702189934,1639.135195631301,288.64401702189934,769.8936352355231,799.7258318550885,830.2130121907103,862.6449924072949,896.1896855215891,930.3928299783728,965.0209753864328,999.9552959188586,1035.1356641149032,1070.5297797673263,1106.1148012629128,1141.8653272053343,1177.7447170863743,1213.698334996414,1249.648119158228,1285.488288745284,1321.082187381573,1356.2603335874155,1390.8197595980018,1424.5247017926886,1457.10867309256,1488.277906303003,1517.7161100173837,1545.0904270487372,1570.0584318045294,1592.2759509923635,1611.4054457751918,1627.1246573403478,1639.135195631301,0.20
IND,Male,IschStroke,diet,185492.3624045245,0.0,11896.946627007506,0.0,101.72523843005185,250.6225499072461,469.28686695563374,778.0861101952032,1187.482650591759,1691.625031868636,2268.8498035873054,2889.443765249918,3525.018493995536,4154.22478850442,4763.921212572837,5347.674493652303,5903.537253771967,6432.121201367525,6935.244299744431,7415.090940339956,7873.736296334711,8312.900756455027,8733.839760763454,9137.30971013679,9523.575484658531,9892.440689471725,10243.290816803754,10575.144465698104,10886.71026307228,11176.448234939016,11442.63472036936,11683.429878079563,11896.946627007506,0.20
IND,Male,IschStroke,combo,220998.3359447953,288.64401702189934,13498.156574537104,288.64401702189934,871.1347945031303,1049.1578004613984,1297.3138848545204,1637.1769141005352,2078.3497796439333,2614.579115025176,3224.0884084122954,3877.1900959158666,4545.558968267636,5207.89368303644,5851.068107347295,6468.63184441271,7058.59225671168,7621.490481739689,8159.048981116153,8673.330447882472,9166.260320598143,9639.37965007272,10093.734192372183,10529.840719037922,10947.696237814613,11346.811289639329,11726.257475866412,12084.724255355715,12420.582493834198,12731.953300017398,13016.780981250748,13272.908873945998,13498.156574537104,0.20
IND,Female,IschStroke,glp1,32625.88559837223,318.1298682062479,1432.4168214729289,318.1298682062479,843.1204980593175,811.7327986176824,812.410011001688,824.5557023027213,842.8723556884797,864.7425211274531,888.8663732543937,914.5179854712916,941.2557793303858,968.7910520663718,996.9235092308372,1025.5059913925943,1054.422049491783,1083.569656922773,1112.8483484605094,1142.1487675146782,1171.3442902069655,1200.2846651183208,1228.791702228482,1256.6570596346282,1283.6421483283048,1309.4801184963435,1333.8798148061614,1356.5315022817813,1377.1140788589837,1395.303415626171,1410.781409680494,1423.2453034934588,1432.4168214729289,0.20
IND,Female,IschStroke,diet,218535.5787989561,0.0,13273.3859947233,0.0,190.77113521107825,424.8966695070267,753.0373988085194,1201.550985863607,1777.295540889609,2460.7048412857694,3211.480599700357,3983.801749887003,4740.434768284205,5458.540393493604,6128.282144271361,6748.591097077297,7323.131211524596,7857.498754012922,8357.597595428408,8828.823592067813,9275.722038050471,9701.891859752475,10110.005125762022,10501.873099766031,10878.526468871452,11240.29678725812,11586.895671301463,11917.492351893568,12230.791435561376,12525.112592504942,12798.473159431363,13048.67373676633,13273.3859947233,0.20
IND,Female,IschStroke,combo,250526.54226814164,318.1298682062479,14671.898790971143,318.1298682062479,1032.9838120375937,1234.7627114549396,1562.2802946298034,2021.223725624208,2613.162183372653,3316.0377593830344,4088.4416277391138,4884.00531699392,5665.169214516878,6408.850792336103,7105.009003712796,7752.398185473809,8354.52841932734,8916.858161640761,9445.16067376791,9944.698947975528,10419.874426249822,10874.123999362811,11309.934296476187,11728.90469416784,12131.826733902157,12518.766940789124,12889.149443283444,13241.838778147066,13575.2244314712,13887.30846504704,14175.796797242132,14438.193772839031,14671.898790971143,0.20
BRA,Male,IschStroke,glp1,20905.799392231405,166.8760790114684,913.4784328656096,166.8760790114684,437.6001418059823,458.4815423501641,478.7165969407506,499.8102259475927,521.6011614657473,543.8832721215949,566.4501987023395,589.1073229821777,611.6796260224364,634.0158285310754,655.9893545109808,677.4969158669264,698.4555137944044,718.7985292946614,738.4714213012121,757.4274116263259,775.6234262750077,793.0164819728234,809.5606482409203,825.2046714699827,839.8903121766634,853.5514161045285,866.1137120569911,877.4953036536026,887.6077987165045,896.3579992276937,903.65005738537,909.3879898098676,913.4784328656096,0.20
BRA,Male,IschStroke,diet,34717.92147566725,0.0,2194.308884296028,0.0,16.156850144208875,40.78592496937927,77.58210118602437,130.17745218806522,200.9066259929532,289.6635186503627,393.70701277667104,508.5942380692504,629.5314999433904,752.3653947293787,873.9793912771929,992.2691797329244,1105.9383021235262,1214.267463983735,1316.921054872757,1413.8041329275438,1504.963317691043,1590.5204508394818,1670.6290372329386,1745.4460265667876,1815.113856214506,1879.749448964576,1939.43806692402,1994.2306965285527,2044.144111795962,2089.1630375813693,2129.2439854771364,2164.3204119874863,2194.308884296028,0.20
BRA,Male,IschStroke,combo,55179.23621778094,166.8760790114684,3082.384399573537,166.8760790114684,453.5019766413316,498.6107313398316,555.0567024744596,627.924759785994,719.3602563207605,829.0642874999685,954.1446547844316,1090.0432187669212,1231.8712554787708,1375.3887923661025,1517.3969803176517,1655.7139723121072,1788.9721842879371,1916.3883537127688,2037.569441711756,2152.3678930701863,2260.780167794801,2362.8778445429343,2458.7616486954794,2548.531202847648,2632.265572428354,2710.0113856214884,2781.776462566864,2847.527621660309,2907.19177028611,2960.659635748656,3007.791622516336,3048.425343615978,3082.384399573537,0.20
BRA,Female,IschStroke,glp1,18860.534951985494,160.07247794461728,864.4331010076276,160.07247794461728,412.5329676554975,420.7210331720999,431.0572200349343,444.142000916916,459.2938939493906,476.0052962292539,493.8988301615391,512.6798368174423,532.1069031432198,551.9748281081265,572.1053308474729,592.3421929286778,612.5486539807316,632.6057092295669,652.4105360861722,671.8746661368059,690.9217721047971,709.4850970716798,727.5046443244937,744.9242908624292,761.689000133294,777.7423003015138,793.0241708965332,807.4694487583765,821.0068280742562,833.558492183336,845.0403790761193,855.3630498485727,864.4331010076276,0.20
BRA,Female,IschStroke,diet,33892.61663432407,0.0,2186.7655718932365,0.0,17.904307118122233,43.82172458949208,81.60894860038388,134.9116397802718,205.8906682792949,294.0880333810637,396.3479959651813,507.9313580567468,623.9981033848599,740.6123601971703,855.0605057503853,965.7201163791252,1071.7676588514878,1172.89414845399,1269.089084554973,1360.4962015520068,1447.325011041867,1529.8000131264707,1608.1331894380128,1682.5099290209473,1753.0822389852983,1819.9656905622835,1883.238226241112,1942.9399626237864,1999.073687679964,2051.606032718657,2100.469409701167,2145.564816396713,2186.7655718932365,0.20
BRA,Female,IschStroke,combo,52338.45694686366,160.07247794461728,3026.832962863948,160.07247794461728,430.15467808126414,463.84500604913046,511.3843206115416,576.9670348825675,662.048709659357,765.6837465341741,884.4004471891094,1013.2464431561892,1147.2166997787936,1282.2263533097575,1415.416718461718,1545.0237604072245,1670.089470179555,1790.1812294083502,1905.177927861405,2015.1261614817777,2120.150788314386,2220.402144983622,2316.02593985734,2407.146316717626,2493.856219191308,2576.2117261705425,2654.2286508676334,2727.88065735485,2797.098668711231,2861.7715824587067,2921.748383072918,2976.841721303019,3026.832962863948,0.20
CAN,Male,IschStroke,glp1,2589.397434664279,21.72408070790607,104.60376292565708,21.72408070790607,56.56606696394465,59.2174659088887,61.84557851410773,64.62426715114088,67.51128898491515,70.4604118639545,73.42768218446508,76.3729115792139,79.2603017334277,82.05854951425954,84.74072212850479,87.28409905142325,89.67006719080473,91.88407284503955,93.91558953095864,95.75804844652704,97.40868661621062,98.86828583467012,100.14079556442356,101.23285032525564,102.15320474097643,102.912116878917,103.52071338327367,103.99036913882628,104.33213085985152,104.5562090298008,104.67155679051211,104.6855482764222,104.60376292565708,0.20
CAN,Male,IschStroke,diet,2565.28398336739,0.0,156.3129430997742,0.0,1.2241696240298552,3.099388289086164,5.90977704886518,9.939128157006053,15.370920588803529,22.195405725704404,30.19285820777713,39.00804975674328,48.25868115055528,57.61445992136032,66.8277991281766,75.73064720143066,84.21745636056039,92.22682644883844,99.72680103906896,106.70460544599156,113.16001855953618,119.1012617720844,124.54245692102722,129.5019791396935,134.0012747622768,138.0638959974931,141.7146266175605,144.97864968347494,147.8807526547189,150.44458777352884,152.692014168264,154.6425481239603,156.3129430997742,0.20
CAN,Male,IschStroke,combo,5119.407584900077,21.72408070790607,258.8757745248313,21.72408070790607,57.77133031879839,62.26787334088294,67.66223135500604,74.4078733439419,82.64362651311421,92.31427087076372,103.16016055290127,114.7918366643089,126.79728536236144,138.81989717223496,150.5886476618498,161.91491892751765,172.67570738452196,182.79555394106228,192.2320604514244,200.9657255696211,208.9932670937624,216.32330948329127,222.97349905005376,228.96839491782976,234.3377360741152,239.11487064612447,243.3352568853843,247.0350201633628,250.24959064132963,253.01246358074968,255.3541269290181,257.3011947720079,258.8757745248313,0.20
CAN,Female,IschStroke,glp1,3282.411493617622,31.55901675486075,136.27752026274538,31.55901675486075,78.1997922663204,77.23134951364682,78.21291121814647,80.34084888805228,83.12634814594276,86.31870598991554,89.76708121709635,93.3662294913156,97.034869307583,100.70639180254511,104.32456378043024,107.8414733514328,111.21658574558931,114.41635890415272,117.41410029772123,120.18986263896112,122.7302523338476,125.02808242565516,127.08184662030362,128.8950239349906,130.47524554962183,131.8333680554697,132.98250235420164,133.93704689812876,134.7117695400666,135.32097544201497,135.77779040745554,136.09358047940805,136.27752026274538,0.20
CAN,Female,IschStroke,diet,4104.438506284989,0.0,244.71326388249508,0.0,2.716223595270094,6.36487495026995,11.520195061285447,18.67355009909261,28.08946485929846,39.67032184274831,52.961879661996136,67.3142603351389,82.08203919351763,96.75150647325609,110.97378306536484,124.54081723503076,137.34404296360844,149.33721499979583,160.50992522073284,170.8711384597791,180.43998612890027,189.2411256965752,197.3026601690708,204.6553046687513,211.3320184899021,217.36768373784253,222.79864248522065,227.6620425462133,231.995018503756,235.83377161610224,239.21262467130143,242.16312567267232,244.71326388249508,0.20
CAN,Female,IschStroke,combo,7336.842166341913,31.55901675486075,378.2251853964081,31.55901675486075,80.87406607503453,83.49820075441585,89.55881965252775,98.73647656448884,110.80401566850378,125.41609936013448,141.97580803107485,159.7384194165461,177.98667035998187,196.146995150506,213.81818978955744,230.74602052388764,246.7817456621888,261.8452019526467,275.898584141416,288.9300997316513,300.9446756098678,311.9590084060346,321.9989638293809,331.09804186025394,339.29616832224383,346.6384427453686,353.17370493788803,358.9529185460742,364.0274412362469,368.4472811115338,372.2594434400289,375.5064613111608,378.2251853964081,0.20
TUR,Male,IschStroke,glp1,8024.777208958885,77.17989228427359,342.9415728395761,77.17989228427359,206.3879331604276,190.1984291440585,193.0335841174456,197.34597489700536,203.7905344312967,211.06027733481824,218.8242842730033,226.79711735654564,234.81955034586645,242.78599377950013,250.63172287242924,258.31700455869213,265.81779557641494,273.1186088350951,280.20746930315363,287.07229422091405,293.6983997094467,300.06688246876365,306.15369848021874,311.92929991251003,317.35872277097224,322.4020407093521,327.01511734270025,331.1506007083626,334.75910983667563,337.7905655948998,340.1956173244944,341.92711476997283,342.9415728395761,0.20
TUR,Male,IschStroke,diet,8737.746298024462,0.0,508.7708624136831,0.0,9.834393869517951,19.42469469686512,33.11470712388109,51.6326042071305,75.3113623337631,103.2831767840944,133.88087312019343,165.24721510582822,195.8989313953425,224.93096489887105,251.94383700000617,276.87264342425624,299.83250754392793,321.0141764946711,340.6242884361964,358.85537996886706,375.87299393314606,391.8116905149036,406.77530430891056,420.8390254759797,434.0521435293231,446.4409509946745,458.0116254948916,468.75305198369824,478.6396004152266,487.6338848087471,495.6895212318341,502.75388651603134,508.7708624136831,0.20
TUR,Male,IschStroke,combo,16659.406556730264,77.17989228427359,846.3421597521556,77.17989228427359,216.03261759321688,209.3026861865601,225.61182787451253,248.16733788000784,277.94714665986976,312.8003938001093,350.75781375856604,389.70468937282567,428.0165336913233,464.6904602908653,499.26267444684345,531.6250791588318,561.8638841063002,590.1494479846988,616.6721264321677,641.6088640395392,665.1078097170102,687.2826272717793,708.2117245766713,727.9398663880929,746.4809111361355,763.8210861127773,779.9225507264018,794.7271511264007,808.160329467999,820.135164403604,830.5565108290575,839.3251896616675,846.3421597521556,0.20
TUR,Female,IschStroke,glp1,8894.933284604434,99.45538729535838,389.9692323511845,99.45538729535838,261.08150968559494,220.83003285308223,218.15332295159897,219.68627158794692,224.3872741665764,230.65815390707576,237.86668788473253,245.63717762239685,253.73904067354303,262.0227292528216,270.38924640683763,278.77189684166297,287.12452889798806,295.41348626648323,303.6119034979929,311.6955879112793,319.6400443954189,327.4183681212889,334.9998242342408,342.3489884540104,349.4253565800245,356.1833533058016,362.5726856001347,368.5389949724631,374.0247671458492,378.9704579097743,383.3157913418836,387.00118248938816,389.9692323511845,0.20
TUR,Female,IschStroke,diet,11094.298968423996,0.0,647.9061570597987,0.0,15.5928537542095,29.33329328228865,48.58549797224259,74.33703871215039,106.58440706194231,143.718795102086,183.158666306339,222.36684184248224,259.59104158859554,294.00235702468854,325.4532939246528,354.16750427506486,380.51208326242704,404.8699772853252,427.58256075029567,448.9310250049675,469.1358563217728,488.36317307833815,506.7326252399871,524.3247218091419,541.1869649181681,557.3388147871301,572.7757351355758,587.4726061974288,601.3867554725948,614.4607966576295,626.6254067252521,637.8021178714189,647.9061570597987,0.20
TUR,Female,IschStroke,combo,19872.38979249489,99.45538729535838,1031.7965594842317,99.45538729535838,276.37357098202483,249.7029701460669,266.0006386118039,292.9338091067002,329.4597353385943,372.40665379221537,418.6011166963544,465.16103615798056,510.11773514004017,552.493609572226,592.036058911126,628.8938136664037,663.3799948156302,695.8374156099235,726.5756057510807,755.847921687342,783.8478060632406,810.7127843460694,836.5307499397968,861.3462801451315,885.1662631232975,907.9647819407036,929.6874427647708,950.2553825257564,969.5691602314472,987.5126781301078,1003.9572170163156,1018.7656135031576,1031.7965594842317,0.20
ZAF,Male,IschStroke,glp1,4022.991046364709,28.043298064980263,186.99047174892257,28.043298064980263,76.73691098624386,81.97763273660257,86.7749846493889,91.48538957166966,96.14212369786765,100.75335417049791,105.31778913470224,109.83101925641132,114.28937313578352,118.69192210633446,123.04102245182004,127.34178831806275,131.60087741209645,135.82492384519173,140.01888534855425,144.18450251946524,148.31900531617976,152.4141501973154,156.45563014672734,160.42286796871304,164.28917901359455,168.022271425114,171.58503893444868,174.93659230381672,178.03347011278674,180.83096720013785,183.284519335346,185.35108525593387,186.99047174892257,0.20
ZAF,Male,IschStroke,diet,474.7751669011823,0.0,30.01924380429409,0.0,0.2484328262653434,0.615813810479267,1.15851877770001,1.929930552669248,2.961522819248785,4.245606480108108,5.733639452500938,7.35264203470615,9.027673324086209,10.697535083891124,12.320186182221732,13.871167477102064,15.339294436264026,16.722218456152405,18.02285977280189,19.24685411626524,20.40083915121977,21.49135261841002,22.5241515343696,23.503815855568973,24.43354545629336,25.315091376265627,26.1487830365877,26.933625775101973,27.667450453780475,28.34710109559456,28.968648883444985,29.527622257788607,30.01924380429409,0.20
ZAF,Male,IschStroke,combo,4492.613317494635,28.043298064980263,216.7186828282865,28.043298064980263,76.98173123412926,82.58441578895145,87.91675137497259,93.38787013687217,99.06223277347816,104.94063240054312,110.97412301016448,117.08647998497143,123.200177307981,129.25387884500378,135.20835029299815,141.04441672525718,146.7575317377814,152.35185323129372,157.83508337001513,163.21441345237508,168.4935399851165,173.6706123014974,178.73696716226914,183.67652675226964,188.46575677978035,193.07409480188653,197.4647661817872,201.5959085737959,205.4219276778749,208.89500874148507,211.9667108668,214.5895751100179,216.7186828282865,0.20
ZAF,Female,IschStroke,glp1,5695.060524821798,42.83192537442301,258.98704900622033,42.83192537442301,126.08947409276152,130.5849439575395,134.3295669971376,138.45607585343896,143.05718007225005,148.06317320942617,153.3616332726233,158.84037978542256,164.40426869264047,169.98004444197795,175.51591917144106,180.9790368976246,186.35218234183407,191.63026987584453,196.81682430945875,201.92056295905056,206.9521678212077,211.9213369601639,216.83420297061093,221.69119758077431,226.4854252628429,231.20158713882847,235.81547182202848,240.2940042372684,244.5958187524484,248.67230067227132,252.46902154533012,255.92747974690792,258.98704900622033,0.20
ZAF,Female,IschStroke,diet,800.2201923775283,0.0,48.617173116064805,0.0,0.6605280422500073,1.4813969665356126,2.617150288873745,4.174911635622266,6.196927497980141,8.63666045512582,11.368751266927577,14.234320337513054,17.09031644442075,19.83633720110447,22.41698140683002,24.811415861280693,27.020678060023783,29.05757485756476,30.94006629070645,32.68742809446849,34.31822045014633,35.84929509590438,37.29534563331981,38.668718956232624,39.97934391781382,41.23471376262387,42.43990150855461,43.59760750696296,44.708245708770846,45.77007570931528,46.779384935030976,47.73072136956034,48.617173116064805,0.20
ZAF,Female,IschStroke,combo,6488.035905781866,42.83192537442301,307.21846782456487,42.83192537442301,126.74039708659257,132.04571769901122,136.91170507430252,142.5768646220422,149.17600561232575,156.5940058348133,164.5951174276015,172.9104531726225,181.3034550000412,189.6013256153492,197.69707946319613,205.53682120105805,213.10397536424352,220.40581503792416,227.4634006067681,234.30435581153503,240.95761750064776,247.44949271601945,253.80062229419127,260.0236508930284,266.12152348691234,272.08638635748866,277.8990882960352,283.5292721100268,288.9360291494813,294.06906790131325,298.87032646010266,303.275940788204,307.21846782456487,0.20
MEX,Male,IschStroke,glp1,6734.019325276031,45.96295862202351,322.98722221234857,45.96295862202351,121.61821972438338,129.44998147819751,137.0547030822272,144.8392932292354,152.77357411529738,160.82693850169744,168.9738989141988,177.19182685561464,185.45932964764145,193.75527184967905,202.05822657502904,210.34617799172332,218.5963557518589,226.7851323096438,234.8879481211225,242.87924948494765,250.73243370562705,258.4198006176448,265.9125114926537,273.1805579080865,280.1927451542033,286.9166972851272,293.3188935876133,299.3647484483845,305.0187477539039,310.2446546092033,315.0057951050985,319.2654311416154,322.98722221234857,0.20
MEX,Male,IschStroke,diet,4874.459400163845,0.0,331.9627736372495,0.0,2.0271546859821683,5.134945353967851,9.796327565500178,16.480758191422865,25.49866794884838,36.857700060627394,50.238835260212,65.11408196549746,80.91509214524922,97.15460041238111,113.47226864628465,129.6281283861299,145.47476525376078,160.92761157297537,175.94103595335764,190.49150433404063,204.56664334533707,218.15854763132305,231.25989989114527,243.86185715573083,255.9530007928588,267.51890478183486,278.54205353148427,289.001956181608,298.8753771614538,308.1366466750005,316.7580394592587,324.7102221833229,331.9627736372495,0.20
MEX,Male,IschStroke,combo,11532.53761185724,45.96295862202351,650.0968831168211,45.96295862202351,123.60932188633888,134.49136013698626,146.672897012686,161.0223684334269,177.81535431036718,197.0299834071048,218.3287708435546,241.17159101110337,264.9794159569028,289.2525739325247,313.6153480706216,337.8094080661049,361.6664714270064,385.0791212808381,407.9773011223915,430.3117361433178,452.0431402250142,473.1355880574192,493.5526534015444,513.255291378624,532.2007808535163,550.3422970201827,567.6288600577282,584.0055213290143,599.4137212315181,613.7917956063538,627.0756298541746,639.1994680620301,650.0968831168211,0.20
MEX,Female,IschStroke,glp1,6942.200529030599,49.7590314365425,349.44205246323327,49.7590314365425,129.09020604138277,133.73224285591277,138.9940127606369,145.10945541318324,151.89234494183438,159.20192939395747,166.9368042634669,175.02182437090232,183.3981680733013,192.0165584238639,200.832985959858,209.8062116064557,218.89643606717075,228.06467436501407,237.2725155635526,246.4820594746525,255.6559029638156,264.7571037523303,273.74908639550995,282.59547956835013,291.25989043977825,299.70563361885434,307.8954404125798,315.79117953527384,323.3536230407699,330.5422910360576,337.3154056664898,343.629979125868,349.44205246323327,0.20
MEX,Female,IschStroke,diet,5423.803578027797,0.0,377.106825663519,0.0,2.4980135445275664,6.171050165137785,11.55859517432873,19.18594530502196,29.38220781376185,42.11833394979476,56.99186744294639,73.37816389365253,90.63396173202636,108.23567344889489,125.82296608243269,143.18033884225588,160.19653544833636,176.8252534060266,193.055522478262,208.89223592810595,224.3445842234578,239.419833449254,254.1203991159164,268.44279276356974,282.37753514217184,295.9094980512273,309.01838063521063,321.6791793605408,333.8626032271568,345.53543811578857,356.66089075459604,367.198952869876,377.106825663519,0.20
MEX,Female,IschStroke,combo,12285.441926234216,49.7590314365425,721.2959698032319,49.7590314365425,131.54379293511556,139.79186565730924,150.3457189729088,163.9558910937394,180.7606493085332,200.5923583989006,222.95592274998307,247.1637202676229,272.52534640994963,298.47673143010616,324.61893712430174,350.6978580095074,376.5632397698646,402.129578797445,427.3468280163179,452.18120610622645,476.6037967789416,500.5843691263544,524.0883789339787,547.0757460884051,569.5005243609921,591.3109520110702,612.4496188248886,632.8536412865724,652.4548310801074,671.179893580902,688.9507162936825,705.6848115807152,721.2959698032319,0.20
AUS,Male,IschStroke,glp1,1708.179469678592,12.714336579343126,74.67702151381218,12.714336579343126,33.49215445934988,35.435268332911164,37.48688381736201,39.67699744653965,41.93744881974453,44.21434974721433,46.466087647742825,48.661409932178685,50.77809742048749,52.801616439242935,54.723665534813335,56.54072995663682,58.25277199619632,59.8621358291748,61.37269003346137,62.78919088811381,64.11682807049237,65.36090757229067,66.52662921298906,67.61892352597624,68.64232190457096,69.60084284947425,70.49788498187809,71.33612376980818,72.11741357071696,72.84269969576417,73.51194690389912,74.12409122640656,74.67702151381218,0.20
AUS,Male,IschStroke,diet,1376.0251365088325,0.0,85.24799742456617,0.0,0.7143029971043688,1.7825211020817733,3.372097047727948,5.6452696389596895,8.700409658687477,12.517553961691648,16.95104231661344,21.778304781093084,26.76865639672588,31.732274288629924,36.537638478942426,41.107087668913664,45.40362897468913,49.41726030485643,53.154095861899805,56.628805781610026,59.85980426940205,62.86640220486333,65.66724480602534,68.27953428715318,70.71870026119996,72.99830413234213,75.1300498083292,77.1238301303847,78.9877748346853,80.72828819071765,82.35007739282628,83.8561795061105,85.24799742456617,0.20
AUS,Male,IschStroke,combo,3064.2613003783654,12.714336579343126,158.7482951138336,12.714336579343126,34.19458511663515,37.18759962763943,40.80220486455846,45.228090353306925,50.49414406269125,56.527268571926925,63.14301705552498,70.09151083487086,77.12368793309633,84.03813860573337,90.69688333011528,97.019645196111,102.96963469957882,108.53904037554275,113.73749020283776,118.5839783278725,123.10166989970548,127.3147726977113,131.24676748672755,134.91947130730568,138.35257625757458,141.5634362709825,144.56696668482618,147.375583758444,149.99915180020253,152.44493068859447,154.71753106108008,156.8188916139925,158.7482951138336,0.20
AUS,Female,IschStroke,glp1,2310.963912522776,20.29406438013212,102.31298166443776,20.29406438013212,50.89341705976858,50.37152966310805,51.48448150426066,53.451849951748045,55.86349061292367,58.51713476871191,61.294661520322734,64.11747902803108,66.92988012325713,69.69180788278209,72.37485799537808,74.9595463706246,77.43323222921845,79.78849556561363,82.02187474004768,84.13289267084474,86.12330601426038,87.99651816287769,89.7571060893988,91.41042171994012,92.96223921960063,94.41842943266238,95.78465131134544,97.06605730772208,98.26701531859726,99.39085383359088,100.43963944919778,101.41399693237145,102.31298166443776,0.20
AUS,Female,IschStroke,diet,2376.721006994044,0.0,141.67490956708025,0.0,1.799321282022902,4.1277455541321615,7.369337738737158,11.834293014942888,17.673242029954963,24.79346925334721,32.86937480433426,41.45669234761954,50.130185925801015,58.5684714185154,66.57262703544984,74.04539010104781,80.95908784970561,87.32732492438663,93.18481947184137,98.5747667560354,103.5416857967657,108.12779614731608,112.37147658814048,116.30685025067852,119.96391037660032,123.36884927911252,126.54441018430408,129.5101771383197,132.2827742806876,134.87597742399885,137.30075750971628,139.56528294344935,141.67490956708025,0.20
AUS,Female,IschStroke,combo,4657.830370954115,20.29406438013212,242.33183710896992,20.29406438013212,52.66283205021682,54.43158104572649,58.735850132945416,65.1005358615439,73.26457418374139,82.93560566990891,93.6760358343181,104.9703892405887,116.34404821388944,127.4396838299117,138.0318948047534,148.00427519553978,157.31593378255093,165.97206210656623,174.00281883201842,181.44988221124183,188.35861454107453,194.7738682999816,200.73796277199108,206.2898520088748,211.4648779518493,216.294756326467,220.8076061583779,225.0279351230838,228.9765540704229,232.6704295367199,236.12250216936263,239.3415075113462,242.33183710896992,0.20
NZL,Male,IschStroke,glp1,445.71436560244615,3.866714701414708,18.66556693501707,3.866714701414708,9.959333820700522,10.233924801497096,10.597848308831315,11.039053729289662,11.52268844690684,12.024394531683129,12.52786516909805,13.022487573564716,13.501583163741316,13.961126815966054,14.398838333383765,14.813557173079516,15.204827174779666,15.572631992581364,15.91723427377292,16.23908236303032,16.538757445406873,16.816941643649898,17.07439378252616,17.31192449070386,17.530366201253628,17.73053659025163,17.913196187551648,18.07900240726713,18.22846316289724,18.36189363019093,18.47937967700318,18.580751075405946,18.66556693501707,0.20
NZL,Male,IschStroke,diet,423.7395139123728,0.0,25.21628399593056,0.0,0.2536175836420398,0.6250176941828158,1.1675463161535615,1.9312874365841708,2.9429577670263143,4.18920351592385,5.616590596753895,7.149617715627073,8.713664699222818,10.24999579034352,11.719967191195336,13.102381267254486,14.388533706264298,15.577560744657376,16.67297430255826,17.680395257379587,18.606203391412464,19.45680052276657,20.238248367285,20.95611743520226,21.61544343924401,22.22073006645519,22.77596479501176,23.28463188857245,23.749717194883942,24.17370534152701,24.558572978136908,24.905782911175265,25.21628399593056,0.20
NZL,Male,IschStroke,combo,863.3365866640643,3.866714701414708,43.54134228157318,3.866714701414708,10.208504513793969,10.847852823113952,11.7449042218484,12.93688850588046,14.415342256681924,16.142960592144846,18.05108478440434,20.05498703813589,22.07463665914588,24.04817946988556,25.935202379336943,27.713545442940813,29.374044453140414,30.91570600197042,32.34214435051513,33.65925814833054,34.87384637253422,35.992847529794744,37.02295533914776,37.97044197356831,38.84108267237502,39.64012003584162,40.37223582454271,41.04151676169772,41.65141209703984,42.204686986051456,42.703378729630685,43.14876371758282,43.54134228157318,0.20
NZL,Female,IschStroke,glp1,515.1500024931624,5.78203327913775,21.372426840794333,5.78203327913775,13.91599047910904,13.20693763311624,13.030659424781106,13.167538610350675,13.476530167978126,13.880301086618374,14.334705439714298,14.81367783579367,15.301363155776473,15.787780555051311,16.266361463934118,16.73254254786093,17.182972979079523,17.615082869850085,18.02686102514349,18.416748808719603,18.78359258701539,19.12661966454789,19.445417082046102,19.73990211413912,20.01027957469796,20.256985213395183,20.480617238229343,20.68185973296432,20.86140270392252,21.019863846004,21.157716977608743,21.27523155578274,21.372426840794333,0.20
NZL,Female,IschStroke,diet,592.8018735224994,0.0,33.95652257660163,0.0,0.47650421698836,1.10703261518006,1.9844973652723183,3.1858278382796925,4.743550430925325,6.623436494473936,8.730173777587424,10.940877588044486,13.142906880742885,15.255424558915593,17.232306793371208,19.05469802873836,20.721238007059355,22.23997797279617,23.62295682706781,24.883053724926867,26.032410100433708,27.08180234868155,28.04052950536675,28.916542355895444,29.71665600095957,30.446762339507583,31.11200395778701,31.71689684427952,32.265403501302444,32.76096512001595,33.20650442660212,33.60441132469623,33.95652257660163,0.20
NZL,Female,IschStroke,combo,1100.3394876126572,5.78203327913775,54.93024789532888,5.78203327913775,14.384139746616256,14.29479315693061,14.981643326127596,16.30075726337418,18.14332831320303,20.39870782710932,22.929300936748177,25.58828212626895,28.24887812901693,30.82129843006237,33.25323669584736,35.52122641543315,37.62028281235939,39.55553419111311,41.33665921356919,42.97467122470198,44.48030366800117,45.86335614245127,47.13255294876853,48.29563374518057,49.3595154684258,50.330441984794334,51.21408505173554,52.01558753573795,52.73955484261933,53.39000795938796,53.97031434459586,54.48311293801066,54.93024789532888,0.20
ROU,Male,IschStroke,glp1,4165.545109968873,57.03201437210919,130.72119961752833,57.03201437210919,150.14239811722473,142.6594400189806,140.36465765819958,139.89249843831203,140.47678236045613,141.48186463238198,142.54012520125616,143.44726088026437,144.11764804419727,144.54208204439055,144.7538810644401,144.8035304623445,144.7416190312506,144.60883569605355,144.43141013711283,144.22036095440853,143.97311685381646,143.67637559167633,143.30938031939877,142.84707634760707,142.26284130478962,141.53065284324475,140.6266747403388,139.53031348804507,138.22483380664562,136.69763310363487,134.9402704747008,132.9483323640634,130.72119961752833,0.20
ROU,Male,IschStroke,diet,15250.344256758148,0.0,711.1185833309646,0.0,19.349208634595925,42.711743042653325,74.53783047796242,116.93160095525492,170.1702445891151,232.04981914977907,298.43567501164944,364.6695324716311,426.9120917112996,482.7592058529845,531.1813495394053,572.1472141519189,606.2157896384015,634.2190797206458,657.0544629052602,675.5657679976866,690.4853185392458,702.4140254686426,711.8233997486859,719.0689961712524,724.4087937643853,728.0226616255022,730.0307543989438,730.5097506229249,729.5065097735132,727.0491221403754,723.1555506402219,717.840174683246,711.1185833309646,0.20
ROU,Male,IschStroke,combo,19286.124537242773,57.03201437210919,837.0331546692796,57.03201437210919,169.2033869982915,184.7806432587913,213.91556221726933,255.3305708546086,308.542767539755,370.75401891484034,437.5224276807148,504.0431076907116,566.4294744281688,622.2832457556578,670.6051546933923,711.4009776308267,745.2630606158527,773.0471539337159,795.6622767257577,813.9517367771768,828.6367285394335,840.2988624705467,849.3849185466897,856.2229251324097,861.0428189095328,863.99771706502,865.18362481433,864.6565323512441,862.4465511299313,858.5691493751947,853.033768916881,845.8502052346412,837.0331546692796,0.20
ROU,Female,IschStroke,glp1,4608.474375262802,74.91027705136003,143.68789189167728,74.91027705136003,210.7034011993492,167.67046555104753,161.30727218754328,158.16098996432993,157.37162786546105,157.3011902249491,157.45330247872334,157.58105358235116,157.58935248828857,157.4561824745506,157.19656526965628,156.84074316246915,156.42149565682485,155.96706888049084,155.49776510742595,155.0248675969524,154.550988547413,154.07120782188213,153.5745736251265,153.04568619028578,152.46619527725124,151.81612078123726,151.07495970608215,150.2225776338164,149.23990323287217,148.10945420813368,146.81572567818876,145.34546992706237,143.68789189167728,0.20
ROU,Female,IschStroke,diet,22715.661179819974,0.0,977.1150284719406,0.0,56.90377807343612,104.9808547397988,168.74182966993249,250.65263288529968,348.7612235376837,455.8297263791974,562.1773854510247,659.362587030435,742.4384576137963,809.985218044847,862.9430045744812,903.3740065357124,933.6234877625066,955.88282206851,972.0160319060742,983.525227001428,991.5773918062588,997.0522666443647,1000.593067263555,1002.65293867109,1003.535083723149,1003.4265270785836,1002.4261441786402,1000.5677173455296,997.8387362514112,994.1955776369578,989.575622554763,983.9068049195666,977.1150284719406,0.20
ROU,Female,IschStroke,combo,27176.609886995066,74.91027705136003,1115.764013260963,74.91027705136003,266.7595584113405,271.41571298386407,328.1801303626489,406.1804545112064,502.6392539902881,608.7861912217631,714.5448998903521,811.287633936121,893.9830262197465,961.1659320161488,1013.7548941837848,1053.806120713249,1083.6677815979638,1105.5372355523432,1121.2833399865522,1132.409384077073,1140.0788233422172,1145.1631403684623,1148.2931753708365,1149.906507159067,1150.2886059291814,1149.6075825366895,1147.9430910100418,1145.3101170492446,1141.6783677833373,1136.9879108043242,1131.1616403940316,1124.1150852808642,1115.764013260963,0.20
BGR,Male,IschStroke,glp1,2144.528225868861,33.82036742241871,59.01109791489398,33.82036742241871,86.57848156563978,83.20331845696091,81.53581629341716,80.58883326900832,79.97340456342135,79.46946940859561,78.96826482077813,78.42257996847366,77.81900996918375,77.1614079998144,76.46097880891102,75.73045599213583,74.98085202425318,74.21985806452722,73.45130366658123,72.67528066184059,71.88865577008801,71.08577796604732,70.25924651178866,69.40065158444668,68.50123489324142,67.55244419466544,66.54637435118093,65.47609973874023,64.33590969617217,63.12146165233935,61.82986680580325,60.45972183349295,59.01109791489398,0.20
BGR,Male,IschStroke,diet,6308.220149583215,0.0,272.5805496347921,0.0,8.267914136780746,18.76357019094576,33.16504256156804,52.46091046245056,76.72175197598517,104.7750585595404,134.4944943066148,163.55911182208365,190.15941476410808,213.285782881414,232.6401458466244,248.39168145403343,260.9431298529471,270.76953371848685,278.32815877467874,284.0180766721878,288.1685399204325,291.0417187771764,292.8413637246904,293.7230226566535,293.80380878527467,293.17095650110423,291.88899449247583,290.00561672781987,287.5564182254293,284.5686757531876,281.06433827730507,277.0623681264242,272.5805496347921,0.20
BGR,Male,IschStroke,combo,8400.010483287382,33.82036742241871,329.88954031205776,33.82036742241871,94.7223728959325,101.69971261397586,114.25016402756228,132.3643485889388,155.7284158697421,182.97170690747225,211.89027021448783,240.144062192634,265.9267057978923,288.236367859452,306.7814495319599,321.73519599990686,333.5021217836256,342.55685461918256,349.35406534966205,354.28812474772894,357.68171141281346,359.78893756843354,360.80449990779925,360.8744167762088,360.106291545264,358.57830261450727,356.3467310367196,353.45210217530257,349.9241132338684,345.7855365158648,341.05527457798416,335.75071918798403,329.88954031205776,0.20
BGR,Female,IschStroke,glp1,2355.6196535722847,43.313894997396346,65.70192265349215,43.313894997396346,105.48591270666476,93.44327397128107,88.93168750786208,87.16761866510205,86.5756215009842,86.36365744839532,86.17064726139688,85.84630550827387,85.34527066508963,84.67302781518629,83.85758412991345,82.93450962824863,81.93907018295795,80.90225589142392,79.84901679126051,78.79777623936934,77.76068186812881,76.74426399393633,75.7502923343709,74.77669704204345,73.81846985493212,72.86849548122518,71.91828722290848,70.95861715581486,69.98004179721829,68.97333051025635,67.92980705877562,66.8416156883759,65.70192265349215,0.20
BGR,Female,IschStroke,diet,8220.905203802236,0.0,331.8162364485488,0.0,14.989798665372293,31.82268189472052,54.19084781294623,83.79342371349776,120.57873693745024,162.2960476938406,205.1603539032276,245.28752258090208,279.92962535065635,307.8764581764226,329.1689566957357,344.5769023717221,355.15121851996446,361.9450433079346,365.879931581876,367.7036490495248,367.9948577780833,367.1867316756616,365.594882962625,363.4431815530843,360.8853578135986,358.0222422493098,354.91522810838615,351.596703795678,348.0781360327619,344.3563537635964,340.41845343670684,336.24563992840194,331.8162364485488,0.20
BGR,Female,IschStroke,combo,10518.153661250431,43.313894997396346,395.72365281858765,43.313894997396346,120.25085696881432,124.83520395003325,142.43792844529344,169.95681485680325,205.77494238911825,246.8892814042738,289.2045151899474,328.726091076187,362.67700437639,389.8471391617586,410.2879840804853,424.78458935972776,434.4053746550308,440.22111390186,443.1692515107934,444.0103166854333,443.33187253416327,441.57197545282907,439.0473684006738,435.9798232242047,432.5183863156472,428.7572854575392,424.7500243833747,420.5203799889932,416.0709699669551,411.3899394015625,406.4561920050255,401.2434882915313,395.72365281858765,0.20
ISR,Male,IschStroke,glp1,419.0345252746927,3.1309116633121903,19.6855233177414,3.1309116633121903,8.17012495331403,8.61632020548086,9.058949301054668,9.52355965562174,10.00466029060192,10.495929312070189,10.991232917097475,11.485014488691265,11.97259094868798,12.450344791544351,12.915802450098,13.367606157763248,13.80539906432216,14.229649652163973,14.641442254977164,15.042257473017344,15.43376128206819,15.817616032898968,16.19532125789715,16.56808776265825,16.936745101017777,17.301680224391475,17.662803745504334,18.01953968045177,18.370834525399687,18.7151818842458,19.050659415097243,19.374975465502075,19.6855233177414,0.20
ISR,Male,IschStroke,diet,387.5186355471008,0.0,26.32277282946484,0.0,0.1708767600413239,0.4293706092556704,0.8151545480860705,1.3677518400110102,2.113446397177654,3.05288282178924,4.158520426335144,5.384159938517087,6.679260167029838,7.999743597840165,9.312582706318608,10.59583395579216,11.836621368435544,13.028710389193977,14.17038546782237,15.26281158758161,16.308841060054874,17.312168533619342,18.27674118745722,19.20635185032711,20.10436331597248,20.973527905758147,21.81587732736397,22.63266525790641,23.424350017429106,24.19060807162896,24.930371480329995,25.641884128560832,26.32277282946484,0.20
ISR,Male,IschStroke,combo,800.5726698538061,3.1309116633121903,45.61858448277121,3.1309116633121903,8.338101164986028,9.038210728008949,9.85990947468099,10.867617780984574,12.08173591053594,13.496659655132248,15.079277906337438,16.778699095170396,18.540600267399213,20.318036079411627,22.07603331451025,23.791609081916704,25.451685993149567,27.05054072385451,28.58751381477373,30.06518233937163,31.487977046262586,32.861162477419384,34.190097049098085,35.479705890753394,36.73411591666377,37.956415721120266,39.148512290363215,40.31106316427508,41.443467502174826,42.54390316723448,43.60939982359014,44.63594032854371,45.61858448277121,0.20
ISR,Female,IschStroke,glp1,553.5969763017122,4.74882567358452,25.42665190084699,4.74882567358452,12.157597833287127,12.238510820524084,12.493392005746044,12.890566994367871,13.3858920048217,13.949337575353638,14.557554192096404,15.191028616298809,15.833439845988096,16.471693845451682,17.095990281407012,17.69970984084739,18.279104854603247,18.83284815501884,19.36150996082301,19.86702355388752,20.35218397663425,20.820207338536648,21.27436446150091,21.717692260978765,22.15277926313865,22.58161746008318,23.00551068313007,23.425029235329703,23.840001146647182,24.24953166254249,24.65204410133424,25.04533675690209,25.42665190084699,0.20
ISR,Female,IschStroke,diet,654.224649391505,0.0,40.86341034813381,0.0,0.4519658298091826,1.0489648903843545,1.8834388485338425,3.034664672623876,4.545353323754853,6.39947236572425,8.522338999297745,10.806081846553525,13.142442286433152,15.44470905696494,17.65456500759774,19.73918188813309,21.68480449395861,23.49043262411624,25.1628791983635,26.713298197572385,28.1548775401111,29.50134998818476,30.76604688622706,31.96130432910149,33.09809850392776,34.185832838538545,35.23222866687252,36.243288802282905,37.22331399909217,38.17495870285006,39.099316541272174,39.99602871508933,40.86341034813381,0.20
ISR,Female,IschStroke,combo,1199.0330401556666,4.74882567358452,65.77407037776402,4.74882567358452,12.601891766986569,13.269673199905242,14.345417895624678,15.875449292797612,17.857814366532693,20.24698339477527,22.94640770965134,25.830618287637208,28.77679440038992,31.686390277971668,34.49199299704674,37.15441246041769,39.65610549435405,41.9945348859244,44.17679482098151,46.21566128716859,48.12681630370071,49.92693529715143,51.632382364102114,53.25833040918337,54.818181706361656,56.32320510104614,57.78233251214829,59.20207428202912,60.58652393651937,61.93743047565045,63.254321831759626,64.53466734650056,65.77407037776402,0.20
NGA,Male,IschStroke,glp1,7608.354208419405,61.73606827428739,379.1540745300808,61.73606827428739,157.0253424434377,158.85820302347565,161.29968600128996,164.8507525037603,169.43367107150334,174.96945887677066,181.38250812746628,188.59817208022287,196.54178924677765,205.13824660200407,214.31161529016023,223.9847105827539,234.07857980697008,244.5119815785656,255.2009318599521,266.05838290655083,276.99408403405687,287.9146552107122,298.7238885920524,309.32327999743575,319.6127817253073,329.4917594252984,338.86012839999603,347.6196382770868,355.6752692815862,362.9366983912551,369.3197896913407,374.7480605872479,379.1540745300808,0.20
NGA,Male,IschStroke,diet,2517.882299083107,0.0,175.91021314814134,0.0,1.094725458220637,2.704792992095463,5.065558469763346,8.406358328338683,12.876919811616972,18.480629432066053,25.066587151806743,32.38886506053677,40.18757385967183,48.244881365288165,56.40399582190366,64.56358789708247,72.66301211594691,80.66744671738707,88.55632209694886,96.31540050011245,103.93180611900608,111.39115004344058,118.67604679409853,125.76552124013688,132.63497303368058,139.25648601802095,145.59934987245651,151.63071180808038,157.31630696722277,162.6212342069848,167.510753851966,171.9510889010853,175.91021314814134,0.20
NGA,Male,IschStroke,combo,10105.532147830352,61.73606827428739,553.766261815028,61.73606827428739,158.10868905594907,161.53448256065894,166.31235275970903,173.17042458030846,182.1795073252252,193.2644460558949,206.2007740545996,220.67081901360507,236.3428838575892,252.9262553153312,270.18968124621097,287.9554731933422,306.0844168610711,324.4605735707228,342.9793874018651,361.5395287347492,380.0378341975375,398.3665303580419,416.41206199222506,434.0550317617672,451.1709136228092,467.6313124331064,483.3056137503008,498.0629113764662,511.7741250172549,524.314233335419,535.5645535305666,545.4150007787102,553.766261815028,0.20
NGA,Female,IschStroke,glp1,7923.555157348412,59.71436851422186,415.1592048550374,59.71436851422186,150.38334866927835,150.0470274178333,152.1062095624984,156.33574636082994,162.26725672211614,169.57400510234584,178.006638087154,187.3625233630956,197.4713324903132,208.18734790317467,219.38480003896257,230.95465024054283,242.80205722003305,254.8441303847576,267.00776253113145,279.2274479131738,291.4430676770935,303.5976779570556,315.63537225007894,327.4993112453303,339.13002125858475,350.4640580354171,361.43311760765937,371.9636523583176,381.9770211482392,391.39017022860935,400.11680964047264,408.0690205650535,415.1592048550374,0.20
NGA,Female,IschStroke,diet,2863.4936579936766,0.0,206.93477827349847,0.0,1.1237217475390937,2.749562380333373,5.163494705346238,8.644446204860287,13.391394815807873,19.445408384617625,26.67029983991233,34.8099854013999,43.577127169315645,52.719404197108815,62.04613925435842,71.42671589323436,80.77728240357101,90.04612158148666,99.20179712338722,108.22474953973142,117.1017309835588,125.82223364811216,134.37620498768956,142.7525557990739,150.93815142347012,158.917110035145,166.67032007791568,174.17514225418563,181.40529015152424,188.3308954872264,194.91876488510752,201.13282934515885,206.93477827349847,0.20
NGA,Female,IschStroke,combo,10765.035250602336,59.71436851422186,620.6712464004522,59.71436851422186,151.49539017654024,152.76795031851725,157.21678113604867,164.89304445215748,175.5258006023032,188.82963370109064,204.4210828472569,221.84456989632235,240.6456080312928,260.4287027364844,280.87911668025845,301.75817510132765,322.8876439304877,344.1330486322913,365.3897994787112,386.5727024449661,407.6082392157987,428.42881869662233,448.96837428306753,469.15891225390806,488.9278063791062,508.1957615026695,526.8754408751847,544.8707812720968,562.0770190568292,578.3814300368686,593.6647548946858,607.8032470547696,620.6712464004522,0.20
EGY,Male,IschStroke,glp1,13118.70882854169,144.04975643622674,537.933972664563,144.04975643622674,377.77229282092594,335.5125907398251,338.77122316902387,340.6426375775736,347.6254644148976,355.78803293199235,365.2303373745162,375.3200894895199,385.8769315389436,396.7185795517144,407.7466708905995,418.8861341869852,430.0788652172123,441.26766964472336,452.3885365702517,463.3648460130353,474.1046914930339,484.50030243238143,494.42928263844806,503.75722244932695,512.3413404541716,520.0348223859983,526.6915551488564,532.1709759792502,536.3427830263245,539.0912838867007,540.3191946198058,539.9507427948629,537.933972664563,0.20
EGY,Male,IschStroke,diet,8726.067852742268,0.0,510.71875904797344,0.0,9.584054670031035,18.603192609010875,32.06718442394049,50.531561994161166,74.33651169011864,102.514602060186,133.26758967572096,164.61998300943378,195.04292439860728,223.6614992691684,250.1542631866905,274.5497028379832,297.0498586444592,317.9149455941515,337.3996259899432,355.72252801621653,373.0544286651566,389.5160347643614,405.1803990022745,420.0774692315172,434.199590886441,447.5074322872824,459.9360927352609,471.4012638168206,481.80534279192943,491.0433936455229,499.0088410845856,505.5987767133192,510.71875904797344,0.20
EGY,Male,IschStroke,combo,21740.93803679896,144.04975643622674,1043.4167326920942,144.04975643622674,387.1616115759061,353.7988598328375,370.294394237968,390.344398235422,420.77377227819306,456.7126203075459,496.4939174711944,537.539631917105,578.1579384756042,617.2976875638778,654.5375029926217,689.8257237210782,723.3003255390722,755.1588637138921,785.5875724299403,814.7252157049224,842.6485172824687,869.3692102847344,894.837516732252,918.9491376714795,941.5542390064584,962.4675731509778,981.4791946321712,998.3653597014272,1012.8992547995877,1024.861225869572,1034.048206303676,1040.2820762386546,1043.4167326920942,0.20
EGY,Female,IschStroke,glp1,9375.35154694195,133.67146690747177,394.2116871973558,133.67146690747177,311.36037693088656,246.3285548160748,244.08465605140736,238.737742330788,240.46638819255887,244.0409836420149,249.5487212766784,256.16122529061977,263.60085796431304,271.62101492026704,280.0712801738373,288.83712302539425,297.82757157954256,306.9602818269959,316.1536267341653,325.32148306610543,334.3705870385565,343.19968191723456,351.700074463748,359.75725730264094,367.2533213716306,374.06990810446587,380.09146941176,385.2086189239126,389.3213770812217,392.3421375991966,394.1982137290979,394.8338580720083,394.2116871973558,0.20
EGY,Female,IschStroke,diet,6719.875285892009,0.0,402.1207998999598,0.0,10.472365592144342,17.400097288409597,28.25994755276406,42.679108884214656,60.82835764382253,81.82282245160604,104.30110286493436,126.9042213229004,148.68427938435343,169.17629925103392,188.27634722780203,206.08240244884647,222.775239037579,238.54832300921407,253.57301898535297,267.98435662070915,281.87736954800494,295.3083661867786,308.29829679645627,320.83693028774,332.88732384957984,344.3904085013128,355.2696365355587,365.43565960618434,374.790989938243,383.2345718738288,390.6661704215367,396.990472881138,402.1207998999598,0.20
EGY,Female,IschStroke,combo,16017.367657025414,133.67146690747177,792.2805659968435,133.67146690747177,321.6199572493133,263.46364127206834,271.89585263453773,280.7601655524122,300.3795094265879,324.6657332166505,352.3645998748798,381.3071717571074,410.2770859021148,438.5650058788524,465.91463779494006,492.30582492239046,517.824566894069,542.578715184638,566.6555320082152,590.102266144233,612.9197614414152,635.0627518542278,656.4436570358521,676.9382618658128,696.3924906997854,714.6298492096685,731.4592471090436,746.6829533929485,760.1044389322051,771.5358612174532,780.8049564897592,787.7611291599169,792.2805659968435,0.20
BGD,Male,IschStroke,glp1,4452.250363411047,36.653913894337165,197.6259122825504,36.653913894337165,97.23615455392064,99.47488516915836,102.34360630665104,105.97300008167076,110.15436604040588,114.69837121509408,119.44870823792373,124.28431315642956,129.1167165352017,133.885333182021,138.55219046542334,143.09672238158964,147.51090515185933,151.7948880299664,155.95321484482702,159.99168465461116,163.9148572676786,167.72417571589176,171.41665596256644,174.98408358397137,178.41265497988206,181.6830032745347,184.7705533356712,187.6461541230601,190.2769388115994,192.62736367157777,194.6603760184662,196.3386604825064,197.6259122825504,0.20
BGD,Male,IschStroke,diet,25197.66563454073,0.0,1582.0198185419722,0.0,14.123468495392444,34.42904080194057,64.05765389085718,105.84480027095196,161.3618352737576,230.0549237302912,309.24274423102906,395.05474100523134,483.6187331627043,571.8316984474295,657.5813013865845,739.6281501614285,817.3758851053499,890.652695959121,959.5438696286292,1024.275323985028,1085.1362897073775,1142.4290883602807,1196.4369229529038,1247.4035974499348,1295.5213108728783,1340.9241376861755,1383.6857093021315,1423.8201436571544,1461.2855705331967,1495.9897612549755,1527.797450226928,1556.5389684590918,1582.0198185419722,0.20
BGD,Male,IschStroke,combo,29538.086611432504,36.653913894337165,1773.3367791132114,36.653913894337165,111.27366533540044,133.69610016297156,166.0230081110094,211.20539776328224,270.600218927073,343.4720166403022,427.0027829115206,517.2255105272307,610.2016830638349,702.783299590461,792.8287346904253,879.0813024894305,960.9363731216654,1038.2200837959972,1111.0191910484646,1179.5621424672572,1244.1396554511011,1305.0528245389069,1362.5796947499111,1416.9542026713389,1468.353596380708,1516.891902704534,1562.6179109032892,1605.5166737998225,1645.5138280997708,1682.482195965771,1716.25020748526,1746.6117150282153,1773.3367791132114,0.20
BGD,Female,IschStroke,glp1,4709.455399010036,55.3812095987123,223.123359831603,55.3812095987123,116.8518509652713,103.51949774947934,102.2474553957145,105.30282270899988,109.27405597264442,113.7971618860829,118.54327760612068,123.44593836915736,128.44594937804504,133.51330276469525,138.6278523523506,143.77889743244305,148.96141164791334,154.17349313800514,159.4137459105914,164.67898371526098,169.96221637186682,175.25097812573222,180.5260350104072,185.7605174601631,190.9195177030924,195.960177131994,200.83226590281265,205.47922943938465,209.8396481482632,213.84903120965464,217.44184570310608,220.55367038046825,223.123359831603,0.20
BGD,Female,IschStroke,diet,32850.841896435915,0.0,2116.108697431053,0.0,26.13587056221877,56.18162218958969,98.38939361490702,156.43844933640503,232.1138648738197,323.84855216799406,427.2680031059208,536.8080506303668,647.451984017287,755.6413054337318,859.3521047818504,957.7496708133476,1050.7686304570452,1138.772826435801,1222.3235321901884,1302.035826188985,1378.4946960144807,1452.2080348731615,1523.5813444833038,1592.905042752369,1660.34933774823,1725.9640969160464,1789.682522494877,1851.328135662363,1910.624843496349,1967.209892542065,2020.649417313929,2070.456147908233,2116.108697431053,0.20
BGD,Female,IschStroke,combo,37435.761852133,55.3812095987123,2332.083591153678,55.3812095987123,142.82865439142552,159.39247998176506,200.1153294972792,260.93635977044323,340.22229974133734,436.0590712655248,543.7713146127644,657.7585007230082,772.9674682183177,885.8222631764438,994.2827594198023,1097.5019977521297,1195.4053160146432,1288.3495183903651,1376.8895068902857,1461.6328626182658,1543.154134193872,1621.9462014158053,1698.393647267818,1772.7591252327547,1845.177742837448,1915.656923865965,1984.0805653462007,2050.2169674270044,2113.730257192641,2174.195032224816,2231.113835356977,2283.936916555504,2332.083591153678,0.20
USA,Male,IschStroke,glp1,27450.858228943325,236.35543345104816,1065.5016280927812,236.35543345104816,612.8890489679179,643.327324975573,674.1240944930832,706.5426748598329,739.7414399528498,772.9825247797853,805.6508019308385,837.2409382328187,867.3473504038193,895.6552004655678,921.9317488664384,946.017984578284,967.8205227573926,987.3037013564172,1004.4817741573496,1019.4111173922574,1032.182422115773,1042.912909336097,1051.7386613670678,1058.8072021040716,1064.2704791548022,1068.2784040764527,1070.973096956397,1072.4839618205006,1072.9236928614555,1072.385280574148,1070.9400533585867,1068.6367555039178,1065.5016280927812,0.20
USA,Male,IschStroke,diet,27451.52246598465,0.0,1649.4208889727015,0.0,12.945225647410552,32.92226856172783,63.0510201244324,106.42045678868452,165.0437000351085,238.87084258844692,325.58977492293343,421.38609205168905,522.0790697391785,623.97574332972,724.2327551700728,820.8619431864936,912.579039262666,998.6242997032386,1078.6094169747812,1152.40280512748,1220.0484693319886,1281.7096347988554,1337.6291800465117,1388.1010161933227,1433.4485195352754,1474.0076064173045,1510.1130471848885,1542.0872565644531,1570.2311805111676,1594.8171105341462,1616.0833571015685,1634.230745578403,1649.4208889727015,0.20
USA,Male,IschStroke,combo,54471.66005587607,236.35543345104816,2690.4429596752743,236.35543345104816,625.6062823123139,675.6549991496795,736.037763201406,811.0549874193166,901.8480838348842,1007.6379555486636,1125.5465292382942,1251.327941925818,1380.472796073802,1509.0379044464062,1633.9938754821778,1753.2233549582745,1865.3652972919224,1969.6315775123512,2065.6492403804587,2153.3402531890315,2232.834101124477,2304.4046470494504,2368.4235696023534,2425.324778390277,2475.5761470872385,2519.656358816588,2558.035635251916,2591.159728895407,2619.4369067514053,2643.227829670446,2662.838296819871,2678.514821325516,2690.4429596752743,0.20
USA,Female,IschStroke,glp1,33747.20778959265,373.2287199721468,1286.83065198244,373.2287199721468,899.9746351503272,880.8669143340085,884.6806055289926,903.1505687407772,929.796209807042,960.782898849473,993.7234764077584,1027.0599330584228,1059.7411311280594,1091.0449634209217,1120.4749996287574,1147.6977014816948,1172.5026305129431,1194.7759394939058,1214.4815252957342,1231.6465179058869,1246.3491567135789,1258.7079619092256,1268.87164762491,1277.0095572111604,1283.3025995527278,1287.934774487585,1291.0854262022183,1292.9223767824003,1293.5960816681763,1293.2349235111617,1291.9417266174569,1289.7915346127556,1286.83065198244,0.20
USA,Female,IschStroke,diet,39343.86471743787,0.0,2303.5730454201694,0.0,23.23301130910113,56.29793342539051,104.2801934179006,171.86953479259682,261.82389460576815,373.5539374343498,502.9982303982397,643.9862904626934,790.0852365448081,935.8850365574908,1077.4516377252005,1212.225364322192,1338.7083115614078,1456.1449810276972,1564.2713302884367,1663.139944606286,1753.0054324210796,1834.251034103465,1907.3411801119216,1972.78950745512,2031.1357570843247,2082.927724203153,2128.706210429169,2168.9920078237483,2204.274563754763,2235.0023008245043,2261.5747104645416,2284.3363748623524,2303.5730454201694,0.20
USA,Female,IschStroke,combo,72527.82193446641,373.2287199721468,3559.880573809656,373.2287199721468,922.7984648894052,936.163719700533,987.1266297098772,1072.034795431362,1187.1294193349167,1328.0129743109865,1488.3231368571433,1660.448572291527,1837.018443999376,2011.9880866856256,2180.983544210918,2341.141851991212,2490.766267315543,2628.9872531309666,2755.497653547398,2870.366570670187,2973.9145753926714,3066.630607322513,3149.115080843796,3222.038701404032,3286.110520370712,3342.0515579204366,3390.5721164332645,3432.3519814970496,3468.023305698138,3498.1562654789595,3523.2476896449225,3543.712854601137,3559.880573809656,0.20
JPN,Male,IschStroke,glp1,8093.584090535951,96.67963332583167,275.0009128116799,96.67963332583167,246.32420754373013,250.7579434782456,255.27524119860755,260.1977667348983,265.0694009928193,269.56311449994973,273.47539582831814,276.7033089187171,279.2227331208196,281.06815326695505,282.3140702955425,283.0583919332712,283.4082723527754,283.4687637919633,283.33442054429906,283.08375525232987,282.7762507118241,282.4515027824091,282.13001231997623,281.8151442376984,281.4958132365937,281.1495221068253,280.7454561166378,280.2474156127937,279.6164415908788,278.8130515039884,277.7990530137104,276.53894141186174,275.0009128116799,0.20
JPN,Male,IschStroke,diet,22897.10274913215,0.0,1223.2044264485885,0.0,18.19282406199636,44.92393936547887,83.19689675643895,135.46753691232152,202.4027607954704,282.0343665244,370.06878865776525,461.2371877992919,550.7595207005143,635.1775150146641,712.4871685470498,781.874189877868,843.3415611837845,897.3790966254601,944.719234443066,986.1743587207455,1022.536665428117,1054.5217500224317,1082.7412875289665,1107.694434916404,1129.7708670107822,1149.260653326899,1166.367740735535,1181.2248660756886,1193.9084574809897,1204.4526051388748,1212.8615595818846,1219.1204894506736,1223.2044264485885,0.20
JPN,Male,IschStroke,combo,30845.534445672347,96.67963332583167,1491.038291660174,96.67963332583167,264.37938986210065,295.3357033416978,337.83571775555174,394.6407453026113,465.9602090133558,549.5179566679726,640.8526592896669,734.6334572428241,826.0908077994463,911.8235180234552,989.9126633316046,1059.6433559102516,1121.1215874921472,1174.9352400948774,1221.9033946720592,1262.9092644100165,1298.797687036822,1330.318118614261,1358.0981555078324,1382.636824698522,1404.3101723251602,1423.3840205866363,1440.0303838052496,1454.3451628943076,1466.3655387086255,1476.086065279429,1483.472889213037,1488.4758318068198,1491.038291660174,0.20
JPN,Female,IschStroke,glp1,7041.12939702069,104.62484233987198,234.9651754496881,104.62484233987198,247.36332122138265,235.66944441096712,230.48487931156703,229.3599284345109,230.40548365983705,232.5199290332239,235.04121410446533,237.5630121344875,239.8386302512372,241.7280724070952,243.1662789429247,244.1418256244652,244.68100762204267,244.8350501863752,244.66954199814063,244.25578087219765,243.66392999442905,242.95791051385456,242.1919131763352,241.40835434389737,240.6370563171004,239.89540756933275,239.18925563798257,238.514300183233,237.85778087284416,237.2002890592485,236.5175691984914,235.78221214946092,234.9651754496881,0.20
JPN,Female,IschStroke,diet,22239.672742079645,0.0,1121.359285624094,0.0,22.78592432723235,53.69555098200362,96.21552050483297,152.9742196943189,224.4747711714372,308.28019352622505,399.4868671720542,492.3009379080395,581.6499030782215,664.027390063442,737.5524840751896,801.6198628234342,856.4681815691583,902.8210610847092,941.6349857420572,973.9383648171716,1000.7353039394948,1022.9515495605156,1041.406842284399,1056.8035797543198,1069.7255569251065,1080.6429510491216,1089.921136050456,1097.8317346039548,1104.5648041381282,1110.2413600232248,1114.925651525431,1118.6367680618714,1121.359285624094,0.20
JPN,Female,IschStroke,combo,29144.17839643449,104.62484233987198,1349.9312074755944,104.62484233987198,269.97685371192347,288.9552411998375,325.9758862881863,381.19933052617125,453.23947436323215,538.5802926810793,631.6958893652773,726.4297101494012,817.4976850821404,901.2746437220194,975.8227703753146,1040.5241684589273,1095.637215601666,1141.927702361012,1180.4080447579036,1212.1687577500416,1238.275915113583,1259.7121983551551,1277.3457927474155,1291.9169405986613,1304.0357480357125,1314.1871957239637,1322.740706495446,1329.9624546041086,1336.0291126192606,1341.0420711019106,1345.0414141062065,1348.0191307234709,1349.9312074755944,0.20
GBR,Male,IschStroke,glp1,5241.695479661223,55.82953981779974,200.07782074157512,55.82953981779974,142.48674608768852,144.4389061618731,146.80701774034424,149.8051417829029,153.1631730556528,156.6696976557796,160.17906980837506,163.60220778660005,166.89341929800503,170.03641411735225,173.03181816690085,175.8874458817936,178.61166454815066,181.20957459767305,183.6814225795606,186.02257758628,188.2244504571645,190.2758498229905,192.1644042973603,193.87780907766864,195.40476452020448,196.7355590946572,197.862309661854,198.77891097269452,199.48076744015088,199.96438757908072,200.22691877894795,200.26569054414176,200.07782074157512,0.20
GBR,Male,IschStroke,diet,4734.394868851527,0.0,271.2763102714507,0.0,3.303339844547736,8.102062065847349,14.9998112943631,24.52745347929158,36.89990561923878,51.83376176382808,68.5842474672263,86.19494734132968,103.78331258663638,120.70773190432556,136.59510966534617,151.28781047248413,164.76940570772967,177.10071228467132,188.3751968864453,198.6920982226875,208.14247318361413,216.8035302563403,224.7377392590679,231.9943544128837,238.61188336571104,244.620659885446,250.0450878662832,254.9053808852659,259.21877434313683,263.000271628398,266.2630258840654,269.0184710038648,271.2763102714507,0.20
GBR,Male,IschStroke,combo,9909.960983230829,55.82953981779974,467.8103963264712,55.82953981779974,145.73506076895137,152.40414338530718,161.55602401146643,173.92755231746196,189.46138025541225,207.66912257982403,227.6741181569905,248.44719973881547,269.0741029247165,288.9060535482786,307.5748840352553,324.93155425723126,340.9667447356169,355.7442225086652,369.3553764171793,381.89268914797503,393.4368496483276,404.0524612023328,413.7885300478647,422.6811699271075,430.7569444580131,438.03596756961633,444.534345938444,450.2658392506455,455.2427863099347,459.4764361199814,462.9768604669353,465.75262735820615,467.8103963264712,0.20
GBR,Female,IschStroke,glp1,6341.404578540027,80.07727575606987,243.3228279963223,80.07727575606987,196.163505430457,188.45346072082248,185.47729370659,185.5492646107741,187.32714388616296,190.0192954715312,193.14941578267823,196.4362161471945,199.72454626699985,202.9399413522042,206.05647987971315,209.07403036078176,212.00284534379892,214.85395546947257,217.6339696606301,220.34302051814663,222.9747712851749,225.5176095247225,227.9563664106317,230.27409823561905,232.4536361958235,234.4787468207105,236.33484858209704,238.009303103514,239.4913462809127,240.7717502871565,241.8423165686945,242.6952968846199,243.3228279963223,0.20
GBR,Female,IschStroke,diet,6770.129407936594,0.0,370.9435479876775,0.0,6.503872648387187,15.1231343992622,26.91616009380232,42.70505837754536,62.70621431381369,86.27801782002643,112.05003288036824,138.3915840082882,163.89725334228206,187.63726659164604,209.1631921194603,228.3871714170673,245.43975584716463,260.55616110361007,274.0013441092269,286.0275061727407,296.8539628058352,306.6607328648752,315.5897083645468,323.74945702586047,331.22128758794133,338.0652498800555,344.3253975993248,350.03404133011645,355.2149547605113,359.88562875055504,364.0587341898936,367.74297954470967,370.9435479876775,0.20
GBR,Female,IschStroke,combo,13025.757958311686,80.07727575606987,609.9251793217627,80.07727575606987,202.55904025369816,203.32613438501,211.9576357498336,227.5772124492687,249.05813920816945,274.9808141975991,303.52287547605374,332.79858823456743,361.26745746871165,387.93600241652894,412.3324383598374,434.36604352138966,454.1723517977007,471.9917174774855,488.09026006426575,502.7157721139265,516.0776922294353,528.3417997053039,539.6329419066351,550.0414443264344,559.6305692938404,568.4435493706733,576.5094707821954,583.8477498866923,590.4712259944208,596.388050728412,601.6026298427678,606.1158959929962,609.9251793217627,0.20
DEU,Male,IschStroke,glp1,9388.844787775652,99.08759992592604,339.2577778005543,99.08759992592604,255.7343922231994,265.66926813684404,273.12182562559246,279.3293416605265,284.6777488834996,289.52562555719487,294.1627180058531,298.78641783802595,303.5018374193496,308.335246981158,313.25306702344824,318.1814839368526,323.0240204807851,327.6759094722838,332.03501686975505,336.00952935796886,339.5228280386473,342.5160325196084,344.948692283564,346.7980653207924,348.05737725611107,348.7334055526553,348.8436852436207,348.4135853848784,347.4734590586704,346.0560246145178,344.19409262173576,341.9187126820325,339.2577778005543,0.20
DEU,Male,IschStroke,diet,9113.73194164628,0.0,515.926930087553,0.0,5.94960565762085,14.86201802791038,27.735110769634048,45.37906058011504,68.06021050566414,95.2665056962287,125.8127029070638,158.2329954469933,191.1837654150113,223.65404307953577,254.98285111906807,284.77996865718524,312.8313200063604,339.0253354171182,363.3064988976184,385.65030038670375,406.0517783018513,424.5213930388636,441.0841170471467,455.77937127396217,468.6606250232508,479.7942082316295,489.2573008852924,497.1352765370939,503.5186640186366,508.5000046126843,512.1708536633232,514.6191263551627,515.926930087553,0.20
DEU,Male,IschStroke,combo,18373.253638543105,99.08759992592604,848.3097200341399,99.08759992592604,261.5900963823624,280.29041746962685,300.4079799781248,323.9786212935287,351.6521642402622,383.2852524515511,418.0028642961588,454.5607158345592,491.7415827313598,528.576070718027,564.379000805573,598.6913049457835,631.2046281497605,661.7032811934587,690.0294500573873,716.0662194248471,739.731159503539,760.9748064488485,779.7804638556627,796.163429728018,810.1688745015745,821.8682679210506,831.3546144600732,838.736919494022,844.1343486057995,847.6705108176538,849.4682259015099,849.6450473729165,848.3097200341399,0.20
DEU,Female,IschStroke,glp1,10539.33033159634,122.92546495655915,383.418988036683,122.92546495655915,313.1225140001916,318.23970375956924,322.1783524059647,325.5704248166512,328.3782842030341,330.8059088998416,333.1408611345287,335.6452250025941,338.50310767259725,341.80648075638965,345.5629748567517,349.71382053902926,354.15454196812425,358.7543544567998,363.3724193661292,367.8704047367537,372.12147784216,376.0161587315997,379.4655614337753,382.4025471719469,384.7812704038661,386.5755427350669,387.7763838289175,388.3890759421265,388.4299897288183,387.9234026446975,386.8984870178683,385.3866025473035,383.418988036683,0.20
DEU,Female,IschStroke,diet,11734.519476926796,0.0,644.1369894032359,0.0,9.93550731776486,23.921475915434712,43.499815496506926,69.74769529570767,102.75972397660736,141.37435275501048,183.4736075531,226.70602880500883,269.14019420292607,309.5375200987073,347.29130092990454,382.22529915471387,414.39572153268455,443.9519022162676,471.0573775170415,495.8545569364869,518.4553854523438,538.9450637884256,557.390776637847,573.8509882935941,588.3831716160639,601.0491855012151,611.91824880282,621.0678213540632,628.5828528169368,634.553892175165,639.0745197879623,642.2385015932487,644.1369894032359,0.20
DEU,Female,IschStroke,combo,22116.89767088689,122.92546495655915,1019.5340991981392,122.92546495655915,322.90121108903986,341.7773068277638,364.9861071671439,394.222020053563,429.5438790691078,470.0157386362844,513.8424840602129,558.9714719678232,603.6834348850352,646.8477453009109,687.8712083615574,726.5184102507083,762.7377384725114,796.5436109181028,827.9548831800203,856.9724575898908,883.5789426332703,907.7480753843884,929.4565049655648,948.6940787988642,965.470999700734,979.8214963026004,991.8043174284612,1001.5006681309789,1009.0103058873136,1014.4465022485748,1017.9305016118668,1019.5860058099024,1019.5340991981392,0.20
GLB,Male,IschStroke,glp1,539565.8916239294,4374.660307069542,22840.32289803587,4374.660307069542,11636.988981590372,12240.153874251992,12808.737017359816,13382.085760690738,13956.70283472538,14528.64727407461,15094.329635346774,15650.634958073962,16195.010696364569,16725.476493872702,17240.560311169364,17739.189244920854,18220.56501685549,18684.046055619605,19129.04807061516,19554.96677122079,19961.121128033847,20346.713151704986,20710.79984823102,21052.27394869039,21369.85147112888,21662.065618134104,21927.267619230784,22163.635743408464,22369.193817118183,22541.840258038603,22679.387994608376,22779.614823744167,22840.32289803587,0.20
GLB,Male,IschStroke,diet,2237534.96106836,0.0,137171.22903612163,0.0,1224.046957926359,3038.3819502019323,5697.000925529981,9438.722922658082,14398.597030778416,20531.63614098588,27609.579347976018,35297.74632290937,43255.48928788444,51204.03541308548,58948.39602295402,66369.286060757,73404.02194856526,80027.53495946014,86237.56204859074,92044.39779827092,97464.29911444384,102515.45571452286,107215.63721324364,111580.88638198562,115624.8447920098,119358.45334169827,122789.87486456848,125924.55280162534,128765.36061259592,131312.81991251232,133565.37731869798,135519.73482580017,137171.22903612163,0.20
GLB,Male,IschStroke,combo,2760663.404161671,4374.660307069542,159109.1956811766,4374.660307069542,12849.532794142142,15249.612251778832,18452.098043186124,22733.16650835704,28223.51813115622,34875.15739300335,42458.84127323004,50640.19177672919,59079.2252099975,67497.59483886836,75700.31207856024,83567.7187539395,91036.50368773284,98080.81338555783,104697.498333212,110895.88642703788,116691.1883777082,122100.45839360075,127140.22726347296,131825.18105573812,136167.47401959682,140176.42017881013,143858.4127670969,147216.98738235654,150252.98516559275,152964.79511193605,155348.6659048223,157399.0816662046,159109.1956811766,0.20
GLB,Female,IschStroke,glp1,494592.5504210887,4610.929508831352,21253.58930888446,4610.929508831352,11939.573652126128,12041.566395238042,12249.477306880755,12546.508574520238,12900.46110597509,13292.298940831795,13709.518185452558,14143.035375366451,14585.868549225852,15032.53016647743,15478.686996452045,15920.920190163888,16356.530793437734,16783.375997734256,17199.732372481376,17604.183218916412,17995.525905890856,18372.69435039256,18734.692234894726,19080.533825398423,19409.190882582217,19719.545716911554,20010.35164081957,20280.202775694896,20527.515353963245,20750.52237501648,20947.282835127786,21115.70588540053,21253.58930888446,0.20
GLB,Female,IschStroke,diet,2351992.683064821,0.0,143392.09223397588,0.0,1572.4212572353426,3756.94904578547,6856.67386171408,11134.106103318043,16713.58902093093,23502.48617928429,31202.970831539016,39415.42842264706,47759.5821785205,55947.37490875647,63797.92212440958,71218.7853643056,78178.00760032423,84679.65645908518,90746.45626295824,96408.86409905786,101698.79618369044,106646.332542215,111278.17992006382,115617.10008092178,119681.82548508886,123487.19269061276,127044.35353117436,130361.00125676906,133441.5924185426,136287.56797619676,138897.58695637388,141267.7880693241,143392.09223397588,0.20
GLB,Female,IschStroke,combo,2830713.798279311,4610.929508831352,163785.78020316083,4610.929508831352,13497.217869808896,15763.387837701244,19043.47405828676,23581.01759295352,29467.54837165377,36592.89129702607,44649.976533846,53233.97249417566,61960.9192917631,70539.4251891016,78785.29729397455,86602.88224323746,93957.24614165864,100849.81216368033,107301.0174974366,113339.36376233865,118995.08985434704,124296.81122786738,129269.91461841762,133935.92005499965,138312.33476928808,142412.73130898876,146246.91185448505,149821.09795209346,153138.12837927323,156197.67018842278,158996.4572032434,161528.57151724957,163785.78020316083,0.20
CHN,Male,CKD,glp1,9569.814822697488,0.0,519.6759508387768,0.0,21.438049948454136,48.09657793465885,74.94388372587855,101.72526201538858,128.3384694035194,154.69568777528184,180.7070265825605,206.2766073854,231.30491024596267,255.6933775825601,279.3486841417762,302.18550524690363,324.1276413122687,345.10790670040296,365.0673591940431,383.9543768419098,401.7239125283813,418.3370661757072,433.7609625898622,447.9688298527035,460.9401375931048,472.6606636680372,483.12239493828383,492.32321692915866,500.2663955823082,506.9598936260009,512.4155900052137,516.6484823329811,519.6759508387768,0.20
CHN,Male,CKD,diet,14768.26028225862,0.0,937.5464340216276,0.0,5.904533783774241,15.210207558149705,29.37217916440568,49.86983789042279,77.74275568545272,113.14014745685564,155.20537142454123,202.3803801957401,252.8863759371161,305.0966110997979,357.70448749170464,409.73894608595583,460.5093562544498,509.5347341110464,556.4816975263966,601.1177561791992,643.2789689658093,682.8487596662162,719.7446030046121,753.9098892292386,785.3089684052975,813.9239826178527,839.7525775791873,862.805951863149,883.1069690361182,900.6882421673945,915.5902167807072,927.8593410764006,937.5464340216276,0.20
CHN,Male,CKD,combo,24228.193545836315,0.0,1450.8225387912826,0.0,27.295538198930444,63.17168305162341,104.05054701880726,151.1457902158436,205.3879619151849,266.83987502538366,334.5649779397645,406.92464616757934,482.0567597422778,558.2499728175462,634.1148932873621,708.6023822214775,780.9502544891002,850.6131342361332,917.2002532934276,980.4282597199636,1040.0884232331157,1096.0252072512958,1148.1229434416746,1196.297839445804,1240.49319982421,1280.6763497217034,1316.8362660809944,1348.981333386284,1377.136953901689,1401.342964389056,1421.6509529946052,1438.121644034196,1450.8225387912826,0.20
CHN,Female,CKD,glp1,9983.166488887728,0.0,565.35148372408,0.0,20.57217831433809,46.30205927747011,72.40824464058096,98.6623517471453,124.9884493919817,151.326400095626,177.60972805706842,203.7573757465143,229.67400802735932,255.2546481955651,280.3904044755618,304.9734026041551,328.90019291100907,352.0736515599274,374.403763587572,395.8077636935777,416.2100359292526,435.5420311746129,453.74231602813234,470.7567534724512,486.5387469704583,501.04945345684246,514.2578773268469,526.1407846761431,536.6824130749155,545.8739878187189,553.7130846657674,560.2028982440534,565.35148372408,0.20
CHN,Female,CKD,diet,15464.190744674415,0.0,1019.2724017807632,0.0,5.66605274991889,14.636793358702562,28.338904494798044,48.24405278498307,75.43259335146286,110.15957778350275,151.72747250851535,198.75326734108967,249.60861331342312,302.76835664219107,356.973912306843,411.2563759320328,464.8935881087528,517.3510761274229,568.2293000968348,617.2235100491234,664.0956771825877,708.6559156597505,750.75069031163,790.25557384282,827.070867881077,861.1188830702595,892.3420583672705,920.701398139412,946.1749319249212,968.7560677673172,988.4518252287816,1005.281006568228,1019.2724017807632,0.20
CHN,Female,CKD,combo,25338.08396166537,0.0,1578.1578139106423,0.0,26.193085675433394,60.80924528563628,100.4924524508824,146.47536280173517,199.7556530116708,260.5290971927898,328.04057788960927,400.8400249119004,477.2188035225263,555.5599757793971,634.5062533055461,712.9881081768835,790.1848177362845,865.4679515333119,938.3499370476638,1008.444449661154,1075.4385093251185,1139.073990975492,1199.1359873102192,1255.445811174155,1307.8569003664015,1356.25233693287,1400.543080386371,1440.6663367485453,1476.5837453775748,1508.279265780904,1535.7567900087306,1559.037597385919,1578.1578139106423,0.20
IND,Male,CKD,glp1,4129.172756050022,0.0,239.8244843125285,0.0,8.813797764203628,19.85628487822396,31.034453235392,42.20449237592402,53.29105075239204,64.23799266757851,75.00383518984017,85.55845718887576,95.88043155276682,105.95491663590656,115.77197680472456,125.32519763153688,134.6104888781847,143.6250064688793,152.36616118407983,160.83071038212802,169.0139473035524,176.9090109161334,184.50633990581264,191.79328996226832,198.7539264064108,205.36899633939905,211.616077055136,217.4698910246516,222.9027724834013,227.88526641884528,232.3868373904552,236.376662940791,239.8244843125285,0.20
IND,Male,CKD,diet,5055.54705500017,0.0,340.8664379426482,0.0,1.91210976162256,4.947267456460395,9.589411335691691,16.327954702122952,25.501178291320684,37.146722598496126,50.96792283744435,66.44245691745891,82.98786886435119,100.08672635175752,117.33981074785696,134.4668404111435,151.28384008798457,167.6761343616963,183.57511623475875,198.9407528876909,213.7492759360757,227.9848567075533,241.6341411554895,254.6827824567881,267.11336507795204,278.9043098117254,290.0294847174809,300.45833566741203,310.15640642393555,319.0861528359237,327.2079765603412,334.481415858987,340.8664379426482,0.20
IND,Male,CKD,combo,9162.696711044468,0.0,579.3549669278582,0.0,10.716371659334982,24.776157762215007,40.570095728500746,58.441709985549096,78.65278740423673,101.18537286313948,125.70352117475704,151.6579169122706,178.44781434776087,205.54348971768923,232.5375732241664,259.1444729368668,285.17672568091075,310.5170868300629,335.09444342982897,358.8655062591715,381.8017507116601,403.8804392944585,425.0786315530568,445.3693440545758,464.719269950816,483.0876542614424,500.4260481949896,516.6787476428144,531.7837715976057,545.6742664755002,558.280239640706,569.5305348225229,579.3549669278582,0.20
IND,Female,CKD,glp1,3713.6468636378704,0.0,212.5211382271664,0.0,8.32488934147841,18.658149744282127,29.001306719947024,39.23056169524352,49.29801564729132,59.17528963852237,68.84389096995437,78.29067961831606,87.50587121651188,96.48215314232948,105.21415028689808,113.69791856630764,121.93037470322452,129.9086702559871,137.62955076321668,145.0887447433197,152.2804206736619,159.19674093394133,165.8275329170574,172.16008985276858,178.1791073665372,183.8667562369956,189.202887028092,194.16535811127687,198.730474939046,202.8735252214974,206.56939186716045,209.7932232098392,212.5211382271664,0.20
IND,Female,CKD,diet,4544.43630523757,0.0,302.15760639414657,0.0,1.806043501346721,4.650214498899004,8.970614122910774,15.204303088365124,23.646387554428657,34.31608963289909,46.92977265162335,61.00313948278927,76.00285950177931,91.45917516389454,107.01216170492262,122.41058786904614,137.4902704827109,152.14908508650842,166.32581150491023,179.9844055421563,193.1030737778492,205.6669940087595,217.6636223867972,229.07978450829972,239.8999894896552,250.10558967968973,259.67453550077335,268.5815580165945,276.79866433196,284.29586309811566,291.0420565052773,297.00604615046177,302.15760639414657,0.20
IND,Female,CKD,combo,8239.86881625335,0.0,513.6195905104105,0.0,10.12192593848158,23.282796404841065,37.92235006143892,54.35218851338868,72.81871142378805,93.31343013613514,115.53629111076587,138.99266066865675,163.14215407713343,187.50986194413417,211.7319496356504,235.5541083138524,258.80950756430684,281.3933375497436,303.24113345355727,324.3125178152404,344.57978400708816,364.02020112639,382.6110084875109,400.3263144057855,417.1353476085642,433.0016865347861,447.8832131065865,461.7326160391531,474.4983173303772,486.1257243639993,496.558726276664,505.7413618449209,513.6195905104105,0.20
BRA,Male,CKD,glp1,7575.442069157587,0.0,449.5960607741508,0.0,14.478204206650844,32.710242716748326,51.44150764628648,70.50141835366594,89.79568719342569,109.23628232381452,128.74009339994882,148.2282676975774,167.62561848297992,186.860315444741,205.86384818222723,224.57116060272529,242.9208370452834,260.8552394534854,278.3205270848412,295.2665246839824,311.6464359789243,327.4164240362079,342.5350974049579,356.96295111892687,370.6618151935545,383.5943613273994,395.72371235386527,407.013189869569,417.4262245852224,426.9264423355853,435.47792719781137,443.0456524630281,449.5960607741508,0.20
BRA,Male,CKD,diet,3006.120177744102,0.0,207.745951111916,0.0,1.0371469717829314,2.685007123196556,5.208269530212419,8.87958220560904,13.89959021048344,20.318655614817544,28.015114277597604,36.74474315488988,46.22052034056469,56.17497291138716,66.38881811754254,76.6944501100952,86.96780725208373,97.11757886475245,107.07568018743768,116.79001886484912,126.21937694207008,135.32990787718154,144.09276698677422,152.48250763236865,160.47599035636813,168.05164146191964,175.18895941815572,181.86820737054225,188.07025416656688,193.776539817889,198.96914801483945,203.6309708502085,207.745951111916,0.20
BRA,Male,CKD,combo,10536.11263922639,0.0,654.5245129980758,0.0,15.498156365956676,35.3455545138313,56.55143582619712,79.21358472849897,103.43560446327685,129.18004468864092,156.24548060358575,184.3141724542984,213.0296619061155,242.05768968109624,271.1143627328347,299.9698040030489,328.44042626942974,356.3785212694929,383.6629581460438,410.1919681430445,435.87784430535976,460.6430892690041,484.4175789066212,507.1364307840922,528.7383823540149,549.1645693572136,568.357649430327,586.2612459580487,602.8197000253276,617.9781199892823,631.682713275186,643.881376778445,654.5245129980758,0.20
BRA,Female,CKD,glp1,6802.739172986185,0.0,408.878007253501,0.0,12.802969052845585,28.900179209915223,45.421367173788894,62.232488964902586,79.26687614405819,96.46218713484268,113.75801656368276,131.09441865427289,148.41098715454427,165.6466376667886,182.73997113734004,199.63000491903583,216.257057624418,232.5636123728036,248.49503343772085,264.0000612371805,279.03105450260045,293.5439840445397,307.49820916143653,320.8560856427139,333.58246426534606,345.64414177260915,357.00932384368207,367.6471528606489,377.5273436584466,386.6199590848992,394.89534511893,402.3242333286908,408.878007253501,0.20
BRA,Female,CKD,diet,2711.416829219743,0.0,189.33970583967312,0.0,0.917141407422605,2.3725835372824804,4.601476317133347,7.84719590192617,12.291086270372034,17.983046888111858,24.82143641599032,32.595707212851266,41.05610020938184,49.96840685389179,59.139302681418485,68.41966241650152,77.69771050176132,86.8898574979321,95.93265101496944,104.77671585293864,113.38250811611942,121.71742968822946,129.7538732866742,137.46787478165788,144.83815546512778,151.84541898113093,158.47182420865283,164.70059145810228,170.51572059837054,175.90181092514104,180.84397727531905,185.327857615659,189.33970583967312,0.20
BRA,Female,CKD,combo,9480.326679232676,0.0,596.2877350580311,0.0,13.704905214588509,31.22928424960264,49.937680574850674,69.93611184425754,91.3373463940261,114.12959944237082,138.15407294227407,163.14506476723545,188.79739449550107,214.82002945628847,240.96145643523772,267.0137888050922,292.8070108751381,318.2008959840714,343.0778507024552,367.3374780954182,390.8926625923923,413.6667385449255,435.5913529114114,456.60475408485945,476.6503525350563,495.6754824677555,513.630346808568,530.4671566137331,546.139487340195,560.6018741040025,573.8096606208273,585.7191052725102,596.2877350580311,0.20
CAN,Male,CKD,glp1,1482.304193648279,0.0,78.21464808514793,0.0,3.0719490255214623,7.023577639978612,11.145411640967724,15.37819433716686,19.67922405374429,24.00558957278281,28.31460733179665,32.56522084439439,36.71930954076652,40.74264128568848,44.60546316959062,48.28281268846331,51.75463406222934,55.00575737601048,58.02577006848514,60.80879185207323,63.35315661998629,65.66100542426557,67.73779947576077,69.5917681994315,71.2333126121066,72.67438761742233,73.92788793204363,75.00706144192918,75.92497125150112,76.69402402386095,77.32557788600843,77.82963858915446,78.21464808514793,0.20
CAN,Male,CKD,diet,422.7271632126476,0.0,26.38803870287484,0.0,0.1585469725623625,0.415316482793969,0.8126777387351467,1.3945635036334352,2.1931050475031952,3.2152938220497163,4.438829460675152,5.819902522384837,7.306413932753458,8.848716333112861,10.404961882357384,11.94226849757797,13.435844243671454,14.867531105106536,16.224431177226506,17.497805338093713,18.68223443507213,19.774976336877444,20.77545318582088,21.684820786535965,22.50559027656618,23.24128625408776,23.896134898258424,24.47478115476042,24.98203683548581,25.42266241423385,25.80118508544001,26.121754786396195,26.38803870287484,0.20
CAN,Male,CKD,combo,1899.6325891993465,0.0,104.3143377354172,0.0,3.227924185910524,7.431436494171976,11.943332210525114,16.747698482647138,21.83363743728478,27.16538112766375,32.67858711275221,38.28932782018092,43.90836410884913,49.45266001880464,54.85125194024749,60.04673077859479,64.9945180772711,69.66142880543612,74.02420302913015,78.06820566589704,81.78628907404982,85.1777576765744,88.24737939294482,91.00441188414425,93.46163467418774,95.63439530049344,97.53968795932816,99.19528764246024,100.6189629582259,101.82778808357034,102.83756975543928,103.66239976714404,104.3143377354172,0.20
CAN,Female,CKD,glp1,1596.5135843836597,0.0,87.46673653681955,0.0,3.183096378627852,7.188312781324385,11.325388896030743,15.570790757792563,19.907429178403618,24.310562517665858,28.74954148267807,33.19001697619569,37.59602084133712,41.93174117058879,46.16294435170676,50.25806617620492,54.18901769821696,57.93174931521117,61.466605623139,64.77849346955281,67.85687992135263,70.6956357281806,73.29274189451007,75.64988043354424,77.7719338068664,79.6664199961624,81.34289113763043,82.81232308683593,84.08652133049054,85.17756561194619,86.09731182318774,86.85696546145664,87.46673653681955,0.20
CAN,Female,CKD,diet,454.6690447082765,0.0,29.332986582936428,0.0,0.1642834207250416,0.4248389015137945,0.8243529215997114,1.407436023635455,2.2080108305617614,3.2364188228975763,4.4749898237687376,5.884865592793176,7.418122736132318,9.027798534581052,10.673038140447716,12.320426035517812,13.943440678698607,15.521356112155445,17.038187812234355,18.48185247975107,19.843532845229674,21.11718923690114,22.29916148342636,23.387820825689232,24.383247821659097,25.286924696305505,26.10143889704068,26.830199550270663,27.47717100836508,28.046628516181045,28.542940805730723,28.97038357152724,29.332986582936428,0.20
CAN,Female,CKD,combo,2045.6859645820089,0.0,116.50583514186656,0.0,3.3447149354660723,7.605542044649155,12.134839247906712,16.953095824362208,22.07680514063395,27.49168312504935,33.14999625927976,38.97941563128916,44.89698341330222,50.820745226272265,56.67625112942005,62.39897813829339,67.9346192761468,73.2385826411064,78.27532098100619,83.01768208712201,87.44628874107457,91.54890700411217,95.31976524650872,98.75880548780242,101.8708680333375,104.66482508042282,107.15268812574776,109.34871830655266,111.26856931969904,112.92849034623032,114.34461238079255,115.53233626655584,116.50583514186656,0.20
TUR,Male,CKD,glp1,4099.140076044749,0.0,244.20406470590387,0.0,8.215003899982548,18.42652045961222,28.70876376079468,39.014274995171945,49.35036226819466,59.7163994180828,70.09860043223853,80.47171023300507,90.8027928262236,101.05520979607172,111.19192034389744,121.17778551640184,130.9808660135459,140.57286166990525,149.9289052551212,159.02693048196306,167.84681017551338,176.36942302229363,184.5757670273997,192.44620071468307,199.95986191015612,207.09428935058168,213.8252539333953,220.12679320222372,225.97143350437184,231.33057807497244,236.1750351938317,240.4756578592096,244.20406470590387,0.20
TUR,Male,CKD,diet,522.2386852381424,0.0,35.89900001913338,0.0,0.1853136317586177,0.4773512864067015,0.9223629367988906,1.5691222647183167,2.4541156776685966,3.5868090036437934,4.945091964416861,6.4840012881104485,8.150437767404583,9.894949789078964,11.677315682951305,13.467356870380172,15.24346369147679,16.990526914010843,18.698045381876,20.35863398000584,21.96692370287201,23.518777017339744,25.010738674845925,26.43965826115891,27.8024383769116,29.09587629762973,30.316576774530404,31.46092013684756,32.525074016768485,33.50503961872164,34.39672504702685,35.1960391636494,35.89900001913338,0.20
TUR,Male,CKD,combo,4612.634331902336,0.0,279.572956018219,0.0,8.396559919772699,18.893181378292866,29.610292901192224,40.548364443598985,51.75066320431324,63.22612712591763,74.9396111646547,86.8220509244893,98.78862851519624,110.7542953242264,122.64256448396372,134.3886399726307,145.93929366139855,157.25129481785916,168.2893604943456,179.02406795026764,189.4299184091869,199.4836363192844,209.16274470252392,218.4444356762724,227.3047411448497,235.7179976417792,243.65659042824336,251.09095505368896,257.9898094677883,264.3205861117822,270.050030847302,275.14493379929627,279.572956018219,0.20
TUR,Female,CKD,glp1,4882.809280312285,0.0,298.678607236714,0.0,9.281095818843824,20.885895442075707,32.70898676558136,44.67117432839586,56.7459327292836,68.90583812511977,81.11976699482693,93.3531658289212,105.56929690991092,117.73075594973488,129.80086805828614,141.74475084798178,153.52995542913413,165.12667970694383,176.50760347066534,187.6474270500912,198.52220962462525,209.10860417507132,219.38307780258765,229.321192365358,238.89700402854945,248.0826235258428,256.8479630986112,265.1606820035704,272.9863304906539,280.2886822706496,287.03023756727634,293.17287266697895,298.678607236714,0.20
TUR,Female,CKD,diet,616.0119624576764,0.0,43.62310653401073,0.0,0.2093624779517995,0.5401770579410368,1.045129682534025,1.7789742768763972,2.782469112096805,4.066543027993248,5.607731800304464,7.357963604565157,9.260548209200351,11.262746026975949,13.321574195375431,15.404532882894271,17.4879660632796,19.554861593100213,21.592886020480364,23.59286598149265,25.547687600414065,27.45152032781334,29.29927489659167,31.0862267061857,32.80775738815282,34.45918354069727,36.03565252928456,37.532092052701046,38.943204159520974,40.2634965780926,41.48734530295769,42.609082828192186,43.62310653401073,0.20
TUR,Female,CKD,combo,5489.492391441998,0.0,341.74958859187973,0.0,9.486213045407569,21.41401093384593,33.73063451691996,46.410760497137744,59.46812160022637,72.88641818518408,86.61195460067393,100.56340278290736,114.64866734820316,128.7787238189194,142.8747362757531,156.86986845287538,170.7083473548264,184.34354051494304,197.73587770443555,210.8509088297615,223.65756789323493,236.126649477832,248.2294986743982,259.93692251989705,271.2183355251909,282.0411509066071,292.3704239536564,302.16874653124614,311.3963836117691,320.0116349672644,327.97139826650164,335.2319040604998,341.74958859187973,0.20
ZAF,Male,CKD,glp1,1775.321854143188,0.0,96.26599497355528,0.0,4.39410145572765,9.801426032046038,15.16337483146799,20.411492507367257,25.51519950017792,30.45493781631194,35.218247017091926,39.79801828783275,44.1917334038917,48.40090596093796,52.43035546344981,56.28724051100835,59.97992309555411,63.51678363003157,66.90510297722722,70.15010289870042,73.2542057722203,76.21654562764343,79.03273851838276,81.69490169542041,84.19189764459225,86.50977003560911,88.63233317922095,90.54187393997744,92.21992458787828,93.64806631918871,94.80872578551134,95.68593067516304,96.26599497355528,0.20
ZAF,Male,CKD,diet,29.43762360747678,0.0,1.851338183203552,0.0,0.0127600816413178,0.0327365046141494,0.0630862935850018,0.1068905657239156,0.1661435571186302,0.2407685134357962,0.3284360612615273,0.4253596972539526,0.5274636593803734,0.6312447623222397,0.734115950168416,0.8343779911083402,0.9310298059608612,1.0235533461291195,1.1117309413129988,1.19550876788162,1.274902148285037,1.349933722840433,1.4205959610389982,1.4868312519793108,1.5485245577892783,1.6055049676378983,1.6575534494822932,1.7044147539800178,1.74581187504009,1.7814617882686434,1.811091424515325,1.834453024517643,1.851338183203552,0.20
ZAF,Male,CKD,combo,1804.526087608732,0.0,98.1074650498922,0.0,4.406666688591031,9.83362450095683,15.225446014599584,20.51673624966861,25.67891011764096,30.69236326114697,35.54236017644871,40.2180664040352,44.71293867104214,49.02502007430485,53.156558288797896,57.11301516601634,60.90174667117935,64.53060705809185,68.00665112350725,71.33503980396927,74.51820599102757,77.555303941499,80.4419419843125,83.17018138542335,85.72877252320177,88.10359183456967,90.2782384765087,92.2347476397481,93.9543774254944,95.41842775155784,96.6090525920772,97.51003074342223,98.1074650498922,0.20
ZAF,Female,CKD,glp1,1553.7395011616009,0.0,79.51482577703064,0.0,4.6470189057217794,10.211577723219309,15.513444674892526,20.52475304843392,25.26166270858993,29.73429589171974,33.94774748535565,37.90636117238319,41.61667594642677,45.08868854761204,48.33585104699887,51.37427563198071,54.22152442058359,56.89525806160054,59.4119309954167,61.78565533919573,64.02730599116512,66.14390304307017,68.13828090824973,70.00903431346342,71.75071759228013,73.35426413749701,74.80758641130524,76.09631291810547,77.20461663613241,78.11608937898927,78.81461830086664,79.28522415331463,79.51482577703064,0.20
ZAF,Female,CKD,diet,25.63137991681469,0.0,1.5296864996435031,0.0,0.0134945315239747,0.034212400780234,0.065261125584584,0.1094363797492405,0.1683037948787387,0.2411711893018946,0.3250417797753471,0.4156238351115462,0.508642470873383,0.6007061445070576,0.6895590053718479,0.7739415354608354,0.853315501659381,0.9275989590205428,0.996961504642968,1.0616824366934452,1.1220590042885306,1.1783505903877085,1.2307476246696751,1.279357353516389,1.324201173534675,1.3652199710140849,1.4022849966931972,1.4352124593533515,1.463780412585038,1.4877467519581842,1.5068673097139254,1.5209131745214108,1.5296864996435031,0.20
ZAF,Female,CKD,combo,1579.2782853006263,0.0,81.04298351414582,0.0,4.660307373284013,10.245264645163845,15.577792551564926,20.63281341627589,25.428068317183715,29.973026597535863,34.26983508443118,38.3185855903248,42.12156274282461,45.685373409751264,49.02120319909591,52.1438889563633,55.0704385520894,57.81841725443883,60.40443939835132,62.84289061923846,65.14494087621097,67.31787045818055,69.36470732379348,71.28415813342872,73.07080416675126,74.71552545759187,76.20611109627316,77.52801030375667,78.66517735874913,79.60096367250662,80.31901221389126,80.8041130174297,81.04298351414582,0.20
MEX,Male,CKD,glp1,9149.670670197076,0.0,484.6504686905246,0.0,20.954898584706825,46.844114260842616,72.87975180997455,98.82633686201008,124.57002543157432,150.0108002551351,175.05742336698313,199.62465947023884,223.63122544740327,246.99846234176948,269.6496208578101,291.5096150423924,312.50510729935195,332.5648129905312,351.6199401761478,369.6047033361101,386.4568676360505,402.118293170126,416.5354580689673,429.6599467233609,441.4488954717162,451.8653932417146,460.8788387425375,468.4652586168159,474.6075922156597,479.2959482493607,482.5278365865452,484.3083752507154,484.6504686905246,0.20
MEX,Male,CKD,diet,2271.958034718882,0.0,141.62697708081396,0.0,0.9430439831849072,2.416138027154375,4.640742721465358,7.838461845058191,12.16093829357851,17.624326609155105,24.09556775279634,31.340374823499587,39.09481427866558,47.11888006575464,55.219356087189226,63.250757688918384,71.10673059558758,78.70976814140158,86.002525939919,92.94146260582784,99.49252736595372,105.62837215324544,111.32661016974453,116.56875941464386,121.33962037554738,125.62692203959888,129.42112996459036,132.71534996030823,135.50528664853482,137.78923225861945,139.5680706699859,140.8452871581394,141.62697708081396,0.20
MEX,Male,CKD,combo,11402.329940096695,0.0,625.8521229386388,0.0,21.88031841088377,49.210974308214645,77.42625894684898,106.50988039189542,136.49908774986395,167.31234613456036,198.73023578323773,230.4392697200965,262.09991947227536,293.3979808750228,324.0665297004307,353.8868166373286,382.68006575425534,410.29778274396085,436.6137249094754,461.5182034132376,484.91441150444007,506.7162418997541,526.8471064733167,545.239391387433,561.834294640088,576.5818811049321,589.4412525580265,600.3807720258483,609.3783083014496,616.4214818820619,621.5079010984409,624.6453793306791,625.8521229386388,0.20
MEX,Female,CKD,glp1,10378.3253213406,0.0,599.9587344927422,0.0,20.829149311077344,46.81312611932299,73.23916585462939,99.89886138778456,126.7030723767457,153.57111947534577,180.4247251940469,207.1852910628368,233.7723029366971,260.1026137740628,286.09039725017647,311.6475756250584,336.68454702310555,361.11106900178856,384.8371906617031,407.77415897556784,429.83525321466,450.93652327408927,470.9974237652423,489.9413470642903,507.69606628020847,524.1941042913895,539.3730481906823,553.1758299426292,565.5509938549949,576.4529695878446,585.8423659105756,593.6862954413009,599.9587344927422,0.20
MEX,Female,CKD,diet,2602.216509447506,0.0,175.39238660249976,0.0,0.9373848245195404,2.414495051842096,4.6625932520473725,7.919337553066725,12.358209092577454,18.020065029711983,24.79493582277792,32.46631936720223,40.78140530190285,49.50530127630918,58.44536508818419,67.4535474768054,76.41880562378356,85.25746193312807,93.90489994279052,102.30943049395864,110.42811932837505,118.22409428747778,125.664875248498,132.72137547401508,139.36732826105435,145.57897540559495,151.33491294870328,156.61602966657665,161.40549999634823,165.68880971120234,169.45380269127782,172.69074269527482,175.39238660249976,0.20
MEX,Female,CKD,combo,12949.84236537312,0.0,773.9509116357513,0.0,21.74901574026444,49.1779484676299,77.80533341791306,107.6571167596303,138.8160238671844,171.24353198591416,204.7555278810105,239.0626233544172,273.83725792301266,308.7662126161304,343.5745789762441,378.0286377762168,411.92925966785697,445.10340608902334,477.39696080591966,508.6696464463312,538.7917831162049,567.6423970275428,595.1082253457353,621.0832769756817,645.4687192787096,668.172946629471,689.1117476286017,708.2085284845889,725.3945756557878,740.6093553345709,753.8008537444985,764.9259627412757,773.9509116357513,0.20
AUS,Male,CKD,glp1,1094.1195888374868,0.0,62.12471004169856,0.0,2.102137705109272,4.817084627548866,7.668499923393938,10.617209340782663,13.632130531711027,16.68091977044378,19.73158981010647,22.75431509342161,25.722780160641832,28.614932074573066,31.41319836142065,34.104314324082225,36.67891175038221,39.13099345786213,41.45738020038971,43.65718158893105,45.7313160773756,47.682087407794825,49.51281480759189,51.227509680038565,52.83059062636494,54.32662985158822,55.72012622194961,57.0153027034421,58.215928140386495,59.32516505519016,60.34544623324564,61.27838327001973,62.12471004169856,0.20
AUS,Male,CKD,diet,100.88736305702196,0.0,6.737341147614643,0.0,0.035006556290682,0.09188942958599,0.1802883087934788,0.3102112132128241,0.4890479033319934,0.7185672636469462,0.9939752198292808,1.3056737218812486,1.6422628891177735,1.9929861845630512,2.348940952918383,2.7033198693707163,3.051171225536564,3.389018617467628,3.714500110397239,4.026077228320901,4.3228156235809365,4.604223699526301,4.870133676545265,5.120612297293519,5.355891819239332,5.576314918843309,5.782289387184392,5.9742501044484015,6.1526268820425685,6.3178174853010205,6.47016559689564,6.60994372424193,6.737341147614643,0.20
AUS,Male,CKD,combo,1193.548872997806,0.0,68.77613879347427,0.0,2.1365330012108643,4.907194149134739,7.845248272124536,10.921378001532505,14.111801674128856,17.38597146958682,20.707253255540763,24.03644461922977,27.33606305631201,30.573499139171872,33.722427577777125,36.76287721393919,39.68058916348491,42.46612144747996,45.11394395548723,47.62162512910436,49.98913750637894,52.218276237892496,54.312172768499295,56.27488393824024,58.111039212444666,59.82553286844632,61.42325238518061,62.90883831503561,64.2864742242773,65.55970771930697,66.73130509675411,67.8031428066297,68.77613879347427,0.20
AUS,Female,CKD,glp1,941.367855699993,0.0,55.5192746907378,0.0,1.6327888052464914,3.72270786252011,5.925535634998596,8.230679044710541,10.627981075493151,13.10100094831114,15.62873131276274,18.187691256831386,20.75384964479053,23.304149770638105,25.81757117079269,28.275765700786,30.663350462817107,32.96794917135958,35.180063553521904,37.2928392296094,39.301772865575,41.204392310733965,42.99992990152441,44.68900102131647,46.273294802796045,47.75528086777922,49.137934575879626,50.42448284404418,51.618172753228464,52.72206552631724,53.738858785904085,54.67074010896704,55.5192746907378,0.20
AUS,Female,CKD,diet,86.16837535633249,0.0,5.963243297995177,0.0,0.027190565624096,0.0709325597354109,0.1387674066377258,0.2387170413626336,0.3771258417141325,0.5563864922914945,0.774065397081813,1.0239700822071427,1.2981916081625968,1.5888523186749808,1.8890440467098413,2.193104785875221,2.496551866920072,2.7958991896357475,3.0884676442669843,3.3722251742483422,3.645660748509727,3.907686055498744,4.157557278123932,4.394810718769804,4.619207905537223,4.830687375590969,5.029321474800781,5.2152772991184975,5.388781425413072,5.550088413783669,5.699453261141571,5.837108080901089,5.963243297995177,0.20
AUS,Female,CKD,combo,1026.5891672159364,0.0,61.43289473212735,0.0,1.659504588085838,3.792280537223633,6.061633209745651,8.46488738716016,10.998173341488837,13.647470382453776,16.389450871311965,19.194607023594926,22.03117238764208,24.86836287239657,27.678364178962056,30.43724481412937,33.12518798499195,35.72635703930428,38.22858333976183,40.62297703205786,42.90351187057968,45.06660986345014,47.11073849737659,49.03602657082956,50.84390127445658,52.53674769413192,54.11759160640122,55.58980679550132,56.9568487859915,58.22201757927997,59.38825249965885,60.45796245584097,61.43289473212735,0.20
NZL,Male,CKD,glp1,223.71921900706627,0.0,12.208775197269349,0.0,0.5080448387702745,1.1415223449597534,1.783397783446162,2.42644727599577,3.066109213213622,3.697993514610744,4.318047469810153,4.9227205953370685,5.50904131278287,6.074620143041216,6.6176073493820695,7.136629437098691,7.630721143066353,8.099262177400192,8.541922482374616,8.958616275591226,9.349463280051625,9.714754844180902,10.05492270124114,10.37050858696864,10.662133597004186,10.930466867341352,11.176193802283478,11.39998459508331,11.60246415387087,11.784184747367249,11.945602724349328,12.08706055317407,12.208775197269349,0.20
NZL,Male,CKD,diet,33.416913597325674,0.0,2.153536614297764,0.0,0.0137262576159855,0.0353450946422526,0.0681387531660675,0.1153980207222957,0.1793504493992941,0.2601667718851104,0.3557554282538149,0.4624952068933226,0.5763304016745678,0.6935965712096959,0.8113797318842444,0.9275385562045813,1.040576374625516,1.1494832158824693,1.2535991393521044,1.352511142035269,1.4459801715489675,1.5338907203893086,1.61621593788675,1.692992874966194,1.7643041445944618,1.830263597595604,1.8910045596525151,1.9466698204369093,1.9974029874299504,2.043341078085064,2.084608371082936,2.121311603912659,2.153536614297764,0.20
NZL,Male,CKD,combo,256.59191523660786,0.0,14.330781898532678,0.0,0.5215182048731322,1.1761426009264824,1.8501155194143168,2.539449964334949,3.2417826475605125,3.9529091339619526,4.666743993389787,5.376199643887048,6.074334664519711,6.755166957073129,7.413985211194927,8.047308983289895,8.65269663135416,9.22852816379998,9.773817111281003,10.288063850510524,10.771145475827325,11.22323260574899,11.644723985658516,12.036191846979024,12.398333271577483,12.73192479750253,13.037779068388886,13.316703480840944,13.569461564568089,13.796738288019467,13.999110666224738,14.177025005367682,14.330781898532678,0.20
NZL,Female,CKD,glp1,174.4309395528104,0.0,9.623603712234283,0.0,0.3816089767221911,0.8551466741398599,1.3351260602446473,1.8178810252486528,2.3012180914013243,2.7825997332674888,3.259331960800409,3.728764092326628,4.188422754055182,4.636083873642633,5.06980059836178,5.487904927873387,5.888996279753428,6.271925183336975,6.635776277675745,6.979852079617444,7.303657430089515,7.606883824407305,7.889392695448919,8.151196913365425,8.392440123332221,8.613373949839911,8.814333479539187,8.995711750881583,9.157934203714603,9.301434165338948,9.426630471114322,9.5339082450364,9.623603712234283,0.20
NZL,Female,CKD,diet,25.84100811328404,0.0,1.68436070677717,0.0,0.0103102378437824,0.0264564397895128,0.0508707504865242,0.0860101178202512,0.1335845481564774,0.1938362565030047,0.2653779368963569,0.3456997743927559,0.4319386105208878,0.5214621731645366,0.6121282912338302,0.7023090865149015,0.7908101881077982,0.8767683822089793,0.9595630641790648,1.0387498901441177,1.1140142222261602,1.1851392344756275,1.2519839043255845,1.3144672836638165,1.3725565891502356,1.4262575482475768,1.475606077656039,1.5206608050959858,1.5614962280266127,1.5981964773866366,1.6308497523582446,1.6595435359315616,1.68436070677717,0.20
NZL,Female,CKD,combo,199.92853004927983,0.0,11.290028536422485,0.0,0.3917292595382378,0.8810650714043504,1.3849532816468582,1.9021498388885905,2.432155007401548,2.972688760662436,3.5197153149217684,4.068136038323246,4.612676045741637,5.148529732488782,5.671644576741869,6.1787482178338,6.667259130464572,7.135170857076446,7.580948761152172,8.00344911271543,8.401858134082772,8.775645226564166,9.124524791184058,9.448422385112622,9.74744242972099,10.021835969273184,10.271967989280256,10.498284545400566,10.70128045617173,10.881468607852298,11.039352037789968,11.175399933423025,11.290028536422485,0.20
ROU,Male,CKD,glp1,419.7001143103578,0.0,19.50149609766981,0.0,1.32703219094401,2.914802880790376,4.448939643975791,5.91376559702303,7.303263434398104,8.6132389521797,9.840750142336448,10.984039522545345,12.042603656800566,13.01722767289084,13.909904892757822,14.72363385110748,15.462127664135096,16.129486691839702,16.72988298037808,17.267292710473157,17.74529753130878,18.166961489370124,18.53477939359186,18.850685486861263,19.11610788883354,19.33205365955792,19.49921061210125,19.61805435443944,19.688951812195683,19.71225521243946,19.68838291047814,19.617885376934964,19.50149609766981,0.20
ROU,Male,CKD,diet,359.23454754621434,0.0,20.08762027635976,0.0,0.2099517808042037,0.5289008614827253,0.9980321525913496,1.6551467719230004,2.519871992468097,3.5815372603979085,4.799231364295565,6.114610210874844,7.4682269505597105,8.810619185814858,10.106156682328674,11.33209596956317,12.47573030386252,13.531366465040264,14.497817609448248,15.376547594663862,16.170389498237455,16.88271018681371,17.516901143321093,18.076099135537103,18.56306339119056,18.980154897589728,19.3293781812522,19.61245722724425,19.83092583898383,19.986219301460324,20.079759120377275,20.113026191728068,20.08762027635976,0.20
ROU,Male,CKD,combo,774.0129617945456,0.0,39.345441524591706,0.0,1.533699633652759,3.434518095893509,5.429398571031015,7.5399893987141695,9.77975820914321,12.134222594145967,14.560378270434285,16.999179758562832,19.39165712423187,21.68987259320193,23.86065497442292,25.88449523451004,27.7524730097839,29.462967718946857,31.01888253222978,32.425552728073626,33.6892850404256,34.81640993365295,35.81272569345242,36.6832289369022,37.43204521302687,38.06249122319559,38.57721584655201,38.97838054848808,39.26785097479228,39.44738069565256,39.51877529007538,39.48403042675932,39.345441524591706,0.20
ROU,Female,CKD,glp1,428.7253187216527,0.0,20.34958567910121,0.0,1.318256043767633,2.9021398884499376,4.439258660604992,5.912249414643611,7.314505437162097,8.641889285586103,9.89154508588581,11.061442758049225,12.150323775380455,13.157813734450883,14.0845342792245,14.932127147668323,15.70316732309584,16.4009824158054,17.029414012541565,17.59255998657204,18.09453097801429,18.5392444638735,18.9302694513508,19.27072581228936,19.56323550576189,19.80991855957359,20.01242443102865,20.171988781075925,20.289506268945388,20.365611246392973,20.40075982836084,20.395308466995857,20.34958567910121,0.20
ROU,Female,CKD,diet,364.3527268206615,0.0,20.848888278573213,0.0,0.2085632932146381,0.5262783005202891,0.9936313502041684,1.6475766834980732,2.507322311104872,3.56274339985589,4.774521186421225,6.08642384971904,7.440855797943186,8.789394141416778,10.096511405994988,11.33883418687128,12.502637341516447,13.581157744518803,14.572340525901382,15.477131118489524,16.298244532383933,17.039305990367666,17.704268684159842,18.29703560926509,18.82123089443462,19.280079694409096,19.676365465176104,20.012440568179272,20.290271607140312,20.51150526245692,20.67754395909651,20.7896236378283,20.848888278573213,0.20
ROU,Female,CKD,combo,788.0293440671549,0.0,40.94080216545285,0.0,1.5235567194104078,3.41926976139257,5.415353883386842,7.530926657383588,9.778440912417182,12.14399819372852,14.586246598996697,17.047957958905954,19.47125057262042,21.80807651860482,24.02401930987321,26.09761272085757,28.017807501172,29.78116054341104,31.389386331055903,32.84742256239565,34.16197687500244,35.34047483261611,36.3903301536177,37.31846982485854,38.13105799989808,38.83337152961826,39.42978722873772,39.9238473377452,40.31837552794468,40.61562132100562,40.81741587939882,40.925326645646464,40.94080216545285,0.20
BGR,Male,CKD,glp1,231.668371774194,0.0,10.089569638494936,0.0,0.8004605057151366,1.759154584516864,2.6819562929727,3.5567649749636985,4.378037870956632,5.141669017286404,5.844867674547004,6.486331548546332,7.066280227654261,7.586294849162186,8.04902912697844,8.457871999077952,8.816621542474422,9.1292045161058,9.399456176104422,9.630962266062625,9.826957904411302,9.990274671465954,10.123326099727135,10.228122008432932,10.306303072387776,10.359188291650298,10.38782939962357,10.39306757217355,10.375588998266837,10.335976900995774,10.27475844159312,10.19244560184586,10.089569638494936,0.20
BGR,Male,CKD,diet,194.28305148240827,0.0,10.291333206580362,0.0,0.1251838903572206,0.3156270631429834,0.5952703090461,0.985453801619542,1.4959345095248864,2.117699960878099,2.8235326072797307,3.576406437418882,4.339754494604449,5.084162439007741,5.78940581580423,6.44351307973443,7.040737452359281,7.579531500052099,8.060932090898177,8.487407621777265,8.862090296134284,9.188293027213264,9.46922441139668,9.70783660776101,9.906759881536686,10.06829190055396,10.194420074969116,10.286862313435565,10.34711644933384,10.376511952220651,10.376259856383626,10.34749843138411,10.291333206580362,0.20
BGR,Male,CKD,combo,423.24096398641313,0.0,20.25321792759132,0.0,0.9236722856885536,2.0692562569392976,3.266656241045439,4.524845665894191,5.847985334434952,7.223229125197804,8.621121014658684,10.00399570816171,11.33610243072485,12.59004042588299,13.748494083084095,14.802992184243749,15.751599219078344,16.596649297984186,17.342939888331102,17.996439914921893,18.563432168927307,19.04998330660851,19.461646954672005,19.80332651489061,20.07924369494981,20.29297408958677,20.44752249676572,20.54541892109148,20.588822203013024,20.579622542939205,20.51953731234221,20.41019677676332,20.25321792759132,0.20
BGR,Female,CKD,glp1,190.6706501326016,0.0,8.383217512581155,0.0,0.6421862968602454,1.4111417352060016,2.1534159162526976,2.8615939662530536,3.532440830046994,4.1626009940919175,4.748771694579773,5.288273637790098,5.779482844725749,6.2219995670988055,6.616594814317523,6.965019329806864,7.269751949035026,7.533741328650308,7.760172879823585,7.952276170886989,8.11317726216339,8.245794119365314,8.352770000142414,8.436438385716087,8.498812843840483,8.541595647607323,8.566199719660972,8.573779332715958,8.565265863163859,8.541405701562098,8.502798138316848,8.44993165034009,8.383217512581155,0.20
BGR,Female,CKD,diet,158.42730365858836,0.0,8.47795707842829,0.0,0.1004314121696552,0.2531141685503826,0.4773902021837557,0.7908756407226747,1.2021915239747614,1.704961139902025,2.27791267269572,2.891362120745044,3.515438978620523,4.125645553025947,4.704743054309802,5.242207147245722,5.732726743106468,6.174631315056672,6.568595843492858,6.9166858486801175,7.221695774262343,7.486710098398817,7.714823863781703,7.90897395718423,8.071846013713184,8.205832245331976,8.313022962101286,8.395219762426109,8.45396198275239,8.490560523292515,8.50613495337268,8.501651079060707,8.47795707842829,0.20
BGR,Female,CKD,combo,346.6971597827884,0.0,16.74270582329075,0.0,0.7410355419453936,1.659801989887001,2.622236431343026,3.638290419420059,4.713266008142227,5.837616906241465,6.987200900113294,8.13020235090778,9.235641703902274,10.279014243974984,11.244101963769252,12.122258539797258,12.910690201273155,13.6106564207538,14.225966166390547,14.761847245434524,15.22414795095142,15.61880020860633,15.95147718541989,16.227391270693033,16.451191390225063,16.626929251392653,16.758072173125356,16.84754611675146,16.897796941151682,16.91086118960186,16.888440183807802,16.83197306447505,16.74270582329075,0.20
ISR,Male,CKD,glp1,572.6765160577163,0.0,34.274959777363165,0.0,1.0491701647213176,2.4041706666298523,3.833351146191262,5.317850153440077,6.841703547202769,8.388005305739853,9.94000459831841,11.482133493675292,13.000793866898904,14.484866919730848,15.925948032819631,17.318338444579695,18.65884294088073,19.946429917646583,21.18180907023725,22.36697533045572,23.504758084166497,24.598404200850386,25.651213418976567,26.6662360249984,27.646035952479,28.592517490865703,29.506810586168285,30.38920796186904,31.239146652192176,32.05522668025242,32.83526022098022,33.57634540738627,34.274959777363165,0.20
ISR,Male,CKD,diet,125.89718824300644,0.0,8.848359873918525,0.0,0.0413577763533794,0.1084099721588245,0.2123660129723248,0.3648759192569741,0.5746819840874196,0.8442665055792986,1.168771723230293,1.5378800154328474,1.939067113978581,2.3602903727246485,2.791383038293361,3.2244220040549862,3.653566335992764,4.074712139853091,4.485128458524741,4.883131933025197,5.26781190457541,5.638802666662286,5.996096713650331,6.339893458647111,6.670478939809527,6.988132744226732,7.293058760474196,7.585336590419047,7.864890639013993,8.131474120804796,8.384665484176821,8.623875041108931,8.848359873918525,0.20
ISR,Male,CKD,combo,696.9604128221349,0.0,43.028916262999246,0.0,1.0897903613281414,2.510448822221633,4.041508163652452,5.675596848165014,7.405408339974429,9.216566810838458,11.087643925279508,12.993012188509285,14.906815161785287,16.80611662166666,18.672510936187336,20.49248400768238,22.25705972120204,23.961126823805444,25.60266323969517,27.181963389913108,28.70091928060083,30.16238088444152,31.56960850514497,32.92582179562987,34.23384429388989,35.495838079399164,36.71312029987985,37.8860517598032,39.01398729204266,40.09527797426608,41.12731610313404,42.10661492899726,43.028916262999246,0.20
ISR,Female,CKD,glp1,530.6161617538432,0.0,31.6995468931741,0.0,0.8898366792871002,2.048511161143552,3.2903359466502025,4.604533221606744,5.97996800719784,7.402209665119699,8.854749692153973,10.320331055236238,11.782188306429362,13.22507195231242,14.635980949909026,16.00458317660832,17.32334771519436,18.587439856587253,19.794441444572385,20.94395951687875,22.037179314924742,23.07640714676017,24.064636870138656,25.005162606773865,25.901250674529365,26.755876064326458,27.57152315641406,28.35004659697688,29.09258604316892,29.79952748320602,30.470503699773417,31.10442685678936,31.6995468931741,0.20
ISR,Female,CKD,diet,115.50564847456916,0.0,8.136766563173296,0.0,0.0350769280432814,0.0922675378635631,0.1815500515388066,0.3134875814610041,0.4964283760461967,0.7335869809539872,1.0219249790727645,1.3534902679243714,1.7179860823719082,2.104992713993852,2.505211376292209,2.9109057554567244,3.3159140777490848,3.715493418942742,4.106120714252029,4.485294857124245,4.851351261639138,5.203290599188222,5.540622164792239,5.863222915129427,6.171213529058605,6.464852553890978,6.744449040226755,7.010293313256625,7.262604869047209,7.5014959100426495,7.726948759906463,7.938805296130795,8.136766563173296,0.20
ISR,Female,CKD,combo,644.883322078939,0.0,39.77065143117807,0.0,0.9242880410165526,2.138974942290361,3.468329447663564,4.912004681705184,6.467147066700591,8.122586018279435,9.858931833377936,11.651199029080315,13.47255765128648,15.297538657519226,17.10399358518316,18.87395624974488,20.59379408987661,22.25395633094945,23.848503739951862,25.374526623576457,26.83151843634096,28.22075228113181,29.544694635821088,30.806480066606586,32.009461371784255,33.15684165503444,34.25138853723956,35.295226186112814,36.28969796480124,37.23529101487475,38.13161366408304,38.97741684572839,39.77065143117807,0.20
NGA,Male,CKD,glp1,3613.21595271317,0.0,207.58165224804543,0.0,7.948102445545373,17.658207763506653,27.280704482167494,36.754842411992286,46.0852424315417,55.28176212267135,64.35485850545592,73.31394983486462,82.16594309797074,90.91389256150067,99.55601405286508,108.08514381186616,116.48859516601442,124.7483020033178,132.84113171042918,140.73927586771606,148.4106642711995,155.81938426997658,162.92611626348298,169.68861455324804,176.0622700251988,182.0007883591752,187.4570066751112,192.383855410204,196.7354536970597,200.46830836920708,203.5425713181612,205.9232989836746,207.58165224804543,0.20
NGA,Male,CKD,combo,3613.21595271317,0.0,207.58165224804543,0.0,7.948102445545373,17.658207763506653,27.280704482167494,36.754842411992286,46.0852424315417,55.28176212267135,64.35485850545592,73.31394983486462,82.16594309797074,90.91389256150067,99.55601405286508,108.08514381186616,116.48859516601442,124.7483020033178,132.84113171042918,140.73927586771606,148.4106642711995,155.81938426997658,162.92611626348298,169.68861455324804,176.0622700251988,182.0007883591752,187.4570066751112,192.383855410204,196.7354536970597,200.46830836920708,203.5425713181612,205.9232989836746,207.58165224804543,0.20
NGA,Female,CKD,glp1,2226.541467266712,0.0,125.0648869880206,0.0,4.746500164126701,10.762515742631876,16.83412308334664,22.92194649764133,28.99172575494231,35.008051912504015,40.94015943807426,46.76308893079113,52.45729057300923,58.007849293095205,63.40366627158801,68.63665794554981,73.70096421260678,78.5921527337523,83.30641823874248,87.83978992871562,92.18737257383692,96.3426565083355,100.29693750184016,104.03888851431476,107.5543210630749,110.8261644661543,113.83467749209376,116.55789051200918,118.97225905943196,121.05349374019715,122.77751841257486,124.12149971371036,125.0648869880206,0.20
NGA,Female,CKD,combo,2226.541467266712,0.0,125.0648869880206,0.0,4.746500164126701,10.762515742631876,16.83412308334664,22.92194649764133,28.99172575494231,35.008051912504015,40.94015943807426,46.76308893079113,52.45729057300923,58.007849293095205,63.40366627158801,68.63665794554981,73.70096421260678,78.5921527337523,83.30641823874248,87.83978992871562,92.18737257383692,96.3426565083355,100.29693750184016,104.03888851431476,107.5543210630749,110.8261644661543,113.83467749209376,116.55789051200918,118.97225905943196,121.05349374019715,122.77751841257486,124.12149971371036,125.0648869880206,0.20
EGY,Male,CKD,glp1,7472.121186747558,0.0,445.5033366056814,0.0,14.91724412575786,33.52265626336157,52.389363128848345,71.39621381981851,90.48929854632296,109.60228446919427,128.66104717566122,147.59166198406092,166.3271730683955,184.8117811762786,203.00231658864504,220.86746571115145,238.3854122827579,255.54053554073835,272.31970762957644,288.7086163892309,304.6884325144383,320.2330477669384,335.30703237826674,349.86439270750634,363.84815295037697,377.1907363841237,389.8150819095572,401.6364003254057,412.56445162081945,422.5062092888402,431.3687698183203,439.0623645774831,445.5033366056814,0.20
EGY,Male,CKD,diet,1066.106231507536,0.0,73.23219175302074,0.0,0.3741801137839502,0.9659014091448626,1.873339346384455,3.198952859573182,5.018562918132375,7.350190256896894,10.144520841997291,13.303961866949976,16.71473868760586,20.27262089364376,23.894989281121525,27.52227033266536,31.114202445223786,34.64474211675042,38.09739045709648,41.461487341810425,44.729478796252806,47.89499289598825,50.95154303437812,53.8917086983929,56.706680793668056,59.38608808815843,61.91804177133236,64.2893482361178,66.48584833100176,68.4928464756158,70.2955966065274,71.87981485830096,73.23219175302074,0.20
EGY,Male,CKD,combo,8517.775619841483,0.0,517.4616475342264,0.0,15.283430805509852,34.46561140309859,54.21752730364096,74.51847310781523,95.3890717441027,116.78116178332856,138.5729769561476,160.5956216606719,182.671140504026,204.64186177096417,226.3837211451392,247.8069536319272,268.85013583830005,289.4719389631464,309.64287754514226,329.33801909794784,348.530982538603,367.1892935976175,385.271070009152,402.7229722539814,419.47933408430254,435.4623673844071,450.583316010634,464.7444146226153,477.841493225922,489.7670578038888,500.413672983108,509.6774745321163,517.4616475342264,0.20
EGY,Female,CKD,glp1,8323.77713425556,0.0,503.3451008487391,0.0,17.454823574960756,38.51441672664805,59.3775468366257,80.09218910704658,100.72596208903268,121.2953553107036,141.78512574793422,162.16549050737376,182.40387469173947,202.47147756802224,222.34572611275507,242.0098212813464,261.45043866792184,280.65442794745104,299.60515271177064,318.27894748189647,336.6420386366808,354.6481710794469,372.2370945185103,389.3339874264893,405.84983092031325,421.6826884002585,436.7197999291966,450.8403633092021,463.9188468090142,475.8286614889949,486.4460137723727,495.6537607531136,503.3451008487391,0.20
EGY,Female,CKD,diet,1188.683382741463,0.0,82.81200840263045,0.0,0.4378320698087918,1.1090903318072378,2.119379954707256,3.5775976575787354,5.5634701090275485,8.095584783641243,11.122601875675173,14.544030192544597,18.24372406776092,22.116057479528536,26.07773180296499,30.06872142717112,34.048110489431565,37.98871141440031,41.872230149267125,45.68548836861737,49.417678557758336,53.05846935293448,56.59677052336701,60.02000266958203,63.31375515149557,66.46174521634384,69.44601093776873,72.24728274461086,74.84548567994352,77.22032923588267,79.35194515676994,81.22153693844302,82.81200840263045,0.20
EGY,Female,CKD,combo,9490.40739123206,0.0,584.7831573344811,0.0,17.883302443893626,39.59725945004902,61.44614761705088,83.5847515169553,106.1591187810809,129.20453849375917,152.65619506349685,176.38651912224304,200.2496109484673,224.1134123333868,247.8737673269061,271.4549613517629,294.80340492989126,317.8791065828409,340.6473052552683,363.0712424121157,385.1064007134773,406.696275197588,427.76964630909424,448.2392826389587,468.0019726508326,486.9397568373679,504.9222039330925,521.8095495507005,537.4564956852992,551.7164570151363,564.4460359944569,575.5095137424069,584.7831573344811,0.20
BGD,Male,CKD,glp1,1244.045965126645,0.0,68.1613244274813,0.0,2.8738358842601883,6.415931398623798,9.956865847156225,13.464114977630745,16.924980929970843,20.32990105228964,23.670575204158013,26.93894150687811,30.12677126888775,33.2257274715339,36.22766824056816,39.1250020651878,41.91096676483357,44.57977227057563,47.126600066763785,49.54748481464412,51.83911854276448,53.99861982125003,56.023304688493226,57.91048693651828,59.657325552507245,61.26072833224316,62.71731368690234,64.02342760813917,65.17520943845011,66.16869816566759,66.99997004426405,67.66529811800137,68.1613244274813,0.20
BGD,Male,CKD,diet,1341.9363746990512,0.0,86.02619670458807,0.0,0.5540166679784306,1.4194343069229944,2.7271042212487373,4.608583644077953,7.154020758551269,10.37241833191365,14.182795373955742,18.44280577582504,22.99220868683369,27.685905435602763,32.40845903554691,37.075125647164896,41.62679494624536,46.02362358849496,50.239419363257184,54.25729822217545,58.06651928636347,61.66024264939915,65.0339666146283,68.18445661036094,71.10903159941518,73.80511406365986,76.2699771468724,78.50064062750243,80.4938792273606,82.24631463224796,83.75456799524545,85.01545353561232,86.02619670458807,0.20
BGD,Male,CKD,combo,2578.4849148777976,0.0,153.76284725068035,0.0,3.4243179171298834,7.825288999703844,12.664309088168013,18.039674151339568,24.028426414268324,30.63019439322852,37.75648323257337,45.258018440858,52.96749137680672,60.73243824242127,68.42998847749732,75.96826984038125,83.28168238361468,90.32473213682896,97.0664620257994,103.48602548452982,109.56934991282468,115.30667968290436,120.69079430152487,125.71574328421411,130.3759826213427,134.6658288637227,138.5791671226143,142.10936213642344,145.24932994615665,147.9917335680875,150.32927045852557,152.25502312362732,153.76284725068035,0.20
BGD,Female,CKD,glp1,702.6981167391086,0.0,40.35685644929436,0.0,1.543173588655918,3.4326257674356384,5.313903831328389,7.177141524214676,9.021947736627226,10.848020561210433,12.65419995076627,14.438266006961385,16.197133239550567,17.927198320836396,19.62467014788308,21.2857987159623,22.90698522169805,24.48479250971832,26.01588876688401,27.49695731410248,28.924598850680923,30.295244336924952,31.605089362190483,32.85005529708724,34.02577883112281,35.12762928914526,36.15075191519463,37.09013466556644,37.9406956353705,38.69738785765003,39.35531778160112,39.90987326344475,40.35685644929436,0.20
BGD,Female,CKD,diet,763.4846761693761,0.0,50.897868798483614,0.0,0.2974922452531245,0.7596061092008313,1.456728822436162,2.4607461710165808,3.822812960825104,5.551887175507545,7.60924895104381,9.92297655420316,12.410744233735386,14.997460264272377,17.6231852185756,20.24381208023988,22.82839656269244,25.35572209985912,27.8112499140334,30.184770765758003,32.468723907461026,34.657046572374384,36.7444147305996,38.72576290819416,40.59600073309048,42.34986841218597,43.98189137727968,45.486406800517216,46.85764289254803,48.08983704187631,49.177381878898814,50.11498998721436,50.897868798483614,0.20
BGD,Female,CKD,combo,1461.936612018466,0.0,91.00429106915726,0.0,1.8387678286790103,4.18685468143849,6.760183569585934,9.62036984376391,12.81793617824951,16.36160571505843,20.211881117481425,24.29519227215405,28.52672155495202,32.828274479974425,37.136487233241496,41.40374476601392,45.59565026871133,49.68763137780297,53.66185911994398,57.50482765287052,61.20558758229527,64.75451581451671,68.14249484620268,71.3603956179777,74.39878394934021,77.24779268427483,79.89711834582886,82.33611280377045,84.55394818093191,86.53983793498082,88.28329961261079,89.77444591665699,91.00429106915726,0.20
USA,Male,CKD,glp1,24231.94034127832,0.0,1211.1266939917405,0.0,59.99907799044741,134.77488979839836,210.56884389308107,286.4207557547488,361.6397818189144,435.5416336403432,507.479141132746,576.8704162665381,643.217049698258,706.1132694546395,765.2481859419058,820.403210956807,871.446267196894,918.3238985626958,961.0520103142916,999.7057359117608,1034.4088101861707,1065.3227797254076,1092.6363622323406,1116.5552520238707,1137.2926461382883,1155.060730852143,1170.0633230082312,1182.4898079120758,1192.510459644327,1200.2731739958544,1205.9015916379285,1209.4945415974653,1211.1266939917405,0.20
USA,Male,CKD,diet,4312.51954664012,0.0,257.3507030603941,0.0,1.948886822414352,5.015639931822079,9.66450665931916,16.354093229747377,25.385049108837848,36.75915233847627,50.15132726552838,65.01544963962806,80.74181210971437,96.77663048781687,112.67563036928186,128.1097685896093,142.84913996430987,156.74182109734102,169.69483721678262,181.65908002614745,192.6178643252352,202.5782694816444,211.564472321028,219.61248937359773,226.76594561047384,233.0726327674201,238.5817149196664,243.3414948992868,247.3976851342013,250.7921402786305,253.5620133383636,255.73929627340112,257.3507030603941,0.20
USA,Male,CKD,combo,28489.88810141305,0.0,1465.9599116974132,0.0,61.91189787673648,139.68822460887895,220.0350040876656,302.44459925698175,386.5246978155046,471.5970114911179,556.6993821626675,640.7168115317181,722.5537400604953,801.2605855185684,876.0889630162128,946.4951461257588,1012.1188349719596,1072.7547597290104,1128.3249163782311,1178.85374711841,1224.4463558878488,1265.2692636509892,1301.5332443505904,1333.4779728431604,1361.3583875567128,1385.4327784333,1405.9526576657954,1423.1544726530265,1437.253193828903,1448.4377676308504,1456.8683762447472,1462.6753972197912,1465.9599116974132,0.20
USA,Female,CKD,glp1,22035.143726539944,0.0,1121.3563254580804,0.0,52.67572791906423,117.89321745587222,183.926135228583,250.2166974643333,316.36046158849786,381.8846932680608,446.2822297137318,509.0458329674584,569.696137385632,627.8025307214411,682.9973689593025,734.9843574373517,783.5420351282519,828.5232596739224,869.8515115158662,907.514758277699,941.5575537184632,972.071984256836,999.1880137160624,1023.0637097654107,1043.8757631738845,1061.8106354826305,1077.0565951428143,1089.7968296248582,1100.2037538934385,1108.4345754951064,1114.6281240297103,1118.90290807758,1121.3563254580804,0.20
USA,Female,CKD,diet,3897.521798764282,0.0,236.54542782559287,0.0,1.7110101595171727,4.385186115818215,8.42713267650106,14.240058321505783,22.09695114637725,32.01967150454584,43.75194319833827,56.84505635012465,70.78836667441647,85.10962407301122,99.42128562284051,113.42735237412852,126.91205160028768,139.72407163157186,151.76220761801233,162.96390437213995,173.2964574108628,182.75021198412287,191.3331608497101,199.06651667850383,205.98099409244605,212.1136489056953,217.5051918142999,222.19773230412105,226.2329269289476,229.6505125205731,232.48720475927985,234.77593925099063,236.54542782559287,0.20
USA,Female,CKD,combo,25888.892844188056,0.0,1356.035323666365,0.0,54.35507339007745,122.18932755966672,192.1816891916824,264.17259357933654,338.02898357002414,413.3037557628559,489.2421705440938,564.8994166563207,639.2962203733478,711.5382785233232,780.8762697556667,846.7213263232406,908.6377287606592,966.3271559422864,1019.6110717257834,1068.4134652592477,1112.7443980654934,1152.684331668817,1188.3692040008464,1219.9763258817547,1247.7112518893264,1271.795814528101,1292.4575032296707,1309.9203348028675,1324.3973126823405,1336.084518224132,1345.156824422098,1351.765174208631,1356.035323666365,0.20
JPN,Male,CKD,glp1,2156.5478432341115,0.0,99.9452511465206,0.0,6.968152213448775,15.578494296369172,24.0427510767513,32.15986003787475,39.81095791029293,46.913518884804944,53.41638161993615,59.29738252150128,64.56069169707553,69.23280883802363,73.35723395230161,76.98842967092787,80.18585392443492,83.00871882377396,85.51188690229901,87.74306336162772,89.74124157293772,91.53622752548836,93.1490027507898,94.59266992770426,95.8737441973426,96.99359138929503,97.94986048737336,98.73780387899023,99.351420400184,99.7843904062538,100.03079822145082,100.08565559833733,99.9452511465206,0.20
JPN,Male,CKD,diet,2399.530734405598,0.0,135.29899662678508,0.0,1.4308963972835045,3.669799076302297,7.004368499423435,11.687634239984618,17.82682095851851,25.29861814799733,33.76061890316487,42.75804779061946,51.8513481169357,60.69760467123706,69.0731843688045,76.8591203040778,84.01304931634877,90.54158129893403,96.47836299092889,101.86858619384655,106.75898946934468,111.19202948303428,115.2030119317169,118.81920985528632,122.06023170769912,124.93909909814464,127.46365198184505,129.63802251297966,131.46401366755163,132.9422900788959,134.07334039218404,134.8582063257236,135.29899662678508,0.20
JPN,Male,CKD,combo,4554.113625084359,0.0,235.43301951164176,0.0,8.387696704507107,19.217832605128933,30.99190508306856,43.76229138236522,57.51912581056604,72.05973259072198,86.99425726210757,101.84889570614178,116.19008228680832,129.7018225818938,142.20335121040625,153.62894046693327,163.99425845585938,173.36375378392404,181.8247529632972,189.46921222896344,196.3821621983552,202.6353719093313,208.28479867030543,213.3706064689104,217.918784505473,221.9436299383088,225.45056080875293,228.43889345373464,230.9043543533735,232.84120160551905,234.24390917478377,235.1084213631766,235.43301951164176,0.20
JPN,Female,CKD,glp1,1733.5766068450505,0.0,80.76139816526484,0.0,5.8116693778029,12.815878164652531,19.552055608557566,25.942558816015666,31.95595241927731,37.565221976314206,42.74652957495709,47.4821886907157,51.764164465512295,55.59635094135592,58.99496610175993,61.98717000221586,64.60842318778668,66.89922412385931,68.90180030677584,70.65717529673566,72.20286212920837,73.57128203382672,74.78889320744202,75.8759402771575,76.84669611285426,77.71005578085169,78.47034926657943,79.1282577408856,79.68174175042441,80.12691453291336,80.4588168776063,80.6720699157413,80.76139816526484,0.20
JPN,Female,CKD,diet,1928.00594902326,0.0,109.12606850697556,0.0,1.1934149140470254,3.023537324646896,5.721753147590789,9.495112821823568,14.436651625357626,20.45556932285035,27.283259886909946,34.55607092320497,41.9165903232788,49.080003886705526,55.85472087697417,62.13352731212581,67.87352180466405,73.07549510779063,77.7668717494962,81.98896362322557,85.78803873687139,89.20942579648909,92.2939248454568,95.07591926051828,97.58270469334455,99.83465050665107,101.84589136212526,103.6253155457416,105.17767541663852,106.50469545409942,107.6060952756925,108.48047897196376,109.12606850697556,0.20
JPN,Female,CKD,combo,3662.978066852702,0.0,190.2288728270869,0.0,6.995616426655033,15.815003329607862,25.231133183671773,35.37395437100713,46.30667143016399,57.91407166211866,69.90660150150507,81.90522595282164,93.54569185146102,104.54714294571022,114.73343546079924,124.02327846363914,132.40783544369697,139.92704960423723,146.6493958500214,152.65625448842184,158.0306821324375,162.84991658430954,167.18088323972552,171.07801777900022,174.5827983109557,177.7244659866301,180.5215003483754,182.983501509676,185.1132128043392,186.90849190359225,188.36410321939547,189.47325824164,190.2288728270869,0.20
GBR,Male,CKD,glp1,1704.389876212711,0.0,89.5881603872349,0.0,3.848495805094899,8.777442355990388,13.887034814775689,19.07285484422482,24.2553361776354,29.36322879283489,34.33643005270733,39.12823537608711,43.70580994790362,48.049010116795216,52.14813403717472,56.00124280682485,59.61156201614358,62.985283006563805,66.12990663754044,69.05314030727914,71.76227645784365,74.26394071616687,76.56408887884209,78.66814290561251,80.58117764862436,82.30809537553432,83.8537497150619,85.22300181418996,86.42070799666726,87.45164976541855,88.3204239202596,89.03131353567915,89.5881603872349,0.20
GBR,Male,CKD,diet,195.8786600121275,0.0,12.314563454566269,0.0,0.0812485390497386,0.2118361842603917,0.4111031211823501,0.6980109535907104,1.0848636493465165,1.571660217515273,2.145156696308732,2.783318872885502,3.461740136700428,4.158423474172196,4.8558577291769325,5.541151048551001,6.205286363329833,6.842185435295505,7.447882807644419,8.019891805352017,8.556752318958388,9.057722080267013,9.522571232197151,9.95144655167951,10.344779817483868,10.703222220920908,11.0275928018591,11.3188336269086,11.577967944694135,11.806060026406158,12.004177001894275,12.17335389993059,12.314563454566269,0.20
GBR,Male,CKD,combo,1897.627512027964,0.0,101.76179646511991,0.0,3.9283225071540073,8.9851859202181,14.290116900252542,19.757408891516206,25.319701175266346,30.90588862556615,36.442997104359165,41.86277508531566,47.10845497580704,52.138276316736665,56.92529006378573,61.45482586939215,65.72117418053222,69.72447612103952,73.46826065726054,76.9577214426181,80.19865229743937,83.1968924440398,85.95812160214246,88.4878622984761,90.79157619167744,92.8747737514741,94.7430871368042,96.40228190657764,97.85820314414832,99.11666555882584,100.18330563470408,101.06341775971396,101.76179646511991,0.20
GBR,Female,CKD,glp1,1970.82476334058,0.0,108.68828336076696,0.0,3.9004152175211857,8.897678495633954,14.14148131627462,19.56912485486464,25.12580383406112,30.74793963979937,36.368554600581774,41.92359908899107,47.35684053362911,52.62260258905008,57.68649739080775,62.52468220282845,67.12225207572646,71.4712953024191,75.5689895953683,79.4159642082177,83.01502636915757,86.37025949288181,89.48644477479684,92.368730819564,95.02247014390925,97.45314926239736,99.66635438301635,101.66773279297922,103.46292755556532,105.05747817076916,106.45669136707512,107.66549390192633,108.68828336076696,0.20
GBR,Female,CKD,diet,224.44779438000933,0.0,14.822625663047802,0.0,0.0823446494841846,0.2144061096169025,0.4163109745622932,0.7084191413678127,1.1052643766624897,1.6098578175497096,2.212274306508334,2.893364304943134,3.630546646213588,4.402335470932485,5.1905166564683896,5.980578929349576,6.761314357793708,7.524187255832658,8.26273971687624,8.972114256343048,9.64869542366796,10.28984794644748,10.893725978381552,11.459131651576172,11.985406016739944,12.472339993117204,12.92009680846786,13.329140584310151,13.700168258686972,14.03404397608574,14.331736449508751,14.594260659467182,14.822625663047802,0.20
GBR,Female,CKD,combo,2192.8399633270737,0.0,123.39174518007894,0.0,3.981318848250339,9.10796858073445,14.549770344308854,20.264146790004816,26.21073801034163,32.32912621903597,38.54277822700988,44.76897776133592,50.92938525100453,56.95722656713315,62.8001776285746,68.42006107817178,73.7908605981911,78.8961670561448,83.72669828409198,88.27819748418733,92.54981109289474,96.54293201913788,100.26043523886074,103.7062092392316,106.88488571285598,109.80168217134816,112.46229121450232,114.8727713356493,117.03941415975714,118.96857993802224,120.66650598612432,122.13910131008925,123.39174518007894,0.20
DEU,Male,CKD,glp1,4634.6222893849335,0.0,227.5475502285226,0.0,12.51387729965063,27.989844905463546,43.40138297975864,58.41457181149963,72.86624823810416,86.68331633677371,99.85026060158634,112.38027425833208,124.2940442535546,135.60687446381053,146.3227991915628,156.4337149799394,165.92164165243594,174.76258123388834,182.9308544393425,190.4031636920736,197.16192967260213,203.19767481412785,208.51039174327525,213.10994897722776,217.01566056131924,220.25518929359896,222.8629717200929,224.8783530402725,226.34360643814944,227.3019884642381,227.7959536332164,227.86562046051404,227.5475502285226,0.20
DEU,Male,CKD,diet,1314.6949554949351,0.0,77.58166946965139,0.0,0.652095043209556,1.666756567046832,3.1697386811938486,5.278310140805843,8.061183843961771,11.504767678998178,15.511375488131309,19.93097661331558,24.60235306242248,29.3812566752531,34.15090535178024,38.8212544513226,43.324165027301206,47.60842808696907,51.63597373467201,55.37931369015496,58.81986394579872,61.94677658857108,64.75600825774745,67.24945958172248,69.43410327938909,71.32107504080705,72.92473572417293,74.26173178239333,75.35008814688263,76.2083678061972,76.85492776714091,77.3072939679223,77.58166946965139,0.20
DEU,Male,CKD,combo,5933.699169039566,0.0,304.3825195472673,0.0,13.155161918493832,29.62627858524501,46.51318285685193,63.597999504017935,80.78603401815417,97.99182173075678,115.10465072810985,131.99072563147638,148.51237159968878,164.54290313582896,179.97115614436188,194.69999064892545,208.6438627583484,221.7278310115944,233.88819119364047,245.0740424498072,255.2489879898494,264.3923807156352,272.4997843703313,279.5825396781984,285.666481096996,290.78994827244605,295.00128877304087,298.3560668379723,300.91418655865345,302.7371151281659,303.8853589191931,304.4163072365154,304.3825195472673,0.20
DEU,Female,CKD,glp1,5926.572115328363,0.0,304.27940322878567,0.0,13.84142702129975,31.29097432360504,49.17926532388447,67.11904297592991,84.85054771436262,102.19637386657996,119.04888115788708,135.3481841838875,151.06055599292813,166.16197717148316,180.62786069226053,194.42818352011813,207.52662602013515,219.882291360198,231.452800693256,242.1978515984956,252.08260369582783,261.0804870980719,269.1752119529301,276.36189568138434,282.6473257507714,288.0494465222837,292.59620433978125,296.3239100843857,299.2752867873569,301.4973650777865,303.0393744923349,303.9507570003516,304.27940322878567,0.20
DEU,Female,CKD,diet,1663.3704297792974,0.0,102.91405363706872,0.0,0.7212733300293621,1.8592688187527528,3.564555663149804,5.978807052830234,9.190894179802854,13.1995261801203,17.9102415606867,23.16862004654832,28.803862690791,34.65877359232036,40.60120701274718,46.52384365774196,52.33981031504664,57.97824939396378,63.38115295933312,68.50144338261816,73.30188644349982,77.75442698344341,81.83965583872123,85.5462372631664,88.87021722715144,91.81419358796484,94.38636587574727,96.59950238404416,98.46987086025548,100.01618020514798,101.2585768549543,102.21773278164984,102.91405363706872,0.20
DEU,Female,CKD,combo,7572.95366641221,0.0,406.4260887693381,0.0,14.550743090094327,33.11654480846846,52.67910439237312,72.9914911732667,93.88264057060589,115.1753432712394,136.67037620145857,158.15688761725687,179.43356750280873,200.32174011464303,220.6664644031407,240.331557908492,259.1945128117695,277.1439169669429,294.0794769143358,309.9137197830314,324.57433485012734,338.0063492783265,350.1736305335944,361.0594642338947,370.6661468890816,379.01366331584,386.13760039154295,392.0864936219296,396.9188199634009,400.6998467298217,403.4985280688561,405.3846122365285,406.4260887693381,0.20
GLB,Male,CKD,glp1,119150.74134757498,0.0,6774.498964928091,0.0,255.81405764096417,575.2698588626226,899.0233057059813,1223.514124032692,1546.9215398035012,1867.7261220955988,2184.585775153013,2496.2863079601666,2801.728785783868,3099.9345087119145,3390.053068627604,3671.365332484478,3943.278574034572,4205.314377555973,4457.09151885123,4698.306339052389,4928.712737130234,5148.103258318151,5356.292125094333,5553.100580649334,5738.3446278898045,5911.825126267504,6073.3202033170965,6222.579991572304,6359.323766149115,6483.239599246765,6593.986645877594,6691.200124778086,6774.498964928091,0.20
GLB,Male,CKD,diet,115334.40884086584,0.0,7665.994440482929,0.0,44.25685673917178,114.14478240103928,220.5093149606837,374.3400091321673,583.3525437307544,848.7133171239402,1164.245338110486,1518.6871638033772,1899.197282655048,2294.048541840166,2693.835855408339,3091.588280112599,3482.379635064164,3862.826991974493,4230.646982585546,4584.314359236159,4922.815654908074,5245.476669177762,5551.842972392682,5841.597148904344,6114.501180990948,6370.356117118383,6608.973885052372,6830.157990160165,7033.691094341455,7219.3282729687635,7386.795222826069,7535.790936663747,7665.994440482929,0.20
GLB,Male,CKD,combo,233548.58075340965,0.0,14386.48445586767,0.0,299.63462602347136,688.1667929593241,1117.0916584983934,1593.7473432045665,2123.979094740469,2707.4587085621897,3336.7661537162494,3999.56756801391,4682.067164658103,5371.679891856853,6058.238137367764,6734.109211215167,7393.807905007969,8033.489933011006,8650.49684415781,9242.999126999524,9809.732731675263,10349.80955191073,10862.582196928794,11347.5473595683,11804.276414528722,12232.36545227957,12631.399630949369,13000.928638905983,13340.451365535611,13649.40871148114,13927.183938105358,14173.110145680374,14386.48445586767,0.20
GLB,Female,CKD,glp1,115704.34726083372,0.0,6718.979873652803,0.0,243.2747270877008,545.7395136287669,851.6581164187519,1158.1894269482,1464.0831277858233,1768.3312631208682,2070.0227248062147,2368.2690447903005,2662.180628272705,2950.876324703917,3233.507861963357,3509.2855253331363,3777.497489216854,4037.5200660306728,4288.819214568008,4530.945153305074,4763.522328913561,4986.236772618373,5198.822402509628,5401.047332166578,5592.700845507556,5773.581434176536,5943.486156944884,6102.201535967877,6249.496210953221,6385.115591931157,6508.778756454121,6620.177811057074,6718.979873652803,0.20
GLB,Female,CKD,diet,111985.53752240737,0.0,7596.063400755869,0.0,42.08750232204329,108.24719525652472,208.6405724179931,353.5639916000655,550.3224461303325,800.2345537671354,1097.9031607907964,1433.260846254765,1794.7370452355826,2171.6859610654647,2555.474674242898,2939.5928588900715,3319.32007352286,3691.2967945988057,4053.147260235157,4403.190872100648,4740.234346355661,5063.425406461,5372.149910822511,5665.958613421419,5944.513941856916,6207.550407946459,6454.844553032424,6686.191888994072,6901.389334946638,7100.222322732443,7282.456156159518,7447.831430491293,7596.063400755869,0.20
GLB,Female,CKD,combo,226856.59067294176,0.0,14268.010612112705,0.0,284.9473267579451,652.8085415451787,1058.0087088935545,1507.9231029207583,2008.565303361509,2560.2726875470253,3156.8300164330285,3787.4115504006622,4439.688585321535,5102.243383342866,5765.674051013426,6422.7323401260655,7068.016392298043,7697.558253632626,8308.453261867398,8898.569741815561,9466.33368822746,10010.571558918104,10530.394876607928,11025.114077924518,11494.172777349944,11937.096539880033,12353.452378057877,12742.816684384596,13104.750343054067,13438.780450029995,13744.388483012095,14021.004956105258,14268.010612112705,0.20
CHN,Male,IHD,glp1,409921.1544669797,5921.14568283828,14578.976273875218,5921.14568283828,14740.129173796391,14504.640370814364,14185.67502518976,13885.980170102324,13631.67006663233,13433.892480167327,13294.2796309439,13208.755755347664,13170.474563980242,13171.81838838826,13205.547825446818,13265.296938236104,13345.639944546856,13441.932211609324,13550.07790677948,13666.32010205998,13787.099666947965,13908.992870151298,14028.715145163238,14143.167965234024,14249.504023075802,14345.189619094832,14428.049522473942,14496.286505412543,14548.47392578656,14583.52444222616,14600.64095937647,14599.257311282214,14578.976273875218,0.50
CHN,Male,IHD,diet,558923.1504059138,0.0,33149.76247303258,0.0,326.74064082535915,790.8725909912027,1463.3655047258362,2413.0139046842232,3682.6852050542366,5266.187779300148,7104.083541480126,9103.400694836397,11166.728296429152,13213.578466039153,15188.395932523768,17058.920759591274,18810.454895915696,20439.69595884345,21949.717225440312,23346.44385638577,24636.45294307731,25825.7765769877,26919.39392650128,27921.15482631349,28833.94136176235,29659.93113841419,30400.87286153436,31058.32155738049,31633.80827310984,32128.93862038036,32545.427326828707,32885.08326752507,33149.76247303258,0.50
CHN,Male,IHD,combo,961546.6102157258,5921.14568283828,47351.08966554166,5921.14568283828,15060.6776389007,15280.624618176604,15622.256508844206,16256.017114269314,17250.372835674556,18610.70359672304,20280.54214701545,22164.64453810663,24160.45792246353,26181.12184800417,28164.54476123932,30072.3559243083,31884.389874394285,33592.499130458105,35195.40153453895,36695.00763414963,38094.11057837843,39395.13747632038,40599.64391039917,41708.27709257836,42720.99335670937,43637.37499787379,44456.94359475421,45179.40979124163,45804.832681880565,46333.6858932972,46766.843139051925,47105.50472759409,47351.08966554166,0.50
CHN,Female,IHD,glp1,365726.6243801031,5088.418532772572,14425.67878598906,5088.418532772572,12478.324368522735,12097.340873584615,11729.874142011511,11435.771433621065,11218.766532857786,11076.754898423678,11004.033502906212,10992.732517486673,11034.098006106564,11119.473332124411,11240.915428960348,11391.47238656669,11565.202786722337,11757.03514853248,11962.557922744076,12177.808600708144,12399.104463206604,12622.933742804686,12845.90783012053,13064.763566832524,13276.39908034238,13477.925708864585,13666.72079780372,13840.470083746128,13997.192866743077,14135.24738702923,14253.317272457294,14350.382379511371,14425.67878598906,0.50
CHN,Female,IHD,diet,528361.6949786335,0.0,33215.77064665663,0.0,270.7517271172255,662.3084876200883,1235.740712132305,2050.645231931354,3145.715114341234,4519.6256913340185,6127.277924149064,7895.410440651816,9745.795909051783,11612.308481342625,13447.489007190918,15221.6117508756,16918.58896697976,18531.4958599041,20058.8776529514,21502.088259009062,22863.545084741432,24145.690924421884,25350.46256904141,26479.101710252464,27532.180813202634,28509.748381365323,29411.5241845611,30237.09653890832,30986.091386424843,31658.297135080444,32253.74020549562,32772.71418189909,33215.77064665663,0.50
CHN,Female,IHD,combo,886878.870846869,5088.418532772572,47236.13957315986,5088.418532772572,12743.94498532894,12747.111530840397,12942.766907886253,13449.39468331798,14308.930713040989,15518.228040386924,17027.533708712086,18757.176357324934,20621.59133384668,22547.07464193657,24478.88725776121,26380.66111612797,28230.43149293447,30016.12326285953,31731.724325639312,33374.463231425034,34942.923307435354,36435.90918728034,37851.87127139885,39188.71675752336,40443.86625052709,41614.44488631049,42697.52457205253,43690.35885701212,44590.573692012345,45396.295483130496,46106.21209802199,46719.57278886228,47236.13957315986,0.50
IND,Male,IHD,glp1,238631.6260987447,3089.4732393545564,8917.1568106669,3089.4732393545564,7739.537661467795,7649.9008125033,7562.761275173747,7503.977562095737,7470.14900984813,7458.123975464376,7465.36107556941,7489.754610527656,7529.483372078277,7582.894004898379,7648.414325313643,7724.491055629216,7809.547032997478,7901.953819325194,8000.01646911609,8101.967923677759,8205.971077740425,8310.127017659135,8412.488276525866,8511.076207280625,8603.901752612786,8688.988998475019,8764.400943821296,8828.266911731102,8878.81097888085,8914.380727456184,8933.475544431014,8934.773626422742,8917.1568106669,0.50
IND,Male,IHD,diet,444832.0289178264,0.0,25439.97437371825,0.0,285.7411334643839,702.9614425745094,1307.6969763351372,2150.854455567198,3257.5145794658456,4609.870304657961,6148.024717968889,7789.647707772441,9454.407504652743,11079.705986443674,12624.930677357828,14068.477642955491,15402.338579138042,16626.987175217597,17747.506286809687,18770.98622927931,19704.918847436784,20556.28344724956,21331.081903886283,22034.15250114864,22669.150556324515,23238.62520438805,23744.148946464527,24186.47376686195,24565.698148840107,24881.43557755486,25132.97872515256,25319.45551913953,25439.97437371825,0.50
IND,Male,IHD,combo,679846.327628535,3089.4732393545564,34188.29215740017,3089.4732393545564,8021.884393781074,8344.448796665878,8855.0712659735,9630.02614152315,10690.859343921766,12017.005955028812,13546.887400346925,15197.1126204381,16886.45189551462,18551.285948079545,20149.754686405417,21658.785909631057,23068.7267638722,24378.27570188162,25590.644714575727,26710.9823501769,27744.785880665528,28697.00234125927,29571.57835227088,30371.28983893874,31097.74049258,31751.45861596428,32332.048881014343,32838.37248530216,33268.73953752965,33621.10361396801,33893.25191694731,34082.98638752382,34188.29215740017,0.50
IND,Female,IHD,glp1,186347.7019741733,1990.6244747837773,7180.475271465257,1990.6244747837773,5184.865174594801,5237.502461978467,5293.749174038647,5365.254789352999,5447.402576567954,5537.038503755583,5631.988929606159,5730.687356632552,5831.9709904610645,5934.946424142807,6038.889069057768,6143.164742250694,6247.168950018589,6350.28129960387,6451.832985977409,6551.085553547833,6647.219360791612,6739.330389581621,6826.434218529379,6907.47610948584,6981.3462386772735,7046.899145193398,7102.976479183417,7148.432121140882,7182.15872408147,7203.114714563824,7210.350787905743,7203.034957202617,7180.475271465257,0.50
IND,Female,IHD,diet,385946.066726441,0.0,22250.843668686222,0.0,267.8950921854703,649.727887408575,1195.9708572046366,1950.484391270788,2932.499304082594,4122.375365543412,5463.891135777347,6883.088106767624,8310.283695955877,9693.3183872276,11000.24120441242,12215.792375441408,13336.128096531029,14364.144518277491,15306.096337277677,16169.4231685868,16961.47190354555,17688.813866067096,18356.93128257699,18970.122310916544,19531.53008414596,20043.23893967504,20506.40474673966,20921.40054835449,21287.967026339844,21605.361908740364,21872.50486841891,22088.115648283623,22250.843668686222,0.50
IND,Female,IHD,combo,569264.0871424747,1990.6244747837773,29287.68300618138,1990.6244747837773,5449.577863889048,5879.533583126846,6475.877308755647,7293.696949486039,8347.528624886996,9614.973901615243,11038.424610672637,12543.264960312285,14059.410483336307,15534.288768268423,16935.431126284646,18246.95182949305,19464.295259566745,20589.578593136044,21628.21901519515,22586.76151053352,23471.60003968817,24288.29453663889,25041.26042700524,25733.68092023173,26367.5477375153,26943.773145518266,27462.339599544062,27922.46741626784,28322.78907772177,28661.523319455795,28936.6445665583,29146.044486805564,29287.68300618138,0.50
BRA,Male,IHD,glp1,100611.74931911031,1069.3591243812407,3769.755885635445,1069.3591243812407,2728.9770964820345,2800.552406124174,2863.873528067182,2927.439907872933,2990.3037051174906,3051.847010884798,3111.764937292552,3169.930639752012,3226.3059046424023,3280.885022513656,3333.660644270727,3384.603731193696,3433.6523082821222,3480.705603870898,3525.6214692330686,3568.2158612323983,3608.2637510297936,3645.501178249077,3679.628367992729,3710.313916911575,3737.200071239611,3759.909091937792,3778.0506500951305,3791.2301340517006,3799.057688504283,3801.15775203504,3797.178817546199,3786.8031126685673,3769.755885635445,0.50
BRA,Male,IHD,diet,63706.64734124944,0.0,3805.573590137821,0.0,33.43117395201989,83.80928615818266,158.148648909264,263.14683866025007,402.767489372156,576.1257222122513,777.2996829560725,997.2915156509262,1226.6783591606218,1457.4682819083537,1683.7753855376795,1901.6973080160824,2108.875736362796,2304.031431863332,2486.5872777422483,2656.3974520736374,2813.565293108521,2958.325659275928,3090.97109484105,3211.806736464496,3321.1238147257827,3419.185206024733,3506.218909117306,3582.4168609785847,3647.937449341232,3702.9106361573504,3747.444924305106,3781.6355762356543,3805.573590137821,0.50
BRA,Male,IHD,combo,162332.35682910154,1069.3591243812407,7472.442102508998,1069.3591243812407,2761.09554417088,2881.000360323902,3015.711156955644,3180.187964119148,3377.3338869832805,3605.736953749263,3859.460560570413,4129.778101434102,4407.621021852217,4685.3045552837575,4957.146934618868,5219.338401011322,5469.513779735309,5706.30429009076,5928.975569383736,6137.168474249833,6330.725683255136,6509.580891302059,6673.690854545217,6822.995957861131,6957.399665644014,7076.760615011881,7180.8933619086165,7269.575196689635,7342.557282904803,7399.57884957784,7440.38342770579,7464.736261272745,7472.442102508998,0.50
BRA,Female,IHD,glp1,86613.90757405365,755.2063560117749,3645.439948727406,755.2063560117749,1956.938191360532,2037.905059883502,2118.0000297605584,2201.235317347629,2285.6211680054403,2369.861007001062,2453.165264343901,2535.048105882932,2615.200796335208,2693.416066264588,2769.544198519623,2843.468014742786,2915.088531118396,2984.3161880406115,3051.064652950081,3115.2455692014773,3176.763506481744,3235.510917948676,3291.363232071249,3344.1743745049607,3393.773076144338,3439.9603123130364,3482.508160063764,3521.160274549969,3555.634085559941,3585.624712231016,3610.810495628859,3630.859961058595,3645.439948727406,0.50
BRA,Female,IHD,diet,56050.13363616739,0.0,3563.0806585689133,0.0,27.597741225443315,68.801806510819,129.5495999460545,215.5594880963763,330.35858729887696,473.52157285388967,640.4761295635253,824.0885633215366,1016.8363359852084,1212.3333814613145,1405.8821861280155,1594.3693824839577,1775.9042273961531,1949.441053950373,2114.4777266035235,2270.842748942625,2418.5547443228133,2557.73317275662,2688.542705029424,2811.158792846501,2925.746329968417,3032.4464322716667,3131.368429093418,3222.585437615431,3306.132640163589,3382.007790685064,3450.1736722377245,3510.5622988401155,3563.0806585689133,0.50
BRA,Female,IHD,combo,140903.48610749166,755.2063560117749,7108.708399623429,755.2063560117749,1983.4522649958817,2103.9549972305977,2242.402770610352,2408.322308297429,2603.147708049961,2825.2196409169846,3069.402105258589,3328.390465556775,3594.6646125861444,3861.8784610729344,4125.351017637979,4381.946978720211,4629.720081712192,4867.545045617779,5094.823676179105,5311.276074495705,5516.800947207856,5711.384789866046,5895.04335308641,6067.78381239163,6229.580263518539,6380.358138581971,6519.985051043172,6648.26671472023,6764.947198605412,6869.713065769305,6962.201033769612,7042.008774357659,7108.708399623429,0.50
CAN,Male,IHD,glp1,22337.071524595754,298.360733456273,733.8619530416363,298.360733456273,738.3464144338723,739.1806465948721,739.3108420297976,741.3499712127632,744.8297119499584,749.2049498230008,753.9998812724807,758.838903135922,763.444362932587,767.6209698511557,771.2372502964536,774.209017083278,776.4865999449867,778.0458504961825,778.8821584590041,779.0065083431691,778.4426970460408,777.2250494143518,775.3962086995889,773.0047894718227,770.1028408844686,766.7431754673344,762.9766794097777,758.8497446971633,754.4019619077117,749.6641940770714,744.6571240156518,739.3903351473782,733.8619530416363,0.50
CAN,Male,IHD,diet,9002.608875211747,0.0,539.831837407386,0.0,4.397670355312584,11.15059305892646,21.294823684023868,35.84936216679125,55.45204476549043,80.02427212616749,108.71977009341572,140.2094518072554,173.08644542297407,206.1559717817363,238.54204180582383,269.66805882073095,299.18764459359227,326.91280509895296,352.7575839968995,376.6995168366848,398.7553256970277,418.96632118119305,437.3897699903864,454.0936200749893,469.1529497733609,482.6472129680915,494.6578165960928,505.26584987971,514.5499428321164,522.5843085513588,529.4370505050938,535.1688133401622,539.831837407386,0.50
CAN,Male,IHD,combo,31052.34730126852,298.360733456273,1257.961980322234,298.360733456273,742.5751006029641,749.8940608253324,759.7762429312024,775.8182421923957,798.1709744573418,826.2208364244216,858.6846701113391,893.9127527184173,930.2752328449895,966.4256843150396,1001.38617897746,1034.5131302619775,1065.418742099606,1093.8933514281634,1119.8454380157018,1143.2606547110445,1164.1756488232968,1182.661696001338,1198.8141459841972,1212.744966639133,1224.576763029363,1234.4374313812004,1242.4551147697748,1248.7534246945215,1253.447044407665,1256.6378865575643,1258.4119762162882,1258.837196068267,1257.961980322234,0.50
CAN,Female,IHD,glp1,14417.49898043494,214.0118150577509,499.08846800487663,214.0118150577509,507.1672430698054,486.7252509350619,472.82399683493713,464.97265610389513,461.42718919171966,460.9036096813652,462.4585600676146,465.393938828438,469.1920117655318,473.468737786603,477.939238116036,482.3921977548016,486.6711424528585,490.6610126260566,494.2787097269684,497.4664940303192,500.1873154899076,502.4213629348451,504.1633093206292,505.41990029466615,506.2076729865949,506.55069968817406,506.47832866014505,506.0229456089801,505.21780926011706,504.095027812371,502.6837443262375,501.0085920176316,499.08846800487663,0.50
CAN,Female,IHD,diet,6295.547518834344,0.0,387.03814857271936,0.0,3.2390927383312373,7.924234964022617,14.802374228838744,24.590192605559423,37.74616838432485,54.25244082620702,73.57993314326086,94.87507532865855,117.226504279668,139.85582699235238,162.1875683081962,183.8364553527026,204.56256296808715,224.22519749247652,242.74719950785584,260.0909927771354,276.2439391412663,291.2099760409146,305.0050512755188,317.6546140147948,329.1920583011015,339.65748089882254,349.09642853919286,357.55850791177727,365.0958495757295,371.7614806899219,377.6076899196924,382.6844740552151,387.03814857271936,0.50
CAN,Female,IHD,combo,20508.248542557736,214.0118150577509,874.3605235324139,214.0118150577509,510.2818709423736,494.34011398936127,487.0529869135353,488.6204238179489,497.742581612838,513.1226203044753,533.3124930391677,556.7958708348415,582.1791106473756,608.3282240008339,634.4022635182373,659.816181804501,684.1794720888793,707.23867505624,728.833715691384,748.8682928926537,767.291107406676,784.0843360469917,799.2564545389105,812.8373872882694,824.8747098443564,835.4301832117526,844.5762773878814,852.3925837765128,858.9621599140555,864.3679252522743,868.6892559759799,871.9989261692645,874.3605235324139,0.50
TUR,Male,IHD,glp1,84473.22231773374,882.8821929119076,3260.526069536165,882.8821929119076,2278.9251276490104,2323.530765240692,2366.98241400627,2416.007342238416,2468.3549354007846,2522.054094356965,2575.6541603191,2628.1696767782705,2678.9980398127227,2727.837277921353,2774.607502257189,2819.377532359271,2862.2990499384323,2903.550585303834,2943.292731272202,2981.634851040595,3018.6126175919635,3054.17513198666,3088.1800940753164,3120.3954594131064,3150.5061231743603,3178.124354484128,3202.802911665596,3224.049966873252,3241.3451377869205,3254.156055593223,3261.95499164208,3264.235125103951,3260.526069536165,0.50
TUR,Male,IHD,diet,23594.78963981071,0.0,1427.4820621390245,0.0,14.728345121940947,35.4830964912253,65.00479200320842,105.85536364352448,159.38906470574148,224.97721329389609,300.0598658402596,381.0389174025768,464.3628932794672,547.2105266686413,627.6713517892786,704.6227798051841,777.5111312759982,846.147862972517,910.5559033427852,970.8652454436524,1027.2463449643983,1079.8697078978876,1128.8827771068609,1174.3980082988855,1216.488133732084,1255.1860425377963,1290.487630198215,1322.3565522536371,1350.7301803646696,1375.5262829554704,1396.650089064904,1414.001475216981,1427.4820621390245,0.50
TUR,Male,IHD,combo,107295.15367029385,882.8821929119076,4648.963934976477,882.8821929119076,2292.947430818648,2357.32626543731,2428.9747690365766,2517.0760424537875,2620.6981913561904,2737.3020503257867,2863.01977928546,2993.4433942130854,3124.575942022202,3253.405666200677,3378.005733530372,3497.3484856696887,3611.03368125057,3719.0394754196313,3821.531414719721,3918.729360350888,4010.821041793985,4097.910073269188,4179.98851598629,4256.926639888232,4328.47463210969,4394.272532687086,4453.865758129279,4506.724322523936,4552.264378963766,4589.871048343382,4618.921725600172,4638.809191019842,4648.963934976477,0.50
TUR,Female,IHD,glp1,63959.33000580286,674.7093237628214,2713.50922537288,674.7093237628214,1710.6216766820944,1705.5744605431028,1709.1950089328384,1725.3969490627496,1751.348773009151,1784.4906220785851,1822.73573371306,1864.4467331061387,1908.377258077191,1953.6076580660736,1999.483718827956,2045.5607417715364,2091.553278487263,2137.290428638531,2182.676650848749,2227.658094356404,2272.1944382403453,2316.236139147208,2359.706875500793,2402.4908678779466,2444.4246705214027,2485.2929751462216,2524.8279442723724,2562.711591229425,2598.58073948283,2632.0341167546576,2662.641162817716,2689.9521494748187,2713.50922537288,0.50
TUR,Female,IHD,diet,20000.54904644952,0.0,1269.667311459998,0.0,12.053514512561378,29.059917218815823,53.34249056404951,87.02984613146691,131.25173472166352,185.4819638528861,247.57194517575408,314.50570742757554,383.3271135565665,451.7255536180892,518.1852299796446,581.8691130616353,642.4205801542703,699.7821481814171,754.0620127685397,805.4462671721849,854.1450378298614,900.3610331799719,944.2720009883489,986.0215416833672,1025.714901766536,1063.4177875360035,1099.157095936258,1132.9229507641285,1164.6717011349683,1194.3296778420336,1221.797568713184,1246.9552995177364,1269.667311459998,0.50
TUR,Female,IHD,combo,83295.34622413263,674.7093237628214,3946.426316564364,674.7093237628214,1722.0973742812057,1733.2468629261857,1760.0515063623095,1808.4679589075968,1876.765748971964,1961.910946510441,2059.790146656931,2165.898993574694,2276.166037443996,2387.4504981234786,2497.6290739551914,2605.434325769529,2710.218338559964,2811.7365410482453,2909.9815159987047,3005.0653173737373,3097.1394106417283,3186.341351948068,3272.759965776612,3356.413433604233,3437.23667252835,3515.075670622813,3589.6872367982,3660.743092195597,3727.837503182978,3790.497812334099,3848.197310465592,3900.3699372429983,3946.426316564364,0.50
ZAF,Male,IHD,glp1,11864.420057801835,171.3178918234098,434.2148581421716,171.3178918234098,420.39780852120384,415.7602271015712,409.7536114451377,404.22574685082327,399.3314733977149,395.146814039952,391.70889944051487,389.02403091205633,387.0748283274807,385.8273194037556,385.2375044970922,385.25684202704,385.8363048266765,386.9289124981988,388.4908496729622,390.4814090897562,392.8620588256345,395.5949428077074,398.6411011305645,401.9586562827426,405.50116337701184,409.2162733713121,413.0448117715787,416.920333278671,420.7691760055386,424.5110073710057,428.05982743927234,431.3253741232802,434.2148581421716,0.50
ZAF,Male,IHD,diet,715.0022594328948,0.0,46.6793717736764,0.0,0.3270355658478365,0.8189325793464377,1.5542600035059877,2.61117148336416,4.041371840168722,5.845035658701818,7.965552501696948,10.309031101583969,12.773720430541289,15.272066718447604,17.73971368471757,20.13500571955228,22.43434596359293,24.62690392836157,26.71015274636011,28.68655791809215,30.561272803810425,32.3405848124894,34.03088208911868,35.637970773717825,37.16662909968363,38.62032657312011,40.00106452999171,41.309311682354746,42.54401813890581,43.70269644942891,44.78156036442306,45.77571249829271,46.6793717736764,0.50
ZAF,Male,IHD,combo,12557.998027259788,171.3178918234098,479.60584110872514,171.3178918234098,420.71300862902353,416.54892118331736,411.2508214285226,406.74204449561694,403.2276571863204,400.7843678074496,399.3952669073951,398.9765447908412,399.4129051930231,400.5859089181049,402.3892700224569,404.7339380870544,407.54774660447583,410.7728907145356,414.3627716273368,418.27876154138,422.4870536284288,426.9556630637708,431.65164620924406,436.53862183256206,441.5746838107916,446.71078575678985,451.8896583434762,457.04529463844665,462.103011365929,466.980067321696,471.58679584891433,475.8281873707492,479.60584110872514,0.50
ZAF,Female,IHD,glp1,10695.883010203772,139.4003778862916,406.5840664926418,139.4003778862916,341.52483291144017,340.43883759442724,338.7105601389994,337.65131028679025,337.2571537640197,337.490939627407,338.3076649239192,339.6560288372002,341.47971339155447,343.71905866712405,346.3130672681582,349.2015263296471,352.32700983269024,355.63655957277297,359.08290461418983,362.62514535854825,366.2288882212306,369.865865449834,373.5131106128265,377.15178439971714,380.7657590634626,384.34007475578255,387.8593787333448,391.3064503565092,394.6609022118155,397.89813169437366,400.9885790447861,403.8973281622675,406.5840664926418,0.50
ZAF,Female,IHD,diet,500.5551150777301,0.0,33.89337379225071,0.0,0.2275938439670426,0.5599161216996436,1.0494045706309407,1.7478747911209211,2.6904572288858617,3.88001649753096,5.283811106501162,6.8453914190140495,8.50256824636017,10.200898910570686,11.899272466303955,13.5697815145395,15.19511481776135,16.765563723070954,18.27651941606382,19.72664455887389,21.11662512332623,22.448342803552805,23.724325058350587,24.94736760558408,26.12026007187524,27.24557315057973,28.325484863122256,29.361635954479425,30.355011868919973,31.30585264291949,32.2135935580427,33.07683935183195,33.89337379225071,0.50
ZAF,Female,IHD,combo,11180.13894356931,139.4003778862916,439.425936198888,139.4003778862916,341.74419010573547,340.9779655759103,339.72104871914235,339.3347495979524,339.84914134497376,341.23005623448444,343.40118071810684,346.257010808642,349.6814045400297,353.5622455352677,357.7988488846113,362.3039880473134,367.0034102579102,371.83465135844745,376.7458551814525,381.6947022114237,386.6473445369356,391.57722916309285,396.463743335933,401.2906756803786,406.0445349819584,410.712799870098,415.2821888614562,419.73704412222105,424.05791685968506,428.2204300147314,432.194477046256,435.9437958899816,439.425936198888,0.50
MEX,Male,IHD,glp1,81252.62925882453,969.8197553196368,3187.9020649962767,969.8197553196368,2370.527030222336,2332.303026608788,2312.4730495038384,2313.433691717524,2330.0659766038007,2358.372783232204,2395.288433287773,2438.4307818667003,2485.9265411034,2536.2880399204005,2588.324152896719,2641.0739765307226,2693.755985327545,2745.728132906152,2796.4560713758547,2845.487685391505,2892.432729103646,2936.946689788412,2978.7181952396786,3017.4594028540305,3052.8988962581934,3084.7766899583658,3112.8410111689154,3136.8465911299863,3156.5542531053507,3171.7316274725163,3182.1548533815658,3187.61114055269,3187.9020649962767,0.50
MEX,Male,IHD,diet,21131.59387203836,0.0,1318.3245516838217,0.0,9.793747004907344,24.873365938619827,47.58416566095548,80.23448713721882,124.28625362396996,179.60299273591954,244.3303386249172,315.5318375655333,390.0989204789512,465.4051094914757,539.5479472526058,611.3044583514711,679.9712954020652,745.1964593649318,806.8448377352906,864.9041247452697,919.424157627931,970.480122510664,1018.1514912424173,1062.510793190042,1103.618292475352,1141.5200862229103,1176.2481158228911,1207.8212113625775,1236.246679605087,1261.5221804779867,1283.6377721041065,1302.5780765984673,1318.3245516838217,0.50
MEX,Male,IHD,combo,101695.71792679428,969.8197553196368,4469.788428482396,969.8197553196368,2379.887727016656,2356.059740867262,2357.943956655974,2390.158035385466,2449.0021567873773,2530.3746800157096,2629.4613826821005,2741.0889808218053,2860.41718043272,2983.441731424784,3107.1399113532098,3229.365205090769,3348.6463767253445,3463.988349276391,3574.7126668454875,3680.342323580335,3780.5233435987466,3874.973276127232,3963.44823639332,4045.722339537053,4121.575314707239,4190.785528233333,4253.126640527742,4308.3667830154445,4356.269569456417,4396.596524545574,4429.110672138995,4453.581109749764,4469.788428482396,0.50
MEX,Female,IHD,glp1,65313.76273067601,806.2765408365158,2900.315468519781,806.2765408365158,1894.9909297249103,1787.9799635294985,1726.3010974087229,1700.8516909724567,1700.6134409126826,1718.1909316582096,1748.584463466992,1788.3277702400446,1834.9471621666453,1886.6241488625965,1941.983707352556,1999.959407919494,2059.7054738023726,2120.537667752069,2181.8921269493294,2243.2956138909794,2304.3432329853385,2364.681188425005,2423.993064862734,2481.988661638621,2538.394758332739,2592.947421829056,2645.385629895464,2695.446106742849,2742.8593522209703,2787.3469019547483,2828.619882329338,2866.378923493292,2900.315468519781,0.50
MEX,Female,IHD,diet,18069.481627847992,0.0,1199.0207297617017,0.0,8.229258328203287,20.7317284185483,39.48078105447348,66.41530046964908,102.73722456553514,148.27320360319573,201.4029765503437,259.6479499084526,320.47478443845466,381.84151609407854,442.3646196020127,501.2387867667858,558.0710933283117,612.7238438323257,665.198337811773,715.559907841176,763.8941297659476,810.2835085785628,854.7964326024958,897.4829214914353,938.373815736588,977.4814920380596,1014.8010911892488,1050.3117840531777,1083.977909528301,1115.7499856783834,1145.5656776229443,1173.350837187827,1199.0207297617017,0.50
MEX,Female,IHD,combo,82813.66483453926,806.2765408365158,4066.1503142141737,806.2765408365158,1902.856314854209,1807.791307994317,1764.0625701549216,1764.4347881644137,1799.058937020076,1860.3966124261424,1941.917776254464,2037.795380927957,2143.1310521907,2254.142294660298,2368.11476714458,2483.194528272113,2598.143932672523,2712.1332977194106,2824.5887559939,2935.090542183534,3043.308403884628,3148.961640460664,3251.794466801526,3351.5605104036804,3448.0126037753653,3540.8956332107045,3629.941232874815,3714.8637521069177,3795.3573086825927,3871.093959894352,3941.723131627572,4006.872477132201,4066.1503142141737,0.50
AUS,Male,IHD,glp1,16031.223254245666,160.58830542101168,611.3952857354489,160.58830542101168,413.9345840277765,424.3891166153153,435.4515889314953,448.1669153410021,461.8494451061142,475.85610865659146,489.6810135887026,502.96268770268216,515.4670360157616,527.0619089232496,537.690995945326,547.3508178557495,556.0722640690692,563.9067619062371,570.9164667089208,577.1676027384965,582.7260855736058,587.6546865918099,592.0111743069065,595.8470378549464,599.2065423049244,602.1259767674565,604.633035726787,606.7463263520658,608.4750253229977,609.818723093289,610.7674958505777,611.3022392113489,611.3952857354489,0.50
AUS,Male,IHD,diet,9659.3661948897,0.0,574.4693592606964,0.0,5.821222225613383,14.20204071443368,26.46987927650116,43.81819429357347,66.88314393182918,95.36375820329704,128.01952221991814,163.09155601649763,198.8438234593777,233.9174297971549,267.42813465194195,298.9010435061828,328.15159330165625,355.1750431882683,380.0650522899923,402.9609233539341,424.016392747224,443.3826164848506,461.1997473584888,477.5933616188049,492.67342992088015,506.5344982992247,519.2563560534218,530.9048339048386,541.5325865280829,551.1798286964986,559.87505189898,567.6357716875355,574.4693592606964,0.50
AUS,Male,IHD,combo,25383.998858281582,160.58830542101168,1169.5021084746732,160.58830542101168,419.5151666338934,438.0010235596219,460.8387016171309,490.2228948497759,526.0876687371801,567.512416370424,612.8101941956083,659.9356696593532,706.9863670168561,752.5186799804687,795.6178911153547,835.8147415405147,872.9541259583311,907.0757605432518,938.3262567334788,966.9016002468596,993.0125118454744,1016.864988301284,1038.6501151555312,1058.5391718415776,1076.6815594738327,1093.2041208873452,1108.2110887542983,1121.7843035571495,1133.9835784772622,1144.84721519292,1154.3927338842004,1162.6178982569218,1169.5021084746732,0.50
AUS,Female,IHD,glp1,9429.084996884794,113.51058710154577,384.5330977628182,113.51058710154577,271.0518085594431,257.64661416469426,252.4528012714109,252.64923148898745,256.1222175100738,261.61658694589823,268.33562177280146,275.7473039138531,283.4871429690611,291.3039472215896,299.02603446455214,306.5383670531137,313.76636149729893,320.6642337936901,327.20660698862594,333.38250054889795,339.1910405549843,344.638382873698,349.73546326006544,354.49628901122924,358.9365695728975,363.07255031028217,366.91996644335086,370.4930748660099,373.8037519730733,376.8606671587622,379.6685555026706,382.227620329415,384.5330977628182,0.50
AUS,Female,IHD,diet,6594.364603820019,0.0,395.5715606918493,0.0,4.833232015611429,11.064024975014036,19.77056090529732,31.81949505231205,47.63795859979655,66.99118451492541,89.01340680304384,112.5181730501481,136.36962441182368,159.70792513979725,181.99524568639208,202.9575545420721,222.499104057184,240.6291949883889,257.4115664509264,272.93360712793947,287.289353461314,300.5709565913312,312.8649080234445,324.25071925873635,334.80072817813743,344.5803164734898,353.6481820732279,362.0565134454701,369.8510233835223,377.070858042347,383.7484255594609,389.90920031701535,395.5715606918493,0.50
AUS,Female,IHD,combo,15815.932436770456,113.51058710154577,768.631499590445,113.51058710154577,275.685242823296,268.2579759544424,271.4328549558177,283.221268326075,301.9251174263063,326.0711164760924,354.03715110381563,384.15392580142907,414.963683204307,445.3837038899528,474.7186207091872,502.58323168968855,528.80503908233,553.3425209738307,576.2280572707314,597.5321404319056,617.3425293754244,635.7527800388089,652.8562162014696,668.7428385281546,683.4976863139545,697.1998202328596,709.9214940189959,721.7273203714776,732.6733746672871,742.8062587021013,752.1621889049638,760.7661926037599,768.631499590445,0.50
NZL,Male,IHD,glp1,4795.825108865884,45.19029463999732,178.6517700832237,45.19029463999732,120.87920251406332,127.32300914744155,132.55280876457664,137.36860849818277,141.89203256134078,146.1400402231202,150.10021663263615,153.75927006792426,157.1121338220937,160.16268943098203,162.9215837608317,165.40359387459284,167.62546101439602,169.60440323541752,171.35722554832773,172.89985779422386,174.2471507113023,175.41279422048046,176.4092632348129,177.2477345311563,177.93794966004134,178.48802279786833,178.90420930641176,179.19066134172408,179.34920198864256,179.3791499244453,179.27722338906187,179.03754614656464,178.6517700832237,0.50
NZL,Male,IHD,diet,2254.329773427403,0.0,127.8031311870036,0.0,1.6440822846279843,3.930572648266207,7.169217575567018,11.63271789020655,17.44455990199276,24.49375035098365,32.44843187223796,40.86805288388041,49.33485739387015,57.53356518831333,65.2680860164337,72.44104141096523,79.02272559665562,85.02373625315977,90.47546455172414,95.41785111411536,99.89243294980042,103.93878659153144,107.5929624247092,110.88698862416096,113.84888735058304,116.50289033568696,118.86969452995254,120.96669019218008,122.80814565030688,124.40535983699463,125.76680518603372,126.89828563545962,127.8031311870036,0.50
NZL,Male,IHD,combo,6980.943876764786,45.19029463999732,303.0998487267143,45.19029463999732,122.451608525977,131.08251991174984,139.41715308289304,148.51825389773876,158.6285131330551,169.66161551635014,181.2893707150206,193.07684862104816,204.6174056161963,215.61031672238823,225.87534565037183,235.33106367953587,243.96325685784268,251.79731546573112,258.87862608577143,265.26029901785023,270.99621218854463,276.13744075137674,280.73063847881986,284.8174314994312,288.4342624867386,291.61238086942376,294.3778389065901,296.7514525891329,298.74874188429385,300.37989179224496,301.6497840147367,302.55814543722045,303.0998487267143,0.50
NZL,Female,IHD,glp1,3094.838108193056,31.653504134862487,123.84194048320752,31.653504134862487,81.73431712521324,82.31859143011116,83.05707593127954,84.30978435898714,85.99672580643073,88.00231091213573,90.21900657619972,92.55918339856726,94.95569840035614,97.3585253791307,99.73065580567707,102.0445262912749,104.27931818411572,106.41909033279536,108.45157244570736,110.36742541982268,112.1597989906727,113.82405449091812,115.3575577299116,116.7594790119947,118.03056302203368,119.17285120756516,120.18935428544364,121.08368344645804,121.85965637175332,122.52089877161416,123.07046415884906,123.51049428996704,123.84194048320752,0.50
NZL,Female,IHD,diet,1662.420866037502,0.0,97.24685123051496,0.0,1.250911936115699,2.900329603445244,5.192206089530828,8.336865224058329,12.436990630868422,17.427046043195332,23.08144975684354,29.09414740399734,35.17318637853941,41.0982237136559,46.73244682136374,52.00765913319901,56.901974736755164,61.42042058779544,65.58137154424821,69.40827947760454,72.92519671847367,76.15468881651395,79.11710831914934,81.83056133611535,84.31116563884507,86.57337648652992,88.63026736664642,90.49371945310622,92.174512046965,93.68232729605596,95.02569280485476,96.21188944251526,97.24685123051496,0.50
NZL,Female,IHD,combo,4704.411235777647,31.653504134862487,218.3170995732457,31.653504134862487,82.93069364913435,85.09352037580538,88.03039178374274,92.30327459313094,97.93216918185271,104.7406811732044,112.4066294310619,120.5494979427922,128.82153852522742,136.95987548028097,144.79435043321428,152.2300719003888,159.2235643567269,165.76238024543227,171.8508709405637,177.50146013245694,182.72984463551165,187.5526588240864,191.9865269424204,196.0477995177821,199.7525496525596,203.11659447529064,206.1554286590008,208.88403220975488,211.3165596737981,213.4659431568566,215.34345384788185,216.9582703295792,218.3170995732457,0.50
ROU,Male,IHD,glp1,17847.239444818966,303.6820863828034,491.86384917702526,303.6820863828034,764.5231479070717,736.5126726090384,720.0329914518661,708.4052005759913,698.5407099804979,688.8015060630387,678.4087651740192,667.149942322656,655.1701505000201,642.8084120744898,630.4720621316483,618.5477907848472,607.3461664145216,597.0742017026641,587.8292977574238,579.6078411215749,572.3224865006596,565.8233394071467,559.9195472170322,554.3990125942983,549.0449516762783,543.6487910971227,538.0194374569583,531.9892898125545,525.4175408185329,518.1913677881021,510.2255900668752,501.46129625220783,491.86384917702526,0.50
ROU,Male,IHD,diet,11733.756604272769,0.0,571.0152119702652,0.0,12.714750171046036,29.219644921289728,51.87728627734032,82.17739210818036,120.3490530140116,164.9536752465865,213.2174311860581,261.9725277760772,308.564058191856,351.2759228489668,389.3036405564999,422.5127031355733,451.17168010567184,475.7421583418472,496.7395159386615,514.6519687236105,529.9003996745341,542.8241929133874,553.6824128227381,562.6631812942614,569.8966669293368,575.4688602812748,579.4344925982296,581.8282421621734,582.6738867638487,581.9913858873188,579.802067802113,576.1321946300086,571.0152119702652,0.50
ROU,Male,IHD,combo,29334.958402841225,303.6820863828034,1054.1254986032327,303.6820863828034,776.7665930791227,764.7010542742646,770.1590263418584,787.9109745816968,815.1089573063509,848.743834642104,885.3648502289107,921.691118042214,955.2817227671694,984.7904354551902,1009.8205714028882,1030.6067480783458,1047.703144473966,1061.7529541824006,1073.34673555446,1082.9514006569298,1090.8873369935536,1097.3347758331984,1102.3556787852283,1105.9219466467875,1107.9442033638406,1108.297867026653,1106.8449014229554,1103.450744010799,1097.9965867359606,1090.387565180372,1080.557580746885,1068.471510041083,1054.1254986032327,0.50
ROU,Female,IHD,glp1,14869.085799659042,312.3384839592145,444.94185169847697,312.3384839592145,730.0566767360506,637.2356324496795,587.5213810341957,557.8307619804837,539.670971869502,528.2666212552067,520.6842792090465,515.0891235142335,510.36615784165406,505.8942918028115,501.3878723709131,496.7773834657637,492.11889169167625,487.5273060459185,483.1298300082999,479.0361274065399,475.32172411994907,472.0213220476835,469.12903924444254,466.6030537402985,464.3726459930367,462.34614507419246,460.4187443116534,458.4795393798886,456.41744684837977,454.1258857573557,451.5062574168696,448.4703513856257,444.94185169847697,0.50
ROU,Female,IHD,diet,11828.457055869578,0.0,574.5563712641233,0.0,14.940581214774284,33.147396842963644,57.976589204638,90.86129026242996,131.77196237359385,178.8287572657282,228.8405035729884,278.4282692663801,324.9568472180945,366.8592518978912,403.4998625168482,434.8789099624992,461.362102550338,483.4892996705312,501.8551055901553,517.039846625441,529.5723703253279,539.9121863320615,548.44329183015,555.4750836448511,561.2475323057188,565.9387969366799,569.6740462521266,572.534623101772,574.5669523408906,575.7907927464548,576.2065932618862,575.8018394922401,574.5563712641233,0.50
ROU,Female,IHD,combo,26465.39388777942,312.3384839592145,1010.4681750132222,312.3384839592145,744.4434467850806,669.2602880459162,643.6451616541199,645.9222863999603,667.5881429070068,702.064820310592,743.3322696474643,786.2693857233317,827.1829009847861,863.9044163889666,895.5055845453317,921.895349748822,943.4680990222952,960.8511803581204,974.7418801780476,985.809796018424,994.6432756322464,1001.7245784942606,1007.423395700891,1012.0017715195208,1015.6256898922584,1018.3800601053008,1020.2848567776708,1021.3109127015304,1021.39442059855,1020.4496195829416,1018.3794512786662,1015.0841878048814,1010.4681750132222,0.50
BGR,Male,IHD,glp1,7645.842487454611,134.65361658271104,193.9968450202741,134.65361658271104,336.2653647522566,331.24842877949595,326.19931639217793,321.3733903785633,316.343177720526,310.87578563471106,304.8933278742734,298.4383379531773,291.63148194516725,284.63125275522543,277.6024967182475,270.6951462249999,264.03182448702137,257.7022235753666,251.762247961884,246.236275452884,241.12127277406944,236.39183647407663,232.00549853812663,227.90784742610776,224.03717953070736,220.3285219009922,216.71696096457708,213.1402789936856,209.54094463069305,205.86753009266067,202.07563972853487,198.1284361914168,193.9968450202741,0.50
BGR,Male,IHD,diet,3673.681457119659,0.0,178.17636440727074,0.0,3.454737847263459,8.283240530985495,15.090508366110951,24.32643233692397,36.10059259000627,50.013137954136255,65.22124109233664,80.72070510053527,95.6422827319402,109.40462023070904,121.71748497235605,132.50875857872597,141.83956222789493,149.83702313381582,156.65012349393328,162.42435447392927,167.28913512285362,171.353041371196,174.7034473754702,177.4084458044017,179.51977629886824,181.07603544191625,182.1057718175525,182.63026644936872,182.66591474077904,182.22619313228824,181.32323111972983,179.96902837636117,178.17636440727074,0.50
BGR,Male,IHD,combo,11232.877592758165,134.65361658271104,368.9553437358372,134.65361658271104,339.5911470201172,339.227242765608,340.7523540977654,344.85872498657045,351.2301274445417,359.25391675730134,368.0426565539656,376.6692595419954,384.4107799098984,390.85748849939046,395.8865752638612,399.57182981571896,402.0899243783042,403.6499217774581,404.4495414086341,404.652606076339,404.3806819064957,403.7132417907087,402.6924211383212,401.329851440727,399.6140488455003,397.51748529553697,395.0028836235397,392.0285366650187,388.5526086673035,384.5364700136615,379.9471659044557,374.7591408508779,368.9553437358372,0.50
BGR,Female,IHD,glp1,6196.6907426488815,123.39080204534366,166.39168384030015,123.39080204534366,295.6379399866346,274.1968409317087,260.211198044919,250.90062622611367,244.25831037169883,239.065822950035,234.597240329751,230.44476266319725,226.40052620374445,222.37752868968343,218.35825515594843,214.36203047335948,210.42463894070897,206.58585893645795,202.8820893927368,199.3422686648792,195.98593963757776,192.8227196279168,189.85268142086892,187.0673050452752,184.4507583660616,181.98133191875783,179.63290285460243,177.3763412209355,175.1808023099802,173.01487291719425,170.8475577743029,168.64910570818756,166.39168384030015,0.50
BGR,Female,IHD,diet,3401.725937931265,0.0,163.79524932569075,0.0,3.352172883282037,7.834841558356857,14.120822503538877,22.723075854723,33.82965590362255,47.11241220292322,61.76064220704029,76.75151649949112,91.16388618756356,104.35886639394266,116.00289535428963,126.00230237511823,134.41765756010136,141.39225588472073,147.10310300591846,151.7312826639427,155.44589234363775,158.39649363835633,160.71053664400824,162.49352328187524,163.83058088608595,164.78868546832564,165.41911024046203,165.75986751690107,165.83802079146335,165.67180517461748,165.27252952173694,164.64625405952938,163.79524932569075,0.50
BGR,Female,IHD,combo,9519.314107380207,123.39080204534366,326.9941903230447,123.39080204534366,298.8649857501405,281.75008537088434,273.84498434948,272.8656262292916,276.9917654185301,284.69438298183377,294.4690063852977,304.9198908944036,314.94458361239595,323.8310165353814,331.2307523349664,337.06488620006166,341.4217668239053,344.4755825820721,346.43139843804056,347.4920731377588,347.84042890411,347.6311072771623,346.9882115365981,346.0062314735769,344.7527138552414,343.2717573335285,341.58778621723286,339.7092838826047,337.6323039517738,335.34366232255525,332.82376672435385,330.0490744886374,326.9941903230447,0.50
ISR,Male,IHD,glp1,3678.6905711989752,35.160062083708,153.5588931501661,35.160062083708,90.42075166437188,93.4704717439722,96.28193266768584,99.1998413058941,102.19203929415426,105.20763385061356,108.19566292566331,111.11199626963707,113.92281348221786,116.60590502996092,119.15047627033482,121.55593862903196,123.830074841645,125.986894597836,128.04442996138823,130.02265372291097,131.9416418916726,133.82004779356885,135.6739121401124,137.51580167812335,139.35424800691453,141.1934464087426,143.03317020552095,144.86885723641626,146.69182964537777,148.48961460292594,150.24634050548138,151.9431895929265,153.5588931501661,0.50
ISR,Male,IHD,diet,1794.5365713400292,0.0,118.31462141484371,0.0,0.8886058985467571,2.203152467649033,4.140300356448279,6.891224004848482,10.575700801769017,15.18134493536536,20.554332610846814,26.451340643845924,32.61401767749703,38.8234156469739,44.921442980672055,50.80886463146271,56.43321687171374,61.77518964312458,66.83706814663492,71.63403004567772,76.18797914594961,80.52332454265797,84.66416215615027,88.6324431941348,92.44683417321812,96.12206404374136,99.66861712112586,103.09267306053243,106.39622380587116,109.57731724020688,112.63039132871108,115.54667274980966,118.31462141484371,0.50
ISR,Male,IHD,combo,5410.798930020078,35.160062083708,268.0552898848582,35.160062083708,91.27184668145765,95.5790495502274,100.2459594609204,105.80113944037883,112.32839986666204,119.7665159856806,127.91860275758836,136.50834652327012,145.25460477096067,153.9249002283805,162.35599282293697,170.4510045419056,178.1662098015081,185.4959779159817,192.45956564361583,199.0907231446954,205.4299451989791,211.5188813511268,217.39641749719613,223.09602887374967,228.6440963240757,234.0589516730816,239.35047331564056,244.52009437759352,249.5611175309923,254.459255726847,259.19333838050625,263.73613866555297,268.0552898848582,0.50
ISR,Female,IHD,glp1,2164.1787533548136,26.54778626366351,90.91105193780004,26.54778626366351,63.3971866584418,61.22216958116815,59.94828396763069,59.53018080367019,59.76016258358891,60.47626315156958,61.54834921783913,62.86946958974113,64.35187796092441,65.92506732362108,67.53439199433615,69.13963758511227,70.7133374214136,72.23885381068567,73.70833294899876,75.12066123708337,76.47953454597427,77.79172185265224,79.06557241314704,80.30978712776596,81.5324523954041,82.74031902931756,83.93829917391531,85.12914959871796,86.31330906107178,87.4888594441818,88.65158402809448,89.79510064728265,90.91105193780004,0.50
ISR,Female,IHD,diet,1197.7020888950865,0.0,75.89943908272153,0.0,0.6819459770367757,1.637910368429857,3.0143743695959984,4.949238833549089,7.528290700698108,10.743178540829833,14.484671305904612,18.579081201564804,22.840964837825595,27.111916291756188,31.27613583281164,35.259446042253785,39.021178798806886,42.5449383611749,45.83073715146247,48.88904216879882,51.73650251768049,54.392951763734345,56.87932081953159,59.2161898047093,61.42279128330483,63.5163387211428,65.51159496202035,67.42062168601706,69.2526674165747,71.01416246288773,72.70879662733296,74.33766096492946,75.89943908272153,0.50
ISR,Female,IHD,combo,3319.267099409328,26.54778626366351,164.26100521007493,26.54778626366351,64.05034552665006,62.7898935029807,62.834587304534125,64.2714856367163,66.97576364214729,70.77839563101588,75.44553340670791,80.70445247863154,86.2898889572125,91.97924612354473,97.60626317338848,103.05880750492406,108.26955845204157,113.20533478078367,117.85756965199334,122.23458666876832,126.35557914533956,130.24599289892603,133.93401835197892,137.44795611638983,140.81427693889464,144.05623910868235,147.19295543252974,150.2388219944396,153.2032358835122,156.0905412901725,158.90015405028726,161.62682428239668,164.26100521007493,0.50
NGA,Male,IHD,glp1,19206.06411935536,338.5625941314865,859.1378745345428,338.5625941314865,790.1885530431828,715.3357968380296,655.1459342945673,609.1085338688863,574.5937498644707,549.5795722096082,532.4896721762852,522.073745026195,517.3260435407283,517.4253354197208,521.6896194958172,529.5419232219065,540.4845601092893,554.0798168201145,569.9354855887796,587.6940182471371,607.0243681223365,627.615817499056,649.1732736737395,671.4136662650708,694.063199271739,716.8553070141861,739.5292350779055,761.8292164329396,783.5042401122846,804.308417266875,824.0019403431434,842.3526098453294,859.1378745345428,0.50
NGA,Male,IHD,diet,4589.306989389814,0.0,308.5813384034118,0.0,2.999249547654472,6.965920752576494,12.521303692279616,20.16534211108228,30.12421694831573,42.21926719131443,55.90505504950124,70.47565255091467,85.29257119843533,99.9098195836632,114.08542970031704,127.73267028842383,140.85986655373563,153.52203840001312,165.78910790148802,177.7277352323581,189.3923304413329,200.82155986749424,212.03784928811365,223.0483580014188,233.84655973549525,244.4139776038573,254.7218624628149,264.7327404714597,274.40182839451154,283.6783499405137,292.5067984494963,300.8281896278204,308.5813384034118,0.50
NGA,Male,IHD,combo,23715.20986794296,338.5625941314865,1162.9963493733158,338.5625941314865,793.1101154455755,722.1246454607463,667.3584466988832,628.7896342802051,604.011840451858,590.8322680507117,587.145213985219,591.0125238645851,600.804310229476,615.261605290958,633.4632661749274,654.7448798296391,678.6146409015491,704.6869091556291,732.6366319023873,762.1706370269603,793.0105710062926,824.8832083929155,857.515182113355,890.6302748473317,923.9481761433854,957.1841071575908,990.049024200227,1022.2502956692624,1053.4928462104144,1083.4808041576616,1111.9196916198343,1138.5191741705785,1162.9963493733158,0.50
NGA,Female,IHD,glp1,24248.333174409898,338.96016148752824,1133.2916050332278,338.96016148752824,799.4967927644175,744.7154263177945,705.1467893794252,678.1863372273365,660.7950800582694,651.0579666447738,647.6438220400814,649.5564109921688,656.0101929898228,666.3609200700666,680.0644039054387,696.6511407113139,715.7101527506748,736.8781433735421,759.831590961956,784.2803357224402,809.9618083945097,836.635447246772,864.0771229342135,892.0735803310454,920.4170343136576,948.9001347407028,977.3115519602434,1005.4324337995348,1033.0339539253764,1059.876116201558,1085.7079075432555,1110.26881058875,1133.2916050332278,0.50
NGA,Female,IHD,diet,5595.971900991943,0.0,395.3967821695842,0.0,2.6017619467529585,6.173560952222033,11.385635294835083,18.839353877338,28.92687310517067,41.66957158589503,56.69286695931805,73.37525729474146,91.0591950292728,109.19857841503108,127.4085374556962,145.45029970287578,163.19245831308945,180.5729091531976,197.5699684319552,214.1831091175627,230.42107474241493,246.29490092354536,261.8139205038969,276.98345605767827,291.8034050202841,306.2672733988147,320.3614423123945,334.0645918991504,347.34728703116707,360.17176846215443,372.49200503398606,384.2540568019176,395.3967821695842,0.50
NGA,Female,IHD,combo,29744.713006872167,338.96016148752824,1522.486979166788,338.96016148752824,802.0311633670717,750.7308436405656,716.2476030772232,696.5645364290613,689.0281530806533,691.7483254635736,703.0325227385692,721.2810355690308,745.0677890730294,773.2149608425752,804.8009112032596,839.1206761527719,875.6324802760209,913.9100163198236,953.6064745818294,994.4293640784964,1036.12313076789,1078.4567346111871,1121.2141402870693,1164.1864712596434,1207.16519038369,1249.9360890504322,1292.274125207914,1333.9392871763412,1374.6737074066475,1414.200233701311,1452.2226053547347,1488.4272951174353,1522.486979166788,0.50
EGY,Male,IHD,glp1,124109.96097212154,1811.7275602632872,4345.460336093092,1811.7275602632872,4473.021311911623,4331.529290200851,4233.816007618414,4165.769836029096,4115.410164864792,4077.039171833254,4047.978307577927,4027.07889714677,4013.950042397628,4008.526056650997,4010.813904442388,4020.741249766201,4038.0639478744415,4062.311695523531,4092.760829425272,4128.428298234794,4168.083066845051,4210.272038734896,4253.357785650704,4295.56536691857,4335.035497413133,4369.881357405044,4398.24644477031,4418.361044032703,4428.595117170073,4427.505700125737,4413.87721090854,4386.753434292419,4345.460336093092,0.50
EGY,Male,IHD,diet,28544.564759380213,0.0,1632.263958753174,0.0,19.58729657776712,46.34564069814223,84.7267936837452,138.25634205259848,208.6224981416599,294.6504240286304,392.40911430012784,496.558415067906,601.979935402429,704.788903283421,802.5659687984153,894.1182691380964,979.097404154396,1057.652264583652,1130.172520563472,1197.1199772294494,1258.9272379566685,1315.942867829668,1368.4070490665326,1416.4466744948586,1460.082592606777,1499.2442573137232,1533.7886491448153,1563.521332749544,1588.218132380396,1607.646299140004,1621.584309323196,1629.8396309169475,1632.263958753174,0.50
EGY,Male,IHD,combo,151839.47780383483,1811.7275602632872,5944.612460649543,1811.7275602632872,4491.6199051084695,4375.604046888155,4314.530232064659,4297.679125419294,4314.738484374087,4358.95602903681,4423.95507489919,4503.511704597942,4592.334915521613,4686.609445546026,4783.979118376243,4883.179029934341,4983.585601300991,5084.833714690292,5186.544750883768,5288.158230204601,5388.844566338579,5487.47664729727,5582.642496219312,5672.685848669004,5755.764984395617,5829.922574740951,5893.160937676206,5943.518211195682,5979.1417710217065,5998.355869681109,5999.721048171719,5982.083418668364,5944.612460649543,0.50
EGY,Female,IHD,glp1,92227.25254343318,1464.0578621838504,3713.958871256648,1464.0578621838504,3350.594700961737,3014.6929813295137,2851.316151103034,2763.7516822869657,2714.852681906923,2689.789866151652,2681.6727381414094,2686.801228445751,2702.941701454227,2728.626792975134,2762.822272178033,2804.733963178398,2853.675590002211,2908.970570760124,2969.878851042085,3035.545608524262,3104.970064464229,3176.992657654468,3250.2985330450465,3323.435010617308,3394.8405062502134,3462.882269110444,3525.900261072733,3582.254524207645,3630.373465212382,3668.800639051886,3696.237844733434,3711.582654131431,3713.958871256648,0.50
EGY,Female,IHD,diet,24319.30932295324,0.0,1462.1647014750051,0.0,20.30059884345974,44.649395223968895,78.0476030614227,123.71694190072594,182.94788544114272,254.4992820102343,334.8905307813111,419.6680811206024,504.78660930834303,587.3712761358765,665.8041500670661,739.4494197808526,808.3024095640139,872.6977437858877,933.1068120424316,990.011215964798,1043.829892285139,1094.881149292807,1143.3666779014602,1189.369364772836,1232.8599224348727,1273.7092777016514,1311.7047507005336,1346.5686460259603,1377.978186948225,1405.585889874288,1429.0395794195065,1448.0013290888164,1462.1647014750051,0.50
EGY,Female,IHD,combo,115883.6512265704,1464.0578621838504,5145.94021213465,1464.0578621838504,3369.870591232888,3057.2343778075447,2925.8553597442515,2882.1074178069102,2890.125826651725,2933.9504431905807,3003.403260910127,3090.535536397146,3189.223756120889,3295.209661158093,3405.8636709909188,3519.739050323391,3636.108973675015,3754.590385002797,3874.876319283838,3996.56196338794,4119.041982621595,4241.459698766936,4362.693798644919,4481.37245034067,4595.907532098761,4704.54340584451,4805.415669311216,4896.615903361118,4976.258807871665,5042.548429324932,5093.840509531554,5128.698370849976,5145.94021213465,0.50
BGD,Male,IHD,glp1,34527.89597982615,543.6114235566201,1211.5793298395583,543.6114235566201,1314.6858508742152,1229.3635681024607,1171.698765574125,1135.0107801720733,1112.281092694946,1099.1619657816043,1092.885435957127,1091.6207982862834,1094.1064703690065,1099.4339600506937,1106.918775936996,1116.021645051631,1126.29914400712,1137.371887305635,1148.9035649792932,1160.5869937523676,1172.134922885627,1183.2742020742735,1193.7424055254378,1203.2862920157204,1211.661657032586,1218.634245741734,1223.9814676046371,1227.4946978593944,1228.981976434763,1228.2709281214047,1225.2117349150358,1219.6799973237794,1211.5793298395583,0.50
BGD,Male,IHD,diet,100587.06704309196,0.0,5344.164958380483,0.0,79.30779953357705,189.90494427084923,347.0393471309071,563.7924196345411,845.6689150037855,1186.2826635308302,1568.0642978833785,1968.0772265211272,2364.8423633879866,2742.452074807777,3091.391416528524,3407.419886535936,3689.904307497724,3940.341590406752,4161.289071362058,4355.67498670175,4526.3914007647545,4676.075314838381,4807.007292454131,4921.08015412878,5019.807734502683,5104.355415354832,5175.58157392242,5234.083621735015,5280.245005463425,5314.281104685942,5336.282843325345,5346.257312798261,5344.164958380483,0.50
BGD,Male,IHD,combo,134231.97089514666,543.6114235566201,6520.4864430260495,543.6114235566201,1392.789214383767,1416.4285923660643,1513.7123068034562,1690.885243372919,1946.417837013767,2269.7441645161744,2640.840881844095,3035.2923261489777,3430.641247958032,3810.237932955264,4163.938986049907,4486.943049664726,4778.108986428037,5038.472991080693,5270.174281787709,5475.760263176926,5657.773863312264,5818.529472763883,5960.007314864779,6083.819032037194,6191.214519923233,6283.111645286204,6360.137847555743,6422.677129296906,6470.918623242615,6504.904481306556,6524.575712361024,6529.815081063076,6520.4864430260495,0.50
BGD,Female,IHD,glp1,20122.44117536237,256.1352852461132,786.0472318497195,256.1352852461132,623.598669971303,583.2407727930549,566.6913604695219,562.7155214992526,565.5109518606914,572.3586825040984,581.8293572047696,593.0758279098081,605.544344455775,618.8462676144409,632.693824299582,646.8632544932625,661.1710943415383,675.4577923303877,689.5760983568471,703.3829557880235,716.7341707182204,729.4813768132735,741.4709270888416,752.5443940165715,762.5403780267225,771.297328985238,778.6570862837834,784.4688477040618,788.5932893163699,790.9065801569668,791.3040662311978,789.7034370329347,786.0472318497195,0.50
BGD,Female,IHD,diet,64458.1308042093,0.0,3692.9185006271,0.0,52.14231056826975,120.36862946094334,215.4593200355739,345.9708936271636,515.4222761226265,719.9128524196858,948.7800778711388,1188.3510727043176,1426.1855819476625,1653.5001588008454,1865.487727222048,2060.457082205394,2238.698221253348,2401.532866213485,2550.665796223984,2687.797774747858,2814.422507999101,2931.73888490221,3040.6297786030336,3141.676588537579,3235.1914255211013,3321.2569248639484,3399.7684342796856,3470.4759485508985,3533.0245054335537,3586.9923759468074,3631.926622546016,3667.3756649739225,3692.9185006271,0.50
BGD,Female,IHD,combo,84006.03977552996,256.1352852461132,4452.375652901887,256.1352852461132,674.9491028479388,701.8429303965022,779.109961934184,903.9599351028736,1074.097207049483,1283.0047568196896,1518.7780889042042,1767.0993708707974,2015.127713581693,2253.770116961605,2477.9465900440846,2685.71664267304,2877.143199594415,3053.3417845799268,3215.8282855568687,3366.1269714838127,3505.562546893547,3635.168449873861,3755.663147232452,3867.463721447726,3970.71854505752,4065.3487972940056,4151.093279751178,4227.553592997312,4294.238083973003,4350.60361533043,4396.094482866654,4430.177916263157,4452.375652901887,0.50
USA,Male,IHD,glp1,319234.5095998901,3535.8310871115536,10719.417945984926,3535.8310871115536,9168.111869810906,9491.633571114042,9755.817414781195,10000.628265616368,10227.575553105096,10436.120952374244,10625.395152078823,10794.675726553369,10943.547124012548,11071.9202286551,11180.001254957577,11268.25139847165,11337.351145945317,11388.169928084651,11421.73728515912,11439.211677653131,11441.844774831028,11430.940986769972,11407.81350380485,11373.73899579409,11329.913465303602,11277.411690349458,11217.152382487198,11149.870742210886,11076.099595455627,10996.159790683538,10910.160052355905,10818.006038374384,10719.417945984926,0.50
USA,Male,IHD,diet,152743.19955245446,0.0,8505.594394763873,0.0,96.71324023930356,236.5441757671652,439.0693098890479,722.1142633963027,1095.2845224589691,1554.3873845440105,2081.326343551278,2649.953678392864,3233.63688826171,3810.365960598225,4364.437759600987,4885.916002962564,5369.273556684086,5812.035588136292,6213.71769805887,6575.083679372096,6897.65518845222,7183.394895523961,7434.500776569301,7653.26890344749,7841.997996966704,8002.920037720702,8138.14824688778,8249.637929144781,8339.157993070083,8408.272132844257,8458.32913560298,8490.461869546562,8505.594394763873,0.50
USA,Male,IHD,combo,467127.3470120978,3535.8310871115536,18997.26606032276,3535.8310871115536,9260.590039801726,9717.739300790592,10175.806742225075,10691.928639860533,11276.988557099889,11926.642157397582,12622.871035083022,13340.011130799074,14052.139520637167,14738.001212684205,15382.623634651653,15976.790022698406,16515.725066391635,16997.77731033857,17423.378911858483,17794.305269774166,18113.16942938697,18383.077008011925,18607.383739983896,18789.517176992144,18932.839507119264,19040.53890373837,19115.543213929748,19160.45336144424,19177.495576612884,19168.49218925508,19134.850702320284,19077.57050377695,18997.26606032276,0.50
USA,Female,IHD,glp1,227016.85205319212,2565.3412654423446,8077.919693228905,2565.3412654423446,6497.506502908684,6522.900548348058,6606.332531104854,6729.1884206508985,6871.328090789291,7021.862058450701,7174.11811436867,7323.535624233744,7466.796355913975,7601.427235473966,7725.595320258639,7837.989116128883,7937.7419998281985,8024.376388487581,8097.756995400996,8158.046590620943,8205.660879475297,8241.221269440372,8265.50571642071,8279.398693616386,8283.841750704916,8279.786254218547,8268.14982687065,8249.777813460212,8225.410848188854,8195.659316627425,8160.985214693414,8121.69161783607,8077.919693228905,0.50
USA,Female,IHD,diet,133411.7367794854,0.0,7551.1375548137,0.0,91.84763958200348,216.08865151600912,392.2397816987359,636.7440365552611,958.3020360311784,1353.4083029099857,1806.4904111672656,2295.159434609436,2796.817633855506,3292.9886403263663,3770.6260452909046,4221.53400291258,4641.150532469736,5027.386885233689,5379.750026425754,5698.748665477848,5985.513107653824,6241.556787940732,6468.624826779065,6668.593416272721,6843.397998741304,6994.977732598083,7125.229702106386,7235.969846179418,7328.89953182498,7405.577681711642,7467.398772438872,7515.577094362408,7551.1375548137,0.50
USA,Female,IHD,combo,356154.0783833744,2565.3412654423446,15417.122446568685,2565.3412654423446,6585.33213676716,6729.574159959069,6981.811735321448,7339.225974683359,7790.14907378162,8320.509374628688,8908.870871470252,9529.305708114029,10156.836845440586,10771.205238575232,11357.949775684392,11907.762164315269,12415.263597098354,12877.846755120729,13294.792137349024,13666.655340634868,13994.856871869822,14281.405076730704,14528.70041937317,14739.387626952608,14916.236078351503,15062.038031485514,15179.519916197576,15271.265108789725,15339.64823154459,15386.781691837765,15414.475281986117,15424.209447300178,15417.122446568685,0.50
JPN,Male,IHD,glp1,26965.539905738777,418.6508612853504,786.9792384236716,418.6508612853504,1018.158464303182,1014.3239153289178,1009.4771552139864,1005.7825484756175,1002.2330762361526,998.1709282653756,993.2167893381412,987.187381296826,980.0415005535032,971.8412310703424,962.7208237805752,952.859960015994,942.4604469804326,931.7264379897388,920.8485384185988,909.9920285184636,899.2891573154047,888.8351832662956,878.6876271886213,868.8680828722427,859.3658954025304,850.1430487785547,841.1396815657936,832.2797521029424,823.4764868037964,814.6373542115107,805.6684055737933,796.4779051624209,786.9792384236716,0.50
JPN,Male,IHD,diet,22289.612842524315,0.0,1243.120381448607,0.0,15.301685363781871,38.66019117718679,72.76903609240253,119.91319731649128,180.82499016389195,253.88568359817145,335.3639411859622,420.6024042942299,505.32489553981577,586.3886584116408,661.9126363916002,731.0512752658105,793.6721377769572,850.0705652301694,900.7599076427869,946.3324399304402,987.3738642143072,1024.4148626457536,1057.9071157544022,1088.2150377854268,1115.6173446690373,1140.3145146525203,1162.439483177783,1182.069765046399,1199.2397799884277,1213.9525724058185,1226.1904203047743,1235.9240550497198,1243.120381448607,0.50
JPN,Male,IHD,combo,48873.80302849983,418.6508612853504,2009.9951566679883,418.6508612853504,1033.1714046358538,1052.233951583723,1080.8360027012532,1123.3879727752355,1179.6073797852005,1247.2550499002973,1322.296269788916,1399.980728036884,1476.070611334042,1547.540655588222,1612.674197812681,1670.8156870193488,1722.0318536110062,1766.812363740326,1805.8482255667327,1839.883499180949,1869.6235682307888,1895.68347716122,1918.5634828164984,1938.642599500512,1956.1836828377416,1971.3455317090704,1984.1988187132736,1994.743595702501,2002.9268038265875,2008.658732886193,2011.8277712802592,2012.313092821176,2009.9951566679883,0.50
JPN,Female,IHD,glp1,18884.09692197349,346.21206340258504,549.1386107883227,346.21206340258504,812.243387185641,775.1086655118852,746.666537301302,725.9780571635056,710.4612689393471,698.372629185651,688.5176953831324,680.0598369576837,672.4107777242752,665.1653517262966,658.0591785847864,650.9378597373507,643.7319923104296,636.4354797909982,629.0862860982743,621.7495482884478,614.503222127496,607.4264288765189,600.5905504771363,594.052970614488,587.8532266678667,582.0112424206527,576.5272583422338,571.3830616081832,566.5441341556216,561.9623751173713,557.5791054395158,553.328120046499,549.1386107883227,0.50
JPN,Female,IHD,diet,19759.623306666224,0.0,1047.300364855968,0.0,17.12263988772611,41.12116080965643,74.74765123474208,120.22246381139848,178.20209142893145,247.06844884678867,323.1982362488634,402.1154451112161,479.734418070766,553.0618764800529,620.3077806796064,680.6686961577288,734.0279258566297,780.6942196944001,821.2112780716488,856.2308364845812,886.4322348556889,912.4730873091612,934.9600553028432,954.4326018546273,971.3552943873364,986.115891679554,999.0274222514344,1010.3330132315969,1020.2125480310132,1028.790431428468,1036.1438843253636,1042.311308278433,1047.300364855968,0.50
JPN,Female,IHD,combo,38312.83768748267,346.21206340258504,1579.816733004991,346.21206340258504,829.0429203651729,815.4367872748917,819.9787483868495,843.9107725726062,885.3002897023034,940.82294852021,1005.7351652858632,1074.8113151275174,1143.45302905899,1208.3134609946935,1267.3652264931516,1319.6584783765284,1365.00268653495,1403.6890984701677,1436.2847646268349,1463.491103008535,1486.0505019795964,1504.6860957665267,1520.064003597392,1532.7709594080516,1543.3027568078833,1552.060470657918,1559.352314503325,1565.3995182675862,1570.3449390434323,1574.263351714697,1577.172558119673,1579.0446264097482,1579.816733004991,0.50
GBR,Male,IHD,glp1,52056.01410823436,668.4606990059838,1711.1770427059018,668.4606990059838,1701.978332007835,1729.0473611414127,1744.337672672751,1756.753298633921,1767.3508130152331,1776.3907352617025,1783.8911150988642,1789.8559207886356,1794.3593002499474,1797.5494986103586,1799.6179968855286,1800.761836222031,1801.153154219115,1800.9207405831548,1800.143223470397,1798.851140654384,1797.034539786131,1794.653074903872,1791.6462865024296,1787.9425536492054,1783.4659240307592,1778.1405920215984,1771.8931916536822,1764.6533152218617,1756.3527861918774,1746.92423733927,1736.299500269255,1724.4082254372624,1711.1770427059018,0.50
GBR,Male,IHD,diet,23093.274393612708,0.0,1306.8559306599418,0.0,16.078510982828448,39.38835841229593,72.76645396644744,118.70216909384908,178.23382432105427,250.11631041034707,330.9763979200434,416.4265517959211,502.347784097532,585.6545259228005,664.4436455788891,737.7826610367774,805.3966243315081,867.3925371217192,924.063021550246,975.7641716185026,1022.8483458292684,1065.6328137419623,1104.3896224046111,1139.346730238918,1170.694156342688,1198.5915005194329,1223.1749128034717,1244.5626766801288,1262.85921864368,1278.1577144580078,1290.5416310775618,1300.0855920522736,1306.8559306599418,0.50
GBR,Male,IHD,combo,74397.8138422845,668.4606990059838,2980.355069940452,668.4606990059838,1717.3907297879268,1766.7830377080609,1814.087879408588,1870.6102528864576,1938.423565837708,2016.617614018564,2101.9931333668574,2190.351991954012,2277.810562537721,2361.5407825515504,2439.887557503549,2512.132444322604,2578.16550544354,2638.20350662111,2692.594685889817,2741.7030394525937,2785.8506940103034,2825.2972312967977,2860.239701440973,2890.8222821562376,2917.148771705455,2939.2941550391624,2957.3135311137885,2971.247979215994,2981.127689243607,2986.973053770933,2988.7945433452114,2986.5921517089446,2980.355069940452,0.50
GBR,Female,IHD,glp1,27716.82520183163,420.6484029605272,941.6020850305248,420.6484029605272,1020.5679346148464,994.1631095819904,971.4050420859712,954.8802627551632,943.3207832536792,935.5314705124364,930.4996964823296,927.4188355190344,925.6852542037086,924.8746563306886,924.7068291637006,925.0072595563324,925.671642745725,926.636649955075,927.858170792584,929.2967864501952,930.9093964277126,932.64556605287,934.4471289403735,936.2497373857076,937.9853073265696,939.58458645262,940.9793425525932,942.1039008342595,942.8959431242764,943.2966164077188,943.2500862247398,942.7027181076774,941.6020850305248,0.50
GBR,Female,IHD,diet,12205.481645468592,0.0,714.2197048948765,0.0,8.647756392667361,20.891609365593467,38.24125679623103,62.02018457073427,92.80712922020756,130.00205341689434,171.89371465834847,216.22635155869648,260.8644438221636,304.1978788744564,345.2305025628193,383.4791052510154,418.8152065396207,451.3218366950059,481.1883235568239,508.6420757239212,533.9087435650326,557.1917657147496,578.6641699476968,598.4675694562939,616.7149745981224,633.495258577168,648.8779592671781,662.9176711645014,675.657663273676,687.1326085195615,697.3704674177716,706.3936600667657,714.2197048948765,0.50
GBR,Female,IHD,combo,39494.60822897673,420.6484029605272,1632.4481112984977,420.6484029605272,1028.8574249520825,1014.1755695099564,1008.0512389365248,1014.3438964097368,1032.3481865767062,1060.3031674696358,1095.5633853731924,1135.1626677718778,1176.4474717230369,1217.442862866512,1256.904336581396,1294.1845919397963,1329.0476550381463,1361.5029307367658,1391.6826649169598,1419.7618269609702,1445.9112363007043,1470.2739796077476,1492.9568683516554,1514.0308007329113,1533.535737189679,1551.4874392345157,1567.8841947007822,1582.7125313854049,1595.951472149718,1607.5752602962093,1617.5547247960712,1625.8575922090097,1632.4481112984977,0.50
DEU,Male,IHD,glp1,83814.20225024766,1093.8275551721454,2632.285766964138,1093.8275551721454,2822.666715088897,2885.7045997661044,2907.6693509654,2909.5937407043093,2901.01703610734,2889.2162275508454,2879.009619953649,2872.958546905589,2871.854175590197,2875.272942381024,2882.0758051475714,2890.79931028602,2899.931328670311,2908.086514966112,2914.104037310113,2917.089686233987,2916.4206938361604,2911.727095729628,2902.859478278552,2889.849870713253,2872.870344843148,2852.192389609685,2828.149122814968,2801.1017115620343,2771.4108711511653,2739.413921593776,2705.4075593970774,2669.636230954464,2632.285766964138,0.50
DEU,Male,IHD,diet,29693.747396648658,0.0,1549.4778130007762,0.0,23.854308673922787,58.35204178313143,107.228511982481,173.30992564788903,257.2037576974544,356.47291291817965,466.1468235503708,580.3306776046084,693.7978583858348,802.7805961003032,904.9870043959672,999.2471466648568,1085.113246928624,1162.552948541066,1231.7545902802522,1293.0183919456613,1346.7016851899098,1393.193716689566,1432.904411448224,1466.2582938300911,1493.6892084426363,1515.6341239361354,1532.5257504934707,1544.7844112849998,1552.809878875516,1556.973907253705,1557.614075072328,1555.0293780306963,1549.4778130007762,0.50
DEU,Male,IHD,combo,112674.04956819623,1093.8275551721454,4145.149596612115,1093.8275551721454,2845.5844018981734,2941.752323510809,3010.7505734261067,3076.3619953283487,3148.745354526676,3232.861436090156,3328.7583822170564,3433.318358700388,3542.281087534648,3651.568160178911,3757.805520921145,3858.377579531341,3951.319164050889,4035.195312036944,4109.010718733727,4172.146357573569,4224.311111117582,4265.4986777962185,4295.944488262452,4316.080828427395,4326.490463950599,4327.860130365327,4320.935662850505,4306.480548885622,4285.239458412791,4257.907943074548,4225.109069025944,4187.377307984119,4145.149596612115,0.50
DEU,Female,IHD,glp1,56769.28189630066,847.2799031415489,1877.321332175052,847.2799031415489,2124.777019757399,2082.595440028337,2037.915193793393,1997.470739080905,1961.218930670308,1929.8897664375984,1904.375574748934,1885.2671515425168,1872.6735298653948,1866.2304934019485,1865.2032812666148,1868.6180511602145,1875.3856501771224,1884.401929939908,1894.621012930671,1905.1038510764336,1915.0465593434928,1923.7931935227389,1930.837022690379,1935.8135401803736,1938.48773512106,1938.7375899209585,1936.5353667956808,1931.9279560912687,1925.017336728095,1915.9420110276403,1904.8601020129136,1891.9346316717565,1877.321332175052,0.50
DEU,Female,IHD,diet,24557.64565339645,0.0,1322.1925302743766,0.0,23.06324035617581,54.39810312834743,97.99304641399068,156.35770106344717,229.46993590977212,314.27452366109355,405.5592746064649,497.7972609860881,586.7132197095343,669.8406436983059,746.252332974429,815.9865702140087,879.5308439258952,937.4846357278292,990.3871819261984,1038.6559589250828,1082.5860122068698,1122.376166587419,1158.162474115903,1190.049010379429,1218.13192683339,1242.515800382229,1263.3228638552537,1280.6963587852078,1294.799442844349,1305.811040442015,1313.9198702971044,1319.3176831662422,1322.1925302743766,0.50
DEU,Female,IHD,combo,80614.97655875668,847.2799031415489,3165.342709805511,847.2799031415489,2146.934698963916,2134.862141968988,2132.154593427389,2147.980469798742,2182.305262249284,2232.9448270868743,2295.784273356723,2366.081570545037,2439.8002252777515,2514.1652084040834,2587.516180818333,2658.891552084955,2727.655752323873,2793.272990818412,2855.2121491426806,2912.933918655312,2965.916981236034,3013.6951816962683,3055.8906688330026,3092.236548743444,3122.5874841059995,3146.919175429677,3165.318780586327,3177.9687006867607,3185.126142076362,3187.100647492727,3184.231474925371,3176.866345075294,3165.342709805511,0.50
GLB,Male,IHD,glp1,2631325.3839875385,34024.589713720605,96644.53423066065,34024.589713720605,84824.99970359914,84688.02645980008,84326.56772052031,84099.66834233608,84021.82246463094,84089.12744084839,84289.82655888423,84608.23217438255,85027.55961220525,85531.71442945302,86106.16920103319,86738.17001622543,87416.52911482938,88131.22056386713,88872.93353691977,89632.67526059039,90401.46502975374,91170.12591120228,91929.16104665956,92668.69366388676,93378.4501594212,94047.77036657836,94665.63554457387,95220.71075812356,95701.40300141554,96095.93914923258,96392.46856472456,96579.19424746,96644.53423066065,0.50
GLB,Male,IHD,diet,2775637.2184416987,0.0,168178.10645059682,0.0,1530.6753193642944,3793.231668494642,7108.671075899154,11779.550967219286,17979.023428496905,25653.75486099161,34518.075367564335,44149.83478609007,54117.407867287286,64066.32660690509,73747.85232408717,83009.23861741088,91769.69433824066,99996.30088072363,107685.16590309422,114848.37893153912,121505.64905283692,127679.24883501884,133391.12392443046,138661.3496208405,143507.38974373415,147943.81386398152,151982.26606569905,155631.56812329218,158897.89656486362,161785.0070882775,164294.49857296795,166426.1175917508,168178.10645059682,0.50
GLB,Male,IHD,combo,5357742.677221744,34024.589713720605,262229.8295196565,34024.589713720605,86319.8175412491,88391.2962711202,91268.76677935384,95607.71921863592,101593.19018260857,109170.82801796217,118051.27170759904,127807.28955021314,138000.5083166072,148267.93660349585,158351.0044324845,168086.5099364519,177383.11268007755,186197.50678850056,194515.60730323847,202339.4169901824,209678.5388093116,216545.00798970368,222950.3228370128,228903.8567320285,234412.09976754524,239478.3782966584,244102.84052421525,248282.58989617787,252011.9080277141,255282.5449582944,258084.0737488903,260404.31408103465,262229.8295196565,0.50
GLB,Female,IHD,glp1,2061772.51669992,26986.63148719352,81067.8512710128,26986.63148719352,66422.70640207361,65021.5605897652,63871.743730687536,63139.350709573366,62757.52995753428,62668.67172837863,62823.23226620117,63177.91886755917,63695.18005162198,64342.95740510896,65094.30813661497,65926.83684791159,66822.0016599996,67764.38699100539,68741.01909951773,69740.77073869761,70753.87268428039,71771.52866947092,72785.61776529718,73788.46344263665,74772.6494046282,75730.86658262368,76655.78150986694,77539.92214217968,78375.58209018875,79154.74761415925,79869.05342586618,80509.773428265,81067.8512710128,0.50
GLB,Female,IHD,diet,2363272.8216784485,0.0,147832.6101242341,0.0,1355.4891476011835,3303.40985819418,6119.993775316048,10058.197945626453,15257.537761512678,21666.5280371802,29042.637526211794,37036.08431933168,45296.1866721604,53540.9335681051,61577.26740226988,69290.36969879363,76622.47402718943,83552.75258733891,90082.14664607124,96223.20416945126,101993.7654859256,107413.25981288032,112500.64757407176,117273.3450506162,121746.705717355,125933.7984378012,129845.33189288528,133489.644347243,136872.72132113762,139998.2299168976,142867.57326729316,145479.97558775358,147832.6101242341,0.50
GLB,Female,IHD,combo,4383452.901973174,26986.63148719352,226587.69019943755,26986.63148719352,67746.44196567778,68247.09243359696,69849.75072934851,72968.30277293641,77673.35225652577,83858.37064326834,91238.06058383732,99428.02883204678,108048.04060619976,116789.85937373806,125436.92599410845,133853.5506081991,141963.674052638,149730.57090248447,157141.37314542197,164196.54508177284,170903.21055282932,177271.12966349255,183310.37096206652,189030.0121954177,194437.4344742364,199537.9402674837,204334.53785070777,208827.808736478,213015.8220187258,216894.0886288825,220455.5646957653,223690.7202586569,226587.69019943755,0.50
CHN,Male,IschStroke,glp1,374261.1867613997,2711.514216354408,14757.709866077174,2711.514216354408,7541.523461354896,8165.899468189804,8725.61415573943,9260.655951629742,9776.54356669658,10274.243710877725,10752.75667137513,11210.489621997462,11645.981984795537,12058.153295468888,12446.266529252403,12809.772845873842,13148.15157606802,13460.805596602382,13747.029635628802,14006.041626815451,14237.05392859201,14439.358582632383,14612.404806071429,14755.854093270376,14869.606063003186,14953.794909623915,15008.761205402669,15035.00666090194,15033.140471080784,15003.825450661823,14947.7307566104,14865.496052751085,14757.709866077174,0.50
CHN,Male,IschStroke,diet,867603.4166835189,0.0,49436.221997116,0.0,500.3880893635797,1241.068245409173,2326.723433969193,3856.629923310131,5887.688318449771,8401.996303113992,11304.399550442353,14453.705066032591,17704.56956692878,20936.461014301283,24063.583984981407,27032.032835444086,29812.02016312431,32389.94597433124,34762.14917772962,36930.59994376334,38900.191780204885,40677.17299984023,42268.31644609617,43680.52818292915,44920.69094366883,45995.61325013964,46912.00989541481,47676.477203677176,48295.45088357362,48775.14870365686,49121.507399355294,49340.12540715141,49436.221997116,0.50
CHN,Male,IschStroke,combo,1229826.5820715183,2711.514216354408,63604.59453477641,2711.514216354408,8032.428521700553,9383.26562295144,11008.564553176402,13045.973464853829,15557.250923721353,18526.29294865555,21859.17727773997,25416.02430470812,29052.75955667056,32649.80717808428,36121.87313470454,39415.08220599452,42499.25606308272,45360.06325575232,47992.87118809507,50398.55188811023,52580.89039997547,54545.12285537319,56297.19141000346,57843.40891724243,59190.32637730497,60344.676142393146,61313.32229757146,62103.18948408519,62721.16647094581,63173.99461325328,63468.157096079085,63609.78516815859,63604.59453477641,0.50
CHN,Female,IschStroke,glp1,279277.44032570487,2034.537857206888,11920.523855546371,2034.537857206888,5521.346940083953,5839.551192181592,6146.163836658525,6464.410527242231,6794.358778954658,7133.766403494752,7479.232833308051,7826.966728572501,8173.33346230397,8515.140161035466,8849.704971088679,9174.791584951688,9488.48701494711,9789.079965456622,10074.972404199536,10344.635579942726,10596.606845211005,10829.515477365348,11042.123049813325,11233.365066854749,11402.383863422554,11548.54682855634,11671.447892026745,11770.893359213136,11846.875347470284,11899.537251491216,11929.13597152452,11936.005275580334,11920.523855546371,0.50
CHN,Female,IschStroke,diet,668485.3916234531,0.0,40475.06982652936,0.0,358.30485979106743,882.9357786916662,1649.9302507412503,2731.9719326712657,4173.151106071484,5966.167323636706,8049.933262982522,10330.541169137929,12709.885550812003,15105.611187701812,17458.102610333124,19728.771300977794,21894.97553904855,23944.79142552044,25872.87210300984,27677.57584643294,29359.150292380946,30918.682100098464,32357.556445738184,33677.23157412454,34879.19021761115,35964.974918548134,36936.24843342218,37794.845403448446,38542.79925495642,39182.340378451394,39715.86924723629,40145.91228334722,40475.06982652936,0.50
CHN,Female,IschStroke,combo,938299.1320383952,2034.537857206888,51889.95706664072,2034.537857206888,5872.86143964302,6705.664965853619,7765.151937252143,9146.013131794112,10891.841767127218,12993.563497802244,15388.14425402903,17979.835192832747,20668.75864968286,23370.78186307452,26024.49590549897,28589.52515305172,31041.462301763124,33366.64072221995,35557.99379975675,37612.19466373464,39527.86811602267,41304.58064320416,42942.34506592923,44441.436363181565,45802.37343625119,47025.96965068125,48113.39217961626,49066.19777591969,49886.33221140201,50576.09369783592,51138.06844474864,51575.05028463842,51889.95706664072,0.50
IND,Male,IschStroke,glp1,90427.51947182904,721.610042554792,4099.173633233178,721.610042554792,1924.5516260779405,1999.4566189353643,2075.8490746090247,2157.0269750633743,2240.945236751169,2326.485445441096,2413.073217453086,2500.416964201664,2588.369948546984,2676.85397151846,2765.813872713421,2855.187706575787,2944.8851722663385,3034.770803330757,3124.6504443045123,3214.2605518893106,3303.260323486349,3391.226831228356,3477.65336690814,3561.951157588279,3643.454529536248,3721.429494832293,3795.0856167533775,3863.590881042881,3926.0891663340735,3981.719776842743,4029.638384540507,4069.038637269521,4099.173633233178,0.50
IND,Male,IschStroke,diet,185492.3624045245,0.0,11896.946627007506,0.0,101.72523843005185,250.6225499072461,469.28686695563374,778.0861101952032,1187.482650591759,1691.625031868636,2268.8498035873054,2889.443765249918,3525.018493995536,4154.22478850442,4763.921212572837,5347.674493652303,5903.537253771967,6432.121201367525,6935.244299744431,7415.090940339956,7873.736296334711,8312.900756455027,8733.839760763454,9137.30971013679,9523.575484658531,9892.440689471725,10243.290816803754,10575.144465698104,10886.71026307228,11176.448234939016,11442.63472036936,11683.429878079563,11896.946627007506,0.50
IND,Male,IschStroke,combo,274275.4178788571,721.610042554792,15901.269476829735,721.610042554792,2025.0684411276304,2247.1067477517936,2539.677639094938,2926.2375091788126,3415.135014960426,3999.5307453458654,4657.487315364648,5359.360681526363,6076.9238634991925,6788.94990560849,7482.337746110745,8150.613066834747,8791.716828541015,9406.085582162254,9995.29964035604,10561.24012664362,11105.608758365504,11629.67837823031,12134.180937080935,12619.274399481015,13084.55450457771,13529.09262097726,13951.48979975324,14349.941914668132,14722.313132490555,15066.21592853614,15379.096092402937,15658.32103880227,15901.269476829735,0.50
IND,Female,IschStroke,glp1,81604.12796346389,795.3246705156635,3583.164574403898,795.3246705156635,2107.706344782142,2030.407927496999,2032.2096587874687,2062.6269290390774,2108.418569707079,2163.0843387426576,2223.381694485026,2287.499713330588,2354.33606768772,2423.169896963227,2493.5009836929385,2564.961736818193,2637.2612298353924,2710.144552576472,2783.3607063236414,2856.636497224448,2929.6556017592666,3002.04265492782,3073.352448832244,3143.0643669525743,3210.582108514791,3275.2386151856044,3336.3059221720323,3393.009440907976,3444.545966308797,3490.1045132586733,3528.8889460677747,3560.141286163708,3583.164574403898,0.50
IND,Female,IschStroke,diet,218535.5787989561,0.0,13273.3859947233,0.0,190.77113521107825,424.8966695070267,753.0373988085194,1201.550985863607,1777.295540889609,2460.7048412857694,3211.480599700357,3983.801749887003,4740.434768284205,5458.540393493604,6128.282144271361,6748.591097077297,7323.131211524596,7857.498754012922,8357.597595428408,8828.823592067813,9275.722038050471,9701.891859752475,10110.005125762022,10501.873099766031,10878.526468871452,11240.29678725812,11586.895671301463,11917.492351893568,12230.791435561376,12525.112592504942,12798.473159431363,13048.67373676633,13273.3859947233,0.50
IND,Female,IschStroke,combo,298551.8401643041,795.3246705156635,16771.730230456335,795.3246705156635,2296.2112547807337,2450.6417758291936,2777.335037652985,3251.977786691976,3868.208344122453,4600.27404795232,5405.106979503471,6235.521466901933,7053.470665433619,7835.508404541411,8571.287614483095,9259.298037207162,9902.81924934301,10507.103197965887,11077.727401844808,11619.755737972797,12137.37407693785,12633.77648505295,13111.171664205203,13570.841365487198,14013.218554803869,14437.972256671635,14844.095274732332,15229.994844432573,15593.587320227409,15932.397695489926,16243.663897593156,16524.444825471146,16771.730230456335,0.50
BRA,Male,IschStroke,glp1,52267.570301403386,417.1901975286892,2284.7541107834404,417.1901975286892,1093.6329749822617,1146.0006736738503,1196.681750744101,1249.456546656147,1303.93948641076,1359.629499371702,1416.0216032731405,1472.6371410940628,1529.0439036511525,1584.8670139509704,1639.791851757196,1693.560968810831,1745.9669652093653,1796.843005358358,1846.052276672868,1893.4773501825769,1939.0101289280428,1982.542867441778,2023.9605977957835,2063.135186363259,2099.921155831951,2134.1533295356057,2165.6462848240626,2194.195537248932,2219.5803180617804,2241.5677551257104,2259.918223366418,2274.39159676859,2284.7541107834404,0.50
BRA,Male,IschStroke,diet,34717.92147566725,0.0,2194.308884296028,0.0,16.156850144208875,40.78592496937927,77.58210118602437,130.17745218806522,200.9066259929532,289.6635186503627,393.70701277667104,508.5942380692504,629.5314999433904,752.3653947293787,873.9793912771929,992.2691797329244,1105.9383021235262,1214.267463983735,1316.921054872757,1413.8041329275438,1504.963317691043,1590.5204508394818,1670.6290372329386,1745.4460265667876,1815.113856214506,1879.749448964576,1939.43806692402,1994.2306965285527,2044.144111795962,2089.1630375813693,2129.2439854771364,2164.3204119874863,2194.308884296028,0.50
BRA,Male,IschStroke,combo,85875.30945941174,417.1901975286892,4415.51334555549,417.1901975286892,1109.155401652606,1185.152881701673,1271.1735874188234,1374.4999613893742,1497.0109360555434,1638.1320217588,1794.754221867668,1962.1531837977163,2135.30201761191,2309.8336648143013,2482.427459200488,2650.7861486907204,2813.4358548871896,2969.4974458707948,3118.491660275868,3260.191891837705,3394.519256233704,3521.469905725229,3641.065459540303,3753.319708790223,3858.216901416861,3955.698518808917,4045.656533480942,4127.931808400404,4202.316688639839,4268.561044795482,4326.381126763386,4375.470624901092,4415.51334555549,0.50
BRA,Female,IschStroke,glp1,47182.88846856981,400.1811948615432,2163.018228418296,400.1811948615432,1031.0545770945537,1052.0193896727942,1078.1701720906203,1111.072492152991,1149.0659654610572,1190.9094988766228,1235.6780289161106,1282.6472813192522,1331.2221911016895,1380.8955863849624,1431.225747027078,1481.8247743727989,1532.352437211528,1582.512179816993,1632.047394288944,1680.7370156108373,1728.3901219470572,1774.839612601063,1819.9352619168487,1863.5365585890395,1905.5057713620336,1945.7016593328444,1983.9741868535348,2020.1605235072348,2054.0825194782083,2085.5457538394694,2114.34016376028,2140.242180703528,2163.018228418296,0.50
BRA,Female,IschStroke,diet,33892.61663432407,0.0,2186.7655718932365,0.0,17.904307118122233,43.82172458949208,81.60894860038388,134.9116397802718,205.8906682792949,294.0880333810637,396.3479959651813,507.9313580567468,623.9981033848599,740.6123601971703,855.0605057503853,965.7201163791252,1071.7676588514878,1172.89414845399,1269.089084554973,1360.4962015520068,1447.325011041867,1529.8000131264707,1608.1331894380128,1682.5099290209473,1753.0822389852983,1819.9656905622835,1883.238226241112,1942.9399626237864,1999.073687679964,2051.606032718657,2100.469409701167,2145.564816396713,2186.7655718932365,0.50
BRA,Female,IschStroke,combo,80039.14086692706,400.1811948615432,4288.80943099421,400.1811948615432,1048.2558441635629,1094.1049774334751,1156.5885128999143,1240.7887408886963,1347.1464397762684,1474.0118130542323,1617.4565207823907,1772.2197623881948,1933.056759580584,2095.664771850512,2256.9716535542684,2415.003962399358,2568.604078795477,2717.155306663808,2860.371427316226,2998.1537206867943,3130.5001781793835,3257.449841773654,3379.0488880611374,3495.32946458734,3606.2958275374986,3711.9147828480927,3812.10897699566,3906.7524736535415,3995.6685071237735,4078.629484813908,4155.359330601437,4225.538192662119,4288.80943099421,0.50
CAN,Male,IschStroke,glp1,6468.089619923404,54.310201769766536,261.2149137174292,54.310201769766536,141.38046884198957,148.02219174402762,154.59264668874494,161.5310591522184,168.7349585320635,176.0908494335281,183.4902706996936,190.8337477743544,198.03249901080653,205.00878763230503,211.69566430055875,218.03660502737512,223.9852692268824,229.50539269921865,234.57071709241245,239.1648250415892,243.28076972260897,246.92043192346773,250.09358734617672,252.81671006208128,255.1115695423823,257.0036974007244,258.5208072499736,259.69124928847305,260.54257300170866,261.1002590533408,261.38666696354994,261.4202299839526,261.2149137174292,0.50
CAN,Male,IschStroke,diet,2565.28398336739,0.0,156.3129430997742,0.0,1.2241696240298552,3.099388289086164,5.90977704886518,9.939128157006053,15.370920588803529,22.195405725704404,30.19285820777713,39.00804975674328,48.25868115055528,57.61445992136032,66.8277991281766,75.73064720143066,84.21745636056039,92.22682644883844,99.72680103906896,106.70460544599156,113.16001855953618,119.1012617720844,124.54245692102722,129.5019791396935,134.0012747622768,138.0638959974931,141.7146266175605,144.97864968347494,147.8807526547189,150.44458777352884,152.692014168264,154.6425481239603,156.3129430997742,0.50
CAN,Male,IschStroke,combo,8945.39314729694,54.310201769766536,412.43288708666296,54.310201769766536,142.55759871747432,150.99972700312173,160.2707183192961,171.083162492655,183.5120529837341,197.43601296360063,212.5368683411152,228.3747283882467,244.493651709201,260.49802950637604,276.0820436183167,291.0265020565712,305.1824186683616,318.45338026774425,330.78139995406127,342.13690679340834,352.51200223718297,361.9158549185131,370.3713117211428,377.9121059306845,384.5803074889964,390.42385262938205,395.4941148796888,399.8435514387729,403.5234934698292,406.582158408537,409.0629563114872,411.00314722300936,412.43288708666296,0.50
CAN,Female,IschStroke,glp1,8210.73004771161,78.89754188715142,340.8964817851447,78.89754188715142,195.4798771244923,193.19889322504605,195.69954963227883,201.0337008436627,207.9994378539632,215.97711247835105,224.5925809675809,233.58422265880472,242.7497042542218,251.92305469331768,260.96404600854294,269.75311512814733,278.1890334189666,286.1879638310693,293.6831170170535,300.6245043247527,306.9784736305937,312.726857368114,317.86567349308825,322.40340227887646,326.3589169880979,329.75917821164694,332.6368145759552,335.02771137114,336.9687178181157,338.4955668165076,339.6410809257668,340.43371710115935,340.8964817851447,0.50
CAN,Female,IschStroke,diet,4104.438506284989,0.0,244.71326388249508,0.0,2.716223595270094,6.36487495026995,11.520195061285447,18.67355009909261,28.08946485929846,39.67032184274831,52.961879661996136,67.3142603351389,82.08203919351763,96.75150647325609,110.97378306536484,124.54081723503076,137.34404296360844,149.33721499979583,160.50992522073284,170.8711384597791,180.43998612890027,189.2411256965752,197.3026601690708,204.6553046687513,211.3320184899021,217.36768373784253,222.79864248522065,227.6620425462133,231.995018503756,235.83377161610224,239.21262467130143,242.16312567267232,244.71326388249508,0.50
CAN,Female,IschStroke,combo,12190.228443528733,78.89754188715142,578.6927106136918,78.89754188715142,198.0917275410748,199.3197863740661,206.7857671766842,219.0150009311183,235.06292161199508,254.2196334843411,275.6770348238824,298.5495155219596,322.0128603416288,345.4042573156821,368.2443928334815,390.2100166449127,411.0922750734044,430.7601852461357,449.13482092441336,466.17315932985,481.8586729876715,496.1959332948445,509.2072465917609,520.9300832244389,531.4146224475644,540.721115653836,548.9170057113097,556.0738728424385,562.2643412700818,567.5591004704129,572.0241874777912,575.7186538811075,578.6927106136918,0.50
TUR,Male,IschStroke,glp1,20101.254119725418,192.9497307106849,859.4178391819114,192.9497307106849,515.8373164652312,476.92784714795016,483.5052431917793,494.4343994125848,510.4891245889703,528.6769734050176,548.0967536974204,568.0504328977331,588.1329975506742,608.080081277134,627.7283512708964,646.9777332536578,665.7676026338959,684.0590114181541,701.8219768911404,719.0263761409042,735.6356552945326,751.6027386046699,766.8676884417728,781.3567687625764,794.9826419178207,807.6454862510654,819.2348644543308,829.6322012480523,838.7137450305054,846.3538938747079,852.42876476725,856.8198799423917,859.4178391819114,0.50
TUR,Male,IschStroke,diet,8737.746298024462,0.0,508.7708624136831,0.0,9.834393869517951,19.42469469686512,33.11470712388109,51.6326042071305,75.3113623337631,103.2831767840944,133.88087312019343,165.24721510582822,195.8989313953425,224.93096489887105,251.94383700000617,276.87264342425624,299.83250754392793,321.0141764946711,340.6242884361964,358.85537996886706,375.87299393314606,391.8116905149036,406.77530430891056,420.8390254759797,434.0521435293231,446.4409509946745,458.0116254948916,468.75305198369824,478.6396004152266,487.6338848087471,495.6895212318341,502.75388651603134,508.7708624136831,0.50
TUR,Male,IschStroke,combo,28580.82803744692,192.9497307106849,1354.7254467084713,192.9497307106849,525.2002728046027,495.5526178305536,515.2821281550077,544.0424638846343,582.9179634269312,628.1068774221058,677.1131119456368,727.4512055231316,777.2780651485264,825.4438174743846,871.3868164773776,914.9335398502262,956.126382523209,995.1049344629646,1032.0351061799556,1067.070547728472,1100.3334730652168,1131.906378394815,1161.8296954877587,1190.1026751698082,1216.686092684442,1241.5060641840355,1264.458619933106,1285.4148494335932,1304.2265035165292,1320.731955932024,1334.7624183405278,1346.1482830481873,1354.7254467084713,0.50
TUR,Female,IschStroke,glp1,22292.34537980004,248.63846823839776,977.576624295114,248.63846823839776,652.6720334674937,554.8689936029114,547.0781345178802,550.9269224793643,562.5767369348723,578.2133221536133,596.2165590067052,615.6423371605306,635.9092015127317,656.6401457485481,677.5853266938648,698.5762928696786,719.4964704848499,740.2609406949814,760.8020781190462,781.0591639054946,800.9708686594568,820.4699189236562,839.4794941610235,857.9110374802622,875.6632482913192,892.6220811849416,908.6616127375672,923.645660948794,937.4300528991588,949.865437157372,960.8005312327368,970.0856842376744,977.576624295114,0.50
TUR,Female,IschStroke,diet,11094.298968423996,0.0,647.9061570597987,0.0,15.5928537542095,29.33329328228865,48.58549797224259,74.33703871215039,106.58440706194231,143.718795102086,183.158666306339,222.36684184248224,259.59104158859554,294.00235702468854,325.4532939246528,354.16750427506486,380.51208326242704,404.8699772853252,427.58256075029567,448.9310250049675,469.1358563217728,488.36317307833815,506.7326252399871,524.3247218091419,541.1869649181681,557.3388147871301,572.7757351355758,587.4726061974288,601.3867554725948,614.4607966576295,626.6254067252521,637.8021178714189,647.9061570597987,0.50
TUR,Female,IschStroke,combo,33093.8751058505,248.63846823839776,1610.235114752184,248.63846823839776,667.5174027748326,583.0514176465331,593.8205155072828,622.5419568846519,665.3823281425466,717.0057273149105,773.3115002603845,830.8956550531802,887.4602598960482,941.801731862648,993.5075392953696,1042.6123310716102,1089.3470601800218,1133.9935417448503,1176.8130541743703,1218.0169418510814,1257.7579687240575,1296.1307396262491,1333.175512265443,1368.8829556602725,1403.1989855874126,1436.0295042265498,1467.2451359010884,1496.6861154289,1524.167463649821,1549.4845295599807,1572.4189146575443,1592.744733912281,1610.235114752184,0.50
ZAF,Male,IschStroke,glp1,10062.614953546588,70.10824516244793,467.9424226589508,70.10824516244793,191.74956359444604,204.89480433599687,216.920849785638,228.721676823312,240.38333104839148,251.9283483902782,263.354929752506,274.6528968038237,285.8134625991206,296.83438732392824,307.72146944089764,318.487341162072,329.14851675567843,339.72152907453165,350.2188257312428,360.6449241720529,370.9931691262609,381.2433058913121,391.3599792465684,401.2921873192936,410.9736584187776,420.3240730599719,429.25102022763895,437.6525542178679,445.42020452813085,452.4422850225856,458.607348990241,463.8076428826244,467.9424226589508,0.50
ZAF,Male,IschStroke,diet,474.7751669011823,0.0,30.01924380429409,0.0,0.2484328262653434,0.615813810479267,1.15851877770001,1.929930552669248,2.961522819248785,4.245606480108108,5.733639452500938,7.35264203470615,9.027673324086209,10.697535083891124,12.320186182221732,13.871167477102064,15.339294436264026,16.722218456152405,18.02285977280189,19.24685411626524,20.40083915121977,21.49135261841002,22.5241515343696,23.503815855568973,24.43354545629336,25.315091376265627,26.1487830365877,26.933625775101973,27.667450453780475,28.34710109559456,28.968648883444985,29.527622257788607,30.01924380429409,0.50
ZAF,Male,IschStroke,combo,10524.50701069034,70.10824516244793,497.2329939211704,70.10824516244793,191.98900560565835,205.48813935949968,218.03765670131,230.58323678431407,243.2416728008011,256.0285889874285,268.8958494172093,281.76319349943697,294.54960077118085,307.1936082649863,319.6601029918547,331.93768941998496,344.0316554791825,355.95587313605574,367.72527636672567,379.3495600608949,390.8282817765648,402.1473641689281,413.27692676392326,424.17034631427487,434.764426821881,444.9805450807871,454.7266241909201,463.8997768336558,472.3894532739323,480.0809267942059,486.8589518915978,492.61143804952735,497.2329939211704,0.50
ZAF,Female,IschStroke,glp1,14259.994921676813,107.07981343605934,648.7601537338232,107.07981343605934,315.0137909543355,326.63344614495327,336.1812263482698,346.5919706027525,358.1450578370059,370.6904152306597,383.95987007511576,397.6794210628796,411.6139383694099,425.5809818229536,439.4507740417103,453.1404532929555,466.60617335538336,479.8345000335176,492.8336997105871,505.6252303332694,518.235676779721,530.6893643243275,543.0018763519438,555.1746783861163,567.191009033133,579.0131440227451,590.5810776106737,601.8126013501023,612.60469815955,622.8361135520172,632.3709189712827,641.062846749559,648.7601537338232,0.50
ZAF,Female,IschStroke,diet,800.2201923775283,0.0,48.617173116064805,0.0,0.6605280422500073,1.4813969665356126,2.617150288873745,4.174911635622266,6.196927497980141,8.63666045512582,11.368751266927577,14.234320337513054,17.09031644442075,19.83633720110447,22.41698140683002,24.811415861280693,27.020678060023783,29.05757485756476,30.94006629070645,32.68742809446849,34.31822045014633,35.84929509590438,37.29534563331981,38.668718956232624,39.97934391781382,41.23471376262387,42.43990150855461,43.59760750696296,44.708245708770846,45.77007570931528,46.779384935030976,47.73072136956034,48.617173116064805,0.50
ZAF,Female,IschStroke,combo,15042.074674111738,107.07981343605934,696.4102277861311,107.07981343605934,315.65041440412824,328.06345934494493,338.711083064185,350.631879595534,364.147094274309,379.0628990654004,394.9908253951726,411.5034159764473,428.22658806618347,444.8796649090218,461.2779930954748,477.3173764323328,492.9540222290707,508.1861892870256,523.0390464433331,537.5524056107533,551.77064864372,565.7343448575302,579.4733064537177,593.0010091937329,606.3103977284263,619.3711188431407,632.1282058075012,644.5021926218142,656.390582254935,667.6705376212376,678.2026145912932,687.8353170791816,696.4102277861311,0.50
MEX,Male,IschStroke,glp1,16818.679409324563,114.90739655505968,806.7444502515173,114.90739655505968,303.91075219464074,323.47603515837,342.4623108680953,361.8900720601614,381.68668055579474,401.7776986048757,422.1009422201405,442.6009832405107,463.2252041579577,483.9214314283981,504.6366201375095,525.3161505246062,545.9034431120272,566.3397230143837,586.5638480319103,606.5121639370482,626.1183747967698,645.3134267993119,664.0254087866888,682.1794763759899,699.6978113618316,716.4996342621962,732.5012944357586,747.616467669246,761.756494020894,774.8308878916032,786.7480472372408,797.4161796340231,806.7444502515173,0.50
MEX,Male,IschStroke,diet,4874.459400163845,0.0,331.9627736372495,0.0,2.0271546859821683,5.134945353967851,9.796327565500178,16.480758191422865,25.49866794884838,36.857700060627394,50.238835260212,65.11408196549746,80.91509214524922,97.15460041238111,113.47226864628465,129.6281283861299,145.47476525376078,160.92761157297537,175.94103595335764,190.49150433404063,204.56664334533707,218.15854763132305,231.25989989114527,243.86185715573083,255.9530007928588,267.51890478183486,278.54205353148427,289.001956181608,298.8753771614538,308.1366466750005,316.7580394592587,324.7102221833229,331.9627736372495,0.50
MEX,Male,IschStroke,combo,21503.74187856644,114.90739655505968,1126.589014542129,114.90739655505968,305.84827216132726,328.3783905657583,351.81576336222497,377.6305917903428,406.04900116894896,437.00685381677977,470.1403485875162,504.89212201203736,540.667836109722,576.9497736193225,613.3396248184072,649.5519298423769,685.3874682245696,720.7048727540041,755.3977387696559,789.378441978035,822.5675661472196,854.887376731087,886.2579897866126,916.5952506356334,945.8096662211536,973.8059846021824,1000.4831892958392,1025.7347916714498,1049.4493769661203,1071.5114006959266,1091.8022509138718,1110.201594221122,1126.589014542129,0.50
MEX,Female,IschStroke,glp1,17351.69218946257,124.39757859135352,873.4534207830766,124.39757859135352,322.6069547406678,334.3072497645335,347.5104536962881,362.8178817510088,379.775309676048,398.0379909629555,417.356859873933,437.54686489674896,458.462798228984,479.9827483843692,501.9976346360654,524.4050889408227,547.1061964164073,570.0039683327268,593.0027631553166,616.0081433390114,638.9268533698378,661.6667404757136,684.1365301940023,706.2454295400748,727.9025718950252,749.016346901255,769.4936793066845,789.2393342691357,808.155333327868,826.1405648661312,843.0906653874299,858.8982337590933,873.4534207830766,0.50
MEX,Female,IschStroke,diet,5423.803578027797,0.0,377.106825663519,0.0,2.4980135445275664,6.171050165137785,11.55859517432873,19.18594530502196,29.38220781376185,42.11833394979476,56.99186744294639,73.37816389365253,90.63396173202636,108.23567344889489,125.82296608243269,143.18033884225588,160.19653544833636,176.8252534060266,193.055522478262,208.89223592810595,224.3445842234578,239.419833449254,254.1203991159164,268.44279276356974,282.37753514217184,295.9094980512273,309.01838063521063,321.6791793605408,333.8626032271568,345.53543811578857,356.66089075459604,367.198952869876,377.106825663519,0.50
MEX,Female,IschStroke,combo,22574.41716859485,124.39757859135352,1237.434600412755,124.39757859135352,324.99451359498016,340.20125515063046,358.55450318351177,381.1592044558965,407.878707091073,438.3445262368005,471.9268737713901,507.8462838686046,545.3433452659374,583.79447976347,622.7437802232598,661.8799977789895,700.9950142920297,739.945049251739,778.6218708907763,816.9340348568658,854.7957442901898,892.120745617136,928.8192333647894,964.7963852097308,999.9516768086723,1034.1785039647511,1067.3638921161037,1099.3882332789472,1130.1250859540123,1159.441123769473,1187.1963371592756,1213.2445883817018,1237.434600412755,0.50
AUS,Male,IschStroke,glp1,4266.384304262,31.785841448357587,186.4748095974492,31.785841448357587,83.69727547056846,88.56038778349512,93.68530026548478,99.15151609946588,104.7912308039272,110.47117741225384,116.08813728120596,121.5644184985681,126.8446906200902,131.89270652386583,136.68772686141983,141.2209423650511,145.49222127311532,149.50738327356703,153.27606142992408,156.8101124514169,160.12248116223782,163.2264073828701,166.134869329082,168.86017576727318,171.41364170998986,173.8053046818086,176.04365807243175,178.13539377914003,180.0851579860273,181.89533170894904,183.5658520273064,185.0940911956577,186.4748095974492,0.50
AUS,Male,IschStroke,diet,1376.0251365088325,0.0,85.24799742456617,0.0,0.7143029971043688,1.7825211020817733,3.372097047727948,5.6452696389596895,8.700409658687477,12.517553961691648,16.95104231661344,21.778304781093084,26.76865639672588,31.732274288629924,36.537638478942426,41.107087668913664,45.40362897468913,49.41726030485643,53.154095861899805,56.628805781610026,59.85980426940205,62.86640220486333,65.66724480602534,68.27953428715318,70.71870026119996,72.99830413234213,75.1300498083292,77.1238301303847,78.9877748346853,80.72828819071765,82.35007739282628,83.8561795061105,85.24799742456617,0.50
AUS,Male,IschStroke,combo,5592.6582429700975,31.785841448357587,268.7847934529,31.785841448357587,84.38205037292437,90.26782536131486,96.91616169600866,104.56245962007551,113.1339804541185,122.47935090289047,132.35670680836074,142.47559144050183,152.55955324581964,162.38986796867084,171.81887795893908,180.76236922974567,189.18383414194977,197.0787218495998,204.4619067470876,211.35884683029963,217.79981364093143,223.8163422672942,229.43915074403776,234.6969646288244,239.6158590244595,244.2188698480486,248.5257277008577,252.55263798593296,256.3120775556026,259.81260751327045,263.0587186511757,266.05073388009805,268.7847934529,0.50
AUS,Female,IschStroke,glp1,5781.166917629846,50.73516095033028,255.97774246306653,50.73516095033028,127.19821351046448,126.00428023917266,128.81315293861007,133.73499391910445,139.76205385054345,146.3936917128094,153.33607082518938,160.39308043810888,167.42543282978295,174.332814716533,181.04399319517324,187.5100333837336,193.6991291481263,199.5925553022917,205.18151230485364,210.46468887534132,215.44638105211925,220.13502111983416,224.54199203558164,228.68062915847167,232.5653375857146,236.21077793779384,239.6310948847713,242.8391805742285,245.84597920072883,248.6598491631576,251.2860056005029,253.7260687137059,255.97774246306653,0.50
AUS,Female,IschStroke,diet,2376.721006994044,0.0,141.67490956708025,0.0,1.799321282022902,4.1277455541321615,7.369337738737158,11.834293014942888,17.673242029954963,24.79346925334721,32.86937480433426,41.45669234761954,50.130185925801015,58.5684714185154,66.57262703544984,74.04539010104781,80.95908784970561,87.32732492438663,93.18481947184137,98.5747667560354,103.5416857967657,108.12779614731608,112.37147658814048,116.30685025067852,119.96391037660032,123.36884927911252,126.54441018430408,129.5101771383197,132.2827742806876,134.87597742399885,137.30075750971628,139.56528294344935,141.67490956708025,0.50
AUS,Female,IschStroke,combo,8083.257627542166,50.73516095033028,393.5085536714487,50.73516095033028,128.92315385118673,129.96355357922312,135.8887350375262,145.10691948021667,156.75709154520246,170.25238502911088,184.98858854828904,200.343711361038,215.76901594518404,230.8530985915077,245.33065431235536,259.0563824559522,271.9694010012181,284.0621392325047,295.357794555237,305.895666640301,315.7222965731935,324.8864152333772,333.43619555912755,341.4177941075659,348.8745450513088,355.8464316102463,362.3696323037639,368.47604956445593,374.1927969274366,379.541662271864,384.5385874777385,389.19321507425593,393.5085536714487,0.50
NZL,Male,IschStroke,glp1,1114.0246914994873,9.666786753537052,46.652764236812345,9.666786753537052,24.890033845545872,25.58495309568229,26.49717557313147,27.599764082227694,28.80723663539561,30.05950832353608,31.31619316601507,32.55092319126402,33.747058882231386,34.894544347218016,35.98766502035028,37.023498610361685,38.000883210187794,38.9197581780345,39.78076251753168,40.58500134736914,41.3339133343336,42.02919065109336,42.67271833227164,43.266512197532165,43.812644185848285,44.31315136979333,44.76993040185448,45.18462293642028,45.55849987927945,45.89235333060447,46.18640499797903,46.44023886604532,46.652764236812345,0.50
NZL,Male,IschStroke,diet,423.7395139123728,0.0,25.21628399593056,0.0,0.2536175836420398,0.6250176941828158,1.1675463161535615,1.9312874365841708,2.9429577670263143,4.18920351592385,5.616590596753895,7.149617715627073,8.713664699222818,10.24999579034352,11.719967191195336,13.102381267254486,14.388533706264298,15.577560744657376,16.67297430255826,17.680395257379587,18.606203391412464,19.45680052276657,20.238248367285,20.95611743520226,21.61544343924401,22.22073006645519,22.77596479501176,23.28463188857245,23.749717194883942,24.17370534152701,24.558572978136908,24.905782911175265,25.21628399593056,0.50
NZL,Male,IschStroke,combo,1522.4910113105902,9.666786753537052,71.01790307751344,9.666786753537052,25.132594584125627,26.182394054747647,27.61375122927029,29.447810729864614,31.62498609227396,34.072842973252705,36.70024761958132,39.408778196220965,42.11033346408817,44.73838490383218,47.24985402309699,49.62112246946731,51.84232169102757,53.91225062967146,55.83466499186534,57.61586870670613,59.26327853404496,60.78462728184354,62.18754636531571,63.47935090424926,64.66691710595114,65.75658935692127,66.7540864820453,67.6643971510814,68.49166683542194,69.23908552416196,69.90878832052181,70.5017812588892,71.01790307751344,0.50
NZL,Female,IschStroke,glp1,1289.405527689048,14.455083197844488,53.50415486557108,14.455083197844488,34.78727924997884,33.05311968639876,32.62365513034456,32.9678275980134,33.7394962268836,34.747614226087535,35.882577760428376,37.07942186598848,38.298508495671285,39.5148261414754,40.71188623806347,41.87822158092695,43.00540683915233,44.08697742490904,45.117870879142856,46.0941591545452,47.01292831546903,47.87221786824762,48.67096792871144,49.40894607093833,50.086641403211615,50.70512389665987,51.2658739136316,51.77059125971618,52.220995534478334,52.618630477984425,52.96468468899502,53.259839769578775,53.50415486557108,0.50
NZL,Female,IschStroke,diet,592.8018735224994,0.0,33.95652257660163,0.0,0.47650421698836,1.10703261518006,1.9844973652723183,3.1858278382796925,4.743550430925325,6.623436494473936,8.730173777587424,10.940877588044486,13.142906880742885,15.255424558915593,17.232306793371208,19.05469802873836,20.721238007059355,22.23997797279617,23.62295682706781,24.883053724926867,26.032410100433708,27.08180234868155,28.04052950536675,28.916542355895444,29.71665600095957,30.446762339507583,31.11200395778701,31.71689684427952,32.265403501302444,32.76096512001595,33.20650442660212,33.60441132469623,33.95652257660163,0.50
NZL,Female,IschStroke,combo,1863.1693741838324,14.455083197844488,86.46224955332968,14.455083197844488,35.24300953945385,34.11243919640742,34.52471843511694,36.02261983715744,38.29180089977535,41.10924552740289,44.27466842904619,47.60551198433609,50.95379947955166,54.21625871652896,57.33125695831154,60.2683678769406,63.01713482643686,65.57827156266603,67.95788837679925,70.1641723278542,72.20571710471222,74.09082928403996,75.82734381904356,77.42265792879607,78.88381805013478,80.21757617798676,81.43038220455287,82.52830841688706,83.51691864197596,84.40110251955684,85.18489809066432,85.87132522052252,86.46224955332968,0.50
ROU,Male,IschStroke,glp1,10436.402286820512,142.5800359302757,327.827781744636,142.5800359302757,375.2803789954705,357.174120190266,351.4689149359747,350.32386694774686,351.7944902236868,354.3249267948995,356.99511516771963,359.2922358926371,360.9986782072665,362.088559552627,362.6434247151665,362.7888579168575,362.65156604500953,362.3340467825983,361.90289231851057,361.386679498155,360.7798699384475,360.0498746635312,359.1452174405749,358.0034376484582,356.55794986166075,354.7435082458905,352.5002189780098,349.7762251651293,346.52928220269314,342.7274724391209,338.34929829370594,333.3833600837861,327.827781744636,0.50
ROU,Male,IschStroke,diet,15250.344256758148,0.0,711.1185833309646,0.0,19.349208634595925,42.711743042653325,74.53783047796242,116.93160095525492,170.1702445891151,232.04981914977907,298.43567501164944,364.6695324716311,426.9120917112996,482.7592058529845,531.1813495394053,572.1472141519189,606.2157896384015,634.2190797206458,657.0544629052602,675.5657679976866,690.4853185392458,702.4140254686426,711.8233997486859,719.0689961712524,724.4087937643853,728.0226616255022,730.0307543989438,730.5097506229249,729.5065097735132,727.0491221403754,723.1555506402219,717.840174683246,711.1185833309646,0.50
ROU,Male,IschStroke,combo,25361.5243604442,142.5800359302757,1026.8689295808508,142.5800359302757,393.9123593217228,398.4137177531029,423.54528128583297,463.52868582512747,516.7118379964413,579.4379181707936,646.802797030874,713.7795788989606,776.407494825653,832.2946560603705,880.4859090324135,921.0424094401242,954.6070219710418,982.0720202798148,1004.364939246756,1022.3293139610832,1036.670482997415,1047.9417099610546,1056.55303334591,1062.7913157069634,1066.8443597445075,1068.8249352798955,1068.7925007191006,1066.7716294278653,1062.7668993973166,1056.7744338392986,1048.7904995849458,1038.8176538286898,1026.8689295808508,0.50
ROU,Female,IschStroke,glp1,11554.824265046327,187.27569262840188,360.4560603204591,187.27569262840188,526.5454812684875,421.2735222843403,404.4520839311372,396.578916702576,394.5315393504352,394.3488808897018,394.7381970013085,395.0736471957898,395.11046060717126,394.7907815981853,394.15124533553535,393.267704231308,392.222926884042,391.0885417728423,389.916271897604,388.73511675416376,387.5521689278685,386.3554577221767,385.1177267501662,383.8004328647512,382.3575331551401,380.73882696415967,378.892757741829,376.7686688166614,374.3185595344112,371.4984136428793,368.26917862261325,364.5974696501835,360.4560603204591,0.50
ROU,Female,IschStroke,diet,22715.661179819974,0.0,977.1150284719406,0.0,56.90377807343612,104.9808547397988,168.74182966993249,250.65263288529968,348.7612235376837,455.8297263791974,562.1773854510247,659.362587030435,742.4384576137963,809.985218044847,862.9430045744812,903.3740065357124,933.6234877625066,955.88282206851,972.0160319060742,983.525227001428,991.5773918062588,997.0522666443647,1000.593067263555,1002.65293867109,1003.535083723149,1003.4265270785836,1002.4261441786402,1000.5677173455296,997.8387362514112,994.1955776369578,989.575622554763,983.9068049195666,977.1150284719406,0.50
ROU,Female,IschStroke,combo,33900.20238476219,187.27569262840188,1324.9016575696078,187.27569262840188,581.3399740860405,523.1632783724344,568.5213442877721,640.6445003449262,734.5495964776856,839.3001709616874,944.175680301916,1040.2617834646371,1122.394334307039,1189.037831927224,1241.0776071764922,1280.5610121469035,1309.8411761124153,1331.125215909589,1346.2899989114594,1356.8412004153945,1363.937407536254,1368.4379431255002,1370.955133781281,1371.9031157744575,1371.540562209033,1370.0069462043284,1367.352784307779,1363.564547611495,1358.5849529050356,1352.32930236408,1344.6984802852458,1335.5891532560709,1324.9016575696078,0.50
BGR,Male,IschStroke,glp1,5376.22836866807,84.55091855604405,148.13484079673617,84.55091855604405,216.4184657666383,208.27767785273863,204.21297868685724,201.90538630198355,200.4005933147528,199.16287504469983,197.92541701056325,196.5725679653224,195.07206999682603,193.43435796610905,191.688041217114,189.8654414564208,187.99450259255536,186.0948005387363,184.17619294841825,182.23912658460176,180.2759173999002,178.2725201611211,176.21045285260334,174.0686552984571,171.8251496584162,169.4584366078925,166.94860793929547,164.2781869253049,161.43272524615531,158.40119286602203,155.1761980196643,151.75407109612024,148.13484079673617,0.50
BGR,Male,IschStroke,diet,6308.220149583215,0.0,272.5805496347921,0.0,8.267914136780746,18.76357019094576,33.16504256156804,52.46091046245056,76.72175197598517,104.7750585595404,134.4944943066148,163.55911182208365,190.15941476410808,213.285782881414,232.6401458466244,248.39168145403343,260.9431298529471,270.76953371848685,278.32815877467874,284.0180766721878,288.1685399204325,291.0417187771764,292.8413637246904,293.7230226566535,293.80380878527467,293.17095650110423,291.88899449247583,290.00561672781987,287.5564182254293,284.5686757531876,281.06433827730507,277.0623681264242,272.5805496347921,0.50
BGR,Male,IschStroke,combo,11552.172603558236,84.55091855604405,416.43058169063534,84.55091855604405,224.37776208490595,226.3755193045372,236.25414572327645,252.6561368163857,274.7089282383149,300.75875658814584,328.49016538871365,355.5368957573646,380.0987487788843,401.1866835273977,418.5196687088028,432.2777065459013,442.86846414749743,450.7663104831645,456.4222890196561,460.2239035889743,462.4840862404999,463.4449133045746,463.28749507866814,462.14350013775584,460.1061701659055,457.2399701538161,453.5886568632504,449.1818350855228,444.0401804884077,438.1795332626625,431.6140557028066,424.35862212576376,416.43058169063534,0.50
BGR,Female,IschStroke,glp1,5909.600028365816,108.28473749349725,164.96560790744297,108.28473749349725,263.7341886762042,234.2335324710166,223.0211411382116,218.63251841075,217.1547929091176,216.6317282106611,216.15968158506985,215.3601266474197,214.11743578809185,212.4442003476233,210.41012719140053,208.10430601647568,205.61530225042588,203.02108084641625,200.38451141354017,197.75210562219212,195.15462093225145,192.6086963357629,190.1189921916557,187.68049615805467,185.28078273675783,182.902100296762,180.52321952244347,178.12101830182655,175.6718048515486,173.15239688137626,170.54098268190685,167.8177925499131,164.96560790744297,0.50
BGR,Female,IschStroke,diet,8220.905203802236,0.0,331.8162364485488,0.0,14.989798665372293,31.82268189472052,54.19084781294623,83.79342371349776,120.57873693745024,162.2960476938406,205.1603539032276,245.28752258090208,279.92962535065635,307.8764581764226,329.1689566957357,344.5769023717221,355.15121851996446,361.9450433079346,365.879931581876,367.7036490495248,367.9948577780833,367.1867316756616,365.594882962625,363.4431815530843,360.8853578135986,358.0222422493098,354.91522810838615,351.596703795678,348.0781360327619,344.3563537635964,340.41845343670684,336.24563992840194,331.8162364485488,0.50
BGR,Female,IschStroke,combo,13983.889459935974,108.28473749349725,492.2617801706001,108.28473749349725,278.1644606111949,264.981784143778,275.5026676172401,299.9167814801258,334.28484075190136,374.49876349547776,415.9967673126994,454.61626438064377,487.535085951642,513.5427558875654,532.7066694091063,545.8350679593314,554.0229530607685,558.3678880382158,559.8314727308498,559.1936802086475,557.0556913796263,553.8631100734183,549.9345490909618,545.4887536891711,540.6678124766513,535.5560691313585,530.1951711202237,524.5959213527076,518.7475799703006,512.6251620689254,506.1951643013708,499.42005457797313,492.2617801706001,0.50
ISR,Male,IschStroke,glp1,1046.1004096334432,7.827279158280589,49.12353336701267,7.827279158280589,20.417788942045604,21.532332971883307,22.636881788110145,23.79557634583932,24.994942494293586,26.219382238494177,27.453723997086968,28.68419919855341,29.89918747557772,31.08970166988604,32.24958923266399,33.37546765817717,34.466442962418114,35.52367595850194,36.54986305984335,37.548690941476025,38.524312010308,39.4808737236192,40.42212165434239,41.35108513579985,42.26984587855031,43.17938417453615,44.07949390787553,44.96875612755957,45.84456089361743,46.703167986091785,47.53979842664353,48.34875025435531,49.12353336701267,0.50
ISR,Male,IschStroke,diet,387.5186355471008,0.0,26.32277282946484,0.0,0.1708767600413239,0.4293706092556704,0.8151545480860705,1.3677518400110102,2.113446397177654,3.05288282178924,4.158520426335144,5.384159938517087,6.679260167029838,7.999743597840165,9.312582706318608,10.59583395579216,11.836621368435544,13.028710389193977,14.17038546782237,15.26281158758161,16.308841060054874,17.312168533619342,18.27674118745722,19.20635185032711,20.10436331597248,20.973527905758147,21.81587732736397,22.63266525790641,23.424350017429106,24.19060807162896,24.930371480329995,25.641884128560832,26.32277282946484,0.50
ISR,Male,IschStroke,combo,1418.7115592500295,7.827279158280589,74.47412314565963,7.827279158280589,20.581452450519578,21.94310520852582,23.416739744677443,25.104401072273845,27.017919276904426,29.14251866831057,31.43688416004659,33.843194852624265,36.30153017238831,38.76069127426456,41.182813677165655,43.54336666674692,45.828970373497214,48.03466057553351,50.16135059115823,52.2137238120406,54.198568806550384,56.123498802852055,57.995987615243166,59.82266249502345,61.60880530798113,63.35802256336888,65.07205181476706,66.7506774633705,68.3917336189977,69.99117574424258,71.5432064221302,73.04044371488476,74.47412314565963,0.50
ISR,Female,IschStroke,glp1,1384.4198682143629,11.87206418396147,63.58212412145531,11.87206418396147,30.382563800932417,30.60409575149299,31.249623727969947,32.2456217380734,33.48442282653377,34.89231646112353,36.41168268935871,37.9941692191926,39.59920616486579,41.1941594134405,42.75454169684394,44.2637641476847,45.71238838267709,47.09701752529327,48.41900146222474,49.68310918237648,50.89627979719421,52.0665222166424,53.201998698293664,54.31030150072229,55.39791421656082,56.46983870989857,57.52936339317898,58.57794737137351,59.615196451669135,60.63891007326493,61.64518198248925,62.62854130757455,63.58212412145531,0.50
ISR,Female,IschStroke,diet,654.224649391505,0.0,40.86341034813381,0.0,0.4519658298091826,1.0489648903843545,1.8834388485338425,3.034664672623876,4.545353323754853,6.39947236572425,8.522338999297745,10.806081846553525,13.142442286433152,15.44470905696494,17.65456500759774,19.73918188813309,21.68480449395861,23.49043262411624,25.1628791983635,26.713298197572385,28.1548775401111,29.50134998818476,30.76604688622706,31.96130432910149,33.09809850392776,34.185832838538545,35.23222866687252,36.243288802282905,37.22331399909217,38.17495870285006,39.099316541272174,39.99602871508933,40.86341034813381,0.50
ISR,Female,IschStroke,combo,2016.6893040458688,11.87206418396147,103.15530065577514,11.87206418396147,30.8154507154494,31.608772124549773,33.054879200369555,35.15633914290993,37.84689314816524,41.03811160360124,44.60137549058391,48.38522658815009,52.24521968579575,56.065155666704186,59.76399757389822,63.29298251621367,66.62882781919734,69.76662248252023,72.71381569185246,75.48555883639483,78.1012312031653,80.58189378440102,82.94844661469983,85.22031839097008,87.41456268037746,89.5452677262358,91.62320922389358,93.6556910324366,95.64653035478112,97.59615312209483,99.50177298902965,101.35763379769104,103.15530065577514,0.50
NGA,Male,IschStroke,glp1,19024.848443680487,154.34017068571848,948.3789705492964,154.34017068571848,392.5031713458229,397.1891115563485,403.3578848209872,412.2721509598669,423.74544863641495,437.58625140855656,453.6101406606285,471.634106570873,491.47432926651527,512.9452511850941,535.8587956499941,560.0233697129988,585.2426654414994,611.3144217414592,638.0293387296115,665.1703125038985,692.5121147997706,719.8215967238939,746.8584556858477,773.3765716384369,799.1258921358603,823.8548240129749,847.3130711575941,869.2548418002843,889.4423344762035,907.6493994014236,923.665261989794,937.2981884328184,948.3789705492964,0.50
NGA,Male,IschStroke,diet,2517.882299083107,0.0,175.91021314814134,0.0,1.094725458220637,2.704792992095463,5.065558469763346,8.406358328338683,12.876919811616972,18.480629432066053,25.066587151806743,32.38886506053677,40.18757385967183,48.244881365288165,56.40399582190366,64.56358789708247,72.66301211594691,80.66744671738707,88.55632209694886,96.31540050011245,103.93180611900608,111.39115004344058,118.67604679409853,125.76552124013688,132.63497303368058,139.25648601802095,145.59934987245651,151.63071180808038,157.31630696722277,162.6212342069848,167.510753851966,171.9510889010853,175.91021314814134,0.50
NGA,Male,IschStroke,combo,21490.991242486874,154.34017068571848,1121.041946298974,154.34017068571848,393.5695410122571,399.8228471651455,408.29160978863,420.4624037905087,436.2955276191642,455.60392900733495,478.0573656141824,503.23412740781714,530.6976178308505,560.0500151386077,590.9501189865696,623.1070738367052,656.264891609193,690.186807253991,724.642951996284,759.4018795086158,794.225398203962,828.8659628279056,863.0659835572078,896.558572533715,929.0693839253944,960.3192984917914,990.0277627734248,1017.9166261430872,1043.714334739103,1067.1603464935831,1088.0096311432571,1106.0371171038933,1121.041946298974,0.50
NGA,Female,IschStroke,glp1,19820.74237786329,149.2859212855583,1038.8267779197704,149.2859212855583,375.9348982051051,375.2730120540036,380.5129471680193,391.130266920638,405.9744248062853,424.2409142666729,445.3143180845509,468.69324837018576,493.9552069485362,520.737947702899,548.7282299091712,577.6540615967751,607.2785660155423,637.394506425182,667.8189689406863,698.3879805197139,728.9510245653219,759.3655468489014,789.491633446276,819.1870953451435,848.303213999221,876.6813911799327,904.150909019576,930.5279475916903,955.615934351903,979.207219548036,1001.085991607266,1021.0322732207278,1038.8267779197704,0.50
NGA,Female,IschStroke,diet,2863.4936579936766,0.0,206.93477827349847,0.0,1.1237217475390937,2.749562380333373,5.163494705346238,8.644446204860287,13.391394815807873,19.445408384617625,26.67029983991233,34.8099854013999,43.577127169315645,52.719404197108815,62.04613925435842,71.42671589323436,80.77728240357101,90.04612158148666,99.20179712338722,108.22474953973142,117.1017309835588,125.82223364811216,134.37620498768956,142.7525557990739,150.93815142347012,158.917110035145,166.67032007791568,174.17514225418563,181.40529015152424,188.3308954872264,194.91876488510752,201.13282934515885,206.93477827349847,0.50
NGA,Female,IschStroke,combo,22629.199867403106,149.2859212855583,1242.2010891192404,149.2859212855583,377.02951309333366,377.9511918505741,385.5444998708517,399.5573985727024,419.03447599538777,443.2129045417751,471.3462491230275,502.68485231621526,536.5268046745477,572.2638888624206,609.3964605691253,647.5243687658658,686.3280419022121,725.5488694153464,764.9723950573825,804.4147724433424,843.7118646499512,882.7102661285026,921.2597452077824,959.2068631961956,996.3897237865532,1032.6339251429015,1067.7498351892282,1101.5313040401595,1133.7558825302476,1164.186547286139,1192.574853676888,1218.6653591096474,1242.2010891192404,0.50
EGY,Male,IschStroke,glp1,32877.50642574887,360.1243910905723,1349.2614934849262,360.1243910905723,944.3515162481162,841.9445245320421,848.7604018608363,853.9979704008401,871.2890593077973,891.7557308681389,915.340669500154,940.5728857114154,966.9693099584985,994.0877556449703,1021.6795458782726,1049.5590047730584,1077.5811879493704,1105.604016331083,1133.4682467156963,1160.9831311859816,1187.919547059275,1214.0084669537537,1238.9439544221025,1262.3896248941385,1283.9877041513173,1303.36985831293,1320.1690387622875,1334.031640621528,1344.6293375254463,1351.6700302308382,1354.9074357383506,1354.1489456351335,1349.2614934849262,0.50
EGY,Male,IschStroke,diet,8726.067852742268,0.0,510.71875904797344,0.0,9.584054670031035,18.603192609010875,32.06718442394049,50.531561994161166,74.33651169011864,102.514602060186,133.26758967572096,164.61998300943378,195.04292439860728,223.6614992691684,250.1542631866905,274.5497028379832,297.0498586444592,317.9149455941515,337.3996259899432,355.72252801621653,373.0544286651566,389.5160347643614,405.1803990022745,420.0774692315172,434.199590886441,447.5074322872824,459.9360927352609,471.4012638168206,481.80534279192943,491.0433936455229,499.0088410845856,505.5987767133192,510.71875904797344,0.50
EGY,Male,IschStroke,combo,41343.46302449165,360.1243910905723,1846.83812975444,360.1243910905723,953.451798835682,859.7561558009547,879.4713101496454,902.4587049547808,942.6595004894516,990.2993737159596,1043.6013540663262,1099.1932317620012,1155.1068377858537,1210.0403543200446,1263.4198764521934,1315.075600969467,1365.0497655059808,1413.4468572222904,1460.3512493356757,1505.782697687937,1549.6774704073614,1591.8842190867215,1632.1689565130364,1670.2256411261478,1705.6903437570872,1738.1576473818425,1767.1982840164492,1792.3771769945597,1813.2711495807744,1829.4856328295648,1840.669784689715,1846.529528209132,1846.83812975444,0.50
EGY,Female,IschStroke,glp1,23498.49350378811,334.17866726867214,988.6732940572329,334.17866726867214,778.8810395359324,619.5008987750298,611.6879391694092,599.0023794059998,603.0041513937504,611.9310354651752,625.6076869118369,642.0929527231892,660.6538379573576,680.6832394044686,701.8007477888423,723.7200069887076,746.2128989322082,769.0734427894567,792.0975244883375,815.0698281631048,837.757088837483,859.905876603978,881.2439178476998,901.484106261385,920.3305113822424,937.4857587062288,952.6592000958916,965.5753311138616,975.9819588295212,983.6576852495272,988.4183481868386,990.1221494547426,988.6732940572329,0.50
EGY,Female,IschStroke,diet,6719.875285892009,0.0,402.1207998999598,0.0,10.472365592144342,17.400097288409597,28.25994755276406,42.679108884214656,60.82835764382253,81.82282245160604,104.30110286493436,126.9042213229004,148.68427938435343,169.17629925103392,188.27634722780203,206.08240244884647,222.775239037579,238.54832300921407,253.57301898535297,267.98435662070915,281.87736954800494,295.3083661867786,308.29829679645627,320.83693028774,332.88732384957984,344.3904085013128,355.2696365355587,365.43565960618434,374.790989938243,383.2345718738288,390.6661704215367,396.990472881138,402.1207998999598,0.50
EGY,Female,IschStroke,combo,30023.345884114115,334.17866726867214,1380.627563790389,334.17866726867214,788.8247939832836,636.2367017010365,638.8286542565402,640.0410644637959,661.5461224474566,690.7597289432088,726.1959856676658,764.6006340258573,804.3158983234316,844.275343402609,883.989804633864,923.2619125140664,962.0348298350872,1000.2878670697864,1037.9820791067468,1075.0330232543747,1111.3001396140935,1146.5855006860256,1180.6381819638336,1213.162151884775,1243.8264810338078,1272.277068183932,1298.1492461186062,1321.080691228628,1340.7240924211728,1356.7590719059372,1368.9029067786178,1376.919677606813,1380.627563790389,0.50
BGD,Male,IschStroke,glp1,11134.128288061009,91.63478473583018,494.28837879515777,91.63478473583018,243.06683038583287,248.7342187165196,255.93631426402865,265.0212046267043,275.47748402960497,286.8372539771917,298.71244678872245,310.80155543779983,322.88373635872995,334.8074615173464,346.4775795112291,357.8424291433621,368.881742052421,379.5957464383173,389.9957269142397,400.0961709460098,409.9085219171902,419.43647236708057,428.6726750103408,437.5967218929,446.1742360396165,454.3569261605444,462.0834655101644,469.2810654130517,475.8676195683511,481.7542966216206,486.8484568404383,491.0567660806628,494.28837879515777,0.50
BGD,Male,IschStroke,diet,25197.66563454073,0.0,1582.0198185419722,0.0,14.123468495392444,34.42904080194057,64.05765389085718,105.84480027095196,161.3618352737576,230.0549237302912,309.24274423102906,395.05474100523134,483.6187331627043,571.8316984474295,657.5813013865845,739.6281501614285,817.3758851053499,890.652695959121,959.5438696286292,1024.275323985028,1085.1362897073775,1142.4290883602807,1196.4369229529038,1247.4035974499348,1295.5213108728783,1340.9241376861755,1383.6857093021315,1423.8201436571544,1461.2855705331967,1495.9897612549755,1527.797450226928,1556.5389684590918,1582.0198185419722,0.50
BGD,Male,IschStroke,combo,36052.22007127242,91.63478473583018,2060.5275990426526,91.63478473583018,256.975807818053,282.6445704174621,319.04976339417044,369.33709520294,434.55222519299787,513.6926151538282,603.7378127975135,700.577189086358,800.173003840373,899.309721381469,995.801593395452,1088.3657941567144,1176.3851292374966,1259.6825563602615,1338.3469970953302,1412.6107096652704,1482.7667031397286,1549.114327106901,1611.924007497153,1671.415008973585,1727.7422835159596,1780.9899090459585,1831.1695185964709,1878.2226521425248,1922.0262639751816,1962.4007778781447,1999.120158082842,2031.9234933437983,2060.5275990426526,0.50
BGD,Female,IschStroke,glp1,11780.17868052824,138.45302399678258,558.1863958827016,138.45302399678258,292.2398386128625,259.06038339930456,255.8227637159144,263.4255723199676,273.3475185220741,284.6535699876549,296.52262792405963,308.7832373810452,321.2875187862883,333.9599714594224,346.7503617207258,359.63202248466405,372.5925228363776,385.6272379341681,398.7328137358563,411.90142485828255,425.11574159284646,438.34474853847496,451.5405085292805,464.6359873129404,477.5440384571557,490.1576122305705,502.3511950039174,513.9834168096932,524.9006936847582,534.9417076576647,543.9424779910332,551.7417471617518,558.1863958827016,0.50
BGD,Female,IschStroke,diet,32850.841896435915,0.0,2116.108697431053,0.0,26.13587056221877,56.18162218958969,98.38939361490702,156.43844933640503,232.1138648738197,323.84855216799406,427.2680031059208,536.8080506303668,647.451984017287,755.6413054337318,859.3521047818504,957.7496708133476,1050.7686304570452,1138.772826435801,1222.3235321901884,1302.035826188985,1378.4946960144807,1452.2080348731615,1523.5813444833038,1592.905042752369,1660.34933774823,1725.9640969160464,1789.682522494877,1851.328135662363,1910.624843496349,1967.209892542065,2020.649417313929,2070.456147908233,2116.108697431053,0.50
BGD,Female,IschStroke,combo,44319.56508380181,138.45302399678258,2656.409299915198,138.45302399678258,317.97878750774544,314.47112276156986,352.90953801011347,417.8532496652479,502.5492500500586,604.5376923413642,718.6929455604622,839.3545970130799,961.4149411408944,1081.2714107950742,1196.8597474637136,1307.314755730622,1412.5480121819785,1512.9059172624911,1608.9339654523574,1701.228637751221,1790.348970023595,1876.7654669384065,1960.831474653227,2042.7681319645053,2122.658010673418,2200.444958610868,2275.9389700845204,2348.8255261951635,2418.6790473696747,2484.980067651232,2547.135597331333,2604.501967705896,2656.409299915198,0.50
USA,Male,IschStroke,glp1,68567.33963753117,590.8885836276386,2660.7305153330526,590.8885836276386,1531.794374012694,1607.9507071509724,1684.8738842314851,1765.7738816559431,1848.5821000343567,1931.4771725328828,2012.9365312127047,2091.706643157231,2166.779583630516,2237.371660276309,2302.902584145937,2362.97510377031,2417.3551531140256,2465.9523909887066,2508.8009084967925,2546.0399191910983,2577.894376377546,2604.655618817604,2626.6622837895266,2644.281822457968,2657.8930018740502,2667.869785626739,2674.5669598988898,2678.3078222836048,2679.374184608154,2677.998863926681,2674.360752237349,2668.582469070403,2660.7305153330526,0.50
USA,Male,IschStroke,diet,27451.52246598465,0.0,1649.4208889727015,0.0,12.945225647410552,32.92226856172783,63.0510201244324,106.42045678868452,165.0437000351085,238.87084258844692,325.58977492293343,421.38609205168905,522.0790697391785,623.97574332972,724.2327551700728,820.8619431864936,912.579039262666,998.6242997032386,1078.6094169747812,1152.40280512748,1220.0484693319886,1281.7096347988554,1337.6291800465117,1388.1010161933227,1433.4485195352754,1474.0076064173045,1510.1130471848885,1542.0872565644531,1570.2311805111676,1594.8171105341462,1616.0833571015685,1634.230745578403,1649.4208889727015,0.50
USA,Male,IschStroke,combo,94944.90050155198,590.8885836276386,4249.047937525247,590.8885836276386,1544.172728569225,1639.3948668422745,1745.097179431592,1867.4494141175164,2006.320978682059,2159.8617857886056,2324.359049181934,2494.9283061260503,2666.572122141668,2834.974662532906,2996.828691734365,3149.823276201685,3292.4817196768126,3423.972361671608,3543.943999038689,3652.397476983824,3749.58898873828,3835.956878710684,3912.064667676125,3978.5550850555446,4036.111799897859,4085.426953537724,4127.173528037689,4161.982143945686,4190.422178993889,4212.987223284101,4230.084898800866,4242.03101499984,4249.047937525247,0.50
USA,Female,IschStroke,glp1,84429.76027747415,933.0717999303888,3219.321891078842,933.0717999303888,2249.936377206468,2203.653466735952,2213.73598865034,2260.0738887496263,2326.7010025906347,2404.13054636943,2486.437011529124,2569.742573785348,2651.425231266374,2729.680393879069,2803.26536012243,2871.3436984556174,2933.3864002732444,2989.105909528618,3038.4091547305434,3081.361356609501,3118.155778171058,3149.0867018732097,3174.524254249104,3194.890527928132,3210.6369458574773,3222.223085612873,3230.09730953649,3234.6795806903974,3236.346819461964,3235.4210933153227,3232.160847016363,3226.755282270213,3219.321891078842,0.50
USA,Female,IschStroke,diet,39343.86471743787,0.0,2303.5730454201694,0.0,23.23301130910113,56.29793342539051,104.2801934179006,171.86953479259682,261.82389460576815,373.5539374343498,502.9982303982397,643.9862904626934,790.0852365448081,935.8850365574908,1077.4516377252005,1212.225364322192,1338.7083115614078,1456.1449810276972,1564.2713302884367,1663.139944606286,1753.0054324210796,1834.251034103465,1907.3411801119216,1972.78950745512,2031.1357570843247,2082.927724203153,2128.706210429169,2168.9920078237483,2204.274563754763,2235.0023008245043,2261.5747104645416,2284.3363748623524,2303.5730454201694,0.50
USA,Female,IschStroke,combo,122367.10659231473,933.0717999303888,5446.573773440337,933.0717999303888,2272.152015560918,2257.4618400072795,2313.4535344027245,2424.515008718212,2577.3475571083254,2761.940099664862,2968.5196903071774,3187.3292172040674,3409.5955438832607,3628.322193751402,3838.473757697677,4036.730137347055,4221.09397213273,4390.522317013631,4544.641084999021,4683.542034855884,4807.642755104534,4917.589051600284,5014.183924101482,5098.332624256,5170.997477968427,5233.159035039149,5285.781927355376,5329.784883036904,5366.014911658363,5395.225926287749,5418.062122864401,5435.046375017104,5446.573773440337,0.50
JPN,Male,IschStroke,glp1,20232.59952718314,241.6990833145828,687.4428654166259,241.6990833145828,615.7268954634055,626.8724882310344,638.1889698508749,650.4984916963076,662.671844515331,673.8976355554842,683.6702141526621,691.7335167427955,698.0274465402254,702.6378589020096,705.750420286342,707.6092946749777,708.4818649863446,708.6304217211436,708.2911887782175,707.6604512850972,706.8870553406159,706.070227748969,705.2615171146317,704.4696559610165,703.6672453126594,702.7983276667292,701.7861072830274,700.5402725423555,698.9635562924886,696.9573261834303,694.4261230533739,691.2811605703828,687.4428654166259,0.50
JPN,Male,IschStroke,diet,22897.10274913215,0.0,1223.2044264485885,0.0,18.19282406199636,44.92393936547887,83.19689675643895,135.46753691232152,202.4027607954704,282.0343665244,370.06878865776525,461.2371877992919,550.7595207005143,635.1775150146641,712.4871685470498,781.874189877868,843.3415611837845,897.3790966254601,944.719234443066,986.1743587207455,1022.536665428117,1054.5217500224317,1082.7412875289665,1107.694434916404,1129.7708670107822,1149.260653326899,1166.367740735535,1181.2248660756886,1193.9084574809897,1204.4526051388748,1212.8615595818846,1219.1204894506736,1223.2044264485885,0.50
JPN,Male,IschStroke,combo,42767.05941570804,241.6990833145828,1892.730247063104,241.6990833145828,633.5764182860294,670.9330092534219,719.7983693410642,783.4100402500189,861.3022498192877,950.7429190035982,1047.021956524448,1144.7165289008044,1239.072918545964,1326.7751672186496,1406.031431059957,1476.275414227188,1537.7672236872822,1591.2415990756708,1637.647502823289,1677.9744552563352,1713.1464376843724,1743.9639608220969,1771.0788142766105,1794.9901565206674,1816.053905481138,1834.4997950598845,1850.4521773479137,1863.951881973073,1874.9773447273687,1883.4638858160904,1889.3205151607472,1892.4440071873832,1892.730247063104,0.50
JPN,Female,IschStroke,glp1,17604.381155595533,261.5621058496981,587.4499560371187,261.5621058496981,618.3538692841757,589.2687031124296,576.3444138305567,573.5255909387415,576.1193575617726,581.3840671917642,587.6693646567,593.960843818917,599.6416939290284,604.3612050572119,607.9557714532639,610.395844998573,611.7462558375264,612.1342985925221,611.7233437849936,610.6912087048768,609.2130395195272,607.4485240351205,605.5331458828296,603.5730468803158,601.6429500701051,599.7865344682505,598.0186447282904,596.328755246177,594.6851756091637,593.0395696823107,591.3314528219344,589.4924220116372,587.4499560371187,0.50
JPN,Female,IschStroke,diet,22239.672742079645,0.0,1121.359285624094,0.0,22.78592432723235,53.69555098200362,96.21552050483297,152.9742196943189,224.4747711714372,308.28019352622505,399.4868671720542,492.3009379080395,581.6499030782215,664.027390063442,737.5524840751896,801.6198628234342,856.4681815691583,902.8210610847092,941.6349857420572,973.9383648171716,1000.7353039394948,1022.9515495605156,1041.406842284399,1056.8035797543198,1069.7255569251065,1080.6429510491216,1089.921136050456,1097.8317346039548,1104.5648041381282,1110.2413600232248,1114.925651525431,1118.6367680618714,1121.359285624094,0.50
JPN,Female,IschStroke,combo,39502.64870295565,261.5621058496981,1692.824604326408,261.5621058496981,640.7098199011598,641.9421770206245,670.7524313100803,723.6682614474485,796.4995608598692,884.1239383777283,980.0866064586952,1077.688168669054,1171.3270300665172,1257.1991175976436,1333.280395110305,1398.9332362558707,1454.4448146120703,1500.6435112307518,1538.625120462486,1569.572947971632,1594.645797406556,1614.9116609390694,1631.3114082178654,1644.6421509169231,1655.553624378328,1664.5532134078603,1672.0166290209454,1678.202086274221,1683.2663792079256,1687.281635814834,1690.2518369454774,1692.1284328976035,1692.824604326408,0.50
GBR,Male,IschStroke,glp1,13102.106100481196,139.57384954449662,500.040134695977,139.57384954449662,356.119986890968,361.128227951247,367.10672797599,374.62008131267066,383.0114839584349,391.7630579850884,400.51653794707454,409.05223234933874,417.2573607162794,425.0918746249081,432.55769790770137,439.67464027468486,446.46390272602366,452.9385453040286,459.0994999349841,464.9354808109129,470.4252548041659,475.54101352359976,480.2519218539383,484.5272374449596,488.3386675571801,491.6618413943797,494.476927578271,496.76852427662016,498.5250029681065,499.7375057794961,500.3987900433112,500.5020903463592,500.040134695977,0.50
GBR,Male,IschStroke,diet,4734.394868851527,0.0,271.2763102714507,0.0,3.303339844547736,8.102062065847349,14.9998112943631,24.52745347929158,36.89990561923878,51.83376176382808,68.5842474672263,86.19494734132968,103.78331258663638,120.70773190432556,136.59510966534617,151.28781047248413,164.76940570772967,177.10071228467132,188.3751968864453,198.6920982226875,208.14247318361413,216.8035302563403,224.7377392590679,231.9943544128837,238.61188336571104,244.620659885446,250.0450878662832,254.9053808852659,259.21877434313683,263.000271628398,266.2630258840654,269.0184710038648,271.2763102714507,0.50
GBR,Male,IschStroke,combo,17671.4367353822,139.57384954449662,762.4610829318972,139.57384954449662,359.2864733735405,368.8899688176589,381.4825310940869,398.1394925070599,418.4135316617885,441.5193039896203,466.387956585233,491.8840156595597,517.0469821548941,541.2179937392284,564.0366775229322,585.3672333035865,605.211364802044,623.6376389338948,640.7346933551762,656.5852032759012,671.2545687583734,684.7886702302676,697.2164214976674,708.5542517254598,718.810769695463,727.990671639931,736.0974985019129,743.1351937573727,749.1086147801052,754.0232524531475,757.8844475171227,760.6963815727795,762.4610829318972,0.50
GBR,Female,IschStroke,glp1,15867.17543586045,200.19318939017103,608.8367903959661,200.19318939017103,490.31377254682593,471.4641308352948,464.1755708629662,464.3996968439096,468.8487749971209,475.5713326358928,483.3873891169314,491.5971643360463,499.8131208911218,507.8483388520472,515.6371047521025,523.1784225459996,530.4976032857558,537.6222127863475,544.5689778567867,551.3385465888532,557.915417805827,564.2708621453348,570.367183109327,576.1621561654101,581.6129056875798,586.6788199260591,591.3233626174915,595.5148230021878,599.2261643240636,602.4341961023638,605.1183192454955,607.2590862091711,608.8367903959661,0.50
GBR,Female,IschStroke,diet,6770.129407936594,0.0,370.9435479876775,0.0,6.503872648387187,15.1231343992622,26.91616009380232,42.70505837754536,62.70621431381369,86.27801782002643,112.05003288036824,138.3915840082882,163.89725334228206,187.63726659164604,209.1631921194603,228.3871714170673,245.43975584716463,260.55616110361007,274.0013441092269,286.0275061727407,296.8539628058352,306.6607328648752,315.5897083645468,323.74945702586047,331.22128758794133,338.0652498800555,344.3253975993248,350.03404133011645,355.2149547605113,359.88562875055504,364.0587341898936,367.74297954470967,370.9435479876775,0.50
GBR,Female,IschStroke,combo,22422.89711504164,200.19318939017103,968.9165252199308,200.19318939017103,496.5481976422288,485.9640448730279,490.006699460273,505.418266235778,529.1251041037394,558.5679755910605,591.2570947565509,624.9273634924066,657.8359649860395,688.8932050334661,717.5915400996528,743.8354747968369,767.7678530266312,789.6368368062977,809.7105612333726,828.2305556686479,845.3917943088491,861.3389952379985,876.1716538543842,889.9528540823376,902.7188223395096,914.4875261464148,925.265509064866,935.0527242510434,943.845477528146,951.6377865121976,958.4215530822548,964.1859662175266,968.9165252199308,0.50
DEU,Male,IschStroke,glp1,23442.87162044776,247.71899981481693,846.9317344881601,247.71899981481693,639.1103495241041,663.8893972448823,682.4567903679927,697.9058488345763,711.2018027143313,723.2417370982621,734.7511781619214,746.225280347051,757.9288337261969,769.9296211130822,782.1456855562574,794.3942121073851,806.4353592899242,818.0081534610727,828.8577989352088,838.7549289820745,847.5078409536109,854.9689178146036,861.0364218664326,865.6527558382877,868.8001708969969,870.4947805111733,870.7796196140189,869.7173710920615,867.3832663591056,863.8585544674825,859.2248266378847,853.559382628795,846.9317344881601,0.50
DEU,Male,IschStroke,diet,9113.73194164628,0.0,515.926930087553,0.0,5.94960565762085,14.86201802791038,27.735110769634048,45.37906058011504,68.06021050566414,95.2665056962287,125.8127029070638,158.2329954469933,191.1837654150113,223.65404307953577,254.98285111906807,284.77996865718524,312.8313200063604,339.0253354171182,363.3064988976184,385.65030038670375,406.0517783018513,424.5213930388636,441.0841170471467,455.77937127396217,468.6606250232508,479.7942082316295,489.2573008852924,497.1352765370939,503.5186640186366,508.5000046126843,512.1708536633232,514.6191263551627,515.926930087553,0.50
DEU,Male,IschStroke,combo,32234.08935878075,247.71899981481693,1345.6937233802057,247.71899981481693,644.8263482966613,678.152297542918,709.075069227234,741.4691874864948,776.5600409018152,814.7577587756932,855.6535125743321,898.3366764059829,941.7813986112888,985.0826264031348,1027.5208224063572,1068.5353714306802,1107.6778834588113,1144.5774790758114,1178.923485861964,1210.4605974923688,1238.9900765662642,1264.3722061578628,1286.527223260553,1305.4335454604843,1321.1231256876745,1333.674353609851,1343.203204217818,1349.853422813183,1353.7865059405267,1355.172139607086,1354.1796223960046,1350.9706539168728,1345.6937233802057,0.50
DEU,Female,IschStroke,glp1,26336.379912795648,307.3136623913997,958.0903940008176,307.3136623913997,782.5168872635186,795.4353044013515,805.3411530593075,813.8416146296986,820.8569180162085,826.903982570504,832.7057513314394,838.9206829623145,846.012272790158,854.2137353551043,863.5473102593241,873.8688985758599,884.9196384240822,896.3743197518197,907.8820120738528,919.0975063868829,929.7038674195536,939.4271536240813,948.0446108123324,955.3876432247598,961.3407596291728,965.8375544193914,968.854645056046,970.4043567689224,970.5268235759432,969.282059367637,966.7424425297686,962.985952124396,958.0903940008176,0.50
DEU,Female,IschStroke,diet,11734.519476926796,0.0,644.1369894032359,0.0,9.93550731776486,23.921475915434712,43.499815496506926,69.74769529570767,102.75972397660736,141.37435275501048,183.4736075531,226.70602880500883,269.14019420292607,309.5375200987073,347.29130092990454,382.22529915471387,414.39572153268455,443.9519022162676,471.0573775170415,495.8545569364869,518.4553854523438,538.9450637884256,557.390776637847,573.8509882935941,588.3831716160639,601.0491855012151,611.91824880282,621.0678213540632,628.5828528169368,634.553892175165,639.0745197879623,642.2385015932487,644.1369894032359,0.50
DEU,Female,IschStroke,combo,37679.114751483816,307.3136623913997,1582.178905435536,307.3136623913997,792.0622842025987,818.4017787729317,847.1188019723304,880.8609557028976,919.6475754603852,962.887728906324,1009.2741843681432,1057.205416812987,1105.2834472575487,1152.542868403154,1198.4140184719472,1242.5756832834086,1284.8169817386115,1324.9518176489837,1362.7832748228866,1398.1006786435246,1430.6928285777649,1460.3660654200503,1486.9607318639464,1510.3630346916689,1530.5114258044375,1547.397783354747,1561.0642465347955,1571.5967819257312,1579.116586694705,1583.7703531753723,1585.7202819849008,1585.1345671600975,1582.178905435536,0.50
GLB,Male,IschStroke,glp1,1349215.7896752444,10936.650767674437,57131.74639131408,10936.650767674437,29085.778098906623,30597.633590814192,32021.473819000414,33456.239248008,34893.60136197368,36323.98052966222,37738.577910790686,39129.71332918713,40491.06716021523,41817.72095412528,43106.00934897503,44353.25502732443,45557.46248655906,46717.02620654786,47830.48364364402,48896.322728537954,49912.84025126975,50878.04132233327,51789.56919230707,52644.65697873151,53440.09644864546,54172.22259686701,54836.91552052088,55429.62263930077,55945.40460044565,56379.00741017936,56724.96174560906,56977.70836577425,57131.74639131408,0.50
GLB,Male,IschStroke,diet,2237534.96106836,0.0,137171.22903612163,0.0,1224.046957926359,3038.3819502019323,5697.000925529981,9438.722922658082,14398.597030778416,20531.63614098588,27609.579347976018,35297.74632290937,43255.48928788444,51204.03541308548,58948.39602295402,66369.286060757,73404.02194856526,80027.53495946014,86237.56204859074,92044.39779827092,97464.29911444384,102515.45571452286,107215.63721324364,111580.88638198562,115624.8447920098,119358.45334169827,122789.87486456848,125924.55280162534,128765.36061259592,131312.81991251232,133565.37731869798,135519.73482580017,137171.22903612163,0.50
GLB,Male,IschStroke,combo,3545667.9851628486,10936.650767674437,192045.415577495,10936.650767674437,30281.150627411203,33563.91293335031,37584.73366143741,42676.40438195039,48963.51298921229,56393.806137052365,64736.715548814274,73658.3976160842,82819.90851015365,91943.5659393128,100834.39803029876,109372.19917693408,117492.72660468893,125168.95787055836,132396.42078475934,139182.99931429,145542.34021676518,151489.799158948,157040.05292560766,162205.75639078254,166996.83637602488,171420.1698450651,175479.4984900793,179175.49841684895,182505.96368620128,185466.0845196955,188048.81120061505,190245.2974647372,192045.415577495,0.50
GLB,Female,IschStroke,glp1,1237384.7286950084,11527.323772078846,53187.37055796199,11527.323772078846,29843.956120183,30111.91475490108,30638.500471636187,31384.811549918493,32271.845726973843,33252.77743654093,34296.76531272242,35381.33655483555,36489.167909383774,37606.61058434984,38722.86531756446,39829.39815604966,40919.46376057575,41987.70164643787,43029.7974182046,44042.20284092659,45021.90505441744,45966.23323732475,46872.691916363314,47738.8131727539,48562.02399750613,49339.52890975028,50068.21095069777,50744.55593554536,51364.60531776445,51923.9423331758,52417.71450923802,52840.69346922636,53187.37055796199,0.50
GLB,Female,IschStroke,diet,2351992.683064821,0.0,143392.09223397588,0.0,1572.4212572353426,3756.94904578547,6856.67386171408,11134.106103318043,16713.58902093093,23502.48617928429,31202.970831539016,39415.42842264706,47759.5821785205,55947.37490875647,63797.92212440958,71218.7853643056,78178.00760032423,84679.65645908518,90746.45626295824,96408.86409905786,101698.79618369044,106646.332542215,111278.17992006382,115617.10008092178,119681.82548508886,123487.19269061276,127044.35353117436,130361.00125676906,133441.5924185426,136287.56797619676,138897.58695637388,141267.7880693241,143392.09223397588,0.50
GLB,Female,IschStroke,combo,3549686.8957471303,11527.323772078846,194427.08964912547,11527.323772078846,31379.54195859004,33781.27685766178,37338.84834156907,42270.44662150764,48619.86980211572,56251.37679880392,64844.4232187504,73986.56535543595,83288.44094529841,92453.72991574137,101293.32200987636,109706.76891574124,117654.6870079306,125134.54046977032,132163.33835478872,138766.6484760819,144972.19134490006,150806.3823291189,156292.62479158165,161450.57316714758,166295.89453699114,170840.26396188,175091.45849152468,179053.49210916134,182726.77724349409,186108.3202754585,189191.96677157283,191968.7122534318,194427.08964912547,0.50
CHN,Male,CKD,glp1,23964.392935935728,0.0,1302.098112725289,0.0,53.59512487114989,120.2586500922771,187.41378646845988,254.4213645112759,321.02356421831064,386.99894617877726,452.1211512142327,516.1490117378853,578.8323317990435,639.9233478285314,699.1873905077373,756.409815901221,811.3988370560255,863.9852659115277,914.0206006708904,961.3747241572128,1005.9340403285896,1047.6004011789191,1086.2907965266495,1121.9375457727874,1154.4886409048631,1183.9079121939867,1210.1747803216858,1233.2834811286884,1253.241770161345,1270.0692126395295,1283.7952295179566,1294.45709941088,1302.098112725289,0.50
CHN,Male,CKD,diet,14768.26028225862,0.0,937.5464340216276,0.0,5.904533783774241,15.210207558149705,29.37217916440568,49.86983789042279,77.74275568545272,113.14014745685564,155.20537142454123,202.3803801957401,252.8863759371161,305.0966110997979,357.70448749170464,409.73894608595583,460.5093562544498,509.5347341110464,556.4816975263966,601.1177561791992,643.2789689658093,682.8487596662162,719.7446030046121,753.9098892292386,785.3089684052975,813.9239826178527,839.7525775791873,862.805951863149,883.1069690361182,900.6882421673945,915.5902167807072,927.8593410764006,937.5464340216276,0.50
CHN,Male,CKD,combo,38456.90836606105,0.0,2223.564190831399,0.0,59.38204482162837,135.1310061355034,216.12179305536847,303.1669667863025,397.0312249401322,497.64579736556334,603.9525938178413,714.1906632575119,826.3715574681264,938.6557368574576,1049.5283423425572,1157.8218601941917,1262.665555562271,1363.4163020630367,1459.5961592276,1550.8444659714442,1636.8843692684022,1717.501028198094,1792.528267248999,1861.8407951723784,1925.349688659204,1982.9994524677893,2034.765530410136,2080.651621584504,2120.6865380698146,2154.9206191519334,2183.421896799148,2206.272298332711,2223.564190831399,0.50
CHN,Female,CKD,glp1,25006.49738121013,0.0,1417.0723619279745,0.0,51.43044578586705,115.7738931337808,181.07972282792616,246.77469469595235,312.6669013156352,378.6042518778122,444.4190820065997,509.90742837882135,574.8296802731056,638.9220998127566,701.9111110126105,763.5256361705688,823.5056360712042,881.6068906467262,937.6029810969048,991.2856597313804,1042.4646101070684,1090.9672462918095,1136.6388375669194,1179.342961522605,1218.9621160626411,1255.3982545876788,1288.573024540499,1318.4275569195452,1344.9217442274676,1368.033033472122,1387.7548336685868,1404.0946854775684,1417.0723619279745,0.50
CHN,Female,CKD,diet,15464.190744674415,0.0,1019.2724017807632,0.0,5.66605274991889,14.636793358702562,28.338904494798044,48.24405278498307,75.43259335146286,110.15957778350275,151.72747250851535,198.75326734108967,249.60861331342312,302.76835664219107,356.973912306843,411.2563759320328,464.8935881087528,517.3510761274229,568.2293000968348,617.2235100491234,664.0956771825877,708.6559156597505,750.75069031163,790.25557384282,827.070867881077,861.1188830702595,892.3420583672705,920.701398139412,946.1749319249212,968.7560677673172,988.4518252287816,1005.281006568228,1019.2724017807632,0.50
CHN,Female,CKD,combo,40196.26358903431,0.0,2420.080163539402,0.0,56.9836350637197,130.08656416581653,208.7814680229203,293.9400925969676,386.4338983769703,486.3678966686857,592.8990659426781,704.4754272944556,819.2666887076484,935.5170094897184,1051.719779093226,1166.6532217339843,1279.347429636793,1389.0316935399314,1495.085072099071,1596.9975994687993,1694.342641702984,1786.7585463519936,1873.9372409087227,1955.6176048268824,2031.581802013577,2101.6531617870787,2165.694586635145,2223.606823130948,2275.32624292087,2320.822032210388,2360.0928740232484,2393.163327081682,2420.080163539402,0.50
IND,Male,CKD,glp1,10335.813685511268,0.0,600.5515849408985,0.0,22.034494410516345,49.646028088682215,77.60317369522818,105.5458065027342,133.2848292949784,160.6791639664007,187.62439422107127,214.04456437063345,239.88552110891032,265.10964509489713,289.6916511135787,313.61512290754763,336.8695165443787,359.44746065147046,381.3422728630394,402.5456831779884,423.04580059373984,442.8253804802225,461.8604518714128,480.11935277856537,497.56220390954695,514.140831518831,529.7991314972896,544.4738507015281,558.0957482864906,570.5910891881213,581.8834134400822,591.8955182924838,600.5515849408985,0.50
IND,Male,CKD,diet,5055.54705500017,0.0,340.8664379426482,0.0,1.91210976162256,4.947267456460395,9.589411335691691,16.327954702122952,25.501178291320684,37.146722598496126,50.96792283744435,66.44245691745891,82.98786886435119,100.08672635175752,117.33981074785696,134.4668404111435,151.28384008798457,167.6761343616963,183.57511623475875,198.9407528876909,213.7492759360757,227.9848567075533,241.6341411554895,254.6827824567881,267.11336507795204,278.9043098117254,290.0294847174809,300.45833566741203,310.15640642393555,319.0861528359237,327.2079765603412,334.481415858987,340.8664379426482,0.50
IND,Male,CKD,combo,15336.151613070622,0.0,938.0659465716016,0.0,23.922764505899977,54.52479457023583,87.05810378817841,121.646768850027,158.43710106505023,197.3270008868858,237.92088972311467,279.6283143055043,321.8205199589138,363.948844258528,405.59325791950687,446.45983494595566,486.3555711762747,525.1591139772936,562.795387214006,599.2160572045395,634.3853432796313,668.2700542017992,700.8328031978454,732.0276013511175,761.7972627527633,790.0722277872701,816.770525706801,841.7986690081161,865.0533142941422,886.4235478377377,905.7936660952256,923.0463266366568,938.0659465716016,0.50
IND,Female,CKD,glp1,9297.97196421482,0.0,532.343791084626,0.0,20.81222335370694,46.65182817474124,72.52374268064887,98.11738740621512,123.31191046692402,148.03539655491477,172.24080045516166,195.8945850825912,218.9716983917897,241.4533433997858,263.3256319396387,284.57831330607587,305.20334574101435,325.1933286859421,344.5398970315582,363.2321889367449,381.255482595021,398.5900746258849,415.21045086500817,431.08478118130006,446.174753626372,460.4357492993004,473.817347323129,486.26413890603,497.71682031110686,508.1135265143093,517.3913603340479,525.4880659412302,532.343791084626,0.50
IND,Female,CKD,diet,4544.43630523757,0.0,302.15760639414657,0.0,1.806043501346721,4.650214498899004,8.970614122910774,15.204303088365124,23.646387554428657,34.31608963289909,46.92977265162335,61.00313948278927,76.00285950177931,91.45917516389454,107.01216170492262,122.41058786904614,137.4902704827109,152.14908508650842,166.32581150491023,179.9844055421563,193.1030737778492,205.6669940087595,217.6636223867972,229.07978450829972,239.8999894896552,250.10558967968973,259.67453550077335,268.5815580165945,276.79866433196,284.29586309811566,291.0420565052773,297.00604615046177,302.15760639414657,0.50
IND,Female,CKD,combo,13796.728305302604,0.0,831.8423865301738,0.0,22.5957495942057,51.23810542091815,81.37035968969576,113.1148268095858,146.64372746264416,181.90602924543785,218.57623892772244,256.14353858639515,294.0563841709736,331.8316376712246,369.0991628023694,405.5996551369535,441.1619885777327,475.6770521967264,509.0752897782513,541.3096438570064,572.3433969178877,602.1418468235788,630.6668256196135,657.8733028384886,683.7075358423754,708.1063966162328,730.9976174406474,752.3007694029075,771.9288303650537,789.7902227136074,805.7912130789191,819.8385711852752,831.8423865301738,0.50
BRA,Male,CKD,glp1,19010.20151342991,0.0,1129.8586687562563,0.0,36.19551051663439,81.79654782620491,128.67135508821593,176.39285099303743,224.72440978166924,273.4448410230907,322.3450931144289,371.2266261404802,419.8999568881227,468.1839040140185,515.9055144458107,562.9004179278127,609.0133125577413,654.098329259119,698.0191028246845,740.6484629531187,781.8677360477741,821.5657104797356,859.637361882269,895.9824608246781,930.504194560097,963.1079300994534,993.7002307490548,1022.1882156550564,1048.47932480093,1072.4815228997031,1094.1039468423187,1113.2579744783943,1129.8586687562563,0.50
BRA,Male,CKD,diet,3006.120177744102,0.0,207.745951111916,0.0,1.0371469717829314,2.685007123196556,5.208269530212419,8.87958220560904,13.89959021048344,20.318655614817544,28.015114277597604,36.74474315488988,46.22052034056469,56.17497291138716,66.38881811754254,76.6944501100952,86.96780725208373,97.11757886475245,107.07568018743768,116.79001886484912,126.21937694207008,135.32990787718154,144.09276698677422,152.48250763236865,160.47599035636813,168.05164146191964,175.18895941815572,181.86820737054225,188.07025416656688,193.776539817889,198.96914801483945,203.6309708502085,207.745951111916,0.50
BRA,Male,CKD,combo,21901.691037172008,0.0,1330.473816737147,0.0,37.18967045722093,84.3572537480868,133.63351240468546,184.853225758161,237.97343607570656,292.8237807542537,349.08186478785865,406.31824978756777,464.07082376004473,521.9035807099972,579.4340834108225,636.3373689141226,692.3388485336109,747.2044903897549,800.7318743214855,852.7430244824573,903.078853836043,951.5948027289414,998.1573125285868,1042.6409079183795,1084.9257794559237,1124.8958383094214,1162.4372588656624,1197.4375403541417,1229.785114582461,1259.3695107875246,1286.0820662157205,1309.817146556219,1330.473816737147,0.50
BRA,Female,CKD,glp1,17104.409110457163,0.0,1030.217635168454,0.0,32.00742263211578,72.27942391157194,113.64649024871323,155.77225465382435,198.48858440370168,241.6380417660112,285.0679327287835,328.62662264570827,372.1612290442063,415.5170670869702,458.5385532579967,501.07103794760405,542.9630334981885,584.0683976912005,624.2481572134384,663.3717799168517,701.3178144974809,737.9739056723993,773.236260238511,807.0086849909494,839.2013431687301,869.7293845572203,898.5115987838653,925.469225042718,950.5250277239538,973.602719171584,994.6267806017348,1013.5227021926768,1030.217635168454,0.50
BRA,Female,CKD,diet,2711.416829219743,0.0,189.33970583967312,0.0,0.917141407422605,2.3725835372824804,4.601476317133347,7.84719590192617,12.291086270372034,17.983046888111858,24.82143641599032,32.595707212851266,41.05610020938184,49.96840685389179,59.139302681418485,68.41966241650152,77.69771050176132,86.8898574979321,95.93265101496944,104.77671585293864,113.38250811611942,121.71742968822946,129.7538732866742,137.46787478165788,144.83815546512778,151.84541898113093,158.47182420865283,164.70059145810228,170.51572059837054,175.90181092514104,180.84397727531905,185.327857615659,189.33970583967312,0.50
BRA,Female,CKD,combo,19730.018103241586,0.0,1214.628548282053,0.0,32.886550925326446,74.54322419014352,118.03470520246265,163.2596139867128,210.2262783659208,258.82870232261484,308.82061136437187,359.8517904623077,411.53209089729353,463.4833259857369,515.3646805881253,566.8780020606355,617.7636966284044,667.7942935243227,716.7686604341143,764.5075362597054,810.8501465883164,855.6514843876139,898.779924438757,940.1149851279552,979.5451771813388,1016.965965446434,1052.2779183131788,1085.385137691912,1116.1940591981474,1144.6126947824232,1170.550364422532,1193.9179341827255,1214.628548282053,0.50
CAN,Male,CKD,glp1,3725.010927292872,0.0,196.89414770121948,0.0,7.679872563805475,17.565405709238803,27.884688487803945,38.48960429290128,49.27319879465631,60.12779185238833,70.94608633100142,81.624694045654,92.0674439475124,102.18780301185323,111.91039194835776,121.17179836324613,129.92089805022624,138.1188283270958,145.7386873534624,152.76498738886585,159.1928711203309,165.02710148529422,170.28084758753812,174.9743045552168,179.13319834967388,182.78723493797315,185.96855611861704,188.71026205866565,191.0450542904673,193.00404375424387,194.615757634866,195.9053672306964,196.89414770121948,0.50
CAN,Male,CKD,diet,422.7271632126476,0.0,26.38803870287484,0.0,0.1585469725623625,0.415316482793969,0.8126777387351467,1.3945635036334352,2.1931050475031952,3.2152938220497163,4.438829460675152,5.819902522384837,7.306413932753458,8.848716333112861,10.404961882357384,11.94226849757797,13.435844243671454,14.867531105106536,16.224431177226506,17.497805338093713,18.68223443507213,19.774976336877444,20.77545318582088,21.684820786535965,22.50559027656618,23.24128625408776,23.896134898258424,24.47478115476042,24.98203683548581,25.42266241423385,25.80118508544001,26.121754786396195,26.38803870287484,0.50
CAN,Male,CKD,combo,4134.061072485545,0.0,222.54792548212845,0.0,7.831990005934131,17.962064439104324,28.660416417718807,39.82137162627168,51.36926779361056,63.20377771891799,75.19689699448372,87.20377285592531,99.07859383826326,110.6873013457971,121.91427678066066,132.66433078956106,142.86223626596257,152.45134447982855,161.39199522114086,169.65993396936665,177.24473808130006,184.14820015090567,190.3826291759333,195.9690618973891,200.93540708639367,205.31456731627625,209.142594579268,212.456939183131,215.29484772051364,217.69195763823336,219.68112488356928,221.291508747956,222.54792548212845,0.50
CAN,Female,CKD,glp1,4014.0264986994734,0.0,220.338864391254,0.0,7.957740946568265,17.977909745390207,28.33655368020481,38.974821424090806,49.84988023485949,60.8996302519181,72.04703915079062,83.20565815929422,94.28483797419084,105.19419257128538,115.84718599023928,126.16389391801476,136.07305161633485,145.5134952032331,154.43507666406822,162.79910804370866,170.57837624178228,177.75676715390546,184.3285431167833,190.297326398596,195.674850189037,200.4795447810975,204.735029215115,208.4685773427027,211.7096224550805,214.4883570291604,216.83447461169635,218.7760901990723,220.338864391254,0.50
CAN,Female,CKD,diet,454.6690447082765,0.0,29.332986582936428,0.0,0.1642834207250416,0.4248389015137945,0.8243529215997114,1.407436023635455,2.2080108305617614,3.2364188228975763,4.4749898237687376,5.884865592793176,7.418122736132318,9.027798534581052,10.673038140447716,12.320426035517812,13.943440678698607,15.521356112155445,17.038187812234355,18.48185247975107,19.843532845229674,21.11718923690114,22.29916148342636,23.387820825689232,24.383247821659097,25.286924696305505,26.10143889704068,26.830199550270663,27.47717100836508,28.046628516181045,28.542940805730723,28.97038357152724,29.332986582936428,0.50
CAN,Female,CKD,combo,4454.745810731832,0.0,248.92118052069412,0.0,8.115362207578983,18.383709459466445,29.123588247233783,40.319270450349904,51.96097385080884,63.99721044919988,76.33472998004345,88.85041844034185,101.40804305417804,113.87231732695908,126.11746171587583,138.03129458824424,149.51680491971274,160.49257788823343,170.8927274534608,180.66655642605565,189.77797881688,198.2046885798109,205.9370652976432,212.9768312783399,219.33549873810625,225.03266389612145,230.0942153555497,234.55052758826696,238.4347079439404,241.7809588362816,244.6231070220274,246.9933404004269,248.92118052069412,0.50
TUR,Male,CKD,glp1,10308.794813933357,0.0,615.2697514110987,0.0,20.53750974995637,46.09115237050355,71.84930069831898,97.68936770559958,123.62660254226104,149.6572043722099,175.74492960162752,201.8250611742078,227.8137231132605,253.6177564461923,279.1429578960033,304.2998630031361,329.007027592761,353.1921643317328,376.791657939033,399.7490049988119,422.01266750368086,443.53373731511965,464.2637090110984,484.1525662373242,503.1473086584192,521.190984838795,538.2222499344061,554.1754336079721,568.9810802902648,582.5669081054002,594.8591222078685,605.7840112762933,615.2697514110987,0.50
TUR,Male,CKD,diet,522.2386852381424,0.0,35.89900001913338,0.0,0.1853136317586177,0.4773512864067015,0.9223629367988906,1.5691222647183167,2.4541156776685966,3.5868090036437934,4.945091964416861,6.4840012881104485,8.150437767404583,9.894949789078964,11.677315682951305,13.467356870380172,15.24346369147679,16.990526914010843,18.698045381876,20.35863398000584,21.96692370287201,23.518777017339744,25.010738674845925,26.43965826115891,27.8024383769116,29.09587629762973,30.316576774530404,31.46092013684756,32.525074016768485,33.50503961872164,34.39672504702685,35.1960391636494,35.89900001913338,0.50
TUR,Male,CKD,combo,10808.855613825008,0.0,649.8175831701046,0.0,20.713429351792,46.5417489823576,72.71946527041837,99.1706252006843,125.9456162521692,153.0503245337004,180.4282619891492,207.97263519973052,235.5495255538408,263.01894551107944,290.24843053347104,317.11966201313953,343.5304068300611,369.3937312836642,394.63574632079326,419.1926466568657,443.007528485683,466.0273124945197,488.1999955384272,509.4723767645992,529.7883423283129,549.0877440988879,567.3058704654613,584.3734799416161,600.2173488415647,614.7612708981214,627.9274375806344,639.6381217341586,649.8175831701046,0.50
TUR,Female,CKD,glp1,12294.268095959507,0.0,753.7663028912357,0.0,23.20273954711047,52.24431253680268,81.86621598802776,111.86781267231528,142.1803493536554,172.73306164996757,203.4460752987616,234.23099331505,264.99395218870995,295.6393890519539,326.0735308252297,356.2070695270413,385.9567925737174,415.2461470085873,444.0048558470189,472.167787172657,499.6733140678043,526.4614071711585,552.4716821301372,577.6415905871727,601.9049029419075,625.1905893607,647.4221659334034,668.5175375458493,688.3893388201286,706.9457494703893,724.0917402879968,739.7306901950178,753.7663028912357,0.50
TUR,Female,CKD,diet,616.0119624576764,0.0,43.62310653401073,0.0,0.2093624779517995,0.5401770579410368,1.045129682534025,1.7789742768763972,2.782469112096805,4.066543027993248,5.607731800304464,7.357963604565157,9.260548209200351,11.262746026975949,13.321574195375431,15.404532882894271,17.4879660632796,19.554861593100213,21.592886020480364,23.59286598149265,25.547687600414065,27.45152032781334,29.29927489659167,31.0862267061857,32.80775738815282,34.45918354069727,36.03565252928456,37.532092052701046,38.943204159520974,40.2634965780926,41.48734530295769,42.609082828192186,43.62310653401073,0.50
TUR,Female,CKD,combo,12886.525035941304,0.0,795.9728424340938,0.0,23.40148889658667,52.754301459439375,82.85250337573416,113.54797010111906,144.8114157935579,176.58345904678936,208.7629728161373,241.21673109002583,273.7975259411469,306.35987627997383,338.76910664772004,370.9047996691188,402.6609401175738,433.9444383642876,464.6729110217202,494.7721262361592,524.1733289187614,552.8106016730671,580.6183996284162,607.5293836379751,633.4726559062292,658.372475570297,682.1475024498795,704.710588248694,725.9691080124721,745.8258016695836,764.180076327917,780.9297046068277,795.9728424340938,0.50
ZAF,Male,CKD,glp1,4473.202912490076,0.0,243.144347882324,0.0,10.985253639316396,24.522127703354272,37.96685982247618,51.1451051822196,63.9772077112566,76.41134717059595,88.41376336381836,99.96434069616409,111.05467155681072,121.68666297245544,131.87074708359614,141.62349044638904,150.96476842845004,159.9147979570498,168.49131930595468,176.70715880605712,184.56832936010323,192.0727538545052,199.20963600892355,205.95945604189183,212.29453413493684,218.18008129620284,223.5756428344248,228.43683238241647,232.7172527089242,236.37050223572805,239.352172346129,241.621749557602,243.144347882324,0.50
ZAF,Male,CKD,diet,29.43762360747678,0.0,1.851338183203552,0.0,0.0127600816413178,0.0327365046141494,0.0630862935850018,0.1068905657239156,0.1661435571186302,0.2407685134357962,0.3284360612615273,0.4253596972539526,0.5274636593803734,0.6312447623222397,0.734115950168416,0.8343779911083402,0.9310298059608612,1.0235533461291195,1.1117309413129988,1.19550876788162,1.274902148285037,1.349933722840433,1.4205959610389982,1.4868312519793108,1.5485245577892783,1.6055049676378983,1.6575534494822932,1.7044147539800178,1.74581187504009,1.7814617882686434,1.811091424515325,1.834453024517643,1.851338183203552,0.50
ZAF,Male,CKD,combo,4502.047568439746,0.0,244.97040075111727,0.0,10.997526599014236,24.553517035940786,38.02740038011234,51.247859709218574,64.13723265470708,76.64369782039284,88.73130205194684,100.37629690675747,111.56632769885982,122.29988180525288,132.58484382224924,142.43608826081618,151.8724775800256,160.91369057084012,169.57722878641653,177.87584701454034,185.81556116760652,193.39431043553304,200.6012902530747,207.416927088394,213.813433290492,219.75585812206555,225.20353761543265,230.11183923431963,234.4340960445697,238.12362807027057,241.13575490002768,243.42971276975183,244.97040075111727,0.50
ZAF,Female,CKD,glp1,3927.016731390137,0.0,201.5038883186244,0.0,11.61754726430081,25.57082246556456,38.907556744714384,51.540110710908266,63.49987982948551,74.80735871020624,85.4720443874703,95.50215753781777,104.91174811816018,113.72383862009885,121.97046410472832,129.6907203602077,136.92774478305364,143.72531338599765,150.12452952144304,156.16091707588748,161.86210734342058,167.24621654570365,172.3209429908693,177.0833634197479,181.5203726168711,185.6096853677318,189.3213028047612,192.61933444573697,195.46406181777456,197.8141289590112,199.6287489983333,200.8698241415059,201.5038883186244,0.50
ZAF,Female,CKD,diet,25.63137991681469,0.0,1.5296864996435031,0.0,0.0134945315239747,0.034212400780234,0.065261125584584,0.1094363797492405,0.1683037948787387,0.2411711893018946,0.3250417797753471,0.4156238351115462,0.508642470873383,0.6007061445070576,0.6895590053718479,0.7739415354608354,0.853315501659381,0.9275989590205428,0.996961504642968,1.0616824366934452,1.1220590042885306,1.1783505903877085,1.2307476246696751,1.279357353516389,1.324201173534675,1.3652199710140849,1.4022849966931972,1.4352124593533515,1.463780412585038,1.4877467519581842,1.5068673097139254,1.5209131745214108,1.5296864996435031,0.50
ZAF,Female,CKD,combo,3952.415012314536,0.0,203.0298117441525,0.0,11.63052663592316,25.60371647043757,38.97051932130489,51.64607610466919,63.66338751831063,75.0423555867983,85.78960477100554,95.90916645753532,105.41086930073652,114.31434968682696,122.64936051283983,130.45369793599093,137.76992009100286,144.64168629376945,151.11024408683443,157.211381176352,162.97301978776522,168.4135369223004,173.54082868140358,178.3520905487694,182.8342525417065,186.9649848384688,190.71417351108173,194.04575589248816,196.9198000743454,199.29471266205653,201.129462980296,202.3857201793635,203.0298117441525,0.50
MEX,Male,CKD,glp1,23116.063229557632,0.0,1230.533791208305,0.0,52.38724646176706,117.1875941860526,182.44817440886985,247.57676200887363,312.2841333248871,376.314956285496,439.4353741191662,501.42620339625137,562.0778978197632,621.1872893606633,678.5558499865801,733.9891199076155,787.2969644440891,838.2943810657089,886.8026445891592,932.6506359944178,975.6762445336062,1015.727765233154,1052.665237946865,1086.3616929944692,1116.7042841435832,1143.5953030131425,1166.953079677769,1186.712781658971,1202.8271269242614,1215.267025667832,1224.0221607433778,1229.1015084529354,1230.533791208305,0.50
MEX,Male,CKD,diet,2271.958034718882,0.0,141.62697708081396,0.0,0.9430439831849072,2.416138027154375,4.640742721465358,7.838461845058191,12.16093829357851,17.624326609155105,24.09556775279634,31.340374823499587,39.09481427866558,47.11888006575464,55.219356087189226,63.250757688918384,71.10673059558758,78.70976814140158,86.002525939919,92.94146260582784,99.49252736595372,105.62837215324544,111.32661016974453,116.56875941464386,121.33962037554738,125.62692203959888,129.42112996459036,132.71534996030823,135.50528664853482,137.78923225861945,139.5680706699859,140.8452871581394,141.62697708081396,0.50
MEX,Male,CKD,combo,25338.15452311497,0.0,1370.984934148204,0.0,53.28623005243208,119.48037282100996,186.8526653672561,255.0262553285648,323.86199948387366,393.12639284232137,462.4646509074664,531.4384254189208,599.5885643951042,666.4831923539241,731.7383254098459,795.0187237079881,856.0303258707645,914.5114870118196,970.2259777706204,1022.9583245406902,1072.5111414705534,1118.7038940343773,1161.3725929471548,1200.3700429159871,1235.5663897739869,1266.8498028169197,1294.127196256537,1317.3249389628618,1336.389529660264,1351.288229307611,1362.0096467521944,1368.5642707857187,1370.984934148204,0.50
MEX,Female,CKD,glp1,26158.165052557764,0.0,1517.4169004627838,0.0,52.07287327769518,117.09373973639596,183.29407558912865,250.15054303812207,317.4375430015789,384.9504331358912,452.4904053409045,519.8576608918447,586.8473874341871,653.2479296302117,718.8406487265311,783.4009858617283,846.7002937193538,908.5080770698768,968.594369045939,1026.732052524283,1082.699006318442,1136.2800111205795,1187.2683910831984,1235.4673961895023,1280.6913509939986,1322.7666092292566,1361.5323626061945,1396.841356523153,1428.560565477761,1456.5718767062865,1480.7728220571953,1501.0773857657405,1517.4169004627838,0.50
MEX,Female,CKD,diet,2602.216509447506,0.0,175.39238660249976,0.0,0.9373848245195404,2.414495051842096,4.6625932520473725,7.919337553066725,12.358209092577454,18.020065029711983,24.79493582277792,32.46631936720223,40.78140530190285,49.50530127630918,58.44536508818419,67.4535474768054,76.41880562378356,85.25746193312807,93.90489994279052,102.30943049395864,110.42811932837505,118.22409428747778,125.664875248498,132.72137547401508,139.36732826105435,145.57897540559495,151.33491294870328,156.61602966657665,161.40549999634823,165.68880971120234,169.45380269127782,172.69074269527482,175.39238660249976,0.50
MEX,Female,CKD,combo,28681.91337247476,0.0,1689.1702601346042,0.0,52.966462113869056,119.38392343723172,187.71507813693825,257.66583427171645,329.17986857031065,402.0965005570906,476.1172035705822,550.8399477419298,625.8215711182784,700.6276645867329,774.8559507217724,848.1399468216478,920.1438531722742,990.5557962020684,1059.0824088348163,1125.445378242286,1189.3796614362436,1250.632856494216,1308.9652764150233,1364.1503990793572,1415.9754856665677,1464.242251669806,1508.7675393352763,1549.3839828173222,1585.9406825143524,1618.3039167677052,1646.3579202903277,1670.005751754412,1689.1702601346042,0.50
AUS,Male,CKD,glp1,2749.202071889353,0.0,156.35184169110562,0.0,5.255344262774088,12.047076394112535,19.185557954431715,26.57291582911512,34.13135453903169,41.77977618138493,49.43783434983061,57.03047027518232,64.49131567437871,71.7646083528989,78.80576946231622,85.58099911011323,92.06626918060329,98.24602451198189,104.1118094868516,109.6609501966568,114.89535585207796,119.8204588421804,124.44428740855074,128.77665334143603,132.82843469268846,136.61093641837942,140.1353173230982,143.41207778258195,146.45060826928238,149.25880300045355,151.84274573402763,154.20647577182717,156.35184169110562,0.50
AUS,Male,CKD,diet,100.88736305702196,0.0,6.737341147614643,0.0,0.035006556290682,0.09188942958599,0.1802883087934788,0.3102112132128241,0.4890479033319934,0.7185672636469462,0.9939752198292808,1.3056737218812486,1.6422628891177735,1.9929861845630512,2.348940952918383,2.7033198693707163,3.051171225536564,3.389018617467628,3.714500110397239,4.026077228320901,4.3228156235809365,4.604223699526301,4.870133676545265,5.120612297293519,5.355891819239332,5.576314918843309,5.782289387184392,5.9742501044484015,6.1526268820425685,6.3178174853010205,6.47016559689564,6.60994372424193,6.737341147614643,0.50
AUS,Male,CKD,combo,2846.397745919655,0.0,162.87070521303212,0.0,5.28882266859182,12.134512842692857,19.356982978266387,26.867985771712483,34.59688781946852,42.46442319925745,50.38581669329824,58.27696405007191,66.06068079566103,73.67095123282115,81.05467199511122,88.17149168792412,94.99258657230894,101.4990072782548,107.67996672886149,113.53124821412712,119.05379970507784,124.2525211802522,129.13522444262708,133.71173581712446,137.9931129291017,141.99095247746845,145.71677350001937,149.18146825093572,152.39481939981124,155.36508724235773,158.09867374254827,160.5998714908692,162.87070521303212,0.50
AUS,Female,CKD,glp1,2371.414007048776,0.0,140.20808285417843,0.0,4.081972013115774,9.311449915108824,14.829211349650905,20.60902715255861,26.62567856116448,32.83810675938685,39.19367310828829,45.63338476064519,52.09671686949741,58.52545180581046,64.86636808819821,71.07286630047656,77.10573474992316,82.93328171237681,88.53103734114848,93.88118624482333,98.97184807947131,103.79628604054778,108.35209438786568,112.64039589877756,116.66506707920962,120.43200140993396,123.94841727458424,127.22221612991144,130.26139681431505,133.0735327725215,135.6653197572914,138.04220181799428,140.20808285417843,0.50
AUS,Female,CKD,diet,86.16837535633249,0.0,5.963243297995177,0.0,0.027190565624096,0.0709325597354109,0.1387674066377258,0.2387170413626336,0.3771258417141325,0.5563864922914945,0.774065397081813,1.0239700822071427,1.2981916081625968,1.5888523186749808,1.8890440467098413,2.193104785875221,2.496551866920072,2.7958991896357475,3.0884676442669843,3.3722251742483422,3.645660748509727,3.907686055498744,4.157557278123932,4.394810718769804,4.619207905537223,4.830687375590969,5.029321474800781,5.2152772991184975,5.388781425413072,5.550088413783669,5.699453261141571,5.837108080901089,5.963243297995177,0.50
AUS,Female,CKD,combo,2455.16123992084,0.0,146.0429791178849,0.0,4.107975621776859,9.37897931921134,14.96128989953013,20.836435277069995,26.985392876670176,33.36955999496786,39.93414424826733,46.61437322491884,53.3422482732949,60.05205241520298,66.68394534960544,73.18586619434518,79.51424646121995,85.63397643429016,91.51793250972378,97.1462618289802,102.50554606048809,107.58791860707332,112.3901792764418,116.91293149819104,121.159755847827,125.13642756013904,128.85018316327205,132.3090410218365,135.52118140628136,138.4943929024921,141.23559294400638,143.75043058583103,146.0429791178849,0.50
NZL,Male,CKD,glp1,561.8661980566795,0.0,30.70980064034859,0.0,1.2701120969253452,2.854761617007398,4.461565770980883,6.072414180510691,7.675832814997648,9.26075996375937,10.816963550996777,12.335457461088254,13.808697840971604,15.230595326150135,16.596412616084763,17.90260831378305,19.14666868559675,20.32695064544328,21.44254553664257,22.49316451720142,23.479041659360632,24.40084909114887,25.259618595881648,26.05666523946536,26.793510240695355,27.47180204905419,28.09323619794713,28.65947580650697,29.17207552697562,29.63241224507636,30.041625944547945,30.40057388153093,30.70980064034859,0.50
NZL,Male,CKD,diet,33.416913597325674,0.0,2.153536614297764,0.0,0.0137262576159855,0.0353450946422526,0.0681387531660675,0.1153980207222957,0.1793504493992941,0.2601667718851104,0.3557554282538149,0.4624952068933226,0.5763304016745678,0.6935965712096959,0.8113797318842444,0.9275385562045813,1.040576374625516,1.1494832158824693,1.2535991393521044,1.352511142035269,1.4459801715489675,1.5338907203893086,1.61621593788675,1.692992874966194,1.7643041445944618,1.830263597595604,1.8910045596525151,1.9466698204369093,1.9974029874299504,2.043341078085064,2.084608371082936,2.121311603912659,2.153536614297764,0.50
NZL,Male,CKD,combo,593.9075700017088,0.0,32.78334020017837,0.0,1.2832061257589658,2.888293411496761,4.526147055785373,6.181811249730913,7.845964828838305,9.507752735145344,11.154997702684,12.775302723753498,14.357283567050558,15.89136702715598,17.370034033829143,18.78768899076033,20.140373316949308,21.425460606125853,22.64139193489848,23.78746409315795,24.863663776251883,25.8705350611109,26.809067955658293,27.68059852219801,28.486714283561128,29.22916160937052,29.90975427630542,30.53028431198254,31.09243755600312,31.59771713061707,32.04737825775021,32.44237765760056,32.78334020017837,0.50
NZL,Female,CKD,glp1,439.0429728952481,0.0,24.282455809134035,0.0,0.9540224418055914,2.1388445733579147,3.34096497357973,4.551189912008681,5.763993801925039,6.972975207478839,8.171324862930419,9.352326877246924,10.50969697611322,11.637766198233294,12.73155425827963,13.786776762160116,14.799819238677172,15.767698502460348,16.68802185310153,17.55894784263637,18.379148433978344,19.147770599072487,19.864395048054348,20.528990258432486,21.14186086436848,21.70359048494015,22.214980033811344,22.67698335004696,23.09064255949363,23.45702589153018,23.777170735670325,24.052034544720527,24.282455809134035,0.50
NZL,Female,CKD,diet,25.84100811328404,0.0,1.68436070677717,0.0,0.0103102378437824,0.0264564397895128,0.0508707504865242,0.0860101178202512,0.1335845481564774,0.1938362565030047,0.2653779368963569,0.3456997743927559,0.4319386105208878,0.5214621731645366,0.6121282912338302,0.7023090865149015,0.7908101881077982,0.8767683822089793,0.9595630641790648,1.0387498901441177,1.1140142222261602,1.1851392344756275,1.2519839043255845,1.3144672836638165,1.3725565891502356,1.4262575482475768,1.475606077656039,1.5206608050959858,1.5614962280266127,1.5981964773866366,1.6308497523582446,1.6595435359315616,1.68436070677717,0.50
NZL,Female,CKD,combo,464.00986332652747,0.0,25.920766447600613,0.0,0.9638577920800344,2.1639546755005767,3.3892218818913307,4.632833935289227,5.890932957534574,7.157396528999584,8.424141060675083,9.68209546543244,10.922267021021868,12.136482332393484,13.31771136282464,14.460101827585843,15.558879594533778,16.610214880531885,17.611098645839775,18.559241173938403,19.45299056204192,20.291264404897333,21.07348788545289,21.799533044989403,22.46965596931261,23.084430491456487,23.64467858076545,24.151398798149216,24.60569503668092,25.00870824938817,25.36155402026509,25.665268699454828,25.920766447600613,0.50
ROU,Male,CKD,glp1,1053.3762710902206,0.0,49.018686962482434,0.0,3.317580477359797,7.289391693072957,11.129804939314454,14.799257915298313,18.28232856968998,21.568163831062748,24.6490573185256,27.52028315156645,30.180274021065543,32.63071321113239,34.87633950707914,36.92444410964095,38.78414590104762,40.465572086836346,41.97906572189095,43.33451137530778,44.54083197780619,45.60567443578611,46.53527427246672,47.334471922760486,48.0068445886161,48.55491584518472,48.9804082518001,49.28451001595886,49.46813364309742,49.532151316175714,49.47759776638532,49.30583626180942,49.018686962482434,0.50
ROU,Male,CKD,diet,359.23454754621434,0.0,20.08762027635976,0.0,0.2099517808042037,0.5289008614827253,0.9980321525913496,1.6551467719230004,2.519871992468097,3.5815372603979085,4.799231364295565,6.114610210874844,7.4682269505597105,8.810619185814858,10.106156682328674,11.33209596956317,12.47573030386252,13.531366465040264,14.497817609448248,15.376547594663862,16.170389498237455,16.88271018681371,17.516901143321093,18.076099135537103,18.56306339119056,18.980154897589728,19.3293781812522,19.61245722724425,19.83092583898383,19.986219301460324,20.079759120377275,20.113026191728068,20.08762027635976,0.50
ROU,Male,CKD,combo,1400.192486519157,0.0,68.48929331345494,0.0,3.5193214129253647,7.795313527943563,12.083844759322574,16.38194994878836,20.693464292291765,24.99781034860416,29.24849121686293,33.38508392816698,37.3490378462036,41.09443766989534,44.59157099744971,47.825588136310216,50.793094649149225,53.49846289451557,55.95064937483494,58.16074410449119,60.1402351607735,61.89988622693386,63.449104663371145,64.79568167920934,65.94579902859914,66.90421270125375,67.67454098099915,68.25960068735117,68.66175047133606,68.8832130857636,68.92635926303046,68.7939441493254,68.48929331345494,0.50
ROU,Female,CKD,glp1,1075.9104939675728,0.0,51.14195351990065,0.0,3.295640109419537,7.257581596041291,11.105140293313298,14.794580006858496,18.30904542604435,21.637868717991523,24.77360519849117,27.710892963834795,30.446316156225294,32.9786873594669,35.309330429278816,37.44214454132157,39.3833906154091,41.141241965224935,42.72518804512174,44.14538875608173,45.4120626365534,46.5349679613812,47.5230098528275,48.38398392371482,49.12444994878456,49.749718002761256,50.26392376302852,50.670168111116936,50.97069752461766,51.167104880029456,51.260534252254274,51.25187741047807,51.14195351990065,0.50
ROU,Female,CKD,diet,364.3527268206615,0.0,20.848888278573213,0.0,0.2085632932146381,0.5262783005202891,0.9936313502041684,1.6475766834980732,2.507322311104872,3.56274339985589,4.774521186421225,6.08642384971904,7.440855797943186,8.789394141416778,10.096511405994988,11.33883418687128,12.502637341516447,13.581157744518803,14.572340525901382,15.477131118489524,16.298244532383933,17.039305990367666,17.704268684159842,18.29703560926509,18.82123089443462,19.280079694409096,19.676365465176104,20.012440568179272,20.290271607140312,20.51150526245692,20.67754395909651,20.7896236378283,20.848888278573213,0.50
ROU,Female,CKD,combo,1427.52642249837,0.0,71.33858382941594,0.0,3.496046858704858,7.760974871292547,12.054875684482797,16.3697694195414,20.707623927046825,25.048546383266967,29.34782768175978,33.54646357543811,37.585884321902086,41.41836628047008,45.0109426276249,48.3448149560254,51.412781664016165,54.21624226280437,56.76245709541877,59.06227207036227,61.12832882375915,62.97371994660057,64.61103357929892,66.05172900515004,67.3057852350189,68.38156635699966,69.28585082753284,70.02397698451591,70.60006352451546,71.01727090352188,71.27807694792932,71.38454685395413,71.33858382941594,0.50
BGR,Male,CKD,glp1,581.3932370711835,0.0,25.358485497701963,0.0,2.00115126428841,4.399296803156176,6.709304273117596,8.900692268250168,10.95936745605036,12.874830347886473,14.639873086513262,16.251018288861133,17.708610807556397,19.01642423021599,20.180943075517007,21.2105209322051,22.114564125262177,22.90282759649289,23.58486039943637,24.1696062157871,24.665146173955463,25.07856253829937,25.41589895665197,25.682193446668062,25.881562602710343,26.017318649399044,26.092104367252773,26.108034214843315,26.06683296311428,25.96996573205945,25.818755437224013,25.61448532070688,25.358485497701963,0.50
BGR,Male,CKD,diet,194.28305148240827,0.0,10.291333206580362,0.0,0.1251838903572206,0.3156270631429834,0.5952703090461,0.985453801619542,1.4959345095248864,2.117699960878099,2.8235326072797307,3.576406437418882,4.339754494604449,5.084162439007741,5.78940581580423,6.44351307973443,7.040737452359281,7.579531500052099,8.060932090898177,8.487407621777265,8.862090296134284,9.188293027213264,9.46922441139668,9.70783660776101,9.906759881536686,10.06829190055396,10.194420074969116,10.286862313435565,10.34711644933384,10.376511952220651,10.376259856383626,10.34749843138411,10.291333206580362,0.50
BGR,Male,CKD,combo,768.838703570705,0.0,35.3265999995117,0.0,2.121404878685098,4.701101610327669,7.278113689407746,9.842626247830822,12.390161125766326,14.901881760517426,17.344743108524426,19.67990422676393,21.872642904306986,23.89840912146633,25.74410984163296,27.406413179203355,28.8890174935616,30.200021414837465,31.34982696176712,32.34963479587975,33.21044771634001,33.94246652267475,34.554772041581714,35.05520762444951,35.45039655830681,35.745845532900944,35.946098378589795,36.05491431983114,36.0754526300708,36.01045136070468,35.8623921561524,35.63364636911172,35.3265999995117,0.50
BGR,Female,CKD,glp1,478.0861427987805,0.0,21.044264877031083,0.0,1.6054657421507272,3.5287242878625875,5.386241779543411,7.159335744490932,8.839787512952967,10.419086066517934,11.888853112518632,13.24226814282315,14.47515129696285,15.586390826056231,16.577814165822133,17.453713576512428,18.220218438515985,18.88464941861924,19.45493451280049,19.93912556136945,20.34502675894271,20.679930799606154,20.95045008122179,21.162427013954925,21.320906958379965,21.4301583741983,21.493726595945983,21.514509788089413,21.49484778684769,21.43661654926484,21.34132271586941,21.210194313909145,21.044264877031083,0.50
BGR,Female,CKD,diet,158.42730365858836,0.0,8.47795707842829,0.0,0.1004314121696552,0.2531141685503826,0.4773902021837557,0.7908756407226747,1.2021915239747614,1.704961139902025,2.27791267269572,2.891362120745044,3.515438978620523,4.125645553025947,4.704743054309802,5.242207147245722,5.732726743106468,6.174631315056672,6.568595843492858,6.9166858486801175,7.221695774262343,7.486710098398817,7.714823863781703,7.90897395718423,8.071846013713184,8.205832245331976,8.313022962101286,8.395219762426109,8.45396198275239,8.490560523292515,8.50613495337268,8.501651079060707,8.47795707842829,0.50
BGR,Female,CKD,combo,630.4704693179557,0.0,29.22331256497523,0.0,1.7019417366091147,3.770698256429569,5.842186260252788,7.914709962402981,9.988456570241624,12.048999360029825,14.067768262308618,16.00963027312082,17.84182708403023,19.539736864775705,21.08857846022522,22.4824430503204,23.72224925928765,24.81360371744768,25.76498307315705,26.58633795284379,27.288087328438905,27.88043247342671,28.37291805402117,28.774178247294003,29.09181803621243,29.3323907475052,29.50144180950997,29.603595783145693,29.64266930675524,29.62179701173875,29.54356095494268,29.410116856506647,29.22331256497523,0.50
ISR,Male,CKD,glp1,1441.265732400985,0.0,86.43422069631424,0.0,2.622925411803408,6.0131028543048615,9.592274302379792,13.313463092637448,17.136800533388396,21.019929041829982,24.92075570211955,28.800042833042653,32.62340269571155,36.36260090453084,39.99617202545028,43.50942368690676,46.89395069917418,50.14679947473951,53.26942095171853,56.26653411965981,59.14499856574366,61.9127683309689,64.57797439909518,67.14816154284472,69.62968809125778,72.02728468635178,74.34375992621608,76.57983626832629,78.73409785997364,80.80303222231214,82.78114916588765,84.6611623162953,86.43422069631424,0.50
ISR,Male,CKD,diet,125.89718824300644,0.0,8.848359873918525,0.0,0.0413577763533794,0.1084099721588245,0.2123660129723248,0.3648759192569741,0.5746819840874196,0.8442665055792986,1.168771723230293,1.5378800154328474,1.939067113978581,2.3602903727246485,2.791383038293361,3.2244220040549862,3.653566335992764,4.074712139853091,4.485128458524741,4.883131933025197,5.26781190457541,5.638802666662286,5.996096713650331,6.339893458647111,6.670478939809527,6.988132744226732,7.293058760474196,7.585336590419047,7.864890639013993,8.131474120804796,8.384665484176821,8.623875041108931,8.848359873918525,0.50
ISR,Male,CKD,combo,1563.0576759338155,0.0,95.04068946155805,0.0,2.662439238790512,6.116178526434396,9.79409786041424,13.660463635659426,17.683930113536235,21.824734939898008,26.03637386839455,30.269935949588216,34.47917632920644,38.62438536285458,42.67435059683089,46.60673163425872,50.40743786098642,54.06947731386072,57.59157217174607,60.97671869153192,64.23080178761893,67.36133394314629,70.37636035491641,73.2835511472017,76.08948527345547,78.79911885629781,81.41542285992091,83.93917062699802,86.36885424021466,88.70070909881952,90.92882776957458,93.04534642010184,95.04068946155805,0.50
ISR,Female,CKD,glp1,1337.466890433628,0.0,80.10102718814551,0.0,2.224591698217409,5.123941000354762,8.234796555106868,11.530543872203909,14.983549057330038,18.557791853302888,22.211902777244177,25.90249529697076,29.587287943063075,33.227695647728524,36.790695288221286,40.24991086318437,43.58597470345694,46.78628991778942,49.844349653550125,52.75877045651077,55.53218044288542,58.17007692164452,60.679738999908295,63.06925284521776,65.34668313861175,67.51940495753252,69.59359607142324,71.57388001840445,73.46310463196323,75.26223803894209,76.97036368779982,78.58475690691421,80.10102718814551,0.50
ISR,Female,CKD,diet,115.50564847456916,0.0,8.136766563173296,0.0,0.0350769280432814,0.0922675378635631,0.1815500515388066,0.3134875814610041,0.4964283760461967,0.7335869809539872,1.0219249790727645,1.3534902679243714,1.7179860823719082,2.104992713993852,2.505211376292209,2.9109057554567244,3.3159140777490848,3.715493418942742,4.106120714252029,4.485294857124245,4.851351261639138,5.203290599188222,5.540622164792239,5.863222915129427,6.171213529058605,6.464852553890978,6.744449040226755,7.010293313256625,7.262604869047209,7.5014959100426495,7.726948759906463,7.938805296130795,8.136766563173296,0.50
ISR,Female,CKD,combo,1449.799821791803,0.0,88.06750080992879,0.0,2.2581047104763456,5.21169441109123,8.40743522414732,11.828938343963271,15.456742881364562,19.25814939367501,23.1891380212694,27.198927728695026,31.23552266745287,35.250422590665266,39.20168954902556,43.055473013306255,46.78640006337332,50.37720388634239,53.81786480079086,57.10446371823173,60.23789990614114,63.22258960124145,66.0652317238314,68.77369966326796,71.35609427176405,73.81997363018672,76.17176024156015,78.41631593797092,80.55666841519405,82.5938701643654,84.5269698036268,86.35307661885372,88.06750080992879,0.50
NGA,Male,CKD,glp1,9092.853334175306,0.0,523.4820285842798,0.0,19.8702561138598,44.17843523992269,68.3026119051101,92.08261003254302,115.52384364551472,138.6464046956935,161.47295706786463,184.02437592718343,206.31590800790585,228.35368749903864,250.1321473209828,271.632550823575,292.8225348082051,313.6563909337456,334.0757922587982,354.0107323716584,373.38053611545183,392.09489177362775,410.0549275078192,427.1544020252404,443.28109913532535,458.3185102884527,472.14786332919175,484.6505161423193,495.7106878780687,505.2184550145612,513.0729006109541,519.1852771184131,523.4820285842798,0.50
NGA,Male,CKD,combo,9092.853334175306,0.0,523.4820285842798,0.0,19.8702561138598,44.17843523992269,68.3026119051101,92.08261003254302,115.52384364551472,138.6464046956935,161.47295706786463,184.02437592718343,206.31590800790585,228.35368749903864,250.1321473209828,271.632550823575,292.8225348082051,313.6563909337456,334.0757922587982,354.0107323716584,373.38053611545183,392.09489177362775,410.0549275078192,427.1544020252404,443.28109913532535,458.3185102884527,472.14786332919175,484.6505161423193,495.7106878780687,505.2184550145612,513.0729006109541,519.1852771184131,523.4820285842798,0.50
NGA,Female,CKD,glp1,5617.124041004447,0.0,316.4113082498043,0.0,11.866250410317662,26.931958014625707,42.16368675547346,57.45875060864273,72.7282881468418,87.88087381096011,102.83683812763957,117.53118731488576,131.9126494791708,145.94176639759462,159.58886448898556,172.83206037313357,185.6552822763369,198.04627534641625,209.99458819624488,221.4895731851284,232.51846426180416,243.0646205113189,253.1060384765915,262.61423949434175,271.5536281980785,279.8813952062701,287.54800301816067,294.4982531425412,300.6728893189065,306.01065132325675,310.4506606254836,313.9349962454908,316.4113082498043,0.50
NGA,Female,CKD,combo,5617.124041004447,0.0,316.4113082498043,0.0,11.866250410317662,26.931958014625707,42.16368675547346,57.45875060864273,72.7282881468418,87.88087381096011,102.83683812763957,117.53118731488576,131.9126494791708,145.94176639759462,159.58886448898556,172.83206037313357,185.6552822763369,198.04627534641625,209.99458819624488,221.4895731851284,232.51846426180416,243.0646205113189,253.1060384765915,262.61423949434175,271.5536281980785,279.8813952062701,287.54800301816067,294.4982531425412,300.6728893189065,306.01065132325675,310.4506606254836,313.9349962454908,316.4113082498043,0.50
EGY,Male,CKD,glp1,18776.36769740367,0.0,1121.336925491003,0.0,37.293110314407386,83.84394245047588,131.09029255034693,178.72473719505433,226.60882084992767,274.5735293165272,322.4305129759741,369.9918823247135,417.087097561518,463.5734996368556,509.3400949610223,554.3057249547928,598.4132497299288,641.6213416497703,683.895242954597,725.1975561771396,765.4798706972724,804.6757990102415,842.6958000486775,879.4239988201407,914.7170677389586,948.405113335506,980.2944116934196,1010.171756575248,1037.8101252600609,1062.975327895765,1085.4332856294495,1104.9575796048775,1121.336925491003,0.50
EGY,Male,CKD,diet,1066.106231507536,0.0,73.23219175302074,0.0,0.3741801137839502,0.9659014091448626,1.873339346384455,3.198952859573182,5.018562918132375,7.350190256896894,10.144520841997291,13.303961866949976,16.71473868760586,20.27262089364376,23.894989281121525,27.52227033266536,31.114202445223786,34.64474211675042,38.09739045709648,41.461487341810425,44.729478796252806,47.89499289598825,50.95154303437812,53.8917086983929,56.706680793668056,59.38608808815843,61.91804177133236,64.2893482361178,66.48584833100176,68.4928464756158,70.2955966065274,71.87981485830096,73.23219175302074,0.50
EGY,Male,CKD,combo,19790.73293518769,0.0,1191.3334625654024,0.0,37.64730684310052,84.75242762469497,132.85049169537524,181.7314472791913,231.32937903075435,281.4936191279703,331.9906574561428,382.54156898100337,432.86900342661465,482.732006092785,531.9413194909721,580.359058349055,627.8894936013094,674.466122788559,720.0380664821096,764.5573853689202,807.9681349156817,850.1975818460523,891.1497930518126,930.701667708523,968.7013734624306,1004.9690531744563,1039.299587269823,1071.4671294316831,1101.2310818788246,1128.3431418849395,1152.555033834018,1173.626540525489,1191.3334625654024,0.50
EGY,Female,CKD,glp1,20926.57907405135,0.0,1267.7237862899492,0.0,43.63705893739825,96.3348801898792,148.59337865393536,200.52499579279905,252.2935982384988,303.9364704831096,355.4120569939077,406.6425772812836,457.5432868959215,508.0389251192319,558.0699365487453,607.5914276592011,656.567485577405,704.9629595397782,752.7343080888131,799.8207080912834,846.1362990525377,891.5641749196802,935.9525158504148,979.1130624937904,1020.8219699932342,1060.822936877892,1098.8323856615607,1134.54637811891,1167.6488793962708,1197.820941338265,1224.7503560074256,1248.1413339602295,1267.7237862899492,0.50
EGY,Female,CKD,diet,1188.683382741463,0.0,82.81200840263045,0.0,0.4378320698087918,1.1090903318072378,2.119379954707256,3.5775976575787354,5.5634701090275485,8.095584783641243,11.122601875675173,14.544030192544597,18.24372406776092,22.116057479528536,26.07773180296499,30.06872142717112,34.048110489431565,37.98871141440031,41.872230149267125,45.68548836861737,49.417678557758336,53.05846935293448,56.59677052336701,60.02000266958203,63.31375515149557,66.46174521634384,69.44601093776873,72.24728274461086,74.84548567994352,77.22032923588267,79.35194515676994,81.22153693844302,82.81200840263045,0.50
EGY,Female,CKD,combo,22059.3931771826,0.0,1347.038874244594,0.0,44.051508005006326,97.37828530182014,150.5855528063148,203.8893695736624,257.5300173273536,311.56384167158467,365.9023363964734,420.3739954051344,474.78501037083697,528.9604596113895,582.7618256829919,636.0870091662655,688.8608469980645,741.0218989811219,792.5087790092875,843.2477194629537,893.1422284445725,942.0652860697884,989.8542967703396,1036.308856992684,1081.1912677820146,1124.2296069536606,1165.123075355863,1203.5492490463002,1239.1728070603058,1271.6552648497382,1300.6652271673302,1325.888680675147,1347.038874244594,0.50
BGD,Male,CKD,glp1,3115.0531091742178,0.0,170.7754319359192,0.0,7.18458971065229,16.041786890582443,24.898403710260027,33.672927512279784,42.33339172215892,50.85567201707454,59.21881298357948,67.4024674289667,75.38587968832326,83.14802791473812,90.66838110408752,97.92778818541592,104.9091784902339,111.59792264852877,117.98183495374178,124.05088022445123,129.79668571204456,135.21196400672125,140.28993900772548,145.02384425739365,149.40653847440262,153.43026116609326,157.0865336769093,160.36619833177247,163.25957997890873,165.7567493561728,167.8478653648781,169.52357272020163,170.7754319359192,0.50
BGD,Male,CKD,diet,1341.9363746990512,0.0,86.02619670458807,0.0,0.5540166679784306,1.4194343069229944,2.7271042212487373,4.608583644077953,7.154020758551269,10.37241833191365,14.182795373955742,18.44280577582504,22.99220868683369,27.685905435602763,32.40845903554691,37.075125647164896,41.62679494624536,46.02362358849496,50.239419363257184,54.25729822217545,58.06651928636347,61.66024264939915,65.0339666146283,68.18445661036094,71.10903159941518,73.80511406365986,76.2699771468724,78.50064062750243,80.4938792273606,82.24631463224796,83.75456799524545,85.01545353561232,86.02619670458807,0.50
BGD,Male,CKD,combo,4438.179735967475,0.0,255.73475722333023,0.0,7.729769790868886,17.43602334251773,27.576330859270456,38.1988877830554,49.36084844014295,61.04755667324753,73.15903924788472,85.53543760301,97.99866121288689,110.3850245193189,122.56033594509972,134.4218637743761,145.89411324709,156.92296437202822,167.47017672957736,177.5088407997755,187.0197856008781,195.98879956553355,204.4045188470991,212.2568688582105,219.53597285148865,226.23145882695096,232.33210542784212,237.82577244369168,242.69956470209212,246.9401808840012,250.5344016714625,253.4696747247436,255.73475722333023,0.50
BGD,Female,CKD,glp1,1759.5655960058584,0.0,101.11270491534378,0.0,3.857933971638886,8.582755570569134,13.28847836476507,17.95025417956367,22.566946531803296,27.13767195450692,31.65942568610899,36.12656780550151,40.53130065541518,44.864533641277376,49.11670735780172,53.27836711041528,57.34044053075377,61.29426603355751,65.13145376196007,68.84366089544346,72.42234720303532,75.8585564377081,79.14275087835449,82.26471246166511,85.21351468550529,87.97756391935582,90.54470571823184,92.90239009573088,95.03788864704256,96.93855543112296,98.5921224220492,99.98701913963124,101.11270491534378,0.50
BGD,Female,CKD,diet,763.4846761693761,0.0,50.897868798483614,0.0,0.2974922452531245,0.7596061092008313,1.456728822436162,2.4607461710165808,3.822812960825104,5.551887175507545,7.60924895104381,9.92297655420316,12.410744233735386,14.997460264272377,17.6231852185756,20.24381208023988,22.82839656269244,25.35572209985912,27.8112499140334,30.184770765758003,32.468723907461026,34.657046572374384,36.7444147305996,38.72576290819416,40.59600073309048,42.34986841218597,43.98189137727968,45.486406800517216,46.85764289254803,48.08983704187631,49.177381878898814,50.11498998721436,50.897868798483614,0.50
BGD,Female,CKD,combo,2512.397320097756,0.0,151.38144108643792,0.0,4.150681203815111,9.328914987429926,14.719069857225804,20.36716954448366,26.32262619567973,32.59367914496124,39.13955896858715,45.88413339209637,52.738765036417135,59.62052573042456,66.46083634351635,73.20674282782056,79.81859660130976,86.26672485710696,92.52830453884236,98.58483494039136,104.42024257117556,110.01953080946625,115.36786568086428,120.45000157666618,125.24997063643424,129.7509779627344,133.93545943140816,137.78526940796291,141.28197264404116,144.40721866995227,147.143178844477,149.4730266060269,151.38144108643792,0.50
USA,Male,CKD,glp1,61024.54059305419,0.0,3058.302843927828,0.0,149.99769497610396,337.1027461632912,526.9603299359296,717.1675039243564,905.9888378089672,1091.6999098044907,1272.6643969888537,1447.4055205193872,1614.6527265768382,1773.3657694880094,1922.741406455316,2062.207869931037,2191.4111390616017,2310.1957857838133,2418.582228224812,2516.741648134542,2604.969538130128,2683.6587235589977,2753.2726565101184,2814.3197433364694,2867.329410324237,2912.8305251176644,2951.332677208644,2983.31068795122,3009.192579161012,3029.3510883324925,3044.098684893601,3053.685920824428,3058.302843927828,0.50
USA,Male,CKD,diet,4312.51954664012,0.0,257.3507030603941,0.0,1.948886822414352,5.015639931822079,9.66450665931916,16.354093229747377,25.385049108837848,36.75915233847627,50.15132726552838,65.01544963962806,80.74181210971437,96.77663048781687,112.67563036928186,128.1097685896093,142.84913996430987,156.74182109734102,169.69483721678262,181.65908002614745,192.6178643252352,202.5782694816444,211.564472321028,219.61248937359773,226.76594561047384,233.0726327674201,238.5817149196664,243.3414948992868,247.3976851342013,250.7921402786305,253.5620133383636,255.73929627340112,257.3507030603941,0.50
USA,Male,CKD,combo,65197.90734603762,0.0,3309.1685068951047,0.0,151.85641445819056,341.8623716128496,536.1279358554748,732.693313637792,930.1180895944854,1126.6898961883708,1320.4724184333172,1509.4753261105943,1691.8499325542507,1866.0274110447644,2030.7774942394024,2185.2094332108245,2328.74378432722,2461.073712277386,2582.1245281335723,2692.014513395552,2791.017739692412,2879.5289434392616,2958.030515520033,3027.0618255228765,3087.1912299135874,3138.991163822837,3183.016690871693,3219.787805142463,3249.7756659000734,3273.3928171122534,3290.9873136407696,3302.840553490212,3309.1685068951047,0.50
USA,Female,CKD,glp1,55549.564004417305,0.0,2835.772148682052,0.0,131.68931979766057,294.8952407968318,460.3401690399769,626.627476948328,792.740421958064,957.4874966078642,1119.586907643912,1277.7528082997596,1430.7658680589957,1577.5263722171803,1717.0907257528888,1848.6933506709029,1971.7562566776176,2085.888490550904,2190.877489290913,2286.674182398725,2373.373531281104,2451.1920476141822,2520.443681675577,2581.515307051319,2634.842849088004,2680.88891631554,2720.122604782024,2753.001962719485,2779.959433444121,2801.3904419138125,2817.645156860919,2829.023346278642,2835.772148682052,0.50
USA,Female,CKD,diet,3897.521798764282,0.0,236.54542782559287,0.0,1.7110101595171727,4.385186115818215,8.42713267650106,14.240058321505783,22.09695114637725,32.01967150454584,43.75194319833827,56.84505635012465,70.78836667441647,85.10962407301122,99.42128562284051,113.42735237412852,126.91205160028768,139.72407163157186,151.76220761801233,162.96390437213995,173.2964574108628,182.75021198412287,191.3331608497101,199.06651667850383,205.98099409244605,212.1136489056953,217.5051918142999,222.19773230412105,226.2329269289476,229.6505125205731,232.48720475927985,234.77593925099063,236.54542782559287,0.50
USA,Female,CKD,combo,59334.96389932475,0.0,3067.462222011629,0.0,133.3211682359106,299.0574902585795,468.3373485266056,640.1545547487622,813.7610218750924,987.9962558968546,1161.3437945861515,1332.0969438582542,1498.552727979171,1659.1608251862926,1812.605044907934,1957.832662490473,2094.053971966656,2220.7272845147527,2337.537013685942,2444.368151058021,2541.2786243831943,2628.4704716140404,2706.260664226851,2775.052411669152,2835.307749530388,2887.522132346043,2932.201628615425,2969.843169413216,3000.91814951392,3025.859533012248,3045.0524811462674,3058.8284020669234,3067.462222011629,0.50
JPN,Male,CKD,glp1,5425.9542020605695,0.0,251.9994705818499,0.0,17.420380533629213,38.96793667630845,60.17569030605228,80.53771566154319,99.75297584277725,117.6110468787665,133.97991732276205,148.80027611508194,162.07903485712814,173.8794605848634,184.30793869409536,193.49890085454533,201.5998703619698,208.7582787651445,215.111099591908,220.7777130907125,225.85590913197663,230.4206021150094,234.52466195659508,238.20122326708588,241.46687918892712,244.3252600968736,246.77061182074976,248.7911033894634,250.3716982171464,251.49650872056367,252.1506203173376,252.32141711970328,251.9994705818499,0.50
JPN,Male,CKD,diet,2399.530734405598,0.0,135.29899662678508,0.0,1.4308963972835045,3.669799076302297,7.004368499423435,11.687634239984618,17.82682095851851,25.29861814799733,33.76061890316487,42.75804779061946,51.8513481169357,60.69760467123706,69.0731843688045,76.8591203040778,84.01304931634877,90.54158129893403,96.47836299092889,101.86858619384655,106.75898946934468,111.19202948303428,115.2030119317169,118.81920985528632,122.06023170769912,124.93909909814464,127.46365198184505,129.63802251297966,131.46401366755163,132.9422900788959,134.07334039218404,134.8582063257236,135.29899662678508,0.50
JPN,Male,CKD,combo,7820.231513523791,0.0,387.752748674604,0.0,18.822897165337054,42.56149446474956,67.04167337631225,92.01149628919302,117.2815307888268,142.5259307365959,167.279601522132,191.03637577576228,213.36826061457032,233.99675434310848,252.80310167037533,269.7997568877654,285.0883385325651,298.81946155698097,311.160783895175,322.2745128809547,332.30340752370466,341.3635882538765,349.542390671686,356.8996802447582,363.4713124245245,369.2737059312858,374.30876397348766,378.56861362810014,382.0398305813978,384.7069730262992,386.5553662297061,387.5731618599566,387.752748674604,0.50
JPN,Female,CKD,glp1,4366.551079707286,0.0,203.89849488495747,0.0,14.529173444512708,32.06345979926118,48.95252934733435,64.99705014637948,80.11421690442148,94.23288861830588,107.2902008100864,119.23889310875164,130.0560630551081,139.7489219332856,148.3558597236988,155.94305064429136,162.5978754517455,168.42075340288284,173.51682559610344,177.9885551155894,181.92988125063857,185.42218523555857,188.5320372451024,191.31050643728668,193.7937158706518,196.0042923687288,197.9533769706613,199.642906000372,201.06793130709767,202.2188101626598,203.08315349640543,203.6474713754069,203.89849488495747,0.50
JPN,Female,CKD,diet,1928.00594902326,0.0,109.12606850697556,0.0,1.1934149140470254,3.023537324646896,5.721753147590789,9.495112821823568,14.436651625357626,20.45556932285035,27.283259886909946,34.55607092320497,41.9165903232788,49.080003886705526,55.85472087697417,62.13352731212581,67.87352180466405,73.07549510779063,77.7668717494962,81.98896362322557,85.78803873687139,89.20942579648909,92.2939248454568,95.07591926051828,97.58270469334455,99.83465050665107,101.84589136212526,103.6253155457416,105.17767541663852,106.50469545409942,107.6060952756925,108.48047897196376,109.12606850697556,0.50
JPN,Female,CKD,combo,6297.784924550218,0.0,313.8664315555361,0.0,15.698918695572502,35.02586885794517,54.567231033077405,74.332027929373,94.3344653366803,114.41910547161751,134.26174646605796,153.45731248209995,171.62856344599277,188.4981389726745,203.9109746578033,217.8229798378161,230.27516572994136,241.3653817452323,251.22324319417748,259.99012205438703,267.8043954515924,274.7914727715506,281.0578727927714,286.6885500877215,291.74668302315695,296.2751983120543,300.2994005001092,303.8301849671843,306.8674281657586,309.40325944403594,311.42501812745104,312.9177834408474,313.8664315555361,0.50
GBR,Male,CKD,glp1,4285.6888792631735,0.0,225.7058026795712,0.0,9.621239512737702,21.952586733330463,34.747127615448335,47.743888257128674,60.74347418985872,73.56682592600464,86.0624140761729,98.1120009786482,109.63194922710773,120.57038146614376,130.9016321710351,140.61959431090872,149.7312405829216,158.25112464440735,166.19722668461418,173.58817643549264,180.44167878351612,186.77386524995563,192.59927079248973,197.9311616831837,202.7819934122708,207.1638405173835,211.08870154520628,214.56863531427555,217.6157260654827,220.2419041833964,222.458666711761,224.27674951272,225.7058026795712,0.50
GBR,Male,CKD,diet,195.8786600121275,0.0,12.314563454566269,0.0,0.0812485390497386,0.2118361842603917,0.4111031211823501,0.6980109535907104,1.0848636493465165,1.571660217515273,2.145156696308732,2.783318872885502,3.461740136700428,4.158423474172196,4.8558577291769325,5.541151048551001,6.205286363329833,6.842185435295505,7.447882807644419,8.019891805352017,8.556752318958388,9.057722080267013,9.522571232197151,9.95144655167951,10.344779817483868,10.703222220920908,11.0275928018591,11.3188336269086,11.577967944694135,11.806060026406158,12.004177001894275,12.17335389993059,12.314563454566269,0.50
GBR,Male,CKD,combo,4474.864533388028,0.0,237.66054645301665,0.0,9.698933459310863,22.154182973601564,35.13814327528871,48.408166676643305,61.77690495575644,75.06565283332384,88.11056348160946,100.77258432302096,112.94486170103028,124.5544802282402,135.55893250910503,145.93962983127312,155.6947409376462,164.83281850810636,173.36786727216167,181.31596765278027,188.693272254468,195.51506328791857,201.79553290753933,207.5479806446392,212.78518283272388,217.5197587820312,221.76442548024625,225.5320900272245,228.8357737691213,231.6883935560545,234.1024446293295,236.0896381448165,237.66054645301665,0.50
GBR,Female,CKD,glp1,4965.245091856167,0.0,274.5515070505644,0.0,9.75103804380342,22.25497166137302,35.38953774809306,48.99885539946808,62.94626465763304,77.07259653910478,91.20961029145384,105.19588839621248,118.88918479112726,132.17341569851214,144.9606252328049,157.1892386035097,168.82012563091757,179.83179193380784,190.2156469867923,199.97191817945887,209.1064629401408,217.62850285606143,225.54916277213124,232.8806291376513,239.6357261829744,245.8277273006188,251.4702567180102,256.57718136620315,261.1624365937514,265.2397669953625,268.8223925384209,271.92262961020424,274.5515070505644,0.50
GBR,Female,CKD,diet,224.44779438000933,0.0,14.822625663047802,0.0,0.0823446494841846,0.2144061096169025,0.4163109745622932,0.7084191413678127,1.1052643766624897,1.6098578175497096,2.212274306508334,2.893364304943134,3.630546646213588,4.402335470932485,5.1905166564683896,5.980578929349576,6.761314357793708,7.524187255832658,8.26273971687624,8.972114256343048,9.64869542366796,10.28984794644748,10.893725978381552,11.459131651576172,11.985406016739944,12.472339993117204,12.92009680846786,13.329140584310151,13.700168258686972,14.03404397608574,14.331736449508751,14.594260659467182,14.822625663047802,0.50
GBR,Female,CKD,combo,5183.470160330256,0.0,289.06539160340253,0.0,9.829780146398662,22.45907763849118,35.78575182165514,49.67367189996003,64.00047525176706,78.61036466089536,93.32609008628242,107.96829036998588,122.37332847699416,136.4046138708136,149.9566823688383,162.9539012757932,175.34618536781272,187.1036109110455,198.21113414360752,208.66406196118805,218.46453017874865,227.6189930378441,236.1365835060824,244.0281384242772,251.3056713493825,257.98209893121384,264.071067960218,269.5867780071403,274.54374070405174,278.95645616864203,282.8390172964573,286.20467291126624,289.06539160340253,0.50
DEU,Male,CKD,glp1,11657.652432015402,0.0,573.5883242382733,0.0,31.28469324912293,70.00735687986526,108.60788724205486,146.24840619811948,182.51677982513505,217.2256267534176,250.3315704429588,281.8633084038338,311.86865564676555,340.3823337817703,367.4111922984848,392.93197030545343,416.896897268296,439.2433128592274,459.9045051696121,478.8198849042056,495.9433561089427,511.2493096420585,524.7360777957874,536.4269756126341,546.3692419906329,554.6313027102078,561.2988253403782,566.4700371067993,570.250743679102,572.749430236654,574.072755354362,574.3216709712469,573.5883242382733,0.50
DEU,Male,CKD,diet,1314.6949554949351,0.0,77.58166946965139,0.0,0.652095043209556,1.666756567046832,3.1697386811938486,5.278310140805843,8.061183843961771,11.504767678998178,15.511375488131309,19.93097661331558,24.60235306242248,29.3812566752531,34.15090535178024,38.8212544513226,43.324165027301206,47.60842808696907,51.63597373467201,55.37931369015496,58.81986394579872,61.94677658857108,64.75600825774745,67.24945958172248,69.43410327938909,71.32107504080705,72.92473572417293,74.26173178239333,75.35008814688263,76.2083678061972,76.85492776714091,77.3072939679223,77.58166946965139,0.50
DEU,Male,CKD,combo,12932.645970411775,0.0,649.2574660325627,0.0,31.909762231418423,71.59823468869945,111.63249175596866,151.28879025571223,190.2230252432892,228.23722759966404,265.196539498098,300.9872499641242,335.50314050436646,368.64038956132936,400.29308584355385,430.3505044763042,458.69823006741353,485.2231077373035,509.820513125087,532.402120451723,552.9026996070825,571.2850172073631,587.5424203498587,601.6990700248898,613.8080581182876,623.9478050789985,632.2172163820287,638.730094960938,643.6092809603688,646.9809338014347,648.9692965263603,649.6921983575485,649.2574660325627,0.50
DEU,Female,CKD,glp1,14925.33817076069,0.0,768.3036450191648,0.0,34.60356755324028,78.26605331674727,123.07415157772266,168.0595551327824,212.57069998772567,256.1604697754192,298.5552626681056,339.600393601253,379.206391587988,417.3080437547578,453.8388001360727,488.7186519440329,521.8520115157226,553.13203991911,582.4484190088951,609.696288223593,634.7847539508184,657.6439568199312,678.2301381523394,696.5284929372428,712.5538505754885,726.3494024789652,737.9838108834483,747.5470970444221,755.1457289363861,760.8973173623926,764.9252930927214,767.3538838042004,768.3036450191648,0.50
DEU,Female,CKD,diet,1663.3704297792974,0.0,102.91405363706872,0.0,0.7212733300293621,1.8592688187527528,3.564555663149804,5.978807052830234,9.190894179802854,13.1995261801203,17.9102415606867,23.16862004654832,28.803862690791,34.65877359232036,40.60120701274718,46.52384365774196,52.33981031504664,57.97824939396378,63.38115295933312,68.50144338261816,73.30188644349982,77.75442698344341,81.83965583872123,85.5462372631664,88.87021722715144,91.81419358796484,94.38636587574727,96.59950238404416,98.46987086025548,100.01618020514798,101.2585768549543,102.21773278164984,102.91405363706872,0.50
DEU,Female,CKD,combo,16545.287045046003,0.0,869.2307736027324,0.0,35.29494773019178,80.04099192971262,126.47657100548167,173.7715849165943,221.36279594852024,268.80543051722634,315.7385795117152,361.86177781446895,406.9228391927354,450.70577139449233,493.0164364068405,533.6704868160159,572.4872533577181,609.2899698655747,643.9106124676946,676.1970731505244,706.0206886792184,733.2827221667176,757.9189610564317,779.902055446848,799.2415614798374,815.9818904902822,830.198515378197,841.9928689336957,851.4863993731597,858.8142384701969,864.1188979913495,867.5443499518296,869.2307736027324,0.50
GLB,Male,CKD,glp1,298730.4312475205,0.0,17001.642780902563,0.0,639.535144102294,1438.4823267601896,2248.54540512769,3060.80252039223,3870.675403540372,4674.336643325514,5468.400773454807,6249.8013221302535,7015.759666692931,7763.79797165771,8491.759864139953,9197.818420818658,9880.464460843476,10538.476657593155,11170.878961561248,11776.891625022166,12355.88116013701,12907.31294748094,13430.708636196565,13925.609282185906,14391.544448919012,14828.007189176044,15234.434809120488,15610.195448540151,15954.5806718159,16266.80436656857,16546.008242439013,16791.274096875684,17001.642780902563,0.50
GLB,Male,CKD,diet,115334.40884086584,0.0,7665.994440482929,0.0,44.25685673917178,114.14478240103928,220.5093149606837,374.3400091321673,583.3525437307544,848.7133171239402,1164.245338110486,1518.6871638033772,1899.197282655048,2294.048541840166,2693.835855408339,3091.588280112599,3482.379635064164,3862.826991974493,4230.646982585546,4584.314359236159,4922.815654908074,5245.476669177762,5551.842972392682,5841.597148904344,6114.501180990948,6370.356117118383,6608.973885052372,6830.157990160165,7033.691094341455,7219.3282729687635,7386.795222826069,7535.790936663747,7665.994440482929,0.50
GLB,Male,CKD,combo,411707.28904594935,0.0,24531.324509488182,0.0,682.7012799499789,1549.5061619682238,2462.9469106675824,3424.8617859454826,4438.262383098016,5500.548374944483,6602.404238367453,7729.856583812856,8867.647663418902,10001.875593452482,11121.199843684444,12216.967204986257,13282.827644583653,14314.22049742483,15307.90250290162,16261.567826016108,17173.55886337429,18042.651122337906,18867.894232599065,19648.49429556588,20383.726570653263,21072.8708093788,21715.16416151228,22309.76853175717,22855.75064391992,23352.07395095355,23797.601987437345,24191.112871749327,24531.324509488182,0.50
GLB,Female,CKD,glp1,290235.0072877385,0.0,16873.429819482146,0.0,608.1868177196011,1364.6879748852225,2130.229517345549,2897.68506672408,3663.901832999778,4426.331647357554,5182.667831019266,5930.659804236959,6668.053645803477,7392.616100605228,8102.195932860486,8794.788547761505,9468.58482025878,10121.997208082585,10753.663941938314,11362.435871428112,11947.351581555326,12507.605867372244,13042.515477148932,13551.484793175829,14033.973117586109,14489.46456921706,14917.441252778284,15317.360247949371,15688.634980330942,16030.62158488878,16342.610885521395,16623.826549705584,16873.429819482146,0.50
GLB,Female,CKD,diet,111985.53752240737,0.0,7596.063400755869,0.0,42.08750232204329,108.24719525652472,208.6405724179931,353.5639916000655,550.3224461303325,800.2345537671354,1097.9031607907964,1433.260846254765,1794.7370452355826,2171.6859610654647,2555.474674242898,2939.5928588900715,3319.32007352286,3691.2967945988057,4053.147260235157,4403.190872100648,4740.234346355661,5063.425406461,5372.149910822511,5665.958613421419,5944.513941856916,6207.550407946459,6454.844553032424,6686.191888994072,6901.389334946638,7100.222322732443,7282.456156159518,7447.831430491293,7596.063400755869,0.50
GLB,Female,CKD,combo,400119.69565862254,0.0,24350.49562017037,0.0,649.2370634119725,1469.9882895115295,2333.139223525068,3241.6582737526624,4199.593130749185,5205.779563598335,6252.745535676484,7328.498487964971,8419.54330509575,9513.275072789167,10599.109134524944,11668.66128960473,12715.479139967125,13734.654785841238,14722.464440010604,15676.075880288496,16593.322134539718,17472.528019181336,18312.37595161737,19111.80035310716,19869.90300216386,20585.884165235213,21258.98620305117,21888.447749070823,22473.46757909446,23013.177993734367,23506.627949102083,23952.77632224234,24350.49562017037,0.50
CHN,Male,IHD,glp1,821368.1316813924,11842.29136567656,29221.048622960225,11842.29136567656,29480.106305108173,29023.46207718016,28397.30229673325,27807.04672097927,27305.25966430502,26914.68864320684,26639.044860288966,26470.559216741007,26395.837217911147,26399.8604024814,26468.30021084915,26588.52633812441,26749.75656308094,26942.75138795004,27159.357689138968,27392.093540115515,27633.86790981982,27877.85617021355,28117.50723858504,28346.63688733452,28559.557975230506,28751.20554021932,28917.227252364624,29054.0235034558,29158.73372310819,29229.174933681497,29263.74461462139,29261.302809927147,29221.048622960225,afford
CHN,Male,IHD,diet,558923.1504059138,0.0,33149.76247303258,0.0,326.74064082535915,790.8725909912027,1463.3655047258362,2413.0139046842232,3682.6852050542366,5266.187779300148,7104.083541480126,9103.400694836397,11166.728296429152,13213.578466039153,15188.395932523768,17058.920759591274,18810.454895915696,20439.69595884345,21949.717225440312,23346.44385638577,24636.45294307731,25825.7765769877,26919.39392650128,27921.15482631349,28833.94136176235,29659.93113841419,30400.87286153436,31058.32155738049,31633.80827310984,32128.93862038036,32545.427326828707,32885.08326752507,33149.76247303258,afford
CHN,Male,IHD,combo,1365676.3895177236,11842.29136567656,61613.182424493134,11842.29136567656,29794.51109054638,29784.66306856065,29807.261494773207,30134.329230793053,30860.264798554592,32002.462346055545,33507.85945165134,35279.3112535784,37209.41531489999,39205.15596653987,41198.06076658913,43143.75717457896,45016.68934888323,46803.92118359311,48499.858830177225,50102.43383023213,51610.68501920649,53023.45882058283,54338.90613986994,55554.48491722322,56667.23358842381,57674.14192207041,58572.50286536105,59360.1779136511,60035.74731355137,60598.54477808042,61048.59499054402,61386.482308982406,61613.182424493134,afford
CHN,Female,IHD,glp1,732633.3043731635,10176.837065545144,28895.506299581142,10176.837065545144,24958.32516604429,24210.93751944299,23486.595404028543,22905.82062409958,22476.852091340697,22196.11155091564,22052.691697424627,22031.234276236617,22114.513056747965,22285.41557439068,22528.194459210616,22829.039791536285,23176.132225104026,23559.37301451981,23969.97178945329,24400.02959992818,24842.202925471123,25289.486916747177,25735.11980123561,26172.58708038228,26595.69280908816,26998.66327838669,27376.25275339,27723.828691416187,28037.422772110207,28313.74247257877,28550.14481630828,28744.57885049889,28895.506299581142,afford
CHN,Female,IHD,diet,528361.6949786335,0.0,33215.77064665663,0.0,270.7517271172255,662.3084876200883,1235.740712132305,2050.645231931354,3145.715114341234,4519.6256913340185,6127.277924149064,7895.410440651816,9745.795909051783,11612.308481342625,13447.489007190918,15221.6117508756,16918.58896697976,18531.4958599041,20058.8776529514,21502.088259009062,22863.545084741432,24145.690924421884,25350.46256904141,26479.101710252464,27532.180813202634,28509.748381365323,29411.5241845611,30237.09653890832,30986.091386424843,31658.297135080444,32253.74020549562,32772.71418189909,33215.77064665663,afford
CHN,Female,IHD,combo,1246563.3703770973,10176.837065545144,61298.766954005,10176.837065545144,25218.854858513456,24848.26111748838,24676.78539562901,24882.62846629857,25511.738174263737,26559.768333989312,27972.79977817496,29665.122287360136,31544.10927845142,33528.67811320315,35556.9513197724,37586.017337746685,39588.10363682045,41546.03438363108,43449.277473893366,45290.965762517415,47065.87306888122,48769.186416568,50395.88653492928,51940.55881658685,53397.48043196136,54760.85726076318,56025.11336436821,57185.16393682803,58236.62844205415,59175.96269730851,60000.50617821189,60708.45349133294,61298.766954005,afford
IND,Male,IHD,glp1,477799.8854808557,6178.946478709229,17861.0538118931,6178.946478709229,15477.866542749573,15303.303952554124,15132.732169072491,15018.07915168174,14952.718933002325,14930.478967383273,14946.37658440962,14996.279302498093,15076.608601660351,15184.110632373602,15315.68544679624,15468.264177289091,15638.724604630144,15823.83717423398,16020.235102950828,16224.403593765106,16432.68430077657,16641.29207454389,16846.341698977165,17043.882835838012,17229.941744429525,17400.568558006315,17551.888988832943,17680.159318201942,17781.823430750985,17853.570505904034,17892.391819897108,17895.634977044305,17861.0538118931,afford
IND,Male,IHD,diet,444832.0289178264,0.0,25439.97437371825,0.0,285.7411334643839,702.9614425745094,1307.6969763351372,2150.854455567198,3257.5145794658456,4609.870304657961,6148.024717968889,7789.647707772441,9454.407504652743,11079.705986443674,12624.930677357828,14068.477642955491,15402.338579138042,16626.987175217597,17747.506286809687,18770.98622927931,19704.918847436784,20556.28344724956,21331.081903886283,22034.15250114864,22669.150556324515,23238.62520438805,23744.148946464527,24186.47376686195,24565.698148840107,24881.43557755486,25132.97872515256,25319.45551913953,25439.97437371825,afford
IND,Male,IHD,combo,915391.27723582,6178.946478709229,42962.55085290526,6178.946478709229,15756.835489095422,15989.4780753901,16409.721054728143,17119.417708436376,18136.7525962682,19438.529251536587,20961.581924994127,22621.532751013176,24336.315483149257,26041.342617249586,27693.552803777857,29268.44614904048,30754.760433515068,32149.44900014461,33453.87840135093,34671.276520877145,35805.16320985905,36858.46678392426,37833.08887655474,38729.75032332144,39548.00771300262,40286.37052338128,40942.4753001642,41513.29005517275,41995.33222122234,42384.88946562889,42678.23603479541,42871.83913661144,42962.55085290526,afford
IND,Female,IHD,glp1,373103.3260839911,3981.24894956802,14383.560703916708,3981.24894956802,10368.210128156585,10477.252081736224,10592.3202935569,10737.188223265694,10902.891357157265,11083.27936381509,11274.102082523634,11472.28782491444,11675.550506169093,11882.129529543805,12090.593911692617,12299.688672879012,12508.21531696443,12714.941746776807,12918.537819475285,13117.53313929704,13310.294068649877,13495.017320614425,13669.737823084812,13832.348787365132,13980.632068014122,14112.296976227664,14225.025723401455,14316.523645749085,14384.572318495717,14427.08363352646,14442.152910448378,14428.109157005323,14383.560703916708,afford
IND,Female,IHD,diet,385946.066726441,0.0,22250.843668686222,0.0,267.8950921854703,649.727887408575,1195.9708572046366,1950.484391270788,2932.499304082594,4122.375365543412,5463.891135777347,6883.088106767624,8310.283695955877,9693.3183872276,11000.24120441242,12215.792375441408,13336.128096531029,14364.144518277491,15306.096337277677,16169.4231685868,16961.47190354555,17688.813866067096,18356.93128257699,18970.122310916544,19531.53008414596,20043.23893967504,20506.40474673966,20921.40054835449,21287.967026339844,21605.361908740364,21872.50486841891,22088.115648283623,22250.843668686222,afford
IND,Female,IHD,combo,752984.9282727285,3981.24894956802,36346.521383784246,3981.24894956802,10629.75599203736,11111.621109607511,11760.660774877644,12643.665581832756,13770.744175432485,15116.89379435021,16623.212084052968,18214.483843076858,19820.261054827017,21387.58563667815,22883.49174487556,24291.48390847305,25606.30784959963,26829.3126462102,27965.08706130495,29019.289061886724,29997.36598904268,30903.87147774303,31742.15803936671,32514.29659490416,33221.12884870928,33862.39509077661,34436.90313636919,34942.71803786047,35377.36027089879,35738.00458543468,36021.67410109681,36225.42544805072,36346.521383784246,afford
BRA,Male,IHD,glp1,201537.2827195463,2138.7182487624523,7560.458984907513,2138.7182487624523,5455.62259773376,5600.451101614803,5728.589683611179,5857.075601109988,5984.041657108275,6108.266829309243,6229.149685830111,6346.442580564079,6460.074965071428,6570.042084473622,6676.336974639024,6778.910299463591,6877.647631709464,6972.3574448576255,7062.765655023206,7148.514302104784,7229.163104167921,7304.193325043161,7373.0137889907055,7434.969054249668,7489.349792042602,7535.40536354651,7572.358484499797,7599.42174436737,7615.815624609706,7620.787552457652,7613.631441713282,7593.707115963771,7560.458984907513,afford
BRA,Male,IHD,diet,63706.64734124944,0.0,3805.573590137821,0.0,33.43117395201989,83.80928615818266,158.148648909264,263.14683866025007,402.767489372156,576.1257222122513,777.2996829560725,997.2915156509262,1226.6783591606218,1457.4682819083537,1683.7753855376795,1901.6973080160824,2108.875736362796,2304.031431863332,2486.5872777422483,2656.3974520736374,2813.565293108521,2958.325659275928,3090.97109484105,3211.806736464496,3321.1238147257827,3419.185206024733,3506.218909117306,3582.4168609785847,3647.937449341232,3702.9106361573504,3747.444924305106,3781.6355762356543,3805.573590137821,afford
BRA,Male,IHD,combo,261274.6600383148,2138.7182487624523,11159.567217725911,2138.7182487624523,5486.449802588497,5677.593795343797,5874.217533088275,6099.583702132208,6355.562450387472,6640.224873862797,6947.620458915349,7269.2917894213315,7596.524007889253,7921.942367716343,8240.075754125326,8547.216468392653,8841.003883444268,9119.992140147908,9383.302436905666,9630.374929172744,9860.80367862196,10074.232389115612,10270.29210413812,10448.56725376504,10608.580906930496,10749.79328656799,10871.6096934464,10973.395258790522,11054.49467851143,11114.255478286885,11152.0535609301,11167.319889187987,11159.567217725911,afford
BRA,Female,IHD,glp1,173404.85215957882,1510.412712023557,7305.22165855662,1510.412712023557,3911.806270324334,4074.7582993897377,4235.69647956494,4402.772980888985,4572.084858850882,4741.078616992556,4908.194188719659,5072.467991114696,5233.285076531756,5390.230849983112,5543.004835224492,5691.371473676103,5835.131852075108,5974.106365787608,6108.122419839143,6237.00396347676,6360.561390405492,6478.581421746931,6590.817228478336,6696.979383637779,6796.728357426342,6889.669248183927,6975.349328566401,7053.258816191359,7122.83507962864,7183.470285123389,7234.522292749214,7275.328434420953,7305.22165855662,afford
BRA,Female,IHD,diet,56050.13363616739,0.0,3563.0806585689133,0.0,27.597741225443315,68.801806510819,129.5495999460545,215.5594880963763,330.35858729887696,473.52157285388967,640.4761295635253,824.0885633215366,1016.8363359852084,1212.3333814613145,1405.8821861280155,1594.3693824839577,1775.9042273961531,1949.441053950373,2114.4777266035235,2270.842748942625,2418.5547443228133,2557.73317275662,2688.542705029424,2811.158792846501,2925.746329968417,3032.4464322716667,3131.368429093418,3222.585437615431,3306.132640163589,3382.007790685064,3450.1736722377245,3510.5622988401155,3563.0806585689133,afford
BRA,Female,IHD,combo,225937.5223056808,1510.412712023557,10668.25312206766,1510.412712023557,3937.254411137619,4138.101768595167,4355.03343719212,4601.513999975447,4876.960578883154,5178.515942814644,5500.49362617296,5835.41984459947,6175.774480263179,6515.248553802754,6849.175749546674,7174.398271885453,7488.914872280264,7791.52201006205,8081.527398656181,8358.54518170908,8622.356991465756,8872.819540094628,9109.803118893906,9333.15029338938,9542.648135513227,9738.010154333562,9918.865851981056,10084.756829694104,10235.138855751631,10369.389474624186,10486.820719473966,10586.696378797904,10668.25312206766,afford
CAN,Male,IHD,glp1,44729.757533493066,596.7214669125424,1469.4702480665655,596.7214669125424,1476.590593904275,1478.8867731073224,1479.6045046804247,1484.0170982734016,1491.226965123511,1500.1707672844896,1509.914129578101,1519.7162947412362,1529.028057565294,1537.4623724463308,1544.7584468042587,1550.7493917185857,1555.3370694086589,1558.474286252458,1560.152895563806,1560.395928587579,1559.252030094951,1556.7908904136784,1553.0988340586591,1548.274139848123,1542.4219849781002,1535.649119267557,1528.0584978059633,1519.744150096656,1510.786561908717,1501.2488104040312,1491.1736380111906,1480.5815865865989,1469.4702480665655,afford
CAN,Male,IHD,diet,9002.608875211747,0.0,539.831837407386,0.0,4.397670355312584,11.15059305892646,21.294823684023868,35.84936216679125,55.45204476549043,80.02427212616749,108.71977009341572,140.2094518072554,173.08644542297407,206.1559717817363,238.54204180582383,269.66805882073095,299.18764459359227,326.91280509895296,352.7575839968995,376.6995168366848,398.7553256970277,418.96632118119305,437.3897699903864,454.0936200749893,469.1529497733609,482.6472129680915,494.6578165960928,505.26584987971,514.5499428321164,522.5843085513588,529.4370505050938,535.1688133401622,539.831837407386,afford
CAN,Male,IHD,combo,53158.70860317821,596.7214669125424,1977.8081772857768,596.7214669125424,1480.6530012340045,1489.1700996088148,1499.2533346083435,1517.1245495170006,1542.4867227215473,1574.217590887627,1610.6134405793673,1649.7133935273669,1689.669957004804,1728.988157050957,1766.590143128902,1801.766894984852,1834.0905896413133,1863.3312372568728,1889.3930776173147,1912.271183401146,1932.0233996368008,1948.7522073176588,1962.5922546468064,1973.70073479776,1982.2489932437347,1988.4146080312385,1992.3737366410203,1994.2938358709507,1994.3270075897813,1992.604260754455,1989.2309513136388,1984.2835963658144,1977.8081772857768,afford
CAN,Female,IHD,glp1,28871.82978638141,428.0236301155019,998.6785283564932,428.0236301155019,1014.4743460770624,974.4129223360616,947.0667760155484,931.6101494494578,924.64455551032,923.65265168139,926.776540945626,932.6363852011128,940.2059244542144,948.722207669758,957.6183408763608,966.4733454703857,974.9753109933044,982.8948662407712,990.066433156011,996.3750929913076,1001.7472724233484,1006.143846529456,1009.5546285832896,1011.9935481387,1013.4940935651794,1014.1048081323715,1013.8847826545824,1012.8991899297072,1011.2149660787254,1008.8967709669924,1006.0033628831552,1002.5845089552204,998.6785283564932,afford
CAN,Female,IHD,diet,6295.547518834344,0.0,387.03814857271936,0.0,3.2390927383312373,7.924234964022617,14.802374228838744,24.590192605559423,37.74616838432485,54.25244082620702,73.57993314326086,94.87507532865855,117.226504279668,139.85582699235238,162.1875683081962,183.8364553527026,204.56256296808715,224.22519749247652,242.74719950785584,260.0909927771354,276.2439391412663,291.2099760409146,305.0050512755188,317.6546140147948,329.1920583011015,339.65748089882254,349.09642853919286,357.55850791177727,365.0958495757295,371.7614806899219,377.6076899196924,382.6844740552151,387.03814857271936,afford
CAN,Female,IHD,combo,34758.75838637217,428.0236301155019,1362.195103226455,428.0236301155019,1017.4665017000988,981.7233469995372,960.7310658129828,954.3290213919354,959.5486569848144,973.8644662930784,994.9376804378009,1020.6049504746444,1048.9990652888446,1078.6352859170256,1108.409963759259,1137.539969097994,1165.4853653956488,1191.8808192090871,1216.4841069952236,1239.1409036375844,1259.7619031074464,1278.308133079834,1294.7811658206338,1309.2159286970457,1321.6746714558867,1332.2412863591237,1341.0156194599583,1348.1076972221126,1353.6319625448305,1357.701701480164,1360.4238723677045,1361.894542039914,1362.195103226455,afford
TUR,Male,IHD,glp1,169589.85091913684,1765.7643858238152,6559.315255669266,1765.7643858238152,4556.422973118191,4650.388277493526,4740.290807833837,4840.467227543908,4946.891733557961,5055.848608643588,5164.535863352299,5271.019248264784,5374.100238556071,5473.168454019586,5568.053604148241,5658.883665212765,5745.955718562967,5829.62495244162,5910.215158027975,5987.951622452631,6062.91535834485,6135.016351559898,6203.982900675808,6269.363995842767,6330.541864195067,6386.752150070388,6437.109596458293,6480.6374803896615,6516.299388390558,6543.032179406975,6559.779169059999,6565.522690019541,6559.315255669266,afford
TUR,Male,IHD,diet,23594.78963981071,0.0,1427.4820621390245,0.0,14.728345121940947,35.4830964912253,65.00479200320842,105.85536364352448,159.38906470574148,224.97721329389609,300.0598658402596,381.0389174025768,464.3628932794672,547.2105266686413,627.6713517892786,704.6227798051841,777.5111312759982,846.147862972517,910.5559033427852,970.8652454436524,1027.2463449643983,1079.8697078978876,1128.8827771068609,1174.3980082988855,1216.488133732084,1255.1860425377963,1290.487630198215,1322.3565522536371,1350.7301803646696,1375.5262829554704,1396.650089064904,1414.001475216981,1427.4820621390245,afford
TUR,Male,IHD,combo,191633.52497934,1765.7643858238152,7907.949619146355,1765.7643858238152,4569.753392298466,4682.526628086453,4799.31804182443,4936.815336474276,5092.27481222323,5261.470500031413,5439.322600299754,5620.647175427948,5801.007109765997,5977.19371419822,6147.254202005293,6310.247559376468,6465.922171098704,6614.422374653819,6756.0600890106,6891.1525225981895,7019.915049108386,7142.396697751319,7258.447428895393,7367.708685269594,7469.620757126046,7563.44211362768,7648.277074343612,7723.109101250549,7786.837650052388,7838.316982302902,7876.395649561906,7899.955555706751,7907.949619146355,afford
TUR,Female,IHD,glp1,128417.9129877444,1349.4186475256356,5453.356575846337,1349.4186475256356,3420.780559887688,3415.801645898049,3426.3119719411843,3460.8085926854765,3514.10575946093,3581.38721996767,3658.663439857708,3742.7661760760734,3831.260785176441,3922.3367384665617,4014.697342102751,4107.455674167439,4200.038932435593,4292.102032197508,4383.451000361354,4473.976594391483,4563.598390389918,4652.219325757804,4739.690400923646,4825.784991500012,4910.182027177536,4992.457167224144,5072.081040413177,5148.423606282551,5220.763717622933,5288.303003972585,5350.18323874475,5405.506389289454,5453.356575846337,afford
TUR,Female,IHD,diet,20000.54904644952,0.0,1269.667311459998,0.0,12.053514512561378,29.059917218815823,53.34249056404951,87.02984613146691,131.25173472166352,185.4819638528861,247.57194517575408,314.50570742757554,383.3271135565665,451.7255536180892,518.1852299796446,581.8691130616353,642.4205801542703,699.7821481814171,754.0620127685397,805.4462671721849,854.1450378298614,900.3610331799719,944.2720009883489,986.0215416833672,1025.714901766536,1063.4177875360035,1099.157095936258,1132.9229507641285,1164.6717011349683,1194.3296778420336,1221.797568713184,1246.9552995177364,1269.667311459998,afford
TUR,Female,IHD,combo,147085.18687260812,1349.4186475256356,6648.961392916914,1349.4186475256356,3431.6900272934145,3442.1120319451948,3474.722485161903,3539.9766102110734,3633.760005223769,3750.832010479782,3885.295391323234,4031.261548887516,4183.600789015181,4338.371252124278,4492.855050565042,4645.3583422921,4794.941529232165,4941.170977150774,5083.921806528015,5223.231269487398,5359.192940161607,5491.881615268736,5621.301067539913,5747.349117891965,5869.796225927712,5988.274940038071,6102.278259968254,6211.165401027029,6314.173718404272,6410.4357180598745,6499.000184494405,6578.856516462882,6648.961392916914,afford
ZAF,Male,IHD,glp1,19006.27483228006,274.1086269174539,695.3526770520257,274.1086269174539,672.6191149832575,665.4139565612859,655.993164413836,647.311486057366,639.6174254766829,633.0342127064305,627.6233035301084,623.3970301484533,620.3298634541097,618.3696387025975,617.4479895083587,617.4890932769158,618.4161586727041,620.1554934555497,622.6383199073862,625.8007133158644,629.5821376266395,633.9230698401443,638.762170019927,644.0333901935919,649.6633393668199,655.5691437799469,661.6569674209786,667.8212906923436,673.9449862189831,679.9001803130814,685.549846382135,690.7500422850862,695.3526770520257,afford
ZAF,Male,IHD,diet,715.0022594328948,0.0,46.6793717736764,0.0,0.3270355658478365,0.8189325793464377,1.5542600035059877,2.61117148336416,4.041371840168722,5.845035658701818,7.965552501696948,10.309031101583969,12.773720430541289,15.272066718447604,17.73971368471757,20.13500571955228,22.43434596359293,24.62690392836157,26.71015274636011,28.68655791809215,30.561272803810425,32.3405848124894,34.03088208911868,35.637970773717825,37.16662909968363,38.62032657312011,40.00106452999171,41.309311682354746,42.54401813890581,43.70269644942891,44.78156036442306,45.77571249829271,46.6793717736764,afford
ZAF,Male,IHD,combo,19687.03362617512,274.1086269174539,739.9701213350054,274.1086269174539,672.9272993943068,666.1847290019305,657.4565444003929,649.771491465186,643.4274133507424,638.5485152242363,635.1437253924505,633.1375003167414,632.4086692062901,632.8224373205412,634.2493897880577,636.573887124403,639.6962816985924,643.5320708560103,648.0095500212283,653.0666518212201,658.6473163436094,664.6976484938714,671.1621062264057,677.9799552405493,685.0822017089231,692.3891755113764,699.808888443964,707.2362408818808,714.5531006515703,721.6292320835382,728.3240129378682,734.4888430167775,739.9701213350054,afford
ZAF,Female,IHD,glp1,17116.709562394026,223.04060461806148,650.3659768074485,223.04060461806148,546.4018183517674,544.7477247482129,542.0522608312403,540.4135201756308,539.8261716847719,540.2319918679277,541.5602977702201,543.7303365203279,546.6532708344166,550.2348188394444,554.3784374425177,558.9887063999413,563.9745306028235,569.2518356287346,574.7455303377101,580.3906166023135,586.1324222542444,591.9260111945587,597.7348824043474,603.5291083684151,609.2830855156772,614.9730773309857,620.5747273266006,626.0607063317639,631.3986385640492,636.5494254931218,641.4660572865923,646.0929702601607,650.3659768074485,afford
ZAF,Female,IHD,diet,500.5551150777301,0.0,33.89337379225071,0.0,0.2275938439670426,0.5599161216996436,1.0494045706309407,1.7478747911209211,2.6904572288858617,3.88001649753096,5.283811106501162,6.8453914190140495,8.50256824636017,10.200898910570686,11.899272466303955,13.5697815145395,15.19511481776135,16.765563723070954,18.27651941606382,19.72664455887389,21.11662512332623,22.448342803552805,23.724325058350587,24.94736760558408,26.12026007187524,27.24557315057973,28.325484863122256,29.361635954479425,30.355011868919973,31.30585264291949,32.2135935580427,33.07683935183195,33.89337379225071,afford
ZAF,Female,IHD,combo,17591.245081398993,223.04060461806148,682.5793915180293,223.04060461806148,546.6162931125782,545.2745353787886,543.0396841590828,542.0587540823999,542.3597508073781,543.887498320868,546.5408456871355,550.1861649370767,554.6761960143758,559.865379715904,565.6183327413455,571.8131554056472,578.3422177447101,585.1120640284935,592.0430359039638,599.0686698576428,606.1347591303565,613.1979857683255,620.2241012480299,627.1857079066649,634.059748933083,640.824848559012,647.4586586429323,653.9353667827108,660.22350807779,666.2842008851858,672.0698991264308,677.5237223049917,682.5793915180293,afford
MEX,Male,IHD,glp1,163068.1508530029,1939.6395106392736,6409.681079355811,1939.6395106392736,4740.92398812926,4668.934491782144,4632.253984718482,4636.188083501867,4670.860546909724,4728.519081021164,4803.193077537086,4890.223662448727,4985.9317407339695,5087.383375044257,5192.219858163749,5298.530838138016,5404.756725227649,5509.611805611377,5612.0227382418525,5711.079056060291,5805.993411870135,5896.069937333799,5980.679439947664,6059.240382306278,6131.204746922624,6196.048026206205,6253.26270476004,6302.354720216375,6342.8424934324285,6374.258201774981,6396.151025010433,6408.092119957233,6409.681079355811,afford
MEX,Male,IHD,diet,21131.59387203836,0.0,1318.3245516838217,0.0,9.793747004907344,24.873365938619827,47.58416566095548,80.23448713721882,124.28625362396996,179.60299273591954,244.3303386249172,315.5318375655333,390.0989204789512,465.4051094914757,539.5479472526058,611.3044583514711,679.9712954020652,745.1964593649318,806.8448377352906,864.9041247452697,919.424157627931,970.480122510664,1018.1514912424173,1062.510793190042,1103.618292475352,1141.5200862229103,1176.2481158228911,1207.8212113625775,1236.246679605087,1261.5221804779867,1283.6377721041065,1302.5780765984673,1318.3245516838217,afford
MEX,Male,IHD,combo,182820.7800892717,1939.6395106392736,7654.643642025476,1939.6395106392736,4749.859631939282,4691.595065905451,4675.64803298765,4709.458416245587,4784.525679462342,4893.022832696675,5027.333440332106,5180.149715361025,5344.964917184552,5516.437432318431,5690.447863677255,5863.938337672778,6034.674250897078,6201.016977176987,6361.7411713593465,6515.899874269351,6662.729287467198,6801.58319222409,6931.888490055921,7053.115516627193,7164.758681011488,7266.324409761088,7357.324381552433,7437.272726507916,7505.686325187489,7562.087641168764,7606.009702607291,7637.00294295013,7654.643642025476,afford
MEX,Female,IHD,glp1,131103.37376322443,1612.5530816730388,5826.733527414282,1612.5530816730388,3791.269041765321,3583.259735105617,3463.073977279353,3413.752842481088,3414.003366324847,3449.461136115351,3510.368503130987,3589.9277302241026,3683.264294867164,3786.778135331122,3897.735262799295,4014.00684040731,4133.898541223563,4256.035474930686,4379.281777874363,4502.682289103643,4625.418696029505,4746.775470479159,4866.11266198325,4982.843674491742,5096.41682273442,5206.29991407592,5311.967421699432,5412.89004994143,5508.526661688826,5598.318647624808,5681.686870185047,5758.0313142397645,5826.733527414282,afford
MEX,Female,IHD,diet,18069.481627847992,0.0,1199.0207297617017,0.0,8.229258328203287,20.7317284185483,39.48078105447348,66.41530046964908,102.73722456553514,148.27320360319573,201.4029765503437,259.6479499084526,320.47478443845466,381.84151609407854,442.3646196020127,501.2387867667858,558.0710933283117,612.7238438323257,665.198337811773,715.559907841176,763.8941297659476,810.2835085785628,854.7964326024958,897.4829214914353,938.373815736588,977.4814920380596,1014.8010911892488,1050.3117840531777,1083.977909528301,1115.7499856783834,1145.5656776229443,1173.350837187827,1199.0207297617017,afford
MEX,Female,IHD,combo,148031.36632617985,1612.5530816730388,6958.993245993566,1612.5530816730388,3798.777273416061,3602.166814644348,3499.14324001599,3474.5437907492887,3508.211483119572,3585.6675137257407,3695.7114664556575,3829.300570365762,3979.243129532595,4140.052905688986,4307.701389766356,4479.290963137682,4652.737475136804,4826.513729450773,4999.463286636907,5170.673173584422,5339.389230397064,5504.959950895296,5666.7985133635375,5824.356155080954,5977.1026077766,6124.511058317701,6266.046242916331,6401.155016015517,6529.259192789061,6649.750733473542,6761.989471616485,6865.303620444218,6958.993245993566,afford
AUS,Male,IHD,glp1,32116.53755139124,321.17661084202336,1225.8976501196375,321.17661084202336,827.5679390672667,849.0066076570947,871.4423662431655,897.0617048573113,924.5570548322085,952.6784770459308,980.4326582743016,1007.1045355918068,1032.2279179269135,1055.5375613622782,1076.9186948211936,1096.3619613223163,1113.9269646837893,1129.7147969733778,1143.8484566457118,1156.4594985093208,1167.6792230565334,1177.6329494224085,1186.4362506098296,1194.192362933205,1200.9902667551614,1206.9031569998333,1211.98718098909,1216.280426598525,1219.8022062827222,1222.552712270106,1224.5131237340393,1225.646234964133,1225.8976501196375,afford
AUS,Male,IHD,diet,9659.3661948897,0.0,574.4693592606964,0.0,5.821222225613383,14.20204071443368,26.46987927650116,43.81819429357347,66.88314393182918,95.36375820329704,128.01952221991814,163.09155601649763,198.8438234593777,233.9174297971549,267.42813465194195,298.9010435061828,328.15159330165625,355.1750431882683,380.0650522899923,402.9609233539341,424.016392747224,443.3826164848506,461.1997473584888,477.5933616188049,492.67342992088015,506.5344982992247,519.2563560534218,530.9048339048386,541.5325865280829,551.1798286964986,559.87505189898,567.6357716875355,574.4693592606964,afford
AUS,Male,IHD,combo,41162.70470460086,321.17661084202336,1767.5356655579744,321.17661084202336,832.912031645099,862.0380762609693,895.7630186446586,937.3798455446032,986.1839596387108,1040.6703512286058,1098.7228164177268,1158.0163036210106,1216.483252074417,1272.5943055684766,1325.40241462009,1374.4420353014466,1419.585851864289,1460.9167279395988,1498.633284478503,1532.9875819883346,1564.247008714301,1592.672335568699,1618.5057307499264,1641.964516753047,1663.2380333933943,1682.4860772849424,1699.8381098304671,1715.392871921722,1729.218304234004,1741.3518115854677,1751.800971556746,1760.5447997716074,1767.5356655579744,afford
AUS,Female,IHD,glp1,18892.55711750776,227.02117420308787,770.4696888073686,227.02117420308787,542.1077456136118,516.1155099676416,506.0210676194784,506.5005656861413,513.455233995066,524.427047727735,537.8441315764794,552.6509221493034,568.1210897511464,583.7523016258692,599.2001715069109,614.2332777033116,628.7011386352569,642.5110538450335,655.6113619819425,667.9794102693995,679.6129446803061,690.5239218984261,700.7339790255901,710.2709932422149,719.1663263752544,727.4524815592831,735.161004208936,742.3205408997947,748.9550307656191,755.0820474324973,760.711337604027,765.8436171510239,770.4696888073686,afford
AUS,Female,IHD,diet,6594.364603820019,0.0,395.5715606918493,0.0,4.833232015611429,11.064024975014036,19.77056090529732,31.81949505231205,47.63795859979655,66.99118451492541,89.01340680304384,112.5181730501481,136.36962441182368,159.70792513979725,181.99524568639208,202.9575545420721,222.499104057184,240.6291949883889,257.4115664509264,272.93360712793947,287.289353461314,300.5709565913312,312.8649080234445,324.25071925873635,334.80072817813743,344.5803164734898,353.6481820732279,362.0565134454701,369.8510233835223,377.070858042347,383.7484255594609,389.90920031701535,395.5715606918493,afford
AUS,Female,IHD,combo,25071.890711106287,227.02117420308787,1143.044968841392,227.02117420308787,546.5448274394694,526.2811440002552,524.2212910986382,535.8403288597892,557.4433714981278,586.3703063330777,620.2634200474913,656.9783914322288,694.7379198604085,732.2365059084259,768.6204903607686,803.392496456665,836.3022887995503,867.2566630649453,896.2559431914233,923.3531892255525,948.6294879124762,972.1795232598996,994.1032707705526,1014.501118812479,1033.4707737962308,1051.1050006867515,1067.4896893878213,1082.7020091791856,1096.808579368664,1109.863683692456,1121.9076122180977,1132.9652414003758,1143.044968841392,afford
NZL,Male,IHD,glp1,9614.69866870968,90.38058927999418,358.7979663901442,90.38058927999418,241.59495612912588,254.58035293723788,265.1311381297219,274.84416796176083,283.9659718395824,292.5339049335853,300.5252706048841,307.914357609332,314.6910748641376,320.86280475010426,326.4503148176309,331.48264348151497,335.99283897471923,340.0150054815176,343.5825192813436,346.72709093835783,349.47834292300104,351.8636345137984,353.90794558985726,355.6337058821028,357.0605184355509,358.204773699973,359.0791844903788,359.69229348078807,360.0480155128271,360.14527843365795,359.9778200910814,359.5341872519675,358.7979663901442,afford
NZL,Male,IHD,diet,2254.329773427403,0.0,127.8031311870036,0.0,1.6440822846279843,3.930572648266207,7.169217575567018,11.63271789020655,17.44455990199276,24.49375035098365,32.44843187223796,40.86805288388041,49.33485739387015,57.53356518831333,65.2680860164337,72.44104141096523,79.02272559665562,85.02373625315977,90.47546455172414,95.41785111411536,99.89243294980042,103.93878659153144,107.5929624247092,110.88698862416096,113.84888735058304,116.50289033568696,118.86969452995254,120.96669019218008,122.80814565030688,124.40535983699463,125.76680518603372,126.89828563545962,127.8031311870036,afford
NZL,Male,IHD,combo,11730.204500926213,90.38058927999418,479.8368757118669,90.38058927999418,243.0969906127807,258.1716794581871,271.69512696302763,285.51703866020216,300.00246773971503,315.092938392766,330.4657429772433,345.6922091071101,360.3767598385739,374.23289410115103,387.0958371652414,398.899758036142,409.6456574879567,419.3735198032864,428.1425984282996,436.019103619019,443.0692335374306,449.3555835244006,454.9354708371675,459.8602168260968,464.1748190196277,467.91771594799866,471.1205226448856,473.8077215241901,475.9963528923927,477.6957767174863,478.9075827826164,479.6257172893556,479.8368757118669,afford
NZL,Female,IHD,glp1,6201.795239169771,63.30700826972452,248.35229124812668,63.30700826972452,163.39139536121638,164.72767029905754,166.30026638751906,168.85933220743345,172.2641487574365,176.2947921901373,180.74250886953405,185.43542804698927,190.2409829419803,195.05992031439249,199.818532088957,204.4617477653101,208.9478595600026,213.24485187444543,217.32801924006708,221.1785021924402,224.78241086988373,228.1302765232349,231.2166430160446,234.0396730004977,236.60069414782583,238.9036502750405,240.95445208992896,242.76024417706452,244.3286200114444,245.66682610552647,246.7810005478682,247.67549079064065,248.35229124812668,afford
NZL,Female,IHD,diet,1662.420866037502,0.0,97.24685123051496,0.0,1.250911936115699,2.900329603445244,5.192206089530828,8.336865224058329,12.436990630868422,17.427046043195332,23.08144975684354,29.09414740399734,35.17318637853941,41.0982237136559,46.73244682136374,52.00765913319901,56.901974736755164,61.42042058779544,65.58137154424821,69.40827947760454,72.92519671847367,76.15468881651395,79.11710831914934,81.83056133611535,84.31116563884507,86.57337648652992,88.63026736664642,90.49371945310622,92.174512046965,93.68232729605596,95.02569280485476,96.21188944251526,97.24685123051496,afford
NZL,Female,IHD,combo,7758.340206033877,63.30700826972452,340.0275608828965,63.30700826972452,164.5342291972297,167.37924608967342,171.057797829857,176.5137300000315,183.70356793813608,192.35113631101424,202.04374736701857,212.329641714055,222.80692696679307,233.17102286234285,243.2188224272136,252.8289038786588,261.93623439927296,270.5108442744854,278.54296269414635,286.0338528637758,292.9907021771601,299.4240479273899,305.3466167926931,310.7728393313146,315.71859231723283,320.2009230413855,324.2376418444733,327.8467531021993,331.0457463610978,333.85079887523034,336.27595519768647,338.33235309968813,340.0275608828965,afford
ROU,Male,IHD,glp1,35875.816612303795,607.3641727656104,990.9540365850409,607.3641727656104,1529.135914009359,1475.9457371159915,1443.9516178485685,1421.3729176800116,1402.1875314692045,1383.190795343162,1362.8378166767395,1340.694392015772,1317.038722266785,1292.5418689479447,1268.018822495309,1244.2499756122745,1221.8682903861445,1201.3022251576258,1182.7616156297229,1166.2533072841325,1151.6146750711814,1138.5554244651685,1126.7006036663915,1115.6301494404506,1104.9123091746733,1094.1298399247426,1082.8989839106362,1070.8819139047955,1057.7937099903902,1043.4050550363245,1027.5417973941185,1010.0823910355248,990.9540365850409,afford
ROU,Male,IHD,diet,11733.756604272769,0.0,571.0152119702652,0.0,12.714750171046036,29.219644921289728,51.87728627734032,82.17739210818036,120.3490530140116,164.9536752465865,213.2174311860581,261.9725277760772,308.564058191856,351.2759228489668,389.3036405564999,422.5127031355733,451.17168010567184,475.7421583418472,496.7395159386615,514.6519687236105,529.9003996745341,542.8241929133874,553.6824128227381,562.6631812942614,569.8966669293368,575.4688602812748,579.4344925982296,581.8282421621734,582.6738867638487,581.9913858873188,579.802067802113,576.1321946300086,571.0152119702652,afford
ROU,Male,IHD,combo,47114.92277865666,607.3641727656104,1544.2420684422796,607.3641727656104,1540.9153286651017,1503.1144278849642,1492.3419432857008,1498.2259234591293,1514.9956477844898,1538.141581918946,1563.5478965832626,1587.8113484514324,1608.6935668737897,1625.2121934732277,1637.379693260711,1645.8076718675038,1651.3483200071678,1654.8411859455518,1656.9671563501834,1658.1858998312782,1658.7292999845522,1658.6278414438675,1657.753063824559,1655.864736063828,1652.6557448176682,1647.7908631585196,1640.9377646117027,1631.7900848345016,1620.08319706775,1605.6038145128514,1588.1946900052317,1567.755651481304,1544.2420684422796,afford
ROU,Female,IHD,glp1,29904.91447649913,624.6769679184363,895.4542012610909,624.6769679184363,1461.478583417531,1280.4870257734729,1181.4125040291035,1122.0475955809416,1085.5917900450004,1062.6642176575988,1047.435355815498,1036.2304248964538,1026.801512247046,1017.887151945106,1008.9002434514076,999.6911385157218,990.3665569512486,981.1552869056504,972.313930147855,964.0660420747336,956.5678824317328,949.8942091928766,944.0381629347104,938.9201801843265,934.4018901983072,930.3019627884933,926.4117964266152,922.509715132277,918.3729595345249,913.7872140351284,908.5537242782666,902.4942507279776,895.4542012610909,afford
ROU,Female,IHD,diet,11828.457055869578,0.0,574.5563712641233,0.0,14.940581214774284,33.147396842963644,57.976589204638,90.86129026242996,131.77196237359385,178.8287572657282,228.8405035729884,278.4282692663801,324.9568472180945,366.8592518978912,403.4998625168482,434.8789099624992,461.362102550338,483.4892996705312,501.8551055901553,517.039846625441,529.5723703253279,539.9121863320615,548.44329183015,555.4750836448511,561.2475323057188,565.9387969366799,569.6740462521266,572.534623101772,574.5669523408906,575.7907927464548,576.2065932618862,575.8018394922401,574.5563712641233,afford
ROU,Female,IHD,combo,41266.44003927991,624.6769679184363,1451.772976684584,624.6769679184363,1475.3200902469323,1311.398410118185,1235.69450034522,1207.3800526792363,1209.6625255479412,1231.4348894662908,1263.885241964275,1300.1455708061658,1335.447487944657,1367.0028749404191,1393.5757503046334,1414.9738532190097,1431.615314040766,1444.2142092890715,1453.5727991328786,1460.4541487516508,1465.5111991740778,1469.2541538145924,1472.0431269052424,1474.096721445123,1475.5098534516765,1476.276070960179,1476.3110721757148,1475.475246394417,1473.5939206543771,1470.474640737637,1465.9212806579344,1459.7450895085822,1451.772976684584,afford
BGR,Male,IHD,glp1,15368.424296736972,269.30723316541844,390.84053517140455,269.30723316541844,672.5424010916377,663.3077448428448,653.7357123855072,644.48040553996,634.7412286517792,624.0768201742139,612.3411281814897,599.6222711808259,586.1625902440919,572.2802741656415,558.3072141259418,544.5465368876776,531.2475662321613,518.5942343920797,506.7030331271126,495.6272532331477,485.3650018297212,475.8691388406514,467.0578045061138,458.8246293059256,451.0480452418615,443.5993693613091,436.3495191647744,429.17435498849954,421.9587352244471,414.5994245012953,407.00702059889954,399.10707038053806,390.84053517140455,afford
BGR,Male,IHD,diet,3673.681457119659,0.0,178.17636440727074,0.0,3.454737847263459,8.283240530985495,15.090508366110951,24.32643233692397,36.10059259000627,50.013137954136255,65.22124109233664,80.72070510053527,95.6422827319402,109.40462023070904,121.71748497235605,132.50875857872597,141.83956222789493,149.83702313381582,156.65012349393328,162.42435447392927,167.28913512285362,171.353041371196,174.7034473754702,177.4084458044017,179.51977629886824,181.07603544191625,182.1057718175525,182.63026644936872,182.66591474077904,182.22619313228824,181.32323111972983,179.96902837636117,178.17636440727074,afford
BGR,Male,IHD,combo,18868.068394372305,269.30723316541844,562.5074871054239,269.30723316541844,675.7412323367862,670.986234378106,667.7574067373262,667.1327902565154,668.4244270113286,670.830826696938,673.4292151917998,675.372453698521,676.0849873871193,675.3301982366629,673.1552492793526,669.78342147888,665.5112613468191,660.6344800727475,655.4043140248996,650.0075011986573,644.5619460514972,639.1216860401291,633.6866878880974,628.2145685366959,622.6324557293992,616.8479599851617,610.7587279915006,604.2603693542533,597.2527507323193,589.644771317211,581.3577968864101,572.3279542563268,562.5074871054239,afford
BGR,Female,IHD,glp1,12460.876761081572,246.7816040906892,334.77939660058473,246.7816040906892,591.602041126991,549.9987249730057,522.5447434113667,504.1808617902825,491.0431419414927,480.7530921584876,471.8813378018076,463.6203471664248,455.5574163238071,447.52024871220056,439.47546435516233,431.4635897318221,423.55825594979615,415.8411526675627,408.38717465132686,401.25618102418775,394.489072949571,388.10670061633937,382.1106068093686,376.484922638052,371.1989292416001,366.209934695451,361.46621450603016,356.90984086481694,352.47928687259446,348.1117402210166,343.7450977927456,339.31963939698835,334.77939660058473,afford
BGR,Female,IHD,diet,3401.725937931265,0.0,163.79524932569075,0.0,3.352172883282037,7.834841558356857,14.120822503538877,22.723075854723,33.82965590362255,47.11241220292322,61.76064220704029,76.75151649949112,91.16388618756356,104.35886639394266,116.00289535428963,126.00230237511823,134.41765756010136,141.39225588472073,147.10310300591846,151.7312826639427,155.44589234363775,158.39649363835633,160.71053664400824,162.49352328187524,163.83058088608595,164.78868546832564,165.41911024046203,165.75986751690107,165.83802079146335,165.67180517461748,165.27252952173694,164.64625405952938,163.79524932569075,afford
BGR,Female,IHD,combo,15703.738172733989,246.7816040906892,492.1367189584762,246.7816040906892,594.7059048157207,557.2737523748219,535.6961121103977,525.3936298028166,522.6872244568185,524.9049242415003,529.8705263733518,535.8232434003403,541.4824523004463,546.0649341032276,549.2094189621039,550.8539979945872,551.1171251975011,550.2061845086173,548.3564868588146,545.7946800870523,542.7191199528133,539.2911142313187,535.6327758758107,531.828708973384,527.9297814168694,523.9579015489253,519.9111312985606,515.7687284062522,511.49587626106586,507.0479683558733,502.3743864623084,497.42175931352176,492.1367189584762,afford
ISR,Male,IHD,glp1,7361.771892400358,70.32012416741736,307.2597383936645,70.32012416741736,180.7792880014813,186.9430674366181,192.6133104986793,198.4832067329344,204.4924587928372,210.54246292960352,216.53357020133944,222.37899432875332,228.0119287380694,233.3883157757332,238.48660747640133,243.3054777523671,247.8602570437533,252.17872228588567,256.296742885409,260.25415203182365,264.09108932380786,267.84495335347674,271.5480165172657,275.2256904262076,278.8953877320528,282.56590214518656,286.2372192074117,289.90067205291143,293.5393651664799,297.12880169920663,300.63766351404684,304.028705789533,307.2597383936645,afford
ISR,Male,IHD,diet,1794.5365713400292,0.0,118.31462141484371,0.0,0.8886058985467571,2.203152467649033,4.140300356448279,6.891224004848482,10.575700801769017,15.18134493536536,20.554332610846814,26.451340643845924,32.61401767749703,38.8234156469739,44.921442980672055,50.80886463146271,56.43321687171374,61.77518964312458,66.83706814663492,71.63403004567772,76.18797914594961,80.52332454265797,84.66416215615027,88.6324431941348,92.44683417321812,96.12206404374136,99.66861712112586,103.09267306053243,106.39622380587116,109.57731724020688,112.63039132871108,115.54667274980966,118.31462141484371,afford
ISR,Male,IHD,combo,9031.679331118145,70.32012416741736,417.9337965460263,70.32012416741736,181.59353290736863,188.95873783348907,196.40401019358933,204.79914560871475,214.1959894250081,224.4875332676293,235.4358997905452,246.7330419238324,258.07569617951003,269.21813426519475,279.99199965150046,290.3026638242668,300.11497200490703,309.4368058311388,318.3042703115284,326.7696370335625,334.89202823203505,342.73046227645864,350.3388311713434,357.76242793683105,365.03570522784776,372.1810031702444,379.2080313421093,386.1139293764036,392.8837650376645,399.4913588949321,405.9003509782815,412.0654467087634,417.9337965460263,afford
ISR,Female,IHD,glp1,4328.4375401028665,53.09557252732611,181.6810430399828,53.09557252732611,126.777685347618,122.52595160518511,120.0284889765353,119.21240451504696,119.67392047034832,121.09664406710408,123.22528721082516,125.84922250045884,128.7950484208991,131.9230013805809,135.1244449842493,138.31919462416363,141.45229242564164,144.49027874734793,147.41718364119424,150.23049829696765,152.93735352437443,155.55107180065033,158.08819461263738,160.56602943253347,163.0007155256867,165.40577588410633,167.79110286097102,170.1623155317243,172.52042506386078,174.8617480931748,177.1780151563371,179.45662983533475,181.6810430399828,afford
ISR,Female,IHD,diet,1197.7020888950865,0.0,75.89943908272153,0.0,0.6819459770367757,1.637910368429857,3.0143743695959984,4.949238833549089,7.528290700698108,10.743178540829833,14.484671305904612,18.579081201564804,22.840964837825595,27.111916291756188,31.27613583281164,35.259446042253785,39.021178798806886,42.5449383611749,45.83073715146247,48.88904216879882,51.73650251768049,54.392951763734345,56.87932081953159,59.2161898047093,61.42279128330483,63.5163387211428,65.51159496202035,67.42062168601706,69.2526674165747,71.01416246288773,72.70879662733296,74.33766096492946,75.89943908272153,afford
ISR,Female,IHD,combo,5441.128846045291,53.09557252732611,252.4856470311261,53.09557252732611,127.40256420426364,124.02471707334576,122.78884216447568,123.7490289976081,126.58146067679763,130.96389797615575,136.54271309036767,142.9492652085985,149.8404400303507,156.9306353309912,164.0037721694889,170.91003267561064,177.55546577315044,183.8899748097492,189.89620472328443,195.5801017415965,200.9631822000556,206.0763200483821,210.9548315964257,215.6346599642602,220.14949091510016,224.52865441707627,228.7956829545056,232.96741129010115,237.0535153621881,241.0564013147873,244.97136933266984,248.78699044545192,252.4856470311261,afford
NGA,Male,IHD,glp1,15356.293842128274,270.8500753051921,686.9848302644677,270.8500753051921,632.1220026864394,572.0710385537895,523.8214613434175,486.9369455200358,459.2978033886393,439.27664514185017,425.60603217491735,417.2814762856433,413.4955179226963,413.5892190007508,417.0156316244902,423.312240002866,432.0802396081199,442.9690040215864,455.6644557750624,469.88035200943705,485.3517316608413,501.8299584716806,519.0789438987777,536.8722546102144,554.990906459323,573.2217236480501,591.3561995400378,609.189834910052,626.5219512171097,643.1559824501019,658.9002418476157,673.5691427850688,686.9848302644677,afford
NGA,Male,IHD,diet,4589.306989389814,0.0,308.5813384034118,0.0,2.999249547654472,6.965920752576494,12.521303692279616,20.16534211108228,30.12421694831573,42.21926719131443,55.90505504950124,70.47565255091467,85.29257119843533,99.9098195836632,114.08542970031704,127.73267028842383,140.85986655373563,153.52203840001312,165.78910790148802,177.7277352323581,189.3923304413329,200.82155986749424,212.03784928811365,223.0483580014188,233.84655973549525,244.4139776038573,254.7218624628149,264.7327404714597,274.40182839451154,283.6783499405137,292.5067984494963,300.8281896278204,308.5813384034118,afford
NGA,Male,IHD,combo,19881.49019629128,270.8500753051921,991.790334775862,270.8500753051921,635.0590357982219,578.8951720406476,536.095540751332,506.71463556300296,488.8567926505421,480.7222732803784,480.5110662179141,486.5272273428491,497.3362887482508,511.83992089789535,529.2514612450104,549.0210875906487,570.7563590074278,594.1593069744486,618.9835595262994,645.0077049175306,672.0198176788472,699.8089882222121,728.1609935514207,756.8563146780143,785.6694507224311,814.3689600400976,842.7179547453707,870.474949095209,897.3950561885868,923.2315681748004,947.7379602301372,970.6703403306964,991.790334775862,afford
NGA,Female,IHD,glp1,19388.551256769075,271.1681291900168,906.1845535224128,271.1681291900168,639.5677853982197,595.5967537545439,563.8586734988785,542.2407787576522,528.2985288247655,520.4923998573067,517.7527771689056,519.279635254592,524.442533154026,532.7247259749856,543.6899487747723,556.9619714322471,572.2115794857236,589.1478381364577,607.5117270801056,627.0709817317256,647.6154557018381,668.952639169649,690.9031874983775,713.2964666943881,735.9662249003741,758.7465618374117,781.4683969680482,803.9566367918014,826.028216750201,847.4911489423248,868.1446491101087,887.7803514072148,906.1845535224128,afford
NGA,Female,IHD,diet,5595.971900991943,0.0,395.3967821695842,0.0,2.6017619467529585,6.173560952222033,11.385635294835083,18.839353877338,28.92687310517067,41.66957158589503,56.69286695931805,73.37525729474146,91.0591950292728,109.19857841503108,127.4085374556962,145.45029970287578,163.19245831308945,180.5729091531976,197.5699684319552,214.1831091175627,230.42107474241493,246.29490092354536,261.8139205038969,276.98345605767827,291.8034050202841,306.2672733988147,320.3614423123945,334.0645918991504,347.34728703116707,360.17176846215443,372.49200503398606,384.2540568019176,395.3967821695842,afford
NGA,Female,IHD,combo,24904.86830132941,271.1681291900168,1296.6231280199572,271.1681291900168,642.1155763923016,601.6436796903872,575.0162612456334,560.7109339141098,556.6699915364516,561.3781376319312,573.401773648271,591.3338098275344,613.8998769218379,640.0471513976081,668.9604290687348,700.0273502349883,732.7877733423884,766.8879272553095,802.0458185148455,838.0272074839086,874.6293051234024,911.6694235629984,948.9765582500404,986.384641525132,1023.7267988452732,1060.8303441662356,1097.512503307924,1133.5769913898112,1168.8116241079697,1202.9871370917972,1235.857341891795,1267.16067675082,1296.6231280199572,afford
EGY,Male,IHD,glp1,250110.51838926948,3623.4551205266034,8789.501329763269,3623.4551205266034,8947.823884366633,8683.427203049403,8498.012735104145,8369.252285380557,8274.43198674357,8202.598897252363,8148.594551457907,8110.236684123782,8086.833392570115,8078.338463770458,8084.851937702479,8106.31651493581,8142.331101205578,8192.040165200044,8254.077268300985,8326.550943606475,8407.065528451349,8492.771217775473,8580.438016057306,8666.548238684598,8747.402142809122,8819.23130770473,8878.31457183804,8921.091658177873,8944.2700607632,8944.92130800063,8920.563349756412,8869.22652419057,8789.501329763269,afford
EGY,Male,IHD,diet,28544.564759380213,0.0,1632.263958753174,0.0,19.58729657776712,46.34564069814223,84.7267936837452,138.25634205259848,208.6224981416599,294.6504240286304,392.40911430012784,496.558415067906,601.979935402429,704.788903283421,802.5659687984153,894.1182691380964,979.097404154396,1057.652264583652,1130.172520563472,1197.1199772294494,1258.9272379566685,1315.942867829668,1368.4070490665326,1416.4466744948586,1460.082592606777,1499.2442573137232,1533.7886491448153,1563.521332749544,1588.218132380396,1607.646299140004,1621.584309323196,1629.8396309169475,1632.263958753174,afford
EGY,Male,IHD,combo,277011.4816643719,3623.4551205266034,10354.194321724848,3623.4551205266034,8965.454672801046,8725.269918761565,8574.772098665606,8494.891282018114,8464.558621485412,8471.881944863751,8508.23257798623,8566.615144994867,8641.656018162554,8729.6969211603,8828.534313570242,8936.92200949989,9054.05129862012,9179.130245394714,9311.094232220205,9448.43595129915,9589.13043562774,9730.631422199338,9869.919643351312,10003.587854488287,10127.950622892417,10239.169183142978,10333.383286169876,10406.843184839789,10456.035893070948,10477.800749777203,10469.43018915286,10428.752505903918,10354.194321724848,afford
EGY,Female,IHD,glp1,185795.37887805392,2928.11572436773,7499.265637983102,2928.11572436773,6708.0981658946985,6058.029348338212,5736.031014202497,5562.939137276248,5466.6202998510125,5417.714002288296,5402.486234807249,5413.571475170509,5446.545086861544,5498.516177884143,5567.45699031293,5651.816267400689,5750.256061009801,5861.456428131132,5983.969528170943,6116.116692516342,6255.9251088127785,6401.100880467944,6549.03460299877,6696.834978922474,6841.385552645937,6979.419385852088,7107.606378299155,7222.647950352461,7321.373945207335,7400.83689519082,7458.399240143684,7491.809686693392,7499.265637983102,afford
EGY,Female,IHD,diet,24319.30932295324,0.0,1462.1647014750051,0.0,20.30059884345974,44.649395223968895,78.0476030614227,123.71694190072594,182.94788544114272,254.4992820102343,334.8905307813111,419.6680811206024,504.78660930834303,587.3712761358765,665.8041500670661,739.4494197808526,808.3024095640139,872.6977437858877,933.1068120424316,990.011215964798,1043.829892285139,1094.881149292807,1143.3666779014602,1189.369364772836,1232.8599224348727,1273.7092777016514,1311.7047507005336,1346.5686460259603,1377.978186948225,1405.585889874288,1429.0395794195065,1448.0013290888164,1462.1647014750051,afford
EGY,Female,IHD,combo,208777.5376609156,2928.11572436773,8900.026899620716,2928.11572436773,6726.371007268172,6098.49168034851,5807.0978215314535,5675.976465011292,5634.264468899113,5651.576745137063,5711.081836616242,5801.369533134406,5914.2820449914725,6044.224085149501,6187.597944888825,6342.185492506411,6506.574155038441,6679.6975765164825,6860.503329811429,7047.731385685314,7239.780833842189,7434.645027325474,7629.89968095244,7822.732041213487,8010.001661920396,8188.324801298819,8354.175331901002,8503.995601142815,8634.311100426683,8741.843233740685,8823.615008357214,8877.045142271789,8900.026899620716,afford
BGD,Male,IHD,glp1,55312.07642888239,869.7782776906388,1941.4384379562107,869.7782776906388,2103.539974354717,1968.0253263183693,1876.3025805611687,1817.916347623148,1781.7448987127573,1760.8825437823834,1750.925578841663,1748.958324987267,1752.970511200343,1761.5144596408063,1773.4997178567571,1788.0674412686494,1804.51153553676,1822.227788096381,1840.6803392680304,1859.3793845326,1877.8664995428696,1895.705356687744,1912.4763785869584,1927.7743313663232,1941.20814391732,1952.402420954313,1961.000234180596,1966.6668477618368,1969.0940754141195,1968.0049878779391,1963.158700936125,1954.354983427591,1941.4384379562107,afford
BGD,Male,IHD,diet,100587.06704309196,0.0,5344.164958380483,0.0,79.30779953357705,189.90494427084923,347.0393471309071,563.7924196345411,845.6689150037855,1186.2826635308302,1568.0642978833785,1968.0772265211272,2364.8423633879866,2742.452074807777,3091.391416528524,3407.419886535936,3689.904307497724,3940.341590406752,4161.289071362058,4355.67498670175,4526.3914007647545,4676.075314838381,4807.007292454131,4921.08015412878,5019.807734502683,5104.355415354832,5175.58157392242,5234.083621735015,5280.245005463425,5314.281104685942,5336.282843325345,5346.257312798261,5344.164958380483,afford
BGD,Male,IHD,combo,154484.6206821756,869.7782776906388,7229.04696051791,869.7782776906388,2180.924298999671,2153.393814242896,2215.3116591186845,2369.054641406576,2608.9800141441374,2922.0637295624183,3286.8340701782145,3678.000749651619,4072.527870994236,4453.326902496803,4809.882915372786,5137.0628752294,5433.424984813464,5699.7323703857255,5937.87599087719,6150.176658740296,6338.969093695341,6506.374843462894,6654.194186715205,6783.869935771683,6896.493190605048,6992.832632311445,7073.376272261667,7138.379061162297,7187.912436648796,7221.9134425270895,7240.231933733186,7242.674868858274,7229.04696051791,afford
BGD,Female,IHD,glp1,32228.420329576853,409.8164563938044,1259.2778864778666,409.8164563938044,997.7649058440876,933.7614990291258,907.4851936791164,901.2109831896304,905.7299969316446,916.7151111263956,931.8880008605192,949.8975668583008,969.8605705587688,991.1570995326329,1013.328022548958,1036.01617067623,1058.9285075952505,1081.8100098946888,1104.4251593430236,1126.5450165998627,1147.9387191675632,1168.3686382667802,1187.5886101305368,1205.34473672061,1221.3782798307657,1235.4301786817232,1247.2467217066005,1256.5859094378684,1263.2240638931107,1266.962273562429,1267.632311935129,1265.1017291038297,1259.2778864778666,afford
BGD,Female,IHD,diet,64458.1308042093,0.0,3692.9185006271,0.0,52.14231056826975,120.36862946094334,215.4593200355739,345.9708936271636,515.4222761226265,719.9128524196858,948.7800778711388,1188.3510727043176,1426.1855819476625,1653.5001588008454,1865.487727222048,2060.457082205394,2238.698221253348,2401.532866213485,2550.665796223984,2687.797774747858,2814.422507999101,2931.73888490221,3040.6297786030336,3141.676588537579,3235.1914255211013,3321.2569248639484,3399.7684342796856,3470.4759485508985,3533.0245054335537,3586.9923759468074,3631.926622546016,3667.3756649739225,3692.9185006271,afford
BGD,Female,IHD,combo,95766.47412903055,409.8164563938044,4909.580281766292,409.8164563938044,1048.642593946468,1051.307972544535,1118.085169713937,1239.6269649316528,1410.2234903748322,1621.8105374543447,1861.7465375391184,2115.3307724689657,2369.4848678808776,2614.932408092864,2846.431449407799,3061.8932081305247,3261.245176822238,3445.4795963927754,3615.99917643769,3774.222246044752,3921.371922952778,4058.382081772157,4185.872164657878,4304.160204605418,4413.29579843214,4513.102650311805,4603.224971397212,4683.1746128177765,4752.377159411146,4810.215865611477,4856.07261014315,4889.365180574168,4909.580281766292,afford
USA,Male,IHD,glp1,640088.339234391,7071.662174223049,21532.84282659396,7071.662174223049,18329.147958517657,18984.361997852684,19519.27199257008,20014.48584982793,20473.47684489371,20895.42026916874,21278.703203377023,21621.93166629161,21924.283440526,22185.56726601201,22406.172278212965,22586.993762036844,22729.3652761486,22834.9999520036,22905.934125031927,22944.46595329005,22953.08482229535,22934.391068236902,22891.008499545685,22825.49397201004,22740.248976250063,22637.438106007525,22518.91868052492,22386.18492564658,22240.32913477975,22082.021229497564,21911.50717495446,21728.62580806372,21532.84282659396,afford
USA,Male,IHD,diet,152743.19955245446,0.0,8505.594394763873,0.0,96.71324023930356,236.5441757671652,439.0693098890479,722.1142633963027,1095.2845224589691,1554.3873845440105,2081.326343551278,2649.953678392864,3233.63688826171,3810.365960598225,4364.437759600987,4885.916002962564,5369.273556684086,5812.035588136292,6213.71769805887,6575.083679372096,6897.65518845222,7183.394895523961,7434.500776569301,7653.26890344749,7841.997996966704,8002.920037720702,8138.14824688778,8249.637929144781,8339.157993070083,8408.272132844257,8458.32913560298,8490.461869546562,8505.594394763873,afford
USA,Male,IHD,combo,783111.8470401431,7071.662174223049,29579.47280518477,7071.662174223049,18417.46849889256,19200.21330646245,19920.49022881454,20675.427710048563,21477.634264406573,22322.847912155208,23193.230960586807,24063.63330290572,24908.83785278292,25708.3280273868,26447.84199004644,27118.863037216768,27717.3497055911,28242.457857549423,28695.522508063936,29079.31992340763,29397.547450896003,29654.45087700372,29854.54573183425,30002.39817039529,30102.446046903613,30158.85069919098,30175.375768120284,30155.292347970128,30101.310928386287,30015.540674642776,29899.47607855336,29754.010200521152,29579.47280518477,afford
USA,Female,IHD,glp1,455231.67243784736,5130.682530884573,16215.91811440268,5130.682530884573,12992.426154696645,13057.628436113157,13230.958464940108,13480.334137787228,13767.23788161436,14070.517831722216,14377.077493620774,14677.903642772231,14966.407828499214,15237.661788575237,15488.000563330104,15714.791951926774,15916.287402472632,16091.513045234606,16240.178194328852,16362.588456808124,16459.55680186965,16532.3101688553,16582.391995586746,16611.562743291375,16621.70134848327,16614.710789093282,16592.430817001034,16556.56053813419,16508.593022366986,16449.76356641663,16381.012653263751,16302.964073755604,16215.91811440268,afford
USA,Female,IHD,diet,133411.7367794854,0.0,7551.1375548137,0.0,91.84763958200348,216.08865151600912,392.2397816987359,636.7440365552611,958.3020360311784,1353.4083029099857,1806.4904111672656,2295.159434609436,2796.817633855506,3292.9886403263663,3770.6260452909046,4221.53400291258,4641.150532469736,5027.386885233689,5379.750026425754,5698.748665477848,5985.513107653824,6241.556787940732,6468.624826779065,6668.593416272721,6843.397998741304,6994.977732598083,7125.229702106386,7235.969846179418,7328.89953182498,7405.577681711642,7467.398772438872,7515.577094362408,7551.1375548137,afford
USA,Female,IHD,combo,580084.1198731636,5130.682530884573,23340.99010639976,5130.682530884573,13076.303327459784,13255.044101836073,13589.929080685251,14064.030683474004,14647.06994725013,15315.021277423308,16040.81391279254,16795.07254472142,17550.47933583267,18285.00853240316,18982.78888483686,19633.397096514705,20230.629952151707,20771.350487203046,21254.59957663447,21680.965824831623,22052.14660493052,22370.63349543273,22639.473192337784,22862.0730824662,23042.034260273795,23183.00368431612,23288.54248688481,23362.01031977299,23406.46692989476,23424.592520958045,23418.628265151405,23390.337827409385,23340.99010639976,afford
JPN,Male,IHD,glp1,53910.99677955448,837.3017225706717,1572.7337163334523,837.3017225706717,2036.078294546868,2028.4297308516543,2018.7211551997896,2011.300444473716,2004.1639222632368,1996.0011492119368,1986.0558044810168,1973.9620086899083,1959.6370974781605,1943.2044753357184,1924.9316614247653,1905.1770206517103,1884.34330000238,1862.8381655228004,1841.0424677474948,1819.2867039208431,1797.835592564625,1776.8801196545685,1756.5359953383304,1736.847219185598,1717.7933799871537,1699.2993777800148,1681.2464086238688,1663.4832568897546,1645.8371627595045,1628.1237500230782,1610.1556948973812,1591.7499811444795,1572.7337163334523,afford
JPN,Male,IHD,diet,22289.612842524315,0.0,1243.120381448607,0.0,15.301685363781871,38.66019117718679,72.76903609240253,119.91319731649128,180.82499016389195,253.88568359817145,335.3639411859622,420.6024042942299,505.32489553981577,586.3886584116408,661.9126363916002,731.0512752658105,793.6721377769572,850.0705652301694,900.7599076427869,946.3324399304402,987.3738642143072,1024.4148626457536,1057.9071157544022,1088.2150377854268,1115.6173446690373,1140.3145146525203,1162.439483177783,1182.069765046399,1199.2397799884277,1213.9525724058185,1226.1904203047743,1235.9240550497198,1243.120381448607,afford
JPN,Male,IHD,combo,75439.46168261798,837.3017225706717,2775.692608641933,837.3017225706717,2050.804741484346,2065.595710167385,2088.681005690538,2126.615764312315,2178.1129439882206,2240.317650382698,2308.8934188015555,2378.9969746142306,2446.428107442305,2508.278027604654,2562.993443466039,2610.1079109916755,2649.886632667971,2683.0131504535093,2710.3559513813307,2732.8109728104973,2751.203625049573,2766.233878551975,2778.451303296373,2788.2503725122297,2795.879010712684,2801.455288478224,2804.9885460616497,2806.4022474739395,2805.5566484188603,2802.269976740746,2796.3373122267585,2787.546735623102,2775.692608641933,afford
JPN,Female,IHD,glp1,37769.57620964557,692.4241268051919,1097.6739046044604,692.4241268051919,1624.3973421025655,1550.5220472764995,1493.836448063979,1452.5452459802764,1421.5324109049834,1397.3384094141877,1377.5906050293634,1360.6254692119692,1345.272271514914,1330.7240668724698,1316.453929782816,1302.1539108671932,1287.6854464761127,1273.036248448254,1258.282002434673,1243.5527247032442,1229.004138348144,1214.794415088916,1201.066385213191,1187.9350179837566,1175.479709113701,1163.740720742404,1152.7190122302272,1142.378669761827,1132.6511740065762,1123.4408202693085,1114.6307077078309,1106.0888286865377,1097.6739046044604,afford
JPN,Female,IHD,diet,19759.623306666224,0.0,1047.300364855968,0.0,17.12263988772611,41.12116080965643,74.74765123474208,120.22246381139848,178.20209142893145,247.06844884678867,323.1982362488634,402.1154451112161,479.734418070766,553.0618764800529,620.3077806796064,680.6686961577288,734.0279258566297,780.6942196944001,821.2112780716488,856.2308364845812,886.4322348556889,912.4730873091612,934.9600553028432,954.4326018546273,971.3552943873364,986.115891679554,999.0274222514344,1010.3330132315969,1020.2125480310132,1028.790431428468,1036.1438843253636,1042.311308278433,1047.300364855968,afford
JPN,Female,IHD,combo,56868.62386678939,692.4241268051919,2111.764692358047,692.4241268051919,1640.8762881624862,1590.0634281170278,1565.724211197121,1568.2050193713294,1593.032003138767,1635.201648143353,1688.8656619716494,1748.0578759896523,1807.6725751576232,1864.012539276868,1914.8148986701128,1958.9844010031595,1996.257146328528,2026.907016437952,2051.5243835009605,2070.8602727727266,2085.720079933788,2096.892501616683,2105.103263670746,2110.9866291797807,2115.0699738792537,2117.768121460685,2119.3849543986,2120.1203136264303,2120.0805370278467,2119.291253358861,2117.71128776345,2115.2467624707133,2111.764692358047,afford
GBR,Male,IHD,glp1,104309.14854463223,1336.9213980119605,3431.653989910425,1336.9213980119605,3402.90618583835,3458.6859192012125,3490.605350374368,3516.5144241180824,3538.5896040268563,3557.4045828668604,3573.0324526504846,3585.5044105714624,3594.982492456111,3601.7715075615706,3606.260340031928,3608.848400944553,3609.885514347683,3609.6351878191417,3608.260796316463,3605.829413103376,3602.326716426185,3597.6769762232507,3591.7635159885467,3584.4466169736115,3575.577251429335,3565.006155213283,3552.5885454344243,3538.185281849292,3521.661513356536,3502.8839022855245,3481.7174356829346,3458.022663618438,3431.653989910425,afford
GBR,Male,IHD,diet,23093.274393612708,0.0,1306.8559306599418,0.0,16.078510982828448,39.38835841229593,72.76645396644744,118.70216909384908,178.23382432105427,250.11631041034707,330.9763979200434,416.4265517959211,502.347784097532,585.6545259228005,664.4436455788891,737.7826610367774,805.3966243315081,867.3925371217192,924.063021550246,975.7641716185026,1022.8483458292684,1065.6328137419623,1104.3896224046111,1139.346730238918,1170.694156342688,1198.5915005194329,1223.1749128034717,1244.5626766801288,1262.85921864368,1278.1577144580078,1290.5416310775618,1300.0855920522736,1306.8559306599418,afford
GBR,Male,IHD,combo,125899.96035355152,1336.9213980119605,4662.890207789584,1336.9213980119605,3417.6639824484737,3494.7970209678024,3557.387100745502,3625.597260922201,3702.598407245336,3787.865464783681,3878.406930487217,3970.234527695975,4059.712113314548,4144.277136066557,4222.5290830430895,4293.969962111973,4358.661574127043,4416.937448070639,4469.208441664508,4515.8531475179625,4557.169582134404,4593.36502144955,4624.566098117793,4650.837012587268,4672.198460532345,4688.643371898266,4700.147932908425,4706.677861797165,4708.190761185091,4704.635764376864,4695.951777112932,4682.06550243737,4662.890207789584,afford
GBR,Female,IHD,glp1,55479.93631138326,841.2968059210543,1883.417848284444,841.2968059210543,2040.893673332168,1989.4449659909808,1944.754447037296,1912.183809389044,1889.322512566534,1873.860937395577,1863.8255304547783,1857.6355951392543,1854.1037966190524,1852.393386366468,1851.95085486944,1852.4313057346767,1853.628851076679,1855.418965658646,1857.715401161328,1860.441308447004,1863.5125169695968,1866.8301804201544,1870.2799067420087,1873.7347887241413,1877.0602439911816,1880.1191268557668,1882.776104921388,1884.9007528788893,1886.369182654969,1887.064298015088,1886.874938617002,1885.6942751486488,1883.417848284444,afford
GBR,Female,IHD,diet,12205.481645468592,0.0,714.2197048948765,0.0,8.647756392667361,20.891609365593467,38.24125679623103,62.02018457073427,92.80712922020756,130.00205341689434,171.89371465834847,216.22635155869648,260.8644438221636,304.1978788744564,345.2305025628193,383.4791052510154,418.8152065396207,451.3218366950059,481.1883235568239,508.6420757239212,533.9087435650326,557.1917657147496,578.6641699476968,598.4675694562939,616.7149745981224,633.495258577168,648.8779592671781,662.9176711645014,675.657663273676,687.1326085195615,697.3704674177716,706.3936600667657,714.2197048948765,afford
GBR,Female,IHD,combo,66832.20240826653,841.2968059210543,2550.910874513768,841.2968059210543,2048.8310893101298,2008.593401521776,1979.8315300825416,1969.130092049924,1974.624859611209,1993.473544337852,2022.146553027942,2056.9982806806584,2094.8760493090995,2133.451568854489,2171.239053782436,2207.4316997451715,2241.6893268330823,2273.95039467124,2304.292507541366,2332.8405532743272,2359.7128265604406,2384.9942833150053,2408.727598521408,2430.914840618887,2451.524574586925,2470.5008597119486,2487.7719050322485,2503.25712805412,2516.8720811086023,2528.5312112284555,2538.148744470782,2545.6381699896483,2550.910874513768,afford
DEU,Male,IHD,glp1,168004.6303540177,2187.6551103442616,5285.246195672487,2187.6551103442616,5643.54948320573,5772.3978513741895,5818.941821945758,5825.010225391496,5809.593900469714,5787.258444771054,5767.715772977113,5756.193920292208,5754.384431477811,5761.5363215498655,5775.446114646489,5793.237799238399,5811.916071964573,5828.721046776671,5841.328173247559,5847.9367672043445,5847.28340313473,5838.607682205533,5821.590058133137,5796.275308649783,5762.990871917995,5722.266277923132,5674.757886811509,5621.181753846191,5562.256427158369,5498.6566950657725,5430.978649903991,5359.715886717822,5285.246195672487,afford
DEU,Male,IHD,diet,29693.747396648658,0.0,1549.4778130007762,0.0,23.854308673922787,58.35204178313143,107.228511982481,173.30992564788903,257.2037576974544,356.47291291817965,466.1468235503708,580.3306776046084,693.7978583858348,802.7805961003032,904.9870043959672,999.2471466648568,1085.113246928624,1162.552948541066,1231.7545902802522,1293.0183919456613,1346.7016851899098,1393.193716689566,1432.904411448224,1466.2582938300911,1493.6892084426363,1515.6341239361354,1532.5257504934707,1544.7844112849998,1552.809878875516,1556.973907253705,1557.614075072328,1555.0293780306963,1549.4778130007762,afford
DEU,Male,IHD,combo,196026.65875998235,2187.6551103442616,6760.939926434643,2187.6551103442616,5665.545875540629,5826.177265041086,5917.933580350829,5985.316933486829,6047.947880760039,6118.194057146407,6201.195007200367,6296.71352647696,6401.5643754188495,6511.455102127176,6622.005071927924,6729.205101602594,6829.602742224684,6920.372327527832,6999.333042716244,7064.935297043936,7116.222510427135,7152.773162711106,7174.62818476111,7182.208960011427,7176.230980834705,7157.617702527728,7127.418500378262,7086.733932692034,7036.65077421318,6978.188529951978,6912.258393358556,6839.6349047438125,6760.939926434643,afford
DEU,Female,IHD,glp1,113818.49996009876,1694.5598062830686,3765.224289329897,1694.5598062830686,4249.05276042629,4169.694195546879,4083.443451796731,4004.454437927212,3933.061231630913,3870.9793520993553,3820.16225299552,3781.9130596723553,3756.54210513625,3743.3917602109286,3741.04559642922,3747.5938446816726,3760.8832740275393,3778.720168447471,3799.019133672031,3819.902292945015,3839.757756882071,3857.266679119086,3871.40701050272,3881.4404710016825,3886.887820673917,3887.496395516573,3883.203064155954,3874.095175204551,3860.3716159743926,3842.305724351711,3820.2114458074648,3794.4137876502937,3765.224289329897,afford
DEU,Female,IHD,diet,24557.64565339645,0.0,1322.1925302743766,0.0,23.06324035617581,54.39810312834743,97.99304641399068,156.35770106344717,229.46993590977212,314.27452366109355,405.5592746064649,497.7972609860881,586.7132197095343,669.8406436983059,746.252332974429,815.9865702140087,879.5308439258952,937.4846357278292,990.3871819261984,1038.6559589250828,1082.5860122068698,1122.376166587419,1158.162474115903,1190.049010379429,1218.13192683339,1242.515800382229,1263.3228638552537,1280.6963587852078,1294.799442844349,1305.811040442015,1313.9198702971044,1319.3176831662422,1322.1925302743766,afford
DEU,Female,IHD,combo,136950.58067655232,1694.5598062830686,5018.77662963068,1694.5598062830686,4270.3196975789615,4219.861700444046,4173.979276969767,4149.184711509282,4145.849635441904,4162.913685073072,4197.525610329438,4245.848807275892,4304.178411236688,4369.503222467698,4439.484574913382,4512.200319059033,4585.917836867491,4658.981187371406,4729.795545259665,4796.865197570689,4858.848467093703,4914.607394722523,4963.241800441829,5004.104742396972,5036.800380192479,5061.167114452226,5077.249565165781,5085.263029883921,5085.55382989897,5078.558559462297,5064.764776869182,5044.675160690269,5018.77662963068,afford
GLB,Male,IHD,glp1,5270274.829442725,68049.17942743935,193664.12578827143,68049.17942743935,169631.94648441207,169419.78453468625,168746.78709939774,168332.96136036236,168209.35128656775,168369.87354137562,168792.39199416712,169446.59521387797,170299.7153049996,171320.16023138724,172479.3226441713,173752.0398351606,175116.21514960378,176552.03461428173,178041.08940427192,179565.5904732095,181107.7604137948,182649.41773719527,184171.7288584998,185655.08696738072,187079.0770402076,188422.49542942364,189663.40510772448,190779.2198123904,191746.81968361512,192542.70647926908,193143.2079994688,193524.73952611163,193664.12578827143,afford
GLB,Male,IHD,diet,2775637.2184416987,0.0,168178.10645059682,0.0,1530.6753193642944,3793.231668494642,7108.671075899154,11779.550967219286,17979.023428496905,25653.75486099161,34518.075367564335,44149.83478609007,54117.407867287286,64066.32660690509,73747.85232408717,83009.23861741088,91769.69433824066,99996.30088072363,107685.16590309422,114848.37893153912,121505.64905283692,127679.24883501884,133391.12392443046,138661.3496208405,143507.38974373415,147943.81386398152,151982.26606569905,155631.56812329218,158897.89656486362,161785.0070882775,164294.49857296795,166426.1175917508,168178.10645059682,afford
GLB,Male,IHD,combo,7947442.538229606,68049.17942743935,356642.7497452423,68049.17942743935,171091.25462217722,173033.94853431452,175523.98668855336,179571.73168059252,185376.1369633507,192883.47894029503,201801.9741441924,211700.26811986323,222133.96929686423,232732.1305348333,243226.80427938327,253444.70656952728,263284.2647331096,272692.06338885333,281644.0747860782,290132.4435842419,298156.87749023177,305719.3686959902,312821.14592797216,319461.04143780284,325634.7149291728,331334.3750607064,336548.7816262767,341263.4089567512,345460.7144560525,349120.49431305286,352220.3281601723,354736.1211365126,356642.7497452423,afford
GLB,Female,IHD,glp1,4129778.730695277,53973.2629743875,162410.5894208355,53973.2629743875,132841.33188872645,130116.22558463784,127868.0152004743,126437.53174666828,125696.84244066756,125534.5255293739,125854.03902969135,126570.50714336662,127609.9665776966,128909.05240611266,130414.37167475931,132081.4574549701,133873.4434616007,135759.6510673156,137714.24668930192,139715.06685590278,141742.65008666366,143779.4713385459,145809.3489741357,147816.98393392935,149787.5919820927,151706.59813326318,153559.37377095036,155331.00854658242,157006.11888903473,158568.70173416752,160002.04551090114,161288.71064852085,162410.5894208355,afford
GLB,Female,IHD,diet,2363272.8216784485,0.0,147832.6101242341,0.0,1355.4891476011835,3303.40985819418,6119.993775316048,10058.197945626453,15257.537761512678,21666.5280371802,29042.637526211794,37036.08431933168,45296.1866721604,53540.9335681051,61577.26740226988,69290.36969879363,76622.47402718943,83552.75258733891,90082.14664607124,96223.20416945126,101993.7654859256,107413.25981288032,112500.64757407176,117273.3450506162,121746.705717355,125933.7984378012,129845.33189288528,133489.644347243,136872.72132113762,139998.2299168976,142867.57326729316,145479.97558775358,147832.6101242341,afford
GLB,Female,IHD,combo,6409841.990990251,53973.2629743875,305607.64886514284,53973.2629743875,134133.6218464449,133264.602360663,133705.24108115025,136039.01770394295,140273.3756595659,146250.47787565133,153644.71895503905,162038.7233437351,171023.79277815484,180266.20275800675,189526.39845821727,198648.17119646817,207537.4207193525,216141.7099261181,224434.50500403903,232404.30230968725,240047.60603694431,247364.59025177825,254356.5038313102,261024.14904335048,267366.9897081135,273382.60991292354,279066.35924534034,284411.0984665072,289407.0108404858,294041.47629038617,298299.02325740084,302161.3802899439,305607.64886514284,afford
CHN,Male,IschStroke,glp1,749027.2429703034,5423.028432708874,29559.67910455959,5423.028432708874,15076.826841069736,16328.1025923111,17449.389876152854,18520.83076684689,19553.69024304021,20550.088167074253,21508.151069080224,22424.76313825092,23297.03149858897,24122.79820046108,24900.58019932232,25629.2675350284,26307.80755171948,26934.996600573068,27509.41570790892,28029.4916680397,28493.638047526125,28900.424906689903,29248.733754161512,29537.86838571797,29767.60765645537,29938.199644617736,30050.30646654498,30104.91477964935,30103.229122914607,30046.564464635914,29936.25157251605,29773.564976137364,29559.67910455959,afford
CHN,Male,IschStroke,diet,867603.4166835189,0.0,49436.221997116,0.0,500.3880893635797,1241.068245409173,2326.723433969193,3856.629923310131,5887.688318449771,8401.996303113992,11304.399550442353,14453.705066032591,17704.56956692878,20936.461014301283,24063.583984981407,27032.032835444086,29812.02016312431,32389.94597433124,34762.14917772962,36930.59994376334,38900.191780204885,40677.17299984023,42268.31644609617,43680.52818292915,44920.69094366883,45995.61325013964,46912.00989541481,47676.477203677176,48295.45088357362,48775.14870365686,49121.507399355294,49340.12540715141,49436.221997116,afford
CHN,Male,IschStroke,combo,1592544.1247454968,5423.028432708874,77814.52553684171,5423.028432708874,15558.323141850417,17521.945476010907,19688.87106712605,22235.29037450638,25228.041767459945,28652.98823219328,32417.54065534624,36383.17951948289,40407.11295813136,44370.7202732109,48189.204079618445,51808.71624135669,55198.68674919405,58344.053540091496,61239.21308138687,63883.93767104694,66280.89880017738,68434.3112564634,70349.27348040696,72031.489057258,73487.1593900097,74722.9223508758,75745.77383677289,76562.95118670748,77181.7831621177,77609.52450862294,77853.1975101449,77919.46140837623,77814.52553684171,afford
CHN,Female,IschStroke,glp1,558911.0801526874,4069.075714413833,23870.15600180498,4069.075714413833,11039.135187389851,11679.12860510178,12294.523062697435,12932.27020932897,13592.879880998342,14272.128516420606,14963.389855057469,15659.19064360694,16352.323395657702,17036.432121646823,17706.16362407815,18357.04586701537,18985.2494303789,19587.34729696892,20160.138982178178,20700.56233940588,21205.68646758317,21672.76261321653,22099.304463357315,22483.171368045383,22822.63447502908,23116.413795883767,23363.681950502098,23564.03662890778,23717.448167989496,23824.19102262403,23884.76855914865,23899.83990624989,23870.15600180498,afford
CHN,Female,IschStroke,diet,668485.3916234531,0.0,40475.06982652936,0.0,358.30485979106743,882.9357786916662,1649.9302507412503,2731.9719326712657,4173.151106071484,5966.167323636706,8049.933262982522,10330.541169137929,12709.885550812003,15105.611187701812,17458.102610333124,19728.771300977794,21894.97553904855,23944.79142552044,25872.87210300984,27677.57584643294,29359.150292380946,30918.682100098464,32357.556445738184,33677.23157412454,34879.19021761115,35964.974918548134,36936.24843342218,37794.845403448446,38542.79925495642,39182.340378451394,39715.86924723629,40145.91228334722,40475.06982652936,afford
CHN,Female,IschStroke,combo,1208466.2551958873,4069.075714413833,63332.306656581466,4069.075714413833,11383.91250765085,12528.546003520896,13882.780819534324,15563.82041429315,17615.133107161033,20026.12015095126,22731.95891156944,25635.15282096248,28634.10324433958,31642.92601203709,34598.431229565875,37458.462015095865,40196.84855461423,42798.18350108166,45253.68175294262,47558.33137611626,49709.13253190229,51704.12724960444,53541.94895504392,55221.67967314005,56742.86258775194,58105.56849927246,59310.45492388692,60358.78678301931,61252.40909699828,61993.67619560973,62585.35006024677,63030.48384697933,63332.306656581466,afford
IND,Male,IschStroke,glp1,180915.5995906012,1443.2200851096711,8202.81420993508,1443.2200851096711,3848.495045452553,3999.385918195156,4152.755564162711,4315.441330695699,4483.469301665202,4654.659982387442,4827.895459311199,5002.610882768873,5178.524785027141,5355.489331621386,5533.400731247035,5712.140331363829,5891.531906609831,6071.308306781866,6251.084586301411,6430.336720557127,6608.385929154581,6784.388970622327,6957.334825473023,7126.048092786863,7289.199261414411,7445.32181080681,7592.835860540916,7730.077830058522,7855.335302583873,7966.886026617372,8063.039755835081,8142.181445514201,8202.81420993508,afford
IND,Male,IschStroke,diet,185492.3624045245,0.0,11896.946627007506,0.0,101.72523843005185,250.6225499072461,469.28686695563374,778.0861101952032,1187.482650591759,1691.625031868636,2268.8498035873054,2889.443765249918,3525.018493995536,4154.22478850442,4763.921212572837,5347.674493652303,5903.537253771967,6432.121201367525,6935.244299744431,7415.090940339956,7873.736296334711,8312.900756455027,8733.839760763454,9137.30971013679,9523.575484658531,9892.440689471725,10243.290816803754,10575.144465698104,10886.71026307228,11176.448234939016,11442.63472036936,11683.429878079563,11896.946627007506,afford
IND,Male,IschStroke,combo,363119.2574089205,1443.2200851096711,19909.933751125413,1443.2200851096711,3947.809352208336,4244.077079619048,4611.148139642843,5075.809340371343,5644.4113800034975,6309.182829042315,7047.941473490559,7831.12938001065,8630.692434773955,9425.534643394463,10202.602421563934,10955.38633464917,11681.72068390646,12381.871135750143,13057.184067883589,13709.24063032365,14339.372051667538,14948.406320094364,15536.554326539745,16103.377747540944,16647.80500424333,17168.17666371487,17662.310309592576,18127.57952637592,18561.003847142856,18959.34735335782,19319.22373058059,19637.20536520088,19909.933751125413,afford
IND,Female,IschStroke,glp1,163340.81770179316,1590.6493410314142,7173.459015845205,1590.6493410314142,4215.096355010464,4064.4028469767945,4068.393789996975,4129.409954503062,4220.998243607988,4330.300091564655,4450.855608385988,4579.056097843277,4712.702521776082,4850.356253118545,4991.018660620495,5133.955642074172,5278.5860408229055,5424.400591115234,5570.897869931883,5717.532169920742,5863.671649443568,6008.566472850507,6151.327129238052,6290.91319304629,6426.13264765928,6555.651608436718,6678.013900794031,6791.669518328388,6895.010556205409,6986.412836405449,7064.281157046906,7127.0959381926805,7173.459015845205,afford
IND,Female,IschStroke,diet,218535.5787989561,0.0,13273.3859947233,0.0,190.77113521107825,424.8966695070267,753.0373988085194,1201.550985863607,1777.295540889609,2460.7048412857694,3211.480599700357,3983.801749887003,4740.434768284205,5458.540393493604,6128.282144271361,6748.591097077297,7323.131211524596,7857.498754012922,8357.597595428408,8828.823592067813,9275.722038050471,9701.891859752475,10110.005125762022,10501.873099766031,10878.526468871452,11240.29678725812,11586.895671301463,11917.492351893568,12230.791435561376,12525.112592504942,12798.473159431363,13048.67373676633,13273.3859947233,afford
IND,Female,IschStroke,combo,378698.780460989,1590.6493410314142,20277.00224817696,1590.6493410314142,4401.346132694976,4479.9875023935165,4805.62643278559,5306.585031979135,5963.310746115516,6744.004373808682,7602.852522094327,8491.318108778505,9370.547529520642,10216.492007825116,11018.296717858231,11774.011842691749,12486.533661479829,13160.770523368614,13801.974194941518,14414.877198283852,15003.306687710574,15570.052648025448,16116.861201087886,16644.485282026813,17152.760623670067,17640.6938749532,18106.55872627831,18547.9995578556,18962.14297343057,19345.71710486408,19695.17758931685,20006.83807594143,20277.00224817696,afford
BRA,Male,IschStroke,glp1,104544.4427988528,834.3803950573565,4572.953289184894,834.3803950573565,2186.0413515222244,2291.320739043571,2392.995337480643,2498.683342517448,2607.670573341988,2719.001478167491,2831.7020628304163,2944.841229552767,3057.572470545587,3169.1573147675663,3278.972829651211,3386.506925023022,3491.3453291062688,3593.153578818885,3691.6566489679753,3786.618172208313,3877.8206592459455,3965.047721674149,4048.068999729803,4126.628269574838,4200.435020941775,4269.159637295961,4332.4321670294885,4389.844542009741,4440.955979374834,4485.3011960773,4522.400976256453,4551.77456185488,4572.953289184894,afford
BRA,Male,IschStroke,diet,34717.92147566725,0.0,2194.308884296028,0.0,16.156850144208875,40.78592496937927,77.58210118602437,130.17745218806522,200.9066259929532,289.6635186503627,393.70701277667104,508.5942380692504,629.5314999433904,752.3653947293787,873.9793912771929,992.2691797329244,1105.9383021235262,1214.267463983735,1316.921054872757,1413.8041329275438,1504.963317691043,1590.5204508394818,1670.6290372329386,1745.4460265667876,1815.113856214506,1879.749448964576,1939.43806692402,1994.2306965285527,2044.144111795962,2089.1630375813693,2129.2439854771364,2164.3204119874863,2194.308884296028,afford
BRA,Male,IschStroke,combo,137045.55614968063,834.3803950573565,6640.027435468408,834.3803950573565,2200.9397373796164,2328.8663456655777,2464.4461265469654,2618.670549455892,2793.01957409655,2986.494787622447,3195.65164568794,3415.506522843585,3640.814018068704,3867.002821924063,4090.553875001926,4308.980190018505,4520.631967122252,4724.4706671508175,4919.873237415872,5106.481070794929,5284.089508817131,5452.568972800138,5611.809461205165,5761.682186035716,5902.014053848965,6032.572135110677,6153.056212297612,6263.098064546415,6362.266453334567,6450.076915303958,6526.005514465665,6589.5057045932335,6640.027435468408,afford
BRA,Female,IschStroke,glp1,94472.06314307071,800.3623897230937,4332.515161911084,800.3623897230937,2061.1830140418315,2104.75723061838,2158.1000798847526,2224.5503207487345,2300.928021965825,2384.8423523888923,2474.503745962109,2568.504704757106,2665.683395107088,2765.045107960461,2865.7199292177247,2966.941151236518,3068.03413106261,3168.409174573673,3267.5547613915696,3365.0292835431537,3460.450690141741,3553.484195958197,3643.828657583377,3731.202441803791,3815.3296745279513,3895.92771453048,3972.696581322453,4045.3109085282777,4113.414814439064,4176.619895877069,4234.506372032309,4286.627240231406,4332.515161911084,afford
BRA,Female,IschStroke,diet,33892.61663432407,0.0,2186.7655718932365,0.0,17.904307118122233,43.82172458949208,81.60894860038388,134.9116397802718,205.8906682792949,294.0880333810637,396.3479959651813,507.9313580567468,623.9981033848599,740.6123601971703,855.0605057503853,965.7201163791252,1071.7676588514878,1172.89414845399,1269.089084554973,1360.4962015520068,1447.325011041867,1529.8000131264707,1608.1331894380128,1682.5099290209473,1753.0822389852983,1819.9656905622835,1883.238226241112,1942.9399626237864,1999.073687679964,2051.606032718657,2100.469409701167,2145.564816396713,2186.7655718932365,afford
BRA,Female,IschStroke,combo,126293.282382133,800.3623897230937,6397.13449440962,800.3623897230937,2077.692746667592,2145.1342210189323,2233.3747230009467,2349.1420066665232,2491.2971444103896,2657.087518807632,2841.869129299812,3039.89709824077,3245.5478642930902,3454.1706817917584,3662.348880875419,3867.768275457696,4068.9444135605954,4264.957692953714,4455.249068956808,4639.478850094463,4817.434035018072,4988.968163956721,5153.961299283961,5312.291996492604,5463.816515393773,5608.352832779434,5745.668433573155,5875.471629736407,5997.406502033962,6111.051640652469,6215.922788823955,6311.479344159627,6397.13449440962,afford
CAN,Male,IschStroke,glp1,12917.925712229711,108.62040353953309,521.4286284747832,108.62040353953309,282.6452757910629,295.9725511117549,309.11414479408904,322.9633970761779,337.3256771246652,351.98089465864905,366.7168641659591,381.3379707442191,395.66905227912775,409.5563953163619,422.8674001545551,435.4899659654857,447.3320735639154,458.32161471041945,468.40628376656696,477.553277693778,485.7485856101802,492.99573518534,499.3139607309731,504.7358434376338,509.3045369578467,513.070729091979,516.0895051939533,518.4172757530287,520.1089145648784,521.2152296532076,521.7808604577822,521.8426646618045,521.4286284747832,afford
CAN,Male,IschStroke,diet,2565.28398336739,0.0,156.3129430997742,0.0,1.2241696240298552,3.099388289086164,5.90977704886518,9.939128157006053,15.370920588803529,22.195405725704404,30.19285820777713,39.00804975674328,48.25868115055528,57.61445992136032,66.8277991281766,75.73064720143066,84.21745636056039,92.22682644883844,99.72680103906896,106.70460544599156,113.16001855953618,119.1012617720844,124.54245692102722,129.5019791396935,134.0012747622768,138.0638959974931,141.7146266175605,144.97864968347494,147.8807526547189,150.44458777352884,152.692014168264,154.6425481239603,156.3129430997742,afford
CAN,Male,IschStroke,combo,15307.939383329438,108.62040353953309,667.5768064723061,108.62040353953309,283.77611899933345,298.83023284631963,314.5642030921308,332.1344278404222,351.51775120191905,372.4879536419321,394.632914953444,417.4311413216647,440.3552165069259,462.94582428348986,484.8401455042813,505.7687871830949,525.5400157178037,544.0228718409135,561.133601999798,576.8259229758005,591.0841903404489,603.9183302715846,615.3596370306332,625.4568698772428,634.2723674101308,641.8781005603823,648.3517127645409,653.7726635549752,658.2186169769466,661.7622131758008,664.4683410949074,666.392000350731,667.5768064723061,afford
CAN,Female,IschStroke,glp1,16437.293056235972,157.79508377430193,682.468545149055,157.79508377430193,390.8944091112908,386.79957340316014,391.9605591568488,402.6795907959922,416.6196399915516,432.5654156572036,449.7787462188117,467.74151288790017,486.0520481788262,504.3803146005721,522.4470912125871,540.0140159962302,556.8790279407622,572.8745432596788,587.8668151316961,601.7554856132174,614.4727064302951,625.9814874082476,636.2731516672393,645.3639401925866,653.2909188485846,660.1074050656098,665.8781581163676,670.6745754596195,674.5701167038296,677.6361435726303,679.9383244897126,681.5337102015637,682.468545149055,afford
CAN,Female,IschStroke,diet,4104.438506284989,0.0,244.71326388249508,0.0,2.716223595270094,6.36487495026995,11.520195061285447,18.67355009909261,28.08946485929846,39.67032184274831,52.961879661996136,67.3142603351389,82.08203919351763,96.75150647325609,110.97378306536484,124.54081723503076,137.34404296360844,149.33721499979583,160.50992522073284,170.8711384597791,180.43998612890027,189.2411256965752,197.3026601690708,204.6553046687513,211.3320184899021,217.36768373784253,222.79864248522065,227.6620425462133,231.995018503756,235.83377161610224,239.21262467130143,242.16312567267232,244.71326388249508,afford
CAN,Female,IschStroke,combo,20292.12701986204,157.79508377430193,913.3380376656278,157.79508377430193,393.4035573082056,392.68008825098514,402.618627558656,419.9772194284615,442.668944344965,469.3953431723339,499.0041546203293,530.3787833989336,562.5190024336371,594.61475361466,626.0575969573583,656.4099795318616,685.363300165116,712.702060047046,738.2787565546987,761.9980866583282,783.8073893470955,803.6905496615891,821.6634081153206,837.7695058121371,852.0755895891762,864.6666988986635,875.6408968042142,885.1038354337634,893.163397972141,899.9246620438953,905.4854024748674,909.9323082236696,913.3380376656278,afford
TUR,Male,IschStroke,glp1,40338.267267755145,385.8994614213716,1725.938010577207,385.8994614213716,1031.232911477653,958.626042288588,970.2636037712036,992.5284833334644,1024.4955388055605,1060.9074837617954,1099.787602550754,1139.7700996474268,1180.028133095082,1220.0296968077892,1259.4435212407334,1298.0668160340792,1335.7766423241264,1372.4943345850006,1408.1598003350991,1442.7131031686586,1476.0816911769325,1508.172060124998,1538.864948120503,1568.013363930826,1595.442904207317,1620.9539307153318,1644.3252645168905,1665.3191123148715,1683.6869733173844,1699.1762872251093,1711.5375814243707,1720.5318654550138,1725.938010577207,afford
TUR,Male,IschStroke,diet,8737.746298024462,0.0,508.7708624136831,0.0,9.834393869517951,19.42469469686512,33.11470712388109,51.6326042071305,75.3113623337631,103.2831767840944,133.88087312019343,165.24721510582822,195.8989313953425,224.93096489887105,251.94383700000617,276.87264342425624,299.83250754392793,321.0141764946711,340.6242884361964,358.85537996886706,375.87299393314606,391.8116905149036,406.77530430891056,420.8390254759797,434.0521435293231,446.4409509946745,458.0116254948916,468.75305198369824,478.6396004152266,487.6338848087471,495.6895212318341,502.75388651603134,508.7708624136831,afford
TUR,Male,IschStroke,combo,48558.3684970609,385.8994614213716,2207.6541355102163,385.8994614213716,1040.1338838258162,976.4550839065668,1000.7137367603464,1040.1241323024788,1094.056507122219,1156.498903966174,1223.952390976399,1293.3333552494987,1362.4225970944426,1429.8226773480928,1494.8056657987545,1557.0871404587306,1616.635323475537,1673.5380283991,1727.9203919147294,1779.8975193882509,1829.548852375716,1876.9054517726,1921.944931363938,1964.591051715456,2004.716315417645,2042.146641653704,2076.667590123583,2108.0318013819087,2135.9674076556657,2160.1871932177346,2180.398274966912,2196.312050497316,2207.6541355102163,afford
TUR,Female,IschStroke,glp1,44775.32289058712,497.27693647678825,1964.3248288554605,497.27693647678825,1305.238264446656,1119.0557437041098,1100.1676062022416,1107.7665344391353,1130.7502604874137,1161.880653633667,1197.8269791888051,1236.6783138952742,1277.2550768226974,1318.7923301052324,1360.7823779630198,1402.8824925541958,1444.8554617588088,1486.5287926799938,1527.7656538016054,1568.4437941738142,1608.440242562443,1647.620418410468,1685.830746961699,1722.8941404154684,1758.6078757897194,1792.743512480185,1825.0485680946515,1855.249718274252,1883.057309178708,1908.1709742649327,1930.28613529748,1949.101147668196,1964.3248288554605,afford
TUR,Female,IschStroke,diet,11094.298968423996,0.0,647.9061570597987,0.0,15.5928537542095,29.33329328228865,48.58549797224259,74.33703871215039,106.58440706194231,143.718795102086,183.158666306339,222.36684184248224,259.59104158859554,294.00235702468854,325.4532939246528,354.16750427506486,380.51208326242704,404.8699772853252,427.58256075029567,448.9310250049675,469.1358563217728,488.36317307833815,506.7326252399871,524.3247218091419,541.1869649181681,557.3388147871301,572.7757351355758,587.4726061974288,601.3867554725948,614.4607966576295,626.6254067252521,637.8021178714189,647.9061570597987,afford
TUR,Female,IschStroke,combo,55281.80427819822,497.27693647678825,2581.5620977309227,497.27693647678825,1319.3511382990437,1146.0879093596595,1145.0744977020695,1176.665562218648,1229.7805536429478,1295.7443923625833,1368.8474074498772,1444.7972170939174,1520.7347442636928,1595.071518267072,1667.122242548241,1736.7267862984918,1803.975851374664,1869.0473932980967,1932.1209343258745,1993.33708002956,2052.7804848957385,2110.474138190413,2166.378911690197,2220.395610349464,2272.368402598586,2322.089254918421,2369.3033002127777,2413.7151622722304,2454.996252896832,2492.793008691013,2526.735968114212,2556.4495206261927,2581.5620977309227,afford
ZAF,Male,IschStroke,glp1,16108.449556229169,112.17319225991832,749.456687819038,112.17319225991832,306.6509595572579,327.75234879435993,347.0463496153116,365.9676613763968,384.6583575481564,403.1578108805152,421.4654079141437,439.5662159897584,457.4468124930463,475.1037555269795,492.5461826331157,509.7940634717106,526.8736121256334,543.8111939519367,560.6268060256953,577.3279377920098,593.9043700020211,610.3242613676885,626.531705325524,642.4458092585483,657.9612492524611,672.9501791948096,687.2653191396457,700.7440108544979,713.213005727066,724.4937397399372,734.4078504218487,742.7827001701371,749.456687819038,afford
ZAF,Male,IschStroke,diet,474.7751669011823,0.0,30.01924380429409,0.0,0.2484328262653434,0.615813810479267,1.15851877770001,1.929930552669248,2.961522819248785,4.245606480108108,5.733639452500938,7.35264203470615,9.027673324086209,10.697535083891124,12.320186182221732,13.871167477102064,15.339294436264026,16.722218456152405,18.02285977280189,19.24685411626524,20.40083915121977,21.49135261841002,22.5241515343696,23.503815855568973,24.43354545629336,25.315091376265627,26.1487830365877,26.933625775101973,27.667450453780475,28.34710109559456,28.968648883444985,29.527622257788607,30.01924380429409,afford
ZAF,Male,IschStroke,combo,16562.610610307445,112.17319225991832,778.3083120272931,112.17319225991832,306.8850720888686,328.3323537760807,348.13839944293704,367.7886076414161,387.4553588046346,407.17156401503416,426.89157276181504,446.5320866881375,466.0090605804835,485.2610113108094,504.2568479383608,522.9927810885711,541.4837848154402,559.7533870102234,577.8238198499803,595.7074821720998,613.4001174522164,630.8758484499958,648.0840753737139,664.948163656909,681.3657899808295,697.2107705691778,712.3361610881911,726.5783921820766,739.7621887609275,751.7060145435426,762.2277857108602,771.1506082669002,778.3083120272931,afford
ZAF,Female,IschStroke,glp1,22852.32684881005,171.32770149769203,1040.1153743347131,171.32770149769203,503.6862346828275,522.8845007645959,538.4639289218285,555.2773193071716,573.8466450180968,593.9705248564405,615.2407736659297,637.2296132226802,659.5654507646614,681.9576683649211,704.198229676258,726.1534511260652,747.7519040232182,768.9709412143384,789.822906602978,810.3415840124399,830.5693053581017,850.5451103420783,870.294330421304,889.8199277160784,909.0958515197526,928.0625871709526,946.624972476573,964.652253616794,981.9802526431412,998.4154283985772,1013.740536944544,1027.7215401452995,1040.1153743347131,afford
ZAF,Female,IschStroke,diet,800.2201923775283,0.0,48.617173116064805,0.0,0.6605280422500073,1.4813969665356126,2.617150288873745,4.174911635622266,6.196927497980141,8.63666045512582,11.368751266927577,14.234320337513054,17.09031644442075,19.83633720110447,22.41698140683002,24.811415861280693,27.020678060023783,29.05757485756476,30.94006629070645,32.68742809446849,34.31822045014633,35.84929509590438,37.29534563331981,38.668718956232624,39.97934391781382,41.23471376262387,42.43990150855461,43.59760750696296,44.708245708770846,45.77007570931528,46.779384935030976,47.73072136956034,48.617173116064805,afford
ZAF,Female,IschStroke,combo,23623.476477760105,171.32770149769203,1087.1807994297487,171.32770149769203,504.3086882228763,524.2839641322516,540.941791622834,559.2367185199619,579.7323353154243,602.1851396518177,626.0696560632277,650.8078904410031,675.8917642333108,700.9337450493695,725.6712620092185,749.9490192015801,773.695067749075,796.8977958152464,819.5858211081431,841.8107308978797,863.6321964272865,885.1051355975615,906.2688276190928,927.1380400697636,947.6962915036491,967.8913618190708,987.6331043592654,1006.79353020286,1025.2090427078583,1042.6846109059115,1058.9995921705486,1073.914853416576,1087.1807994297487,afford
MEX,Male,IschStroke,glp1,33581.86652788115,229.8147931101176,1611.00100429721,229.8147931101176,607.372180668217,646.4544215270744,684.3410855806342,723.0835176035489,762.5455677708978,802.5851726022956,843.0830237425143,883.932059553912,925.0299339719804,966.2745386970146,1007.5615541087482,1048.7831727300963,1089.82742410014,1130.5777721940758,1170.9128212875148,1210.7060618686282,1249.8256359168008,1288.1341212935586,1325.488343745219,1361.739231712556,1396.7317381563953,1430.3048654500053,1462.2918421764807,1492.5205114462003,1520.8139961402776,1546.9917050270233,1570.8707338645763,1592.267697537438,1611.00100429721,afford
MEX,Male,IschStroke,diet,4874.459400163845,0.0,331.9627736372495,0.0,2.0271546859821683,5.134945353967851,9.796327565500178,16.480758191422865,25.49866794884838,36.857700060627394,50.238835260212,65.11408196549746,80.91509214524922,97.15460041238111,113.47226864628465,129.6281283861299,145.47476525376078,160.92761157297537,175.94103595335764,190.49150433404063,204.56664334533707,218.15854763132305,231.25989989114527,243.86185715573083,255.9530007928588,267.51890478183486,278.54205353148427,289.001956181608,298.8753771614538,308.1366466750005,316.7580394592587,324.7102221833229,331.9627736372495,afford
MEX,Male,IschStroke,combo,38079.080040285386,229.8147931101176,1918.7778438306632,229.8147931101176,609.2217212181913,651.1286152941902,693.2598796156144,738.0970737506032,785.7911978464253,836.2128973499457,888.9581412957377,943.443388267584,999.0506820011342,1055.233751540496,1111.5579249727052,1167.6936574750216,1223.3911675102229,1278.4533982865323,1332.7141686989926,1386.0226676944385,1438.233263585338,1489.199158238349,1538.768615905141,1586.7828421149716,1633.0749030911356,1677.4693179846472,1719.7821278939955,1759.821360916816,1797.3878844437495,1832.276674606048,1864.278545746296,1893.1823760002844,1918.7778438306632,afford
MEX,Female,IschStroke,glp1,34690.31803045944,248.7951571827052,1746.357138098192,248.7951571827052,644.8187082720378,668.534946212234,695.1047290369934,725.7839458479793,759.7011108720726,796.190128393393,834.7675423085348,875.0725923168375,916.8210392782512,959.7733725295312,1003.7146236948284,1048.4425406453447,1093.761289649996,1139.4785225398336,1185.4042906813847,1231.3508081685322,1277.1324484330871,1322.565622724589,1367.4683664992845,1411.659578941988,1454.957942734869,1497.1806092335792,1538.1417755387663,1577.651307323089,1615.5135750483023,1651.5266709371972,1685.4821596285365,1717.1654876874743,1746.357138098192,afford
MEX,Female,IschStroke,diet,5423.803578027797,0.0,377.106825663519,0.0,2.4980135445275664,6.171050165137785,11.55859517432873,19.18594530502196,29.38220781376185,42.11833394979476,56.99186744294639,73.37816389365253,90.63396173202636,108.23567344889489,125.82296608243269,143.18033884225588,160.19653544833636,176.8252534060266,193.055522478262,208.89223592810595,224.3445842234578,239.419833449254,254.1203991159164,268.44279276356974,282.37753514217184,295.9094980512273,309.01838063521063,321.6791793605408,333.8626032271568,345.53543811578857,356.66089075459604,367.198952869876,377.106825663519,afford
MEX,Female,IschStroke,combo,39713.08147413106,248.7951571827052,2097.236372619165,248.7951571827052,647.0978522253499,674.1569961762361,705.6431895547394,743.2945565301907,786.5456524258534,834.7116110148781,886.9493904493738,942.3334140268436,999.9938298194302,1059.2111551686085,1119.437083119694,1180.267210193957,1241.3987164249993,1302.5921418655853,1363.643476894751,1424.366149039528,1484.5803502023157,1544.1070911515562,1602.7649778892592,1660.3683732163554,1716.7261471590537,1771.640607810168,1824.9064655247385,1876.3098505632188,1925.6275030743927,1972.62630294705,2017.063318045908,2058.686531815154,2097.236372619165,afford
AUS,Male,IschStroke,glp1,8518.99723034211,63.57168289671608,372.206940424463,63.57168289671608,167.28418201511568,177.02779725511027,187.2637816344645,198.165875618422,209.4070263623521,220.72553069736523,231.9176768932693,242.8295706577505,253.3512998886668,263.41068081434787,272.9662986071544,282.00047276873283,290.5128246361419,298.51486544601084,306.0257395378658,313.0690520554581,319.67059891321514,325.8567793612765,331.6534815964387,337.0852669322885,342.1747223397215,346.94189518878375,351.4037627547896,355.5737203388462,359.4610951622808,363.0707088390209,366.4025199315975,369.45138077444335,372.206940424463,afford
AUS,Male,IschStroke,diet,1376.0251365088325,0.0,85.24799742456617,0.0,0.7143029971043688,1.7825211020817733,3.372097047727948,5.6452696389596895,8.700409658687477,12.517553961691648,16.95104231661344,21.778304781093084,26.76865639672588,31.732274288629924,36.537638478942426,41.107087668913664,45.40362897468913,49.41726030485643,53.154095861899805,56.628805781610026,59.85980426940205,62.86640220486333,65.66724480602534,68.27953428715318,70.71870026119996,72.99830413234213,75.1300498083292,77.1238301303847,78.9877748346853,80.72828819071765,82.35007739282628,83.8561795061105,85.24799742456617,afford
AUS,Male,IschStroke,combo,9795.883564403352,63.57168289671608,451.5919752647542,63.57168289671608,167.93993800538692,178.6614568135942,190.35576261489769,203.3462276076484,217.39756401419027,232.23172646848292,247.5132048871801,262.884962807811,278.02539102534683,292.68710198286726,306.70635257668573,319.99234229585727,332.5089806353435,344.25709103068584,355.2602333649802,365.5545847492968,375.18221168044784,384.18681701537935,392.6111411994707,400.4953899316415,407.8762500850317,414.7862109499047,421.2530247183395,427.2992235959391,432.94166780548494,438.1911351779927,443.0519839186664,447.5219292833308,451.5919752647542,afford
AUS,Female,IschStroke,glp1,11574.964022270768,101.47032190066147,512.6075847038392,101.47032190066147,254.27866322440423,252.25950323274537,257.96902622117614,267.8263724079643,279.8747415103653,293.13013485054125,307.01010224532365,321.123831837278,335.19277611481,349.01578814836466,362.44968742325,375.3958676834163,387.7900409901031,399.5941741569968,410.7901826359012,421.3750473586506,431.3570404378997,440.75277133287,449.584806785404,457.8796685607758,465.666065151092,472.9732622788652,479.8295398195796,486.2607185408715,492.2887683464624,497.9305303074125,503.1965976601987,508.0904064035458,512.6075847038392,afford
AUS,Female,IschStroke,diet,2376.721006994044,0.0,141.67490956708025,0.0,1.799321282022902,4.1277455541321615,7.369337738737158,11.834293014942888,17.673242029954963,24.79346925334721,32.86937480433426,41.45669234761954,50.130185925801015,58.5684714185154,66.57262703544984,74.04539010104781,80.95908784970561,87.32732492438663,93.18481947184137,98.5747667560354,103.5416857967657,108.12779614731608,112.37147658814048,116.30685025067852,119.96391037660032,123.36884927911252,126.54441018430408,129.5101771383197,132.2827742806876,134.87597742399885,137.30075750971628,139.56528294344935,141.67490956708025,afford
AUS,Female,IschStroke,combo,13802.450582038964,101.47032190066147,645.9812565023967,101.47032190066147,255.93050524927776,256.0528603533039,264.7547726287394,278.7414836021617,296.1989620049635,316.0632353283454,337.45639984203444,359.5799112527593,381.7614628005768,403.4991524461384,424.4607013504292,444.4521838081218,463.3789706116613,481.21184273579365,497.9620707897493,513.6647153230178,528.3680521685837,542.1270866205832,554.9995951360661,567.0436211282004,578.3157366333389,588.8696566870258,598.754980786347,608.0159606207626,616.6902745667667,624.8078404627695,632.389727494543,639.4472412038449,645.9812565023967,afford
NZL,Male,IschStroke,glp1,2227.1412674821536,19.333573507074,93.26515724952878,19.333573507074,49.75239867040671,51.17027372074358,53.00291290778887,55.206811061738,57.61643647912001,60.11431837230384,62.620971399925,65.0842237467051,67.47100034278424,69.76122291511479,71.94342284663276,74.01169101561413,75.96363566346804,77.79907232153573,79.51922233881623,81.12624505183953,82.6229713537989,84.01274272633441,85.29928981049852,86.48660884441006,87.57881347055559,88.57995418921018,89.49380868662843,90.32365387410164,91.0720351381699,91.74055039188464,92.3296664052973,92.83858298012456,93.26515724952878,afford
NZL,Male,IschStroke,diet,423.7395139123728,0.0,25.21628399593056,0.0,0.2536175836420398,0.6250176941828158,1.1675463161535615,1.9312874365841708,2.9429577670263143,4.18920351592385,5.616590596753895,7.149617715627073,8.713664699222818,10.24999579034352,11.719967191195336,13.102381267254486,14.388533706264298,15.577560744657376,16.67297430255826,17.680395257379587,18.606203391412464,19.45680052276657,20.238248367285,20.95611743520226,21.61544343924401,22.22073006645519,22.77596479501176,23.28463188857245,23.749717194883942,24.17370534152701,24.558572978136908,24.905782911175265,25.21628399593056,afford
NZL,Male,IschStroke,combo,2620.4033206203503,19.333573507074,116.77967952475684,19.333573507074,49.98410383495536,51.7406305939212,54.06937269992829,56.972927306589895,60.3108292820682,63.95422041656059,67.77549000312547,71.65379836229909,75.48772747230873,79.20297679440819,82.75200184436721,86.10871866857178,89.26204975295582,92.21041554668614,94.95777747079752,97.51108628415976,99.87876038028116,102.06982883814408,104.09345919501902,105.9586798999569,107.67418024755102,109.24812353294236,110.68794541310808,112.00013307700216,113.18999522410876,114.26144055310624,115.21678529165229,116.05660960194405,116.77967952475684,afford
NZL,Female,IschStroke,glp1,2583.9884225172123,28.910166395689203,107.2545701061688,28.910166395689203,69.56556867397853,66.22553160406505,65.40536394372066,66.10129259365158,67.64250132431994,69.65465183891115,71.92119452026009,74.31293867717977,76.75065223977049,79.1841392051956,81.58021244985684,83.91574908843245,86.17374212372829,88.3411323018795,90.40768163468738,92.36543036296916,94.20845180179208,95.9327293721467,97.53605155353648,99.01786764535382,100.37907869039964,101.62175899972294,102.74881770234492,103.76361863314264,104.66958189921752,105.46979242105544,106.16664020096596,106.76151451306964,107.2545701061688,afford
NZL,Female,IschStroke,diet,592.8018735224994,0.0,33.95652257660163,0.0,0.47650421698836,1.10703261518006,1.9844973652723183,3.1858278382796925,4.743550430925325,6.623436494473936,8.730173777587424,10.940877588044486,13.142906880742885,15.255424558915593,17.232306793371208,19.05469802873836,20.721238007059355,22.23997797279617,23.62295682706781,24.883053724926867,26.032410100433708,27.08180234868155,28.04052950536675,28.916542355895444,29.71665600095957,30.446762339507583,31.11200395778701,31.71689684427952,32.265403501302444,32.76096512001595,33.20650442660212,33.60441132469623,33.95652257660163,afford
NZL,Female,IschStroke,combo,3138.6919932295605,28.910166395689203,139.20865850807854,28.910166395689203,70.00090318990578,67.23790709094715,67.22416795929439,69.02669069366493,72.00570314960623,75.75707966829987,79.97812754162442,84.42728948917784,88.92127954300895,93.33424256598757,97.58887483404489,101.64304249473685,105.47708050591064,109.0842680462522,112.46469581206496,115.62176853303548,118.5604406614584,121.28645673526376,123.80609687642936,126.12611857313618,128.25372142407855,130.19645055083015,131.9620100459092,133.55799109995473,134.99153805951687,136.26898464554029,137.39549512113194,138.37474341498114,139.20865850807854,afford
ROU,Male,IschStroke,glp1,20949.463226718137,285.1600718605514,659.1342648447571,285.1600718605514,750.3087036656307,716.100275658684,704.8362251184408,702.6659127039347,705.646264582274,710.7674742492345,716.1908431433058,720.8838442246324,724.399658477163,726.6768466376161,727.8725116620626,728.235584895534,728.020175738613,727.4338365932745,726.6131688408168,725.6188197039955,724.4427560045224,723.0221030493485,721.2553687340696,719.0182790373801,716.1776079423908,712.6022562285507,708.1714350004186,702.7801829218806,696.342641900279,688.7935845385073,680.0886718646761,670.2038568955941,659.1342648447571,afford
ROU,Male,IschStroke,diet,15250.344256758148,0.0,711.1185833309646,0.0,19.349208634595925,42.711743042653325,74.53783047796242,116.93160095525492,170.1702445891151,232.04981914977907,298.43567501164944,364.6695324716311,426.9120917112996,482.7592058529845,531.1813495394053,572.1472141519189,606.2157896384015,634.2190797206458,657.0544629052602,675.5657679976866,690.4853185392458,702.4140254686426,711.8233997486859,719.0689961712524,724.4087937643853,728.0226616255022,730.0307543989438,730.5097506229249,729.5065097735132,727.0491221403754,723.1555506402219,717.840174683246,711.1185833309646,afford
ROU,Male,IschStroke,combo,35546.632449082346,285.1600718605514,1345.892112824693,285.1600718605514,768.2345259351314,755.8819216318934,774.4708109643725,812.1677137048919,865.3369390990993,928.9685573955812,997.38917290278,1065.19623905755,1128.2968915901783,1184.3033892685453,1232.330567883946,1272.5310999743378,1305.6332712128897,1332.5926241767447,1354.3703997365046,1371.8132665579542,1385.6024501314023,1396.245660317927,1404.0927187099587,1409.3622662154776,1412.1717350785111,1412.5660877480295,1410.5430188586324,1406.0737106553825,1399.1190733848707,1389.6418683752308,1377.6153291434675,1363.0289546858148,1345.892112824693,afford
ROU,Female,IschStroke,glp1,23224.68964057589,374.5513852568074,725.1332235778827,374.5513852568074,1052.3808901039956,849.5183311419896,813.062592237864,797.1896067455928,792.8578819613431,792.4604553244171,793.2673270526575,793.9912191069561,794.1187471249832,793.5239818645023,792.2768156770653,790.5296409384246,788.4507226100432,786.1867608877619,783.8445259893742,781.4847614460923,779.1236223156047,776.7383422143503,774.2748711197492,771.6560059633994,768.7891116214923,765.5729439897368,761.9033728062277,757.6779876445798,752.7996799613793,747.1793477178908,740.7378840871024,733.4076020866232,725.1332235778827,afford
ROU,Female,IschStroke,diet,22715.661179819974,0.0,977.1150284719406,0.0,56.90377807343612,104.9808547397988,168.74182966993249,250.65263288529968,348.7612235376837,455.8297263791974,562.1773854510247,659.362587030435,742.4384576137963,809.985218044847,862.9430045744812,903.3740065357124,933.6234877625066,955.88282206851,972.0160319060742,983.525227001428,991.5773918062588,997.0522666443647,1000.593067263555,1002.65293867109,1003.535083723149,1003.4265270785836,1002.4261441786402,1000.5677173455296,997.8387362514112,994.1955776369578,989.575622554763,983.9068049195666,977.1150284719406,afford
ROU,Female,IschStroke,combo,45194.79003956659,374.5513852568074,1676.6638295963858,374.5513852568074,1105.098653991441,948.3110349442504,972.4585214453036,1034.6544769876054,1124.1019545081945,1226.47731786035,1329.8789938025802,1424.8883157127966,1506.1034678786857,1571.8647795041834,1622.9997591103129,1661.5411777467962,1689.8520124888455,1710.157773496234,1724.3507795750847,1733.942418497336,1740.0843794299362,1743.6163894567726,1745.120095911523,1744.9703386456276,1743.3806051143656,1740.441916237356,1736.155390268632,1730.4590928015675,1723.2498800907815,1714.4009402554875,1703.775694871867,1691.2386640794791,1676.6638295963858,afford
BGR,Male,IschStroke,glp1,10803.133389443385,169.1018371120881,298.330813510187,169.1018371120881,432.7444710417421,417.4529497709218,409.6839066649245,405.2763479618152,402.386297118921,399.9893746951348,397.5696474180204,394.9040868798493,391.93262738884187,388.67900995345553,385.2025987232228,381.56978528665786,377.837931771297,374.04742974812143,370.2190048502707,366.354326351302,362.4385643947662,358.4439346278523,354.333562447584,350.06522463450165,345.5947010310083,340.87860073715274,335.8766213869785,330.5532619241367,324.8790450122833,318.8313211343029,312.3947285909071,305.5613772751385,298.330813510187,afford
BGR,Male,IschStroke,diet,6308.220149583215,0.0,272.5805496347921,0.0,8.267914136780746,18.76357019094576,33.16504256156804,52.46091046245056,76.72175197598517,104.7750585595404,134.4944943066148,163.55911182208365,190.15941476410808,213.285782881414,232.6401458466244,248.39168145403343,260.9431298529471,270.76953371848685,278.32815877467874,284.0180766721878,288.1685399204325,291.0417187771764,292.8413637246904,293.7230226566535,293.80380878527467,293.17095650110423,291.88899449247583,290.00561672781987,287.5564182254293,284.5686757531876,281.06433827730507,277.0623681264242,272.5805496347921,afford
BGR,Male,IschStroke,combo,16845.348461713886,169.1018371120881,562.2417355567322,169.1018371120881,440.3999468671791,434.8925003451459,440.610854097411,454.3282131352244,474.292909607726,498.4159682413792,524.2099055012732,549.2715854430262,571.8153667187689,590.8766975744438,606.1946214672589,617.9622897150075,626.5940446844343,632.5648819843555,636.3205747301763,638.2377265953073,638.6133707231565,637.6696903003212,635.5651580655103,632.407392749672,628.2654493503178,623.1805945136566,617.1753014868464,610.2605211415521,602.4414183201498,593.7218010273782,584.1074637402817,573.6086409181062,562.2417355567322,afford
BGR,Female,IschStroke,glp1,11889.25181355267,216.56947498699265,332.3528034140454,216.56947498699265,527.533067050872,470.5529264082597,448.3851244332655,439.69020650131824,436.7503944338059,435.7305278692511,434.8234467430266,433.26339699602977,430.81198007088096,427.4906944137256,423.437934446858,418.8324557273736,413.8527681314572,408.6564868671285,403.3710550844808,398.0910600648622,392.8793587575092,387.77031348972014,382.7740645813119,377.88115344634025,373.0670643606754,368.2964277231531,363.52674905297135,358.7116110870975,353.8033507439959,348.7552454503184,343.52326006768817,338.0674111482549,332.3528034140454,afford
BGR,Female,IschStroke,diet,8220.905203802236,0.0,331.8162364485488,0.0,14.989798665372293,31.82268189472052,54.19084781294623,83.79342371349776,120.57873693745024,162.2960476938406,205.1603539032276,245.28752258090208,279.92962535065635,307.8764581764226,329.1689566957357,344.5769023717221,355.15121851996446,361.9450433079346,365.879931581876,367.7036490495248,367.9948577780833,367.1867316756616,365.594882962625,363.4431815530843,360.8853578135986,358.0222422493098,354.91522810838615,351.596703795678,348.0781360327619,344.3563537635964,340.41845343670684,336.24563992840194,331.8162364485488,afford
BGR,Female,IschStroke,combo,19814.595012539747,216.56947498699265,655.0140112030404,216.56947498699265,541.4125098477507,500.23508347795,499.16485762498814,518.4702754605732,550.4315582316922,589.1590013311306,629.3139601296643,666.4480267390172,697.6599045379298,721.7372933578517,738.7743676121681,749.618854503844,755.4110246383552,757.294046686895,756.2706887130134,753.1541712829676,748.5691189461613,742.974341905805,736.6920573998214,729.9363067715622,722.8377777462993,715.4644023242818,707.8380128407953,699.9476375928189,691.7600467152388,683.2280880267808,674.2972570411021,664.9108548632557,655.0140112030404,afford
ISR,Male,IschStroke,glp1,2087.1883069196565,15.65455831656118,97.94120103949716,15.65455831656118,40.810499746625965,43.03638253940994,45.23869690182778,47.546609234090624,49.93400147609839,52.37035967575605,54.82588137255493,57.273439977502335,59.69008831214956,62.05804413137412,64.36511057976725,66.60456589202965,68.77461905050131,70.87755965059762,72.91873449134243,74.90546900636309,76.8460272719376,78.74867680763191,80.6208983069589,82.46875841290603,84.29644680470756,86.10596728255337,87.89696568499471,89.66667446802853,91.40995360670512,93.1194091617058,94.78557351339056,96.3971342040868,97.94120103949716,afford
ISR,Male,IschStroke,diet,387.5186355471008,0.0,26.32277282946484,0.0,0.1708767600413239,0.4293706092556704,0.8151545480860705,1.3677518400110102,2.113446397177654,3.05288282178924,4.158520426335144,5.384159938517087,6.679260167029838,7.999743597840165,9.312582706318608,10.59583395579216,11.836621368435544,13.028710389193977,14.17038546782237,15.26281158758161,16.308841060054874,17.312168533619342,18.27674118745722,19.20635185032711,20.10436331597248,20.973527905758147,21.81587732736397,22.63266525790641,23.424350017429106,24.19060807162896,24.930371480329995,25.641884128560832,26.32277282946484,afford
ISR,Male,IschStroke,combo,2445.039772906485,15.65455831656118,122.32673876259582,15.65455831656118,40.96707706805239,43.42889625716282,45.983890718068096,48.79753369202854,51.86803853590322,55.16587479064458,58.63645617899658,62.210704486643294,65.81957212344628,69.40490285019632,72.92408953984693,76.35005494622249,79.6689170297301,82.8769585532051,85.9776857887216,88.97926260148711,91.89238205712536,94.72855613381104,97.49878085957177,100.21253042706394,102.87703522135983,105.4968011681035,108.07333076147232,110.6050097068794,113.08712735225618,115.5120037798406,117.8692012244844,120.14580197500412,122.32673876259582,afford
ISR,Female,IschStroke,glp1,2770.2656821732053,23.744128367923054,127.21443984872484,23.744128367923054,60.72702499424679,61.23403059166219,62.55320880949671,64.55581850492945,67.03535529192936,69.84892336886492,72.88381282689761,76.04478033349642,79.25148610810788,82.43901948888674,85.55846750783735,88.5765287987283,91.47410331393483,94.24413806225448,96.8890819740716,99.41825857968706,101.8453830394178,104.18636678006987,106.45748314269304,108.67391498025675,110.84866929380088,112.99182218156534,115.110046547132,117.20637222741016,119.28013085400562,121.32704366375448,123.33941787440448,125.30642481701511,127.21443984872484,afford
ISR,Female,IschStroke,diet,654.224649391505,0.0,40.86341034813381,0.0,0.4519658298091826,1.0489648903843545,1.8834388485338425,3.034664672623876,4.545353323754853,6.39947236572425,8.522338999297745,10.806081846553525,13.142442286433152,15.44470905696494,17.65456500759774,19.73918188813309,21.68480449395861,23.49043262411624,25.1628791983635,26.713298197572385,28.1548775401111,29.50134998818476,30.76604688622706,31.96130432910149,33.09809850392776,34.185832838538545,35.23222866687252,36.243288802282905,37.22331399909217,38.17495870285006,39.099316541272174,39.99602871508933,40.86341034813381,afford
ISR,Female,IschStroke,combo,3380.636384530635,23.744128367923054,165.49663532716977,23.744128367923054,61.14116907674622,62.19514677470124,64.28145110014907,67.3442970172432,71.21727809746949,75.74403599182278,80.74446054183704,86.02488871764899,91.40544122911456,96.74077916495024,101.92722682275416,106.89999786783436,111.62609767877711,116.09648099133231,120.31901189605584,124.31264710423513,128.10280992185267,131.71779326869955,135.18602032124045,138.53401295714775,141.78494172411845,144.95765012831885,148.06606126501015,151.11888796137782,154.11957985923868,157.0664526393166,159.95295573374938,162.76804498280035,165.49663532716977,afford
NGA,Male,IschStroke,glp1,15218.821603651257,123.47213654857478,758.5715862380312,123.47213654857478,314.0185863467341,317.7396703618215,322.6573187745453,329.7789415006955,338.9532810047021,350.02553982090103,362.84695880694926,377.27016930118407,393.1473598090961,410.3294904588947,428.6656336352135,448.0021489651881,468.181702727954,489.04226037929766,510.4162049604347,532.1297149612728,554.0025006595461,575.847961843865,597.4737978660414,618.6830746163978,639.2757317594005,659.0504962047489,677.8071531155801,695.3491129073373,711.486201274347,726.037589361491,738.8347732129259,749.7245062280854,758.5715862380312,afford
NGA,Male,IschStroke,diet,2517.882299083107,0.0,175.91021314814134,0.0,1.094725458220637,2.704792992095463,5.065558469763346,8.406358328338683,12.876919811616972,18.480629432066053,25.066587151806743,32.38886506053677,40.18757385967183,48.244881365288165,56.40399582190366,64.56358789708247,72.66301211594691,80.66744671738707,88.55632209694886,96.31540050011245,103.93180611900608,111.39115004344058,118.67604679409853,125.76552124013688,132.63497303368058,139.25648601802095,145.59934987245651,151.63071180808038,157.31630696722277,162.6212342069848,167.510753851966,171.9510889010853,175.91021314814134,afford
NGA,Male,IschStroke,combo,17695.306552943985,123.47213654857478,931.884587136694,123.47213654857478,315.0906028188547,320.3875570941418,327.6173048418641,338.0122526014675,351.56849644421527,368.1354997515591,387.4176714524183,409.0275046513052,432.5629944329157,457.66172631156223,484.01891621990944,511.38124712589706,539.531510582081,568.2731027605332,597.4178359612561,626.7775656823433,656.1590551328336,685.3613082235679,714.1747166245113,742.3815363138783,769.7573516575576,796.0732850279965,821.0987732367503,844.6047686487946,866.367241638407,886.1708688173821,903.8127932131248,919.106341991588,931.884587136694,afford
NGA,Female,IschStroke,glp1,15853.422631190366,119.42873702844372,830.8131963957567,119.42873702844372,300.75417815558103,300.1769569380449,304.34431113638857,312.82649594587565,324.6976508022526,339.31088805752734,356.1717504937769,374.877741465898,395.08997380742585,416.5181018964941,438.9112152431335,462.0515570297866,485.7495638895271,509.8394479743001,534.1749162103588,558.6248452088403,583.0688798175688,607.3930282898145,631.4853987184833,655.2322640039129,678.5146584034228,701.2056999589549,723.1688030705482,744.2568985701218,764.312720170492,783.1701519634153,800.6565675706806,816.596032973539,830.8131963957567,afford
NGA,Female,IschStroke,diet,2863.4936579936766,0.0,206.93477827349847,0.0,1.1237217475390937,2.749562380333373,5.163494705346238,8.644446204860287,13.391394815807873,19.445408384617625,26.67029983991233,34.8099854013999,43.577127169315645,52.719404197108815,62.04613925435842,71.42671589323436,80.77728240357101,90.04612158148666,99.20179712338722,108.22474953973142,117.1017309835588,125.82223364811216,134.37620498768956,142.7525557990739,150.93815142347012,158.917110035145,166.67032007791568,174.17514225418563,181.40529015152424,188.3308954872264,194.91876488510752,201.13282934515885,206.93477827349847,afford
NGA,Female,IschStroke,combo,18672.887934239367,119.42873702844372,1034.9005681244453,119.42873702844372,301.8545894179624,302.86935559316044,309.40215460730906,321.2969421592352,337.82376146717434,358.3772865296378,382.331016356784,409.03263009772127,437.8622499171543,468.2822917806843,499.8545868981928,532.2327261832324,565.1442175346092,598.3718278791494,631.7377404596118,665.0910191469884,698.2977612066243,731.2331909259592,763.7751507038483,795.7986951751591,827.1716890228272,857.7514307931706,887.3823810969552,915.8950789078444,943.106299357496,968.820453966844,992.8321711629688,1014.9299307381734,1034.9005681244453,afford
EGY,Male,IschStroke,glp1,66033.92864349556,720.2487821811592,2713.746959037053,720.2487821811592,1888.4389798155933,1694.4296581903982,1704.0573298815034,1716.1382020713063,1750.317442907417,1791.4162511061622,1838.5477303904368,1889.0403833185228,1941.857019702628,1996.1459173212425,2051.40560809867,2107.270257663178,2163.451933207441,2219.6696104832663,2275.6077294770366,2330.887670788456,2385.053539075692,2437.568781416412,2487.821850655004,2535.138886987996,2578.801677867661,2618.069255513088,2652.201616502244,2680.484155782564,2702.251531132257,2716.9098204777547,2723.956009925707,2722.994052517708,2713.746959037053,afford
EGY,Male,IschStroke,diet,8726.067852742268,0.0,510.71875904797344,0.0,9.584054670031035,18.603192609010875,32.06718442394049,50.531561994161166,74.33651169011864,102.514602060186,133.26758967572096,164.61998300943378,195.04292439860728,223.6614992691684,250.1542631866905,274.5497028379832,297.0498586444592,317.9149455941515,337.3996259899432,355.72252801621653,373.0544286651566,389.5160347643614,405.1803990022745,420.0774692315172,434.199590886441,447.5074322872824,459.9360927352609,471.4012638168206,481.80534279192943,491.0433936455229,499.0088410845856,505.5987767133192,510.71875904797344,afford
EGY,Male,IschStroke,combo,74238.01431822791,720.2487821811592,3198.003678191213,720.2487821811592,1897.065716004534,1711.452579133791,1733.4243232014524,1762.5406693952646,1818.7367255374736,1886.002707685384,1961.811956335652,2041.6658818170545,2123.086849265608,2204.379375889432,2284.713451008327,2363.726764808518,2441.303850607779,2517.396650688919,2591.9221647214,2664.7041044500875,2735.446512970324,2803.7274195388163,2869.006062990069,2930.639279600764,2987.9041826418324,3040.02497702487,3086.202155426923,3125.642537470325,3157.588765881541,3181.347017531829,3196.311852900348,3201.987323327223,3198.003678191213,afford
EGY,Female,IschStroke,glp1,47205.3980145705,668.3573345373516,1988.1990561116984,668.3573345373516,1559.3624031009094,1251.3385959652514,1228.8239626642717,1205.3111995858635,1212.4377084672742,1230.2015571397606,1257.271479780673,1290.0817564195895,1327.0784346895198,1367.0663009205855,1409.2742217081104,1453.128373579777,1498.1706694818822,1543.988751735651,1590.1743606606797,1636.2969277142038,1681.8896613353318,1726.444815103474,1769.4160934233005,1810.2265172638365,1848.2803613939395,1882.9779101041856,1913.7318645118576,1939.9843080026767,1961.2232272559488,1976.9977068696244,1986.9310669425104,1990.731388100765,1988.1990561116984,afford
EGY,Female,IschStroke,diet,6719.875285892009,0.0,402.1207998999598,0.0,10.472365592144342,17.400097288409597,28.25994755276406,42.679108884214656,60.82835764382253,81.82282245160604,104.30110286493436,126.9042213229004,148.68427938435343,169.17629925103392,188.27634722780203,206.08240244884647,222.775239037579,238.54832300921407,253.57301898535297,267.98435662070915,281.87736954800494,295.3083661867786,308.29829679645627,320.83693028774,332.88732384957984,344.3904085013128,355.2696365355587,365.43565960618434,374.790989938243,383.2345718738288,390.6661704215367,396.990472881138,402.1207998999598,afford
EGY,Female,IschStroke,combo,53533.93796302399,668.3573345373516,2369.861026134131,668.3573345373516,1568.7887198684912,1267.4046956687343,1254.853759411064,1244.7140559526017,1268.698877595467,1306.0395914563996,1354.1476104027934,1408.1896950243208,1465.7107837176627,1525.0621225406794,1585.3591222454706,1646.108020530919,1707.01255879394,1767.8375003461406,1828.333533823596,1888.196765047338,1947.0507323615493,2004.442345161784,2059.847028414908,2112.680173816741,2162.313010911188,2208.0914695853644,2249.35680988228,2285.4668919193573,2315.817035094828,2339.8595124367566,2357.120857219459,2367.216323122673,2369.861026134131,afford
BGD,Male,IschStroke,glp1,17820.246980104104,146.61565557733047,791.2208096729955,146.61565557733047,388.8692390189681,398.04992863177176,409.62214572001903,424.176584200588,440.9114772866124,459.0868900711648,478.0862628275863,497.42905494007937,516.7624633745727,535.8439503717673,554.5209275879242,572.7103452913507,590.379439986842,607.5283442040818,624.1749925331169,640.3425479930083,656.0493899323556,671.3015625462867,686.0874912808358,700.3747293412744,714.1084860403935,727.2116981703948,739.586422194734,751.1163400613004,761.6701804164841,771.1058592523405,779.2751414139202,786.0286201640047,791.2208096729955,afford
BGD,Male,IschStroke,diet,25197.66563454073,0.0,1582.0198185419722,0.0,14.123468495392444,34.42904080194057,64.05765389085718,105.84480027095196,161.3618352737576,230.0549237302912,309.24274423102906,395.05474100523134,483.6187331627043,571.8316984474295,657.5813013865845,739.6281501614285,817.3758851053499,890.652695959121,959.5438696286292,1024.275323985028,1085.1362897073775,1142.4290883602807,1196.4369229529038,1247.4035974499348,1295.5213108728783,1340.9241376861755,1383.6857093021315,1423.8201436571544,1461.2855705331967,1495.9897612549755,1527.797450226928,1556.5389684590918,1582.0198185419722,afford
BGD,Male,IschStroke,combo,42570.5942750492,146.61565557733047,2347.978502103615,146.61565557733047,402.6501669679019,431.6504690971851,472.1713565767568,527.5784907192683,598.6185518399616,684.0283425685047,780.588096055355,884.0448533532326,990.2620040303082,1095.9564083133373,1198.8979747882186,1297.7775013891442,1391.9650382474938,1481.2802422536624,1565.8141520759673,1645.8028554187767,1721.5417268830934,1793.3284861724387,1861.4260823433,1926.039264158986,1987.300845173042,2045.2651029102929,2099.906644101844,2151.1235991980284,2198.744310199443,2242.536834323284,2282.22065990408,2317.480058305344,2347.978502103615,afford
BGD,Female,IschStroke,glp1,18858.8396809348,221.5248383948565,893.7072762767493,221.5248383948565,467.760079700085,414.9169809628365,409.6462026070512,421.75339393628747,437.6184030625773,455.70531608432793,474.70181947036326,494.32522273661743,514.3389735822784,534.6215119620974,555.0926544760077,575.7098701561408,596.4534844383379,617.316307193425,638.2931914453584,659.3718432743044,680.5247705990405,701.7025893793252,722.8288387037828,743.7964893100725,764.466305697686,784.6671650315475,804.1983447801977,822.8336808201202,840.3273839959802,856.4212008373288,870.8525249606028,883.3630170594115,893.7072762767493,afford
BGD,Female,IschStroke,diet,32850.841896435915,0.0,2116.108697431053,0.0,26.13587056221877,56.18162218958969,98.38939361490702,156.43844933640503,232.1138648738197,323.84855216799406,427.2680031059208,536.8080506303668,647.451984017287,755.6413054337318,859.3521047818504,957.7496708133476,1050.7686304570452,1138.772826435801,1222.3235321901884,1302.035826188985,1378.4946960144807,1452.2080348731615,1523.5813444833038,1592.905042752369,1660.34933774823,1725.9640969160464,1789.682522494877,1851.328135662363,1910.624843496349,1967.209892542065,2020.649417313929,2070.456147908233,2116.108697431053,afford
BGD,Female,IschStroke,combo,51211.16469270091,221.5248383948565,2981.1751822570805,221.5248383948565,493.2620694710895,469.86634493355086,505.9532953630005,574.9770298133626,665.0759333794958,773.2142739237715,893.8171035279738,1021.1578241782044,1150.0742268528777,1276.9366273348203,1399.6568449727129,1517.3516122989968,1629.9189507709889,1737.6950441312947,1841.2161609871616,1941.0678597368608,2037.793840606675,2131.8424093351205,2223.535846914274,2313.05393783778,2400.4268582285586,2485.534989227337,2568.1144901806256,2647.7680395414063,2723.980308176113,2796.137659191867,2863.5513965786013,2925.483694554452,2981.1751822570805,afford
USA,Male,IschStroke,glp1,136932.10329768583,1181.7771672552626,5311.133658092978,1181.7771672552626,3062.1612533351363,3214.673180043763,3368.2908938474648,3529.6029303914474,3694.58872749134,3859.682712577538,4021.890626371133,4178.7383532020685,4328.230530105211,4468.811503427802,4599.326260011083,4718.981540820736,4827.30747679231,4924.119660384604,5009.4813127195375,5083.665246684031,5147.1155607755645,5200.409294941273,5244.218543813855,5279.2737077892525,5306.3286571788485,5326.128598067182,5339.381377194033,5346.732864344987,5348.7469188968535,5345.890293605145,5338.522662209638,5326.891785315747,5311.133658092978,afford
USA,Male,IschStroke,diet,27451.52246598465,0.0,1649.4208889727015,0.0,12.945225647410552,32.92226856172783,63.0510201244324,106.42045678868452,165.0437000351085,238.87084258844692,325.58977492293343,421.38609205168905,522.0790697391785,623.97574332972,724.2327551700728,820.8619431864936,912.579039262666,998.6242997032386,1078.6094169747812,1152.40280512748,1220.0484693319886,1281.7096347988554,1337.6291800465117,1388.1010161933227,1433.4485195352754,1474.0076064173045,1510.1130471848885,1542.0872565644531,1570.2311805111676,1594.8171105341462,1616.0833571015685,1634.230745578403,1649.4208889727015,afford
USA,Male,IschStroke,combo,162245.3345329783,1181.7771672552626,6838.676080567529,1181.7771672552626,3073.9831023562874,3244.6671880045324,3425.7387605727126,3626.618593687562,3845.149350346736,4077.756268246893,4319.37337456832,4564.07504925043,4806.06408020691,5040.41108057258,5263.34929732747,5472.246020507882,5665.430766583508,5841.996959438038,6001.626418755521,6144.447717143295,6270.924299048405,6381.764785828491,6477.848863207095,6560.164181537752,6629.751546348256,6687.657017831851,6734.890392983594,6772.390023057204,6800.994133280765,6821.418849428796,6834.243060623034,6839.900104411601,6838.676080567529,afford
USA,Female,IschStroke,glp1,169067.6377882022,1866.143599860763,6446.135528631101,1866.143599860763,4499.872052181818,4412.267307622358,4434.300505016508,4527.555713244059,4660.878385562159,4815.62901723395,4980.100505827679,5146.596711237595,5309.894650730741,5466.388446988072,5613.587972202615,5749.812207999072,5873.993743753366,5985.547890739952,6084.27927747817,6170.309768362931,6244.018173810822,6305.986375066772,6356.9491188132815,6397.746379136428,6429.278168805264,6452.462228255463,6468.19527893285,6477.318599344828,6480.588634917629,6478.653230685479,6472.03390760874,6461.114408151756,6446.135528631101,afford
USA,Female,IschStroke,diet,39343.86471743787,0.0,2303.5730454201694,0.0,23.23301130910113,56.29793342539051,104.2801934179006,171.86953479259682,261.82389460576815,373.5539374343498,502.9982303982397,643.9862904626934,790.0852365448081,935.8850365574908,1077.4516377252005,1212.225364322192,1338.7083115614078,1456.1449810276972,1564.2713302884367,1663.139944606286,1753.0054324210796,1834.251034103465,1907.3411801119216,1972.78950745512,2031.1357570843247,2082.927724203153,2128.706210429169,2168.9920078237483,2204.274563754763,2235.0023008245043,2261.5747104645416,2284.3363748623524,2303.5730454201694,afford
USA,Female,IschStroke,combo,205604.01053260243,1866.143599860763,8597.029923711714,1866.143599860763,4521.08892081611,4463.630432636332,4529.531655290819,4684.685276606149,4900.513330157148,5157.913549578472,5441.539791627409,5738.102123125587,6036.504087198657,6328.164207888141,6606.941036906777,6868.747146688373,7111.078145140986,7332.596015796298,7532.809242236472,7711.841805497912,7870.267933823314,8008.9904451782495,8129.146309352916,8232.028891756636,8319.020809399852,8391.53434365675,8450.95821837039,8498.610606835718,8535.698750882104,8563.285753794422,8582.265075975869,8593.343102812112,8597.029923711714,afford
JPN,Male,IschStroke,glp1,40460.5349948005,483.3981666291729,1374.6770695712694,483.3981666291729,1231.1750462737473,1253.6700643532604,1276.3807739223776,1301.0108337805725,1325.338570639491,1347.7617619490557,1367.279563669712,1383.3841561192676,1395.9560795096477,1405.1658964261003,1411.383015570871,1415.093764674741,1416.8312432409584,1417.1189012007671,1416.428645866341,1415.1530566527215,1413.5902868625126,1411.9395790006165,1410.3050183624728,1408.705138971898,1407.0861934768036,1405.3372228603548,1403.3054443677756,1400.810865344618,1397.6593916182246,1393.654010556107,1388.6038809444872,1382.3313523845572,1374.6770695712694,afford
JPN,Male,IschStroke,diet,22897.10274913215,0.0,1223.2044264485885,0.0,18.19282406199636,44.92393936547887,83.19689675643895,135.46753691232152,202.4027607954704,282.0343665244,370.06878865776525,461.2371877992919,550.7595207005143,635.1775150146641,712.4871685470498,781.874189877868,843.3415611837845,897.3790966254601,944.719234443066,986.1743587207455,1022.536665428117,1054.5217500224317,1082.7412875289665,1107.694434916404,1129.7708670107822,1149.260653326899,1166.367740735535,1181.2248660756886,1193.9084574809897,1204.4526051388748,1212.8615595818846,1219.1204894506736,1223.2044264485885,afford
JPN,Male,IschStroke,combo,62633.15609809562,483.3981666291729,2562.049819381107,483.3981666291729,1248.6839449226463,1296.873940163292,1356.4145373239007,1431.3844557673656,1520.2217738421168,1619.4504910728574,1723.953630126089,1828.1579347033985,1927.3363082966025,2018.3138629252423,2099.509153483756,2170.602184103991,2232.1088641926763,2285.0080475808354,2330.4649450913566,2369.6464231631617,2403.608849921773,2433.2385297678047,2459.22840499015,2482.0787259689023,2502.11270665365,2519.5006921967,2534.2882338760755,2546.42486845651,2555.791464566508,2562.224812471468,2565.5387502977246,2565.5415761587865,2562.049819381107,afford
JPN,Female,IschStroke,glp1,35213.885675641206,523.1242116994035,1175.01703491433,523.1242116994035,1236.526292670802,1178.8541442531496,1153.13054893582,1147.4723160169451,1152.5930636005287,1163.0509438482622,1175.5613344386584,1188.1002723177735,1199.4339735915564,1208.858680677302,1216.044028087883,1220.9276440756655,1223.63616697854,1224.4216204796685,1223.6087331651725,1221.5517046817258,1218.5999434276964,1215.0724309127763,1211.2401479392065,1207.3157074816118,1203.4491083673202,1199.728398594947,1196.1840192423406,1192.7956705680554,1189.5006750155662,1186.2029813429908,1182.78213759778,1179.1017407177278,1175.01703491433,afford
JPN,Female,IschStroke,diet,22239.672742079645,0.0,1121.359285624094,0.0,22.78592432723235,53.69555098200362,96.21552050483297,152.9742196943189,224.4747711714372,308.28019352622505,399.4868671720542,492.3009379080395,581.6499030782215,664.027390063442,737.5524840751896,801.6198628234342,856.4681815691583,902.8210610847092,941.6349857420572,973.9383648171716,1000.7353039394948,1022.9515495605156,1041.406842284399,1056.8035797543198,1069.7255569251065,1080.6429510491216,1089.921136050456,1097.8317346039548,1104.5648041381282,1110.2413600232248,1114.925651525431,1118.6367680618714,1121.359285624094,afford
JPN,Female,IschStroke,combo,56771.270684431634,523.1242116994035,2264.402379465908,523.1242116994035,1258.4556225157503,1230.5132445320269,1245.7436921083572,1294.8018048457816,1368.9033953871913,1460.281461490631,1560.9453084293928,1663.2941673411187,1761.196866260863,1850.5493368231544,1929.1815567527592,1996.420716333654,2052.599886038057,2098.6499900588897,2135.804394840932,2165.400066902839,2188.7497567698447,2207.063386582886,2221.403004953034,2232.660772607327,2241.552902544783,2248.6246481813505,2254.262773072529,2258.7127969275243,2262.098914878821,2264.444952433601,2265.695107291591,2265.7335663616323,2264.402379465908,afford
GBR,Male,IschStroke,glp1,26196.862715982235,279.1476990889896,999.5362185607956,279.1476990889896,711.9170460210935,722.3585347730732,734.5115912565179,749.600875534019,766.3733054903605,783.8283973768175,801.2691642601076,818.2664026999082,834.5995252879675,850.1908055110544,865.0453719995039,879.2038181104199,892.7095362447799,905.5897167181612,917.8473123164532,929.4607587058036,940.3884235983804,950.5752900719472,959.960029540416,968.4812497311214,976.0822423637474,982.7139772848676,988.3363933657056,992.9182336926552,996.4357814512588,998.8708927792012,1000.2087120834404,1000.4354100636664,999.5362185607956,afford
GBR,Male,IschStroke,diet,4734.394868851527,0.0,271.2763102714507,0.0,3.303339844547736,8.102062065847349,14.9998112943631,24.52745347929158,36.89990561923878,51.83376176382808,68.5842474672263,86.19494734132968,103.78331258663638,120.70773190432556,136.59510966534617,151.28781047248413,164.76940570772967,177.10071228467132,188.3751968864453,198.6920982226875,208.14247318361413,216.8035302563403,224.7377392590679,231.9943544128837,238.61188336571104,244.620659885446,250.0450878662832,254.9053808852659,259.21877434313683,263.000271628398,266.2630258840654,269.0184710038648,271.2763102714507,afford
GBR,Male,IschStroke,combo,30602.01353810958,279.1476990889896,1253.1160828231095,279.1476990889896,714.9490442958086,729.7857695350267,748.2734389583366,772.1275399923088,800.2989242621934,831.5350905526593,864.4619466701533,897.7744960337004,930.4388842707503,961.78129190252,991.455490420678,1019.3487311031348,1045.4820956829008,1069.9331912382895,1092.7870835309386,1114.1110101243794,1133.945627174282,1152.3061377943268,1169.188274256987,1184.5757553353997,1198.4471847018067,1210.781346227881,1221.560531827843,1230.771972920964,1238.4076993033775,1244.4632701108912,1248.9358506747667,1251.8220772951754,1253.1160828231095,afford
GBR,Female,IschStroke,glp1,31780.423108885167,400.3863787803439,1219.4469577574164,400.3863787803439,980.3109083292748,944.0284587627648,929.9687557549368,930.5738889085588,939.4926001323402,952.9147663698676,968.51736311891,984.9130602188887,1001.3283907055264,1017.3872584568672,1032.955338325588,1048.028469893583,1062.6562263592568,1076.8937101718257,1090.7750647876856,1104.3026565938271,1117.4466409969243,1130.150592049842,1142.3398975417622,1153.9305853259284,1164.8370831373868,1174.9780933832408,1184.2802827090964,1192.6798554592242,1200.122320321203,1206.5608933937692,1211.9540316316452,1216.262579507682,1219.4469577574164,afford
GBR,Female,IschStroke,diet,6770.129407936594,0.0,370.9435479876775,0.0,6.503872648387187,15.1231343992622,26.91616009380232,42.70505837754536,62.70621431381369,86.27801782002643,112.05003288036824,138.3915840082882,163.89725334228206,187.63726659164604,209.1631921194603,228.3871714170673,245.43975584716463,260.55616110361007,274.0013441092269,286.0275061727407,296.8539628058352,306.6607328648752,315.5897083645468,323.74945702586047,331.22128758794133,338.0652498800555,344.3253975993248,350.03404133011645,355.2149547605113,359.88562875055504,364.0587341898936,367.74297954470967,370.9435479876775,afford
GBR,Female,IschStroke,combo,38121.862863940456,400.3863787803439,1568.627248460289,400.3863787803439,986.280542571245,957.9149620497446,954.7300006913756,969.9271145377206,997.3665456647396,1032.6633645138972,1072.2443184844997,1113.221383369666,1153.515788825196,1191.8760016664964,1227.7330656346312,1260.9823101213915,1291.7783491661758,1320.3826368946393,1347.0674066614956,1372.0647024959253,1395.54635319738,1417.62279964584,1438.3518879429105,1457.7516528612175,1475.8133756007628,1492.512830430871,1507.8187597612705,1521.698361477338,1534.1200374190448,1545.053914675329,1554.4707695253892,1562.3400008136305,1568.627248460289,afford
DEU,Male,IschStroke,glp1,46786.952910596825,495.4379996296302,1689.731775410164,495.4379996296302,1277.468595601884,1326.8313568935555,1363.7512474782234,1394.415144269653,1420.7547312501374,1444.5662556412026,1467.304612283555,1489.9656913368565,1513.0857871377812,1536.8075259334146,1560.9736868162072,1585.2244371559282,1609.0846751099525,1632.035680654597,1653.5697394289637,1673.2287477544523,1690.6288496252018,1705.4734820559934,1717.5571789491696,1726.7623077974094,1733.0506864769231,1736.4517894883977,1737.049016805966,1734.9652660839347,1730.3488205692774,1723.3603423042914,1714.1615466017138,1702.9059340523927,1689.731775410164,afford
DEU,Male,IschStroke,diet,9113.73194164628,0.0,515.926930087553,0.0,5.94960565762085,14.86201802791038,27.735110769634048,45.37906058011504,68.06021050566414,95.2665056962287,125.8127029070638,158.2329954469933,191.1837654150113,223.65404307953577,254.98285111906807,284.77996865718524,312.8313200063604,339.0253354171182,363.3064988976184,385.65030038670375,406.0517783018513,424.5213930388636,441.0841170471467,455.77937127396217,468.6606250232508,479.7942082316295,489.2573008852924,497.1352765370939,503.5186640186366,508.5000046126843,512.1708536633232,514.6191263551627,515.926930087553,afford
DEU,Male,IschStroke,combo,55258.343970072274,495.4379996296302,2171.406569002451,495.4379996296302,1282.9548103596571,1340.5053294739882,1389.271261008078,1436.191944871116,1483.45286790705,1532.3877505691416,1583.367021310427,1636.0398074094592,1689.7039761471642,1743.567016919049,1796.8573614881534,1848.849808869265,1898.8663404931613,1946.2801412349909,1990.5274214689048,2031.1228745765368,2067.6737023866444,2099.8888451622843,2127.581973259501,2150.6682165830825,2169.155472642138,2183.131573098344,2192.7487397781915,2198.206728573514,2199.735915220346,2197.581369131196,2191.9887237270414,2183.1924077717667,2171.406569002451,afford
DEU,Female,IschStroke,glp1,52631.77290987337,614.627324782803,1914.576853982035,614.627324782803,1564.069115403865,1590.3207189007626,1610.3291309148044,1627.3974650388443,1641.4130630064356,1653.432723924641,1664.9157236519204,1677.189817528753,1691.1927988923926,1707.4021175167363,1725.8728863292636,1746.3264296699526,1768.252899377545,1791.00783319537,1813.893371565744,1836.22127035094,1857.3582376953564,1876.755658898688,1893.966284945356,1908.6504683436945,1920.574326399256,1929.601942782552,1935.683444988612,1938.840537187192,1939.1508262617133,1936.7320498205768,1931.727095721042,1924.290492796517,1914.576853982035,afford
DEU,Female,IschStroke,diet,11734.519476926796,0.0,644.1369894032359,0.0,9.93550731776486,23.921475915434712,43.499815496506926,69.74769529570767,102.75972397660736,141.37435275501048,183.4736075531,226.70602880500883,269.14019420292607,309.5375200987073,347.29130092990454,382.22529915471387,414.39572153268455,443.9519022162676,471.0573775170415,495.8545569364869,518.4553854523438,538.9450637884256,557.390776637847,573.8509882935941,588.3831716160639,601.0491855012151,611.91824880282,621.0678213540632,628.5828528169368,634.553892175165,639.0745197879623,642.2385015932487,644.1369894032359,afford
DEU,Female,IschStroke,combo,63584.76028413155,614.627324782803,2518.640283541412,614.627324782803,1573.230785942942,1612.3478207350126,1650.4113192751174,1691.7282916775475,1736.289165540049,1784.0953666970418,1834.662309391977,1887.1480472989351,1940.698263222668,1994.6317372825504,2048.426824353992,2101.6273170410423,2153.763563220553,2204.3203571566555,2252.744610152764,2298.474948332001,2340.977769290308,2379.7799592770607,2414.49339955414,2444.8296955354635,2470.605483536725,2491.7396549002515,2508.2442528009487,2520.210885467015,2527.7944059515976,2531.195416353814,2530.642911645711,2526.378114173458,2518.640283541412,afford
GLB,Male,IschStroke,glp1,2699434.8883749666,21873.301535349103,114366.45190127008,21873.301535349103,58149.2416809143,61186.049743166426,64041.70028173039,66915.92957704933,69793.43770642322,72655.96422569128,75486.49105307367,78270.01583808055,80994.10712722829,83649.03847318282,86227.53041747492,88724.24660169426,91135.1981306956,93457.16984462972,95687.2315767426,97822.35554211726,99859.13392304628,101793.57786423154,103620.9768988248,105335.8020870234,106931.64318189817,108401.17724210257,109736.1716184346,110927.52736660604,111965.36976492403,112839.19107228795,113538.04752992744,114050.80856914584,114366.45190127008,afford
GLB,Male,IschStroke,diet,2237534.96106836,0.0,137171.22903612163,0.0,1224.046957926359,3038.3819502019323,5697.000925529981,9438.722922658082,14398.597030778416,20531.63614098588,27609.579347976018,35297.74632290937,43255.48928788444,51204.03541308548,58948.39602295402,66369.286060757,73404.02194856526,80027.53495946014,86237.56204859074,92044.39779827092,97464.29911444384,102515.45571452286,107215.63721324364,111580.88638198562,115624.8447920098,119358.45334169827,122789.87486456848,125924.55280162534,128765.36061259592,131312.81991251232,133565.37731869798,135519.73482580017,137171.22903612163,afford
GLB,Male,IschStroke,combo,4854841.898275435,21873.301535349103,247017.0454715044,21873.301535349103,59316.21789337951,64080.91504109162,69472.41721800086,75919.36792865349,83537.23668684461,92267.34283039044,101877.30068533262,112034.37321514124,122401.46782560692,132702.07888428867,142741.30827735132,152398.07217741432,161606.6025904077,170337.95183615386,178585.4630156476,186354.63072018744,193656.5101847369,200503.63951993128,206907.6174855312,212877.72455106585,218420.18520831456,223537.8238441809,228229.9710134389,232492.5435066721,236318.2610671469,239696.98344833124,242616.1599913528,245061.3846219862,247017.0454715044,afford
GLB,Female,IschStroke,glp1,2477810.7075053384,23054.64754415769,106554.2085217242,23054.64754415769,59671.31887325784,60250.44261494279,61326.50509774219,62831.80026017991,64613.24686740083,66579.72857641894,68670.95974309416,70842.78794510476,73061.01294462616,75298.57714758674,77533.99984000437,79750.2608130523,81933.87894931436,84074.12368437601,86162.34822185524,88191.43547409913,90155.3395285774,92048.70059821894,93866.51257728972,95603.8280266663,97255.49316860596,98815.91308099825,100278.85325043974,101637.28720868703,102883.30097225356,104008.06368723651,105001.87076574795,105854.26152167936,106554.2085217242,afford
GLB,Female,IschStroke,diet,2351992.683064821,0.0,143392.09223397588,0.0,1572.4212572353426,3756.94904578547,6856.67386171408,11134.106103318043,16713.58902093093,23502.48617928429,31202.970831539016,39415.42842264706,47759.5821785205,55947.37490875647,63797.92212440958,71218.7853643056,78178.00760032423,84679.65645908518,90746.45626295824,96408.86409905786,101698.79618369044,106646.332542215,111278.17992006382,115617.10008092178,119681.82548508886,123487.19269061276,127044.35353117436,130361.00125676906,133441.5924185426,136287.56797619676,138897.58695637388,141267.7880693241,143392.09223397588,afford
GLB,Female,IschStroke,combo,4750383.119119901,23054.64754415769,245632.7966573718,23054.64754415769,61170.42655968037,63832.992963280994,67871.75411921204,73470.71170257777,80598.01765298657,89077.28652301035,98566.55866186648,108641.27896356862,118903.41401575226,129048.63168674476,138879.75151976338,148288.41042890353,157227.8529553907,165688.9676423655,173683.05849047424,181230.80329486355,188355.71982923523,195080.54879830312,201425.37958155293,207406.74977248115,213037.2537435377,218325.4004448224,223275.59021863528,227888.1579779978,232159.4732837039,236082.1087900996,239645.09532525204,242834.2799723097,245632.7966573718,afford
CHN,Male,CKD,glp1,48062.22198393858,0.0,2613.9426867843576,0.0,107.19024974231434,240.57465103667343,375.0079073353845,509.2037290956796,642.6391462874308,774.8649884656334,905.4231047013892,1033.8262577663263,1159.5694001165975,1282.152433277195,1401.1014882735326,1515.982823117898,1626.4085541103268,1732.036206166973,1832.5649339449883,1927.730940109759,2017.303749319384,2101.084050519057,2178.903060787052,2250.622895011489,2316.1372431328928,2375.37169828829,2428.283261781791,2474.858794662505,2515.1124274710746,2549.082137085643,2576.825830552538,2598.417334994403,2613.9426867843576,afford
CHN,Male,CKD,diet,14768.26028225862,0.0,937.5464340216276,0.0,5.904533783774241,15.210207558149705,29.37217916440568,49.86983789042279,77.74275568545272,113.14014745685564,155.20537142454123,202.3803801957401,252.8863759371161,305.0966110997979,357.70448749170464,409.73894608595583,460.5093562544498,509.5347341110464,556.4816975263966,601.1177561791992,643.2789689658093,682.8487596662162,719.7446030046121,753.9098892292386,785.3089684052975,813.9239826178527,839.7525775791873,862.805951863149,883.1069690361182,900.6882421673945,915.5902167807072,927.8593410764006,937.5464340216276,afford
CHN,Male,CKD,combo,62275.49876698652,0.0,3519.057018599051,0.0,112.8595558594825,255.1088375251129,403.05046420695726,556.82188713082,716.9052436217171,883.0071979907952,1053.8626397779735,1227.5028459008315,1401.725231425837,1574.473137583176,1744.019181351905,1908.9951985909283,2068.34627483692,2221.2632480145257,2367.119955493443,2505.424155631452,2635.7829323750484,2757.880279637626,2871.463708940268,2976.336810796085,3072.355170434312,3159.4236535156524,3237.493717793739,3306.559998853132,3366.655914440984,3417.8484058334434,3460.2321782050712,3493.923922620233,3519.057018599051,afford
CHN,Female,CKD,glp1,50175.71873484743,0.0,2846.5309673963056,0.0,102.86089157171956,231.61026940123705,362.3565710103576,493.9457860303228,625.9872205727588,758.1709015579254,890.1566038063902,1021.532014498138,1151.8136759349145,1280.4697937108722,1406.9487240146264,1530.703662679516,1651.2098007347668,1767.9739780794334,1880.5387302305896,1988.4830884404653,2091.422137219779,2189.006632191784,2280.9232583780977,2366.895541639926,2446.6850789436576,2520.0926180432143,2586.9585467446595,2647.16248522792,2700.621853896213,2747.2894675285497,2787.1503527012537,2820.2180826620315,2846.5309673963056,afford
CHN,Female,CKD,diet,15464.190744674415,0.0,1019.2724017807632,0.0,5.66605274991889,14.636793358702562,28.338904494798044,48.24405278498307,75.43259335146286,110.15957778350275,151.72747250851535,198.75326734108967,249.60861331342312,302.76835664219107,356.973912306843,411.2563759320328,464.8935881087528,517.3510761274229,568.2293000968348,617.2235100491234,664.0956771825877,708.6559156597505,750.75069031163,790.25557384282,827.070867881077,861.1188830702595,892.3420583672705,920.701398139412,946.1749319249212,968.7560677673172,988.4518252287816,1005.281006568228,1019.2724017807632,afford
CHN,Female,CKD,combo,65086.8906685329,0.0,3832.9396313842735,0.0,108.30121737753508,245.59847160555364,389.4197640232888,540.0290226289362,698.081534748504,863.5261454624124,1035.3692681650136,1211.8855694992965,1391.0387242435245,1570.8381175046816,1749.524886041385,1925.619999375704,2097.901320949793,2265.357413648584,2427.141514087227,2582.534152517561,2730.91597385396,2871.749636646535,3004.5688130581257,3128.9721823665604,3244.62048208747,3351.2349996382545,3448.5962809864286,3536.542248808852,3614.965316802904,3683.8084237345465,3743.060167805059,3792.7493894809295,3832.9396313842735,afford
IND,Male,CKD,glp1,20714.74121702303,0.0,1204.4201599919909,0.0,44.06898882103269,99.30977582101332,155.26317351299804,211.20696114398007,266.76056487126334,321.6393733488221,375.63219298425247,428.5849345388124,480.38733543950366,530.9624338168651,580.2581655376271,628.2404238723248,674.8870529606356,720.1824328859802,764.1124951288075,806.6601495887153,847.8011958374263,887.5008337698528,925.7108925588544,962.3678748991806,997.3918782073596,1030.6864151428308,1062.1391185307875,1091.6232834470866,1119.0001726304326,1144.1219900192957,1166.835410147993,1186.985537567307,1204.4201599919909,afford
IND,Male,CKD,diet,5055.54705500017,0.0,340.8664379426482,0.0,1.91210976162256,4.947267456460395,9.589411335691691,16.327954702122952,25.501178291320684,37.146722598496126,50.96792283744435,66.44245691745891,82.98786886435119,100.08672635175752,117.33981074785696,134.4668404111435,151.28384008798457,167.6761343616963,183.57511623475875,198.9407528876909,213.7492759360757,227.9848567075533,241.6341411554895,254.6827824567881,267.11336507795204,278.9043098117254,290.0294847174809,300.45833566741203,310.15640642393555,319.0861528359237,327.2079765603412,334.481415858987,340.8664379426482,afford
IND,Male,CKD,combo,25659.362197082424,0.0,1538.5415168642212,0.0,45.93341925016284,104.119992848704,164.5834251177148,227.0804317661532,291.5629202002892,357.78655485874333,425.2544692263909,493.3059175478848,561.2639278062416,628.5469301081612,694.7126356187655,759.4522384935408,822.56266865012,883.9150425677508,943.4271282696428,1001.041753061203,1056.710713605862,1110.383150476293,1161.997418602914,1211.4757158542195,1258.7209436760022,1303.6154239694297,1346.0211904573662,1385.7816266340233,1422.724250382293,1456.6644576132385,1487.4100403916382,1514.766293163455,1538.5415168642212,afford
IND,Female,CKD,glp1,18642.37984231959,0.0,1068.179443730478,0.0,41.62444670742116,93.32516906300587,145.11578536674642,196.37156707695976,246.8471464652976,296.39546956408594,344.919730626978,392.350558547354,438.6358705619714,483.7363456229723,527.6226966608592,570.2731110220484,611.6703838146495,651.7987732753827,690.6407774644031,728.1740544875793,764.3686772140354,799.1848685658915,832.5713198160956,864.4641560436576,894.7865801928274,923.4491992609546,950.3510121002035,975.3810174047248,998.4203821026168,1019.3450942225028,1038.029010242928,1054.3471950949606,1068.179443730478,afford
IND,Female,CKD,diet,4544.43630523757,0.0,302.15760639414657,0.0,1.806043501346721,4.650214498899004,8.970614122910774,15.204303088365124,23.646387554428657,34.31608963289909,46.92977265162335,61.00313948278927,76.00285950177931,91.45917516389454,107.01216170492262,122.41058786904614,137.4902704827109,152.14908508650842,166.32581150491023,179.9844055421563,193.1030737778492,205.6669940087595,217.6636223867972,229.07978450829972,239.8999894896552,250.10558967968973,259.67453550077335,268.5815580165945,276.79866433196,284.29586309811566,291.0420565052773,297.00604615046177,302.15760639414657,afford
IND,Female,CKD,combo,23094.971917961862,0.0,1364.981585407746,0.0,43.38545568706468,97.8474502001045,153.83817115089914,211.16156493677408,269.8632526079018,329.81869131898566,390.6578125579399,451.84100590434537,512.7965785137203,573.0263336293501,632.1484581417681,689.8943010933872,746.0847015078616,800.6026430272759,853.3694769523718,904.3265246152732,953.4216674475028,1000.5999569903216,1045.7973229867494,1088.936665457761,1129.925817666066,1168.6570169232,1205.0076193124696,1238.8418542871368,1270.013447853882,1298.3689582350926,1323.751672449056,1346.0059110998554,1364.981585407746,afford
BRA,Male,CKD,glp1,38261.19672902663,0.0,2279.50007356688,0.0,72.3910210332615,163.66289910018168,257.5681385068856,353.25063691208925,450.2342583950449,548.0730356684326,646.3447086666638,744.6475797720414,842.5976852546519,939.8273503130804,1035.985101825041,1130.7364402758683,1223.7648793039043,1314.7727476118162,1403.4814049373815,1489.6306942782976,1572.977607277986,1653.2942643329443,1730.365399959068,1803.9855969584023,1873.9565330504483,1940.084496010917,2002.1783941356407,2060.048444350461,2113.5056664691874,2162.3622541641234,2206.432835465356,2245.536581430577,2279.50007356688,afford
BRA,Male,CKD,diet,3006.120177744102,0.0,207.745951111916,0.0,1.0371469717829314,2.685007123196556,5.208269530212419,8.87958220560904,13.89959021048344,20.318655614817544,28.015114277597604,36.74474315488988,46.22052034056469,56.17497291138716,66.38881811754254,76.6944501100952,86.96780725208373,97.11757886475245,107.07568018743768,116.79001886484912,126.21937694207008,135.32990787718154,144.09276698677422,152.48250763236865,160.47599035636813,168.05164146191964,175.18895941815572,181.86820737054225,188.07025416656688,193.776539817889,198.96914801483945,203.6309708502085,207.745951111916,afford
BRA,Male,CKD,combo,41034.65224055607,0.0,2472.6890599481194,0.0,73.34219394265892,166.09909420063923,262.28332001187664,361.2895738461302,462.8281026657678,566.5039531032198,671.7896602461442,778.065897389075,884.6905201274712,991.0538031966098,1096.6047478515247,1200.8554443910762,1303.375060167702,1403.7810651651162,1501.730938883113,1596.9151390668994,1689.051171028637,1777.878418114029,1863.1534941188147,1944.6460313500568,2022.1349406147565,2095.4052520130645,2164.245672072488,2228.44698444158,2287.8013894947944,2342.1028325767475,2391.148318948406,2434.740161579546,2472.6890599481194,afford
BRA,Female,CKD,glp1,34538.51872982181,0.0,2087.6403100318494,0.0,64.01484526423519,144.65543411244653,227.6035384701281,312.1825772652701,398.0516982453373,484.8909807340715,572.3896238544039,660.2386069167515,748.126055638957,835.7361012000001,922.750672512906,1008.8531789997032,1093.7330208406129,1177.090041924639,1258.6382848636931,1338.108653963609,1415.2503118084132,1489.8308155934792,1561.6351363520007,1630.463798158853,1696.1304285204317,1758.4590305689926,1817.281278559436,1872.434107123256,1923.757818243488,1971.0948739263688,2014.289482224769,2053.188023903705,2087.6403100318494,afford
BRA,Female,CKD,diet,2711.416829219743,0.0,189.33970583967312,0.0,0.917141407422605,2.3725835372824804,4.601476317133347,7.84719590192617,12.291086270372034,17.983046888111858,24.82143641599032,32.595707212851266,41.05610020938184,49.96840685389179,59.139302681418485,68.41966241650152,77.69771050176132,86.8898574979321,95.93265101496944,104.77671585293864,113.38250811611942,121.71742968822946,129.7538732866742,137.46787478165788,144.83815546512778,151.84541898113093,158.47182420865283,164.70059145810228,170.51572059837054,175.90181092514104,180.84397727531905,185.327857615659,189.33970583967312,afford
BRA,Female,CKD,combo,37074.111396570144,0.0,2266.766393268241,0.0,64.85596044323029,146.81016108316544,231.77731001806387,319.3070774506232,409.22979770629536,501.2781898081012,595.0557227769823,690.0667192671681,785.7746281438303,881.6509686350873,977.20075263151,1071.9697383012208,1165.543110791048,1257.5418536545112,1347.6193350156027,1435.4585513805905,1520.7697222648858,1603.2878438119806,1682.769960495163,1758.9921006190198,1831.74597002878,1900.8355919034584,1966.074122939652,2027.2810783369127,2084.2801712124274,2136.8979265639646,2184.963174025128,2228.3074639935003,2266.766393268241,afford
CAN,Male,CKD,glp1,7514.905343260824,0.0,398.3774144213112,0.0,15.35974512761095,35.15235011611094,55.83996199557896,77.12649630147735,98.79743704434986,120.63613552300284,142.42607849327942,163.95802980006647,185.0367662537056,205.4860514086713,225.15179681089467,243.90380693829684,261.6365250215258,278.26906644261453,293.7446878740893,308.029748806307,321.11218445466875,332.999511564306,343.71641300325064,353.30197770185805,361.8066990759216,369.2893521745773,375.8138758160212,381.4463817109672,386.2524000595131,390.294452789014,393.63002383690855,396.3099726949249,398.3774144213112,afford
CAN,Male,CKD,diet,422.7271632126476,0.0,26.38803870287484,0.0,0.1585469725623625,0.415316482793969,0.8126777387351467,1.3945635036334352,2.1931050475031952,3.2152938220497163,4.438829460675152,5.819902522384837,7.306413932753458,8.848716333112861,10.404961882357384,11.94226849757797,13.435844243671454,14.867531105106536,16.224431177226506,17.497805338093713,18.68223443507213,19.774976336877444,20.77545318582088,21.684820786535965,22.50559027656618,23.24128625408776,23.896134898258424,24.47478115476042,24.98203683548581,25.42266241423385,25.80118508544001,26.121754786396195,26.38803870287484,afford
CAN,Male,CKD,combo,7909.667172519255,0.0,423.25127385421456,0.0,15.50543303930408,35.53030548829338,56.578550282034485,78.39497374512302,100.7954434791336,123.57096396810356,146.48587123502512,169.29180496250046,191.7463841085928,213.62801118312564,234.74401911177847,254.9335953407599,274.0678225878437,292.04845178585947,308.80616548613307,324.2985679359281,338.50791626195587,351.43855626288496,363.11405038668727,373.5740315200192,382.87085909255256,391.06618379063184,398.2275417238934,404.4250997007375,409.728663312344,414.2050420674423,417.9158438494014,420.9157469569518,423.25127385421456,afford
CAN,Female,CKD,glp1,8104.775250087262,0.0,446.3364331618086,0.0,15.91548189313562,35.97957879770729,56.75010782679237,78.10938491382058,99.97144678011772,122.2113358470424,144.6736762996561,167.18369209367577,189.557684146228,211.61204230169187,233.1705244252298,254.06989289094963,274.16412251276233,293.3273882337044,311.4559898362795,328.4693224341863,344.30997425545684,358.9430284199261,372.3546563091823,384.55010815344485,395.55122435237627,405.3936039748214,414.1235724440521,421.79508811561846,428.4667180559381,434.1987982669243,439.0508745498892,443.0794987948439,446.3364331618086,afford
CAN,Female,CKD,diet,454.6690447082765,0.0,29.332986582936428,0.0,0.1642834207250416,0.4248389015137945,0.8243529215997114,1.407436023635455,2.2080108305617614,3.2364188228975763,4.4749898237687376,5.884865592793176,7.418122736132318,9.027798534581052,10.673038140447716,12.320426035517812,13.943440678698607,15.521356112155445,17.038187812234355,18.48185247975107,19.843532845229674,21.11718923690114,22.29916148342636,23.387820825689232,24.383247821659097,25.286924696305505,26.10143889704068,26.830199550270663,27.47717100836508,28.046628516181045,28.542940805730723,28.97038357152724,29.332986582936428,afford
CAN,Female,CKD,combo,8530.837436849215,0.0,474.11356530437934,0.0,16.066440994432014,36.36628901780568,57.49961735558645,79.39031362141395,101.9845189738444,125.1680907547916,148.7708439791386,172.58351896107342,196.3791907925788,219.93144920942632,243.02646934291715,265.4699689330364,287.0910069812053,307.74403593064017,327.3099141009043,345.69614713422743,362.836435416667,378.6895530785232,393.2375957438581,406.48366640950735,418.4491014123532,429.1703627215511,438.6957359841581,447.0819760262538,454.3910344502119,460.6869897131037,466.0332808330868,470.4903236725395,474.11356530437934,afford
TUR,Male,CKD,glp1,20823.6730867246,0.0,1246.6829724014533,0.0,41.07501949991274,92.2651421459359,143.95694194264615,195.8924286807196,248.09220794150315,300.5413266947162,353.16142813226,405.8178473994885,458.3377264679784,510.5295324906874,562.1994972335469,613.1632593003105,663.2525521892912,712.3176065200514,760.2262863016076,806.8610381116923,852.1146285477516,895.8854678643074,938.0731217687716,978.5744300049772,1017.2804942793992,1054.0746736991314,1088.8316317393546,1121.417410449525,1151.6904597073844,1179.5035165404695,1204.7062073831476,1227.1482312865774,1246.6829724014533,afford
TUR,Male,CKD,diet,522.2386852381424,0.0,35.89900001913338,0.0,0.1853136317586177,0.4773512864067015,0.9223629367988906,1.5691222647183167,2.4541156776685966,3.5868090036437934,4.945091964416861,6.4840012881104485,8.150437767404583,9.894949789078964,11.677315682951305,13.467356870380172,15.24346369147679,16.990526914010843,18.698045381876,20.35863398000584,21.96692370287201,23.518777017339744,25.010738674845925,26.43965826115891,27.8024383769116,29.09587629762973,30.316576774530404,31.46092013684756,32.525074016768485,33.50503961872164,34.39672504702685,35.1960391636494,35.89900001913338,afford
TUR,Male,CKD,combo,21300.47527666563,0.0,1279.790877156247,0.0,41.24154507182902,92.68888823240924,144.77452776248902,197.28487504428995,250.27422460748852,303.73744730706494,357.5777645475555,411.6213271369143,465.64833432859086,519.4231124332964,572.7156638923389,625.3141669800407,677.0304498725691,727.7006146322656,777.1825258613499,825.3514512138827,872.094828070014,917.3068899622194,960.8836862441094,1002.7188586417178,1042.700397410572,1080.708487536951,1116.614469785607,1150.2808787088034,1181.562475403396,1210.3081622204772,1236.3636458080473,1259.574700793095,1279.790877156247,afford
TUR,Female,CKD,glp1,24884.101745834283,0.0,1531.574173733483,0.0,46.40547909422094,104.5872048456422,164.0453440670317,224.37020961081,285.4164723393933,347.0354844859794,409.060783038396,471.3089859492575,533.5857172491742,595.6930556014995,657.4365127563105,718.6304452469303,779.1014106612492,838.6894029128998,897.2471843450985,954.638103049536,1010.7328641989006,1065.4057364433938,1118.5306392112725,1169.977492247937,1219.609129643588,1267.2789978631336,1312.829778238873,1356.09300328682,1396.88967499289,1435.031842224289,1470.325053085271,1502.571565411003,1531.574173733483,afford
TUR,Female,CKD,diet,616.0119624576764,0.0,43.62310653401073,0.0,0.2093624779517995,0.5401770579410368,1.045129682534025,1.7789742768763972,2.782469112096805,4.066543027993248,5.607731800304464,7.357963604565157,9.260548209200351,11.262746026975949,13.321574195375431,15.404532882894271,17.4879660632796,19.554861593100213,21.592886020480364,23.59286598149265,25.547687600414065,27.45152032781334,29.29927489659167,31.0862267061857,32.80775738815282,34.45918354069727,36.03565252928456,37.532092052701046,38.943204159520974,40.2634965780926,41.48734530295769,42.609082828192186,43.62310653401073,afford
TUR,Female,CKD,combo,25451.12193697817,0.0,1572.239284750227,0.0,46.59361531522154,105.06689156671746,164.97233002874782,225.95039036966955,287.8937822462558,350.6655775140207,414.080205867991,477.9126949713427,541.9187162808194,605.8533267359417,669.4833021634804,732.5933655412155,794.9882044527658,856.4918227120397,916.945166036814,976.2026109230684,1034.1277680286255,1090.589002408211,1145.4550385649782,1198.5909719503688,1249.8549480348777,1299.095701564689,1346.1510791781366,1390.8476034544549,1433.0010787464637,1472.4181900348085,1508.899005592757,1542.240261943458,1572.239284750227,afford
ZAF,Male,CKD,glp1,7214.2092282312515,0.0,393.1002231146322,0.0,17.576405822906963,39.26510452254661,60.84071857090112,82.01937813367294,102.66859117653256,122.7007841249142,142.05774726587606,160.7035055143624,178.6211725574194,195.81073099293465,212.28621301525345,228.07192154801123,243.19793552363808,257.6953586446598,271.5917762414156,284.90729630031456,297.6514332216757,309.8209784957853,321.3989049424199,332.35427448264454,342.64306297563235,352.2097768664444,360.98971212166725,368.9116932225224,375.9011263666398,381.8832045784875,386.7861117048251,390.54408618251546,393.1002231146322,afford
ZAF,Male,CKD,diet,29.43762360747678,0.0,1.851338183203552,0.0,0.0127600816413178,0.0327365046141494,0.0630862935850018,0.1068905657239156,0.1661435571186302,0.2407685134357962,0.3284360612615273,0.4253596972539526,0.5274636593803734,0.6312447623222397,0.734115950168416,0.8343779911083402,0.9310298059608612,1.0235533461291195,1.1117309413129988,1.19550876788162,1.274902148285037,1.349933722840433,1.4205959610389982,1.4868312519793108,1.5485245577892783,1.6055049676378983,1.6575534494822932,1.7044147539800178,1.74581187504009,1.7814617882686434,1.811091424515325,1.834453024517643,1.851338183203552,afford
ZAF,Male,CKD,combo,7242.682404964359,0.0,394.9100819483247,0.0,17.58838650943926,39.29568221949012,60.89971889470689,82.11962041336574,102.82488624121196,122.92798632236554,142.3686008272307,161.10721643855322,179.12308007282445,196.41280778392505,212.9879103227213,228.8710045184744,244.09115022312653,258.6789012991594,272.66159165991667,286.0592467886054,298.88137624703086,311.1247835377235,322.77243230195927,333.79333268669325,344.14335683431455,353.7668548826732,362.5989194603444,370.56813454674375,377.59964135152586,383.61835769822574,388.5521968823196,392.33514605136406,394.9100819483247,afford
ZAF,Female,CKD,glp1,6353.9823494064185,0.0,326.9308944258064,0.0,18.58807562287984,40.98032099693228,62.45173192445327,82.83385962143257,102.16220718360272,120.4615101450472,137.74151839574188,154.01096556775155,169.28848313566232,183.60759220698856,197.0168391762345,209.57673516141404,221.35494156922323,232.4207911643134,242.83991404694092,252.66948130328456,261.9543816033656,270.72449704986866,278.99313385026653,286.75658220023433,293.9947210665141,300.6725418388978,306.7424360727691,312.14707409512084,316.82269151126457,320.70259877218814,323.7207344491544,325.81509524906505,326.9308944258064,afford
ZAF,Female,CKD,diet,25.63137991681469,0.0,1.5296864996435031,0.0,0.0134945315239747,0.034212400780234,0.065261125584584,0.1094363797492405,0.1683037948787387,0.2411711893018946,0.3250417797753471,0.4156238351115462,0.508642470873383,0.6007061445070576,0.6895590053718479,0.7739415354608354,0.853315501659381,0.9275989590205428,0.996961504642968,1.0616824366934452,1.1220590042885306,1.1783505903877085,1.2307476246696751,1.279357353516389,1.324201173534675,1.3652199710140849,1.4022849966931972,1.4352124593533515,1.463780412585038,1.4877467519581842,1.5068673097139254,1.5209131745214108,1.5296864996435031,afford
ZAF,Female,CKD,combo,6379.237953191374,0.0,328.45465415442413,0.0,18.600745898564128,41.01241644615038,62.513290406843225,82.93769181719836,102.3227537735147,120.69268122215544,138.05442996324746,154.41261045906322,169.78166892115587,184.1917458494081,197.6890901945608,210.33288858018204,222.1901969709561,233.3302087000975,243.81868091756405,253.71303752252425,263.0584528889485,271.88506963376494,280.20639541993296,288.01884566370427,295.3023427526623,302.021842324466,308.1296294533604,313.56820977096686,318.2736111820377,322.1789101827744,325.2178024269451,327.3280496942007,328.45465415442413,afford
MEX,Male,CKD,glp1,47060.8139728487,0.0,2526.363465324619,0.0,104.77449292353047,234.6328834852248,365.72718293216894,496.8628536548422,627.4475398030918,756.954183176269,884.8968746166356,1010.8177274663832,1134.2771172069115,1254.847378635655,1372.1094992918734,1485.6521325645008,1595.0722695359,1699.977016286393,1799.9860499245187,1894.7344387758053,1983.875600050705,2067.08423387073,2144.0591219477865,2214.5257185110167,2278.2384941446217,2334.9830214482936,2384.5778143674324,2426.875949222027,2461.7665034388992,2489.175847030965,2509.068812328369,2521.4497508835266,2526.363465324619,afford
MEX,Male,CKD,diet,2271.958034718882,0.0,141.62697708081396,0.0,0.9430439831849072,2.416138027154375,4.640742721465358,7.838461845058191,12.16093829357851,17.624326609155105,24.09556775279634,31.340374823499587,39.09481427866558,47.11888006575464,55.219356087189226,63.250757688918384,71.10673059558758,78.70976814140158,86.002525939919,92.94146260582784,99.49252736595372,105.62837215324544,111.32661016974453,116.56875941464386,121.33962037554738,125.62692203959888,129.42112996459036,132.71534996030823,135.50528664853482,137.78923225861945,139.5680706699859,140.8452871581394,141.62697708081396,afford
MEX,Male,CKD,combo,49227.3745121087,0.0,2665.237907129871,0.0,105.6294161216938,236.80175458558008,369.8932066862071,503.9177714311554,638.4309650317227,772.9327145021962,906.8280834121324,1039.4552346502096,1170.1396092470604,1298.2366137973731,1423.150063094734,1544.333042775077,1661.2815107618517,1773.5272107491835,1880.632521291387,1982.1876614528885,2077.809824872027,2167.1436379832885,2249.8624136847066,2325.669808456136,2394.301620023274,2455.527565848832,2509.152958835599,2555.02024867414,2593.010428622678,2623.0443212764585,2645.083756224536,2659.1326408867026,2665.237907129871,afford
MEX,Female,CKD,glp1,53038.56537704197,0.0,3094.756633184079,0.0,104.145746555394,234.39056093306127,367.2429048769591,501.6493575185268,637.1504109605376,773.327697142915,909.7738426634824,1046.0787705592156,1181.8215394207728,1316.5665657420905,1449.8632608629414,1581.2481344543555,1710.248500788628,1836.3870644365816,1959.186827176898,2078.175919149937,2192.892097058684,2302.886763852126,2407.728448671711,2507.00574744233,2600.32976863948,2687.3361597794865,2767.68681074887,2841.071341378047,2907.20848286806,2965.847455675452,3016.7694304141914,3059.789134087157,3094.756633184079,afford
MEX,Female,CKD,diet,2602.216509447506,0.0,175.39238660249976,0.0,0.9373848245195404,2.414495051842096,4.6625932520473725,7.919337553066725,12.358209092577454,18.020065029711983,24.79493582277792,32.46631936720223,40.78140530190285,49.50530127630918,58.44536508818419,67.4535474768054,76.41880562378356,85.25746193312807,93.90489994279052,102.30943049395864,110.42811932837505,118.22409428747778,125.664875248498,132.72137547401508,139.36732826105435,145.57897540559495,151.33491294870328,156.61602966657665,161.40549999634823,165.68880971120234,169.45380269127782,172.69074269527482,175.39238660249976,afford
MEX,Female,CKD,combo,55477.91720114506,0.0,3262.388423267272,0.0,104.99553940320038,236.55600130901075,371.4205582257309,508.7561146069893,648.2676654760508,789.5834148467911,932.2062273273114,1075.5380178478515,1218.9341135510986,1361.7485993525331,1503.356591121672,1643.159151333377,1780.5806727305317,1915.0651015637995,2046.0735543463088,2173.083735728309,2295.590748754228,2413.108738795316,2525.1729088693974,2631.3415947589965,2731.19822420783,2824.353088592463,2910.444928746904,2989.1423840258067,3060.1453798244693,3123.18653709838,3178.032680742472,3224.4865046909617,3262.388423267272,afford
AUS,Male,CKD,glp1,5545.245385578578,0.0,316.2172617957276,0.0,10.51068852554772,24.10870220569132,38.41884487988091,53.24562126443561,68.43318125615906,83.8185685044773,99.23985758084244,114.54530213159067,129.6002460989298,144.2910701105784,158.52645459918722,172.2366630786023,185.3715991404952,197.898259455942,209.7980192699352,221.06401407004432,231.69874821580007,241.71197237337128,251.1188201367668,259.9381705023952,268.19119753083214,275.90007397843146,283.0868063326616,289.7721907296136,295.97489024071547,301.7106425705033,306.9916126128428,311.8259063865771,316.2172617957276,afford
AUS,Male,CKD,diet,100.88736305702196,0.0,6.737341147614643,0.0,0.035006556290682,0.09188942958599,0.1802883087934788,0.3102112132128241,0.4890479033319934,0.7185672636469462,0.9939752198292808,1.3056737218812486,1.6422628891177735,1.9929861845630512,2.348940952918383,2.7033198693707163,3.051171225536564,3.389018617467628,3.714500110397239,4.026077228320901,4.3228156235809365,4.604223699526301,4.870133676545265,5.120612297293519,5.355891819239332,5.576314918843309,5.782289387184392,5.9742501044484015,6.1526268820425685,6.3178174853010205,6.47016559689564,6.60994372424193,6.737341147614643,afford
AUS,Male,CKD,combo,5638.591690257847,0.0,322.50505782693654,0.0,10.542638780892958,24.19167496992032,38.58136195386032,53.52543337936959,68.87495670025237,84.46885554672826,100.14113164568109,115.73154409113022,131.09520947269357,146.1087675659901,160.67276418409347,174.71117939746546,188.16928898103103,201.010788294981,213.2147610677448,224.7728038401856,235.6864397636582,245.96485202092023,255.62291376292976,264.6794699876445,273.155824451901,281.07439277286994,288.45749552231973,295.3262785897432,301.69976008073536,307.5940122192824,313.0214925287619,317.9905408581235,322.50505782693654,afford
AUS,Female,CKD,glp1,4803.757016830745,0.0,285.2094117129318,0.0,8.163944026230638,18.638500692912658,29.70971493111301,41.32603784699859,53.437675657773525,65.9627169219143,78.79554076716158,91.817241941083,104.90531885042584,117.94144225772698,130.81694711810724,143.43620374090506,155.718261221989,167.59720955118382,179.02166329051943,189.95368829107883,200.3674072176496,210.24744555279085,219.58732254726144,228.3878510975173,236.65558423218133,244.40133055740807,251.6387535202648,258.383066976452,264.64984005865153,270.4539259829726,275.80853090501114,280.7244393625288,285.2094117129318,afford
AUS,Female,CKD,diet,86.16837535633249,0.0,5.963243297995177,0.0,0.027190565624096,0.0709325597354109,0.1387674066377258,0.2387170413626336,0.3771258417141325,0.5563864922914945,0.774065397081813,1.0239700822071427,1.2981916081625968,1.5888523186749808,1.8890440467098413,2.193104785875221,2.496551866920072,2.7958991896357475,3.0884676442669843,3.3722251742483422,3.645660748509727,3.907686055498744,4.157557278123932,4.394810718769804,4.619207905537223,4.830687375590969,5.029321474800781,5.2152772991184975,5.388781425413072,5.550088413783669,5.699453261141571,5.837108080901089,5.963243297995177,afford
AUS,Female,CKD,combo,4884.9000452112,0.0,290.9011761458987,0.0,8.188760677930532,18.7026154645364,29.835056962685485,41.54201277633047,53.779718624568886,66.46876528808389,79.50164617351084,92.75408530250706,106.09654564259564,119.4035854222916,132.5602217051828,145.46557682102093,158.03448212309604,170.19769042970938,181.9011997214893,193.10504366008672,203.78178938747303,213.91489921431275,223.4970540920085,232.52849744228388,241.0154332460006,248.9684983463858,256.4013224487426,263.3291876268777,269.7678001215272,275.732189153583,281.23574912266577,286.289442067814,290.9011761458987,afford
NZL,Male,CKD,glp1,1132.3816392033043,0.0,62.05398604034201,0.0,2.5402241938505767,5.712709082708443,8.933376793617072,12.165846101699913,15.386942803225338,18.57426093315155,21.70700634343325,24.7668432733675,27.738302366298285,30.608819381147782,33.36854207443844,36.010026710836314,38.52790773734023,40.91858771201203,43.17996715997674,45.311216425666885,47.31258208904831,49.18521683552228,50.9310217536613,52.55249227779268,54.052562244669616,55.43444401596446,56.701465825807645,57.85691013469818,58.90385863644474,59.845050604694734,60.68276149022222,61.41870816166602,62.05398604034201,afford
NZL,Male,CKD,diet,33.416913597325674,0.0,2.153536614297764,0.0,0.0137262576159855,0.0353450946422526,0.0681387531660675,0.1153980207222957,0.1793504493992941,0.2601667718851104,0.3557554282538149,0.4624952068933226,0.5763304016745678,0.6935965712096959,0.8113797318842444,0.9275385562045813,1.040576374625516,1.1494832158824693,1.2535991393521044,1.352511142035269,1.4459801715489675,1.5338907203893086,1.61621593788675,1.692992874966194,1.7643041445944618,1.830263597595604,1.8910045596525151,1.9466698204369093,1.9974029874299504,2.043341078085064,2.084608371082936,2.121311603912659,2.153536614297764,afford
NZL,Male,CKD,combo,1162.996640040908,0.0,64.04353968788746,0.0,2.5526859939021733,5.744423565496732,8.994384174211405,12.269200057742182,15.5477697683732,18.80792529690075,22.02707115721205,25.183671067125715,28.25863279902012,31.236092327731058,34.10355181288321,36.851604400469,39.47349519111072,41.964673367631576,44.32240174343247,46.545437408667,48.63377334463155,50.588423399018666,52.41123340241484,54.10470488847568,55.67182259137565,57.11588153868263,58.44031360528845,59.64851659184524,60.74369113476064,61.72869203036976,62.60590091430913,63.37712677993886,64.04353968788746,afford
NZL,Female,CKD,glp1,888.122406216883,0.0,49.324234863437255,0.0,1.9080448836111827,4.280948773408909,6.692439812584098,9.124047824585205,11.564593012352589,14.00109009894129,16.41968096978394,18.80664276795494,21.14907506822078,23.435279633290293,25.654919115137204,27.799042084139955,29.86004001923027,31.83157735547013,33.70851580201588,35.48684060773405,37.16358858668707,38.73677410953599,40.20530850320483,41.568909226337496,42.82799695911558,43.98358078864533,45.03713361466248,45.99046151807136,46.8455719996548,47.60454665113059,48.26942396002892,48.84209760791055,49.324234863437255,afford
NZL,Female,CKD,diet,25.84100811328404,0.0,1.68436070677717,0.0,0.0103102378437824,0.0264564397895128,0.0508707504865242,0.0860101178202512,0.1335845481564774,0.1938362565030047,0.2653779368963569,0.3456997743927559,0.4319386105208878,0.5214621731645366,0.6121282912338302,0.7023090865149015,0.7908101881077982,0.8767683822089793,0.9595630641790648,1.0387498901441177,1.1140142222261602,1.1851392344756275,1.2519839043255845,1.3144672836638165,1.3725565891502356,1.4262575482475768,1.475606077656039,1.5206608050959858,1.5614962280266127,1.5981964773866366,1.6308497523582446,1.6595435359315616,1.68436070677717,afford
NZL,Female,CKD,combo,912.1619431851722,0.0,50.91232921823871,0.0,1.9174053463162863,4.304708433457449,6.738066122280884,9.201282843370109,11.68479866711266,14.175939325127615,16.659682578645516,19.12010473702309,21.54175352634548,23.91055735552277,26.2142254036288,28.442302317945405,30.58605845234661,32.63833180023687,34.593375196842544,36.446724541537606,38.19508604315024,39.83623428569626,41.36891237310476,42.79272733244932,44.10803672746499,45.31582527018543,46.4175727334723,47.41511647569109,48.31051331012122,49.10590626645012,49.80340202193713,50.40496447947089,50.91232921823871,afford
ROU,Male,CKD,glp1,2120.648527791456,0.0,98.93204176044652,0.0,6.635160954720277,14.586731689801354,22.28448373735,29.64807969726644,36.64542706889733,43.25360295192377,49.45602699955839,55.24213980262971,60.607773969772325,65.55535795044102,70.09354600643769,74.23622733912566,78.00108348767981,81.4079468712905,84.47720441709635,87.22843105339871,89.6793619686614,91.8452415223362,93.73853154819426,95.36892584442558,96.74359951378142,97.86761778751088,98.74443464326168,99.37642282132788,99.7653904599806,99.913053152497,99.82144230212634,99.49324046951595,98.93204176044652,afford
ROU,Male,CKD,diet,359.23454754621434,0.0,20.08762027635976,0.0,0.2099517808042037,0.5289008614827253,0.9980321525913496,1.6551467719230004,2.519871992468097,3.5815372603979085,4.799231364295565,6.114610210874844,7.4682269505597105,8.810619185814858,10.106156682328674,11.33209596956317,12.47573030386252,13.531366465040264,14.497817609448248,15.376547594663862,16.170389498237455,16.88271018681371,17.516901143321093,18.076099135537103,18.56306339119056,18.980154897589728,19.3293781812522,19.61245722724425,19.83092583898383,19.986219301460324,20.079759120377275,20.113026191728068,20.08762027635976,afford
ROU,Male,CKD,combo,2454.6598119813707,0.0,117.75900688501996,0.0,6.828691045045844,15.069624795850586,23.194333413339336,31.157824702163225,38.94684540497133,46.52966132810229,53.85301606328767,60.85332216718393,67.47193440876299,73.66559683027458,79.40974105390433,84.69676120556323,89.53205372053458,93.92966071799174,97.90840132423092,101.4888096181021,104.69092525798852,107.53286306991208,110.03003857661588,112.19491052609874,114.0371034483178,115.56378583392984,116.78019816288156,117.69024630040826,118.2970970965864,118.60373251714624,118.61343518275156,118.33019132440496,117.75900688501996,afford
ROU,Female,CKD,glp1,2165.6059829590204,0.0,103.18781531310265,0.0,6.591280218839302,14.522602775138012,22.23360968946122,29.635749410219205,36.69419473965672,43.386536689063405,49.69687305785669,55.613525255958166,61.128761548877264,66.23936547719995,70.94721195892112,75.25940889364574,79.1878822657452,82.7484852057762,85.95980714384564,88.84187787938868,91.41493420132724,93.69836867681327,95.70992855231724,97.4651874030219,98.97727780166564,100.25685077482262,101.31221595121497,102.1496128498768,102.77356621692591,103.18728440373091,103.39306760909336,103.39270099551504,103.18781531310265,afford
ROU,Female,CKD,diet,364.3527268206615,0.0,20.848888278573213,0.0,0.2085632932146381,0.5262783005202891,0.9936313502041684,1.6475766834980732,2.507322311104872,3.56274339985589,4.774521186421225,6.08642384971904,7.440855797943186,8.789394141416778,10.096511405994988,11.33883418687128,12.502637341516447,13.581157744518803,14.572340525901382,15.477131118489524,16.298244532383933,17.039305990367666,17.704268684159842,18.29703560926509,18.82123089443462,19.280079694409096,19.676365465176104,20.012440568179272,20.290271607140312,20.51150526245692,20.67754395909651,20.7896236378283,20.848888278573213,afford
ROU,Female,CKD,combo,2504.09587744744,0.0,122.7047538470838,0.0,6.783530424194851,15.003064504036049,23.139263453126432,31.138088315878804,38.98310403450046,46.6435434340965,54.06828528193819,61.19461482387237,67.96212346677339,74.32298931890341,80.24607839815712,85.71651790120904,90.7330688228933,95.3048279492766,99.44800296102608,103.18306599865105,106.53239584104426,109.5184352683184,112.16234810174184,114.48313376583631,116.49713918590784,118.21789737398944,119.65621874269618,120.82046394846112,121.71693428463936,122.35032554847544,122.72420229020668,122.84146016050477,122.7047538470838,afford
BGR,Male,CKD,glp1,1170.2680927635524,0.0,51.17116901012548,0.0,4.00230252857682,8.80329474586074,13.43333270835592,17.830699641500814,21.966428599331948,25.81874313569756,29.37245908023533,32.61988188544274,35.56101780881204,38.20281189604111,40.55772838265398,42.642072593764624,44.47435500230768,46.073873414158925,47.45959070690594,48.64932111841847,49.65920125164598,50.503403995522376,51.19404735396006,51.74125082199862,52.15329630924328,52.436856738980055,52.597262153141855,52.63877970263764,52.56488987136993,52.37854644161996,52.08241196826816,51.67906389697441,51.17116901012548,afford
BGR,Male,CKD,diet,194.28305148240827,0.0,10.291333206580362,0.0,0.1251838903572206,0.3156270631429834,0.5952703090461,0.985453801619542,1.4959345095248864,2.117699960878099,2.8235326072797307,3.576406437418882,4.339754494604449,5.084162439007741,5.78940581580423,6.44351307973443,7.040737452359281,7.579531500052099,8.060932090898177,8.487407621777265,8.862090296134284,9.188293027213264,9.46922441139668,9.70783660776101,9.906759881536686,10.06829190055396,10.194420074969116,10.286862313435565,10.34711644933384,10.376511952220651,10.376259856383626,10.34749843138411,10.291333206580362,afford
BGR,Male,CKD,combo,1350.6679041665325,0.0,60.802444039938,0.0,4.117625867013203,9.091248033158536,13.975564452270191,18.728822922661266,23.33150187022329,27.75414475577736,31.95710918148643,35.899015650305046,39.54633122505379,42.87880025937966,45.88998683391128,48.58482252481508,50.976168454403705,53.08157144444431,54.920672874724914,56.513338218587705,57.87841808229416,59.033010401602496,59.9920985325648,60.76845929433705,61.372756144540745,61.81375158071569,62.098588707997465,62.233104840474994,62.22215038921274,62.06989450966364,61.78010536570787,61.35639770926707,60.802444039938,afford
BGR,Female,CKD,glp1,960.9054533122484,0.0,42.37863975763446,0.0,3.210931484301568,7.060348408549999,10.781495932671874,14.336529964512463,17.70857960572596,20.88021729452328,23.83428275178926,26.556727371637407,29.03879084619132,31.27787346154014,33.27729427972645,35.04535329650059,36.59408090988927,37.93794590971925,39.0926833980061,40.07432127302968,40.8984295434027,41.5795846745591,42.13102444869344,42.56446182018101,42.89002502325184,43.11629316536619,43.25040011821318,43.29818373144201,43.26436167046416,43.15271919074871,42.966297730314295,42.707576249662566,42.37863975763446,afford
BGR,Female,CKD,diet,158.42730365858836,0.0,8.47795707842829,0.0,0.1004314121696552,0.2531141685503826,0.4773902021837557,0.7908756407226747,1.2021915239747614,1.704961139902025,2.27791267269572,2.891362120745044,3.515438978620523,4.125645553025947,4.704743054309802,5.242207147245722,5.732726743106468,6.174631315056672,6.568595843492858,6.9166858486801175,7.221695774262343,7.486710098398817,7.714823863781703,7.90897395718423,8.071846013713184,8.205832245331976,8.313022962101286,8.395219762426109,8.45396198275239,8.490560523292515,8.50613495337268,8.501651079060707,8.47795707842829,afford
BGR,Female,CKD,combo,1107.1085548069814,0.0,50.2495196573409,0.0,3.3034520610488016,7.29116412610108,11.215922945285795,15.05622424745809,18.803369882880816,22.434464621156053,25.91323333390801,29.19869417453947,32.25481617165099,35.056496491500184,37.59109511989254,39.857051309161534,41.86129894345265,43.61655987052632,45.13899910318912,46.44638162551064,47.55671554442836,48.48731142594284,49.25417682041473,49.87167081153609,50.35235421973755,50.70698236871988,50.94459758742494,51.07268750583546,51.09738273035475,51.02367377495944,50.85563231229855,50.59662602072581,50.2495196573409,afford
ISR,Male,CKD,glp1,2914.9083247428616,0.0,175.40258689493294,0.0,5.24585082360727,12.03512633437822,19.214230942548284,26.68983736681457,34.38238341649708,42.20687920402952,50.07844814141731,57.91757730743052,65.65419733313865,73.23038768461015,80.60170317253733,87.73726614652628,94.61886230467552,101.23931848952748,107.60043895073797,113.71074598332144,119.58322448534408,125.23321817573697,130.67657531400027,135.9280983126887,141.00031688617992,145.9025788860722,150.64043612577416,155.2152929883664,159.62428180738425,163.8603292206135,167.9123803710536,171.7657516729173,175.40258689493294,afford
ISR,Male,CKD,diet,125.89718824300644,0.0,8.848359873918525,0.0,0.0413577763533794,0.1084099721588245,0.2123660129723248,0.3648759192569741,0.5746819840874196,0.8442665055792986,1.168771723230293,1.5378800154328474,1.939067113978581,2.3602903727246485,2.791383038293361,3.2244220040549862,3.653566335992764,4.074712139853091,4.485128458524741,4.883131933025197,5.26781190457541,5.638802666662286,5.996096713650331,6.339893458647111,6.670478939809527,6.988132744226732,7.293058760474196,7.585336590419047,7.864890639013993,8.131474120804796,8.384665484176821,8.623875041108931,8.848359873918525,afford
ISR,Male,CKD,combo,3032.349201518479,0.0,183.74697076787288,0.0,5.283520701227417,12.132851844437257,19.40544539917778,27.01878765241213,34.901594257878514,42.97156029849407,51.139829699256325,59.31785746426999,67.424391408249,75.3906173134169,83.16278053418068,90.70264935365594,97.9864977849204,105.0031963914023,111.75183725813122,118.2391925811744,124.477218201092,130.48074783939865,136.2654711390005,141.84624560654402,147.23575865836074,152.44353103035655,157.47523621907476,162.33230122198665,167.01175012744625,171.50625244051434,175.80434088089396,179.8907674436532,183.74697076787288,afford
ISR,Female,CKD,glp1,2711.985841940368,0.0,163.10388228538113,0.0,4.449183396435046,10.256758992365576,16.499480883914202,23.12526443865864,30.07956734143385,37.29058313511564,44.67528753307124,52.14612921332673,59.61734456282784,67.01024048593285,74.25703957521182,81.30316441998593,88.10806298758098,94.64481839129849,100.89885070559012,106.86602485550247,112.55044762358966,117.96218603033458,123.11508180981582,128.0247811263289,132.7070501658186,137.17640818455948,141.445080512784,145.52225418723629,149.41360693103115,153.1210744208206,156.64281946315123,159.9733682812648,163.10388228538113,afford
ISR,Female,CKD,diet,115.50564847456916,0.0,8.136766563173296,0.0,0.0350769280432814,0.0922675378635631,0.1815500515388066,0.3134875814610041,0.4964283760461967,0.7335869809539872,1.0219249790727645,1.3534902679243714,1.7179860823719082,2.104992713993852,2.505211376292209,2.9109057554567244,3.3159140777490848,3.715493418942742,4.106120714252029,4.485294857124245,4.851351261639138,5.203290599188222,5.540622164792239,5.863222915129427,6.171213529058605,6.464852553890978,6.744449040226755,7.010293313256625,7.262604869047209,7.5014959100426495,7.726948759906463,7.938805296130795,8.136766563173296,afford
ISR,Female,CKD,combo,2820.883539652512,0.0,170.8788430661334,0.0,4.48113249290941,10.33998249152114,16.663141375118812,23.408389192336926,30.529153859213693,37.957030375292106,45.606714726193104,53.38381288129358,61.193434450244695,68.94748905228471,76.56968667749743,83.99825766901085,91.18682206842982,98.10388586539376,104.73138447311952,111.06262821331757,117.0999437065625,122.8522454768554,128.33271342122816,133.55669679275798,138.539917142979,143.2970033547008,147.84036217537275,152.1793670887837,156.31983572999025,160.26375975570863,164.00924943528798,167.550656642974,170.8788430661334,afford
NGA,Male,CKD,glp1,7258.233934117332,0.0,417.56955410687806,0.0,15.896204891083473,35.33397063696248,54.6151730797319,73.61386921517988,92.33602313089068,110.7989231569736,129.02163105065847,147.02156301864306,164.81145955389002,182.39663250303784,199.77292699504324,216.92557745757225,233.82886833936936,250.4463799107544,266.7315844815457,282.62860784109944,298.0730444201763,312.99278742123715,327.30889330309947,340.93653740939044,353.78613288321503,365.7646801882293,376.77739357084647,386.7296189568442,395.5290208947263,403.0879798314709,409.32610998814926,414.1727858806335,417.56955410687806,afford
NGA,Male,CKD,combo,7258.233934117332,0.0,417.56955410687806,0.0,15.896204891083473,35.33397063696248,54.6151730797319,73.61386921517988,92.33602313089068,110.7989231569736,129.02163105065847,147.02156301864306,164.81145955389002,182.39663250303784,199.77292699504324,216.92557745757225,233.82886833936936,250.4463799107544,266.7315844815457,282.62860784109944,298.0730444201763,312.99278742123715,327.30889330309947,340.93653740939044,353.78613288321503,365.7646801882293,376.77739357084647,386.7296189568442,395.5290208947263,403.0879798314709,409.32610998814926,414.1727858806335,417.56955410687806,afford
NGA,Female,CKD,glp1,4480.05061040486,0.0,252.11983546861305,0.0,9.493000328253402,21.53872143622175,33.710027360624736,45.92588672929378,58.116059464835416,70.20817635897583,82.1392364845251,93.85793867023312,105.32390786145696,116.50616038032604,127.38147573602328,137.93279862128838,148.14765555597114,158.0165604013273,167.5314065767343,176.68387204196915,185.4638881458668,193.8582428164591,201.84940038127388,209.4146226819139,216.52546791417623,223.14772497574089,229.2418138150861,234.7636494523649,239.6659328599235,243.8997997181796,247.41673166108376,250.17061650611868,252.11983546861305,afford
NGA,Female,CKD,combo,4480.05061040486,0.0,252.11983546861305,0.0,9.493000328253402,21.53872143622175,33.710027360624736,45.92588672929378,58.116059464835416,70.20817635897583,82.1392364845251,93.85793867023312,105.32390786145696,116.50616038032604,127.38147573602328,137.93279862128838,148.14765555597114,158.0165604013273,167.5314065767343,176.68387204196915,185.4638881458668,193.8582428164591,201.84940038127388,209.4146226819139,216.52546791417623,223.14772497574089,229.2418138150861,234.7636494523649,239.6659328599235,243.8997997181796,247.41673166108376,250.17061650611868,252.11983546861305,afford
EGY,Male,CKD,glp1,37877.09710732325,0.0,2268.331908301345,0.0,74.58622062881477,167.8122242078316,262.5706862752304,358.2320322909364,454.50735174492,551.0481897614918,647.4678394828588,743.3803348242873,838.4341219020826,932.3333292911702,1024.845682983152,1115.799196069791,1205.07081356661,1292.5701690323913,1378.2211552156075,1461.9434567540084,1543.6356707896157,1623.161185401383,1700.3375939046564,1774.930085732005,1846.6489645525107,1915.151197901374,1980.045698525592,2040.9018752898191,2097.260870040765,2148.648814971435,2194.591400813486,2234.62903706808,2268.331908301345,afford
EGY,Male,CKD,diet,1066.106231507536,0.0,73.23219175302074,0.0,0.3741801137839502,0.9659014091448626,1.873339346384455,3.198952859573182,5.018562918132375,7.350190256896894,10.144520841997291,13.303961866949976,16.71473868760586,20.27262089364376,23.894989281121525,27.52227033266536,31.114202445223786,34.64474211675042,38.09739045709648,41.461487341810425,44.729478796252806,47.89499289598825,50.95154303437812,53.8917086983929,56.706680793668056,59.38608808815843,61.91804177133236,64.2893482361178,66.48584833100176,68.4928464756158,70.2955966065274,71.87981485830096,73.23219175302074,afford
EGY,Male,CKD,combo,38837.64106115878,0.0,2334.91875107287,0.0,74.92043357241346,168.66312460912013,264.2170697335896,361.0447973479386,458.92645255628304,557.5320784317155,656.4338676188963,755.1613812392534,853.2633054803155,950.3515403446144,1046.1200495604353,1140.3431058934077,1232.8608599995569,1323.5587411691522,1412.3449796170353,1499.1289008595631,1583.8016384646326,1666.2203005096708,1746.1962151864027,1823.487568965364,1897.7964918044745,1968.7704226423484,2036.007401740655,2099.064785151193,2157.4707618936663,2210.737976725796,2258.3785199688973,2299.9195389995184,2334.91875107287,afford
EGY,Female,CKD,glp1,42248.9168537422,0.0,2567.167352620112,0.0,87.2741178747965,192.8325549573165,297.6857690953402,402.0341711694418,506.1885417133053,610.2105255402457,714.0056610167449,817.407400790642,920.2352738569424,1022.327890099732,1123.5556802709216,1223.8191194415922,1323.0375974860435,1421.1331011189177,1518.0119092072564,1613.546706496316,1707.5608843354894,1799.816278094764,1890.005152237656,1977.7468629711768,2062.589295237827,2144.014883337648,2221.45078379432,2294.282577081424,2361.87073282482,2423.5689813053905,2478.743691351556,2526.793358414463,2567.167352620112,afford
EGY,Female,CKD,diet,1188.683382741463,0.0,82.81200840263045,0.0,0.4378320698087918,1.1090903318072378,2.119379954707256,3.5775976575787354,5.5634701090275485,8.095584783641243,11.122601875675173,14.544030192544597,18.24372406776092,22.116057479528536,26.07773180296499,30.06872142717112,34.048110489431565,37.98871141440031,41.872230149267125,45.68548836861737,49.417678557758336,53.05846935293448,56.59677052336701,60.02000266958203,63.31375515149557,66.46174521634384,69.44601093776873,72.24728274461086,74.84548567994352,77.22032923588267,79.35194515676994,81.22153693844302,82.81200840263045,afford
EGY,Female,CKD,combo,43323.35346349093,0.0,2642.773280803718,0.0,87.66518394021114,193.8100541864624,299.5498762499737,405.1831940225384,511.09366222002063,617.3622671708654,723.8518845394246,830.309015889372,936.4513047261862,1042.023809705901,1146.822494095955,1250.6935962075695,1353.5190519385103,1455.1955655190068,1555.6121088433028,1654.628726859013,1752.0584129071794,1847.653153755291,1941.0947945364128,2031.991021928272,2119.8764632656384,2204.218636899517,2284.4282651288304,2359.8732792292867,2429.8957101047126,2493.8305699700577,2551.025790416156,2600.862288431541,2642.773280803718,afford
BGD,Male,CKD,glp1,4992.01598277921,0.0,273.8388210871017,0.0,11.49534353704803,25.669992455375905,39.84743180249279,53.896921493753325,67.76696233761868,81.41860864576302,94.81800452036988,107.9322868313011,120.7279522271656,133.1710785955529,145.22853369418226,156.86939938739488,168.06609730803757,178.79497263811209,189.03630396089284,198.77383878218825,207.99401493160985,216.68503721708112,224.83595686432812,232.43586507241707,239.47327296784715,245.93571511114715,251.80958561404623,257.08019551946927,261.7320266320021,265.7491490846587,269.1157661010948,271.81684835915803,273.8388210871017,afford
BGD,Male,CKD,diet,1341.9363746990512,0.0,86.02619670458807,0.0,0.5540166679784306,1.4194343069229944,2.7271042212487373,4.608583644077953,7.154020758551269,10.37241833191365,14.182795373955742,18.44280577582504,22.99220868683369,27.685905435602763,32.40845903554691,37.075125647164896,41.62679494624536,46.02362358849496,50.239419363257184,54.25729822217545,58.06651928636347,61.66024264939915,65.0339666146283,68.18445661036094,71.10903159941518,73.80511406365986,76.2699771468724,78.50064062750243,80.4938792273606,82.24631463224796,83.75456799524545,85.01545353561232,86.02619670458807,afford
BGD,Male,CKD,combo,6303.750229749463,0.0,358.1496649131732,0.0,12.035221664602432,27.04910044969438,42.49581329402099,58.373208126247846,74.71827896954164,91.50181850722764,108.61212682976112,125.87853183629522,143.11194486258864,160.13724942389308,176.80872762337458,193.0125872974604,208.663245501708,223.697775052824,238.07048774638315,251.7482668655357,264.7067208638182,276.92708223866794,288.3937645310725,299.0925078268083,309.0090559016644,318.1283119558393,326.43391832807174,333.9082025714051,340.53243013675456,346.2873035015218,351.1536488611746,355.11323406833253,358.1496649131732,afford
BGD,Female,CKD,glp1,2819.8353790964347,0.0,162.13490046861625,0.0,6.1726943546236726,13.734314756083222,21.267517870343,28.732256721815247,36.12646022638455,43.44850952031629,50.693429795865086,57.85205294438856,64.91176834698854,71.8578992283401,78.67501960839036,85.34787407729164,91.861825766131,98.2029056488518,104.357592823897,110.31245636694256,116.05376415431964,121.56713181825762,126.83725582418629,131.84775249077393,136.58110992962975,141.01875096591905,145.14120019580332,148.92834567280624,152.3597839780159,155.41523582849732,158.0750175912981,160.3205521216587,162.13490046861625,afford
BGD,Female,CKD,diet,763.4846761693761,0.0,50.897868798483614,0.0,0.2974922452531245,0.7596061092008313,1.456728822436162,2.4607461710165808,3.822812960825104,5.551887175507545,7.60924895104381,9.92297655420316,12.410744233735386,14.997460264272377,17.6231852185756,20.24381208023988,22.82839656269244,25.35572209985912,27.8112499140334,30.184770765758003,32.468723907461026,34.657046572374384,36.7444147305996,38.72576290819416,40.59600073309048,42.34986841218597,43.98189137727968,45.486406800517216,46.85764289254803,48.08983704187631,49.177381878898814,50.11498998721436,50.897868798483614,afford
BGD,Female,CKD,combo,3566.214955671521,0.0,212.0212453815202,0.0,6.462594578953031,14.472400230581115,22.68240355930084,31.12281564982368,39.84174451391755,48.84678838673426,58.09577891071331,67.50991416315082,76.99663858711028,86.46819468899412,95.85069325108088,105.08574849388242,114.12837199193928,122.94370984383022,131.50387377091465,139.7853076559768,147.76676399098687,155.42783246023828,162.74793064827463,169.70567060560097,176.2785289155563,182.44276265107328,188.17352610088528,193.44515250431505,198.23157121465732,202.5068340615053,206.24572579158848,209.424433068416,212.0212453815202,afford
USA,Male,CKD,glp1,123556.56565199912,0.0,6220.440258995528,0.0,299.9953899522516,674.757231217809,1055.7166885361512,1438.0619978858304,1818.2967797973247,2192.928440007963,2558.624521077945,2912.358979027704,3251.509482693611,3573.9095442885737,3877.8655553519056,4162.148874457314,4425.970935275094,4668.946918607035,4891.05168137468,5092.5705005933705,5274.046616362393,5436.227320095495,5580.010242313554,5706.3914237276185,5816.416640542608,5911.137280127543,5991.57183228372,6058.673791773152,6113.306479712992,6156.225003052037,6188.065297030276,6209.339945837637,6220.440258995528,afford
USA,Male,CKD,diet,4312.51954664012,0.0,257.3507030603941,0.0,1.948886822414352,5.015639931822079,9.66450665931916,16.354093229747377,25.385049108837848,36.75915233847627,50.15132726552838,65.01544963962806,80.74181210971437,96.77663048781687,112.67563036928186,128.1097685896093,142.84913996430987,156.74182109734102,169.69483721678262,181.65908002614745,192.6178643252352,202.5782694816444,211.564472321028,219.61248937359773,226.76594561047384,233.0726327674201,238.5817149196664,243.3414948992868,247.3976851342013,250.7921402786305,253.5620133383636,255.73929627340112,257.3507030603941,afford
USA,Male,CKD,combo,127581.44185192956,0.0,6464.1595063207205,0.0,301.7639420939668,679.260003255069,1064.3839394848037,1452.7506303517875,1841.1519263297232,2226.116606464828,2604.036824716736,2971.4056599421165,3325.0548104106274,3662.31529619325,3981.084741110215,4279.826589593431,4557.532267598639,4813.666888609572,5048.108770028004,5261.087069435351,5453.119319805279,5624.9498900976905,5777.490342527031,5911.762767603141,6028.847239467097,6129.834488057706,6215.784737355047,6287.693438598028,6346.46436521734,6392.890259074615,6427.640945915089,6451.25858627267,6464.1595063207205,afford
USA,Female,CKD,glp1,112667.386379394,0.0,5782.124239354991,0.0,263.3786395953066,590.331138784095,922.431862179612,1256.8828397080797,1591.63416231249,1924.2726945882605,2252.190335956592,2572.7575647251506,2883.4668592465896,3182.041864858169,3466.5136348162923,3735.2676114992646,3987.06569336608,4221.047662698475,4436.715948491925,4633.907384253835,4812.755339286072,4973.645334547371,5117.166970451784,5244.064676845752,5355.18944441792,5451.453323331109,5533.788095602693,5603.109159256914,5660.285317758011,5706.114856420696,5741.308012848414,5766.47571219207,5782.124239354991,afford
USA,Female,CKD,diet,3897.521798764282,0.0,236.54542782559287,0.0,1.7110101595171727,4.385186115818215,8.42713267650106,14.240058321505783,22.09695114637725,32.01967150454584,43.75194319833827,56.84505635012465,70.78836667441647,85.10962407301122,99.42128562284051,113.42735237412852,126.91205160028768,139.72407163157186,151.76220761801233,162.96390437213995,173.2964574108628,182.75021198412287,191.3331608497101,199.06651667850383,205.98099409244605,212.1136489056953,217.5051918142999,222.19773230412105,226.2329269289476,229.6505125205731,232.48720475927985,234.77593925099063,236.54542782559287,afford
USA,Female,CKD,combo,116331.4043362412,0.0,6008.300983485198,0.0,264.93132631228946,594.269629511633,929.9957277873182,1269.688322155911,1611.5607186222187,1953.2390087902604,2291.901528733812,2624.5258144660474,2948.148205980164,3260.0641898977046,3557.9481132723595,3839.908088194177,4104.4992708589125,4350.712113753616,4577.944926916927,4785.965831018519,4974.867323759332,5145.016011766638,5296.999818032258,5431.574809082304,5549.613575731986,5652.056828246088,5739.869549779949,5814.002717686715,5875.361273594841,5924.778716134213,5962.998414238769,5990.661498431029,6008.300983485198,afford
JPN,Male,CKD,glp1,10968.885040861507,0.0,511.2510254469162,0.0,34.84076106725479,78.00820980389472,120.58104086553068,161.5367914260969,200.2606501362352,236.3181759348845,269.4316812054676,299.469501196636,326.4336599942908,350.44062821397165,371.6951516519002,390.4601956937113,407.0269271214711,421.6880876049254,434.7169100599895,446.3524637179653,456.7912895768168,466.1845067996037,474.6392165392972,482.2229334073672,488.9698544052698,494.8879567211952,499.9661416997769,504.18087216726417,507.5019588812975,509.897325696631,511.3367170995407,511.7944067263052,511.2510254469162,afford
JPN,Male,CKD,diet,2399.530734405598,0.0,135.29899662678508,0.0,1.4308963972835045,3.669799076302297,7.004368499423435,11.687634239984618,17.82682095851851,25.29861814799733,33.76061890316487,42.75804779061946,51.8513481169357,60.69760467123706,69.0731843688045,76.8591203040778,84.01304931634877,90.54158129893403,96.47836299092889,101.86858619384655,106.75898946934468,111.19202948303428,115.2030119317169,118.81920985528632,122.06023170769912,124.93909909814464,127.46365198184505,129.63802251297966,131.46401366755163,132.9422900788959,134.07334039218404,134.8582063257236,135.29899662678508,afford
JPN,Male,CKD,combo,13356.738171246005,0.0,647.3972545751094,0.0,36.214897933386965,81.52522840781239,127.30747230273482,172.7938862640658,217.48546275413173,260.8401776978244,302.2567106127899,341.1647307735475,377.136344133989,409.947715190945,439.5771902719353,466.1629125324762,489.9466908439208,511.2210512459751,530.286933786414,547.4238296415133,562.8714271506069,576.8207463156432,589.4124635201406,600.7402391650976,610.8571523536957,619.7837098870623,627.5162698909407,634.0350669633044,639.311325403014,643.3131905109476,646.0103935708321,647.3776975461478,647.3972545751094,afford
JPN,Female,CKD,glp1,8843.630928187893,0.0,414.5860215083849,0.0,29.058346889021777,64.20613422397946,98.14676614513156,130.46447011227065,160.9797240533626,189.5382853315714,216.00352331181784,240.2707222243625,262.2846070044252,282.0510721593091,299.63957908446173,315.1765784398376,328.83245262122364,340.8051498632012,351.30340942340626,360.53174106870574,368.6784706006001,375.9074004480499,382.3530515825805,388.119068281434,393.27915886945993,397.87987501744647,401.9445580991669,405.4778665303638,408.47041329934655,410.9031662812995,412.7513807500691,413.98793496360304,414.5860215083849,afford
JPN,Female,CKD,diet,1928.00594902326,0.0,109.12606850697556,0.0,1.1934149140470254,3.023537324646896,5.721753147590789,9.495112821823568,14.436651625357626,20.45556932285035,27.283259886909946,34.55607092320497,41.9165903232788,49.080003886705526,55.85472087697417,62.13352731212581,67.87352180466405,73.07549510779063,77.7668717494962,81.98896362322557,85.78803873687139,89.20942579648909,92.2939248454568,95.07591926051828,97.58270469334455,99.83465050665107,101.84589136212526,103.6253155457416,105.17767541663852,106.50469545409942,107.6060952756925,108.48047897196376,109.12606850697556,afford
JPN,Female,CKD,combo,10777.190135526856,0.0,525.3547044081424,0.0,30.204422477090706,67.10708879426602,103.65320477253772,139.63649212890596,174.97829075502523,209.446554319442,242.6507221836728,274.13435635040514,303.49122068872384,330.4431606110229,354.86453772420646,376.768631043371,396.2760603230236,413.5788623535264,428.9072784861055,442.5022762203298,454.5947267717347,465.3910934177948,475.0649299446559,483.753210575178,491.55641031754567,498.5412729721356,504.745303581316,510.18217016710696,514.8473692658044,518.7236803726992,521.786091518341,524.006012982747,525.3547044081424,afford
GBR,Male,CKD,glp1,8654.772187070248,0.0,457.2863202416738,0.0,19.24247902547449,43.93510961118409,69.59280530334672,95.69396019665874,121.83828448552504,147.66462404874437,172.86573585665337,197.20025853653715,220.4957606636808,242.64341728483944,263.5871679503989,283.31056045707555,301.82385536990296,319.15302573094414,335.3314049412993,350.3940697903445,364.3746243269061,377.30384086913546,389.2095619776365,400.1173161690667,410.05120413941495,419.0347368774719,427.0914292402904,434.24505866529216,440.5195820704757,445.9387628941249,450.5255960305685,454.3016343155823,457.2863202416738,afford
GBR,Male,CKD,diet,195.8786600121275,0.0,12.314563454566269,0.0,0.0812485390497386,0.2118361842603917,0.4111031211823501,0.6980109535907104,1.0848636493465165,1.571660217515273,2.145156696308732,2.783318872885502,3.461740136700428,4.158423474172196,4.8558577291769325,5.541151048551001,6.205286363329833,6.842185435295505,7.447882807644419,8.019891805352017,8.556752318958388,9.057722080267013,9.522571232197151,9.95144655167951,10.344779817483868,10.703222220920908,11.0275928018591,11.3188336269086,11.577967944694135,11.806060026406158,12.004177001894275,12.17335389993059,12.314563454566269,afford
GBR,Male,CKD,combo,8836.903213707195,0.0,468.8556012954241,0.0,19.31661837957199,44.12643792777271,69.96361711757618,96.32420442313104,122.81965912778831,149.08950410243142,174.81508925071194,199.73546072051704,223.6561800355176,246.44837122193985,268.03983256623815,288.4020710459636,307.536784361846,325.4640462569005,342.2132253963655,357.81680388277164,372.30675545999657,385.7129075311796,398.062656004241,409.38145621752847,419.6936241144304,429.0231128716432,437.3940577210015,444.8309920115125,451.3587240941724,457.0019257600725,461.78452024562193,465.7289745633289,468.8556012954241,afford
GBR,Female,CKD,glp1,10059.819154469653,0.0,558.7320320354738,0.0,19.50207608760411,44.54586139703315,70.89864133733681,98.25169835044473,126.33305245923113,154.82377958278357,183.3848789734302,211.6893108090389,239.447105420466,266.4198191365922,292.4249167841099,317.3326540349344,341.05848289302867,363.5536154144384,384.7956579630427,404.7804740497131,423.5158001143554,441.0166795853784,457.3024944587396,472.3952318287993,486.3185875957315,499.0975442257477,510.7581329075474,521.327179005868,530.8319168275557,539.2994350751778,546.7559726034033,553.226123512648,558.7320320354738,afford
GBR,Female,CKD,diet,224.44779438000933,0.0,14.822625663047802,0.0,0.0823446494841846,0.2144061096169025,0.4163109745622932,0.7084191413678127,1.1052643766624897,1.6098578175497096,2.212274306508334,2.893364304943134,3.630546646213588,4.402335470932485,5.1905166564683896,5.980578929349576,6.761314357793708,7.524187255832658,8.26273971687624,8.972114256343048,9.64869542366796,10.28984794644748,10.893725978381552,11.459131651576172,11.985406016739944,12.472339993117204,12.92009680846786,13.329140584310151,13.700168258686972,14.03404397608574,14.331736449508751,14.594260659467182,14.822625663047802,afford
GBR,Female,CKD,combo,10271.33773929145,0.0,572.8997985931419,0.0,19.57721564331314,44.73963367097076,71.27461818637676,98.89254567362332,127.33544477513716,156.28807736464478,185.4033205747492,214.3373912007737,242.7801337561013,270.47360597987426,297.2185068059489,322.8715265229557,347.33745354022267,370.55921301689887,392.5079954452776,413.1747096511481,432.56328912384834,450.685898793221,467.5597999690044,483.2054921937943,497.6457196501988,510.9049682846799,523.0091566014289,533.9853143999862,543.8611330776548,552.6643482042582,560.4219745594673,567.1594540327496,572.8997985931419,afford
DEU,Male,CKD,glp1,23555.36487539681,0.0,1163.1690200814446,0.0,62.56938649824588,140.12386248039184,217.56419672257107,293.20472407552006,366.20737423981336,436.1821172016898,503.0270342645599,566.7852933587274,627.5395171913042,685.3473095744957,740.2114995975098,792.0754471823675,840.8340782215564,886.3530381745986,928.4903631700035,967.1168882332348,1002.133090768806,1033.481197356272,1061.1522086746445,1085.188076095128,1105.6796439411482,1122.7611949272796,1136.602536902421,1147.3995754229509,1155.364253596541,1160.714629576949,1163.6657216094245,1164.4215962572162,1163.1690200814446,afford
DEU,Male,CKD,diet,1314.6949554949351,0.0,77.58166946965139,0.0,0.652095043209556,1.666756567046832,3.1697386811938486,5.278310140805843,8.061183843961771,11.504767678998178,15.511375488131309,19.93097661331558,24.60235306242248,29.3812566752531,34.15090535178024,38.8212544513226,43.324165027301206,47.60842808696907,51.63597373467201,55.37931369015496,58.81986394579872,61.94677658857108,64.75600825774745,67.24945958172248,69.43410327938909,71.32107504080705,72.92473572417293,74.26173178239333,75.35008814688263,76.2083678061972,76.85492776714091,77.3072939679223,77.58166946965139,afford
DEU,Male,CKD,combo,24788.42231240024,0.0,1236.7688278435237,0.0,63.1674294196273,141.63862306420924,220.4427085455318,298.004775374,373.5538498142596,446.6921333089085,517.2323608193692,585.0829668308943,650.1798691750082,712.4480259977536,771.7817342288654,828.0396731266264,881.051806790194,930.6341723405058,976.6072042550368,1018.8138873456264,1057.1351300237584,1091.5008542873184,1121.8962105088322,1148.3629991702585,1170.9968376143588,1189.940885116579,1205.3770721819528,1217.515803793256,1226.5850505135932,1232.819630743219,1236.4513430803818,1237.7004470867942,1236.7688278435237,afford
DEU,Female,CKD,glp1,30219.130380146853,0.0,1562.4445461786345,0.0,69.20713510648056,156.66083165928285,246.5686699223625,336.99398140044286,426.6268810529182,514.5615227121634,600.2360072047013,683.3246066608772,763.6313200881305,841.0085378221993,915.306168608935,986.3475705852252,1053.9254268722616,1117.810508833274,1177.7673446924382,1233.5722392336538,1285.0304535901814,1331.9905030727168,1374.354440721119,1412.0836873698936,1445.2004794092318,1473.7853647605043,1497.9714121524305,1517.9359303339224,1533.8905412384993,1546.070431488453,1554.7235360505256,1560.100301325394,1562.4445461786345,afford
DEU,Female,CKD,diet,1663.3704297792974,0.0,102.91405363706872,0.0,0.7212733300293621,1.8592688187527528,3.564555663149804,5.978807052830234,9.190894179802854,13.1995261801203,17.9102415606867,23.16862004654832,28.803862690791,34.65877359232036,40.60120701274718,46.52384365774196,52.33981031504664,57.97824939396378,63.38115295933312,68.50144338261816,73.30188644349982,77.75442698344341,81.83965583872123,85.5462372631664,88.87021722715144,91.81419358796484,94.38636587574727,96.59950238404416,98.46987086025548,100.01618020514798,101.2585768549543,102.21773278164984,102.91405363706872,afford
DEU,Female,CKD,combo,31792.412553116385,0.0,1661.1488657869122,0.0,69.86862213034692,158.3511588295769,249.807802276202,342.4362913832447,435.0141686332609,526.64127537881,616.675409587453,704.6537143349778,790.225698375576,873.0996113284491,953.0025918766296,1029.656911035534,1102.7722278632937,1172.0505694927815,1237.1992950869171,1297.947505109838,1354.0623446806858,1405.3627925324035,1451.729539615666,1493.1103620997274,1529.5209865450452,1561.0418599659788,1587.8115062597135,1610.0173009615137,1627.884552188385,1641.6647575580864,1651.6238332560242,1658.0309989433515,1661.1488657869122,afford
GLB,Male,CKD,glp1,600326.7302122138,0.0,34223.22213030851,0.0,1279.0702882048208,2877.990252200514,4500.383115829434,6128.336582776508,7752.607938535861,9365.447465214644,10959.984336756286,12529.982837350108,14069.781689851312,15574.321603864664,17039.188437810284,18460.630972183422,19835.53907875216,21161.385156729608,22436.139748906367,23658.17392348172,24826.159140276955,25938.97211464076,26995.609043582343,27995.111159199267,28936.50211574207,29818.737089470844,30640.66342536733,31400.99292278802,32098.2861707554,32730.949548294306,33297.24549738481,33795.316425955505,34223.22213030851,afford
GLB,Male,CKD,diet,115334.40884086584,0.0,7665.994440482929,0.0,44.25685673917178,114.14478240103928,220.5093149606837,374.3400091321673,583.3525437307544,848.7133171239402,1164.245338110486,1518.6871638033772,1899.197282655048,2294.048541840166,2693.835855408339,3091.588280112599,3482.379635064164,3862.826991974493,4230.646982585546,4584.314359236159,4922.815654908074,5245.476669177762,5551.842972392682,5841.597148904344,6114.501180990948,6370.356117118383,6608.973885052372,6830.157990160165,7033.691094341455,7219.3282729687635,7386.795222826069,7535.790936663747,7665.994440482929,afford
GLB,Male,CKD,combo,710891.6491447812,0.0,41612.227998213726,0.0,1321.1457031606697,2985.888718773728,4708.658783664927,6482.069132387522,8304.335479887784,10168.99120413023,12063.47994398023,13971.013860177714,15873.817362144822,17755.713874604087,19603.33010787365,21406.237198830582,23156.57312455261,24848.51770989189,26477.793153026723,28041.245869558305,29536.51444076083,30961.77158384421,32315.52514722664,33596.46489072335,34803.34470356349,35934.892780740745,36989.744776996784,37966.39697959903,38863.17803997756,39678.23876504484,40409.5599108144,41054.977900630096,41612.227998213726,afford
GLB,Female,CKD,glp1,583744.1073125043,0.0,34002.73452792154,0.0,1216.3736354389694,2730.5065858147573,4264.075371260173,5802.750971639645,7340.1397890097,8871.052764285123,10390.781333037652,11894.727105839178,13378.282939159775,14836.881243373036,16266.117608244182,17661.881489945925,19020.45556761662,20338.56964289281,21613.410456967074,22842.596463064663,24024.128746014205,25156.328282523784,26237.76741243165,27267.20091960195,28243.50011597376,29165.59199190722,30032.404797760537,30842.821187426685,31595.6400791622,32289.54848513205,32923.1045876022,33494.733211457264,34002.73452792154,afford
GLB,Female,CKD,diet,111985.53752240737,0.0,7596.063400755869,0.0,42.08750232204329,108.24719525652472,208.6405724179931,353.5639916000655,550.3224461303325,800.2345537671354,1097.9031607907964,1433.260846254765,1794.7370452355826,2171.6859610654647,2555.474674242898,2939.5928588900715,3319.32007352286,3691.2967945988057,4053.147260235157,4403.190872100648,4740.234346355661,5063.425406461,5372.149910822511,5665.958613421419,5944.513941856916,6207.550407946459,6454.844553032424,6686.191888994072,6901.389334946638,7100.222322732443,7282.456156159518,7447.831430491293,7596.063400755869,afford
GLB,Female,CKD,combo,691468.4329420002,0.0,41356.002929928014,0.0,1256.3866245017853,2832.855145544978,4461.234471622855,6137.083315536613,7861.098081475939,9629.534002010012,11432.746339478646,13256.720331320888,15085.93940587528,16905.74214212119,18703.49438061728,20468.84083141084,22193.501912431908,23870.929672774044,25495.96558726137,27064.54515152308,28573.453816094203,30020.12671731494,31402.48319805273,32718.788611449767,33967.537801121245,35147.35634660593,36256.91711064405,37294.8708552795,38259.79069603467,39150.130894192494,39964.200903142686,40700.15566663328,41356.002929928014,afford
