iso3,sex,outcome,arm,averted_10yr,averted_yr1,averted_yr10,yr1,yr2,yr3,yr4,yr5,yr6,yr7,yr8,yr9,yr10,yr11,yr12,yr13,yr14,yr15,yr16,yr17,yr18,yr19,yr20,yr21,yr22,yr23,yr24,yr25,yr26,yr27,yr28,yr29,yr30
CHN,Male,IHD,glp1,409921.1544669797,5921.14568283828,14578.976273875218,5921.14568283828,14740.129173796391,14504.640370814363,14185.675025189761,13885.980170102324,13631.67006663233,13433.892480167327,13294.2796309439,13208.755755347665,13170.474563980242,13171.81838838826,13205.547825446818,13265.296938236104,13345.639944546856,13441.932211609324,13550.07790677948,13666.32010205998,13787.099666947965,13908.992870151298,14028.715145163238,14143.167965234024,14249.504023075802,14345.189619094832,14428.049522473942,14496.286505412543,14548.473925786559,14583.52444222616,14600.64095937647,14599.257311282214,14578.976273875218
CHN,Male,IHD,diet,558923.1504059138,0.0,33149.76247303258,0.0,326.74064082535915,790.8725909912027,1463.3655047258362,2413.0139046842232,3682.6852050542366,5266.187779300148,7104.083541480126,9103.400694836397,11166.728296429152,13213.578466039151,15188.395932523767,17058.920759591274,18810.454895915696,20439.695958843455,21949.717225440312,23346.44385638577,24636.45294307731,25825.7765769877,26919.393926501274,27921.15482631349,28833.94136176235,29659.93113841419,30400.872861534357,31058.321557380492,31633.80827310984,32128.93862038036,32545.427326828707,32885.08326752507,33149.76247303258
CHN,Male,IHD,combo,961546.6102157258,5921.14568283828,47351.08966554166,5921.14568283828,15060.6776389007,15280.624618176604,15622.256508844206,16256.017114269314,17250.372835674556,18610.703596723033,20280.542147015454,22164.64453810663,24160.457922463538,26181.12184800417,28164.544761239318,30072.3559243083,31884.389874394285,33592.499130458105,35195.40153453895,36695.00763414963,38094.11057837843,39395.13747632038,40599.64391039917,41708.277092578355,42720.99335670937,43637.37499787379,44456.94359475421,45179.40979124163,45804.832681880565,46333.685893297195,46766.843139051925,47105.50472759409,47351.08966554166
CHN,Female,IHD,glp1,365726.6243801031,5088.418532772572,14425.678785989061,5088.418532772572,12478.324368522735,12097.340873584617,11729.874142011511,11435.771433621063,11218.766532857786,11076.754898423678,11004.033502906212,10992.732517486671,11034.098006106564,11119.473332124413,11240.915428960347,11391.47238656669,11565.202786722337,11757.035148532479,11962.557922744076,12177.808600708144,12399.104463206604,12622.933742804686,12845.90783012053,13064.763566832524,13276.39908034238,13477.925708864583,13666.720797803719,13840.470083746128,13997.192866743077,14135.24738702923,14253.317272457294,14350.382379511371,14425.678785989061
CHN,Female,IHD,diet,528361.6949786335,0.0,33215.77064665663,0.0,270.7517271172255,662.3084876200883,1235.740712132305,2050.645231931354,3145.715114341234,4519.6256913340185,6127.277924149064,7895.410440651816,9745.795909051783,11612.308481342625,13447.489007190918,15221.6117508756,16918.58896697976,18531.4958599041,20058.8776529514,21502.088259009062,22863.545084741432,24145.690924421884,25350.46256904141,26479.101710252464,27532.180813202634,28509.748381365323,29411.5241845611,30237.096538908314,30986.091386424843,31658.297135080444,32253.74020549562,32772.71418189909,33215.77064665663
CHN,Female,IHD,combo,886878.870846869,5088.418532772572,47236.13957315986,5088.418532772572,12743.94498532894,12747.111530840397,12942.766907886253,13449.39468331798,14308.930713040987,15518.228040386923,17027.533708712086,18757.176357324934,20621.591333846678,22547.074641936575,24478.887257761206,26380.661116127972,28230.43149293447,30016.12326285953,31731.724325639312,33374.463231425034,34942.923307435354,36435.90918728034,37851.87127139885,39188.71675752336,40443.86625052709,41614.44488631049,42697.52457205253,43690.35885701212,44590.573692012345,45396.295483130496,46106.21209802199,46719.57278886228,47236.13957315986
IND,Male,IHD,glp1,238631.6260987447,3089.4732393545564,8917.1568106669,3089.4732393545564,7739.537661467795,7649.9008125033,7562.761275173747,7503.977562095737,7470.14900984813,7458.123975464376,7465.36107556941,7489.754610527656,7529.483372078277,7582.894004898379,7648.414325313643,7724.491055629216,7809.547032997478,7901.953819325194,8000.01646911609,8101.967923677759,8205.971077740425,8310.127017659135,8412.488276525866,8511.076207280625,8603.901752612786,8688.988998475019,8764.400943821296,8828.266911731102,8878.81097888085,8914.380727456184,8933.475544431014,8934.773626422742,8917.1568106669
IND,Male,IHD,diet,444832.02891782636,0.0,25439.974373718258,0.0,285.7411334643839,702.9614425745094,1307.6969763351372,2150.854455567198,3257.5145794658456,4609.870304657961,6148.024717968889,7789.647707772441,9454.407504652743,11079.705986443674,12624.930677357828,14068.477642955491,15402.338579138042,16626.987175217597,17747.506286809687,18770.98622927931,19704.918847436784,20556.28344724956,21331.081903886283,22034.152501148637,22669.150556324515,23238.625204388052,23744.148946464527,24186.47376686195,24565.698148840107,24881.43557755486,25132.978725152556,25319.455519139534,25439.974373718258
IND,Male,IHD,combo,679846.327628535,3089.4732393545564,34188.29215740017,3089.4732393545564,8021.884393781074,8344.448796665878,8855.0712659735,9630.02614152315,10690.859343921766,12017.005955028813,13546.887400346925,15197.1126204381,16886.45189551462,18551.285948079545,20149.754686405417,21658.785909631057,23068.726763872197,24378.27570188162,25590.644714575727,26710.9823501769,27744.785880665528,28697.00234125927,29571.57835227088,30371.28983893874,31097.740492579993,31751.45861596428,32332.048881014343,32838.372485302156,33268.73953752965,33621.10361396801,33893.25191694731,34082.98638752382,34188.29215740017
IND,Female,IHD,glp1,186347.7019741733,1990.6244747837773,7180.475271465257,1990.6244747837773,5184.865174594801,5237.502461978467,5293.749174038647,5365.254789352999,5447.402576567954,5537.0385037555825,5631.988929606159,5730.687356632552,5831.9709904610645,5934.946424142807,6038.889069057768,6143.164742250694,6247.168950018589,6350.28129960387,6451.832985977409,6551.085553547833,6647.219360791612,6739.330389581621,6826.434218529379,6907.47610948584,6981.3462386772735,7046.899145193398,7102.976479183417,7148.432121140882,7182.15872408147,7203.114714563824,7210.350787905743,7203.034957202617,7180.475271465257
IND,Female,IHD,diet,385946.06672644103,0.0,22250.843668686226,0.0,267.8950921854703,649.727887408575,1195.9708572046366,1950.4843912707875,2932.499304082594,4122.375365543412,5463.891135777347,6883.088106767624,8310.283695955877,9693.318387227599,11000.241204412421,12215.792375441408,13336.128096531029,14364.144518277491,15306.096337277675,16169.4231685868,16961.47190354555,17688.813866067096,18356.93128257699,18970.122310916544,19531.530084145954,20043.238939675037,20506.40474673966,20921.40054835449,21287.967026339844,21605.361908740364,21872.50486841891,22088.115648283623,22250.843668686226
IND,Female,IHD,combo,569264.0871424747,1990.6244747837773,29287.68300618138,1990.6244747837773,5449.577863889048,5879.533583126846,6475.877308755647,7293.696949486039,8347.528624886996,9614.973901615245,11038.424610672635,12543.264960312285,14059.410483336309,15534.288768268423,16935.431126284646,18246.951829493046,19464.295259566745,20589.578593136044,21628.21901519515,22586.761510533514,23471.60003968817,24288.29453663889,25041.26042700524,25733.680920231738,26367.5477375153,26943.773145518266,27462.339599544066,27922.467416267842,28322.78907772177,28661.523319455795,28936.6445665583,29146.044486805564,29287.68300618138
BRA,Male,IHD,glp1,100611.74931911033,1069.3591243812407,3769.7558856354444,1069.3591243812407,2728.9770964820345,2800.552406124174,2863.8735280671826,2927.439907872933,2990.3037051174906,3051.847010884798,3111.7649372925516,3169.930639752012,3226.3059046424023,3280.8850225136557,3333.660644270727,3384.603731193696,3433.6523082821222,3480.705603870898,3525.6214692330686,3568.2158612323983,3608.2637510297936,3645.5011782490765,3679.628367992729,3710.313916911575,3737.200071239611,3759.9090919377923,3778.0506500951305,3791.2301340517006,3799.057688504283,3801.15775203504,3797.178817546199,3786.8031126685673,3769.7558856354444
BRA,Male,IHD,diet,63706.64734124944,0.0,3805.573590137821,0.0,33.43117395201989,83.80928615818266,158.148648909264,263.14683866025007,402.767489372156,576.1257222122513,777.2996829560725,997.2915156509262,1226.6783591606218,1457.4682819083537,1683.7753855376795,1901.6973080160824,2108.8757363627956,2304.031431863332,2486.5872777422483,2656.3974520736374,2813.5652931085206,2958.325659275928,3090.97109484105,3211.8067364644958,3321.1238147257827,3419.185206024733,3506.218909117306,3582.4168609785847,3647.9374493412324,3702.9106361573504,3747.444924305106,3781.6355762356543,3805.573590137821
BRA,Male,IHD,combo,162332.35682910154,1069.3591243812407,7472.442102508998,1069.3591243812407,2761.0955441708793,2881.000360323902,3015.7111569556437,3180.187964119148,3377.3338869832805,3605.736953749263,3859.460560570413,4129.778101434102,4407.621021852217,4685.3045552837575,4957.146934618868,5219.338401011322,5469.513779735309,5706.30429009076,5928.975569383736,6137.168474249833,6330.725683255136,6509.580891302059,6673.690854545217,6822.995957861131,6957.399665644014,7076.760615011881,7180.8933619086165,7269.575196689635,7342.557282904803,7399.57884957784,7440.38342770579,7464.736261272745,7472.442102508998
BRA,Female,IHD,glp1,86613.90757405365,755.2063560117749,3645.439948727406,755.2063560117749,1956.938191360532,2037.905059883502,2118.0000297605584,2201.2353173476295,2285.6211680054403,2369.861007001062,2453.165264343901,2535.048105882932,2615.200796335208,2693.416066264588,2769.544198519623,2843.468014742786,2915.0885311183956,2984.3161880406115,3051.064652950081,3115.2455692014773,3176.763506481744,3235.5109179486753,3291.3632320712495,3344.1743745049607,3393.773076144338,3439.9603123130364,3482.508160063764,3521.1602745499695,3555.634085559941,3585.624712231016,3610.810495628859,3630.859961058595,3645.439948727406
BRA,Female,IHD,diet,56050.13363616739,0.0,3563.0806585689133,0.0,27.597741225443315,68.801806510819,129.5495999460545,215.5594880963763,330.35858729887696,473.52157285388967,640.4761295635253,824.0885633215366,1016.8363359852083,1212.3333814613143,1405.8821861280157,1594.3693824839575,1775.9042273961531,1949.4410539503733,2114.4777266035235,2270.842748942625,2418.5547443228133,2557.7331727566198,2688.542705029424,2811.1587928465015,2925.746329968417,3032.4464322716667,3131.368429093418,3222.585437615431,3306.132640163589,3382.007790685064,3450.1736722377245,3510.5622988401155,3563.0806585689133
BRA,Female,IHD,combo,140903.48610749166,755.2063560117749,7108.708399623429,755.2063560117749,1983.4522649958817,2103.9549972305977,2242.4027706103516,2408.322308297429,2603.147708049961,2825.2196409169846,3069.4021052585886,3328.390465556775,3594.6646125861444,3861.8784610729344,4125.351017637979,4381.946978720211,4629.720081712192,4867.545045617779,5094.823676179105,5311.276074495705,5516.800947207856,5711.384789866046,5895.04335308641,6067.78381239163,6229.580263518539,6380.358138581971,6519.985051043172,6648.26671472023,6764.947198605412,6869.713065769305,6962.201033769612,7042.008774357659,7108.708399623429
CAN,Male,IHD,glp1,22337.071524595754,298.360733456273,733.8619530416363,298.360733456273,738.3464144338723,739.1806465948721,739.3108420297976,741.3499712127632,744.8297119499584,749.2049498230008,753.9998812724807,758.838903135922,763.444362932587,767.6209698511557,771.2372502964536,774.209017083278,776.4865999449867,778.0458504961825,778.8821584590041,779.0065083431691,778.4426970460408,777.2250494143518,775.3962086995889,773.0047894718227,770.1028408844686,766.7431754673344,762.9766794097777,758.8497446971633,754.4019619077117,749.6641940770714,744.6571240156518,739.3903351473782,733.8619530416363
CAN,Male,IHD,diet,9002.608875211747,0.0,539.831837407386,0.0,4.397670355312584,11.15059305892646,21.294823684023868,35.84936216679125,55.45204476549043,80.02427212616749,108.71977009341572,140.2094518072554,173.08644542297407,206.1559717817363,238.54204180582383,269.66805882073095,299.18764459359227,326.91280509895296,352.7575839968995,376.6995168366848,398.75532569702773,418.96632118119305,437.3897699903864,454.0936200749893,469.1529497733609,482.6472129680915,494.65781659609274,505.26584987971,514.5499428321164,522.5843085513588,529.4370505050938,535.1688133401622,539.831837407386
CAN,Male,IHD,combo,31052.347301268514,298.360733456273,1257.961980322234,298.360733456273,742.5751006029641,749.8940608253324,759.7762429312024,775.8182421923957,798.1709744573418,826.2208364244216,858.6846701113391,893.9127527184173,930.2752328449897,966.4256843150397,1001.3861789774601,1034.5131302619775,1065.4187420996059,1093.8933514281634,1119.8454380157018,1143.2606547110445,1164.1756488232968,1182.661696001338,1198.8141459841972,1212.744966639133,1224.576763029363,1234.4374313812004,1242.4551147697748,1248.7534246945215,1253.447044407665,1256.6378865575643,1258.4119762162882,1258.837196068267,1257.961980322234
CAN,Female,IHD,glp1,14417.498980434939,214.01181505775094,499.08846800487663,214.01181505775094,507.1672430698054,486.7252509350619,472.82399683493713,464.97265610389513,461.42718919171966,460.9036096813652,462.4585600676146,465.39393882843797,469.1920117655318,473.468737786603,477.939238116036,482.3921977548016,486.6711424528585,490.6610126260566,494.2787097269684,497.46649403031915,500.18731548990763,502.4213629348451,504.1633093206292,505.41990029466615,506.20767298659484,506.55069968817406,506.47832866014505,506.0229456089801,505.21780926011706,504.095027812371,502.6837443262375,501.0085920176316,499.08846800487663
CAN,Female,IHD,diet,6295.547518834344,0.0,387.03814857271936,0.0,3.2390927383312373,7.924234964022617,14.802374228838744,24.590192605559423,37.74616838432485,54.25244082620702,73.57993314326086,94.87507532865857,117.226504279668,139.85582699235238,162.1875683081962,183.83645535270261,204.56256296808715,224.22519749247658,242.74719950785584,260.0909927771354,276.2439391412663,291.2099760409146,305.0050512755188,317.6546140147948,329.1920583011015,339.65748089882254,349.09642853919286,357.55850791177727,365.0958495757295,371.7614806899219,377.60768991969235,382.6844740552151,387.03814857271936
CAN,Female,IHD,combo,20508.248542557736,214.01181505775094,874.3605235324139,214.01181505775094,510.28187094237364,494.34011398936127,487.0529869135353,488.6204238179489,497.74258161283797,513.1226203044753,533.3124930391677,556.7958708348415,582.1791106473756,608.3282240008339,634.4022635182373,659.816181804501,684.1794720888793,707.23867505624,728.833715691384,748.8682928926537,767.291107406676,784.0843360469917,799.2564545389105,812.8373872882694,824.8747098443564,835.4301832117526,844.5762773878814,852.3925837765128,858.9621599140555,864.3679252522743,868.6892559759799,871.9989261692645,874.3605235324139
TUR,Male,IHD,glp1,84473.22231773374,882.8821929119076,3260.526069536165,882.8821929119076,2278.9251276490104,2323.530765240692,2366.98241400627,2416.0073422384157,2468.3549354007846,2522.054094356965,2575.6541603191,2628.1696767782705,2678.9980398127227,2727.8372779213532,2774.6075022571895,2819.377532359271,2862.2990499384323,2903.550585303834,2943.292731272202,2981.634851040595,3018.6126175919635,3054.17513198666,3088.1800940753164,3120.3954594131064,3150.5061231743603,3178.1243544841273,3202.802911665596,3224.049966873252,3241.3451377869205,3254.156055593223,3261.95499164208,3264.235125103951,3260.526069536165
TUR,Male,IHD,diet,23594.78963981071,0.0,1427.4820621390245,0.0,14.728345121940947,35.4830964912253,65.00479200320842,105.85536364352447,159.38906470574148,224.97721329389606,300.0598658402596,381.03891740257677,464.36289327946724,547.2105266686413,627.6713517892786,704.6227798051841,777.5111312759982,846.147862972517,910.5559033427853,970.8652454436524,1027.2463449643983,1079.8697078978876,1128.8827771068609,1174.3980082988855,1216.488133732084,1255.1860425377963,1290.487630198215,1322.3565522536373,1350.7301803646696,1375.5262829554704,1396.650089064904,1414.001475216981,1427.4820621390245
TUR,Male,IHD,combo,107295.15367029383,882.8821929119076,4648.963934976477,882.8821929119076,2292.9474308186473,2357.32626543731,2428.9747690365766,2517.0760424537875,2620.6981913561904,2737.3020503257867,2863.0197792854597,2993.4433942130854,3124.575942022202,3253.405666200677,3378.005733530372,3497.3484856696887,3611.03368125057,3719.0394754196313,3821.5314147197205,3918.729360350888,4010.8210417939845,4097.910073269188,4179.98851598629,4256.926639888232,4328.47463210969,4394.272532687086,4453.865758129279,4506.724322523936,4552.264378963766,4589.871048343382,4618.921725600172,4638.809191019842,4648.963934976477
TUR,Female,IHD,glp1,63959.33000580286,674.7093237628214,2713.50922537288,674.7093237628214,1710.6216766820944,1705.5744605431028,1709.1950089328384,1725.3969490627496,1751.348773009151,1784.4906220785851,1822.7357337130597,1864.4467331061387,1908.377258077191,1953.6076580660738,1999.4837188279562,2045.5607417715364,2091.553278487263,2137.290428638531,2182.676650848749,2227.658094356404,2272.1944382403453,2316.2361391472077,2359.706875500793,2402.4908678779466,2444.4246705214027,2485.2929751462216,2524.8279442723724,2562.711591229425,2598.58073948283,2632.0341167546576,2662.6411628177157,2689.9521494748187,2713.50922537288
TUR,Female,IHD,diet,20000.549046449516,0.0,1269.667311459998,0.0,12.053514512561378,29.059917218815826,53.34249056404951,87.02984613146691,131.25173472166352,185.4819638528861,247.57194517575408,314.50570742757554,383.3271135565665,451.7255536180892,518.1852299796446,581.8691130616353,642.4205801542703,699.7821481814171,754.0620127685397,805.4462671721849,854.1450378298614,900.3610331799719,944.2720009883487,986.0215416833671,1025.714901766536,1063.4177875360037,1099.157095936258,1132.9229507641285,1164.6717011349683,1194.3296778420336,1221.7975687131839,1246.9552995177364,1269.667311459998
TUR,Female,IHD,combo,83295.34622413263,674.7093237628214,3946.4263165643642,674.7093237628214,1722.0973742812057,1733.2468629261857,1760.0515063623097,1808.4679589075968,1876.765748971964,1961.9109465104411,2059.790146656931,2165.898993574694,2276.166037443996,2387.4504981234786,2497.6290739551914,2605.434325769529,2710.2183385599637,2811.7365410482453,2909.9815159987047,3005.0653173737373,3097.1394106417283,3186.3413519480673,3272.7599657766114,3356.4134336042334,3437.23667252835,3515.075670622813,3589.6872367981996,3660.7430921955965,3727.8375031829783,3790.497812334099,3848.1973104655917,3900.3699372429983,3946.4263165643642
ZAF,Male,IHD,glp1,11864.420057801837,171.3178918234098,434.2148581421716,171.3178918234098,420.39780852120384,415.7602271015712,409.7536114451377,404.22574685082327,399.33147339771494,395.146814039952,391.70889944051487,389.02403091205633,387.07482832748065,385.8273194037556,385.23750449709223,385.25684202703997,385.8363048266765,386.92891249819877,388.4908496729622,390.4814090897562,392.86205882563445,395.5949428077074,398.6411011305645,401.9586562827426,405.50116337701184,409.2162733713121,413.0448117715787,416.920333278671,420.7691760055386,424.5110073710057,428.05982743927234,431.3253741232802,434.2148581421716
ZAF,Male,IHD,diet,715.0022594328948,0.0,46.679371773676394,0.0,0.32703556584783655,0.8189325793464377,1.5542600035059877,2.61117148336416,4.041371840168722,5.845035658701818,7.965552501696948,10.309031101583969,12.773720430541289,15.272066718447604,17.73971368471757,20.135005719552282,22.434345963592932,24.62690392836157,26.71015274636011,28.68655791809215,30.561272803810425,32.340584812489396,34.03088208911868,35.637970773717825,37.16662909968363,38.62032657312011,40.00106452999171,41.309311682354746,42.54401813890581,43.70269644942891,44.78156036442306,45.775712498292705,46.679371773676394
ZAF,Male,IHD,combo,12557.998027259788,171.3178918234098,479.60584110872514,171.3178918234098,420.71300862902353,416.54892118331736,411.2508214285226,406.74204449561694,403.22765718632036,400.7843678074496,399.3952669073951,398.9765447908412,399.4129051930231,400.5859089181049,402.3892700224569,404.7339380870544,407.54774660447583,410.7728907145356,414.36277162733677,418.27876154137994,422.48705362842884,426.95566306377077,431.65164620924406,436.53862183256206,441.5746838107916,446.71078575678985,451.8896583434762,457.04529463844665,462.103011365929,466.98006732169597,471.58679584891433,475.8281873707492,479.60584110872514
ZAF,Female,IHD,glp1,10695.883010203772,139.4003778862916,406.5840664926418,139.4003778862916,341.52483291144017,340.43883759442724,338.7105601389994,337.65131028679025,337.2571537640197,337.490939627407,338.3076649239192,339.6560288372002,341.47971339155447,343.71905866712405,346.3130672681582,349.2015263296471,352.32700983269024,355.63655957277297,359.08290461418983,362.62514535854825,366.2288882212306,369.865865449834,373.5131106128265,377.15178439971714,380.7657590634626,384.34007475578255,387.8593787333448,391.30645035650923,394.6609022118155,397.89813169437366,400.9885790447861,403.8973281622675,406.5840664926418
ZAF,Female,IHD,diet,500.5551150777301,0.0,33.89337379225071,0.0,0.22759384396704263,0.5599161216996436,1.0494045706309407,1.7478747911209211,2.6904572288858617,3.88001649753096,5.283811106501162,6.8453914190140495,8.50256824636017,10.200898910570686,11.899272466303955,13.5697815145395,15.19511481776135,16.765563723070954,18.27651941606382,19.726644558873886,21.11662512332623,22.448342803552805,23.724325058350587,24.947367605584077,26.120260071875236,27.24557315057973,28.325484863122256,29.361635954479425,30.355011868919973,31.30585264291949,32.2135935580427,33.07683935183195,33.89337379225071
ZAF,Female,IHD,combo,11180.13894356931,139.4003778862916,439.42593619888794,139.4003778862916,341.74419010573547,340.9779655759103,339.72104871914235,339.3347495979524,339.84914134497376,341.23005623448444,343.40118071810684,346.257010808642,349.6814045400297,353.5622455352677,357.7988488846113,362.3039880473134,367.0034102579102,371.83465135844745,376.7458551814525,381.69470221142365,386.64734453693563,391.57722916309285,396.46374333593303,401.2906756803786,406.04453498195835,410.712799870098,415.28218886145623,419.73704412222105,424.05791685968506,428.2204300147314,432.194477046256,435.94379588998163,439.42593619888794
MEX,Male,IHD,glp1,81252.62925882453,969.8197553196369,3187.9020649962767,969.8197553196369,2370.527030222336,2332.303026608788,2312.4730495038384,2313.433691717524,2330.0659766038007,2358.372783232204,2395.288433287773,2438.4307818667003,2485.9265411033994,2536.2880399204005,2588.324152896719,2641.0739765307226,2693.755985327545,2745.7281329061516,2796.4560713758547,2845.487685391505,2892.432729103646,2936.946689788412,2978.7181952396786,3017.4594028540305,3052.8988962581934,3084.7766899583658,3112.8410111689154,3136.8465911299863,3156.5542531053507,3171.7316274725163,3182.1548533815658,3187.61114055269,3187.9020649962767
MEX,Male,IHD,diet,21131.593872038356,0.0,1318.3245516838215,0.0,9.793747004907345,24.873365938619827,47.58416566095548,80.23448713721882,124.28625362396997,179.60299273591954,244.3303386249172,315.53183756553335,390.0989204789512,465.40510949147574,539.5479472526058,611.3044583514711,679.9712954020652,745.1964593649318,806.8448377352906,864.9041247452697,919.424157627931,970.4801225106639,1018.1514912424173,1062.510793190042,1103.618292475352,1141.5200862229103,1176.2481158228911,1207.8212113625777,1236.2466796050867,1261.5221804779867,1283.6377721041063,1302.5780765984673,1318.3245516838215
MEX,Male,IHD,combo,101695.71792679428,969.8197553196369,4469.788428482396,969.8197553196369,2379.887727016656,2356.059740867262,2357.943956655974,2390.158035385466,2449.0021567873773,2530.3746800157096,2629.4613826821005,2741.0889808218053,2860.4171804327198,2983.441731424784,3107.1399113532098,3229.3652050907695,3348.6463767253445,3463.988349276391,3574.7126668454875,3680.342323580335,3780.5233435987466,3874.9732761272317,3963.4482363933203,4045.722339537053,4121.575314707239,4190.785528233333,4253.126640527742,4308.3667830154445,4356.269569456417,4396.596524545574,4429.110672138995,4453.581109749764,4469.788428482396
MEX,Female,IHD,glp1,65313.76273067601,806.2765408365158,2900.3154685197806,806.2765408365158,1894.9909297249105,1787.9799635294985,1726.3010974087229,1700.8516909724567,1700.6134409126826,1718.1909316582096,1748.584463466992,1788.3277702400446,1834.9471621666453,1886.6241488625965,1941.983707352556,1999.959407919494,2059.7054738023726,2120.537667752069,2181.8921269493294,2243.2956138909794,2304.3432329853385,2364.6811884250055,2423.993064862734,2481.988661638621,2538.394758332739,2592.947421829056,2645.3856298954634,2695.446106742849,2742.8593522209703,2787.3469019547483,2828.619882329338,2866.378923493292,2900.3154685197806
MEX,Female,IHD,diet,18069.481627847992,0.0,1199.0207297617017,0.0,8.229258328203287,20.7317284185483,39.48078105447348,66.41530046964908,102.73722456553514,148.27320360319573,201.40297655034374,259.6479499084526,320.47478443845466,381.84151609407854,442.3646196020127,501.2387867667858,558.0710933283117,612.7238438323257,665.198337811773,715.559907841176,763.8941297659476,810.2835085785628,854.7964326024958,897.4829214914353,938.3738157365879,977.4814920380595,1014.8010911892488,1050.3117840531777,1083.977909528301,1115.7499856783834,1145.5656776229443,1173.350837187827,1199.0207297617017
MEX,Female,IHD,combo,82813.66483453926,806.2765408365158,4066.1503142141737,806.2765408365158,1902.856314854209,1807.7913079943173,1764.0625701549216,1764.4347881644135,1799.058937020076,1860.3966124261424,1941.9177762544641,2037.795380927957,2143.1310521907,2254.142294660298,2368.1147671445797,2483.1945282721135,2598.143932672523,2712.1332977194106,2824.5887559939,2935.090542183534,3043.308403884628,3148.961640460664,3251.794466801526,3351.5605104036804,3448.0126037753653,3540.8956332107045,3629.941232874815,3714.8637521069177,3795.3573086825927,3871.0939598943514,3941.723131627572,4006.8724771322013,4066.1503142141737
AUS,Male,IHD,glp1,16031.223254245666,160.58830542101168,611.3952857354489,160.58830542101168,413.9345840277765,424.3891166153153,435.4515889314953,448.1669153410021,461.8494451061142,475.85610865659146,489.6810135887026,502.96268770268216,515.4670360157616,527.0619089232496,537.690995945326,547.3508178557495,556.0722640690692,563.9067619062371,570.9164667089208,577.1676027384965,582.7260855736058,587.6546865918099,592.0111743069065,595.8470378549464,599.2065423049244,602.1259767674565,604.633035726787,606.7463263520658,608.4750253229977,609.818723093289,610.7674958505777,611.3022392113489,611.3952857354489
AUS,Male,IHD,diet,9659.366194889699,0.0,574.4693592606964,0.0,5.821222225613383,14.202040714433679,26.46987927650116,43.81819429357347,66.88314393182918,95.36375820329704,128.01952221991814,163.09155601649763,198.84382345937775,233.9174297971549,267.42813465194195,298.90104350618276,328.15159330165625,355.1750431882683,380.0650522899923,402.96092335393405,424.016392747224,443.3826164848506,461.1997473584888,477.5933616188049,492.67342992088015,506.53449829922465,519.2563560534218,530.9048339048386,541.5325865280829,551.1798286964986,559.87505189898,567.6357716875355,574.4693592606964
AUS,Male,IHD,combo,25383.998858281586,160.58830542101168,1169.5021084746732,160.58830542101168,419.5151666338934,438.0010235596219,460.83870161713094,490.2228948497759,526.0876687371801,567.512416370424,612.8101941956083,659.9356696593532,706.9863670168561,752.5186799804687,795.6178911153547,835.8147415405147,872.9541259583311,907.0757605432518,938.3262567334787,966.9016002468597,993.0125118454744,1016.864988301284,1038.6501151555312,1058.5391718415776,1076.6815594738327,1093.2041208873452,1108.2110887542985,1121.7843035571495,1133.9835784772622,1144.84721519292,1154.3927338842004,1162.6178982569218,1169.5021084746732
AUS,Female,IHD,glp1,9429.084996884794,113.51058710154575,384.5330977628182,113.51058710154575,271.0518085594431,257.64661416469426,252.45280127141086,252.64923148898743,256.1222175100738,261.61658694589823,268.33562177280146,275.7473039138531,283.4871429690611,291.3039472215896,299.02603446455214,306.5383670531137,313.76636149729893,320.6642337936901,327.20660698862594,333.38250054889795,339.1910405549843,344.638382873698,349.73546326006544,354.49628901122924,358.9365695728975,363.07255031028217,366.91996644335086,370.4930748660099,373.8037519730733,376.8606671587622,379.66855550267064,382.227620329415,384.5330977628182
AUS,Female,IHD,diet,6594.364603820019,0.0,395.5715606918493,0.0,4.833232015611429,11.064024975014036,19.770560905297316,31.81949505231205,47.63795859979655,66.99118451492541,89.01340680304384,112.5181730501481,136.36962441182368,159.70792513979723,181.99524568639208,202.9575545420721,222.499104057184,240.62919498838892,257.41156645092633,272.93360712793947,287.289353461314,300.5709565913312,312.8649080234445,324.25071925873635,334.80072817813743,344.5803164734898,353.6481820732279,362.05651344547005,369.85102338352226,377.070858042347,383.7484255594609,389.90920031701535,395.5715606918493
AUS,Female,IHD,combo,15815.932436770456,113.51058710154575,768.631499590445,113.51058710154575,275.685242823296,268.2579759544424,271.4328549558177,283.221268326075,301.9251174263063,326.07111647609236,354.03715110381563,384.15392580142907,414.963683204307,445.3837038899528,474.71862070918723,502.58323168968855,528.80503908233,553.3425209738307,576.2280572707314,597.5321404319056,617.3425293754244,635.7527800388089,652.8562162014696,668.7428385281546,683.4976863139545,697.1998202328596,709.9214940189959,721.7273203714776,732.6733746672871,742.8062587021013,752.1621889049638,760.7661926037599,768.631499590445
NZL,Male,IHD,glp1,4795.8251088658835,45.19029463999732,178.6517700832237,45.19029463999732,120.87920251406331,127.32300914744155,132.55280876457664,137.36860849818277,141.89203256134078,146.1400402231202,150.10021663263615,153.75927006792426,157.1121338220937,160.16268943098203,162.9215837608317,165.40359387459284,167.62546101439602,169.60440323541752,171.35722554832773,172.89985779422386,174.2471507113023,175.41279422048046,176.4092632348129,177.2477345311563,177.93794966004134,178.48802279786833,178.90420930641176,179.19066134172408,179.34920198864256,179.3791499244453,179.27722338906187,179.03754614656464,178.6517700832237
NZL,Male,IHD,diet,2254.329773427403,0.0,127.8031311870036,0.0,1.6440822846279843,3.9305726482662067,7.169217575567018,11.63271789020655,17.44455990199276,24.493750350983646,32.44843187223796,40.86805288388041,49.33485739387015,57.53356518831333,65.2680860164337,72.44104141096523,79.02272559665562,85.02373625315977,90.47546455172414,95.41785111411536,99.89243294980042,103.93878659153143,107.59296242470919,110.88698862416095,113.84888735058303,116.50289033568697,118.86969452995254,120.96669019218007,122.80814565030687,124.40535983699465,125.76680518603371,126.89828563545962,127.8031311870036
NZL,Male,IHD,combo,6980.943876764786,45.19029463999732,303.0998487267143,45.19029463999732,122.45160852597701,131.08251991174984,139.41715308289304,148.51825389773876,158.6285131330551,169.66161551635014,181.2893707150206,193.07684862104816,204.61740561619627,215.61031672238823,225.87534565037186,235.33106367953587,243.96325685784268,251.79731546573112,258.87862608577143,265.26029901785023,270.99621218854463,276.13744075137674,280.73063847881986,284.8174314994312,288.4342624867386,291.61238086942376,294.3778389065901,296.7514525891329,298.74874188429385,300.37989179224496,301.6497840147367,302.55814543722045,303.0998487267143
NZL,Female,IHD,glp1,3094.8381081930556,31.653504134862487,123.84194048320751,31.653504134862487,81.73431712521324,82.31859143011116,83.05707593127954,84.30978435898714,85.99672580643073,88.00231091213573,90.21900657619972,92.55918339856726,94.95569840035614,97.3585253791307,99.73065580567709,102.0445262912749,104.27931818411571,106.41909033279535,108.45157244570737,110.36742541982267,112.1597989906727,113.82405449091812,115.3575577299116,116.7594790119947,118.03056302203368,119.17285120756515,120.18935428544364,121.08368344645805,121.85965637175332,122.52089877161416,123.07046415884906,123.51049428996703,123.84194048320751
NZL,Female,IHD,diet,1662.420866037502,0.0,97.24685123051495,0.0,1.250911936115699,2.9003296034452433,5.192206089530828,8.336865224058329,12.436990630868422,17.427046043195332,23.08144975684354,29.09414740399734,35.17318637853941,41.0982237136559,46.73244682136374,52.00765913319901,56.901974736755164,61.420420587795434,65.58137154424821,69.40827947760454,72.92519671847367,76.15468881651395,79.11710831914934,81.83056133611535,84.31116563884507,86.57337648652992,88.63026736664642,90.49371945310622,92.17451204696499,93.68232729605597,95.02569280485477,96.21188944251526,97.24685123051495
NZL,Female,IHD,combo,4704.411235777647,31.653504134862487,218.31709957324574,31.653504134862487,82.93069364913435,85.09352037580538,88.03039178374274,92.30327459313094,97.93216918185271,104.7406811732044,112.4066294310619,120.54949794279219,128.82153852522742,136.95987548028097,144.79435043321428,152.2300719003888,159.2235643567269,165.76238024543227,171.8508709405637,177.50146013245694,182.72984463551165,187.5526588240864,191.98652694242037,196.0477995177821,199.75254965255954,203.11659447529064,206.1554286590008,208.88403220975488,211.3165596737981,213.4659431568566,215.34345384788185,216.95827032957914,218.31709957324574
ROU,Male,IHD,glp1,17847.239444818966,303.6820863828034,491.86384917702526,303.6820863828034,764.5231479070717,736.5126726090384,720.0329914518661,708.4052005759913,698.5407099804979,688.8015060630387,678.4087651740192,667.149942322656,655.1701505000201,642.8084120744898,630.4720621316483,618.5477907848472,607.3461664145216,597.0742017026641,587.8292977574238,579.6078411215749,572.3224865006596,565.8233394071467,559.9195472170322,554.3990125942983,549.0449516762783,543.6487910971227,538.0194374569583,531.9892898125545,525.4175408185329,518.1913677881021,510.22559006687516,501.46129625220783,491.86384917702526
ROU,Male,IHD,diet,11733.756604272767,0.0,571.0152119702652,0.0,12.714750171046035,29.219644921289728,51.87728627734032,82.17739210818036,120.34905301401159,164.9536752465865,213.2174311860581,261.9725277760772,308.564058191856,351.27592284896673,389.3036405564999,422.51270313557325,451.17168010567184,475.74215834184724,496.7395159386615,514.6519687236105,529.9003996745341,542.8241929133874,553.6824128227381,562.6631812942614,569.8966669293368,575.4688602812748,579.4344925982296,581.8282421621734,582.6738867638487,581.9913858873188,579.802067802113,576.1321946300086,571.0152119702652
ROU,Male,IHD,combo,29334.958402841225,303.6820863828034,1054.1254986032327,303.6820863828034,776.7665930791227,764.7010542742646,770.1590263418584,787.9109745816968,815.1089573063509,848.743834642104,885.3648502289107,921.6911180422139,955.2817227671694,984.7904354551902,1009.8205714028882,1030.6067480783458,1047.703144473966,1061.7529541824006,1073.3467355544599,1082.9514006569298,1090.8873369935536,1097.3347758331984,1102.3556787852285,1105.9219466467875,1107.9442033638406,1108.297867026653,1106.8449014229554,1103.450744010799,1097.9965867359606,1090.387565180372,1080.557580746885,1068.471510041083,1054.1254986032327
ROU,Female,IHD,glp1,14869.085799659042,312.3384839592145,444.94185169847697,312.3384839592145,730.0566767360506,637.2356324496795,587.5213810341957,557.8307619804837,539.670971869502,528.2666212552067,520.6842792090465,515.0891235142335,510.36615784165406,505.8942918028115,501.3878723709131,496.7773834657637,492.11889169167625,487.5273060459185,483.1298300082999,479.0361274065399,475.32172411994907,472.0213220476835,469.12903924444254,466.6030537402985,464.3726459930367,462.34614507419246,460.4187443116534,458.4795393798886,456.41744684837977,454.1258857573557,451.50625741686963,448.4703513856257,444.94185169847697
ROU,Female,IHD,diet,11828.457055869578,0.0,574.5563712641233,0.0,14.940581214774284,33.147396842963644,57.976589204638,90.86129026242997,131.77196237359385,178.8287572657282,228.84050357298838,278.4282692663801,324.9568472180945,366.8592518978912,403.4998625168482,434.87890996249916,461.362102550338,483.4892996705312,501.8551055901553,517.039846625441,529.5723703253279,539.9121863320615,548.44329183015,555.4750836448511,561.2475323057188,565.9387969366799,569.6740462521266,572.534623101772,574.5669523408906,575.7907927464548,576.2065932618862,575.8018394922401,574.5563712641233
ROU,Female,IHD,combo,26465.39388777942,312.3384839592145,1010.4681750132222,312.3384839592145,744.4434467850806,669.2602880459162,643.6451616541199,645.9222863999603,667.5881429070068,702.064820310592,743.3322696474643,786.2693857233317,827.1829009847861,863.9044163889666,895.5055845453317,921.8953497488219,943.4680990222951,960.8511803581205,974.7418801780477,985.8097960184241,994.6432756322465,1001.7245784942606,1007.423395700891,1012.0017715195208,1015.6256898922584,1018.3800601053008,1020.2848567776709,1021.3109127015305,1021.3944205985499,1020.4496195829415,1018.3794512786662,1015.0841878048814,1010.4681750132222
BGR,Male,IHD,glp1,7645.842487454611,134.65361658271104,193.99684502027412,134.65361658271104,336.2653647522566,331.24842877949595,326.19931639217793,321.3733903785633,316.343177720526,310.87578563471106,304.8933278742734,298.4383379531773,291.63148194516725,284.63125275522543,277.6024967182475,270.6951462249999,264.03182448702137,257.7022235753666,251.762247961884,246.236275452884,241.12127277406944,236.39183647407663,232.00549853812663,227.90784742610776,224.03717953070736,220.3285219009922,216.71696096457708,213.14027899368557,209.54094463069305,205.86753009266067,202.07563972853495,198.12843619141677,193.99684502027412
BGR,Male,IHD,diet,3673.681457119659,0.0,178.17636440727074,0.0,3.454737847263459,8.283240530985495,15.090508366110953,24.326432336923972,36.10059259000627,50.013137954136255,65.22124109233664,80.72070510053527,95.64228273194021,109.40462023070904,121.71748497235603,132.50875857872597,141.83956222789493,149.83702313381582,156.65012349393328,162.42435447392927,167.28913512285362,171.353041371196,174.7034473754702,177.4084458044017,179.51977629886824,181.07603544191625,182.10577181755252,182.63026644936872,182.66591474077904,182.22619313228824,181.32323111972983,179.96902837636117,178.17636440727074
BGR,Male,IHD,combo,11232.877592758165,134.65361658271104,368.95534373583723,134.65361658271104,339.5911470201172,339.227242765608,340.7523540977654,344.85872498657045,351.2301274445417,359.25391675730134,368.04265655396557,376.6692595419954,384.41077990989834,390.85748849939046,395.88657526386123,399.57182981571896,402.0899243783042,403.6499217774581,404.4495414086341,404.652606076339,404.38068190649574,403.7132417907087,402.69242113832115,401.329851440727,399.6140488455003,397.51748529553697,395.0028836235397,392.0285366650187,388.5526086673035,384.5364700136615,379.9471659044557,374.7591408508779,368.95534373583723
BGR,Female,IHD,glp1,6196.6907426488815,123.39080204534366,166.39168384030017,123.39080204534366,295.6379399866346,274.1968409317087,260.211198044919,250.90062622611367,244.25831037169883,239.065822950035,234.597240329751,230.44476266319725,226.40052620374445,222.37752868968346,218.35825515594843,214.36203047335948,210.42463894070897,206.58585893645795,202.88208939273682,199.34226866487916,195.98593963757776,192.82271962791674,189.85268142086898,187.06730504527513,184.45075836606156,181.98133191875786,179.63290285460243,177.3763412209355,175.1808023099802,173.01487291719423,170.8475577743029,168.64910570818756,166.39168384030017
BGR,Female,IHD,diet,3401.7259379312654,0.0,163.79524932569075,0.0,3.352172883282037,7.834841558356857,14.120822503538875,22.723075854722993,33.82965590362255,47.112412202923224,61.76064220704029,76.75151649949112,91.16388618756355,104.35886639394266,116.00289535428965,126.00230237511823,134.41765756010136,141.39225588472073,147.10310300591846,151.7312826639427,155.44589234363775,158.39649363835633,160.71053664400824,162.49352328187524,163.83058088608595,164.78868546832564,165.41911024046203,165.75986751690107,165.83802079146335,165.67180517461748,165.27252952173694,164.64625405952938,163.79524932569075
BGR,Female,IHD,combo,9519.314107380207,123.39080204534366,326.9941903230447,123.39080204534366,298.8649857501405,281.75008537088434,273.84498434948,272.8656262292916,276.9917654185301,284.69438298183377,294.4690063852977,304.9198908944036,314.94458361239595,323.8310165353814,331.2307523349664,337.06488620006166,341.4217668239053,344.4755825820721,346.43139843804056,347.4920731377588,347.84042890411,347.6311072771623,346.9882115365981,346.0062314735769,344.7527138552414,343.2717573335285,341.58778621723286,339.7092838826047,337.6323039517738,335.34366232255525,332.82376672435385,330.0490744886374,326.9941903230447
ISR,Male,IHD,glp1,3678.6905711989752,35.160062083708,153.5588931501661,35.160062083708,90.42075166437189,93.47047174397221,96.28193266768585,99.1998413058941,102.19203929415426,105.20763385061355,108.19566292566333,111.11199626963707,113.92281348221786,116.60590502996092,119.15047627033482,121.55593862903197,123.830074841645,125.986894597836,128.04442996138823,130.02265372291095,131.9416418916726,133.82004779356885,135.6739121401124,137.51580167812335,139.35424800691453,141.1934464087426,143.03317020552095,144.86885723641626,146.69182964537777,148.48961460292594,150.24634050548138,151.9431895929265,153.5588931501661
ISR,Male,IHD,diet,1794.5365713400292,0.0,118.31462141484371,0.0,0.8886058985467571,2.2031524676490335,4.140300356448279,6.891224004848482,10.575700801769017,15.18134493536536,20.554332610846814,26.451340643845924,32.61401767749703,38.8234156469739,44.921442980672055,50.80886463146271,56.43321687171374,61.77518964312458,66.83706814663492,71.63403004567772,76.18797914594961,80.52332454265797,84.66416215615027,88.6324431941348,92.44683417321812,96.12206404374137,99.66861712112586,103.09267306053243,106.39622380587116,109.57731724020687,112.63039132871108,115.54667274980966,118.31462141484371
ISR,Male,IHD,combo,5410.798930020078,35.160062083708,268.0552898848582,35.160062083708,91.27184668145765,95.57904955022741,100.2459594609204,105.80113944037885,112.32839986666204,119.7665159856806,127.91860275758836,136.50834652327012,145.25460477096067,153.92490022838047,162.35599282293697,170.4510045419056,178.1662098015081,185.4959779159817,192.45956564361586,199.0907231446954,205.4299451989791,211.51888135112677,217.39641749719613,223.09602887374967,228.6440963240757,234.05895167308154,239.35047331564056,244.52009437759352,249.5611175309923,254.459255726847,259.19333838050625,263.73613866555297,268.0552898848582
ISR,Female,IHD,glp1,2164.1787533548136,26.54778626366351,90.91105193780004,26.54778626366351,63.3971866584418,61.222169581168146,59.94828396763069,59.53018080367019,59.76016258358891,60.47626315156958,61.54834921783913,62.86946958974113,64.35187796092441,65.92506732362108,67.53439199433615,69.13963758511227,70.7133374214136,72.23885381068567,73.70833294899876,75.12066123708337,76.47953454597427,77.79172185265224,79.06557241314704,80.30978712776596,81.5324523954041,82.74031902931756,83.93829917391531,85.12914959871796,86.31330906107178,87.4888594441818,88.65158402809448,89.79510064728265,90.91105193780004
ISR,Female,IHD,diet,1197.7020888950865,0.0,75.89943908272153,0.0,0.6819459770367757,1.637910368429857,3.0143743695959984,4.949238833549089,7.528290700698108,10.743178540829831,14.484671305904612,18.579081201564804,22.840964837825595,27.111916291756188,31.276135832811633,35.259446042253785,39.021178798806886,42.5449383611749,45.83073715146247,48.889042168798824,51.73650251768049,54.392951763734345,56.879320819531586,59.2161898047093,61.42279128330483,63.5163387211428,65.51159496202035,67.42062168601706,69.2526674165747,71.01416246288773,72.70879662733296,74.33766096492946,75.89943908272153
ISR,Female,IHD,combo,3319.2670994093282,26.54778626366351,164.26100521007493,26.54778626366351,64.05034552665006,62.7898935029807,62.834587304534125,64.2714856367163,66.97576364214729,70.77839563101588,75.44553340670791,80.70445247863154,86.2898889572125,91.97924612354473,97.60626317338847,103.05880750492406,108.26955845204157,113.20533478078369,117.85756965199334,122.23458666876832,126.35557914533956,130.24599289892603,133.93401835197892,137.44795611638983,140.81427693889464,144.05623910868235,147.19295543252974,150.2388219944396,153.2032358835122,156.0905412901725,158.90015405028726,161.62682428239668,164.26100521007493
NGA,Male,IHD,glp1,19206.064119355353,338.56259413148655,859.1378745345428,338.56259413148655,790.1885530431828,715.3357968380296,655.1459342945673,609.1085338688863,574.5937498644707,549.5795722096082,532.4896721762852,522.073745026195,517.3260435407283,517.4253354197208,521.6896194958172,529.5419232219065,540.4845601092893,554.0798168201145,569.9354855887796,587.6940182471371,607.0243681223365,627.615817499056,649.1732736737395,671.4136662650708,694.063199271739,716.8553070141861,739.5292350779055,761.8292164329396,783.5042401122846,804.308417266875,824.0019403431434,842.3526098453294,859.1378745345428
NGA,Male,IHD,diet,4589.306989389814,0.0,308.5813384034118,0.0,2.999249547654472,6.965920752576494,12.521303692279616,20.165342111082282,30.124216948315734,42.21926719131443,55.90505504950124,70.47565255091467,85.29257119843533,99.9098195836632,114.08542970031704,127.73267028842383,140.85986655373563,153.52203840001312,165.78910790148802,177.7277352323581,189.3923304413329,200.82155986749422,212.03784928811365,223.04835800141882,233.84655973549525,244.41397760385735,254.7218624628149,264.7327404714597,274.40182839451154,283.6783499405137,292.5067984494963,300.8281896278204,308.5813384034118
NGA,Male,IHD,combo,23715.209867942962,338.56259413148655,1162.9963493733158,338.56259413148655,793.1101154455755,722.1246454607463,667.3584466988832,628.7896342802051,604.011840451858,590.8322680507117,587.145213985219,591.0125238645851,600.804310229476,615.261605290958,633.4632661749274,654.7448798296391,678.6146409015491,704.6869091556291,732.6366319023873,762.1706370269603,793.0105710062926,824.8832083929155,857.515182113355,890.6302748473317,923.9481761433854,957.1841071575909,990.049024200227,1022.2502956692624,1053.4928462104144,1083.4808041576616,1111.9196916198343,1138.5191741705785,1162.9963493733158
NGA,Female,IHD,glp1,24248.333174409898,338.96016148752824,1133.2916050332278,338.96016148752824,799.4967927644175,744.7154263177945,705.1467893794252,678.1863372273365,660.7950800582694,651.0579666447738,647.6438220400814,649.5564109921688,656.0101929898228,666.3609200700666,680.0644039054387,696.6511407113139,715.7101527506748,736.8781433735421,759.831590961956,784.2803357224402,809.9618083945097,836.635447246772,864.0771229342135,892.0735803310454,920.4170343136575,948.9001347407029,977.3115519602434,1005.4324337995349,1033.0339539253764,1059.876116201558,1085.7079075432557,1110.26881058875,1133.2916050332278
NGA,Female,IHD,diet,5595.971900991943,0.0,395.3967821695842,0.0,2.6017619467529585,6.173560952222033,11.385635294835083,18.839353877338,28.92687310517067,41.66957158589503,56.69286695931805,73.37525729474146,91.05919502927281,109.19857841503108,127.4085374556962,145.45029970287578,163.19245831308945,180.57290915319754,197.5699684319552,214.1831091175627,230.42107474241493,246.29490092354536,261.81392050389695,276.98345605767827,291.8034050202841,306.2672733988147,320.3614423123945,334.0645918991504,347.34728703116707,360.17176846215443,372.49200503398606,384.2540568019176,395.3967821695842
NGA,Female,IHD,combo,29744.713006872167,338.96016148752824,1522.486979166788,338.96016148752824,802.0311633670717,750.7308436405656,716.2476030772232,696.5645364290613,689.0281530806533,691.7483254635736,703.0325227385692,721.2810355690308,745.0677890730294,773.2149608425752,804.8009112032596,839.1206761527719,875.6324802760209,913.9100163198236,953.6064745818294,994.4293640784963,1036.12313076789,1078.4567346111871,1121.2141402870693,1164.1864712596434,1207.16519038369,1249.9360890504322,1292.274125207914,1333.9392871763412,1374.6737074066477,1414.200233701311,1452.2226053547347,1488.4272951174353,1522.486979166788
EGY,Male,IHD,glp1,124109.96097212154,1811.7275602632872,4345.460336093092,1811.7275602632872,4473.021311911623,4331.529290200851,4233.816007618414,4165.769836029096,4115.410164864792,4077.039171833254,4047.978307577927,4027.07889714677,4013.950042397628,4008.526056650997,4010.813904442388,4020.741249766201,4038.0639478744415,4062.311695523531,4092.7608294252714,4128.428298234794,4168.083066845051,4210.272038734896,4253.357785650704,4295.56536691857,4335.035497413133,4369.881357405044,4398.24644477031,4418.361044032703,4428.595117170073,4427.505700125737,4413.87721090854,4386.753434292419,4345.460336093092
EGY,Male,IHD,diet,28544.564759380213,0.0,1632.263958753174,0.0,19.58729657776712,46.34564069814223,84.7267936837452,138.25634205259848,208.6224981416599,294.65042402863037,392.40911430012784,496.558415067906,601.979935402429,704.788903283421,802.5659687984153,894.1182691380964,979.0974041543959,1057.6522645836521,1130.172520563472,1197.1199772294494,1258.9272379566683,1315.942867829668,1368.4070490665326,1416.4466744948586,1460.0825926067773,1499.2442573137232,1533.7886491448153,1563.521332749544,1588.2181323803961,1607.646299140004,1621.584309323196,1629.8396309169475,1632.263958753174
EGY,Male,IHD,combo,151839.47780383483,1811.7275602632872,5944.612460649543,1811.7275602632872,4491.6199051084695,4375.604046888155,4314.530232064659,4297.679125419294,4314.738484374087,4358.95602903681,4423.95507489919,4503.511704597942,4592.334915521613,4686.609445546026,4783.979118376243,4883.179029934341,4983.585601300991,5084.833714690292,5186.544750883768,5288.158230204601,5388.844566338579,5487.47664729727,5582.642496219312,5672.6858486690035,5755.764984395617,5829.922574740951,5893.160937676206,5943.518211195682,5979.1417710217065,5998.355869681109,5999.721048171719,5982.083418668364,5944.612460649543
EGY,Female,IHD,glp1,92227.25254343318,1464.0578621838504,3713.9588712566474,1464.0578621838504,3350.5947009617375,3014.6929813295137,2851.316151103034,2763.7516822869657,2714.852681906923,2689.789866151652,2681.6727381414094,2686.801228445751,2702.941701454227,2728.626792975134,2762.822272178033,2804.733963178398,2853.675590002211,2908.9705707601242,2969.8788510420854,3035.545608524262,3104.970064464229,3176.9926576544676,3250.2985330450465,3323.435010617308,3394.8405062502134,3462.8822691104433,3525.900261072733,3582.254524207645,3630.373465212382,3668.800639051886,3696.237844733434,3711.582654131431,3713.9588712566474
EGY,Female,IHD,diet,24319.30932295324,0.0,1462.1647014750051,0.0,20.30059884345974,44.649395223968895,78.0476030614227,123.71694190072594,182.94788544114272,254.4992820102343,334.8905307813111,419.66808112060244,504.78660930834303,587.3712761358765,665.8041500670661,739.4494197808526,808.3024095640139,872.6977437858877,933.1068120424316,990.0112159647979,1043.829892285139,1094.881149292807,1143.3666779014602,1189.369364772836,1232.8599224348727,1273.7092777016514,1311.7047507005336,1346.5686460259603,1377.978186948225,1405.5858898742881,1429.0395794195065,1448.0013290888164,1462.1647014750051
EGY,Female,IHD,combo,115883.65122657041,1464.0578621838504,5145.94021213465,1464.0578621838504,3369.870591232888,3057.2343778075447,2925.8553597442515,2882.1074178069102,2890.125826651725,2933.9504431905807,3003.403260910127,3090.5355363971466,3189.2237561208894,3295.209661158093,3405.8636709909188,3519.739050323391,3636.1089736750146,3754.590385002797,3874.876319283838,3996.5619633879396,4119.041982621595,4241.459698766936,4362.693798644919,4481.37245034067,4595.907532098761,4704.54340584451,4805.415669311216,4896.615903361118,4976.258807871665,5042.548429324932,5093.840509531554,5128.698370849976,5145.94021213465
BGD,Male,IHD,glp1,34527.89597982615,543.6114235566201,1211.5793298395583,543.6114235566201,1314.6858508742152,1229.3635681024607,1171.698765574125,1135.0107801720733,1112.281092694946,1099.1619657816045,1092.885435957127,1091.6207982862834,1094.1064703690063,1099.4339600506937,1106.918775936996,1116.021645051631,1126.29914400712,1137.371887305635,1148.9035649792932,1160.5869937523676,1172.134922885627,1183.2742020742735,1193.7424055254378,1203.2862920157204,1211.661657032586,1218.634245741734,1223.9814676046371,1227.4946978593944,1228.981976434763,1228.2709281214047,1225.2117349150358,1219.6799973237794,1211.5793298395583
BGD,Male,IHD,diet,100587.06704309196,0.0,5344.164958380483,0.0,79.30779953357705,189.90494427084923,347.0393471309071,563.7924196345411,845.6689150037855,1186.2826635308302,1568.0642978833785,1968.0772265211272,2364.8423633879866,2742.4520748077775,3091.391416528524,3407.419886535936,3689.9043074977235,3940.3415904067515,4161.289071362058,4355.67498670175,4526.3914007647545,4676.075314838381,4807.007292454131,4921.08015412878,5019.807734502683,5104.355415354832,5175.58157392242,5234.083621735015,5280.245005463425,5314.281104685942,5336.282843325345,5346.257312798261,5344.164958380483
BGD,Male,IHD,combo,134231.97089514666,543.6114235566201,6520.4864430260495,543.6114235566201,1392.789214383767,1416.4285923660645,1513.7123068034562,1690.885243372919,1946.417837013767,2269.7441645161744,2640.840881844095,3035.2923261489777,3430.641247958032,3810.237932955264,4163.938986049907,4486.943049664726,4778.108986428037,5038.472991080693,5270.174281787709,5475.760263176926,5657.773863312264,5818.529472763883,5960.007314864779,6083.819032037194,6191.214519923233,6283.111645286204,6360.137847555743,6422.677129296906,6470.918623242615,6504.904481306556,6524.575712361024,6529.815081063076,6520.4864430260495
BGD,Female,IHD,glp1,20122.44117536237,256.1352852461132,786.0472318497195,256.1352852461132,623.598669971303,583.2407727930549,566.6913604695219,562.7155214992526,565.5109518606914,572.3586825040984,581.8293572047696,593.0758279098081,605.544344455775,618.8462676144409,632.693824299582,646.8632544932625,661.1710943415383,675.4577923303877,689.5760983568471,703.3829557880235,716.7341707182204,729.4813768132735,741.4709270888416,752.5443940165715,762.5403780267225,771.297328985238,778.6570862837834,784.4688477040618,788.5932893163699,790.9065801569668,791.3040662311978,789.7034370329347,786.0472318497195
BGD,Female,IHD,diet,64458.1308042093,0.0,3692.9185006271,0.0,52.14231056826975,120.36862946094334,215.4593200355739,345.9708936271636,515.4222761226265,719.9128524196858,948.7800778711389,1188.3510727043176,1426.1855819476623,1653.5001588008454,1865.4877272220474,2060.457082205394,2238.6982212533476,2401.5328662134852,2550.665796223984,2687.797774747858,2814.422507999101,2931.73888490221,3040.6297786030336,3141.676588537579,3235.1914255211013,3321.2569248639484,3399.7684342796856,3470.4759485508985,3533.0245054335537,3586.9923759468074,3631.926622546016,3667.3756649739225,3692.9185006271
BGD,Female,IHD,combo,84006.03977552996,256.1352852461132,4452.3756529018865,256.1352852461132,674.9491028479388,701.8429303965022,779.109961934184,903.9599351028737,1074.0972070494827,1283.0047568196896,1518.7780889042042,1767.0993708707974,2015.1277135816927,2253.770116961605,2477.9465900440846,2685.71664267304,2877.143199594415,3053.3417845799268,3215.8282855568687,3366.1269714838127,3505.562546893547,3635.1684498738614,3755.6631472324516,3867.463721447726,3970.71854505752,4065.3487972940056,4151.093279751178,4227.553592997312,4294.238083973003,4350.60361533043,4396.094482866654,4430.177916263157,4452.3756529018865
USA,Male,IHD,glp1,319234.50959989015,3535.8310871115536,10719.417945984926,3535.8310871115536,9168.111869810906,9491.633571114042,9755.817414781195,10000.628265616368,10227.575553105096,10436.120952374244,10625.395152078825,10794.675726553367,10943.547124012548,11071.9202286551,11180.001254957577,11268.25139847165,11337.351145945315,11388.169928084651,11421.73728515912,11439.211677653133,11441.844774831028,11430.940986769972,11407.81350380485,11373.73899579409,11329.913465303602,11277.411690349458,11217.152382487198,11149.870742210886,11076.099595455627,10996.159790683538,10910.160052355903,10818.006038374384,10719.417945984926
USA,Male,IHD,diet,152743.19955245446,0.0,8505.594394763873,0.0,96.71324023930356,236.54417576716514,439.0693098890479,722.1142633963027,1095.2845224589691,1554.3873845440103,2081.326343551278,2649.9536783928634,3233.63688826171,3810.365960598225,4364.437759600987,4885.916002962564,5369.273556684086,5812.035588136292,6213.71769805887,6575.0836793720955,6897.65518845222,7183.394895523961,7434.500776569301,7653.26890344749,7841.997996966704,8002.920037720702,8138.14824688778,8249.637929144781,8339.157993070083,8408.272132844257,8458.32913560298,8490.461869546562,8505.594394763873
USA,Male,IHD,combo,467127.34701209783,3535.8310871115536,18997.266060322756,3535.8310871115536,9260.590039801726,9717.739300790592,10175.806742225075,10691.928639860533,11276.988557099889,11926.642157397582,12622.871035083022,13340.011130799074,14052.139520637167,14738.001212684205,15382.623634651653,15976.790022698406,16515.725066391635,16997.77731033857,17423.378911858483,17794.305269774166,18113.169429386966,18383.077008011925,18607.383739983896,18789.517176992144,18932.839507119264,19040.538903738372,19115.543213929748,19160.453361444233,19177.495576612884,19168.492189255077,19134.850702320284,19077.57050377695,18997.266060322756
USA,Female,IHD,glp1,227016.85205319218,2565.3412654423446,8077.919693228905,2565.3412654423446,6497.506502908684,6522.900548348058,6606.332531104854,6729.1884206508985,6871.328090789291,7021.862058450701,7174.11811436867,7323.535624233744,7466.796355913975,7601.427235473966,7725.595320258639,7837.989116128883,7937.7419998281985,8024.376388487581,8097.756995400996,8158.046590620943,8205.660879475297,8241.221269440372,8265.50571642071,8279.398693616386,8283.841750704916,8279.786254218547,8268.14982687065,8249.777813460212,8225.410848188854,8195.659316627425,8160.985214693414,8121.69161783607,8077.919693228905
USA,Female,IHD,diet,133411.7367794854,0.0,7551.1375548137,0.0,91.84763958200347,216.08865151600912,392.2397816987359,636.7440365552611,958.3020360311784,1353.4083029099857,1806.4904111672658,2295.1594346094353,2796.817633855506,3292.9886403263663,3770.6260452909046,4221.53400291258,4641.1505324697355,5027.386885233689,5379.750026425754,5698.748665477848,5985.513107653824,6241.556787940732,6468.624826779065,6668.593416272721,6843.397998741304,6994.977732598083,7125.229702106386,7235.969846179418,7328.89953182498,7405.577681711642,7467.398772438872,7515.577094362408,7551.1375548137
USA,Female,IHD,combo,356154.0783833744,2565.3412654423446,15417.122446568683,2565.3412654423446,6585.33213676716,6729.574159959069,6981.8117353214475,7339.225974683359,7790.14907378162,8320.509374628688,8908.870871470252,9529.305708114029,10156.836845440586,10771.205238575232,11357.949775684392,11907.762164315267,12415.263597098354,12877.846755120729,13294.792137349024,13666.655340634868,13994.856871869822,14281.405076730705,14528.70041937317,14739.387626952608,14916.236078351503,15062.038031485514,15179.519916197576,15271.265108789725,15339.64823154459,15386.781691837765,15414.475281986117,15424.209447300178,15417.122446568683
JPN,Male,IHD,glp1,26965.539905738777,418.6508612853504,786.9792384236716,418.6508612853504,1018.158464303182,1014.3239153289178,1009.4771552139864,1005.7825484756177,1002.2330762361526,998.1709282653756,993.2167893381411,987.1873812968261,980.0415005535033,971.8412310703425,962.7208237805753,952.8599600159941,942.4604469804326,931.7264379897388,920.8485384185988,909.9920285184635,899.2891573154047,888.8351832662956,878.6876271886213,868.8680828722427,859.3658954025304,850.1430487785547,841.1396815657936,832.2797521029424,823.4764868037964,814.6373542115107,805.6684055737933,796.4779051624209,786.9792384236716
JPN,Male,IHD,diet,22289.612842524315,0.0,1243.120381448607,0.0,15.301685363781871,38.66019117718679,72.76903609240253,119.91319731649128,180.82499016389193,253.88568359817145,335.3639411859622,420.6024042942299,505.32489553981577,586.3886584116408,661.9126363916002,731.0512752658105,793.6721377769572,850.0705652301694,900.7599076427869,946.3324399304402,987.3738642143071,1024.4148626457536,1057.9071157544022,1088.2150377854268,1115.6173446690373,1140.3145146525203,1162.4394831777827,1182.069765046399,1199.2397799884275,1213.9525724058185,1226.1904203047743,1235.9240550497198,1243.120381448607
JPN,Male,IHD,combo,48873.80302849983,418.6508612853504,2009.9951566679883,418.6508612853504,1033.1714046358538,1052.233951583723,1080.8360027012532,1123.3879727752355,1179.6073797852005,1247.2550499002973,1322.296269788916,1399.980728036884,1476.070611334042,1547.5406555882219,1612.674197812681,1670.8156870193488,1722.0318536110062,1766.812363740326,1805.8482255667332,1839.883499180949,1869.6235682307888,1895.6834771612193,1918.5634828164984,1938.642599500512,1956.1836828377418,1971.3455317090702,1984.1988187132738,1994.743595702501,2002.9268038265873,2008.6587328861933,2011.8277712802592,2012.3130928211758,2009.9951566679883
JPN,Female,IHD,glp1,18884.096921973498,346.21206340258504,549.1386107883227,346.21206340258504,812.243387185641,775.1086655118852,746.666537301302,725.9780571635056,710.4612689393471,698.372629185651,688.5176953831324,680.0598369576837,672.4107777242752,665.1653517262966,658.0591785847864,650.9378597373507,643.7319923104296,636.4354797909982,629.0862860982743,621.7495482884478,614.503222127496,607.4264288765189,600.5905504771363,594.052970614488,587.8532266678667,582.0112424206527,576.5272583422338,571.3830616081832,566.5441341556216,561.9623751173713,557.5791054395158,553.328120046499,549.1386107883227
JPN,Female,IHD,diet,19759.623306666224,0.0,1047.300364855968,0.0,17.12263988772611,41.12116080965643,74.74765123474208,120.22246381139848,178.20209142893145,247.06844884678867,323.1982362488634,402.1154451112161,479.73441807076597,553.0618764800529,620.3077806796064,680.6686961577288,734.0279258566297,780.6942196944001,821.2112780716488,856.2308364845812,886.4322348556889,912.4730873091612,934.9600553028431,954.4326018546271,971.3552943873365,986.1158916795539,999.0274222514345,1010.3330132315969,1020.2125480310133,1028.7904314284679,1036.1438843253636,1042.311308278433,1047.300364855968
JPN,Female,IHD,combo,38312.83768748267,346.21206340258504,1579.816733004991,346.21206340258504,829.0429203651729,815.4367872748917,819.9787483868495,843.9107725726062,885.3002897023034,940.82294852021,1005.7351652858633,1074.8113151275174,1143.45302905899,1208.3134609946937,1267.3652264931516,1319.6584783765284,1365.00268653495,1403.6890984701677,1436.2847646268347,1463.491103008535,1486.0505019795964,1504.6860957665267,1520.064003597392,1532.7709594080516,1543.3027568078833,1552.060470657918,1559.352314503325,1565.3995182675862,1570.3449390434325,1574.263351714697,1577.1725581196733,1579.0446264097482,1579.816733004991
GBR,Male,IHD,glp1,52056.01410823436,668.4606990059838,1711.1770427059018,668.4606990059838,1701.978332007835,1729.0473611414127,1744.337672672751,1756.753298633921,1767.3508130152331,1776.3907352617025,1783.8911150988642,1789.8559207886356,1794.3593002499474,1797.5494986103586,1799.6179968855286,1800.761836222031,1801.153154219115,1800.9207405831548,1800.143223470397,1798.851140654384,1797.034539786131,1794.653074903872,1791.6462865024296,1787.9425536492054,1783.4659240307592,1778.1405920215984,1771.8931916536822,1764.6533152218617,1756.3527861918774,1746.92423733927,1736.299500269255,1724.4082254372624,1711.1770427059018
GBR,Male,IHD,diet,23093.274393612708,0.0,1306.8559306599418,0.0,16.078510982828448,39.38835841229593,72.76645396644744,118.70216909384908,178.23382432105427,250.11631041034707,330.9763979200434,416.4265517959211,502.347784097532,585.6545259228005,664.4436455788891,737.7826610367774,805.3966243315081,867.3925371217192,924.063021550246,975.7641716185026,1022.8483458292685,1065.6328137419623,1104.3896224046111,1139.346730238918,1170.694156342688,1198.5915005194329,1223.1749128034717,1244.5626766801288,1262.85921864368,1278.1577144580078,1290.5416310775618,1300.0855920522736,1306.8559306599418
GBR,Male,IHD,combo,74397.8138422845,668.4606990059838,2980.3550699404514,668.4606990059838,1717.3907297879268,1766.7830377080609,1814.0878794085875,1870.6102528864576,1938.4235658377074,2016.6176140185635,2101.9931333668574,2190.351991954012,2277.810562537721,2361.5407825515504,2439.887557503549,2512.132444322604,2578.1655054435396,2638.20350662111,2692.594685889817,2741.7030394525937,2785.8506940103034,2825.2972312967977,2860.2397014409726,2890.8222821562376,2917.148771705455,2939.2941550391624,2957.3135311137885,2971.247979215994,2981.127689243607,2986.973053770933,2988.7945433452114,2986.5921517089446,2980.3550699404514
GBR,Female,IHD,glp1,27716.82520183163,420.64840296052716,941.6020850305249,420.64840296052716,1020.5679346148463,994.1631095819903,971.4050420859712,954.8802627551631,943.3207832536791,935.5314705124365,930.4996964823295,927.4188355190345,925.6852542037086,924.8746563306886,924.7068291637006,925.0072595563324,925.671642745725,926.636649955075,927.8581707925841,929.2967864501952,930.9093964277126,932.64556605287,934.4471289403737,936.2497373857077,937.9853073265695,939.58458645262,940.9793425525932,942.1039008342595,942.8959431242765,943.2966164077188,943.2500862247398,942.7027181076774,941.6020850305249
GBR,Female,IHD,diet,12205.481645468593,0.0,714.2197048948765,0.0,8.647756392667361,20.891609365593467,38.24125679623103,62.02018457073427,92.80712922020757,130.00205341689434,171.89371465834847,216.22635155869648,260.8644438221636,304.19787887445636,345.2305025628193,383.4791052510154,418.8152065396207,451.3218366950059,481.1883235568239,508.64207572392115,533.9087435650326,557.1917657147496,578.6641699476968,598.4675694562939,616.7149745981224,633.495258577168,648.8779592671781,662.9176711645014,675.657663273676,687.1326085195615,697.3704674177716,706.3936600667657,714.2197048948765
GBR,Female,IHD,combo,39494.60822897673,420.64840296052716,1632.4481112984977,420.64840296052716,1028.8574249520825,1014.1755695099564,1008.0512389365249,1014.3438964097368,1032.3481865767062,1060.3031674696358,1095.5633853731924,1135.1626677718778,1176.4474717230369,1217.4428628665119,1256.904336581396,1294.1845919397965,1329.0476550381463,1361.5029307367658,1391.6826649169598,1419.7618269609702,1445.9112363007043,1470.2739796077476,1492.9568683516554,1514.0308007329113,1533.535737189679,1551.4874392345155,1567.8841947007822,1582.7125313854049,1595.951472149718,1607.5752602962093,1617.5547247960712,1625.8575922090095,1632.4481112984977
DEU,Male,IHD,glp1,83814.20225024766,1093.8275551721454,2632.285766964138,1093.8275551721454,2822.666715088897,2885.7045997661044,2907.6693509653996,2909.5937407043093,2901.0170361073397,2889.2162275508454,2879.0096199536492,2872.958546905589,2871.854175590197,2875.2729423810233,2882.0758051475714,2890.79931028602,2899.931328670311,2908.0865149661113,2914.104037310113,2917.089686233987,2916.4206938361604,2911.7270957296278,2902.8594782785513,2889.849870713253,2872.870344843148,2852.192389609685,2828.149122814968,2801.1017115620343,2771.4108711511653,2739.4139215937757,2705.4075593970774,2669.636230954464,2632.285766964138
DEU,Male,IHD,diet,29693.747396648658,0.0,1549.4778130007762,0.0,23.854308673922787,58.352041783131426,107.228511982481,173.30992564788903,257.2037576974544,356.47291291817965,466.14682355037075,580.3306776046084,693.7978583858348,802.7805961003032,904.9870043959672,999.2471466648567,1085.113246928624,1162.5529485410661,1231.7545902802522,1293.0183919456613,1346.7016851899098,1393.193716689566,1432.904411448224,1466.2582938300911,1493.6892084426363,1515.6341239361354,1532.5257504934707,1544.7844112849998,1552.809878875516,1556.973907253705,1557.614075072328,1555.0293780306965,1549.4778130007762
DEU,Male,IHD,combo,112674.04956819625,1093.8275551721454,4145.149596612115,1093.8275551721454,2845.5844018981734,2941.752323510809,3010.7505734261067,3076.3619953283487,3148.7453545266762,3232.8614360901556,3328.7583822170564,3433.3183587003878,3542.2810875346477,3651.568160178911,3757.805520921145,3858.3775795313413,3951.3191640508885,4035.1953120369435,4109.010718733727,4172.146357573569,4224.311111117582,4265.4986777962185,4295.944488262452,4316.080828427395,4326.4904639505985,4327.860130365327,4320.935662850505,4306.480548885622,4285.239458412791,4257.907943074548,4225.109069025944,4187.377307984119,4145.149596612115
DEU,Female,IHD,glp1,56769.28189630066,847.2799031415489,1877.3213321750518,847.2799031415489,2124.777019757399,2082.595440028337,2037.915193793393,1997.4707390809053,1961.2189306703076,1929.8897664375982,1904.375574748934,1885.2671515425172,1872.6735298653948,1866.2304934019485,1865.2032812666148,1868.6180511602142,1875.3856501771224,1884.4019299399079,1894.621012930671,1905.1038510764338,1915.0465593434928,1923.7931935227389,1930.837022690379,1935.8135401803738,1938.4877351210598,1938.7375899209583,1936.5353667956806,1931.9279560912692,1925.017336728095,1915.9420110276405,1904.8601020129136,1891.9346316717565,1877.3213321750518
DEU,Female,IHD,diet,24557.645653396452,0.0,1322.1925302743766,0.0,23.06324035617581,54.39810312834743,97.99304641399067,156.35770106344717,229.46993590977218,314.27452366109355,405.5592746064649,497.7972609860881,586.7132197095343,669.8406436983059,746.252332974429,815.9865702140087,879.5308439258952,937.4846357278293,990.3871819261985,1038.6559589250828,1082.5860122068698,1122.376166587419,1158.162474115903,1190.049010379429,1218.13192683339,1242.515800382229,1263.3228638552537,1280.6963587852078,1294.799442844349,1305.811040442015,1313.9198702971044,1319.3176831662422,1322.1925302743766
DEU,Female,IHD,combo,80614.97655875668,847.2799031415489,3165.342709805511,847.2799031415489,2146.934698963916,2134.862141968988,2132.154593427389,2147.980469798742,2182.3052622492833,2232.9448270868743,2295.784273356723,2366.081570545037,2439.8002252777515,2514.1652084040834,2587.516180818333,2658.891552084955,2727.6557523238735,2793.272990818412,2855.2121491426806,2912.9339186553116,2965.916981236034,3013.6951816962683,3055.8906688330026,3092.2365487434436,3122.5874841059995,3146.919175429677,3165.318780586327,3177.9687006867607,3185.126142076362,3187.100647492727,3184.231474925371,3176.866345075294,3165.342709805511
GLB,Male,IHD,glp1,2631325.3839875385,34024.589713720605,96644.53423066065,34024.589713720605,84824.99970359914,84688.02645980008,84326.56772052031,84099.66834233608,84021.82246463094,84089.12744084839,84289.82655888423,84608.23217438255,85027.55961220525,85531.71442945302,86106.16920103319,86738.17001622543,87416.52911482938,88131.22056386713,88872.93353691977,89632.67526059039,90401.46502975374,91170.12591120228,91929.16104665957,92668.69366388675,93378.45015942119,94047.77036657836,94665.63554457389,95220.71075812355,95701.40300141554,96095.93914923258,96392.46856472455,96579.19424746,96644.53423066065
GLB,Male,IHD,diet,2775637.2184416987,0.0,168178.10645059682,0.0,1530.6753193642944,3793.231668494642,7108.671075899154,11779.550967219286,17979.023428496905,25653.754860991612,34518.075367564335,44149.83478609007,54117.407867287286,64066.32660690509,73747.85232408717,83009.23861741088,91769.69433824066,99996.30088072363,107685.16590309422,114848.37893153913,121505.64905283693,127679.24883501884,133391.12392443046,138661.3496208405,143507.38974373415,147943.81386398152,151982.26606569905,155631.56812329218,158897.89656486362,161785.0070882775,164294.49857296795,166426.1175917508,168178.10645059682
GLB,Male,IHD,combo,5357742.677221744,34024.589713720605,262229.8295196565,34024.589713720605,86319.8175412491,88391.2962711202,91268.76677935384,95607.71921863593,101593.19018260855,109170.82801796217,118051.27170759905,127807.28955021314,138000.5083166072,148267.93660349585,158351.0044324845,168086.5099364519,177383.11268007755,186197.50678850058,194515.60730323847,202339.41699018236,209678.53880931158,216545.00798970368,222950.32283701282,228903.85673202854,234412.09976754524,239478.3782966584,244102.84052421525,248282.58989617787,252011.90802771412,255282.54495829437,258084.0737488903,260404.31408103462,262229.8295196565
GLB,Female,IHD,glp1,2061772.51669992,26986.631487193517,81067.8512710128,26986.631487193517,66422.70640207361,65021.5605897652,63871.743730687536,63139.350709573366,62757.52995753428,62668.67172837863,62823.23226620117,63177.91886755917,63695.18005162198,64342.95740510896,65094.30813661497,65926.83684791159,66822.0016599996,67764.38699100539,68741.01909951773,69740.77073869761,70753.87268428039,71771.52866947092,72785.61776529718,73788.46344263665,74772.6494046282,75730.86658262368,76655.78150986694,77539.92214217968,78375.58209018875,79154.74761415925,79869.05342586618,80509.773428265,81067.8512710128
GLB,Female,IHD,diet,2363272.8216784485,0.0,147832.6101242341,0.0,1355.4891476011835,3303.40985819418,6119.993775316048,10058.197945626453,15257.537761512678,21666.528037180193,29042.637526211794,37036.08431933168,45296.1866721604,53540.9335681051,61577.26740226988,69290.36969879363,76622.47402718943,83552.75258733891,90082.14664607123,96223.20416945126,101993.7654859256,107413.25981288031,112500.64757407177,117273.34505061619,121746.70571735501,125933.79843780119,129845.33189288527,133489.644347243,136872.72132113762,139998.2299168976,142867.57326729316,145479.97558775358,147832.6101242341
GLB,Female,IHD,combo,4383452.901973174,26986.631487193517,226587.69019943755,26986.631487193517,67746.44196567778,68247.09243359696,69849.75072934851,72968.30277293641,77673.35225652577,83858.37064326834,91238.06058383733,99428.02883204678,108048.04060619976,116789.85937373806,125436.92599410843,133853.5506081991,141963.674052638,149730.57090248447,157141.37314542197,164196.54508177284,170903.21055282932,177271.12966349255,183310.37096206658,189030.01219541766,194437.43447423633,199537.9402674837,204334.53785070777,208827.80873647798,213015.8220187258,216894.08862888254,220455.56469576526,223690.7202586569,226587.69019943755
CHN,Male,IschStroke,glp1,374261.1867613997,2711.514216354408,14757.709866077174,2711.514216354408,7541.523461354896,8165.899468189804,8725.61415573943,9260.655951629742,9776.543566696579,10274.243710877723,10752.75667137513,11210.489621997462,11645.981984795537,12058.153295468888,12446.266529252403,12809.772845873842,13148.15157606802,13460.805596602382,13747.029635628802,14006.041626815451,14237.05392859201,14439.358582632383,14612.404806071427,14755.854093270376,14869.606063003186,14953.794909623917,15008.761205402669,15035.006660901941,15033.140471080784,15003.825450661825,14947.7307566104,14865.496052751085,14757.709866077174
CHN,Male,IschStroke,diet,867603.4166835189,0.0,49436.221997115994,0.0,500.38808936357964,1241.068245409173,2326.723433969193,3856.629923310131,5887.688318449771,8401.996303113992,11304.399550442351,14453.705066032591,17704.56956692878,20936.461014301283,24063.583984981407,27032.032835444086,29812.02016312431,32389.945974331233,34762.14917772962,36930.59994376334,38900.191780204885,40677.17299984023,42268.31644609617,43680.52818292915,44920.69094366883,45995.613250139635,46912.00989541481,47676.477203677176,48295.45088357362,48775.14870365686,49121.507399355294,49340.12540715141,49436.221997115994
CHN,Male,IschStroke,combo,1229826.5820715183,2711.514216354408,63604.59453477641,2711.514216354408,8032.428521700553,9383.26562295144,11008.564553176402,13045.973464853829,15557.250923721353,18526.29294865555,21859.177277739975,25416.024304708117,29052.759556670557,32649.807178084273,36121.87313470454,39415.08220599452,42499.25606308272,45360.06325575232,47992.87118809507,50398.55188811023,52580.89039997547,54545.12285537319,56297.19141000346,57843.40891724243,59190.32637730497,60344.676142393146,61313.32229757146,62103.18948408519,62721.16647094581,63173.99461325328,63468.157096079085,63609.78516815859,63604.59453477641
CHN,Female,IschStroke,glp1,279277.44032570487,2034.5378572068876,11920.523855546373,2034.5378572068876,5521.346940083953,5839.551192181592,6146.163836658525,6464.410527242231,6794.358778954658,7133.766403494752,7479.232833308051,7826.966728572501,8173.33346230397,8515.140161035466,8849.704971088679,9174.791584951687,9488.48701494711,9789.079965456622,10074.972404199536,10344.635579942726,10596.606845211005,10829.515477365348,11042.123049813323,11233.365066854749,11402.383863422554,11548.54682855634,11671.447892026743,11770.893359213136,11846.875347470283,11899.537251491216,11929.13597152452,11936.005275580334,11920.523855546373
CHN,Female,IschStroke,diet,668485.3916234531,0.0,40475.06982652936,0.0,358.30485979106743,882.9357786916662,1649.9302507412503,2731.9719326712657,4173.151106071484,5966.167323636706,8049.933262982522,10330.541169137927,12709.885550812003,15105.611187701812,17458.102610333124,19728.771300977794,21894.97553904855,23944.791425520438,25872.87210300984,27677.57584643294,29359.150292380946,30918.682100098464,32357.556445738184,33677.23157412454,34879.19021761115,35964.974918548134,36936.24843342218,37794.845403448446,38542.79925495642,39182.340378451394,39715.86924723629,40145.91228334722,40475.06982652936
CHN,Female,IschStroke,combo,938299.1320383953,2034.5378572068876,51889.95706664072,2034.5378572068876,5872.86143964302,6705.664965853619,7765.151937252143,9146.013131794112,10891.841767127218,12993.563497802243,15388.14425402903,17979.835192832747,20668.75864968286,23370.781863074517,26024.495905498974,28589.525153051713,31041.462301763124,33366.64072221995,35557.99379975675,37612.19466373464,39527.86811602267,41304.58064320416,42942.34506592923,44441.436363181565,45802.37343625119,47025.96965068125,48113.39217961626,49066.19777591969,49886.33221140201,50576.093697835924,51138.06844474864,51575.05028463842,51889.95706664072
IND,Male,IschStroke,glp1,90427.51947182903,721.610042554792,4099.173633233178,721.610042554792,1924.5516260779405,1999.4566189353645,2075.8490746090247,2157.0269750633743,2240.9452367511694,2326.485445441096,2413.073217453086,2500.416964201664,2588.3699485469842,2676.8539715184597,2765.813872713421,2855.187706575787,2944.8851722663385,3034.770803330757,3124.6504443045123,3214.2605518893106,3303.260323486349,3391.226831228356,3477.65336690814,3561.951157588279,3643.4545295362477,3721.429494832293,3795.0856167533784,3863.590881042881,3926.0891663340735,3981.719776842743,4029.638384540507,4069.038637269521,4099.173633233178
IND,Male,IschStroke,diet,185492.36240452455,0.0,11896.946627007506,0.0,101.72523843005183,250.62254990724614,469.28686695563374,778.0861101952032,1187.482650591759,1691.6250318686361,2268.8498035873054,2889.443765249918,3525.018493995536,4154.22478850442,4763.921212572837,5347.674493652303,5903.537253771967,6432.121201367525,6935.2442997444305,7415.090940339956,7873.736296334711,8312.900756455027,8733.839760763454,9137.30971013679,9523.575484658533,9892.440689471725,10243.290816803754,10575.144465698104,10886.71026307228,11176.448234939016,11442.634720369359,11683.429878079565,11896.946627007506
IND,Male,IschStroke,combo,274275.4178788571,721.610042554792,15901.269476829737,721.610042554792,2025.0684411276306,2247.1067477517936,2539.677639094938,2926.2375091788126,3415.135014960426,3999.5307453458663,4657.487315364648,5359.360681526363,6076.9238634991925,6788.94990560849,7482.337746110745,8150.613066834747,8791.716828541015,9406.085582162254,9995.29964035604,10561.24012664362,11105.608758365503,11629.67837823031,12134.180937080935,12619.274399481015,13084.55450457771,13529.092620977259,13951.489799753239,14349.941914668132,14722.313132490555,15066.215928536141,15379.096092402935,15658.32103880227,15901.269476829737
IND,Female,IschStroke,glp1,81604.12796346389,795.3246705156635,3583.164574403898,795.3246705156635,2107.706344782142,2030.407927496999,2032.2096587874694,2062.6269290390774,2108.418569707079,2163.0843387426576,2223.381694485026,2287.499713330588,2354.33606768772,2423.169896963227,2493.5009836929385,2564.9617368181935,2637.2612298353924,2710.144552576472,2783.3607063236414,2856.6364972244482,2929.6556017592666,3002.04265492782,3073.3524488322437,3143.0643669525743,3210.582108514791,3275.2386151856044,3336.3059221720323,3393.0094409079757,3444.545966308797,3490.1045132586733,3528.8889460677747,3560.1412861637073,3583.164574403898
IND,Female,IschStroke,diet,218535.5787989561,0.0,13273.3859947233,0.0,190.77113521107822,424.8966695070267,753.0373988085194,1201.550985863607,1777.2955408896087,2460.7048412857694,3211.480599700357,3983.801749887003,4740.434768284205,5458.540393493604,6128.282144271361,6748.591097077297,7323.131211524596,7857.498754012922,8357.597595428408,8828.823592067813,9275.722038050473,9701.891859752475,10110.005125762022,10501.873099766031,10878.526468871452,11240.296787258121,11586.895671301463,11917.492351893568,12230.791435561376,12525.112592504942,12798.473159431363,13048.67373676633,13273.3859947233
IND,Female,IschStroke,combo,298551.8401643041,795.3246705156635,16771.730230456335,795.3246705156635,2296.2112547807337,2450.6417758291936,2777.335037652985,3251.977786691976,3868.208344122453,4600.27404795232,5405.106979503471,6235.521466901933,7053.470665433619,7835.508404541411,8571.287614483095,9259.298037207162,9902.81924934301,10507.103197965887,11077.727401844808,11619.755737972795,12137.37407693785,12633.77648505295,13111.171664205205,13570.841365487198,14013.218554803869,14437.972256671637,14844.095274732332,15229.994844432571,15593.587320227409,15932.397695489926,16243.663897593156,16524.444825471146,16771.730230456335
BRA,Male,IschStroke,glp1,52267.570301403386,417.19019752868917,2284.7541107834404,417.19019752868917,1093.6329749822617,1146.0006736738505,1196.681750744101,1249.456546656147,1303.9394864107599,1359.629499371702,1416.0216032731405,1472.6371410940628,1529.0439036511525,1584.8670139509704,1639.7918517571961,1693.5609688108307,1745.9669652093653,1796.843005358358,1846.0522766728682,1893.4773501825766,1939.0101289280428,1982.542867441778,2023.9605977957835,2063.135186363259,2099.921155831951,2134.1533295356057,2165.6462848240626,2194.195537248932,2219.5803180617804,2241.5677551257104,2259.918223366418,2274.39159676859,2284.7541107834404
BRA,Male,IschStroke,diet,34717.92147566725,0.0,2194.308884296028,0.0,16.156850144208875,40.785924969379266,77.58210118602437,130.17745218806522,200.9066259929532,289.6635186503627,393.70701277667104,508.5942380692504,629.5314999433904,752.3653947293787,873.9793912771929,992.2691797329244,1105.9383021235262,1214.267463983735,1316.921054872757,1413.8041329275438,1504.963317691043,1590.5204508394818,1670.6290372329386,1745.4460265667876,1815.113856214506,1879.749448964576,1939.43806692402,1994.2306965285534,2044.144111795962,2089.1630375813693,2129.2439854771364,2164.3204119874863,2194.308884296028
BRA,Male,IschStroke,combo,85875.30945941174,417.19019752868917,4415.51334555549,417.19019752868917,1109.155401652606,1185.1528817016733,1271.1735874188234,1374.4999613893742,1497.0109360555434,1638.1320217588,1794.754221867668,1962.1531837977163,2135.30201761191,2309.8336648143013,2482.4274592004876,2650.7861486907204,2813.4358548871896,2969.4974458707948,3118.4916602758676,3260.191891837705,3394.5192562337033,3521.469905725229,3641.065459540303,3753.3197087902226,3858.216901416861,3955.6985188089166,4045.656533480942,4127.931808400404,4202.316688639839,4268.561044795482,4326.381126763386,4375.470624901092,4415.51334555549
BRA,Female,IschStroke,glp1,47182.888468569814,400.1811948615432,2163.0182284182956,400.1811948615432,1031.0545770945537,1052.0193896727942,1078.1701720906203,1111.072492152991,1149.0659654610572,1190.9094988766228,1235.6780289161106,1282.6472813192522,1331.2221911016895,1380.8955863849624,1431.225747027078,1481.8247743727989,1532.352437211528,1582.512179816993,1632.047394288944,1680.7370156108373,1728.3901219470572,1774.839612601063,1819.9352619168494,1863.5365585890395,1905.5057713620336,1945.7016593328444,1983.9741868535348,2020.1605235072348,2054.0825194782083,2085.5457538394694,2114.34016376028,2140.242180703528,2163.0182284182956
BRA,Female,IschStroke,diet,33892.61663432407,0.0,2186.7655718932365,0.0,17.904307118122233,43.82172458949208,81.60894860038388,134.9116397802718,205.8906682792949,294.0880333810637,396.3479959651813,507.93135805674683,623.9981033848599,740.6123601971703,855.0605057503853,965.7201163791251,1071.7676588514878,1172.89414845399,1269.089084554973,1360.4962015520068,1447.3250110418667,1529.8000131264707,1608.1331894380128,1682.5099290209473,1753.0822389852983,1819.9656905622833,1883.238226241112,1942.9399626237864,1999.0736876799638,2051.606032718657,2100.469409701167,2145.5648163967126,2186.7655718932365
BRA,Female,IschStroke,combo,80039.14086692706,400.1811948615432,4288.80943099421,400.1811948615432,1048.2558441635629,1094.1049774334751,1156.5885128999143,1240.7887408886963,1347.1464397762684,1474.0118130542323,1617.4565207823907,1772.2197623881948,1933.0567595805842,2095.664771850512,2256.9716535542684,2415.003962399358,2568.604078795477,2717.155306663808,2860.371427316226,2998.1537206867943,3130.5001781793835,3257.449841773654,3379.0488880611374,3495.3294645873393,3606.2958275374986,3711.9147828480927,3812.1089769956598,3906.7524736535415,3995.6685071237735,4078.6294848139078,4155.359330601437,4225.538192662119,4288.80943099421
CAN,Male,IschStroke,glp1,6468.089619923404,54.310201769766536,261.2149137174292,54.310201769766536,141.38046884198957,148.02219174402762,154.59264668874494,161.5310591522184,168.7349585320635,176.0908494335281,183.4902706996936,190.83374777435438,198.03249901080653,205.00878763230503,211.69566430055875,218.03660502737512,223.98526922688234,229.50539269921865,234.57071709241245,239.1648250415892,243.28076972260897,246.92043192346773,250.09358734617672,252.81671006208126,255.1115695423823,257.0036974007244,258.5208072499736,259.69124928847305,260.54257300170866,261.1002590533408,261.38666696354994,261.4202299839526,261.2149137174292
CAN,Male,IschStroke,diet,2565.2839833673906,0.0,156.3129430997742,0.0,1.2241696240298552,3.099388289086164,5.90977704886518,9.939128157006053,15.370920588803529,22.195405725704404,30.192858207777135,39.008049756743276,48.258681150555276,57.61445992136032,66.8277991281766,75.73064720143066,84.21745636056039,92.22682644883844,99.72680103906896,106.70460544599155,113.16001855953618,119.1012617720844,124.54245692102722,129.5019791396935,134.0012747622768,138.0638959974931,141.7146266175605,144.97864968347494,147.8807526547189,150.44458777352884,152.692014168264,154.6425481239603,156.3129430997742
CAN,Male,IschStroke,combo,8945.39314729694,54.310201769766536,412.43288708666296,54.310201769766536,142.55759871747432,150.99972700312173,160.27071831929607,171.083162492655,183.51205298373407,197.43601296360066,212.53686834111522,228.3747283882467,244.493651709201,260.49802950637604,276.0820436183167,291.0265020565712,305.1824186683616,318.45338026774425,330.78139995406127,342.13690679340834,352.51200223718297,361.9158549185131,370.3713117211428,377.91210593068445,384.58030748899637,390.42385262938205,395.4941148796888,399.8435514387729,403.5234934698292,406.582158408537,409.06295631148714,411.00314722300936,412.43288708666296
CAN,Female,IschStroke,glp1,8210.73004771161,78.89754188715142,340.8964817851447,78.89754188715142,195.4798771244923,193.19889322504605,195.69954963227883,201.0337008436627,207.99943785396317,215.97711247835105,224.59258096758094,233.58422265880472,242.7497042542218,251.92305469331768,260.96404600854294,269.75311512814733,278.1890334189666,286.1879638310693,293.6831170170535,300.6245043247527,306.9784736305937,312.726857368114,317.86567349308825,322.40340227887646,326.3589169880979,329.75917821164694,332.6368145759552,335.02771137113996,336.9687178181157,338.49556681650756,339.6410809257668,340.43371710115935,340.8964817851447
CAN,Female,IschStroke,diet,4104.438506284989,0.0,244.71326388249508,0.0,2.716223595270094,6.36487495026995,11.520195061285449,18.67355009909261,28.08946485929846,39.67032184274831,52.961879661996136,67.3142603351389,82.08203919351763,96.75150647325609,110.97378306536484,124.54081723503077,137.34404296360844,149.33721499979583,160.50992522073284,170.8711384597791,180.43998612890027,189.24112569657518,197.3026601690708,204.65530466875134,211.3320184899021,217.36768373784253,222.79864248522063,227.66204254621334,231.995018503756,235.83377161610224,239.21262467130146,242.16312567267232,244.71326388249508
CAN,Female,IschStroke,combo,12190.228443528731,78.89754188715142,578.6927106136918,78.89754188715142,198.09172754107476,199.3197863740661,206.7857671766842,219.01500093111827,235.06292161199508,254.2196334843411,275.6770348238824,298.5495155219596,322.01286034162877,345.4042573156821,368.24439283348147,390.2100166449127,411.0922750734044,430.76018524613573,449.13482092441336,466.17315932985,481.8586729876715,496.1959332948445,509.20724659176085,520.9300832244389,531.4146224475644,540.721115653836,548.9170057113097,556.0738728424385,562.2643412700818,567.5591004704129,572.0241874777912,575.7186538811075,578.6927106136918
TUR,Male,IschStroke,glp1,20101.254119725418,192.9497307106849,859.4178391819114,192.9497307106849,515.8373164652312,476.92784714795016,483.5052431917793,494.43439941258475,510.4891245889703,528.6769734050176,548.0967536974204,568.0504328977331,588.1329975506742,608.080081277134,627.7283512708964,646.9777332536578,665.7676026338959,684.0590114181541,701.8219768911404,719.0263761409042,735.6356552945326,751.6027386046699,766.8676884417728,781.3567687625764,794.9826419178207,807.6454862510654,819.2348644543308,829.6322012480523,838.7137450305054,846.3538938747079,852.42876476725,856.8198799423917,859.4178391819114
TUR,Male,IschStroke,diet,8737.746298024462,0.0,508.77086241368306,0.0,9.834393869517953,19.424694696865117,33.11470712388109,51.6326042071305,75.3113623337631,103.2831767840944,133.88087312019343,165.24721510582822,195.89893139534252,224.93096489887103,251.94383700000617,276.87264342425624,299.83250754392793,321.0141764946711,340.62428843619637,358.85537996886706,375.87299393314606,391.8116905149036,406.77530430891056,420.8390254759797,434.0521435293231,446.4409509946745,458.01162549489163,468.75305198369824,478.6396004152266,487.6338848087471,495.6895212318341,502.75388651603134,508.77086241368306
TUR,Male,IschStroke,combo,28580.828037446918,192.9497307106849,1354.7254467084713,192.9497307106849,525.2002728046027,495.5526178305536,515.2821281550077,544.0424638846343,582.9179634269312,628.1068774221058,677.1131119456368,727.4512055231316,777.2780651485264,825.4438174743846,871.3868164773776,914.9335398502262,956.126382523209,995.1049344629646,1032.0351061799556,1067.0705477284719,1100.3334730652168,1131.906378394815,1161.8296954877587,1190.1026751698082,1216.686092684442,1241.5060641840355,1264.458619933106,1285.4148494335932,1304.2265035165292,1320.731955932024,1334.7624183405278,1346.1482830481873,1354.7254467084713
TUR,Female,IschStroke,glp1,22292.34537980004,248.63846823839776,977.576624295114,248.63846823839776,652.6720334674937,554.8689936029114,547.0781345178802,550.9269224793643,562.5767369348723,578.2133221536133,596.2165590067052,615.6423371605306,635.9092015127317,656.6401457485481,677.5853266938648,698.5762928696786,719.4964704848499,740.2609406949814,760.8020781190462,781.0591639054946,800.9708686594568,820.4699189236562,839.4794941610235,857.9110374802622,875.6632482913192,892.6220811849416,908.6616127375673,923.6456609487941,937.4300528991589,949.8654371573721,960.8005312327368,970.0856842376743,977.576624295114
TUR,Female,IschStroke,diet,11094.298968423995,0.0,647.9061570597987,0.0,15.5928537542095,29.33329328228865,48.58549797224259,74.33703871215039,106.58440706194233,143.718795102086,183.158666306339,222.36684184248224,259.59104158859554,294.00235702468854,325.4532939246528,354.16750427506486,380.51208326242704,404.86997728532515,427.58256075029567,448.9310250049675,469.13585632177274,488.36317307833815,506.7326252399871,524.3247218091419,541.1869649181681,557.3388147871301,572.7757351355758,587.4726061974288,601.3867554725948,614.4607966576295,626.6254067252521,637.8021178714189,647.9061570597987
TUR,Female,IschStroke,combo,33093.8751058505,248.63846823839776,1610.235114752184,248.63846823839776,667.5174027748326,583.0514176465331,593.8205155072828,622.5419568846519,665.3823281425466,717.0057273149105,773.3115002603845,830.8956550531802,887.4602598960482,941.801731862648,993.5075392953695,1042.6123310716102,1089.3470601800218,1133.9935417448505,1176.8130541743703,1218.0169418510814,1257.7579687240577,1296.1307396262491,1333.175512265443,1368.8829556602723,1403.1989855874126,1436.0295042265498,1467.2451359010884,1496.6861154289,1524.167463649821,1549.4845295599807,1572.4189146575445,1592.744733912281,1610.235114752184
ZAF,Male,IschStroke,glp1,10062.614953546588,70.10824516244793,467.9424226589508,70.10824516244793,191.74956359444604,204.89480433599692,216.92084978563798,228.721676823312,240.38333104839148,251.9283483902782,263.354929752506,274.65289680382375,285.8134625991206,296.83438732392824,307.72146944089764,318.48734116207197,329.14851675567843,339.72152907453165,350.21882573124276,360.6449241720529,370.9931691262609,381.24330589131205,391.3599792465684,401.2921873192936,410.97365841877763,420.32407305997185,429.25102022763895,437.6525542178679,445.42020452813085,452.44228502258557,458.607348990241,463.80764288262435,467.9424226589508
ZAF,Male,IschStroke,diet,474.7751669011823,0.0,30.019243804294092,0.0,0.24843282626534346,0.615813810479267,1.15851877770001,1.9299305526692478,2.961522819248785,4.245606480108108,5.733639452500938,7.35264203470615,9.027673324086209,10.697535083891125,12.320186182221732,13.871167477102063,15.339294436264026,16.722218456152405,18.022859772801894,19.24685411626524,20.40083915121977,21.49135261841002,22.524151534369594,23.503815855568973,24.43354545629336,25.315091376265627,26.1487830365877,26.933625775101973,27.667450453780475,28.347101095594553,28.968648883444985,29.527622257788607,30.019243804294092
ZAF,Male,IschStroke,combo,10524.50701069034,70.10824516244793,497.2329939211704,70.10824516244793,191.98900560565835,205.48813935949966,218.03765670130997,230.58323678431407,243.2416728008011,256.0285889874285,268.8958494172093,281.76319349943697,294.54960077118085,307.1936082649863,319.6601029918547,331.93768941998496,344.0316554791825,355.95587313605574,367.72527636672567,379.3495600608949,390.82828177656484,402.1473641689281,413.27692676392326,424.17034631427487,434.764426821881,444.9805450807871,454.7266241909201,463.8997768336558,472.3894532739323,480.0809267942059,486.8589518915978,492.61143804952735,497.2329939211704
ZAF,Female,IschStroke,glp1,14259.994921676813,107.07981343605934,648.7601537338232,107.07981343605934,315.0137909543355,326.63344614495327,336.1812263482698,346.59197060275255,358.1450578370059,370.6904152306597,383.95987007511576,397.67942106287956,411.6139383694099,425.5809818229536,439.45077404171025,453.1404532929555,466.60617335538336,479.83450003351754,492.8336997105871,505.6252303332694,518.235676779721,530.6893643243275,543.0018763519438,555.1746783861163,567.191009033133,579.0131440227451,590.5810776106737,601.8126013501023,612.60469815955,622.8361135520172,632.3709189712827,641.062846749559,648.7601537338232
ZAF,Female,IschStroke,diet,800.2201923775283,0.0,48.617173116064805,0.0,0.6605280422500073,1.4813969665356126,2.617150288873745,4.174911635622266,6.196927497980141,8.63666045512582,11.368751266927575,14.234320337513054,17.09031644442075,19.83633720110447,22.41698140683002,24.811415861280693,27.020678060023783,29.05757485756476,30.940066290706454,32.68742809446849,34.31822045014633,35.84929509590438,37.29534563331981,38.668718956232624,39.97934391781382,41.23471376262387,42.43990150855461,43.59760750696296,44.708245708770846,45.77007570931528,46.779384935030976,47.73072136956034,48.617173116064805
ZAF,Female,IschStroke,combo,15042.074674111738,107.07981343605934,696.4102277861311,107.07981343605934,315.65041440412824,328.06345934494493,338.711083064185,350.631879595534,364.147094274309,379.0628990654004,394.9908253951726,411.5034159764473,428.22658806618347,444.8796649090218,461.2779930954748,477.3173764323328,492.9540222290707,508.1861892870256,523.0390464433331,537.5524056107533,551.77064864372,565.7343448575302,579.4733064537177,593.0010091937329,606.3103977284263,619.3711188431407,632.1282058075012,644.5021926218142,656.390582254935,667.6705376212376,678.2026145912932,687.8353170791816,696.4102277861311
MEX,Male,IschStroke,glp1,16818.679409324563,114.90739655505968,806.7444502515173,114.90739655505968,303.91075219464074,323.47603515837,342.4623108680953,361.8900720601614,381.68668055579474,401.7776986048757,422.1009422201405,442.6009832405107,463.2252041579577,483.92143142839814,504.63662013750945,525.3161505246062,545.9034431120272,566.3397230143837,586.5638480319103,606.5121639370482,626.1183747967698,645.3134267993119,664.0254087866888,682.1794763759899,699.6978113618316,716.4996342621962,732.5012944357586,747.616467669246,761.756494020894,774.8308878916032,786.7480472372408,797.4161796340231,806.7444502515173
MEX,Male,IschStroke,diet,4874.459400163845,0.0,331.9627736372495,0.0,2.0271546859821683,5.134945353967851,9.796327565500178,16.480758191422865,25.49866794884838,36.857700060627394,50.238835260212,65.11408196549746,80.91509214524922,97.15460041238111,113.47226864628465,129.6281283861299,145.47476525376078,160.92761157297537,175.94103595335764,190.49150433404066,204.56664334533707,218.15854763132302,231.25989989114532,243.86185715573083,255.9530007928588,267.51890478183486,278.54205353148427,289.00195618160797,298.8753771614538,308.1366466750005,316.7580394592587,324.7102221833229,331.9627736372495
MEX,Male,IschStroke,combo,21503.741878566434,114.90739655505968,1126.589014542129,114.90739655505968,305.84827216132726,328.3783905657583,351.81576336222497,377.6305917903428,406.04900116894896,437.00685381677977,470.1403485875162,504.89212201203736,540.667836109722,576.9497736193225,613.3396248184072,649.5519298423769,685.3874682245696,720.7048727540041,755.3977387696559,789.378441978035,822.5675661472196,854.887376731087,886.2579897866126,916.5952506356334,945.8096662211537,973.8059846021824,1000.4831892958391,1025.7347916714498,1049.4493769661203,1071.5114006959266,1091.8022509138718,1110.201594221122,1126.589014542129
MEX,Female,IschStroke,glp1,17351.69218946257,124.39757859135352,873.4534207830766,124.39757859135352,322.6069547406678,334.3072497645335,347.5104536962881,362.8178817510088,379.775309676048,398.0379909629555,417.356859873933,437.54686489674896,458.46279822898396,479.9827483843692,501.9976346360654,524.4050889408227,547.1061964164073,570.0039683327268,593.0027631553166,616.0081433390114,638.9268533698378,661.6667404757136,684.1365301940023,706.2454295400748,727.9025718950252,749.016346901255,769.4936793066845,789.2393342691357,808.155333327868,826.1405648661312,843.0906653874299,858.8982337590933,873.4534207830766
MEX,Female,IschStroke,diet,5423.803578027797,0.0,377.106825663519,0.0,2.4980135445275664,6.171050165137785,11.55859517432873,19.18594530502196,29.382207813761852,42.11833394979476,56.991867442946386,73.37816389365253,90.63396173202636,108.23567344889489,125.82296608243269,143.18033884225588,160.19653544833636,176.8252534060266,193.055522478262,208.89223592810595,224.3445842234578,239.41983344925393,254.12039911591637,268.44279276356974,282.37753514217184,295.9094980512273,309.01838063521063,321.67917936054073,333.8626032271568,345.53543811578857,356.66089075459604,367.19895286987594,377.106825663519
MEX,Female,IschStroke,combo,22574.417168594846,124.39757859135352,1237.4346004127547,124.39757859135352,324.99451359498016,340.20125515063046,358.55450318351177,381.15920445589654,407.878707091073,438.34452623680045,471.9268737713901,507.8462838686046,545.3433452659374,583.79447976347,622.7437802232598,661.8799977789895,700.9950142920297,739.945049251739,778.6218708907763,816.9340348568658,854.7957442901898,892.120745617136,928.8192333647894,964.7963852097309,999.9516768086723,1034.1785039647511,1067.3638921161037,1099.3882332789472,1130.1250859540123,1159.441123769473,1187.1963371592756,1213.2445883817018,1237.4346004127547
AUS,Male,IschStroke,glp1,4266.384304262,31.785841448357587,186.47480959744917,31.785841448357587,83.69727547056846,88.56038778349512,93.68530026548478,99.15151609946588,104.79123080392719,110.47117741225384,116.08813728120595,121.5644184985681,126.8446906200902,131.89270652386585,136.68772686141983,141.2209423650511,145.49222127311532,149.50738327356703,153.27606142992408,156.8101124514169,160.12248116223782,163.2264073828701,166.134869329082,168.86017576727318,171.41364170998986,173.8053046818086,176.04365807243175,178.13539377914003,180.0851579860273,181.89533170894902,183.5658520273064,185.0940911956577,186.47480959744917
AUS,Male,IschStroke,diet,1376.0251365088325,0.0,85.24799742456617,0.0,0.7143029971043688,1.7825211020817733,3.372097047727948,5.6452696389596895,8.700409658687477,12.517553961691647,16.95104231661344,21.778304781093084,26.768656396725873,31.732274288629924,36.537638478942426,41.107087668913664,45.40362897468913,49.41726030485643,53.154095861899805,56.628805781610026,59.85980426940205,62.866402204863334,65.66724480602534,68.27953428715318,70.71870026119996,72.99830413234213,75.1300498083292,77.1238301303847,78.9877748346853,80.72828819071765,82.35007739282628,83.8561795061105,85.24799742456617
AUS,Male,IschStroke,combo,5592.6582429700975,31.785841448357587,268.7847934529,31.785841448357587,84.38205037292437,90.26782536131486,96.91616169600866,104.56245962007551,113.1339804541185,122.47935090289047,132.35670680836074,142.47559144050183,152.55955324581964,162.38986796867084,171.81887795893908,180.76236922974567,189.18383414194977,197.0787218495998,204.4619067470876,211.35884683029963,217.79981364093146,223.8163422672942,229.43915074403776,234.6969646288244,239.6158590244595,244.2188698480486,248.52572770085771,252.55263798593296,256.3120775556026,259.81260751327045,263.0587186511757,266.05073388009805,268.7847934529
AUS,Female,IschStroke,glp1,5781.166917629846,50.73516095033028,255.97774246306653,50.73516095033028,127.19821351046448,126.00428023917266,128.81315293861007,133.73499391910445,139.76205385054345,146.3936917128094,153.33607082518938,160.39308043810888,167.42543282978295,174.332814716533,181.04399319517324,187.51003338373357,193.6991291481263,199.59255530229166,205.18151230485364,210.46468887534138,215.44638105211925,220.13502111983416,224.54199203558164,228.68062915847167,232.5653375857146,236.21077793779386,239.6310948847713,242.83918057422852,245.84597920072883,248.65984916315756,251.2860056005029,253.7260687137059,255.97774246306653
AUS,Female,IschStroke,diet,2376.721006994044,0.0,141.67490956708025,0.0,1.7993212820229019,4.1277455541321615,7.369337738737158,11.834293014942887,17.673242029954963,24.79346925334721,32.86937480433426,41.45669234761954,50.130185925801015,58.5684714185154,66.57262703544984,74.04539010104781,80.95908784970561,87.32732492438663,93.18481947184137,98.57476675603539,103.5416857967657,108.12779614731608,112.37147658814047,116.30685025067851,119.96391037660032,123.36884927911251,126.54441018430407,129.5101771383197,132.2827742806876,134.87597742399885,137.30075750971628,139.56528294344935,141.67490956708025
AUS,Female,IschStroke,combo,8083.257627542166,50.73516095033028,393.5085536714487,50.73516095033028,128.92315385118673,129.96355357922312,135.8887350375262,145.10691948021667,156.75709154520246,170.25238502911088,184.98858854828904,200.343711361038,215.76901594518404,230.85309859150766,245.33065431235536,259.0563824559522,271.9694010012181,284.0621392325047,295.357794555237,305.895666640301,315.7222965731935,324.8864152333772,333.43619555912755,341.4177941075659,348.8745450513088,355.8464316102463,362.36963230376386,368.47604956445593,374.1927969274366,379.54166227186397,384.5385874777385,389.19321507425593,393.5085536714487
NZL,Male,IschStroke,glp1,1114.0246914994873,9.666786753537053,46.652764236812345,9.666786753537053,24.890033845545872,25.584953095682295,26.49717557313147,27.599764082227694,28.80723663539561,30.05950832353608,31.31619316601507,32.55092319126402,33.747058882231386,34.894544347218016,35.98766502035028,37.023498610361685,38.000883210187794,38.9197581780345,39.780762517531684,40.58500134736914,41.3339133343336,42.02919065109336,42.67271833227164,43.266512197532165,43.812644185848285,44.31315136979333,44.76993040185448,45.18462293642028,45.55849987927945,45.892353330604465,46.186404997979025,46.44023886604532,46.652764236812345
NZL,Male,IschStroke,diet,423.7395139123728,0.0,25.216283995930553,0.0,0.2536175836420398,0.6250176941828158,1.1675463161535617,1.9312874365841708,2.9429577670263143,4.18920351592385,5.616590596753895,7.149617715627073,8.713664699222818,10.249995790343519,11.719967191195337,13.102381267254486,14.388533706264298,15.577560744657376,16.67297430255826,17.680395257379587,18.606203391412464,19.45680052276657,20.238248367284996,20.95611743520226,21.615443439244018,22.22073006645519,22.77596479501176,23.28463188857245,23.749717194883942,24.17370534152701,24.558572978136908,24.905782911175265,25.216283995930553
NZL,Male,IschStroke,combo,1522.4910113105902,9.666786753537053,71.01790307751344,9.666786753537053,25.132594584125627,26.182394054747647,27.613751229270292,29.447810729864614,31.624986092273957,34.072842973252705,36.70024761958132,39.408778196220965,42.11033346408817,44.738384903832184,47.24985402309699,49.62112246946731,51.842321691027564,53.91225062967146,55.83466499186534,57.615868706706124,59.26327853404496,60.78462728184354,62.18754636531571,63.47935090424926,64.66691710595114,65.75658935692127,66.7540864820453,67.6643971510814,68.49166683542194,69.23908552416196,69.90878832052181,70.5017812588892,71.01790307751344
NZL,Female,IschStroke,glp1,1289.4055276890479,14.455083197844488,53.50415486557108,14.455083197844488,34.78727924997884,33.05311968639876,32.62365513034456,32.9678275980134,33.7394962268836,34.747614226087535,35.882577760428376,37.07942186598848,38.298508495671285,39.514826141475396,40.71188623806347,41.87822158092695,43.00540683915233,44.08697742490904,45.117870879142856,46.094159154545196,47.012928315469026,47.87221786824762,48.670967928711434,49.40894607093833,50.086641403211615,50.70512389665987,51.265873913631594,51.770591259716184,52.220995534478334,52.618630477984425,52.96468468899502,53.259839769578775,53.50415486557108
NZL,Female,IschStroke,diet,592.8018735224994,0.0,33.95652257660163,0.0,0.47650421698836,1.10703261518006,1.9844973652723183,3.1858278382796925,4.743550430925325,6.6234364944739355,8.730173777587424,10.940877588044486,13.142906880742885,15.255424558915593,17.232306793371208,19.054698028738358,20.721238007059355,22.23997797279617,23.62295682706781,24.883053724926867,26.032410100433708,27.08180234868155,28.04052950536675,28.916542355895444,29.716656000959574,30.446762339507586,31.11200395778701,31.716896844279518,32.265403501302444,32.76096512001595,33.20650442660212,33.60441132469623,33.95652257660163
NZL,Female,IschStroke,combo,1863.1693741838324,14.455083197844488,86.46224955332968,14.455083197844488,35.24300953945385,34.11243919640742,34.52471843511694,36.022619837157436,38.29180089977535,41.10924552740289,44.27466842904619,47.60551198433609,50.95379947955166,54.216258716528955,57.33125695831154,60.2683678769406,63.01713482643686,65.57827156266603,67.95788837679925,70.1641723278542,72.20571710471222,74.09082928403996,75.82734381904356,77.42265792879607,78.88381805013478,80.21757617798676,81.43038220455287,82.52830841688706,83.51691864197596,84.40110251955684,85.18489809066432,85.87132522052252,86.46224955332968
ROU,Male,IschStroke,glp1,10436.402286820512,142.5800359302757,327.827781744636,142.5800359302757,375.2803789954705,357.17412019026597,351.4689149359747,350.32386694774686,351.7944902236868,354.3249267948995,356.99511516771963,359.2922358926371,360.9986782072665,362.088559552627,362.6434247151665,362.7888579168575,362.65156604500953,362.3340467825983,361.90289231851057,361.386679498155,360.7798699384475,360.0498746635312,359.1452174405749,358.0034376484582,356.55794986166075,354.74350824589055,352.5002189780098,349.7762251651293,346.52928220269314,342.7274724391209,338.34929829370594,333.3833600837861,327.827781744636
ROU,Male,IschStroke,diet,15250.344256758148,0.0,711.1185833309646,0.0,19.349208634595925,42.711743042653325,74.53783047796242,116.93160095525491,170.1702445891151,232.04981914977907,298.43567501164944,364.6695324716311,426.9120917112996,482.75920585298445,531.1813495394053,572.1472141519189,606.2157896384015,634.2190797206458,657.0544629052602,675.5657679976866,690.4853185392458,702.4140254686426,711.8233997486859,719.0689961712524,724.4087937643853,728.0226616255022,730.0307543989438,730.5097506229249,729.5065097735132,727.0491221403754,723.1555506402219,717.840174683246,711.1185833309646
ROU,Male,IschStroke,combo,25361.5243604442,142.5800359302757,1026.8689295808508,142.5800359302757,393.91235932172276,398.4137177531029,423.54528128583297,463.52868582512747,516.7118379964413,579.4379181707936,646.802797030874,713.7795788989606,776.407494825653,832.2946560603705,880.4859090324135,921.0424094401242,954.6070219710418,982.0720202798148,1004.364939246756,1022.3293139610832,1036.670482997415,1047.9417099610546,1056.55303334591,1062.7913157069634,1066.8443597445075,1068.8249352798957,1068.7925007191006,1066.7716294278653,1062.7668993973166,1056.7744338392986,1048.7904995849458,1038.8176538286898,1026.8689295808508
ROU,Female,IschStroke,glp1,11554.824265046329,187.27569262840188,360.4560603204591,187.27569262840188,526.5454812684875,421.2735222843403,404.45208393113717,396.57891670257595,394.5315393504352,394.34888088970183,394.73819700130844,395.0736471957898,395.11046060717126,394.7907815981853,394.15124533553535,393.267704231308,392.22292688404195,391.0885417728423,389.916271897604,388.73511675416376,387.5521689278685,386.35545772217665,385.1177267501662,383.8004328647512,382.3575331551401,380.73882696415967,378.892757741829,376.7686688166614,374.3185595344112,371.4984136428793,368.26917862261325,364.5974696501835,360.4560603204591
ROU,Female,IschStroke,diet,22715.661179819974,0.0,977.1150284719406,0.0,56.903778073436115,104.98085473979881,168.74182966993249,250.65263288529968,348.7612235376837,455.8297263791974,562.1773854510247,659.362587030435,742.4384576137963,809.985218044847,862.9430045744812,903.3740065357124,933.6234877625066,955.88282206851,972.0160319060742,983.525227001428,991.5773918062587,997.0522666443649,1000.593067263555,1002.6529386710899,1003.535083723149,1003.4265270785836,1002.4261441786402,1000.5677173455297,997.8387362514113,994.1955776369578,989.575622554763,983.9068049195666,977.1150284719406
ROU,Female,IschStroke,combo,33900.20238476219,187.27569262840188,1324.9016575696078,187.27569262840188,581.3399740860405,523.1632783724344,568.5213442877721,640.6445003449262,734.5495964776856,839.3001709616874,944.1756803019161,1040.2617834646371,1122.3943343070387,1189.037831927224,1241.0776071764922,1280.5610121469035,1309.8411761124153,1331.1252159095893,1346.2899989114594,1356.8412004153943,1363.9374075362539,1368.4379431255002,1370.955133781281,1371.9031157744575,1371.540562209033,1370.0069462043284,1367.352784307779,1363.564547611495,1358.5849529050356,1352.32930236408,1344.6984802852458,1335.5891532560709,1324.9016575696078
BGR,Male,IschStroke,glp1,5376.22836866807,84.55091855604405,148.13484079673617,84.55091855604405,216.4184657666383,208.27767785273863,204.21297868685724,201.90538630198353,200.40059331475277,199.16287504469983,197.92541701056325,196.57256796532238,195.07206999682603,193.43435796610902,191.688041217114,189.86544145642074,187.99450259255536,186.0948005387363,184.17619294841825,182.23912658460176,180.2759173999002,178.27252016112107,176.21045285260334,174.0686552984571,171.8251496584162,169.4584366078925,166.94860793929547,164.2781869253049,161.43272524615531,158.40119286602203,155.1761980196643,151.75407109612024,148.13484079673617
BGR,Male,IschStroke,diet,6308.220149583215,0.0,272.5805496347921,0.0,8.267914136780746,18.763570190945757,33.16504256156804,52.460910462450556,76.72175197598517,104.77505855954041,134.4944943066148,163.55911182208365,190.15941476410808,213.28578288141398,232.64014584662436,248.39168145403346,260.9431298529471,270.76953371848685,278.32815877467874,284.0180766721878,288.1685399204325,291.04171877717636,292.8413637246904,293.7230226566535,293.80380878527467,293.17095650110423,291.88899449247583,290.00561672781987,287.5564182254293,284.56867575318756,281.06433827730507,277.0623681264242,272.5805496347921
BGR,Male,IschStroke,combo,11552.172603558236,84.55091855604405,416.43058169063534,84.55091855604405,224.37776208490595,226.3755193045372,236.25414572327645,252.6561368163857,274.7089282383149,300.75875658814584,328.49016538871365,355.5368957573646,380.0987487788843,401.1866835273977,418.5196687088028,432.2777065459013,442.86846414749743,450.7663104831645,456.4222890196561,460.2239035889743,462.4840862404999,463.4449133045746,463.28749507866814,462.14350013775584,460.1061701659055,457.2399701538161,453.58865686325043,449.18183508552283,444.0401804884077,438.1795332626625,431.6140557028066,424.35862212576376,416.43058169063534
BGR,Female,IschStroke,glp1,5909.600028365816,108.28473749349723,164.96560790744297,108.28473749349723,263.7341886762042,234.2335324710166,223.02114113821153,218.63251841074998,217.15479290911753,216.6317282106611,216.15968158506985,215.36012664741975,214.11743578809183,212.44420034762334,210.41012719140053,208.10430601647568,205.61530225042588,203.02108084641623,200.38451141354017,197.75210562219218,195.15462093225142,192.60869633576294,190.1189921916557,187.68049615805467,185.28078273675783,182.902100296762,180.52321952244347,178.12101830182655,175.6718048515486,173.15239688137626,170.54098268190683,167.81779254991307,164.96560790744297
BGR,Female,IschStroke,diet,8220.905203802236,0.0,331.8162364485488,0.0,14.989798665372291,31.822681894720517,54.19084781294623,83.79342371349776,120.57873693745023,162.2960476938406,205.1603539032276,245.28752258090208,279.92962535065635,307.8764581764226,329.1689566957357,344.5769023717221,355.15121851996446,361.9450433079346,365.879931581876,367.70364904952476,367.9948577780833,367.1867316756616,365.594882962625,363.4431815530843,360.8853578135986,358.0222422493098,354.91522810838615,351.59670379567797,348.0781360327619,344.3563537635964,340.41845343670684,336.24563992840194,331.8162364485488
BGR,Female,IschStroke,combo,13983.889459935974,108.28473749349723,492.2617801706001,108.28473749349723,278.16446061119495,264.981784143778,275.50266761724015,299.9167814801258,334.28484075190136,374.49876349547776,415.9967673126994,454.61626438064377,487.53508595164203,513.5427558875654,532.7066694091063,545.8350679593314,554.0229530607685,558.3678880382158,559.8314727308498,559.1936802086475,557.0556913796263,553.8631100734183,549.9345490909618,545.4887536891711,540.6678124766513,535.5560691313585,530.1951711202237,524.5959213527076,518.7475799703006,512.6251620689254,506.1951643013708,499.42005457797313,492.2617801706001
ISR,Male,IschStroke,glp1,1046.1004096334432,7.827279158280589,49.12353336701267,7.827279158280589,20.417788942045604,21.532332971883307,22.636881788110145,23.795576345839322,24.994942494293582,26.219382238494177,27.453723997086968,28.684199198553415,29.89918747557772,31.08970166988604,32.24958923266399,33.37546765817717,34.466442962418114,35.52367595850194,36.54986305984335,37.548690941476025,38.524312010307995,39.4808737236192,40.42212165434239,41.35108513579985,42.26984587855031,43.17938417453615,44.07949390787553,44.96875612755957,45.84456089361743,46.703167986091785,47.53979842664353,48.34875025435531,49.12353336701267
ISR,Male,IschStroke,diet,387.51863554710076,0.0,26.32277282946484,0.0,0.1708767600413239,0.4293706092556704,0.8151545480860705,1.3677518400110102,2.113446397177654,3.0528828217892396,4.158520426335144,5.384159938517087,6.679260167029838,7.999743597840165,9.312582706318608,10.595833955792159,11.836621368435544,13.028710389193975,14.17038546782237,15.26281158758161,16.308841060054874,17.312168533619342,18.27674118745722,19.20635185032711,20.104363315972478,20.973527905758147,21.815877327363978,22.63266525790641,23.424350017429106,24.190608071628958,24.930371480329995,25.641884128560832,26.32277282946484
ISR,Male,IschStroke,combo,1418.7115592500295,7.827279158280589,74.47412314565963,7.827279158280589,20.581452450519578,21.94310520852582,23.416739744677443,25.104401072273845,27.017919276904422,29.142518668310572,31.43688416004659,33.843194852624265,36.30153017238831,38.76069127426456,41.182813677165655,43.54336666674692,45.828970373497214,48.03466057553351,50.161350591158225,52.2137238120406,54.198568806550384,56.123498802852055,57.995987615243166,59.82266249502345,61.60880530798113,63.35802256336888,65.07205181476706,66.7506774633705,68.3917336189977,69.99117574424258,71.5432064221302,73.04044371488476,74.47412314565963
ISR,Female,IschStroke,glp1,1384.4198682143629,11.87206418396147,63.58212412145531,11.87206418396147,30.382563800932417,30.60409575149299,31.249623727969947,32.245621738073396,33.48442282653377,34.89231646112353,36.41168268935871,37.9941692191926,39.59920616486579,41.1941594134405,42.754541696843944,44.2637641476847,45.71238838267709,47.09701752529327,48.41900146222474,49.683109182376484,50.89627979719421,52.0665222166424,53.201998698293664,54.31030150072229,55.39791421656082,56.46983870989857,57.52936339317898,58.57794737137351,59.615196451669135,60.638910073264924,61.64518198248925,62.62854130757455,63.58212412145531
ISR,Female,IschStroke,diet,654.224649391505,0.0,40.86341034813381,0.0,0.45196582980918265,1.0489648903843545,1.8834388485338422,3.034664672623876,4.545353323754853,6.39947236572425,8.522338999297745,10.806081846553525,13.142442286433152,15.444709056964939,17.65456500759774,19.73918188813309,21.68480449395861,23.490432624116238,25.1628791983635,26.713298197572385,28.1548775401111,29.501349988184757,30.76604688622706,31.961304329101495,33.09809850392776,34.185832838538545,35.232228666872516,36.243288802282905,37.22331399909217,38.17495870285006,39.099316541272174,39.996028715089324,40.86341034813381
ISR,Female,IschStroke,combo,2016.6893040458688,11.87206418396147,103.15530065577514,11.87206418396147,30.8154507154494,31.608772124549773,33.054879200369555,35.15633914290993,37.846893148165236,41.03811160360124,44.601375490583905,48.38522658815009,52.245219685795746,56.065155666704186,59.76399757389822,63.29298251621367,66.62882781919734,69.76662248252023,72.71381569185246,75.48555883639483,78.1012312031653,80.58189378440102,82.94844661469983,85.22031839097008,87.41456268037746,89.5452677262358,91.62320922389358,93.65569103243661,95.64653035478113,97.59615312209485,99.50177298902963,101.35763379769105,103.15530065577514
NGA,Male,IschStroke,glp1,19024.848443680487,154.34017068571848,948.3789705492964,154.34017068571848,392.5031713458229,397.1891115563485,403.35788482098724,412.27215095986685,423.74544863641495,437.58625140855656,453.61014066062853,471.634106570873,491.47432926651527,512.9452511850941,535.8587956499941,560.0233697129988,585.2426654414994,611.3144217414592,638.0293387296115,665.1703125038985,692.5121147997706,719.8215967238939,746.8584556858477,773.3765716384369,799.1258921358603,823.8548240129749,847.3130711575941,869.2548418002843,889.4423344762035,907.6493994014236,923.6652619897941,937.2981884328183,948.3789705492964
NGA,Male,IschStroke,diet,2517.882299083107,0.0,175.91021314814134,0.0,1.094725458220637,2.704792992095463,5.065558469763346,8.406358328338683,12.876919811616972,18.480629432066053,25.066587151806743,32.38886506053677,40.18757385967183,48.244881365288165,56.40399582190366,64.56358789708247,72.66301211594691,80.66744671738707,88.55632209694886,96.31540050011245,103.93180611900607,111.39115004344058,118.67604679409851,125.76552124013688,132.63497303368058,139.25648601802095,145.59934987245651,151.63071180808038,157.31630696722277,162.6212342069848,167.510753851966,171.9510889010853,175.91021314814134
NGA,Male,IschStroke,combo,21490.991242486874,154.34017068571848,1121.041946298974,154.34017068571848,393.5695410122571,399.8228471651455,408.29160978863,420.4624037905087,436.2955276191642,455.60392900733495,478.05736561418234,503.23412740781714,530.6976178308505,560.0500151386077,590.9501189865696,623.1070738367052,656.264891609193,690.186807253991,724.642951996284,759.4018795086158,794.225398203962,828.8659628279056,863.0659835572078,896.558572533715,929.0693839253945,960.3192984917914,990.0277627734249,1017.9166261430873,1043.714334739103,1067.1603464935833,1088.0096311432571,1106.0371171038933,1121.041946298974
NGA,Female,IschStroke,glp1,19820.74237786329,149.2859212855583,1038.8267779197704,149.2859212855583,375.9348982051051,375.27301205400363,380.5129471680193,391.13026692063795,405.97442480628524,424.2409142666729,445.3143180845509,468.69324837018576,493.9552069485362,520.737947702899,548.7282299091712,577.6540615967751,607.2785660155423,637.394506425182,667.8189689406863,698.3879805197139,728.9510245653219,759.3655468489014,789.491633446276,819.1870953451435,848.303213999221,876.6813911799327,904.1509090195759,930.5279475916905,955.615934351903,979.2072195480359,1001.0859916072659,1021.0322732207278,1038.8267779197704
NGA,Female,IschStroke,diet,2863.4936579936766,0.0,206.93477827349852,0.0,1.1237217475390935,2.749562380333373,5.163494705346238,8.644446204860287,13.391394815807871,19.445408384617622,26.67029983991233,34.8099854013999,43.577127169315645,52.719404197108815,62.04613925435842,71.42671589323436,80.77728240357101,90.04612158148666,99.20179712338722,108.22474953973142,117.10173098355881,125.82223364811216,134.37620498768956,142.7525557990739,150.93815142347012,158.91711003514501,166.67032007791568,174.17514225418563,181.40529015152424,188.33089548722637,194.91876488510752,201.13282934515883,206.93477827349852
NGA,Female,IschStroke,combo,22629.199867403106,149.2859212855583,1242.2010891192404,149.2859212855583,377.02951309333366,377.9511918505741,385.5444998708517,399.55739857270237,419.03447599538777,443.21290454177506,471.3462491230275,502.68485231621526,536.5268046745477,572.2638888624206,609.3964605691253,647.5243687658658,686.3280419022121,725.5488694153464,764.9723950573825,804.4147724433424,843.7118646499512,882.7102661285026,921.2597452077825,959.2068631961956,996.3897237865531,1032.6339251429017,1067.7498351892282,1101.5313040401597,1133.7558825302476,1164.186547286139,1192.5748536768879,1218.6653591096474,1242.2010891192404
EGY,Male,IschStroke,glp1,32877.50642574887,360.1243910905723,1349.2614934849262,360.1243910905723,944.3515162481162,841.9445245320421,848.7604018608363,853.9979704008401,871.2890593077973,891.7557308681389,915.340669500154,940.5728857114154,966.9693099584983,994.0877556449705,1021.6795458782726,1049.5590047730584,1077.5811879493704,1105.6040163310827,1133.4682467156963,1160.9831311859816,1187.919547059275,1214.0084669537537,1238.9439544221023,1262.3896248941383,1283.9877041513173,1303.3698583129299,1320.1690387622875,1334.031640621528,1344.6293375254463,1351.6700302308382,1354.9074357383506,1354.1489456351337,1349.2614934849262
EGY,Male,IschStroke,diet,8726.067852742268,0.0,510.71875904797344,0.0,9.584054670031037,18.603192609010875,32.06718442394049,50.531561994161166,74.33651169011864,102.51460206018601,133.26758967572096,164.61998300943378,195.04292439860728,223.66149926916842,250.1542631866905,274.5497028379832,297.04985864445916,317.9149455941515,337.39962598994316,355.72252801621653,373.0544286651566,389.5160347643614,405.1803990022745,420.07746923151717,434.199590886441,447.5074322872824,459.9360927352609,471.4012638168206,481.80534279192943,491.0433936455229,499.0088410845856,505.59877671331924,510.71875904797344
EGY,Male,IschStroke,combo,41343.46302449165,360.1243910905723,1846.8381297544402,360.1243910905723,953.451798835682,859.7561558009547,879.4713101496454,902.4587049547808,942.6595004894516,990.2993737159595,1043.6013540663262,1099.1932317620012,1155.1068377858537,1210.0403543200446,1263.4198764521934,1315.075600969467,1365.0497655059808,1413.4468572222904,1460.3512493356757,1505.782697687937,1549.6774704073614,1591.8842190867217,1632.1689565130364,1670.2256411261478,1705.6903437570872,1738.1576473818423,1767.1982840164492,1792.3771769945597,1813.2711495807744,1829.4856328295646,1840.669784689715,1846.529528209132,1846.8381297544402
EGY,Female,IschStroke,glp1,23498.49350378811,334.17866726867214,988.6732940572329,334.17866726867214,778.8810395359324,619.5008987750298,611.6879391694092,599.0023794059998,603.0041513937504,611.9310354651752,625.6076869118369,642.0929527231892,660.6538379573576,680.6832394044686,701.8007477888423,723.7200069887076,746.2128989322082,769.0734427894567,792.0975244883375,815.0698281631048,837.757088837483,859.905876603978,881.2439178476998,901.484106261385,920.3305113822425,937.4857587062288,952.6592000958917,965.5753311138615,975.9819588295213,983.6576852495273,988.4183481868386,990.1221494547426,988.6732940572329
EGY,Female,IschStroke,diet,6719.875285892009,0.0,402.1207998999598,0.0,10.472365592144342,17.400097288409597,28.25994755276406,42.679108884214656,60.82835764382253,81.82282245160604,104.30110286493436,126.90422132290041,148.68427938435343,169.17629925103392,188.27634722780203,206.08240244884655,222.775239037579,238.54832300921407,253.57301898535297,267.98435662070915,281.87736954800494,295.3083661867786,308.29829679645627,320.83693028773996,332.88732384957984,344.3904085013128,355.2696365355587,365.43565960618434,374.790989938243,383.2345718738288,390.66617042153666,396.990472881138,402.1207998999598
EGY,Female,IschStroke,combo,30023.345884114115,334.17866726867214,1380.627563790389,334.17866726867214,788.8247939832836,636.2367017010365,638.8286542565402,640.0410644637959,661.5461224474566,690.7597289432088,726.1959856676658,764.6006340258573,804.3158983234316,844.275343402609,883.989804633864,923.2619125140664,962.0348298350873,1000.2878670697864,1037.9820791067468,1075.0330232543747,1111.3001396140935,1146.5855006860256,1180.6381819638336,1213.162151884775,1243.8264810338078,1272.277068183932,1298.1492461186062,1321.080691228628,1340.7240924211728,1356.7590719059372,1368.9029067786178,1376.919677606813,1380.627563790389
BGD,Male,IschStroke,glp1,11134.128288061009,91.63478473583018,494.28837879515777,91.63478473583018,243.06683038583287,248.73421871651954,255.93631426402862,265.0212046267043,275.47748402960497,286.8372539771917,298.71244678872245,310.80155543779983,322.88373635872995,334.8074615173464,346.4775795112291,357.8424291433621,368.88174205242103,379.5957464383173,389.99572691423964,400.0961709460098,409.9085219171902,419.43647236708057,428.67267501034075,437.59672189289995,446.1742360396165,454.3569261605444,462.0834655101644,469.2810654130517,475.8676195683511,481.7542966216206,486.8484568404383,491.0567660806628,494.28837879515777
BGD,Male,IschStroke,diet,25197.66563454073,0.0,1582.0198185419722,0.0,14.123468495392444,34.42904080194057,64.05765389085718,105.84480027095196,161.3618352737576,230.0549237302912,309.24274423102906,395.05474100523134,483.6187331627043,571.8316984474295,657.5813013865845,739.6281501614285,817.3758851053499,890.652695959121,959.5438696286292,1024.275323985028,1085.1362897073777,1142.4290883602807,1196.4369229529038,1247.4035974499348,1295.5213108728785,1340.9241376861755,1383.6857093021317,1423.8201436571544,1461.2855705331967,1495.9897612549757,1527.797450226928,1556.5389684590918,1582.0198185419722
BGD,Male,IschStroke,combo,36052.22007127242,91.63478473583018,2060.5275990426526,91.63478473583018,256.975807818053,282.6445704174621,319.04976339417044,369.33709520293996,434.55222519299787,513.6926151538282,603.7378127975135,700.577189086358,800.173003840373,899.309721381469,995.8015933954521,1088.3657941567144,1176.3851292374966,1259.6825563602615,1338.3469970953302,1412.6107096652704,1482.7667031397286,1549.1143271069013,1611.924007497153,1671.415008973585,1727.7422835159596,1780.9899090459585,1831.1695185964709,1878.2226521425255,1922.0262639751818,1962.4007778781452,1999.120158082842,2031.9234933437983,2060.5275990426526
BGD,Female,IschStroke,glp1,11780.178680528239,138.45302399678258,558.1863958827016,138.45302399678258,292.2398386128625,259.06038339930456,255.82276371591433,263.4255723199676,273.3475185220741,284.6535699876549,296.52262792405963,308.7832373810452,321.2875187862883,333.9599714594224,346.7503617207258,359.63202248466405,372.5925228363776,385.6272379341681,398.7328137358563,411.90142485828255,425.11574159284646,438.34474853847496,451.5405085292805,464.6359873129404,477.5440384571557,490.1576122305705,502.3511950039174,513.9834168096932,524.9006936847582,534.9417076576647,543.9424779910332,551.7417471617518,558.1863958827016
BGD,Female,IschStroke,diet,32850.841896435915,0.0,2116.108697431053,0.0,26.13587056221877,56.18162218958969,98.38939361490702,156.43844933640503,232.1138648738197,323.84855216799406,427.2680031059208,536.8080506303668,647.451984017287,755.6413054337318,859.3521047818504,957.7496708133476,1050.7686304570452,1138.772826435801,1222.3235321901884,1302.035826188985,1378.4946960144807,1452.2080348731615,1523.5813444833038,1592.905042752369,1660.34933774823,1725.9640969160464,1789.682522494877,1851.328135662363,1910.624843496349,1967.209892542065,2020.649417313929,2070.456147908233,2116.108697431053
BGD,Female,IschStroke,combo,44319.56508380181,138.45302399678258,2656.409299915198,138.45302399678258,317.97878750774544,314.47112276156986,352.90953801011347,417.85324966524786,502.5492500500586,604.5376923413642,718.6929455604622,839.3545970130799,961.4149411408944,1081.2714107950742,1196.8597474637136,1307.314755730622,1412.5480121819783,1512.9059172624911,1608.9339654523574,1701.228637751221,1790.348970023595,1876.7654669384065,1960.831474653227,2042.7681319645053,2122.658010673418,2200.4449586108676,2275.9389700845204,2348.8255261951635,2418.6790473696747,2484.9800676512314,2547.135597331333,2604.5019677058954,2656.409299915198
USA,Male,IschStroke,glp1,68567.33963753117,590.8885836276386,2660.7305153330526,590.8885836276386,1531.7943740126939,1607.9507071509724,1684.8738842314851,1765.7738816559431,1848.5821000343567,1931.4771725328828,2012.9365312127047,2091.706643157231,2166.779583630516,2237.371660276309,2302.902584145937,2362.97510377031,2417.3551531140256,2465.9523909887066,2508.8009084967925,2546.0399191910983,2577.894376377546,2604.6556188176037,2626.6622837895266,2644.281822457968,2657.8930018740502,2667.869785626739,2674.5669598988898,2678.3078222836048,2679.374184608154,2677.998863926681,2674.3607522373495,2668.582469070403,2660.7305153330526
USA,Male,IschStroke,diet,27451.52246598465,0.0,1649.4208889727015,0.0,12.945225647410552,32.92226856172783,63.0510201244324,106.42045678868453,165.0437000351085,238.87084258844698,325.58977492293343,421.38609205168905,522.0790697391785,623.97574332972,724.2327551700728,820.8619431864936,912.5790392626659,998.6242997032386,1078.6094169747812,1152.40280512748,1220.0484693319886,1281.7096347988554,1337.6291800465115,1388.1010161933227,1433.4485195352754,1474.0076064173045,1510.1130471848883,1542.0872565644531,1570.2311805111676,1594.8171105341462,1616.0833571015683,1634.230745578403,1649.4208889727015
USA,Male,IschStroke,combo,94944.90050155198,590.8885836276386,4249.047937525247,590.8885836276386,1544.172728569225,1639.3948668422745,1745.097179431592,1867.4494141175164,2006.320978682059,2159.8617857886056,2324.359049181934,2494.9283061260503,2666.572122141668,2834.974662532906,2996.828691734365,3149.823276201685,3292.4817196768126,3423.9723616716074,3543.943999038689,3652.397476983824,3749.58898873828,3835.9568787106837,3912.0646676761244,3978.5550850555446,4036.111799897859,4085.4269535377243,4127.173528037689,4161.982143945686,4190.422178993889,4212.987223284101,4230.084898800866,4242.03101499984,4249.047937525247
USA,Female,IschStroke,glp1,84429.76027747415,933.0717999303888,3219.321891078842,933.0717999303888,2249.936377206468,2203.653466735952,2213.73598865034,2260.0738887496263,2326.7010025906347,2404.13054636943,2486.437011529124,2569.742573785348,2651.425231266374,2729.680393879069,2803.26536012243,2871.3436984556174,2933.3864002732444,2989.105909528618,3038.4091547305434,3081.361356609501,3118.155778171058,3149.0867018732097,3174.5242542491033,3194.8905279281316,3210.6369458574773,3222.2230856128735,3230.09730953649,3234.6795806903974,3236.3468194619636,3235.4210933153227,3232.160847016363,3226.755282270213,3219.321891078842
USA,Female,IschStroke,diet,39343.86471743787,0.0,2303.5730454201694,0.0,23.23301130910113,56.29793342539051,104.28019341790059,171.86953479259682,261.82389460576815,373.5539374343498,502.9982303982397,643.9862904626934,790.0852365448081,935.8850365574908,1077.4516377252003,1212.225364322192,1338.7083115614078,1456.1449810276972,1564.2713302884367,1663.139944606286,1753.0054324210796,1834.251034103465,1907.3411801119219,1972.7895074551197,2031.1357570843247,2082.927724203153,2128.706210429169,2168.9920078237483,2204.274563754763,2235.0023008245043,2261.5747104645416,2284.3363748623524,2303.5730454201694
USA,Female,IschStroke,combo,122367.10659231473,933.0717999303888,5446.573773440337,933.0717999303888,2272.152015560918,2257.4618400072795,2313.4535344027245,2424.515008718212,2577.3475571083254,2761.940099664862,2968.5196903071774,3187.3292172040674,3409.5955438832607,3628.3221937514027,3838.473757697677,4036.7301373470546,4221.09397213273,4390.5223170136305,4544.641084999021,4683.542034855884,4807.642755104534,4917.589051600284,5014.183924101482,5098.332624256,5170.997477968427,5233.159035039149,5285.781927355376,5329.784883036904,5366.014911658363,5395.225926287749,5418.062122864401,5435.046375017104,5446.573773440337
JPN,Male,IschStroke,glp1,20232.59952718314,241.69908331458282,687.4428654166259,241.69908331458282,615.7268954634055,626.8724882310344,638.1889698508749,650.4984916963076,662.671844515331,673.8976355554842,683.6702141526621,691.7335167427955,698.0274465402254,702.6378589020096,705.750420286342,707.6092946749777,708.4818649863446,708.6304217211436,708.2911887782175,707.6604512850972,706.8870553406159,706.070227748969,705.2615171146317,704.4696559610165,703.6672453126594,702.7983276667292,701.7861072830274,700.5402725423555,698.9635562924886,696.9573261834303,694.4261230533739,691.2811605703828,687.4428654166259
JPN,Male,IschStroke,diet,22897.10274913215,0.0,1223.2044264485885,0.0,18.19282406199636,44.92393936547887,83.19689675643895,135.46753691232152,202.40276079547039,282.03436652439996,370.06878865776525,461.23718779929186,550.7595207005143,635.1775150146641,712.4871685470498,781.874189877868,843.3415611837845,897.3790966254601,944.719234443066,986.1743587207457,1022.536665428117,1054.5217500224317,1082.7412875289665,1107.6944349164041,1129.7708670107822,1149.260653326899,1166.3677407355353,1181.2248660756886,1193.9084574809895,1204.4526051388748,1212.8615595818846,1219.1204894506736,1223.2044264485885
JPN,Male,IschStroke,combo,42767.05941570804,241.69908331458282,1892.730247063104,241.69908331458282,633.5764182860294,670.9330092534219,719.7983693410642,783.4100402500189,861.3022498192877,950.7429190035982,1047.021956524448,1144.7165289008044,1239.072918545964,1326.7751672186496,1406.031431059957,1476.2754142271879,1537.7672236872822,1591.2415990756708,1637.647502823289,1677.9744552563352,1713.1464376843724,1743.9639608220969,1771.0788142766105,1794.9901565206674,1816.053905481138,1834.4997950598845,1850.4521773479137,1863.951881973073,1874.9773447273692,1883.4638858160906,1889.3205151607472,1892.4440071873832,1892.730247063104
JPN,Female,IschStroke,glp1,17604.381155595533,261.5621058496981,587.4499560371187,261.5621058496981,618.3538692841757,589.2687031124296,576.3444138305567,573.5255909387415,576.1193575617726,581.3840671917642,587.6693646567,593.960843818917,599.6416939290284,604.3612050572119,607.9557714532639,610.395844998573,611.7462558375264,612.1342985925221,611.7233437849936,610.6912087048768,609.2130395195272,607.4485240351205,605.5331458828296,603.5730468803158,601.6429500701051,599.7865344682505,598.0186447282904,596.328755246177,594.6851756091637,593.0395696823107,591.3314528219344,589.4924220116372,587.4499560371187
JPN,Female,IschStroke,diet,22239.672742079645,0.0,1121.359285624094,0.0,22.78592432723235,53.695550982003624,96.21552050483297,152.9742196943189,224.47477117143717,308.28019352622505,399.4868671720542,492.3009379080395,581.6499030782215,664.027390063442,737.5524840751896,801.6198628234342,856.4681815691583,902.8210610847091,941.6349857420573,973.9383648171715,1000.7353039394948,1022.9515495605156,1041.4068422843993,1056.8035797543198,1069.7255569251065,1080.6429510491216,1089.921136050456,1097.8317346039548,1104.5648041381282,1110.2413600232248,1114.925651525431,1118.6367680618714,1121.359285624094
JPN,Female,IschStroke,combo,39502.64870295565,261.5621058496981,1692.824604326408,261.5621058496981,640.7098199011598,641.9421770206245,670.7524313100803,723.6682614474485,796.4995608598692,884.1239383777283,980.0866064586953,1077.688168669054,1171.3270300665172,1257.1991175976436,1333.280395110305,1398.9332362558707,1454.4448146120703,1500.6435112307518,1538.625120462486,1569.572947971632,1594.645797406556,1614.9116609390694,1631.3114082178654,1644.6421509169231,1655.553624378328,1664.5532134078603,1672.0166290209454,1678.202086274221,1683.2663792079256,1687.2816358148339,1690.2518369454774,1692.1284328976035,1692.824604326408
GBR,Male,IschStroke,glp1,13102.106100481196,139.57384954449662,500.04013469597703,139.57384954449662,356.119986890968,361.128227951247,367.10672797599,374.62008131267066,383.01148395843484,391.7630579850884,400.51653794707454,409.05223234933874,417.25736071627944,425.0918746249081,432.55769790770137,439.67464027468486,446.46390272602366,452.9385453040286,459.0994999349841,464.93548081091285,470.4252548041659,475.54101352359976,480.25192185393826,484.5272374449596,488.3386675571801,491.66184139437973,494.476927578271,496.76852427662016,498.5250029681065,499.73750577949613,500.39879004331124,500.5020903463592,500.04013469597703
GBR,Male,IschStroke,diet,4734.394868851527,0.0,271.2763102714507,0.0,3.303339844547736,8.102062065847349,14.999811294363099,24.52745347929158,36.89990561923878,51.83376176382808,68.5842474672263,86.19494734132968,103.78331258663638,120.70773190432556,136.59510966534617,151.28781047248413,164.76940570772967,177.10071228467132,188.37519688644534,198.6920982226875,208.14247318361413,216.8035302563403,224.7377392590679,231.9943544128837,238.61188336571104,244.620659885446,250.0450878662832,254.9053808852659,259.21877434313683,263.00027162839797,266.2630258840654,269.01847100386476,271.2763102714507
GBR,Male,IschStroke,combo,17671.4367353822,139.57384954449662,762.4610829318972,139.57384954449662,359.2864733735405,368.8899688176589,381.4825310940869,398.1394925070599,418.4135316617885,441.5193039896203,466.38795658523304,491.88401565955974,517.0469821548941,541.2179937392284,564.0366775229322,585.3672333035865,605.211364802044,623.6376389338948,640.7346933551762,656.5852032759012,671.2545687583734,684.7886702302676,697.2164214976674,708.5542517254598,718.810769695463,727.990671639931,736.0974985019129,743.1351937573727,749.1086147801052,754.0232524531475,757.8844475171227,760.6963815727795,762.4610829318972
GBR,Female,IschStroke,glp1,15867.17543586045,200.19318939017103,608.8367903959661,200.19318939017103,490.31377254682593,471.4641308352948,464.1755708629662,464.3996968439096,468.8487749971209,475.57133263589276,483.38738911693144,491.59716433604626,499.8131208911218,507.84833885204716,515.6371047521025,523.1784225459996,530.4976032857558,537.6222127863475,544.5689778567867,551.3385465888532,557.915417805827,564.2708621453348,570.367183109327,576.1621561654101,581.6129056875798,586.6788199260591,591.3233626174915,595.5148230021878,599.2261643240636,602.4341961023638,605.1183192454955,607.2590862091711,608.8367903959661
GBR,Female,IschStroke,diet,6770.129407936594,0.0,370.94354798767745,0.0,6.503872648387187,15.123134399262199,26.91616009380232,42.705058377545356,62.70621431381369,86.27801782002643,112.05003288036824,138.3915840082882,163.89725334228206,187.63726659164604,209.1631921194603,228.3871714170673,245.43975584716463,260.55616110361007,274.0013441092269,286.0275061727407,296.8539628058352,306.6607328648752,315.5897083645468,323.74945702586047,331.22128758794133,338.0652498800555,344.3253975993248,350.03404133011645,355.2149547605113,359.88562875055504,364.0587341898936,367.74297954470967,370.94354798767745
GBR,Female,IschStroke,combo,22422.89711504164,200.19318939017103,968.9165252199309,200.19318939017103,496.54819764222884,485.9640448730279,490.006699460273,505.418266235778,529.1251041037394,558.5679755910605,591.2570947565509,624.9273634924066,657.8359649860395,688.8932050334661,717.5915400996528,743.8354747968369,767.7678530266312,789.6368368062977,809.7105612333726,828.2305556686479,845.3917943088491,861.3389952379985,876.1716538543842,889.9528540823376,902.7188223395096,914.4875261464149,925.2655090648659,935.0527242510434,943.8454775281461,951.6377865121976,958.4215530822548,964.1859662175266,968.9165252199309
DEU,Male,IschStroke,glp1,23442.871620447753,247.71899981481693,846.9317344881601,247.71899981481693,639.1103495241041,663.8893972448823,682.4567903679927,697.9058488345763,711.2018027143313,723.2417370982621,734.7511781619214,746.225280347051,757.9288337261969,769.9296211130822,782.1456855562574,794.3942121073851,806.4353592899242,818.0081534610727,828.8577989352088,838.7549289820745,847.5078409536109,854.9689178146036,861.0364218664326,865.6527558382877,868.8001708969969,870.4947805111733,870.7796196140189,869.7173710920615,867.3832663591056,863.8585544674825,859.2248266378847,853.559382628795,846.9317344881601
DEU,Male,IschStroke,diet,9113.731941646281,0.0,515.926930087553,0.0,5.94960565762085,14.86201802791038,27.735110769634048,45.37906058011504,68.06021050566414,95.2665056962287,125.8127029070638,158.2329954469933,191.1837654150113,223.65404307953577,254.98285111906807,284.77996865718524,312.83132000636033,339.0253354171182,363.30649889761844,385.65030038670375,406.0517783018513,424.5213930388636,441.0841170471467,455.77937127396217,468.66062502325076,479.79420823162945,489.25730088529235,497.1352765370939,503.5186640186366,508.5000046126843,512.1708536633232,514.6191263551627,515.926930087553
DEU,Male,IschStroke,combo,32234.08935878075,247.71899981481693,1345.6937233802055,247.71899981481693,644.8263482966613,678.152297542918,709.075069227234,741.4691874864948,776.5600409018152,814.7577587756932,855.6535125743321,898.3366764059829,941.7813986112888,985.0826264031348,1027.5208224063572,1068.5353714306802,1107.6778834588113,1144.5774790758114,1178.9234858619639,1210.4605974923688,1238.9900765662642,1264.3722061578628,1286.527223260553,1305.4335454604843,1321.1231256876745,1333.674353609851,1343.203204217818,1349.853422813183,1353.7865059405267,1355.1721396070861,1354.1796223960046,1350.9706539168728,1345.6937233802055
DEU,Female,IschStroke,glp1,26336.379912795648,307.3136623913997,958.0903940008175,307.3136623913997,782.5168872635186,795.4353044013515,805.3411530593075,813.8416146296986,820.8569180162085,826.903982570504,832.7057513314394,838.9206829623145,846.012272790158,854.2137353551043,863.5473102593241,873.8688985758599,884.9196384240822,896.3743197518197,907.8820120738528,919.0975063868827,929.7038674195537,939.4271536240813,948.0446108123324,955.3876432247598,961.3407596291727,965.8375544193914,968.8546450560461,970.4043567689223,970.5268235759431,969.282059367637,966.7424425297686,962.9859521243961,958.0903940008175
DEU,Female,IschStroke,diet,11734.519476926795,0.0,644.1369894032359,0.0,9.93550731776486,23.921475915434712,43.499815496506926,69.74769529570767,102.75972397660735,141.37435275501048,183.4736075531,226.70602880500883,269.14019420292607,309.5375200987073,347.29130092990454,382.22529915471387,414.39572153268455,443.9519022162676,471.05737751704146,495.8545569364869,518.4553854523438,538.9450637884256,557.390776637847,573.8509882935941,588.3831716160639,601.0491855012151,611.91824880282,621.0678213540632,628.5828528169368,634.553892175165,639.0745197879623,642.2385015932487,644.1369894032359
DEU,Female,IschStroke,combo,37679.114751483816,307.3136623913997,1582.1789054355359,307.3136623913997,792.0622842025987,818.4017787729317,847.1188019723304,880.8609557028976,919.6475754603853,962.8877289063239,1009.2741843681433,1057.205416812987,1105.2834472575487,1152.542868403154,1198.4140184719472,1242.5756832834086,1284.8169817386115,1324.9518176489837,1362.7832748228866,1398.1006786435246,1430.6928285777649,1460.3660654200503,1486.9607318639464,1510.3630346916689,1530.5114258044377,1547.397783354747,1561.0642465347955,1571.5967819257312,1579.116586694705,1583.7703531753723,1585.7202819849008,1585.1345671600975,1582.1789054355359
GLB,Male,IschStroke,glp1,1349215.7896752444,10936.650767674437,57131.74639131408,10936.650767674437,29085.778098906623,30597.633590814192,32021.473819000414,33456.239248008,34893.60136197368,36323.98052966222,37738.577910790686,39129.71332918713,40491.06716021523,41817.72095412528,43106.00934897503,44353.25502732443,45557.46248655906,46717.02620654786,47830.483643644024,48896.322728537954,49912.84025126975,50878.04132233327,51789.56919230707,52644.65697873151,53440.09644864546,54172.22259686701,54836.91552052088,55429.62263930077,55945.40460044565,56379.00741017936,56724.961745609064,56977.70836577425,57131.74639131408
GLB,Male,IschStroke,diet,2237534.96106836,0.0,137171.22903612163,0.0,1224.046957926359,3038.3819502019323,5697.000925529981,9438.722922658082,14398.597030778416,20531.63614098588,27609.579347976018,35297.74632290937,43255.48928788444,51204.03541308548,58948.396022954024,66369.286060757,73404.02194856526,80027.53495946014,86237.56204859074,92044.39779827092,97464.29911444383,102515.45571452286,107215.63721324364,111580.88638198562,115624.8447920098,119358.45334169827,122789.87486456847,125924.55280162534,128765.36061259592,131312.81991251232,133565.37731869798,135519.73482580017,137171.22903612163
GLB,Male,IschStroke,combo,3545667.9851628486,10936.650767674437,192045.415577495,10936.650767674437,30281.150627411203,33563.91293335031,37584.73366143741,42676.404381950386,48963.51298921229,56393.806137052365,64736.715548814274,73658.3976160842,82819.90851015365,91943.5659393128,100834.39803029876,109372.19917693408,117492.72660468891,125168.95787055837,132396.42078475934,139182.99931429,145542.34021676518,151489.799158948,157040.05292560766,162205.75639078254,166996.83637602488,171420.1698450651,175479.4984900793,179175.49841684895,182505.96368620126,185466.0845196955,188048.81120061502,190245.2974647372,192045.415577495
GLB,Female,IschStroke,glp1,1237384.7286950084,11527.323772078846,53187.370557961985,11527.323772078846,29843.956120182993,30111.91475490108,30638.500471636187,31384.811549918493,32271.845726973843,33252.77743654093,34296.76531272242,35381.33655483555,36489.167909383774,37606.61058434984,38722.86531756446,39829.39815604966,40919.463760575745,41987.70164643787,43029.7974182046,44042.20284092659,45021.90505441744,45966.23323732475,46872.691916363314,47738.8131727539,48562.02399750613,49339.52890975028,50068.21095069777,50744.55593554536,51364.60531776445,51923.9423331758,52417.71450923802,52840.69346922636,53187.370557961985
GLB,Female,IschStroke,diet,2351992.683064821,0.0,143392.09223397588,0.0,1572.4212572353426,3756.94904578547,6856.67386171408,11134.106103318045,16713.58902093093,23502.486179284286,31202.970831539016,39415.42842264706,47759.582178520504,55947.374908756465,63797.92212440958,71218.7853643056,78178.00760032423,84679.65645908518,90746.45626295824,96408.86409905786,101698.79618369043,106646.33254221501,111278.17992006382,115617.10008092178,119681.82548508886,123487.19269061275,127044.35353117436,130361.00125676906,133441.5924185426,136287.56797619676,138897.58695637388,141267.7880693241,143392.09223397588
GLB,Female,IschStroke,combo,3549686.8957471303,11527.323772078846,194427.08964912547,11527.323772078846,31379.541958590038,33781.27685766178,37338.84834156907,42270.44662150764,48619.86980211572,56251.37679880392,64844.423218750395,73986.56535543595,83288.44094529841,92453.72991574137,101293.32200987637,109706.76891574124,117654.6870079306,125134.54046977032,132163.33835478872,138766.6484760819,144972.19134490006,150806.3823291189,156292.62479158165,161450.57316714758,166295.89453699114,170840.26396188,175091.45849152468,179053.49210916134,182726.77724349406,186108.3202754585,189191.96677157283,191968.7122534318,194427.08964912547
CHN,Male,CKD,glp1,23964.392935935728,0.0,1302.098112725289,0.0,53.59512487114989,120.2586500922771,187.41378646845988,254.4213645112759,321.02356421831064,386.99894617877726,452.12115121423267,516.1490117378853,578.8323317990435,639.9233478285314,699.1873905077373,756.409815901221,811.3988370560255,863.9852659115277,914.0206006708904,961.3747241572128,1005.9340403285896,1047.6004011789191,1086.2907965266495,1121.9375457727874,1154.4886409048631,1183.9079121939867,1210.1747803216858,1233.2834811286884,1253.241770161345,1270.0692126395297,1283.7952295179566,1294.45709941088,1302.098112725289
CHN,Male,CKD,diet,14768.26028225862,0.0,937.5464340216276,0.0,5.904533783774241,15.210207558149705,29.37217916440568,49.86983789042279,77.74275568545272,113.14014745685563,155.20537142454123,202.38038019574014,252.8863759371161,305.0966110997979,357.70448749170464,409.73894608595583,460.5093562544498,509.5347341110464,556.4816975263966,601.1177561791992,643.2789689658093,682.8487596662162,719.7446030046121,753.9098892292386,785.3089684052975,813.9239826178527,839.7525775791873,862.805951863149,883.1069690361182,900.6882421673945,915.5902167807071,927.8593410764006,937.5464340216276
CHN,Male,CKD,combo,38456.90836606105,0.0,2223.564190831399,0.0,59.38204482162837,135.1310061355034,216.12179305536847,303.1669667863025,397.03122494013223,497.64579736556334,603.9525938178413,714.1906632575119,826.3715574681264,938.6557368574577,1049.5283423425572,1157.8218601941917,1262.665555562271,1363.4163020630367,1459.5961592275999,1550.8444659714442,1636.8843692684022,1717.501028198094,1792.5282672489993,1861.8407951723784,1925.3496886592038,1982.9994524677895,2034.7655304101354,2080.651621584504,2120.6865380698146,2154.9206191519334,2183.4218967991474,2206.272298332711,2223.564190831399
CHN,Female,CKD,glp1,25006.497381210138,0.0,1417.0723619279743,0.0,51.43044578586705,115.7738931337808,181.07972282792616,246.77469469595235,312.6669013156352,378.6042518778122,444.41908200659964,509.90742837882135,574.8296802731056,638.9220998127566,701.9111110126105,763.5256361705688,823.5056360712042,881.6068906467262,937.6029810969048,991.2856597313803,1042.4646101070684,1090.9672462918097,1136.6388375669194,1179.342961522605,1218.9621160626411,1255.3982545876788,1288.5730245404993,1318.4275569195452,1344.9217442274676,1368.033033472122,1387.7548336685868,1404.0946854775684,1417.0723619279743
CHN,Female,CKD,diet,15464.190744674415,0.0,1019.2724017807632,0.0,5.66605274991889,14.636793358702562,28.338904494798044,48.24405278498307,75.43259335146286,110.15957778350275,151.72747250851535,198.75326734108967,249.60861331342312,302.76835664219107,356.973912306843,411.2563759320328,464.89358810875274,517.3510761274229,568.2293000968348,617.2235100491234,664.0956771825877,708.6559156597505,750.75069031163,790.25557384282,827.070867881077,861.1188830702595,892.3420583672705,920.701398139412,946.1749319249211,968.7560677673173,988.4518252287817,1005.2810065682279,1019.2724017807632
CHN,Female,CKD,combo,40196.26358903431,0.0,2420.080163539402,0.0,56.9836350637197,130.08656416581653,208.7814680229203,293.9400925969676,386.4338983769703,486.3678966686857,592.8990659426781,704.4754272944556,819.2666887076484,935.5170094897185,1051.719779093226,1166.6532217339845,1279.347429636793,1389.0316935399314,1495.085072099071,1596.9975994687993,1694.342641702984,1786.7585463519936,1873.9372409087227,1955.6176048268826,2031.5818020135775,2101.6531617870787,2165.6945866351452,2223.6068231309473,2275.32624292087,2320.822032210388,2360.0928740232484,2393.163327081682,2420.080163539402
IND,Male,CKD,glp1,10335.813685511268,0.0,600.5515849408985,0.0,22.034494410516345,49.646028088682215,77.60317369522818,105.5458065027342,133.2848292949784,160.67916396640067,187.62439422107127,214.04456437063345,239.88552110891032,265.10964509489713,289.6916511135787,313.61512290754763,336.8695165443787,359.44746065147046,381.3422728630394,402.5456831779884,423.04580059373984,442.8253804802225,461.8604518714128,480.11935277856537,497.56220390954695,514.140831518831,529.7991314972896,544.4738507015281,558.0957482864906,570.5910891881213,581.8834134400822,591.8955182924838,600.5515849408985
IND,Male,CKD,diet,5055.54705500017,0.0,340.8664379426482,0.0,1.9121097616225597,4.947267456460395,9.589411335691693,16.327954702122952,25.501178291320684,37.146722598496126,50.96792283744435,66.44245691745891,82.98786886435119,100.08672635175753,117.33981074785697,134.4668404111435,151.28384008798457,167.6761343616963,183.57511623475875,198.9407528876909,213.74927593607572,227.98485670755326,241.6341411554895,254.68278245678812,267.11336507795204,278.9043098117254,290.02948471748095,300.45833566741203,310.15640642393555,319.0861528359237,327.2079765603412,334.481415858987,340.8664379426482
IND,Male,CKD,combo,15336.151613070622,0.0,938.0659465716017,0.0,23.922764505899977,54.52479457023583,87.05810378817841,121.646768850027,158.43710106505023,197.3270008868858,237.92088972311467,279.6283143055043,321.8205199589138,363.94884425852797,405.59325791950687,446.45983494595566,486.3555711762747,525.1591139772936,562.795387214006,599.2160572045395,634.3853432796313,668.2700542017992,700.8328031978454,732.0276013511175,761.7972627527633,790.0722277872701,816.770525706801,841.7986690081161,865.0533142941422,886.4235478377377,905.7936660952255,923.0463266366569,938.0659465716017
IND,Female,CKD,glp1,9297.97196421482,0.0,532.343791084626,0.0,20.81222335370694,46.65182817474124,72.52374268064887,98.11738740621513,123.31191046692402,148.03539655491477,172.24080045516166,195.89458508259122,218.9716983917897,241.4533433997858,263.3256319396387,284.57831330607587,305.20334574101435,325.1933286859421,344.5398970315582,363.23218893674493,381.255482595021,398.5900746258849,415.21045086500817,431.08478118130006,446.17475362637197,460.43574929930037,473.81734732312907,486.26413890603,497.71682031110686,508.11352651430934,517.3913603340479,525.4880659412302,532.343791084626
IND,Female,CKD,diet,4544.43630523757,0.0,302.15760639414657,0.0,1.8060435013467213,4.650214498899004,8.970614122910774,15.204303088365123,23.646387554428657,34.31608963289909,46.92977265162335,61.003139482789265,76.00285950177931,91.45917516389454,107.01216170492262,122.41058786904614,137.4902704827109,152.14908508650842,166.32581150491023,179.9844055421563,193.1030737778492,205.6669940087595,217.66362238679721,229.07978450829978,239.89998948965513,250.10558967968973,259.67453550077335,268.5815580165945,276.79866433196,284.29586309811566,291.0420565052773,297.00604615046177,302.15760639414657
IND,Female,CKD,combo,13796.728305302604,0.0,831.8423865301738,0.0,22.5957495942057,51.238105420918146,81.37035968969576,113.1148268095858,146.64372746264416,181.90602924543782,218.57623892772244,256.14353858639515,294.0563841709736,331.8316376712246,369.0991628023694,405.5996551369535,441.1619885777327,475.67705219672644,509.0752897782513,541.3096438570064,572.3433969178877,602.1418468235788,630.6668256196135,657.8733028384886,683.7075358423754,708.1063966162328,730.9976174406474,752.3007694029075,771.9288303650537,789.7902227136074,805.7912130789191,819.8385711852752,831.8423865301738
BRA,Male,CKD,glp1,19010.20151342991,0.0,1129.8586687562565,0.0,36.195510516634386,81.79654782620491,128.67135508821593,176.39285099303743,224.72440978166924,273.4448410230907,322.3450931144289,371.2266261404802,419.8999568881227,468.1839040140185,515.9055144458107,562.9004179278127,609.0133125577413,654.098329259119,698.0191028246845,740.6484629531187,781.8677360477741,821.5657104797356,859.637361882269,895.9824608246781,930.504194560097,963.1079300994534,993.7002307490548,1022.1882156550564,1048.47932480093,1072.4815228997031,1094.1039468423187,1113.2579744783943,1129.8586687562565
BRA,Male,CKD,diet,3006.120177744102,0.0,207.74595111191593,0.0,1.0371469717829314,2.6850071231965558,5.208269530212419,8.87958220560904,13.899590210483439,20.318655614817544,28.015114277597604,36.744743154889875,46.22052034056469,56.17497291138716,66.38881811754254,76.6944501100952,86.96780725208373,97.11757886475243,107.07568018743768,116.79001886484912,126.21937694207008,135.32990787718154,144.09276698677422,152.48250763236865,160.47599035636813,168.05164146191964,175.18895941815572,181.86820737054222,188.07025416656688,193.776539817889,198.96914801483945,203.63097085020854,207.74595111191593
BRA,Male,CKD,combo,21901.691037172008,0.0,1330.473816737147,0.0,37.18967045722093,84.3572537480868,133.63351240468546,184.853225758161,237.97343607570656,292.8237807542537,349.08186478785865,406.31824978756777,464.07082376004473,521.9035807099972,579.4340834108225,636.3373689141226,692.3388485336109,747.2044903897549,800.7318743214855,852.7430244824573,903.078853836043,951.5948027289414,998.1573125285868,1042.6409079183795,1084.9257794559235,1124.8958383094214,1162.4372588656624,1197.4375403541417,1229.7851145824607,1259.3695107875246,1286.0820662157203,1309.817146556219,1330.473816737147
BRA,Female,CKD,glp1,17104.409110457163,0.0,1030.2176351684539,0.0,32.00742263211578,72.27942391157194,113.64649024871323,155.77225465382435,198.48858440370168,241.63804176601116,285.0679327287835,328.62662264570827,372.16122904420627,415.5170670869702,458.5385532579967,501.07103794760405,542.9630334981885,584.0683976912005,624.2481572134384,663.3717799168517,701.3178144974809,737.9739056723993,773.236260238511,807.0086849909494,839.2013431687301,869.7293845572203,898.5115987838653,925.4692250427179,950.5250277239538,973.6027191715839,994.6267806017349,1013.5227021926767,1030.2176351684539
BRA,Female,CKD,diet,2711.416829219743,0.0,189.33970583967312,0.0,0.917141407422605,2.3725835372824804,4.601476317133347,7.84719590192617,12.291086270372034,17.983046888111858,24.82143641599032,32.595707212851266,41.05610020938184,49.96840685389179,59.139302681418485,68.41966241650152,77.69771050176132,86.8898574979321,95.93265101496945,104.77671585293865,113.38250811611942,121.71742968822946,129.7538732866742,137.46787478165788,144.83815546512778,151.84541898113093,158.47182420865283,164.70059145810228,170.51572059837054,175.90181092514104,180.84397727531905,185.327857615659,189.33970583967312
BRA,Female,CKD,combo,19730.018103241586,0.0,1214.628548282053,0.0,32.886550925326446,74.54322419014352,118.03470520246265,163.2596139867128,210.22627836592073,258.82870232261484,308.82061136437187,359.8517904623077,411.53209089729353,463.4833259857369,515.3646805881253,566.8780020606355,617.7636966284044,667.7942935243227,716.7686604341143,764.5075362597054,810.8501465883164,855.6514843876139,898.779924438757,940.1149851279552,979.5451771813387,1016.965965446434,1052.2779183131788,1085.385137691912,1116.1940591981474,1144.6126947824232,1170.5503644225319,1193.9179341827257,1214.628548282053
CAN,Male,CKD,glp1,3725.010927292872,0.0,196.89414770121948,0.0,7.679872563805475,17.565405709238803,27.884688487803942,38.48960429290128,49.27319879465631,60.12779185238833,70.94608633100142,81.624694045654,92.0674439475124,102.18780301185325,111.91039194835776,121.17179836324613,129.92089805022624,138.1188283270958,145.7386873534624,152.76498738886585,159.1928711203309,165.02710148529422,170.28084758753812,174.9743045552168,179.13319834967388,182.78723493797315,185.96855611861702,188.71026205866565,191.0450542904673,193.00404375424387,194.615757634866,195.90536723069636,196.89414770121948
CAN,Male,CKD,diet,422.7271632126476,0.0,26.388038702874837,0.0,0.1585469725623625,0.41531648279396904,0.8126777387351467,1.3945635036334352,2.1931050475031952,3.2152938220497163,4.4388294606751515,5.819902522384837,7.306413932753458,8.848716333112861,10.404961882357384,11.94226849757797,13.435844243671454,14.867531105106536,16.224431177226506,17.497805338093713,18.682234435072132,19.774976336877444,20.77545318582088,21.684820786535965,22.50559027656618,23.241286254087754,23.896134898258424,24.47478115476042,24.982036835485815,25.422662414233855,25.80118508544001,26.121754786396195,26.388038702874837
CAN,Male,CKD,combo,4134.061072485545,0.0,222.54792548212845,0.0,7.831990005934131,17.962064439104324,28.660416417718807,39.821371626271684,51.36926779361056,63.20377771891799,75.19689699448372,87.20377285592531,99.07859383826326,110.6873013457971,121.91427678066066,132.66433078956106,142.86223626596257,152.45134447982855,161.39199522114086,169.65993396936665,177.24473808130006,184.14820015090572,190.3826291759333,195.9690618973891,200.93540708639375,205.31456731627623,209.142594579268,212.456939183131,215.29484772051364,217.69195763823336,219.68112488356928,221.29150874795596,222.54792548212845
CAN,Female,CKD,glp1,4014.0264986994744,0.0,220.338864391254,0.0,7.957740946568265,17.977909745390207,28.336553680204815,38.974821424090806,49.849880234859484,60.8996302519181,72.04703915079062,83.20565815929422,94.28483797419085,105.19419257128538,115.84718599023927,126.16389391801476,136.07305161633485,145.5134952032331,154.43507666406822,162.79910804370866,170.57837624178228,177.75676715390546,184.3285431167833,190.29732639859594,195.674850189037,200.4795447810975,204.735029215115,208.4685773427027,211.70962245508053,214.4883570291604,216.83447461169635,218.7760901990723,220.338864391254
CAN,Female,CKD,diet,454.6690447082765,0.0,29.332986582936428,0.0,0.16428342072504165,0.42483890151379455,0.8243529215997114,1.407436023635455,2.2080108305617614,3.2364188228975763,4.4749898237687376,5.884865592793176,7.418122736132318,9.027798534581052,10.673038140447716,12.320426035517812,13.943440678698607,15.521356112155445,17.038187812234355,18.48185247975107,19.843532845229674,21.11718923690114,22.29916148342636,23.387820825689232,24.383247821659097,25.286924696305505,26.10143889704068,26.830199550270663,27.477171008365076,28.046628516181045,28.542940805730723,28.970383571527236,29.332986582936428
CAN,Female,CKD,combo,4454.745810731832,0.0,248.92118052069418,0.0,8.115362207578983,18.383709459466445,29.123588247233783,40.319270450349904,51.96097385080884,63.99721044919988,76.33472998004345,88.85041844034185,101.40804305417805,113.87231732695909,126.11746171587583,138.03129458824424,149.51680491971274,160.49257788823343,170.8927274534608,180.66655642605565,189.77797881688002,198.20468857981086,205.93706529764313,212.9768312783399,219.33549873810625,225.03266389612145,230.09421535554975,234.55052758826696,238.43470794394034,241.78095883628157,244.6231070220274,246.99334040042686,248.92118052069418
TUR,Male,CKD,glp1,10308.794813933357,0.0,615.2697514110987,0.0,20.53750974995637,46.09115237050355,71.84930069831898,97.68936770559958,123.62660254226103,149.6572043722099,175.74492960162752,201.8250611742078,227.8137231132605,253.6177564461923,279.1429578960033,304.2998630031361,329.007027592761,353.1921643317328,376.79165793903303,399.74900499881187,422.01266750368086,443.53373731511965,464.2637090110984,484.1525662373242,503.1473086584192,521.190984838795,538.2222499344061,554.1754336079721,568.9810802902648,582.5669081054002,594.8591222078685,605.7840112762933,615.2697514110987
TUR,Male,CKD,diet,522.2386852381424,0.0,35.89900001913338,0.0,0.1853136317586177,0.47735128640670155,0.9223629367988906,1.5691222647183167,2.4541156776685966,3.5868090036437934,4.945091964416861,6.4840012881104485,8.150437767404583,9.894949789078964,11.677315682951303,13.467356870380172,15.24346369147679,16.990526914010843,18.698045381876,20.358633980005834,21.96692370287201,23.518777017339744,25.010738674845925,26.43965826115891,27.802438376911596,29.09587629762973,30.316576774530404,31.460920136847562,32.525074016768485,33.50503961872164,34.39672504702685,35.1960391636494,35.89900001913338
TUR,Male,CKD,combo,10808.855613825008,0.0,649.8175831701046,0.0,20.713429351792,46.5417489823576,72.71946527041837,99.1706252006843,125.9456162521692,153.0503245337004,180.42826198914918,207.97263519973058,235.5495255538408,263.01894551107944,290.24843053347104,317.11966201313953,343.5304068300611,369.39373128366424,394.63574632079326,419.1926466568657,443.007528485683,466.0273124945197,488.1999955384272,509.4723767645992,529.7883423283129,549.0877440988879,567.3058704654613,584.3734799416161,600.2173488415647,614.7612708981214,627.9274375806344,639.6381217341586,649.8175831701046
TUR,Female,CKD,glp1,12294.268095959507,0.0,753.7663028912357,0.0,23.20273954711047,52.24431253680268,81.86621598802776,111.86781267231527,142.1803493536554,172.73306164996757,203.44607529876157,234.23099331505,264.99395218870995,295.6393890519539,326.0735308252297,356.2070695270413,385.9567925737174,415.2461470085873,444.0048558470189,472.167787172657,499.6733140678043,526.4614071711585,552.4716821301372,577.6415905871727,601.9049029419075,625.1905893607,647.4221659334034,668.5175375458493,688.3893388201286,706.9457494703893,724.0917402879968,739.7306901950178,753.7663028912357
TUR,Female,CKD,diet,616.0119624576764,0.0,43.62310653401073,0.0,0.20936247795179952,0.5401770579410368,1.045129682534025,1.7789742768763972,2.7824691120968055,4.066543027993248,5.607731800304464,7.357963604565157,9.260548209200351,11.262746026975947,13.321574195375433,15.404532882894273,17.4879660632796,19.554861593100213,21.592886020480364,23.59286598149265,25.547687600414065,27.45152032781334,29.29927489659167,31.0862267061857,32.80775738815282,34.45918354069727,36.03565252928456,37.532092052701046,38.943204159520974,40.2634965780926,41.48734530295769,42.609082828192186,43.62310653401073
TUR,Female,CKD,combo,12886.525035941304,0.0,795.9728424340938,0.0,23.40148889658667,52.754301459439375,82.85250337573416,113.54797010111906,144.8114157935579,176.58345904678936,208.76297281613734,241.21673109002586,273.7975259411469,306.35987627997383,338.76910664772004,370.9047996691188,402.6609401175738,433.94443836428763,464.6729110217202,494.77212623615924,524.1733289187614,552.8106016730671,580.6183996284162,607.5293836379751,633.4726559062292,658.372475570297,682.1475024498795,704.710588248694,725.9691080124721,745.8258016695836,764.180076327917,780.9297046068277,795.9728424340938
ZAF,Male,CKD,glp1,4473.202912490076,0.0,243.14434788232393,0.0,10.985253639316397,24.522127703354272,37.96685982247618,51.145105182219595,63.9772077112566,76.41134717059595,88.41376336381836,99.96434069616407,111.05467155681072,121.68666297245545,131.87074708359614,141.62349044638904,150.96476842845004,159.9147979570498,168.49131930595468,176.70715880605712,184.56832936010323,192.0727538545052,199.20963600892355,205.95945604189183,212.29453413493684,218.18008129620284,223.5756428344248,228.43683238241647,232.7172527089242,236.37050223572805,239.352172346129,241.62174955760202,243.14434788232393
ZAF,Male,CKD,diet,29.43762360747678,0.0,1.851338183203552,0.0,0.01276008164131781,0.03273650461414945,0.06308629358500184,0.10689056572391564,0.16614355711863027,0.2407685134357962,0.32843606126152736,0.4253596972539526,0.5274636593803734,0.6312447623222397,0.734115950168416,0.8343779911083402,0.9310298059608613,1.0235533461291197,1.1117309413129988,1.1955087678816199,1.2749021482850367,1.349933722840433,1.4205959610389982,1.4868312519793108,1.5485245577892783,1.6055049676378985,1.6575534494822932,1.7044147539800178,1.74581187504009,1.7814617882686434,1.8110914245153253,1.834453024517643,1.851338183203552
ZAF,Male,CKD,combo,4502.047568439746,0.0,244.97040075111727,0.0,10.997526599014236,24.553517035940786,38.02740038011234,51.247859709218574,64.13723265470708,76.64369782039284,88.73130205194684,100.37629690675749,111.56632769885982,122.29988180525288,132.58484382224924,142.43608826081618,151.8724775800256,160.91369057084012,169.57722878641653,177.87584701454034,185.81556116760657,193.39431043553304,200.6012902530747,207.416927088394,213.81343329049196,219.75585812206555,225.20353761543265,230.11183923431963,234.43409604456974,238.12362807027057,241.13575490002768,243.42971276975186,244.97040075111727
ZAF,Female,CKD,glp1,3927.0167313901366,0.0,201.50388831862438,0.0,11.61754726430081,25.57082246556456,38.907556744714384,51.540110710908266,63.49987982948551,74.80735871020624,85.4720443874703,95.50215753781777,104.91174811816018,113.72383862009883,121.97046410472831,129.6907203602077,136.92774478305364,143.72531338599765,150.12452952144304,156.16091707588748,161.86210734342058,167.24621654570365,172.3209429908693,177.0833634197479,181.5203726168711,185.6096853677318,189.32130280476122,192.61933444573697,195.46406181777456,197.8141289590112,199.62874899833332,200.8698241415059,201.50388831862438
ZAF,Female,CKD,diet,25.631379916814694,0.0,1.5296864996435033,0.0,0.013494531523974729,0.03421240078023402,0.06526112558458408,0.10943637974924059,0.1683037948787387,0.24117118930189463,0.3250417797753471,0.4156238351115462,0.508642470873383,0.6007061445070576,0.6895590053718479,0.7739415354608354,0.853315501659381,0.9275989590205427,0.9969615046429681,1.0616824366934452,1.1220590042885306,1.1783505903877085,1.2307476246696751,1.2793573535163887,1.324201173534675,1.3652199710140849,1.4022849966931972,1.4352124593533517,1.463780412585038,1.4877467519581842,1.5068673097139254,1.5209131745214108,1.5296864996435033
ZAF,Female,CKD,combo,3952.4150123145355,0.0,203.02981174415254,0.0,11.630526635923161,25.603716470437575,38.97051932130489,51.64607610466919,63.66338751831063,75.0423555867983,85.78960477100554,95.90916645753532,105.41086930073652,114.31434968682697,122.64936051283985,130.45369793599093,137.76992009100286,144.64168629376945,151.11024408683443,157.211381176352,162.97301978776522,168.4135369223004,173.54082868140358,178.3520905487694,182.83425254170652,186.9649848384688,190.71417351108175,194.04575589248816,196.9198000743454,199.29471266205655,201.129462980296,202.3857201793635,203.02981174415254
MEX,Male,CKD,glp1,23116.063229557632,0.0,1230.533791208305,0.0,52.38724646176706,117.18759418605259,182.44817440886982,247.57676200887363,312.2841333248871,376.314956285496,439.4353741191662,501.42620339625137,562.0778978197632,621.1872893606633,678.5558499865801,733.9891199076155,787.2969644440891,838.2943810657089,886.8026445891592,932.6506359944178,975.6762445336062,1015.7277652331541,1052.665237946865,1086.3616929944692,1116.7042841435832,1143.5953030131423,1166.953079677769,1186.712781658971,1202.8271269242614,1215.267025667832,1224.0221607433778,1229.1015084529354,1230.533791208305
MEX,Male,CKD,diet,2271.958034718882,0.0,141.62697708081396,0.0,0.9430439831849071,2.416138027154375,4.640742721465358,7.838461845058191,12.16093829357851,17.624326609155105,24.09556775279634,31.340374823499587,39.09481427866558,47.11888006575464,55.219356087189226,63.250757688918384,71.10673059558758,78.70976814140158,86.002525939919,92.94146260582784,99.49252736595372,105.62837215324544,111.32661016974453,116.56875941464386,121.33962037554738,125.62692203959887,129.42112996459036,132.71534996030823,135.50528664853482,137.78923225861945,139.5680706699859,140.8452871581394,141.62697708081396
MEX,Male,CKD,combo,25338.154523114972,0.0,1370.984934148204,0.0,53.286230052432074,119.48037282100995,186.85266536725612,255.02625532856473,323.86199948387366,393.12639284232137,462.4646509074664,531.4384254189208,599.5885643951042,666.4831923539241,731.7383254098459,795.0187237079881,856.0303258707645,914.5114870118196,970.2259777706204,1022.9583245406902,1072.5111414705534,1118.7038940343773,1161.3725929471548,1200.3700429159871,1235.5663897739869,1266.8498028169197,1294.127196256537,1317.3249389628618,1336.389529660264,1351.288229307611,1362.0096467521944,1368.5642707857187,1370.984934148204
MEX,Female,CKD,glp1,26158.165052557764,0.0,1517.4169004627838,0.0,52.07287327769518,117.09373973639595,183.29407558912862,250.15054303812212,317.4375430015789,384.9504331358912,452.49040534090454,519.8576608918447,586.8473874341871,653.2479296302117,718.8406487265311,783.4009858617283,846.7002937193538,908.5080770698769,968.594369045939,1026.732052524283,1082.6990063184421,1136.2800111205797,1187.2683910831984,1235.4673961895023,1280.6913509939986,1322.7666092292566,1361.5323626061945,1396.841356523153,1428.560565477761,1456.5718767062863,1480.7728220571953,1501.0773857657405,1517.4169004627838
MEX,Female,CKD,diet,2602.216509447506,0.0,175.39238660249976,0.0,0.9373848245195404,2.4144950518420956,4.6625932520473725,7.919337553066725,12.358209092577454,18.020065029711986,24.794935822777916,32.46631936720223,40.78140530190285,49.50530127630918,58.44536508818419,67.4535474768054,76.41880562378356,85.25746193312807,93.90489994279051,102.30943049395864,110.42811932837503,118.22409428747778,125.66487524849799,132.72137547401508,139.36732826105435,145.57897540559497,151.33491294870328,156.61602966657665,161.40549999634823,165.68880971120234,169.45380269127782,172.69074269527482,175.39238660249976
MEX,Female,CKD,combo,28681.91337247476,0.0,1689.1702601346042,0.0,52.966462113869056,119.38392343723172,187.71507813693825,257.66583427171645,329.17986857031065,402.0965005570906,476.1172035705822,550.8399477419298,625.8215711182784,700.6276645867329,774.8559507217724,848.1399468216478,920.1438531722742,990.5557962020684,1059.0824088348163,1125.445378242286,1189.3796614362436,1250.632856494216,1308.9652764150233,1364.1503990793572,1415.9754856665677,1464.2422516698061,1508.7675393352765,1549.3839828173222,1585.9406825143524,1618.3039167677052,1646.3579202903275,1670.005751754412,1689.1702601346042
AUS,Male,CKD,glp1,2749.202071889353,0.0,156.35184169110562,0.0,5.255344262774088,12.047076394112537,19.185557954431715,26.572915829115118,34.13135453903169,41.77977618138493,49.43783434983061,57.030470275182324,64.49131567437871,71.7646083528989,78.80576946231622,85.58099911011323,92.06626918060329,98.24602451198189,104.1118094868516,109.66095019665681,114.89535585207796,119.82045884218041,124.44428740855074,128.77665334143603,132.82843469268846,136.61093641837942,140.1353173230982,143.41207778258195,146.45060826928238,149.25880300045355,151.84274573402763,154.20647577182717,156.35184169110562
AUS,Male,CKD,diet,100.88736305702196,0.0,6.737341147614643,0.0,0.035006556290682056,0.09188942958599,0.1802883087934788,0.3102112132128241,0.48904790333199344,0.7185672636469462,0.9939752198292808,1.3056737218812486,1.6422628891177737,1.9929861845630512,2.348940952918383,2.7033198693707163,3.0511712255365637,3.3890186174676273,3.714500110397239,4.026077228320901,4.3228156235809365,4.604223699526301,4.870133676545265,5.120612297293519,5.355891819239332,5.576314918843309,5.782289387184392,5.9742501044484015,6.1526268820425685,6.3178174853010205,6.47016559689564,6.60994372424193,6.737341147614643
AUS,Male,CKD,combo,2846.397745919655,0.0,162.87070521303212,0.0,5.28882266859182,12.134512842692857,19.356982978266387,26.867985771712483,34.59688781946852,42.46442319925745,50.38581669329824,58.27696405007191,66.06068079566103,73.67095123282115,81.05467199511122,88.17149168792412,94.99258657230894,101.4990072782548,107.67996672886147,113.53124821412712,119.05379970507784,124.25252118025219,129.13522444262708,133.71173581712446,137.9931129291017,141.99095247746845,145.71677350001937,149.18146825093572,152.39481939981124,155.36508724235773,158.09867374254827,160.5998714908692,162.87070521303212
AUS,Female,CKD,glp1,2371.4140070487756,0.0,140.20808285417843,0.0,4.081972013115774,9.311449915108824,14.829211349650905,20.60902715255861,26.625678561164477,32.83810675938685,39.193673108288294,45.633384760645185,52.09671686949741,58.52545180581046,64.86636808819821,71.07286630047656,77.10573474992316,82.93328171237681,88.53103734114848,93.88118624482331,98.97184807947133,103.79628604054778,108.35209438786569,112.64039589877757,116.66506707920962,120.43200140993395,123.94841727458424,127.22221612991143,130.26139681431505,133.0735327725215,135.6653197572914,138.04220181799428,140.20808285417843
AUS,Female,CKD,diet,86.16837535633249,0.0,5.963243297995177,0.0,0.027190565624096052,0.0709325597354109,0.1387674066377258,0.2387170413626336,0.37712584171413255,0.5563864922914945,0.774065397081813,1.0239700822071427,1.2981916081625968,1.5888523186749808,1.8890440467098415,2.193104785875221,2.496551866920072,2.7958991896357475,3.0884676442669843,3.3722251742483422,3.6456607485097265,3.9076860554987434,4.157557278123932,4.394810718769804,4.619207905537223,4.830687375590969,5.029321474800781,5.2152772991184975,5.388781425413072,5.550088413783669,5.699453261141571,5.837108080901089,5.963243297995177
AUS,Female,CKD,combo,2455.1612399208398,0.0,146.0429791178849,0.0,4.107975621776859,9.37897931921134,14.96128989953013,20.836435277069995,26.985392876670176,33.36955999496786,39.93414424826733,46.614373224918836,53.3422482732949,60.05205241520298,66.68394534960544,73.18586619434518,79.51424646121995,85.63397643429016,91.51793250972378,97.14626182898019,102.50554606048809,107.58791860707333,112.39017927644181,116.91293149819103,121.159755847827,125.13642756013905,128.85018316327205,132.3090410218365,135.52118140628136,138.4943929024921,141.23559294400638,143.75043058583105,146.0429791178849
NZL,Male,CKD,glp1,561.8661980566795,0.0,30.70980064034859,0.0,1.2701120969253452,2.854761617007398,4.461565770980883,6.072414180510691,7.675832814997648,9.26075996375937,10.816963550996775,12.335457461088254,13.808697840971604,15.230595326150137,16.596412616084763,17.90260831378305,19.14666868559675,20.326950645443276,21.44254553664257,22.49316451720142,23.479041659360632,24.40084909114887,25.259618595881648,26.05666523946536,26.793510240695355,27.47180204905419,28.093236197947135,28.659475806506975,29.17207552697562,29.632412245076353,30.041625944547945,30.40057388153093,30.70980064034859
NZL,Male,CKD,diet,33.416913597325674,0.0,2.1535366142977637,0.0,0.01372625761598556,0.03534509464225266,0.06813875316606754,0.11539802072229577,0.17935044939929412,0.2601667718851104,0.3557554282538149,0.4624952068933226,0.5763304016745678,0.6935965712096959,0.8113797318842444,0.9275385562045813,1.040576374625516,1.1494832158824693,1.2535991393521044,1.3525111420352687,1.4459801715489675,1.5338907203893086,1.61621593788675,1.692992874966194,1.7643041445944618,1.8302635975956036,1.8910045596525151,1.9466698204369095,1.9974029874299504,2.0433410780850636,2.084608371082936,2.121311603912659,2.1535366142977637
NZL,Male,CKD,combo,593.9075700017088,0.0,32.78334020017837,0.0,1.2832061257589658,2.888293411496761,4.526147055785373,6.181811249730913,7.845964828838305,9.507752735145345,11.154997702684,12.775302723753498,14.357283567050558,15.89136702715598,17.370034033829143,18.78768899076033,20.140373316949308,21.425460606125853,22.64139193489848,23.78746409315795,24.863663776251883,25.8705350611109,26.809067955658293,27.68059852219801,28.486714283561128,29.22916160937052,29.90975427630542,30.53028431198254,31.09243755600312,31.59771713061707,32.04737825775021,32.44237765760056,32.78334020017837
NZL,Female,CKD,glp1,439.0429728952481,0.0,24.282455809134035,0.0,0.9540224418055914,2.1388445733579147,3.34096497357973,4.551189912008681,5.763993801925039,6.972975207478839,8.171324862930419,9.352326877246924,10.509696976113219,11.637766198233294,12.73155425827963,13.786776762160116,14.799819238677173,15.767698502460348,16.68802185310153,17.55894784263637,18.379148433978344,19.147770599072487,19.864395048054348,20.528990258432486,21.141860864368482,21.70359048494015,22.214980033811344,22.676983350046953,23.09064255949363,23.45702589153018,23.777170735670325,24.052034544720527,24.282455809134035
NZL,Female,CKD,diet,25.841008113284033,0.0,1.68436070677717,0.0,0.010310237843782488,0.026456439789512842,0.05087075048652423,0.08601011782025125,0.13358454815647747,0.19383625650300473,0.2653779368963569,0.3456997743927559,0.4319386105208878,0.5214621731645366,0.6121282912338302,0.7023090865149015,0.7908101881077982,0.8767683822089793,0.9595630641790649,1.0387498901441177,1.1140142222261602,1.1851392344756277,1.2519839043255843,1.3144672836638165,1.3725565891502356,1.4262575482475768,1.475606077656039,1.5206608050959858,1.5614962280266127,1.5981964773866366,1.6308497523582446,1.6595435359315616,1.68436070677717
NZL,Female,CKD,combo,464.00986332652747,0.0,25.920766447600613,0.0,0.9638577920800344,2.1639546755005767,3.3892218818913307,4.632833935289227,5.890932957534574,7.157396528999584,8.424141060675083,9.68209546543244,10.922267021021867,12.136482332393484,13.317711362824639,14.460101827585845,15.558879594533778,16.610214880531885,17.611098645839775,18.559241173938403,19.45299056204192,20.291264404897333,21.07348788545289,21.799533044989403,22.469655969312612,23.084430491456487,23.644678580765458,24.151398798149216,24.605695036680913,25.008708249388178,25.36155402026509,25.665268699454828,25.920766447600613
ROU,Male,CKD,glp1,1053.3762710902206,0.0,49.018686962482434,0.0,3.3175804773597974,7.289391693072957,11.129804939314454,14.799257915298313,18.28232856968998,21.568163831062748,24.649057318525593,27.520283151566446,30.180274021065543,32.63071321113239,34.87633950707914,36.924444109640945,38.78414590104762,40.465572086836346,41.97906572189095,43.334511375307784,44.54083197780619,45.60567443578611,46.53527427246672,47.334471922760486,48.006844588616104,48.55491584518472,48.9804082518001,49.28451001595886,49.46813364309742,49.532151316175714,49.477597766385315,49.30583626180942,49.018686962482434
ROU,Male,CKD,diet,359.23454754621434,0.0,20.087620276359758,0.0,0.20995178080420374,0.5289008614827253,0.9980321525913496,1.6551467719230004,2.5198719924680972,3.5815372603979085,4.799231364295565,6.114610210874844,7.4682269505597105,8.810619185814858,10.106156682328674,11.33209596956317,12.47573030386252,13.531366465040264,14.497817609448248,15.376547594663862,16.170389498237455,16.88271018681371,17.516901143321093,18.076099135537106,18.563063391190553,18.980154897589728,19.329378181252196,19.61245722724425,19.83092583898383,19.986219301460324,20.079759120377275,20.113026191728068,20.087620276359758
ROU,Male,CKD,combo,1400.192486519157,0.0,68.48929331345494,0.0,3.5193214129253647,7.795313527943563,12.083844759322574,16.38194994878836,20.693464292291765,24.997810348604162,29.24849121686293,33.38508392816698,37.3490378462036,41.09443766989534,44.59157099744971,47.825588136310216,50.793094649149225,53.49846289451557,55.95064937483494,58.16074410449119,60.1402351607735,61.89988622693386,63.449104663371145,64.79568167920934,65.94579902859914,66.90421270125375,67.67454098099915,68.25960068735117,68.66175047133606,68.8832130857636,68.92635926303046,68.7939441493254,68.48929331345494
ROU,Female,CKD,glp1,1075.9104939675728,0.0,51.14195351990065,0.0,3.295640109419537,7.257581596041291,11.105140293313298,14.794580006858496,18.30904542604435,21.637868717991523,24.77360519849117,27.710892963834795,30.446316156225294,32.9786873594669,35.309330429278816,37.44214454132157,39.3833906154091,41.141241965224935,42.72518804512174,44.14538875608173,45.4120626365534,46.5349679613812,47.5230098528275,48.38398392371482,49.12444994878456,49.749718002761256,50.263923763028515,50.670168111116936,50.97069752461766,51.167104880029456,51.260534252254274,51.25187741047807,51.14195351990065
ROU,Female,CKD,diet,364.3527268206615,0.0,20.848888278573213,0.0,0.20856329321463818,0.5262783005202891,0.9936313502041685,1.6475766834980732,2.507322311104872,3.56274339985589,4.774521186421225,6.08642384971904,7.440855797943186,8.789394141416778,10.096511405994988,11.338834186871281,12.502637341516447,13.581157744518805,14.572340525901382,15.477131118489524,16.298244532383933,17.039305990367666,17.704268684159842,18.297035609265095,18.82123089443462,19.280079694409096,19.676365465176104,20.012440568179272,20.290271607140312,20.51150526245692,20.67754395909651,20.7896236378283,20.848888278573213
ROU,Female,CKD,combo,1427.52642249837,0.0,71.33858382941594,0.0,3.496046858704858,7.760974871292547,12.054875684482795,16.3697694195414,20.707623927046825,25.048546383266967,29.34782768175978,33.54646357543811,37.585884321902086,41.41836628047008,45.0109426276249,48.3448149560254,51.412781664016165,54.21624226280437,56.76245709541877,59.06227207036227,61.12832882375915,62.97371994660057,64.61103357929892,66.05172900515004,67.3057852350189,68.38156635699966,69.28585082753284,70.02397698451591,70.60006352451546,71.01727090352188,71.27807694792932,71.38454685395413,71.33858382941594
BGR,Male,CKD,glp1,581.3932370711835,0.0,25.358485497701963,0.0,2.00115126428841,4.399296803156176,6.709304273117596,8.900692268250168,10.959367456050359,12.874830347886473,14.639873086513262,16.251018288861133,17.708610807556397,19.01642423021599,20.180943075517007,21.2105209322051,22.114564125262177,22.902827596492898,23.584860399436366,24.1696062157871,24.665146173955463,25.078562538299366,25.415898956651972,25.682193446668066,25.881562602710346,26.017318649399044,26.092104367252773,26.108034214843315,26.06683296311428,25.96996573205945,25.818755437224013,25.614485320706876,25.358485497701963
BGR,Male,CKD,diet,194.28305148240827,0.0,10.291333206580362,0.0,0.12518389035722066,0.3156270631429834,0.5952703090461,0.985453801619542,1.4959345095248864,2.117699960878099,2.8235326072797307,3.576406437418882,4.339754494604449,5.084162439007741,5.78940581580423,6.44351307973443,7.040737452359281,7.579531500052099,8.060932090898177,8.487407621777265,8.862090296134284,9.188293027213263,9.46922441139668,9.70783660776101,9.906759881536686,10.068291900553959,10.194420074969116,10.286862313435563,10.34711644933384,10.376511952220653,10.376259856383626,10.34749843138411,10.291333206580362
BGR,Male,CKD,combo,768.838703570705,0.0,35.3265999995117,0.0,2.121404878685098,4.701101610327669,7.278113689407746,9.842626247830822,12.390161125766326,14.901881760517426,17.344743108524426,19.679904226763938,21.872642904306986,23.89840912146633,25.744109841632962,27.406413179203355,28.889017493561596,30.200021414837465,31.34982696176712,32.34963479587975,33.21044771634001,33.94246652267475,34.554772041581714,35.05520762444951,35.45039655830681,35.745845532900944,35.946098378589795,36.05491431983114,36.0754526300708,36.01045136070468,35.862392156152396,35.633646369111716,35.3265999995117
BGR,Female,CKD,glp1,478.08614279878054,0.0,21.044264877031083,0.0,1.6054657421507272,3.5287242878625875,5.386241779543411,7.159335744490932,8.839787512952967,10.419086066517934,11.888853112518632,13.24226814282315,14.47515129696285,15.586390826056231,16.577814165822133,17.453713576512428,18.220218438515985,18.884649418619233,19.45493451280049,19.93912556136945,20.34502675894271,20.679930799606154,20.95045008122179,21.162427013954925,21.320906958379965,21.4301583741983,21.493726595945986,21.514509788089413,21.494847786847686,21.43661654926484,21.34132271586941,21.210194313909142,21.044264877031083
BGR,Female,CKD,diet,158.42730365858836,0.0,8.47795707842829,0.0,0.10043141216965523,0.2531141685503826,0.4773902021837557,0.7908756407226747,1.2021915239747614,1.704961139902025,2.27791267269572,2.8913621207450433,3.515438978620523,4.125645553025947,4.704743054309802,5.242207147245722,5.732726743106468,6.174631315056672,6.568595843492858,6.9166858486801175,7.2216957742623435,7.486710098398817,7.714823863781703,7.90897395718423,8.071846013713184,8.205832245331976,8.313022962101286,8.395219762426109,8.45396198275239,8.490560523292515,8.50613495337268,8.501651079060707,8.47795707842829
BGR,Female,CKD,combo,630.4704693179557,0.0,29.22331256497523,0.0,1.7019417366091147,3.7706982564295686,5.842186260252788,7.914709962402981,9.988456570241624,12.048999360029825,14.067768262308618,16.00963027312082,17.84182708403023,19.539736864775705,21.08857846022522,22.4824430503204,23.72224925928765,24.813603717447677,25.764983073157055,26.58633795284379,27.288087328438905,27.88043247342671,28.37291805402117,28.774178247294003,29.09181803621243,29.3323907475052,29.50144180950997,29.603595783145693,29.642669306755238,29.62179701173875,29.543560954942677,29.410116856506647,29.22331256497523
ISR,Male,CKD,glp1,1441.265732400985,0.0,86.43422069631424,0.0,2.6229254118034078,6.0131028543048615,9.592274302379792,13.313463092637448,17.136800533388396,21.019929041829982,24.92075570211955,28.800042833042653,32.62340269571155,36.36260090453084,39.99617202545028,43.50942368690676,46.893950699174184,50.14679947473951,53.26942095171853,56.26653411965981,59.14499856574366,61.9127683309689,64.57797439909518,67.14816154284472,69.62968809125778,72.02728468635178,74.34375992621608,76.57983626832629,78.73409785997364,80.80303222231214,82.78114916588765,84.6611623162953,86.43422069631424
ISR,Male,CKD,diet,125.89718824300644,0.0,8.848359873918525,0.0,0.04135777635337945,0.10840997215882453,0.21236601297232482,0.36487591925697416,0.5746819840874196,0.8442665055792986,1.168771723230293,1.5378800154328474,1.939067113978581,2.3602903727246485,2.791383038293361,3.2244220040549862,3.653566335992764,4.074712139853091,4.485128458524741,4.883131933025197,5.26781190457541,5.638802666662286,5.996096713650331,6.339893458647111,6.670478939809527,6.988132744226732,7.293058760474196,7.585336590419047,7.864890639013993,8.131474120804796,8.384665484176821,8.623875041108931,8.848359873918525
ISR,Male,CKD,combo,1563.0576759338155,0.0,95.04068946155803,0.0,2.662439238790512,6.116178526434396,9.79409786041424,13.660463635659426,17.683930113536235,21.824734939898008,26.03637386839455,30.269935949588216,34.47917632920644,38.62438536285458,42.67435059683089,46.60673163425872,50.40743786098642,54.069477313860716,57.591572171746066,60.976718691531914,64.23080178761893,67.36133394314629,70.37636035491641,73.2835511472017,76.08948527345547,78.79911885629781,81.41542285992091,83.93917062699802,86.36885424021466,88.70070909881952,90.92882776957458,93.04534642010185,95.04068946155803
ISR,Female,CKD,glp1,1337.4668904336281,0.0,80.10102718814551,0.0,2.2245916982174094,5.123941000354762,8.234796555106868,11.530543872203907,14.983549057330038,18.557791853302888,22.211902777244177,25.902495296970756,29.587287943063075,33.227695647728524,36.790695288221286,40.24991086318437,43.58597470345694,46.78628991778942,49.844349653550125,52.758770456510774,55.53218044288542,58.17007692164452,60.679738999908295,63.06925284521776,65.34668313861175,67.51940495753252,69.59359607142324,71.57388001840445,73.46310463196323,75.26223803894209,76.97036368779982,78.58475690691421,80.10102718814551
ISR,Female,CKD,diet,115.50564847456917,0.0,8.136766563173296,0.0,0.03507692804328144,0.09226753786356312,0.18155005153880666,0.3134875814610041,0.4964283760461967,0.7335869809539872,1.0219249790727645,1.3534902679243714,1.7179860823719082,2.104992713993852,2.505211376292209,2.9109057554567244,3.3159140777490848,3.715493418942742,4.106120714252029,4.485294857124245,4.851351261639138,5.203290599188222,5.540622164792239,5.863222915129427,6.171213529058605,6.464852553890978,6.744449040226755,7.010293313256625,7.262604869047209,7.5014959100426495,7.726948759906463,7.938805296130795,8.136766563173296
ISR,Female,CKD,combo,1449.799821791803,0.0,88.06750080992879,0.0,2.2581047104763456,5.21169441109123,8.40743522414732,11.828938343963273,15.456742881364562,19.258149393675012,23.1891380212694,27.198927728695026,31.23552266745287,35.250422590665266,39.20168954902556,43.055473013306255,46.78640006337332,50.377203886342386,53.81786480079086,57.10446371823173,60.23789990614114,63.22258960124145,66.0652317238314,68.77369966326796,71.35609427176405,73.81997363018672,76.17176024156015,78.41631593797092,80.55666841519405,82.5938701643654,84.5269698036268,86.35307661885372,88.06750080992879
NGA,Male,CKD,glp1,9092.853334175306,0.0,523.4820285842798,0.0,19.870256113859796,44.17843523992269,68.3026119051101,92.08261003254302,115.52384364551472,138.6464046956935,161.47295706786463,184.02437592718343,206.31590800790582,228.35368749903864,250.13214732098277,271.632550823575,292.8225348082051,313.65639093374557,334.0757922587982,354.0107323716584,373.38053611545183,392.09489177362775,410.05492750781923,427.1544020252404,443.28109913532535,458.31851028845267,472.14786332919175,484.65051614231925,495.7106878780687,505.2184550145612,513.0729006109541,519.1852771184131,523.4820285842798
NGA,Male,CKD,combo,9092.853334175306,0.0,523.4820285842798,0.0,19.870256113859796,44.17843523992269,68.3026119051101,92.08261003254302,115.52384364551472,138.6464046956935,161.47295706786463,184.02437592718343,206.31590800790582,228.35368749903864,250.13214732098277,271.632550823575,292.8225348082051,313.65639093374557,334.0757922587982,354.0107323716584,373.38053611545183,392.09489177362775,410.05492750781923,427.1544020252404,443.28109913532535,458.31851028845267,472.14786332919175,484.65051614231925,495.7106878780687,505.2184550145612,513.0729006109541,519.1852771184131,523.4820285842798
NGA,Female,CKD,glp1,5617.124041004447,0.0,316.4113082498043,0.0,11.866250410317662,26.931958014625707,42.163686755473464,57.45875060864273,72.7282881468418,87.88087381096011,102.83683812763957,117.53118731488576,131.9126494791708,145.94176639759462,159.58886448898556,172.83206037313357,185.65528227633695,198.04627534641622,209.99458819624488,221.4895731851284,232.51846426180418,243.06462051131894,253.1060384765915,262.61423949434175,271.5536281980785,279.8813952062701,287.54800301816067,294.4982531425412,300.6728893189065,306.01065132325675,310.4506606254836,313.93499624549077,316.4113082498043
NGA,Female,CKD,combo,5617.124041004447,0.0,316.4113082498043,0.0,11.866250410317662,26.931958014625707,42.163686755473464,57.45875060864273,72.7282881468418,87.88087381096011,102.83683812763957,117.53118731488576,131.9126494791708,145.94176639759462,159.58886448898556,172.83206037313357,185.65528227633695,198.04627534641622,209.99458819624488,221.4895731851284,232.51846426180418,243.06462051131894,253.1060384765915,262.61423949434175,271.5536281980785,279.8813952062701,287.54800301816067,294.4982531425412,300.6728893189065,306.01065132325675,310.4506606254836,313.93499624549077,316.4113082498043
EGY,Male,CKD,glp1,18776.36769740367,0.0,1121.336925491003,0.0,37.293110314407386,83.84394245047588,131.09029255034693,178.72473719505433,226.60882084992772,274.57352931652713,322.4305129759741,369.9918823247135,417.087097561518,463.57349963685556,509.34009496102226,554.3057249547928,598.4132497299288,641.6213416497703,683.895242954597,725.1975561771396,765.4798706972724,804.6757990102415,842.6958000486775,879.4239988201407,914.7170677389586,948.405113335506,980.2944116934195,1010.1717565752479,1037.8101252600609,1062.975327895765,1085.4332856294495,1104.9575796048775,1121.336925491003
EGY,Male,CKD,diet,1066.106231507536,0.0,73.23219175302074,0.0,0.3741801137839502,0.9659014091448626,1.873339346384455,3.1989528595731826,5.018562918132375,7.350190256896894,10.144520841997291,13.303961866949976,16.71473868760586,20.27262089364376,23.894989281121525,27.522270332665357,31.114202445223782,34.64474211675042,38.09739045709648,41.461487341810425,44.729478796252806,47.89499289598825,50.95154303437812,53.891708698392904,56.706680793668056,59.38608808815843,61.918041771332355,64.2893482361178,66.48584833100176,68.4928464756158,70.2955966065274,71.87981485830096,73.23219175302074
EGY,Male,CKD,combo,19790.732935187694,0.0,1191.3334625654024,0.0,37.64730684310052,84.75242762469497,132.85049169537524,181.73144727919134,231.32937903075435,281.4936191279703,331.9906574561428,382.54156898100337,432.86900342661465,482.732006092785,531.9413194909721,580.359058349055,627.8894936013094,674.466122788559,720.0380664821096,764.5573853689202,807.9681349156817,850.1975818460523,891.1497930518126,930.701667708523,968.7013734624306,1004.9690531744563,1039.299587269823,1071.4671294316831,1101.2310818788246,1128.3431418849395,1152.555033834018,1173.626540525489,1191.3334625654024
EGY,Female,CKD,glp1,20926.57907405135,0.0,1267.7237862899492,0.0,43.63705893739825,96.33488018987919,148.59337865393536,200.52499579279902,252.29359823849882,303.9364704831096,355.41205699390775,406.6425772812836,457.5432868959215,508.03892511923186,558.0699365487453,607.5914276592011,656.567485577405,704.9629595397782,752.7343080888131,799.8207080912834,846.1362990525377,891.5641749196802,935.9525158504148,979.1130624937905,1020.8219699932342,1060.822936877892,1098.8323856615607,1134.54637811891,1167.6488793962708,1197.8209413382647,1224.7503560074256,1248.1413339602295,1267.7237862899492
EGY,Female,CKD,diet,1188.683382741463,0.0,82.81200840263045,0.0,0.43783206980879186,1.1090903318072378,2.119379954707256,3.5775976575787354,5.5634701090275485,8.095584783641243,11.122601875675173,14.544030192544597,18.243724067760922,22.116057479528536,26.07773180296499,30.068721427171113,34.048110489431565,37.98871141440031,41.872230149267125,45.68548836861737,49.417678557758336,53.05846935293448,56.59677052336701,60.02000266958203,63.31375515149557,66.46174521634384,69.44601093776873,72.24728274461086,74.84548567994352,77.22032923588267,79.35194515676994,81.22153693844302,82.81200840263045
EGY,Female,CKD,combo,22059.3931771826,0.0,1347.038874244594,0.0,44.051508005006326,97.37828530182014,150.5855528063148,203.8893695736624,257.53001732735356,311.56384167158467,365.9023363964734,420.37399540513434,474.78501037083697,528.9604596113895,582.7618256829919,636.0870091662655,688.8608469980645,741.0218989811219,792.5087790092875,843.2477194629537,893.1422284445725,942.0652860697883,989.8542967703397,1036.308856992684,1081.1912677820146,1124.2296069536606,1165.123075355863,1203.5492490463002,1239.1728070603058,1271.6552648497382,1300.6652271673302,1325.888680675147,1347.038874244594
BGD,Male,CKD,glp1,3115.0531091742178,0.0,170.7754319359192,0.0,7.18458971065229,16.041786890582443,24.898403710260027,33.672927512279784,42.33339172215892,50.85567201707454,59.21881298357948,67.4024674289667,75.38587968832326,83.14802791473812,90.66838110408753,97.92778818541592,104.9091784902339,111.59792264852877,117.98183495374178,124.05088022445125,129.79668571204456,135.21196400672125,140.28993900772548,145.02384425739365,149.40653847440262,153.43026116609326,157.0865336769093,160.36619833177247,163.25957997890873,165.7567493561728,167.8478653648781,169.52357272020163,170.7754319359192
BGD,Male,CKD,diet,1341.9363746990512,0.0,86.02619670458807,0.0,0.5540166679784306,1.4194343069229944,2.7271042212487373,4.608583644077953,7.154020758551269,10.37241833191365,14.182795373955742,18.442805775825036,22.992208686833692,27.685905435602763,32.40845903554691,37.075125647164896,41.626794946245354,46.02362358849496,50.239419363257184,54.25729822217545,58.06651928636347,61.66024264939915,65.0339666146283,68.18445661036094,71.10903159941518,73.80511406365986,76.2699771468724,78.50064062750243,80.4938792273606,82.24631463224796,83.75456799524545,85.01545353561232,86.02619670458807
BGD,Male,CKD,combo,4438.179735967475,0.0,255.73475722333023,0.0,7.729769790868886,17.43602334251773,27.576330859270456,38.1988877830554,49.360848440142945,61.04755667324753,73.15903924788472,85.53543760301,97.99866121288687,110.3850245193189,122.56033594509972,134.4218637743761,145.89411324709,156.92296437202822,167.47017672957736,177.5088407997755,187.0197856008781,195.98879956553355,204.4045188470991,212.2568688582105,219.53597285148862,226.23145882695098,232.33210542784218,237.82577244369168,242.69956470209218,246.94018088400117,250.53440167146255,253.46967472474353,255.73475722333023
BGD,Female,CKD,glp1,1759.5655960058584,0.0,101.11270491534378,0.0,3.857933971638886,8.582755570569134,13.28847836476507,17.95025417956367,22.566946531803296,27.137671954506914,31.65942568610899,36.12656780550151,40.53130065541518,44.864533641277376,49.116707357801715,53.278367110415275,57.34044053075377,61.294266033557506,65.13145376196007,68.84366089544346,72.42234720303532,75.8585564377081,79.14275087835449,82.26471246166511,85.21351468550529,87.97756391935582,90.54470571823185,92.90239009573088,95.03788864704256,96.93855543112295,98.59212242204921,99.98701913963123,101.11270491534378
BGD,Female,CKD,diet,763.4846761693761,0.0,50.897868798483614,0.0,0.29749224525312457,0.7596061092008313,1.4567288224361619,2.4607461710165808,3.822812960825104,5.551887175507545,7.60924895104381,9.92297655420316,12.410744233735386,14.997460264272377,17.6231852185756,20.243812080239877,22.828396562692433,25.355722099859122,27.811249914033397,30.184770765758003,32.468723907461026,34.657046572374384,36.7444147305996,38.725762908194156,40.59600073309048,42.34986841218597,43.98189137727968,45.486406800517216,46.85764289254803,48.08983704187631,49.177381878898814,50.11498998721436,50.897868798483614
BGD,Female,CKD,combo,2512.3973200977553,0.0,151.38144108643792,0.0,4.150681203815111,9.328914987429926,14.719069857225804,20.36716954448366,26.32262619567973,32.59367914496124,39.13955896858715,45.88413339209637,52.738765036417135,59.62052573042456,66.46083634351635,73.20674282782056,79.81859660130976,86.26672485710696,92.52830453884235,98.58483494039137,104.42024257117555,110.01953080946623,115.36786568086427,120.45000157666618,125.24997063643423,129.7509779627344,133.93545943140816,137.78526940796291,141.28197264404116,144.40721866995227,147.143178844477,149.4730266060269,151.38144108643792
USA,Male,CKD,glp1,61024.54059305419,0.0,3058.302843927828,0.0,149.99769497610396,337.10274616329116,526.9603299359296,717.1675039243564,905.9888378089672,1091.6999098044907,1272.6643969888537,1447.4055205193872,1614.6527265768382,1773.3657694880094,1922.7414064553159,2062.207869931037,2191.4111390616017,2310.1957857838133,2418.582228224812,2516.7416481345426,2604.969538130128,2683.6587235589977,2753.2726565101184,2814.3197433364694,2867.329410324237,2912.8305251176644,2951.332677208644,2983.3106879512197,3009.192579161012,3029.3510883324925,3044.098684893601,3053.6859208244277,3058.302843927828
USA,Male,CKD,diet,4312.51954664012,0.0,257.35070306039415,0.0,1.9488868224143516,5.015639931822079,9.664506659319159,16.354093229747377,25.385049108837848,36.75915233847627,50.15132726552838,65.01544963962806,80.74181210971437,96.77663048781687,112.67563036928186,128.1097685896093,142.84913996430987,156.74182109734102,169.69483721678262,181.65908002614742,192.61786432523513,202.57826948164438,211.564472321028,219.61248937359778,226.76594561047386,233.07263276742015,238.5817149196664,243.34149489928677,247.3976851342013,250.79214027863054,253.5620133383636,255.73929627340112,257.35070306039415
USA,Male,CKD,combo,65197.907346037624,0.0,3309.1685068951047,0.0,151.85641445819056,341.86237161284953,536.1279358554748,732.693313637792,930.1180895944854,1126.6898961883708,1320.4724184333172,1509.4753261105943,1691.8499325542507,1866.0274110447644,2030.7774942394026,2185.2094332108245,2328.74378432722,2461.073712277386,2582.1245281335723,2692.014513395552,2791.017739692412,2879.5289434392616,2958.030515520033,3027.0618255228765,3087.1912299135874,3138.991163822837,3183.016690871693,3219.787805142463,3249.7756659000734,3273.3928171122534,3290.9873136407696,3302.840553490212,3309.1685068951047
USA,Female,CKD,glp1,55549.564004417305,0.0,2835.772148682052,0.0,131.68931979766057,294.8952407968318,460.3401690399769,626.627476948328,792.740421958064,957.4874966078642,1119.5869076439121,1277.7528082997596,1430.7658680589957,1577.5263722171803,1717.0907257528888,1848.6933506709029,1971.7562566776178,2085.888490550904,2190.877489290913,2286.674182398725,2373.373531281104,2451.1920476141822,2520.443681675577,2581.515307051319,2634.8428490880033,2680.88891631554,2720.1226047820237,2753.001962719485,2779.959433444121,2801.3904419138125,2817.645156860919,2829.023346278642,2835.772148682052
USA,Female,CKD,diet,3897.5217987642827,0.0,236.54542782559292,0.0,1.7110101595171727,4.385186115818215,8.42713267650106,14.240058321505785,22.09695114637725,32.01967150454584,43.75194319833827,56.84505635012465,70.78836667441647,85.10962407301122,99.42128562284051,113.42735237412853,126.91205160028767,139.72407163157186,151.76220761801233,162.96390437213995,173.29645741086279,182.75021198412287,191.3331608497101,199.06651667850383,205.98099409244605,212.1136489056953,217.5051918142999,222.19773230412102,226.23292692894756,229.6505125205731,232.48720475927985,234.77593925099063,236.54542782559292
USA,Female,CKD,combo,59334.96389932475,0.0,3067.462222011629,0.0,133.3211682359106,299.0574902585795,468.33734852660564,640.1545547487622,813.7610218750924,987.9962558968546,1161.3437945861515,1332.0969438582542,1498.5527279791713,1659.1608251862926,1812.605044907934,1957.832662490473,2094.053971966656,2220.7272845147527,2337.537013685942,2444.368151058021,2541.2786243831943,2628.4704716140404,2706.260664226851,2775.052411669152,2835.307749530388,2887.522132346043,2932.201628615425,2969.843169413216,3000.91814951392,3025.859533012248,3045.0524811462674,3058.8284020669234,3067.462222011629
JPN,Male,CKD,glp1,5425.9542020605695,0.0,251.9994705818499,0.0,17.420380533629213,38.967936676308454,60.175690306052275,80.53771566154319,99.75297584277723,117.6110468787665,133.97991732276205,148.80027611508194,162.07903485712814,173.8794605848634,184.30793869409536,193.49890085454535,201.5998703619698,208.7582787651445,215.111099591908,220.7777130907125,225.85590913197666,230.4206021150094,234.52466195659508,238.20122326708588,241.46687918892712,244.32526009687354,246.77061182074976,248.7911033894634,250.37169821714633,251.49650872056372,252.1506203173376,252.32141711970326,251.9994705818499
JPN,Male,CKD,diet,2399.530734405598,0.0,135.29899662678508,0.0,1.4308963972835045,3.669799076302297,7.004368499423435,11.687634239984618,17.82682095851851,25.29861814799733,33.76061890316487,42.75804779061946,51.8513481169357,60.69760467123706,69.0731843688045,76.8591203040778,84.01304931634877,90.54158129893403,96.47836299092887,101.86858619384657,106.75898946934467,111.19202948303428,115.2030119317169,118.81920985528632,122.06023170769913,124.93909909814465,127.46365198184503,129.63802251297966,131.46401366755163,132.9422900788959,134.07334039218404,134.8582063257236,135.29899662678508
JPN,Male,CKD,combo,7820.231513523791,0.0,387.75274867460394,0.0,18.822897165337054,42.56149446474956,67.04167337631225,92.01149628919302,117.28153078882679,142.5259307365959,167.279601522132,191.03637577576228,213.36826061457032,233.99675434310848,252.80310167037533,269.7997568877654,285.0883385325651,298.81946155698097,311.160783895175,322.2745128809547,332.30340752370466,341.3635882538765,349.542390671686,356.8996802447582,363.4713124245245,369.2737059312858,374.30876397348766,378.56861362810014,382.03983058139784,384.70697302629924,386.5553662297061,387.5731618599566,387.75274867460394
JPN,Female,CKD,glp1,4366.551079707286,0.0,203.89849488495747,0.0,14.529173444512708,32.06345979926118,48.95252934733435,64.99705014637948,80.11421690442148,94.23288861830588,107.29020081008639,119.23889310875165,130.0560630551081,139.7489219332856,148.3558597236988,155.94305064429136,162.5978754517455,168.42075340288284,173.51682559610344,177.9885551155894,181.92988125063857,185.42218523555857,188.5320372451024,191.31050643728668,193.7937158706518,196.00429236872878,197.95337697066134,199.64290600037202,201.06793130709775,202.2188101626598,203.08315349640543,203.6474713754069,203.89849488495747
JPN,Female,CKD,diet,1928.0059490232597,0.0,109.12606850697557,0.0,1.1934149140470254,3.0235373246468953,5.721753147590789,9.495112821823568,14.436651625357626,20.45556932285035,27.283259886909946,34.55607092320497,41.9165903232788,49.080003886705526,55.85472087697417,62.13352731212581,67.87352180466405,73.07549510779063,77.7668717494962,81.98896362322557,85.78803873687139,89.20942579648909,92.29392484545679,95.07591926051828,97.58270469334457,99.83465050665109,101.84589136212526,103.62531554574161,105.17767541663852,106.50469545409942,107.6060952756925,108.48047897196375,109.12606850697557
JPN,Female,CKD,combo,6297.784924550218,0.0,313.8664315555361,0.0,15.698918695572502,35.02586885794517,54.567231033077405,74.332027929373,94.3344653366803,114.41910547161751,134.26174646605796,153.45731248209995,171.62856344599277,188.4981389726745,203.9109746578033,217.8229798378161,230.27516572994136,241.3653817452323,251.22324319417748,259.99012205438703,267.8043954515924,274.7914727715506,281.0578727927714,286.6885500877215,291.74668302315695,296.2751983120543,300.2994005001092,303.8301849671843,306.8674281657586,309.40325944403594,311.42501812745104,312.9177834408474,313.8664315555361
GBR,Male,CKD,glp1,4285.6888792631735,0.0,225.7058026795712,0.0,9.621239512737702,21.952586733330463,34.747127615448335,47.743888257128674,60.743474189858716,73.56682592600464,86.0624140761729,98.11200097864821,109.63194922710773,120.57038146614377,130.9016321710351,140.61959431090872,149.7312405829216,158.25112464440735,166.19722668461418,173.58817643549264,180.44167878351618,186.77386524995563,192.59927079248973,197.93116168318375,202.78199341227082,207.1638405173835,211.08870154520628,214.56863531427553,217.6157260654827,220.2419041833964,222.458666711761,224.27674951272002,225.7058026795712
GBR,Male,CKD,diet,195.8786600121275,0.0,12.314563454566269,0.0,0.08124853904973861,0.21183618426039175,0.41110312118235015,0.6980109535907104,1.0848636493465165,1.571660217515273,2.1451566963087316,2.783318872885502,3.4617401367004277,4.158423474172196,4.8558577291769325,5.541151048551001,6.205286363329833,6.842185435295505,7.447882807644419,8.019891805352017,8.556752318958388,9.057722080267013,9.522571232197151,9.95144655167951,10.344779817483868,10.703222220920907,11.0275928018591,11.3188336269086,11.577967944694137,11.806060026406158,12.004177001894277,12.17335389993059,12.314563454566269
GBR,Male,CKD,combo,4474.864533388028,0.0,237.66054645301665,0.0,9.698933459310865,22.154182973601564,35.13814327528871,48.408166676643305,61.776904955756436,75.06565283332384,88.11056348160946,100.77258432302096,112.94486170103028,124.55448022824021,135.55893250910503,145.93962983127312,155.6947409376462,164.83281850810636,173.36786727216167,181.31596765278027,188.69327225446796,195.51506328791857,201.79553290753938,207.5479806446392,212.78518283272388,217.5197587820312,221.76442548024625,225.5320900272245,228.83577376912126,231.6883935560545,234.1024446293295,236.0896381448165,237.66054645301665
GBR,Female,CKD,glp1,4965.245091856167,0.0,274.5515070505644,0.0,9.751038043803419,22.25497166137302,35.38953774809306,48.998855399468084,62.94626465763304,77.07259653910478,91.20961029145383,105.19588839621247,118.88918479112726,132.17341569851214,144.9606252328049,157.1892386035097,168.82012563091757,179.83179193380784,190.2156469867923,199.97191817945895,209.10646294014077,217.62850285606146,225.54916277213124,232.88062913765134,239.6357261829744,245.8277273006188,251.4702567180102,256.57718136620315,261.1624365937514,265.2397669953625,268.8223925384209,271.92262961020424,274.5515070505644
GBR,Female,CKD,diet,224.44779438000933,0.0,14.822625663047802,0.0,0.08234464948418463,0.21440610961690254,0.41631097456229327,0.7084191413678127,1.1052643766624897,1.6098578175497096,2.212274306508334,2.893364304943134,3.6305466462135882,4.402335470932485,5.1905166564683896,5.980578929349576,6.761314357793708,7.524187255832658,8.26273971687624,8.972114256343048,9.64869542366796,10.28984794644748,10.893725978381553,11.459131651576172,11.985406016739944,12.472339993117203,12.92009680846786,13.329140584310153,13.700168258686972,14.03404397608574,14.331736449508753,14.594260659467182,14.822625663047802
GBR,Female,CKD,combo,5183.470160330256,0.0,289.06539160340253,0.0,9.829780146398662,22.45907763849118,35.78575182165514,49.67367189996003,64.00047525176706,78.61036466089536,93.32609008628242,107.96829036998588,122.37332847699417,136.4046138708136,149.9566823688383,162.9539012757932,175.34618536781272,187.1036109110455,198.21113414360752,208.66406196118805,218.46453017874865,227.61899303784412,236.1365835060824,244.02813842427713,251.30567134938246,257.98209893121384,264.071067960218,269.5867780071403,274.54374070405174,278.95645616864203,282.8390172964573,286.20467291126624,289.06539160340253
DEU,Male,CKD,glp1,11657.652432015402,0.0,573.5883242382733,0.0,31.284693249122938,70.00735687986526,108.60788724205486,146.24840619811948,182.51677982513502,217.2256267534176,250.33157044295876,281.8633084038338,311.86865564676555,340.3823337817703,367.4111922984848,392.93197030545343,416.896897268296,439.24331285922744,459.9045051696121,478.81988490420554,495.9433561089427,511.2493096420585,524.7360777957874,536.4269756126341,546.3692419906329,554.6313027102078,561.2988253403782,566.4700371067993,570.250743679102,572.749430236654,574.072755354362,574.3216709712469,573.5883242382733
DEU,Male,CKD,diet,1314.6949554949351,0.0,77.58166946965139,0.0,0.652095043209556,1.666756567046832,3.1697386811938486,5.278310140805843,8.061183843961771,11.504767678998178,15.511375488131307,19.93097661331558,24.60235306242248,29.3812566752531,34.15090535178024,38.8212544513226,43.324165027301206,47.60842808696907,51.63597373467201,55.37931369015496,58.819863945798716,61.94677658857108,64.75600825774745,67.24945958172248,69.43410327938909,71.32107504080705,72.92473572417293,74.26173178239333,75.35008814688263,76.2083678061972,76.85492776714091,77.3072939679223,77.58166946965139
DEU,Male,CKD,combo,12932.645970411777,0.0,649.2574660325627,0.0,31.909762231418426,71.59823468869945,111.63249175596866,151.28879025571223,190.22302524328916,228.23722759966404,265.196539498098,300.9872499641242,335.50314050436646,368.64038956132936,400.29308584355385,430.3505044763042,458.69823006741353,485.2231077373035,509.820513125087,532.402120451723,552.9026996070825,571.2850172073631,587.5424203498587,601.6990700248898,613.8080581182876,623.9478050789985,632.2172163820287,638.730094960938,643.6092809603688,646.9809338014347,648.9692965263603,649.6921983575485,649.2574660325627
DEU,Female,CKD,glp1,14925.33817076069,0.0,768.3036450191648,0.0,34.60356755324028,78.26605331674727,123.07415157772266,168.0595551327824,212.57069998772567,256.1604697754192,298.55526266810557,339.600393601253,379.20639158798804,417.3080437547578,453.8388001360727,488.7186519440329,521.8520115157226,553.13203991911,582.4484190088951,609.696288223593,634.7847539508184,657.6439568199312,678.2301381523394,696.5284929372428,712.5538505754885,726.3494024789652,737.9838108834483,747.5470970444221,755.1457289363861,760.8973173623926,764.9252930927214,767.3538838042004,768.3036450191648
DEU,Female,CKD,diet,1663.3704297792974,0.0,102.91405363706872,0.0,0.7212733300293621,1.8592688187527528,3.564555663149804,5.978807052830234,9.190894179802854,13.199526180120301,17.9102415606867,23.168620046548313,28.803862690790993,34.65877359232036,40.60120701274718,46.52384365774196,52.339810315046634,57.97824939396378,63.38115295933312,68.50144338261816,73.30188644349982,77.75442698344341,81.83965583872123,85.5462372631664,88.87021722715144,91.81419358796484,94.38636587574729,96.59950238404417,98.46987086025547,100.01618020514798,101.2585768549543,102.21773278164983,102.91405363706872
DEU,Female,CKD,combo,16545.287045046003,0.0,869.2307736027324,0.0,35.29494773019178,80.04099192971262,126.47657100548167,173.7715849165943,221.36279594852022,268.80543051722634,315.7385795117152,361.86177781446895,406.9228391927354,450.70577139449233,493.0164364068405,533.6704868160159,572.4872533577181,609.2899698655747,643.9106124676946,676.1970731505244,706.0206886792184,733.2827221667176,757.9189610564317,779.902055446848,799.2415614798374,815.9818904902822,830.198515378197,841.9928689336957,851.4863993731597,858.8142384701969,864.1188979913495,867.5443499518296,869.2307736027324
GLB,Male,CKD,glp1,298730.4312475205,0.0,17001.642780902563,0.0,639.535144102294,1438.4823267601896,2248.54540512769,3060.80252039223,3870.675403540372,4674.336643325514,5468.400773454807,6249.8013221302535,7015.759666692931,7763.79797165771,8491.759864139953,9197.818420818658,9880.464460843476,10538.476657593157,11170.878961561248,11776.891625022166,12355.88116013701,12907.31294748094,13430.708636196563,13925.609282185906,14391.544448919012,14828.007189176045,15234.434809120488,15610.195448540151,15954.5806718159,16266.80436656857,16546.008242439013,16791.274096875684,17001.642780902563
GLB,Male,CKD,diet,115334.40884086583,0.0,7665.994440482929,0.0,44.25685673917178,114.14478240103927,220.5093149606837,374.3400091321673,583.3525437307544,848.7133171239402,1164.245338110486,1518.6871638033772,1899.1972826550482,2294.048541840166,2693.835855408339,3091.588280112599,3482.379635064164,3862.8269919744926,4230.646982585546,4584.314359236159,4922.815654908074,5245.476669177762,5551.842972392682,5841.597148904344,6114.501180990948,6370.356117118383,6608.973885052372,6830.157990160165,7033.691094341455,7219.3282729687635,7386.795222826069,7535.790936663747,7665.994440482929
GLB,Male,CKD,combo,411707.28904594935,0.0,24531.324509488186,0.0,682.7012799499789,1549.5061619682238,2462.9469106675824,3424.8617859454826,4438.262383098016,5500.548374944483,6602.404238367453,7729.856583812856,8867.647663418902,10001.875593452482,11121.199843684444,12216.967204986257,13282.827644583653,14314.22049742483,15307.90250290162,16261.567826016108,17173.55886337429,18042.651122337906,18867.894232599065,19648.494295565877,20383.726570653263,21072.8708093788,21715.16416151228,22309.768531757174,22855.75064391992,23352.07395095355,23797.601987437345,24191.112871749327,24531.324509488186
GLB,Female,CKD,glp1,290235.0072877385,0.0,16873.429819482146,0.0,608.1868177196011,1364.6879748852225,2130.2295173455495,2897.6850667240797,3663.901832999778,4426.331647357554,5182.667831019266,5930.659804236959,6668.053645803477,7392.616100605228,8102.195932860486,8794.788547761505,9468.58482025878,10121.997208082583,10753.663941938314,11362.435871428112,11947.351581555326,12507.605867372244,13042.515477148932,13551.484793175827,14033.973117586109,14489.46456921706,14917.441252778284,15317.360247949371,15688.634980330942,16030.62158488878,16342.610885521397,16623.826549705584,16873.429819482146
GLB,Female,CKD,diet,111985.53752240737,0.0,7596.063400755869,0.0,42.08750232204329,108.24719525652472,208.6405724179931,353.5639916000655,550.3224461303325,800.2345537671354,1097.9031607907964,1433.260846254765,1794.7370452355826,2171.6859610654647,2555.474674242898,2939.5928588900715,3319.32007352286,3691.2967945988057,4053.147260235157,4403.1908721006475,4740.234346355661,5063.4254064609995,5372.149910822511,5665.958613421419,5944.513941856916,6207.550407946459,6454.844553032424,6686.191888994072,6901.389334946638,7100.222322732443,7282.456156159518,7447.831430491293,7596.063400755869
GLB,Female,CKD,combo,400119.69565862254,0.0,24350.495620170375,0.0,649.2370634119725,1469.9882895115297,2333.139223525068,3241.6582737526624,4199.593130749185,5205.779563598335,6252.745535676484,7328.498487964971,8419.54330509575,9513.275072789169,10599.109134524944,11668.66128960473,12715.479139967123,13734.654785841238,14722.464440010604,15676.075880288496,16593.322134539718,17472.528019181336,18312.375951617374,19111.80035310716,19869.90300216386,20585.884165235213,21258.986203051172,21888.447749070823,22473.46757909446,23013.177993734367,23506.627949102083,23952.77632224234,24350.495620170375
