iso3,yr,cum_averted,gdd_var,factor
AUS,1,0.0,v01,Fruits
BGD,1,0.0,v01,Fruits
BGR,1,0.0,v01,Fruits
BRA,1,0.0,v01,Fruits
CAN,1,0.0,v01,Fruits
CHN,1,0.0,v01,Fruits
DEU,1,0.0,v01,Fruits
EGY,1,0.0,v01,Fruits
GBR,1,0.0,v01,Fruits
GLB,1,0.0,v01,Fruits
IND,1,0.0,v01,Fruits
ISR,1,0.0,v01,Fruits
JPN,1,0.0,v01,Fruits
MEX,1,0.0,v01,Fruits
NGA,1,0.0,v01,Fruits
NZL,1,0.0,v01,Fruits
ROU,1,0.0,v01,Fruits
TUR,1,0.0,v01,Fruits
USA,1,0.0,v01,Fruits
ZAF,1,0.0,v01,Fruits
AUS,2,3.4,v01,Fruits
BGD,2,91.6,v01,Fruits
BGR,2,7.6,v01,Fruits
BRA,2,16.6,v01,Fruits
CAN,2,1.8,v01,Fruits
CHN,2,321.2,v01,Fruits
DEU,2,13.8,v01,Fruits
EGY,2,14.0,v01,Fruits
GBR,2,9.7,v01,Fruits
GLB,2,1439.0,v01,Fruits
IND,2,1510.3,v01,Fruits
ISR,2,0.2,v01,Fruits
JPN,2,34.8,v01,Fruits
MEX,2,8.5,v01,Fruits
NGA,2,25.7,v01,Fruits
NZL,2,0.9,v01,Fruits
ROU,2,9.3,v01,Fruits
TUR,2,2.8,v01,Fruits
USA,2,42.4,v01,Fruits
ZAF,2,36.0,v01,Fruits
AUS,3,11.4,v01,Fruits
BGD,3,303.3,v01,Fruits
BGR,3,24.7,v01,Fruits
BRA,3,57.9,v01,Fruits
CAN,3,6.3,v01,Fruits
CHN,3,1107.8,v01,Fruits
DEU,3,46.9,v01,Fruits
EGY,3,44.0,v01,Fruits
GBR,3,33.1,v01,Fruits
GLB,3,4963.5,v01,Fruits
IND,3,5079.0,v01,Fruits
ISR,3,0.6,v01,Fruits
JPN,3,119.4,v01,Fruits
MEX,3,30.0,v01,Fruits
NGA,3,87.0,v01,Fruits
NZL,3,3.0,v01,Fruits
ROU,3,28.9,v01,Fruits
TUR,3,8.9,v01,Fruits
USA,3,144.6,v01,Fruits
ZAF,3,119.8,v01,Fruits
AUS,4,26.0,v01,Fruits
BGD,4,685.3,v01,Fruits
BGR,4,54.8,v01,Fruits
BRA,4,135.9,v01,Fruits
CAN,4,14.7,v01,Fruits
CHN,4,2573.7,v01,Fruits
DEU,4,107.3,v01,Fruits
EGY,4,96.8,v01,Fruits
GBR,4,76.0,v01,Fruits
GLB,4,11513.8,v01,Fruits
IND,4,11597.7,v01,Fruits
ISR,4,1.4,v01,Fruits
JPN,4,274.1,v01,Fruits
MEX,4,71.1,v01,Fruits
NGA,4,199.5,v01,Fruits
NZL,4,6.7,v01,Fruits
ROU,4,62.2,v01,Fruits
TUR,4,19.6,v01,Fruits
USA,4,332.7,v01,Fruits
ZAF,4,271.3,v01,Fruits
AUS,5,49.9,v01,Fruits
BGD,5,1302.7,v01,Fruits
BGR,5,102.4,v01,Fruits
BRA,5,265.6,v01,Fruits
CAN,5,28.8,v01,Fruits
CHN,5,4999.4,v01,Fruits
DEU,5,204.5,v01,Fruits
EGY,5,180.9,v01,Fruits
GBR,5,145.6,v01,Fruits
GLB,5,22300.4,v01,Fruits
IND,5,22206.1,v01,Fruits
ISR,5,2.8,v01,Fruits
JPN,5,524.0,v01,Fruits
MEX,5,140.1,v01,Fruits
NGA,5,384.3,v01,Fruits
NZL,5,12.8,v01,Fruits
ROU,5,113.7,v01,Fruits
TUR,5,36.8,v01,Fruits
USA,5,640.8,v01,Fruits
ZAF,5,517.4,v01,Fruits
AUS,6,86.0,v01,Fruits
BGD,6,2227.4,v01,Fruits
BGR,6,172.0,v01,Fruits
BRA,6,464.3,v01,Fruits
CAN,6,50.4,v01,Fruits
CHN,6,8706.5,v01,Fruits
DEU,6,348.0,v01,Fruits
EGY,6,305.7,v01,Fruits
GBR,6,249.5,v01,Fruits
GLB,6,38681.8,v01,Fruits
IND,6,38146.8,v01,Fruits
ISR,6,4.9,v01,Fruits
JPN,6,895.2,v01,Fruits
MEX,6,246.9,v01,Fruits
NGA,6,665.8,v01,Fruits
NZL,6,22.0,v01,Fruits
ROU,6,187.7,v01,Fruits
TUR,6,62.2,v01,Fruits
USA,6,1107.3,v01,Fruits
ZAF,6,887.9,v01,Fruits
AUS,7,137.2,v01,Fruits
BGD,7,3525.2,v01,Fruits
BGR,7,267.1,v01,Fruits
BRA,7,748.9,v01,Fruits
CAN,7,81.3,v01,Fruits
CHN,7,14010.1,v01,Fruits
DEU,7,546.0,v01,Fruits
EGY,7,479.6,v01,Fruits
GBR,7,394.9,v01,Fruits
GLB,7,61956.9,v01,Fruits
IND,7,60543.0,v01,Fruits
ISR,7,7.8,v01,Fruits
JPN,7,1410.1,v01,Fruits
MEX,7,401.1,v01,Fruits
NGA,7,1067.7,v01,Fruits
NZL,7,34.8,v01,Fruits
ROU,7,287.2,v01,Fruits
TUR,7,97.6,v01,Fruits
USA,7,1768.8,v01,Fruits
ZAF,7,1410.8,v01,Fruits
AUS,8,205.7,v01,Fruits
BGD,8,5243.8,v01,Fruits
BGR,8,389.6,v01,Fruits
BRA,8,1133.6,v01,Fruits
CAN,8,123.3,v01,Fruits
CHN,8,21167.5,v01,Fruits
DEU,8,803.6,v01,Fruits
EGY,8,708.5,v01,Fruits
GBR,8,586.5,v01,Fruits
GLB,8,93158.1,v01,Fruits
IND,8,90199.7,v01,Fruits
ISR,8,11.8,v01,Fruits
JPN,8,2083.6,v01,Fruits
MEX,8,610.7,v01,Fruits
NGA,8,1610.1,v01,Fruits
NZL,8,51.8,v01,Fruits
ROU,8,413.6,v01,Fruits
TUR,8,144.3,v01,Fruits
USA,8,2654.4,v01,Fruits
ZAF,8,2107.3,v01,Fruits
AUS,9,292.5,v01,Fruits
BGD,9,7407.3,v01,Fruits
BGR,9,538.8,v01,Fruits
BRA,9,1627.8,v01,Fruits
CAN,9,177.2,v01,Fruits
CHN,9,30347.2,v01,Fruits
DEU,9,1122.4,v01,Fruits
EGY,9,995.2,v01,Fruits
GBR,9,826.9,v01,Fruits
GLB,9,132934.8,v01,Fruits
IND,9,127517.6,v01,Fruits
ISR,9,16.9,v01,Fruits
JPN,9,2920.5,v01,Fruits
MEX,9,881.1,v01,Fruits
NGA,9,2306.8,v01,Fruits
NZL,9,73.1,v01,Fruits
ROU,9,566.4,v01,Fruits
TUR,9,202.7,v01,Fruits
USA,9,3782.2,v01,Fruits
ZAF,9,2989.6,v01,Fruits
AUS,10,398.1,v01,Fruits
BGD,10,10017.5,v01,Fruits
BGR,10,712.7,v01,Fruits
BRA,10,2236.7,v01,Fruits
CAN,10,243.7,v01,Fruits
CHN,10,41624.9,v01,Fruits
DEU,10,1501.4,v01,Fruits
EGY,10,1339.6,v01,Fruits
GBR,10,1115.8,v01,Fruits
GLB,10,181552.5,v01,Fruits
IND,10,172530.5,v01,Fruits
ISR,10,23.2,v01,Fruits
JPN,10,3917.5,v01,Fruits
MEX,10,1215.3,v01,Fruits
NGA,10,3165.9,v01,Fruits
NZL,10,98.9,v01,Fruits
ROU,10,743.4,v01,Fruits
TUR,10,273.0,v01,Fruits
USA,10,5159.0,v01,Fruits
ZAF,10,4060.7,v01,Fruits
AUS,11,522.1,v01,Fruits
BGD,11,13060.0,v01,Fruits
BGR,11,908.1,v01,Fruits
BRA,11,2961.4,v01,Fruits
CAN,11,322.8,v01,Fruits
CHN,11,54998.5,v01,Fruits
DEU,11,1937.8,v01,Fruits
EGY,11,1739.9,v01,Fruits
GBR,11,1451.7,v01,Fruits
GLB,11,238968.3,v01,Fruits
IND,11,225009.7,v01,Fruits
ISR,11,30.6,v01,Fruits
JPN,11,5064.8,v01,Fruits
MEX,11,1613.9,v01,Fruits
NGA,11,4190.3,v01,Fruits
NZL,11,129.1,v01,Fruits
ROU,11,941.8,v01,Fruits
TUR,11,354.9,v01,Fruits
USA,11,6782.3,v01,Fruits
ZAF,11,5317.1,v01,Fruits
AUS,12,663.7,v01,Fruits
BGD,12,16510.7,v01,Fruits
BGR,12,1121.7,v01,Fruits
BRA,12,3800.1,v01,Fruits
CAN,12,414.3,v01,Fruits
CHN,12,70411.6,v01,Fruits
DEU,12,2427.7,v01,Fruits
EGY,12,2193.1,v01,Fruits
GBR,12,1831.5,v01,Fruits
GLB,12,304928.4,v01,Fruits
IND,12,284575.9,v01,Fruits
ISR,12,39.2,v01,Fruits
JPN,12,6349.3,v01,Fruits
MEX,12,2076.1,v01,Fruits
NGA,12,5379.8,v01,Fruits
NZL,12,163.3,v01,Fruits
ROU,12,1158.8,v01,Fruits
TUR,12,447.9,v01,Fruits
USA,12,8643.0,v01,Fruits
ZAF,12,6751.3,v01,Fruits
AUS,13,821.7,v01,Fruits
BGD,13,20341.1,v01,Fruits
BGR,13,1350.2,v01,Fruits
BRA,13,4749.2,v01,Fruits
CAN,13,517.6,v01,Fruits
CHN,13,87774.0,v01,Fruits
DEU,13,2966.8,v01,Fruits
EGY,13,2695.6,v01,Fruits
GBR,13,2252.1,v01,Fruits
GLB,13,379054.5,v01,Fruits
IND,13,350786.0,v01,Fruits
ISR,13,48.9,v01,Fruits
JPN,13,7756.3,v01,Fruits
MEX,13,2600.2,v01,Fruits
NGA,13,6732.4,v01,Fruits
NZL,13,201.2,v01,Fruits
ROU,13,1391.3,v01,Fruits
TUR,13,551.5,v01,Fruits
USA,13,10727.7,v01,Fruits
ZAF,13,8353.2,v01,Fruits
AUS,14,995.1,v01,Fruits
BGD,14,24521.9,v01,Fruits
BGR,14,1590.7,v01,Fruits
BRA,14,5804.0,v01,Fruits
CAN,14,632.3,v01,Fruits
CHN,14,106978.2,v01,Fruits
DEU,14,3551.1,v01,Fruits
EGY,14,3244.1,v01,Fruits
GBR,14,2710.0,v01,Fruits
GLB,14,460906.2,v01,Fruits
IND,14,423189.0,v01,Fruits
ISR,14,59.6,v01,Fruits
JPN,14,9271.2,v01,Fruits
MEX,14,3183.7,v01,Fruits
NGA,14,8245.2,v01,Fruits
NZL,14,242.7,v01,Fruits
ROU,14,1636.7,v01,Fruits
TUR,14,664.9,v01,Fruits
USA,14,13020.9,v01,Fruits
ZAF,14,10112.7,v01,Fruits
AUS,15,1182.7,v01,Fruits
BGD,15,29025.0,v01,Fruits
BGR,15,1840.7,v01,Fruits
BRA,15,6959.0,v01,Fruits
CAN,15,757.6,v01,Fruits
CHN,15,127909.5,v01,Fruits
DEU,15,4176.3,v01,Fruits
EGY,15,3835.4,v01,Fruits
GBR,15,3202.1,v01,Fruits
GLB,15,550022.6,v01,Fruits
IND,15,501356.8,v01,Fruits
ISR,15,71.3,v01,Fruits
JPN,15,10880.5,v01,Fruits
MEX,15,3824.3,v01,Fruits
NGA,15,9914.8,v01,Fruits
NZL,15,287.4,v01,Fruits
ROU,15,1892.8,v01,Fruits
TUR,15,787.6,v01,Fruits
USA,15,15505.7,v01,Fruits
ZAF,15,12019.3,v01,Fruits
AUS,16,1383.4,v01,Fruits
BGD,16,33825.0,v01,Fruits
BGR,16,2098.1,v01,Fruits
BRA,16,8208.8,v01,Fruits
CAN,16,893.0,v01,Fruits
CHN,16,150452.6,v01,Fruits
DEU,16,4838.7,v01,Fruits
EGY,16,4466.5,v01,Fruits
GBR,16,3725.2,v01,Fruits
GLB,16,645945.3,v01,Fruits
IND,16,584897.3,v01,Fruits
ISR,16,84.0,v01,Fruits
JPN,16,12571.8,v01,Fruits
MEX,16,4519.3,v01,Fruits
NGA,16,11738.0,v01,Fruits
NZL,16,334.9,v01,Fruits
ROU,16,2157.6,v01,Fruits
TUR,16,919.1,v01,Fruits
USA,16,18165.2,v01,Fruits
ZAF,16,14063.7,v01,Fruits
AUS,17,1596.1,v01,Fruits
BGD,17,38898.6,v01,Fruits
BGR,17,2361.3,v01,Fruits
BRA,17,9547.6,v01,Fruits
CAN,17,1037.5,v01,Fruits
CHN,17,174494.5,v01,Fruits
DEU,17,5534.6,v01,Fruits
EGY,17,5134.8,v01,Fruits
GBR,17,4276.7,v01,Fruits
GLB,17,748231.7,v01,Fruits
IND,17,673457.5,v01,Fruits
ISR,17,97.5,v01,Fruits
JPN,17,14334.2,v01,Fruits
MEX,17,5266.1,v01,Fruits
NGA,17,13711.7,v01,Fruits
NZL,17,385.2,v01,Fruits
ROU,17,2429.6,v01,Fruits
TUR,17,1058.7,v01,Fruits
USA,17,20982.5,v01,Fruits
ZAF,17,16237.1,v01,Fruits
AUS,18,1820.1,v01,Fruits
BGD,18,44225.5,v01,Fruits
BGR,18,2628.9,v01,Fruits
BRA,18,10969.8,v01,Fruits
CAN,18,1190.7,v01,Fruits
CHN,18,199926.2,v01,Fruits
DEU,18,6260.4,v01,Fruits
EGY,18,5838.0,v01,Fruits
GBR,18,4854.1,v01,Fruits
GLB,18,856459.9,v01,Fruits
IND,18,766721.2,v01,Fruits
ISR,18,111.9,v01,Fruits
JPN,18,16158.4,v01,Fruits
MEX,18,6062.3,v01,Fruits
NGA,18,15832.6,v01,Fruits
NZL,18,437.9,v01,Fruits
ROU,18,2707.6,v01,Fruits
TUR,18,1206.0,v01,Fruits
USA,18,23941.6,v01,Fruits
ZAF,18,18531.8,v01,Fruits
AUS,19,2054.2,v01,Fruits
BGD,19,49787.6,v01,Fruits
BGR,19,2899.7,v01,Fruits
BRA,19,12470.1,v01,Fruits
CAN,19,1351.7,v01,Fruits
CHN,19,226642.3,v01,Fruits
DEU,19,7012.9,v01,Fruits
EGY,19,6574.0,v01,Fruits
GBR,19,5455.1,v01,Fruits
GLB,19,970230.5,v01,Fruits
IND,19,864403.5,v01,Fruits
ISR,19,127.0,v01,Fruits
JPN,19,18036.3,v01,Fruits
MEX,19,6905.4,v01,Fruits
NGA,19,18097.7,v01,Fruits
NZL,19,492.8,v01,Fruits
ROU,19,2990.3,v01,Fruits
TUR,19,1360.6,v01,Fruits
USA,19,27027.0,v01,Fruits
ZAF,19,20941.1,v01,Fruits
AUS,20,2297.9,v01,Fruits
BGD,20,55568.6,v01,Fruits
BGR,20,3172.9,v01,Fruits
BRA,20,14042.9,v01,Fruits
CAN,20,1520.0,v01,Fruits
CHN,20,254540.9,v01,Fruits
DEU,20,7788.7,v01,Fruits
EGY,20,7340.7,v01,Fruits
GBR,20,6077.7,v01,Fruits
GLB,20,1089165.4,v01,Fruits
IND,20,966243.9,v01,Fruits
ISR,20,142.8,v01,Fruits
JPN,20,19961.1,v01,Fruits
MEX,20,7793.0,v01,Fruits
NGA,20,20504.2,v01,Fruits
NZL,20,549.7,v01,Fruits
ROU,20,3276.9,v01,Fruits
TUR,20,1522.0,v01,Fruits
USA,20,30224.1,v01,Fruits
ZAF,20,23458.8,v01,Fruits
AUS,21,2550.4,v01,Fruits
BGD,21,61553.9,v01,Fruits
BGR,21,3447.6,v01,Fruits
BRA,21,15683.1,v01,Fruits
CAN,21,1694.8,v01,Fruits
CHN,21,283523.4,v01,Fruits
DEU,21,8585.0,v01,Fruits
EGY,21,8136.2,v01,Fruits
GBR,21,6719.8,v01,Fruits
GLB,21,1212905.7,v01,Fruits
IND,21,1071999.9,v01,Fruits
ISR,21,159.4,v01,Fruits
JPN,21,21927.0,v01,Fruits
MEX,21,8722.7,v01,Fruits
NGA,21,23048.9,v01,Fruits
NZL,21,608.4,v01,Fruits
ROU,21,3566.6,v01,Fruits
TUR,21,1689.9,v01,Fruits
USA,21,33519.5,v01,Fruits
ZAF,21,26079.6,v01,Fruits
AUS,22,2810.9,v01,Fruits
BGD,22,67729.7,v01,Fruits
BGR,22,3723.1,v01,Fruits
BRA,22,17385.7,v01,Fruits
CAN,22,1875.6,v01,Fruits
CHN,22,313493.1,v01,Fruits
DEU,22,9398.6,v01,Fruits
EGY,22,8958.6,v01,Fruits
GBR,22,7379.7,v01,Fruits
GLB,22,1341109.2,v01,Fruits
IND,22,1181440.4,v01,Fruits
ISR,22,176.6,v01,Fruits
JPN,22,23928.9,v01,Fruits
MEX,22,9692.3,v01,Fruits
NGA,22,25728.5,v01,Fruits
NZL,22,668.8,v01,Fruits
ROU,22,3858.8,v01,Fruits
TUR,22,1863.7,v01,Fruits
USA,22,36900.5,v01,Fruits
ZAF,22,28798.6,v01,Fruits
AUS,23,3079.0,v01,Fruits
BGD,23,74083.2,v01,Fruits
BGR,23,3999.0,v01,Fruits
BRA,23,19145.6,v01,Fruits
CAN,23,2061.8,v01,Fruits
CHN,23,344355.7,v01,Fruits
DEU,23,10227.0,v01,Fruits
EGY,23,9805.7,v01,Fruits
GBR,23,8055.7,v01,Fruits
GLB,23,1473447.4,v01,Fruits
IND,23,1294339.7,v01,Fruits
ISR,23,194.4,v01,Fruits
JPN,23,25962.6,v01,Fruits
MEX,23,10699.5,v01,Fruits
NGA,23,28539.6,v01,Fruits
NZL,23,730.7,v01,Fruits
ROU,23,4152.8,v01,Fruits
TUR,23,2043.3,v01,Fruits
USA,23,40355.6,v01,Fruits
ZAF,23,31611.3,v01,Fruits
AUS,24,3353.9,v01,Fruits
BGD,24,80601.7,v01,Fruits
BGR,24,4274.6,v01,Fruits
BRA,24,20958.0,v01,Fruits
CAN,24,2252.8,v01,Fruits
CHN,24,376018.7,v01,Fruits
DEU,24,11067.5,v01,Fruits
EGY,24,10675.5,v01,Fruits
GBR,24,8746.0,v01,Fruits
GLB,24,1609602.2,v01,Fruits
IND,24,1410472.4,v01,Fruits
ISR,24,212.9,v01,Fruits
JPN,24,28024.0,v01,Fruits
MEX,24,11741.9,v01,Fruits
NGA,24,31478.5,v01,Fruits
NZL,24,793.9,v01,Fruits
ROU,24,4448.1,v01,Fruits
TUR,24,2228.1,v01,Fruits
USA,24,43873.9,v01,Fruits
ZAF,24,34513.4,v01,Fruits
AUS,25,3635.3,v01,Fruits
BGD,25,87272.5,v01,Fruits
BGR,25,4549.4,v01,Fruits
BRA,25,22818.1,v01,Fruits
CAN,25,2448.1,v01,Fruits
CHN,25,408391.0,v01,Fruits
DEU,25,11917.6,v01,Fruits
EGY,25,11565.6,v01,Fruits
GBR,25,9449.2,v01,Fruits
GLB,25,1749264.1,v01,Fruits
IND,25,1529608.6,v01,Fruits
ISR,25,232.0,v01,Fruits
JPN,25,30109.7,v01,Fruits
MEX,25,12817.4,v01,Fruits
NGA,25,34540.9,v01,Fruits
NZL,25,858.4,v01,Fruits
ROU,25,4744.1,v01,Fruits
TUR,25,2417.8,v01,Fruits
USA,25,47445.6,v01,Fruits
ZAF,25,37500.8,v01,Fruits
AUS,26,3922.5,v01,Fruits
BGD,26,94082.6,v01,Fruits
BGR,26,4823.0,v01,Fruits
BRA,26,24721.2,v01,Fruits
CAN,26,2647.2,v01,Fruits
CHN,26,441383.6,v01,Fruits
DEU,26,12775.1,v01,Fruits
EGY,26,12473.6,v01,Fruits
GBR,26,10163.7,v01,Fruits
GLB,26,1892128.6,v01,Fruits
IND,26,1651510.0,v01,Fruits
ISR,26,251.6,v01,Fruits
JPN,26,32216.3,v01,Fruits
MEX,26,13923.5,v01,Fruits
NGA,26,37722.2,v01,Fruits
NZL,26,924.0,v01,Fruits
ROU,26,5040.3,v01,Fruits
TUR,26,2612.1,v01,Fruits
USA,26,51061.6,v01,Fruits
ZAF,26,40569.0,v01,Fruits
AUS,27,4215.2,v01,Fruits
BGD,27,101018.4,v01,Fruits
BGR,27,5095.0,v01,Fruits
BRA,27,26662.4,v01,Fruits
CAN,27,2849.6,v01,Fruits
CHN,27,474908.9,v01,Fruits
DEU,27,13637.8,v01,Fruits
EGY,27,13396.8,v01,Fruits
GBR,27,10888.0,v01,Fruits
GLB,27,2037894.1,v01,Fruits
IND,27,1775927.3,v01,Fruits
ISR,27,271.8,v01,Fruits
JPN,27,34340.7,v01,Fruits
MEX,27,15057.9,v01,Fruits
NGA,27,41017.4,v01,Fruits
NZL,27,990.5,v01,Fruits
ROU,27,5336.1,v01,Fruits
TUR,27,2810.5,v01,Fruits
USA,27,54713.6,v01,Fruits
ZAF,27,43713.8,v01,Fruits
AUS,28,4512.9,v01,Fruits
BGD,28,108065.8,v01,Fruits
BGR,28,5364.8,v01,Fruits
BRA,28,28637.0,v01,Fruits
CAN,28,3054.8,v01,Fruits
CHN,28,508881.6,v01,Fruits
DEU,28,14503.8,v01,Fruits
EGY,28,14332.3,v01,Fruits
GBR,28,11620.7,v01,Fruits
GLB,28,2186259.6,v01,Fruits
IND,28,1902597.5,v01,Fruits
ISR,28,292.5,v01,Fruits
JPN,28,36479.7,v01,Fruits
MEX,28,16218.3,v01,Fruits
NGA,28,44420.8,v01,Fruits
NZL,28,1057.8,v01,Fruits
ROU,28,5631.1,v01,Fruits
TUR,28,3012.6,v01,Fruits
USA,28,58394.0,v01,Fruits
ZAF,28,46930.3,v01,Fruits
AUS,29,4815.0,v01,Fruits
BGD,29,115209.6,v01,Fruits
BGR,29,5632.2,v01,Fruits
BRA,29,30640.3,v01,Fruits
CAN,29,3262.6,v01,Fruits
CHN,29,543217.9,v01,Fruits
DEU,29,15371.3,v01,Fruits
EGY,29,15277.1,v01,Fruits
GBR,29,12360.3,v01,Fruits
GLB,29,2336922.5,v01,Fruits
IND,29,2031242.9,v01,Fruits
ISR,29,313.8,v01,Fruits
JPN,29,38630.1,v01,Fruits
MEX,29,17402.2,v01,Fruits
NGA,29,47926.0,v01,Fruits
NZL,29,1125.9,v01,Fruits
ROU,29,5924.6,v01,Fruits
TUR,29,3217.9,v01,Fruits
USA,29,62095.5,v01,Fruits
ZAF,29,50213.3,v01,Fruits
AUS,30,5121.3,v01,Fruits
BGD,30,122433.8,v01,Fruits
BGR,30,5896.6,v01,Fruits
BRA,30,32667.5,v01,Fruits
CAN,30,3472.4,v01,Fruits
CHN,30,577836.2,v01,Fruits
DEU,30,16238.6,v01,Fruits
EGY,30,16228.1,v01,Fruits
GBR,30,13105.4,v01,Fruits
GLB,30,2489577.1,v01,Fruits
IND,30,2161570.0,v01,Fruits
ISR,30,335.5,v01,Fruits
JPN,30,40788.9,v01,Fruits
MEX,30,18607.1,v01,Fruits
NGA,30,51526.2,v01,Fruits
NZL,30,1194.7,v01,Fruits
ROU,30,6216.3,v01,Fruits
TUR,30,3426.1,v01,Fruits
USA,30,65811.3,v01,Fruits
ZAF,30,53557.3,v01,Fruits
AUS,1,0.0,v02,Vegetables
BGD,1,0.0,v02,Vegetables
BGR,1,0.0,v02,Vegetables
BRA,1,0.0,v02,Vegetables
CAN,1,0.0,v02,Vegetables
CHN,1,0.0,v02,Vegetables
DEU,1,0.0,v02,Vegetables
EGY,1,0.0,v02,Vegetables
GBR,1,0.0,v02,Vegetables
GLB,1,0.0,v02,Vegetables
IND,1,0.0,v02,Vegetables
ISR,1,0.0,v02,Vegetables
JPN,1,0.0,v02,Vegetables
MEX,1,0.0,v02,Vegetables
NGA,1,0.0,v02,Vegetables
NZL,1,0.0,v02,Vegetables
ROU,1,0.0,v02,Vegetables
TUR,1,0.0,v02,Vegetables
USA,1,0.0,v02,Vegetables
ZAF,1,0.0,v02,Vegetables
AUS,2,2.2,v02,Vegetables
BGD,2,80.1,v02,Vegetables
BGR,2,3.1,v02,Vegetables
BRA,2,34.3,v02,Vegetables
CAN,2,2.7,v02,Vegetables
CHN,2,-5.9,v02,Vegetables
DEU,2,10.5,v02,Vegetables
EGY,2,2.8,v02,Vegetables
GBR,2,7.2,v02,Vegetables
GLB,2,452.7,v02,Vegetables
IND,2,181.2,v02,Vegetables
ISR,2,0.1,v02,Vegetables
JPN,2,6.3,v02,Vegetables
MEX,2,9.0,v02,Vegetables
NGA,2,17.3,v02,Vegetables
NZL,2,0.6,v02,Vegetables
ROU,2,1.1,v02,Vegetables
TUR,2,-0.7,v02,Vegetables
USA,2,21.0,v02,Vegetables
ZAF,2,19.2,v02,Vegetables
AUS,3,7.4,v02,Vegetables
BGD,3,263.8,v02,Vegetables
BGR,3,10.0,v02,Vegetables
BRA,3,119.6,v02,Vegetables
CAN,3,9.3,v02,Vegetables
CHN,3,-20.5,v02,Vegetables
DEU,3,36.0,v02,Vegetables
EGY,3,8.6,v02,Vegetables
GBR,3,24.2,v02,Vegetables
GLB,3,1557.2,v02,Vegetables
IND,3,607.3,v02,Vegetables
ISR,3,0.3,v02,Vegetables
JPN,3,21.5,v02,Vegetables
MEX,3,31.7,v02,Vegetables
NGA,3,59.4,v02,Vegetables
NZL,3,1.9,v02,Vegetables
ROU,3,3.4,v02,Vegetables
TUR,3,-2.2,v02,Vegetables
USA,3,72.0,v02,Vegetables
ZAF,3,63.8,v02,Vegetables
AUS,4,16.8,v02,Vegetables
BGD,4,594.5,v02,Vegetables
BGR,4,22.0,v02,Vegetables
BRA,4,280.3,v02,Vegetables
CAN,4,21.4,v02,Vegetables
CHN,4,-47.8,v02,Vegetables
DEU,4,82.6,v02,Vegetables
EGY,4,18.7,v02,Vegetables
GBR,4,55.2,v02,Vegetables
GLB,4,3604.4,v02,Vegetables
IND,4,1384.0,v02,Vegetables
ISR,4,0.6,v02,Vegetables
JPN,4,49.3,v02,Vegetables
MEX,4,74.6,v02,Vegetables
NGA,4,137.9,v02,Vegetables
NZL,4,4.4,v02,Vegetables
ROU,4,7.1,v02,Vegetables
TUR,4,-5.0,v02,Vegetables
USA,4,166.5,v02,Vegetables
ZAF,4,144.1,v02,Vegetables
AUS,5,32.1,v02,Vegetables
BGD,5,1128.8,v02,Vegetables
BGR,5,40.9,v02,Vegetables
BRA,5,547.7,v02,Vegetables
CAN,5,41.5,v02,Vegetables
CHN,5,-92.8,v02,Vegetables
DEU,5,157.8,v02,Vegetables
EGY,5,34.7,v02,Vegetables
GBR,5,105.1,v02,Vegetables
GLB,5,6967.8,v02,Vegetables
IND,5,2646.5,v02,Vegetables
ISR,5,1.3,v02,Vegetables
JPN,5,94.1,v02,Vegetables
MEX,5,146.7,v02,Vegetables
NGA,5,268.2,v02,Vegetables
NZL,5,8.4,v02,Vegetables
ROU,5,13.0,v02,Vegetables
TUR,5,-9.3,v02,Vegetables
USA,5,322.2,v02,Vegetables
ZAF,5,274.4,v02,Vegetables
AUS,6,55.3,v02,Vegetables
BGD,6,1929.5,v02,Vegetables
BGR,6,68.2,v02,Vegetables
BRA,6,957.9,v02,Vegetables
CAN,6,72.2,v02,Vegetables
CHN,6,-161.7,v02,Vegetables
DEU,6,269.1,v02,Vegetables
EGY,6,58.4,v02,Vegetables
GBR,6,179.2,v02,Vegetables
GLB,6,12065.5,v02,Vegetables
IND,6,4542.2,v02,Vegetables
ISR,6,2.2,v02,Vegetables
JPN,6,160.6,v02,Vegetables
MEX,6,257.8,v02,Vegetables
NGA,6,468.2,v02,Vegetables
NZL,6,14.4,v02,Vegetables
ROU,6,21.3,v02,Vegetables
TUR,6,-15.7,v02,Vegetables
USA,6,558.9,v02,Vegetables
ZAF,6,470.1,v02,Vegetables
AUS,7,88.1,v02,Vegetables
BGD,7,3054.3,v02,Vegetables
BGR,7,105.4,v02,Vegetables
BRA,7,1546.3,v02,Vegetables
CAN,7,116.0,v02,Vegetables
CHN,7,-260.2,v02,Vegetables
DEU,7,423.0,v02,Vegetables
EGY,7,91.4,v02,Vegetables
GBR,7,282.3,v02,Vegetables
GLB,7,19295.0,v02,Vegetables
IND,7,7203.4,v02,Vegetables
ISR,7,3.5,v02,Vegetables
JPN,7,252.7,v02,Vegetables
MEX,7,418.0,v02,Vegetables
NGA,7,756.1,v02,Vegetables
NZL,7,22.8,v02,Vegetables
ROU,7,32.4,v02,Vegetables
TUR,7,-24.6,v02,Vegetables
USA,7,895.9,v02,Vegetables
ZAF,7,745.8,v02,Vegetables
AUS,8,131.9,v02,Vegetables
BGD,8,4545.8,v02,Vegetables
BGR,8,152.8,v02,Vegetables
BRA,8,2342.2,v02,Vegetables
CAN,8,175.0,v02,Vegetables
CHN,8,-393.0,v02,Vegetables
DEU,8,623.7,v02,Vegetables
EGY,8,134.6,v02,Vegetables
GBR,8,417.6,v02,Vegetables
GLB,8,28969.1,v02,Vegetables
IND,8,10724.4,v02,Vegetables
ISR,8,5.2,v02,Vegetables
JPN,8,372.9,v02,Vegetables
MEX,8,635.6,v02,Vegetables
NGA,8,1147.5,v02,Vegetables
NZL,8,33.9,v02,Vegetables
ROU,8,46.4,v02,Vegetables
TUR,8,-36.4,v02,Vegetables
USA,8,1348.8,v02,Vegetables
ZAF,8,1112.5,v02,Vegetables
AUS,9,187.6,v02,Vegetables
BGD,9,6426.5,v02,Vegetables
BGR,9,210.2,v02,Vegetables
BRA,9,3365.8,v02,Vegetables
CAN,9,250.6,v02,Vegetables
CHN,9,-563.2,v02,Vegetables
DEU,9,872.7,v02,Vegetables
EGY,9,188.5,v02,Vegetables
GBR,9,586.3,v02,Vegetables
GLB,9,41280.9,v02,Vegetables
IND,9,15151.1,v02,Vegetables
ISR,9,7.5,v02,Vegetables
JPN,9,522.1,v02,Vegetables
MEX,9,916.6,v02,Vegetables
NGA,9,1654.4,v02,Vegetables
NZL,9,48.0,v02,Vegetables
ROU,9,63.3,v02,Vegetables
TUR,9,-51.1,v02,Vegetables
USA,9,1927.4,v02,Vegetables
ZAF,9,1576.2,v02,Vegetables
AUS,10,255.2,v02,Vegetables
BGD,10,8699.9,v02,Vegetables
BGR,10,276.6,v02,Vegetables
BRA,10,4627.7,v02,Vegetables
CAN,10,343.4,v02,Vegetables
CHN,10,-772.3,v02,Vegetables
DEU,10,1169.7,v02,Vegetables
EGY,10,253.2,v02,Vegetables
GBR,10,788.0,v02,Vegetables
GLB,10,56304.6,v02,Vegetables
IND,10,20486.2,v02,Vegetables
ISR,10,10.3,v02,Vegetables
JPN,10,699.6,v02,Vegetables
MEX,10,1264.2,v02,Vegetables
NGA,10,2284.1,v02,Vegetables
NZL,10,64.9,v02,Vegetables
ROU,10,82.7,v02,Vegetables
TUR,10,-68.8,v02,Vegetables
USA,10,2636.1,v02,Vegetables
ZAF,10,2138.1,v02,Vegetables
AUS,11,334.6,v02,Vegetables
BGD,11,11355.7,v02,Vegetables
BGR,11,350.5,v02,Vegetables
BRA,11,6130.3,v02,Vegetables
CAN,11,453.6,v02,Vegetables
CHN,11,-1020.2,v02,Vegetables
DEU,11,1512.6,v02,Vegetables
EGY,11,328.1,v02,Vegetables
GBR,11,1021.2,v02,Vegetables
GLB,11,74019.9,v02,Vegetables
IND,11,26701.9,v02,Vegetables
ISR,11,13.6,v02,Vegetables
JPN,11,903.6,v02,Vegetables
MEX,11,1679.6,v02,Vegetables
NGA,11,3040.9,v02,Vegetables
NZL,11,84.7,v02,Vegetables
ROU,11,104.4,v02,Vegetables
TUR,11,-89.4,v02,Vegetables
USA,11,3474.0,v02,Vegetables
ZAF,11,2796.1,v02,Vegetables
AUS,12,425.3,v02,Vegetables
BGD,12,14375.2,v02,Vegetables
BGR,12,430.6,v02,Vegetables
BRA,12,7870.2,v02,Vegetables
CAN,12,580.7,v02,Vegetables
CHN,12,-1305.8,v02,Vegetables
DEU,12,1898.8,v02,Vegetables
EGY,12,412.8,v02,Vegetables
GBR,12,1283.5,v02,Vegetables
GLB,12,94342.6,v02,Vegetables
IND,12,33753.3,v02,Vegetables
ISR,12,17.4,v02,Vegetables
JPN,12,1131.6,v02,Vegetables
MEX,12,2162.3,v02,Vegetables
NGA,12,3926.2,v02,Vegetables
NZL,12,107.2,v02,Vegetables
ROU,12,128.0,v02,Vegetables
TUR,12,-112.8,v02,Vegetables
USA,12,4437.1,v02,Vegetables
ZAF,12,3546.0,v02,Vegetables
AUS,13,526.5,v02,Vegetables
BGD,13,17735.7,v02,Vegetables
BGR,13,515.6,v02,Vegetables
BRA,13,9840.0,v02,Vegetables
CAN,13,724.0,v02,Vegetables
CHN,13,-1627.4,v02,Vegetables
DEU,13,2325.2,v02,Vegetables
EGY,13,506.6,v02,Vegetables
GBR,13,1572.4,v02,Vegetables
GLB,13,117152.2,v02,Vegetables
IND,13,41588.4,v02,Vegetables
ISR,13,21.7,v02,Vegetables
JPN,13,1381.1,v02,Vegetables
MEX,13,2711.2,v02,Vegetables
NGA,13,4939.8,v02,Vegetables
NZL,13,132.2,v02,Vegetables
ROU,13,153.2,v02,Vegetables
TUR,13,-138.8,v02,Vegetables
USA,13,5519.0,v02,Vegetables
ZAF,13,4382.3,v02,Vegetables
AUS,14,637.6,v02,Vegetables
BGD,14,21413.7,v02,Vegetables
BGR,14,604.4,v02,Vegetables
BRA,14,12030.3,v02,Vegetables
CAN,14,882.7,v02,Vegetables
CHN,14,-1983.1,v02,Vegetables
DEU,14,2788.7,v02,Vegetables
EGY,14,608.8,v02,Vegetables
GBR,14,1885.5,v02,Vegetables
GLB,14,142310.4,v02,Vegetables
IND,14,50154.8,v02,Vegetables
ISR,14,26.4,v02,Vegetables
JPN,14,1649.4,v02,Vegetables
MEX,14,3324.3,v02,Vegetables
NGA,14,6080.8,v02,Vegetables
NZL,14,159.4,v02,Vegetables
ROU,14,179.8,v02,Vegetables
TUR,14,-167.3,v02,Vegetables
USA,14,6711.8,v02,Vegetables
ZAF,14,5299.4,v02,Vegetables
AUS,15,757.8,v02,Vegetables
BGD,15,25386.5,v02,Vegetables
BGR,15,696.0,v02,Vegetables
BRA,15,14430.5,v02,Vegetables
CAN,15,1055.9,v02,Vegetables
CHN,15,-2370.7,v02,Vegetables
DEU,15,3286.3,v02,Vegetables
EGY,15,718.9,v02,Vegetables
GBR,15,2220.4,v02,Vegetables
GLB,15,169673.9,v02,Vegetables
IND,15,59403.1,v02,Vegetables
ISR,15,31.6,v02,Vegetables
JPN,15,1933.9,v02,Vegetables
MEX,15,3999.6,v02,Vegetables
NGA,15,7347.3,v02,Vegetables
NZL,15,188.8,v02,Vegetables
ROU,15,207.3,v02,Vegetables
TUR,15,-198.1,v02,Vegetables
USA,15,8007.3,v02,Vegetables
ZAF,15,6291.9,v02,Vegetables
AUS,16,886.4,v02,Vegetables
BGD,16,29633.2,v02,Vegetables
BGR,16,789.7,v02,Vegetables
BRA,16,17029.8,v02,Vegetables
CAN,16,1242.6,v02,Vegetables
CHN,16,-2788.1,v02,Vegetables
DEU,16,3815.1,v02,Vegetables
EGY,16,836.3,v02,Vegetables
GBR,16,2575.1,v02,Vegetables
GLB,16,199101.8,v02,Vegetables
IND,16,69288.5,v02,Vegetables
ISR,16,37.2,v02,Vegetables
JPN,16,2232.6,v02,Vegetables
MEX,16,4734.7,v02,Vegetables
NGA,16,8737.7,v02,Vegetables
NZL,16,220.0,v02,Vegetables
ROU,16,235.8,v02,Vegetables
TUR,16,-231.2,v02,Vegetables
USA,16,9396.7,v02,Vegetables
ZAF,16,7354.8,v02,Vegetables
AUS,17,1022.8,v02,Vegetables
BGD,17,34135.1,v02,Vegetables
BGR,17,885.0,v02,Vegetables
BRA,17,19817.0,v02,Vegetables
CAN,17,1442.0,v02,Vegetables
CHN,17,-3233.0,v02,Vegetables
DEU,17,4372.2,v02,Vegetables
EGY,17,960.6,v02,Vegetables
GBR,17,2947.8,v02,Vegetables
GLB,17,230458.6,v02,Vegetables
IND,17,79770.7,v02,Vegetables
ISR,17,43.1,v02,Vegetables
JPN,17,2543.5,v02,Vegetables
MEX,17,5527.6,v02,Vegetables
NGA,17,10249.6,v02,Vegetables
NZL,17,253.1,v02,Vegetables
ROU,17,264.9,v02,Vegetables
TUR,17,-266.2,v02,Vegetables
USA,17,10871.7,v02,Vegetables
ZAF,17,8483.5,v02,Vegetables
AUS,18,1166.3,v02,Vegetables
BGD,18,38875.5,v02,Vegetables
BGR,18,981.2,v02,Vegetables
BRA,18,22781.6,v02,Vegetables
CAN,18,1652.9,v02,Vegetables
CHN,18,-3703.5,v02,Vegetables
DEU,18,4954.9,v02,Vegetables
EGY,18,1091.4,v02,Vegetables
GBR,18,3336.7,v02,Vegetables
GLB,18,263616.2,v02,Vegetables
IND,18,90814.1,v02,Vegetables
ISR,18,49.5,v02,Vegetables
JPN,18,2864.9,v02,Vegetables
MEX,18,6376.1,v02,Vegetables
NGA,18,11881.1,v02,Vegetables
NZL,18,287.7,v02,Vegetables
ROU,18,294.5,v02,Vegetables
TUR,18,-303.2,v02,Vegetables
USA,18,12423.9,v02,Vegetables
ZAF,18,9673.9,v02,Vegetables
AUS,19,1316.5,v02,Vegetables
BGD,19,43839.5,v02,Vegetables
BGR,19,1078.1,v02,Vegetables
BRA,19,25913.1,v02,Vegetables
CAN,19,1874.5,v02,Vegetables
CHN,19,-4197.6,v02,Vegetables
DEU,19,5560.7,v02,Vegetables
EGY,19,1228.2,v02,Vegetables
GBR,19,3740.6,v02,Vegetables
GLB,19,298453.9,v02,Vegetables
IND,19,102386.3,v02,Vegetables
ISR,19,56.1,v02,Vegetables
JPN,19,3195.3,v02,Vegetables
MEX,19,7277.9,v02,Vegetables
NGA,19,13629.6,v02,Vegetables
NZL,19,323.8,v02,Vegetables
ROU,19,324.7,v02,Vegetables
TUR,19,-342.0,v02,Vegetables
USA,19,14045.3,v02,Vegetables
ZAF,19,10922.6,v02,Vegetables
AUS,20,1472.9,v02,Vegetables
BGD,20,49014.0,v02,Vegetables
BGR,20,1175.4,v02,Vegetables
BRA,20,29201.4,v02,Vegetables
CAN,20,2105.9,v02,Vegetables
CHN,20,-4713.3,v02,Vegetables
DEU,20,6186.9,v02,Vegetables
EGY,20,1370.7,v02,Vegetables
GBR,20,4158.0,v02,Vegetables
GLB,20,334857.9,v02,Vegetables
IND,20,114458.0,v02,Vegetables
ISR,20,63.1,v02,Vegetables
JPN,20,3533.7,v02,Vegetables
MEX,20,8231.0,v02,Vegetables
NGA,20,15492.9,v02,Vegetables
NZL,20,361.2,v02,Vegetables
ROU,20,355.2,v02,Vegetables
TUR,20,-382.5,v02,Vegetables
USA,20,15728.6,v02,Vegetables
ZAF,20,12226.4,v02,Vegetables
AUS,21,1634.9,v02,Vegetables
BGD,21,54387.1,v02,Vegetables
BGR,21,1272.8,v02,Vegetables
BRA,21,32636.7,v02,Vegetables
CAN,21,2346.3,v02,Vegetables
CHN,21,-5248.7,v02,Vegetables
DEU,21,6831.3,v02,Vegetables
EGY,21,1518.6,v02,Vegetables
GBR,21,4587.8,v02,Vegetables
GLB,21,372720.7,v02,Vegetables
IND,21,127002.0,v02,Vegetables
ISR,21,70.4,v02,Vegetables
JPN,21,3878.9,v02,Vegetables
MEX,21,9233.3,v02,Vegetables
NGA,21,17468.3,v02,Vegetables
NZL,21,399.8,v02,Vegetables
ROU,21,385.9,v02,Vegetables
TUR,21,-424.6,v02,Vegetables
USA,21,17466.7,v02,Vegetables
ZAF,21,13582.5,v02,Vegetables
AUS,22,1802.2,v02,Vegetables
BGD,22,59947.5,v02,Vegetables
BGR,22,1370.1,v02,Vegetables
BRA,22,36209.7,v02,Vegetables
CAN,22,2594.7,v02,Vegetables
CHN,22,-5802.0,v02,Vegetables
DEU,22,7491.3,v02,Vegetables
EGY,22,1671.5,v02,Vegetables
GBR,22,5028.9,v02,Vegetables
GLB,22,411939.9,v02,Vegetables
IND,22,139992.3,v02,Vegetables
ISR,22,78.0,v02,Vegetables
JPN,22,4230.2,v02,Vegetables
MEX,22,10282.6,v02,Vegetables
NGA,22,19552.8,v02,Vegetables
NZL,22,439.6,v02,Vegetables
ROU,22,416.9,v02,Vegetables
TUR,22,-468.2,v02,Vegetables
USA,22,19253.1,v02,Vegetables
ZAF,22,14988.5,v02,Vegetables
AUS,23,1974.4,v02,Vegetables
BGD,23,65684.8,v02,Vegetables
BGR,23,1467.1,v02,Vegetables
BRA,23,39911.1,v02,Vegetables
CAN,23,2850.5,v02,Vegetables
CHN,23,-6371.4,v02,Vegetables
DEU,23,8164.8,v02,Vegetables
EGY,23,1829.0,v02,Vegetables
GBR,23,5480.2,v02,Vegetables
GLB,23,452417.5,v02,Vegetables
IND,23,153403.2,v02,Vegetables
ISR,23,85.9,v02,Vegetables
JPN,23,4586.7,v02,Vegetables
MEX,23,11376.9,v02,Vegetables
NGA,23,21743.4,v02,Vegetables
NZL,23,480.4,v02,Vegetables
ROU,23,448.0,v02,Vegetables
TUR,23,-513.3,v02,Vegetables
USA,23,21081.7,v02,Vegetables
ZAF,23,16442.0,v02,Vegetables
AUS,24,2151.2,v02,Vegetables
BGD,24,71588.4,v02,Vegetables
BGR,24,1563.7,v02,Vegetables
BRA,24,43731.8,v02,Vegetables
CAN,24,3112.8,v02,Vegetables
CHN,24,-6955.2,v02,Vegetables
DEU,24,8849.7,v02,Vegetables
EGY,24,1990.9,v02,Vegetables
GBR,24,5940.8,v02,Vegetables
GLB,24,494058.8,v02,Vegetables
IND,24,167209.3,v02,Vegetables
ISR,24,94.0,v02,Vegetables
JPN,24,4947.8,v02,Vegetables
MEX,24,12513.9,v02,Vegetables
NGA,24,24036.4,v02,Vegetables
NZL,24,522.1,v02,Vegetables
ROU,24,479.2,v02,Vegetables
TUR,24,-559.6,v02,Vegetables
USA,24,22947.1,v02,Vegetables
ZAF,24,17940.9,v02,Vegetables
AUS,25,2332.3,v02,Vegetables
BGD,25,77647.9,v02,Vegetables
BGR,25,1659.8,v02,Vegetables
BRA,25,47663.0,v02,Vegetables
CAN,25,3381.0,v02,Vegetables
CHN,25,-7551.7,v02,Vegetables
DEU,25,9543.8,v02,Vegetables
EGY,25,2156.5,v02,Vegetables
GBR,25,6409.8,v02,Vegetables
GLB,25,536771.1,v02,Vegetables
IND,25,181384.2,v02,Vegetables
ISR,25,102.4,v02,Vegetables
JPN,25,5312.8,v02,Vegetables
MEX,25,13691.5,v02,Vegetables
NGA,25,26428.2,v02,Vegetables
NZL,25,564.6,v02,Vegetables
ROU,25,510.5,v02,Vegetables
TUR,25,-607.2,v02,Vegetables
USA,25,24844.0,v02,Vegetables
ZAF,25,19483.1,v02,Vegetables
AUS,26,2517.3,v02,Vegetables
BGD,26,83852.3,v02,Vegetables
BGR,26,1755.2,v02,Vegetables
BRA,26,51695.6,v02,Vegetables
CAN,26,3654.3,v02,Vegetables
CHN,26,-8159.2,v02,Vegetables
DEU,26,10245.3,v02,Vegetables
EGY,26,2325.6,v02,Vegetables
GBR,26,6886.1,v02,Vegetables
GLB,26,580463.7,v02,Vegetables
IND,26,195900.6,v02,Vegetables
ISR,26,111.1,v02,Vegetables
JPN,26,5681.3,v02,Vegetables
MEX,26,14907.4,v02,Vegetables
NGA,26,28914.3,v02,Vegetables
NZL,26,607.9,v02,Vegetables
ROU,26,541.7,v02,Vegetables
TUR,26,-656.0,v02,Vegetables
USA,26,26767.8,v02,Vegetables
ZAF,26,21066.3,v02,Vegetables
AUS,27,2705.9,v02,Vegetables
BGD,27,90190.1,v02,Vegetables
BGR,27,1849.7,v02,Vegetables
BRA,27,55820.9,v02,Vegetables
CAN,27,3932.3,v02,Vegetables
CHN,27,-8776.0,v02,Vegetables
DEU,27,10952.5,v02,Vegetables
EGY,27,2497.6,v02,Vegetables
GBR,27,7369.0,v02,Vegetables
GLB,27,625046.1,v02,Vegetables
IND,27,210729.5,v02,Vegetables
ISR,27,120.0,v02,Vegetables
JPN,27,6052.7,v02,Vegetables
MEX,27,16159.1,v02,Vegetables
NGA,27,31489.9,v02,Vegetables
NZL,27,651.8,v02,Vegetables
ROU,27,572.9,v02,Vegetables
TUR,27,-705.7,v02,Vegetables
USA,27,28714.1,v02,Vegetables
ZAF,27,22688.3,v02,Vegetables
AUS,28,2898.0,v02,Vegetables
BGD,28,96649.0,v02,Vegetables
BGR,28,1943.3,v02,Vegetables
BRA,28,60029.7,v02,Vegetables
CAN,28,4214.3,v02,Vegetables
CHN,28,-9400.5,v02,Vegetables
DEU,28,11663.6,v02,Vegetables
EGY,28,2671.9,v02,Vegetables
GBR,28,7857.6,v02,Vegetables
GLB,28,670428.0,v02,Vegetables
IND,28,225840.3,v02,Vegetables
ISR,28,129.1,v02,Vegetables
JPN,28,6426.5,v02,Vegetables
MEX,28,17444.3,v02,Vegetables
NGA,28,34150.0,v02,Vegetables
NZL,28,696.4,v02,Vegetables
ROU,28,604.0,v02,Vegetables
TUR,28,-756.4,v02,Vegetables
USA,28,30679.0,v02,Vegetables
ZAF,28,24346.6,v02,Vegetables
AUS,29,3093.2,v02,Vegetables
BGD,29,103215.8,v02,Vegetables
BGR,29,2035.8,v02,Vegetables
BRA,29,64313.0,v02,Vegetables
CAN,29,4499.7,v02,Vegetables
CHN,29,-10031.3,v02,Vegetables
DEU,29,12377.1,v02,Vegetables
EGY,29,2848.2,v02,Vegetables
GBR,29,8351.0,v02,Vegetables
GLB,29,716518.0,v02,Vegetables
IND,29,241200.5,v02,Vegetables
ISR,29,138.5,v02,Vegetables
JPN,29,6802.1,v02,Vegetables
MEX,29,18760.4,v02,Vegetables
NGA,29,36888.7,v02,Vegetables
NZL,29,741.5,v02,Vegetables
ROU,29,634.9,v02,Vegetables
TUR,29,-807.9,v02,Vegetables
USA,29,32658.7,v02,Vegetables
ZAF,29,26038.7,v02,Vegetables
AUS,30,3291.2,v02,Vegetables
BGD,30,109876.1,v02,Vegetables
BGR,30,2127.1,v02,Vegetables
BRA,30,68661.4,v02,Vegetables
CAN,30,4788.1,v02,Vegetables
CHN,30,-10666.8,v02,Vegetables
DEU,30,13091.6,v02,Vegetables
EGY,30,3025.6,v02,Vegetables
GBR,30,8848.4,v02,Vegetables
GLB,30,763223.5,v02,Vegetables
IND,30,256775.5,v02,Vegetables
ISR,30,148.1,v02,Vegetables
JPN,30,7178.9,v02,Vegetables
MEX,30,20104.8,v02,Vegetables
NGA,30,39699.9,v02,Vegetables
NZL,30,787.0,v02,Vegetables
ROU,30,665.6,v02,Vegetables
TUR,30,-860.2,v02,Vegetables
USA,30,34649.9,v02,Vegetables
ZAF,30,27761.5,v02,Vegetables
AUS,1,0.0,v05,Legumes
BGD,1,0.0,v05,Legumes
BGR,1,0.0,v05,Legumes
BRA,1,0.0,v05,Legumes
CAN,1,0.0,v05,Legumes
CHN,1,0.0,v05,Legumes
DEU,1,0.0,v05,Legumes
EGY,1,0.0,v05,Legumes
GBR,1,0.0,v05,Legumes
GLB,1,0.0,v05,Legumes
IND,1,0.0,v05,Legumes
ISR,1,0.0,v05,Legumes
JPN,1,0.0,v05,Legumes
MEX,1,0.0,v05,Legumes
NGA,1,0.0,v05,Legumes
NZL,1,0.0,v05,Legumes
ROU,1,0.0,v05,Legumes
TUR,1,0.0,v05,Legumes
USA,1,0.0,v05,Legumes
ZAF,1,0.0,v05,Legumes
AUS,2,4.7,v05,Legumes
BGD,2,36.1,v05,Legumes
BGR,2,5.0,v05,Legumes
BRA,2,8.8,v05,Legumes
CAN,2,3.3,v05,Legumes
CHN,2,252.8,v05,Legumes
DEU,2,60.4,v05,Legumes
EGY,2,25.5,v05,Legumes
GBR,2,14.5,v05,Legumes
GLB,2,901.1,v05,Legumes
IND,2,96.1,v05,Legumes
ISR,2,0.7,v05,Legumes
JPN,2,3.6,v05,Legumes
MEX,2,8.2,v05,Legumes
NGA,2,12.0,v05,Legumes
NZL,2,1.8,v05,Legumes
ROU,2,23.7,v05,Legumes
TUR,2,6.0,v05,Legumes
USA,2,103.1,v05,Legumes
ZAF,2,3.9,v05,Legumes
AUS,3,15.9,v05,Legumes
BGD,3,121.1,v05,Legumes
BGR,3,16.9,v05,Legumes
BRA,3,30.8,v05,Legumes
CAN,3,11.4,v05,Legumes
CHN,3,867.4,v05,Legumes
DEU,3,205.6,v05,Legumes
EGY,3,83.8,v05,Legumes
GBR,3,49.7,v05,Legumes
GLB,3,3116.7,v05,Legumes
IND,3,330.8,v05,Legumes
ISR,3,2.3,v05,Legumes
JPN,3,12.3,v05,Legumes
MEX,3,29.0,v05,Legumes
NGA,3,40.2,v05,Legumes
NZL,3,6.1,v05,Legumes
ROU,3,77.0,v05,Legumes
TUR,3,20.6,v05,Legumes
USA,3,350.7,v05,Legumes
ZAF,3,13.5,v05,Legumes
AUS,4,36.3,v05,Legumes
BGD,4,275.4,v05,Legumes
BGR,4,38.5,v05,Legumes
BRA,4,72.3,v05,Legumes
CAN,4,26.8,v05,Legumes
CHN,4,2009.0,v05,Legumes
DEU,4,469.9,v05,Legumes
EGY,4,188.0,v05,Legumes
GBR,4,114.6,v05,Legumes
GLB,4,7246.4,v05,Legumes
IND,4,765.3,v05,Legumes
ISR,4,5.2,v05,Legumes
JPN,4,28.5,v05,Legumes
MEX,4,68.6,v05,Legumes
NGA,4,91.5,v05,Legumes
NZL,4,13.9,v05,Legumes
ROU,4,171.0,v05,Legumes
TUR,4,47.3,v05,Legumes
USA,4,805.4,v05,Legumes
ZAF,4,31.7,v05,Legumes
AUS,5,69.7,v05,Legumes
BGD,5,524.9,v05,Legumes
BGR,5,73.3,v05,Legumes
BRA,5,141.3,v05,Legumes
CAN,5,52.6,v05,Legumes
CHN,5,3896.5,v05,Legumes
DEU,5,894.4,v05,Legumes
EGY,5,355.8,v05,Legumes
GBR,5,220.3,v05,Legumes
GLB,5,14063.1,v05,Legumes
IND,5,1477.0,v05,Legumes
ISR,5,10.2,v05,Legumes
JPN,5,54.8,v05,Legumes
MEX,5,135.4,v05,Legumes
NGA,5,175.2,v05,Legumes
NZL,5,26.4,v05,Legumes
ROU,5,318.9,v05,Legumes
TUR,5,90.8,v05,Legumes
USA,5,1548.5,v05,Legumes
ZAF,5,62.2,v05,Legumes
AUS,6,120.3,v05,Legumes
BGD,6,898.1,v05,Legumes
BGR,6,124.9,v05,Legumes
BRA,6,246.9,v05,Legumes
CAN,6,92.4,v05,Legumes
CHN,6,6783.3,v05,Legumes
DEU,6,1521.2,v05,Legumes
EGY,6,606.5,v05,Legumes
GBR,6,378.7,v05,Legumes
GLB,6,24436.5,v05,Legumes
IND,6,2551.1,v05,Legumes
ISR,6,17.7,v05,Legumes
JPN,6,94.2,v05,Legumes
MEX,6,238.8,v05,Legumes
NGA,6,301.9,v05,Legumes
NZL,6,45.2,v05,Legumes
ROU,6,534.6,v05,Legumes
TUR,6,156.4,v05,Legumes
USA,6,2671.5,v05,Legumes
ZAF,6,109.2,v05,Legumes
AUS,7,192.0,v05,Legumes
BGD,7,1420.7,v05,Legumes
BGR,7,196.7,v05,Legumes
BRA,7,398.2,v05,Legumes
CAN,7,149.7,v05,Legumes
CHN,7,10919.4,v05,Legumes
DEU,7,2385.1,v05,Legumes
EGY,7,958.1,v05,Legumes
GBR,7,601.0,v05,Legumes
GLB,7,39203.2,v05,Legumes
IND,7,4066.2,v05,Legumes
ISR,7,28.5,v05,Legumes
JPN,7,149.1,v05,Legumes
MEX,7,388.2,v05,Legumes
NGA,7,481.8,v05,Legumes
NZL,7,71.5,v05,Legumes
ROU,7,828.6,v05,Legumes
TUR,7,249.0,v05,Legumes
USA,7,4261.3,v05,Legumes
ZAF,7,177.2,v05,Legumes
AUS,8,287.8,v05,Legumes
BGD,8,2110.7,v05,Legumes
BGR,8,290.5,v05,Legumes
BRA,8,602.6,v05,Legumes
CAN,8,227.6,v05,Legumes
CHN,8,16510.1,v05,Legumes
DEU,8,3507.9,v05,Legumes
EGY,8,1423.7,v05,Legumes
GBR,8,894.9,v05,Legumes
GLB,8,59034.2,v05,Legumes
IND,8,6080.6,v05,Legumes
ISR,8,43.0,v05,Legumes
JPN,8,221.3,v05,Legumes
MEX,8,591.2,v05,Legumes
NGA,8,723.4,v05,Legumes
NZL,8,106.3,v05,Legumes
ROU,8,1206.6,v05,Legumes
TUR,8,372.5,v05,Legumes
USA,8,6386.6,v05,Legumes
ZAF,8,269.8,v05,Legumes
AUS,9,409.5,v05,Legumes
BGD,9,2975.8,v05,Legumes
BGR,9,406.7,v05,Legumes
BRA,9,865.0,v05,Legumes
CAN,9,327.9,v05,Legumes
CHN,9,23690.3,v05,Legumes
DEU,9,4896.9,v05,Legumes
EGY,9,2010.3,v05,Legumes
GBR,9,1264.7,v05,Legumes
GLB,9,84358.9,v05,Legumes
IND,9,8625.8,v05,Legumes
ISR,9,61.8,v05,Legumes
JPN,9,311.5,v05,Legumes
MEX,9,853.1,v05,Legumes
NGA,9,1032.1,v05,Legumes
NZL,9,150.2,v05,Legumes
ROU,9,1668.6,v05,Legumes
TUR,9,529.3,v05,Legumes
USA,9,9089.3,v05,Legumes
ZAF,9,389.7,v05,Legumes
AUS,10,557.5,v05,Legumes
BGD,10,4014.7,v05,Legumes
BGR,10,544.7,v05,Legumes
BRA,10,1188.3,v05,Legumes
CAN,10,451.8,v05,Legumes
CHN,10,32520.9,v05,Legumes
DEU,10,6546.7,v05,Legumes
EGY,10,2718.7,v05,Legumes
GBR,10,1710.7,v05,Legumes
GLB,10,115362.8,v05,Legumes
IND,10,11707.0,v05,Legumes
ISR,10,84.8,v05,Legumes
JPN,10,419.4,v05,Legumes
MEX,10,1176.7,v05,Legumes
NGA,10,1410.5,v05,Legumes
NZL,10,203.2,v05,Legumes
ROU,10,2210.3,v05,Legumes
TUR,10,720.4,v05,Legumes
USA,10,12384.6,v05,Legumes
ZAF,10,538.5,v05,Legumes
AUS,11,731.2,v05,Legumes
BGD,11,5219.2,v05,Legumes
BGR,11,702.5,v05,Legumes
BRA,11,1572.9,v05,Legumes
CAN,11,599.4,v05,Legumes
CHN,11,43000.6,v05,Legumes
DEU,11,8444.3,v05,Legumes
EGY,11,3545.7,v05,Legumes
GBR,11,2230.7,v05,Legumes
GLB,11,152032.8,v05,Legumes
IND,11,15309.4,v05,Legumes
ISR,11,112.2,v05,Legumes
JPN,11,544.3,v05,Legumes
MEX,11,1562.4,v05,Legumes
NGA,11,1859.2,v05,Legumes
NZL,11,265.0,v05,Legumes
ROU,11,2824.3,v05,Legumes
TUR,11,945.5,v05,Legumes
USA,11,16265.4,v05,Legumes
ZAF,11,716.6,v05,Legumes
AUS,12,929.5,v05,Legumes
BGD,12,6577.2,v05,Legumes
BGR,12,878.0,v05,Legumes
BRA,12,2018.0,v05,Legumes
CAN,12,770.3,v05,Legumes
CHN,12,55084.9,v05,Legumes
DEU,12,10572.2,v05,Legumes
EGY,12,4485.5,v05,Legumes
GBR,12,2820.6,v05,Legumes
GLB,12,194218.2,v05,Legumes
IND,12,19406.0,v05,Legumes
ISR,12,143.9,v05,Legumes
JPN,12,684.7,v05,Legumes
MEX,12,2009.5,v05,Legumes
NGA,12,2377.4,v05,Legumes
NZL,12,335.3,v05,Legumes
ROU,12,3502.1,v05,Legumes
TUR,12,1203.7,v05,Legumes
USA,12,20708.8,v05,Legumes
ZAF,12,923.9,v05,Legumes
AUS,13,1150.9,v05,Legumes
BGD,13,8074.9,v05,Legumes
BGR,13,1068.8,v05,Legumes
BRA,13,2521.5,v05,Legumes
CAN,13,963.8,v05,Legumes
CHN,13,68703.5,v05,Legumes
DEU,13,12911.8,v05,Legumes
EGY,13,5530.9,v05,Legumes
GBR,13,3475.7,v05,Legumes
GLB,13,241685.4,v05,Legumes
IND,13,23963.1,v05,Legumes
ISR,13,179.7,v05,Legumes
JPN,13,839.3,v05,Legumes
MEX,13,2516.0,v05,Legumes
NGA,13,2963.6,v05,Legumes
NZL,13,413.3,v05,Legumes
ROU,13,4235.0,v05,Legumes
TUR,13,1493.5,v05,Legumes
USA,13,25682.5,v05,Legumes
ZAF,13,1159.6,v05,Legumes
AUS,14,1393.9,v05,Legumes
BGD,14,9698.5,v05,Legumes
BGR,14,1272.7,v05,Legumes
BRA,14,3081.0,v05,Legumes
CAN,14,1178.6,v05,Legumes
CHN,14,83773.0,v05,Legumes
DEU,14,15444.2,v05,Legumes
EGY,14,6674.7,v05,Legumes
GBR,14,4190.8,v05,Legumes
GLB,14,294158.1,v05,Legumes
IND,14,28945.1,v05,Legumes
ISR,14,219.4,v05,Legumes
JPN,14,1006.6,v05,Legumes
MEX,14,3079.6,v05,Legumes
NGA,14,3616.1,v05,Legumes
NZL,14,498.5,v05,Legumes
ROU,14,5015.1,v05,Legumes
TUR,14,1813.4,v05,Legumes
USA,14,31148.2,v05,Legumes
ZAF,14,1422.9,v05,Legumes
AUS,15,1656.7,v05,Legumes
BGD,15,11435.1,v05,Legumes
BGR,15,1487.7,v05,Legumes
BRA,15,3693.4,v05,Legumes
CAN,15,1413.6,v05,Legumes
CHN,15,100206.2,v05,Legumes
DEU,15,18151.3,v05,Legumes
EGY,15,7909.8,v05,Legumes
GBR,15,4961.0,v05,Legumes
GLB,15,351343.3,v05,Legumes
IND,15,34317.0,v05,Legumes
ISR,15,262.7,v05,Legumes
JPN,15,1185.2,v05,Legumes
MEX,15,3697.7,v05,Legumes
NGA,15,4333.1,v05,Legumes
NZL,15,590.2,v05,Legumes
ROU,15,5835.0,v05,Legumes
TUR,15,2161.5,v05,Legumes
USA,15,37065.4,v05,Legumes
ZAF,15,1712.4,v05,Legumes
AUS,16,1937.8,v05,Legumes
BGD,16,13272.7,v05,Legumes
BGR,16,1711.8,v05,Legumes
BRA,16,4355.9,v05,Legumes
CAN,16,1667.6,v05,Legumes
CHN,16,117916.3,v05,Legumes
DEU,16,21016.1,v05,Legumes
EGY,16,9229.9,v05,Legumes
GBR,16,5781.8,v05,Legumes
GLB,16,412947.5,v05,Legumes
IND,16,40045.7,v05,Legumes
ISR,16,309.5,v05,Legumes
JPN,16,1373.7,v05,Legumes
MEX,16,4367.7,v05,Legumes
NGA,16,5112.9,v05,Legumes
NZL,16,688.0,v05,Legumes
ROU,16,6688.6,v05,Legumes
TUR,16,2536.4,v05,Legumes
USA,16,43393.2,v05,Legumes
ZAF,16,2027.2,v05,Legumes
AUS,17,2235.9,v05,Legumes
BGD,17,15200.8,v05,Legumes
BGR,17,1943.7,v05,Legumes
BRA,17,5065.3,v05,Legumes
CAN,17,1939.0,v05,Legumes
CHN,17,136820.1,v05,Legumes
DEU,17,24022.3,v05,Legumes
EGY,17,10629.2,v05,Legumes
GBR,17,6648.7,v05,Legumes
GLB,17,478685.3,v05,Legumes
IND,17,46100.9,v05,Legumes
ISR,17,359.6,v05,Legumes
JPN,17,1570.9,v05,Legumes
MEX,17,5087.1,v05,Legumes
NGA,17,5954.0,v05,Legumes
NZL,17,791.3,v05,Legumes
ROU,17,7570.4,v05,Legumes
TUR,17,2936.3,v05,Legumes
USA,17,50091.2,v05,Legumes
ZAF,17,2365.9,v05,Legumes
AUS,18,2549.5,v05,Legumes
BGD,18,17210.0,v05,Legumes
BGR,18,2181.8,v05,Legumes
BRA,18,5818.4,v05,Legumes
CAN,18,2226.8,v05,Legumes
CHN,18,156838.1,v05,Legumes
DEU,18,27154.6,v05,Legumes
EGY,18,12102.4,v05,Legumes
GBR,18,7557.7,v05,Legumes
GLB,18,548283.0,v05,Legumes
IND,18,52454.5,v05,Legumes
ISR,18,412.8,v05,Legumes
JPN,18,1776.0,v05,Legumes
MEX,18,5853.2,v05,Legumes
NGA,18,6855.0,v05,Legumes
NZL,18,899.5,v05,Legumes
ROU,18,8475.9,v05,Legumes
TUR,18,3359.8,v05,Legumes
USA,18,57120.7,v05,Legumes
ZAF,18,2727.5,v05,Legumes
AUS,19,2877.5,v05,Legumes
BGD,19,19292.0,v05,Legumes
BGR,19,2425.1,v05,Legumes
BRA,19,6612.4,v05,Legumes
CAN,19,2529.5,v05,Legumes
CHN,19,177894.2,v05,Legumes
DEU,19,30398.3,v05,Legumes
EGY,19,13644.6,v05,Legumes
GBR,19,8505.3,v05,Legumes
GLB,19,621480.1,v05,Legumes
IND,19,59081.0,v05,Legumes
ISR,19,468.8,v05,Legumes
JPN,19,1988.0,v05,Legumes
MEX,19,6663.6,v05,Legumes
NGA,19,7814.7,v05,Legumes
NZL,19,1012.3,v05,Legumes
ROU,19,9401.2,v05,Legumes
TUR,19,3805.6,v05,Legumes
USA,19,64444.6,v05,Legumes
ZAF,19,3110.9,v05,Legumes
AUS,20,3218.8,v05,Legumes
BGD,20,21439.3,v05,Legumes
BGR,20,2672.6,v05,Legumes
BRA,20,7444.1,v05,Legumes
CAN,20,2845.9,v05,Legumes
CHN,20,199915.5,v05,Legumes
DEU,20,33739.6,v05,Legumes
EGY,20,15251.4,v05,Legumes
GBR,20,9488.0,v05,Legumes
GLB,20,698029.0,v05,Legumes
IND,20,65956.9,v05,Legumes
ISR,20,527.6,v05,Legumes
JPN,20,2206.0,v05,Legumes
MEX,20,7516.0,v05,Legumes
NGA,20,8831.7,v05,Legumes
NZL,20,1129.3,v05,Legumes
ROU,20,10343.1,v05,Legumes
TUR,20,4272.1,v05,Legumes
USA,20,72028.4,v05,Legumes
ZAF,20,3515.1,v05,Legumes
AUS,21,3572.2,v05,Legumes
BGD,21,23645.3,v05,Legumes
BGR,21,2923.3,v05,Legumes
BRA,21,8310.9,v05,Legumes
CAN,21,3174.8,v05,Legumes
CHN,21,222831.3,v05,Legumes
DEU,21,37165.3,v05,Legumes
EGY,21,16918.2,v05,Legumes
GBR,21,10502.6,v05,Legumes
GLB,21,777693.9,v05,Legumes
IND,21,73060.1,v05,Legumes
ISR,21,589.0,v05,Legumes
JPN,21,2429.5,v05,Legumes
MEX,21,8407.9,v05,Legumes
NGA,21,9904.9,v05,Legumes
NZL,21,1249.9,v05,Legumes
ROU,21,11298.6,v05,Legumes
TUR,21,4758.3,v05,Legumes
USA,21,79839.5,v05,Legumes
ZAF,21,3939.1,v05,Legumes
AUS,22,3937.0,v05,Legumes
BGD,22,25903.6,v05,Legumes
BGR,22,3176.6,v05,Legumes
BRA,22,9209.7,v05,Legumes
CAN,22,3515.1,v05,Legumes
CHN,22,246572.2,v05,Legumes
DEU,22,40662.8,v05,Legumes
EGY,22,18640.6,v05,Legumes
GBR,22,11546.1,v05,Legumes
GLB,22,860249.4,v05,Legumes
IND,22,80370.0,v05,Legumes
ISR,22,652.9,v05,Legumes
JPN,22,2657.8,v05,Legumes
MEX,22,9337.1,v05,Legumes
NGA,22,11033.2,v05,Legumes
NZL,22,1374.0,v05,Legumes
ROU,22,12265.3,v05,Legumes
TUR,22,5262.8,v05,Legumes
USA,22,87847.8,v05,Legumes
ZAF,22,4382.1,v05,Legumes
AUS,23,4312.1,v05,Legumes
BGD,23,28208.3,v05,Legumes
BGR,23,3431.7,v05,Legumes
BRA,23,10138.0,v05,Legumes
CAN,23,3865.5,v05,Legumes
CHN,23,271069.8,v05,Legumes
DEU,23,44220.2,v05,Legumes
EGY,23,20414.2,v05,Legumes
GBR,23,12615.6,v05,Legumes
GLB,23,945478.5,v05,Legumes
IND,23,87866.6,v05,Legumes
ISR,23,719.2,v05,Legumes
JPN,23,2890.4,v05,Legumes
MEX,23,10301.3,v05,Legumes
NGA,23,12215.2,v05,Legumes
NZL,23,1501.2,v05,Legumes
ROU,23,13240.6,v05,Legumes
TUR,23,5784.4,v05,Legumes
USA,23,96025.6,v05,Legumes
ZAF,23,4843.1,v05,Legumes
AUS,24,4696.8,v05,Legumes
BGD,24,30553.7,v05,Legumes
BGR,24,3688.1,v05,Legumes
BRA,24,11092.9,v05,Legumes
CAN,24,4225.0,v05,Legumes
CHN,24,296256.6,v05,Legumes
DEU,24,47826.4,v05,Legumes
EGY,24,22234.0,v05,Legumes
GBR,24,13708.4,v05,Legumes
GLB,24,1033171.5,v05,Legumes
IND,24,95530.3,v05,Legumes
ISR,24,787.8,v05,Legumes
JPN,24,3126.8,v05,Legumes
MEX,24,11298.3,v05,Legumes
NGA,24,13449.6,v05,Legumes
NZL,24,1631.1,v05,Legumes
ROU,24,14222.5,v05,Legumes
TUR,24,6322.0,v05,Legumes
USA,24,104347.1,v05,Legumes
ZAF,24,5321.4,v05,Legumes
AUS,25,5090.3,v05,Legumes
BGD,25,32934.2,v05,Legumes
BGR,25,3945.0,v05,Legumes
BRA,25,12071.8,v05,Legumes
CAN,25,4592.6,v05,Legumes
CHN,25,322065.1,v05,Legumes
DEU,25,51471.0,v05,Legumes
EGY,25,24095.1,v05,Legumes
GBR,25,14821.8,v05,Legumes
GLB,25,1123123.9,v05,Legumes
IND,25,103341.8,v05,Legumes
ISR,25,858.6,v05,Legumes
JPN,25,3366.6,v05,Legumes
MEX,25,12325.7,v05,Legumes
NGA,25,14734.9,v05,Legumes
NZL,25,1763.5,v05,Legumes
ROU,25,15208.9,v05,Legumes
TUR,25,6874.3,v05,Legumes
USA,25,112788.9,v05,Legumes
ZAF,25,5816.1,v05,Legumes
AUS,26,5492.0,v05,Legumes
BGD,26,35344.2,v05,Legumes
BGR,26,4202.1,v05,Legumes
BRA,26,13072.0,v05,Legumes
CAN,26,4967.3,v05,Legumes
CHN,26,348428.7,v05,Legumes
DEU,26,55144.3,v05,Legumes
EGY,26,25992.0,v05,Legumes
GBR,26,15953.2,v05,Legumes
GLB,26,1215135.2,v05,Legumes
IND,26,111281.8,v05,Legumes
ISR,26,931.5,v05,Legumes
JPN,26,3609.3,v05,Legumes
MEX,26,13381.3,v05,Legumes
NGA,26,16069.5,v05,Legumes
NZL,26,1898.1,v05,Legumes
ROU,26,16197.7,v05,Legumes
TUR,26,7440.1,v05,Legumes
USA,26,121329.3,v05,Legumes
ZAF,26,6326.4,v05,Legumes
AUS,27,5901.0,v05,Legumes
BGD,27,37778.0,v05,Legumes
BGR,27,4458.7,v05,Legumes
BRA,27,14091.0,v05,Legumes
CAN,27,5348.3,v05,Legumes
CHN,27,375281.2,v05,Legumes
DEU,27,58837.4,v05,Legumes
EGY,27,27918.9,v05,Legumes
GBR,27,17100.3,v05,Legumes
GLB,27,1309007.2,v05,Legumes
IND,27,119330.8,v05,Legumes
ISR,27,1006.5,v05,Legumes
JPN,27,3854.5,v05,Legumes
MEX,27,14462.9,v05,Legumes
NGA,27,17451.6,v05,Legumes
NZL,27,2034.6,v05,Legumes
ROU,27,17187.0,v05,Legumes
TUR,27,8018.0,v05,Legumes
USA,27,129948.2,v05,Legumes
ZAF,27,6851.5,v05,Legumes
AUS,28,6316.8,v05,Legumes
BGD,28,40229.8,v05,Legumes
BGR,28,4714.3,v05,Legumes
BRA,28,15126.1,v05,Legumes
CAN,28,5734.7,v05,Legumes
CHN,28,402557.2,v05,Legumes
DEU,28,62541.9,v05,Legumes
EGY,28,29869.7,v05,Legumes
GBR,28,18260.4,v05,Legumes
GLB,28,1404542.6,v05,Legumes
IND,28,127469.0,v05,Legumes
ISR,28,1083.4,v05,Legumes
JPN,28,4101.9,v05,Legumes
MEX,28,15568.0,v05,Legumes
NGA,28,18879.1,v05,Legumes
NZL,28,2172.8,v05,Legumes
ROU,28,18174.7,v05,Legumes
TUR,28,8606.8,v05,Legumes
USA,28,138627.3,v05,Legumes
ZAF,28,7390.5,v05,Legumes
AUS,29,6738.6,v05,Legumes
BGD,29,42693.7,v05,Legumes
BGR,29,4968.4,v05,Legumes
BRA,29,16174.7,v05,Legumes
CAN,29,6125.7,v05,Legumes
CHN,29,430192.2,v05,Legumes
DEU,29,66250.2,v05,Legumes
EGY,29,31837.7,v05,Legumes
GBR,29,19431.4,v05,Legumes
GLB,29,1501543.8,v05,Legumes
IND,29,135676.1,v05,Legumes
ISR,29,1162.3,v05,Legumes
JPN,29,4351.0,v05,Legumes
MEX,29,16694.3,v05,Legumes
NGA,29,20349.7,v05,Legumes
NZL,29,2312.4,v05,Legumes
ROU,29,19158.9,v05,Legumes
TUR,29,9205.2,v05,Legumes
USA,29,147349.4,v05,Legumes
ZAF,29,7942.6,v05,Legumes
AUS,30,7166.0,v05,Legumes
BGD,30,45163.8,v05,Legumes
BGR,30,5220.6,v05,Legumes
BRA,30,17234.3,v05,Legumes
CAN,30,6520.5,v05,Legumes
CHN,30,458122.8,v05,Legumes
DEU,30,69955.2,v05,Legumes
EGY,30,33816.2,v05,Legumes
GBR,30,20610.8,v05,Legumes
GLB,30,1599811.9,v05,Legumes
IND,30,143931.6,v05,Legumes
ISR,30,1242.9,v05,Legumes
JPN,30,4601.4,v05,Legumes
MEX,30,17839.5,v05,Legumes
NGA,30,21860.9,v05,Legumes
NZL,30,2453.3,v05,Legumes
ROU,30,20137.7,v05,Legumes
TUR,30,9811.6,v05,Legumes
USA,30,156098.3,v05,Legumes
ZAF,30,8506.8,v05,Legumes
AUS,1,0.0,v06,Nuts & seeds
BGD,1,0.0,v06,Nuts & seeds
BGR,1,0.0,v06,Nuts & seeds
BRA,1,0.0,v06,Nuts & seeds
CAN,1,0.0,v06,Nuts & seeds
CHN,1,0.0,v06,Nuts & seeds
DEU,1,0.0,v06,Nuts & seeds
EGY,1,0.0,v06,Nuts & seeds
GBR,1,0.0,v06,Nuts & seeds
GLB,1,0.0,v06,Nuts & seeds
IND,1,0.0,v06,Nuts & seeds
ISR,1,0.0,v06,Nuts & seeds
JPN,1,0.0,v06,Nuts & seeds
MEX,1,0.0,v06,Nuts & seeds
NGA,1,0.0,v06,Nuts & seeds
NZL,1,0.0,v06,Nuts & seeds
ROU,1,0.0,v06,Nuts & seeds
TUR,1,0.0,v06,Nuts & seeds
USA,1,0.0,v06,Nuts & seeds
ZAF,1,0.0,v06,Nuts & seeds
AUS,2,3.4,v06,Nuts & seeds
BGD,2,108.6,v06,Nuts & seeds
BGR,2,5.3,v06,Nuts & seeds
BRA,2,51.5,v06,Nuts & seeds
CAN,2,2.2,v06,Nuts & seeds
CHN,2,150.6,v06,Nuts & seeds
DEU,2,23.2,v06,Nuts & seeds
EGY,2,113.4,v06,Nuts & seeds
GBR,2,22.2,v06,Nuts & seeds
GLB,2,1418.3,v06,Nuts & seeds
IND,2,621.0,v06,Nuts & seeds
ISR,2,0.2,v06,Nuts & seeds
JPN,2,22.7,v06,Nuts & seeds
MEX,2,38.7,v06,Nuts & seeds
NGA,2,3.6,v06,Nuts & seeds
NZL,2,1.0,v06,Nuts & seeds
ROU,2,33.2,v06,Nuts & seeds
TUR,2,11.1,v06,Nuts & seeds
USA,2,27.1,v06,Nuts & seeds
ZAF,2,6.5,v06,Nuts & seeds
AUS,3,11.5,v06,Nuts & seeds
BGD,3,364.8,v06,Nuts & seeds
BGR,3,17.9,v06,Nuts & seeds
BRA,3,180.2,v06,Nuts & seeds
CAN,3,7.8,v06,Nuts & seeds
CHN,3,516.9,v06,Nuts & seeds
DEU,3,79.0,v06,Nuts & seeds
EGY,3,372.2,v06,Nuts & seeds
GBR,3,76.3,v06,Nuts & seeds
GLB,3,4905.5,v06,Nuts & seeds
IND,3,2138.4,v06,Nuts & seeds
ISR,3,0.5,v06,Nuts & seeds
JPN,3,78.5,v06,Nuts & seeds
MEX,3,136.7,v06,Nuts & seeds
NGA,3,12.0,v06,Nuts & seeds
NZL,3,3.3,v06,Nuts & seeds
ROU,3,108.0,v06,Nuts & seeds
TUR,3,37.8,v06,Nuts & seeds
USA,3,92.3,v06,Nuts & seeds
ZAF,3,22.8,v06,Nuts & seeds
AUS,4,26.3,v06,Nuts & seeds
BGD,4,829.4,v06,Nuts & seeds
BGR,4,40.7,v06,Nuts & seeds
BRA,4,422.9,v06,Nuts & seeds
CAN,4,18.3,v06,Nuts & seeds
CHN,4,1197.0,v06,Nuts & seeds
DEU,4,180.6,v06,Nuts & seeds
EGY,4,835.1,v06,Nuts & seeds
GBR,4,176.0,v06,Nuts & seeds
GLB,4,11405.7,v06,Nuts & seeds
IND,4,4946.9,v06,Nuts & seeds
ISR,4,1.2,v06,Nuts & seeds
JPN,4,181.8,v06,Nuts & seeds
MEX,4,323.7,v06,Nuts & seeds
NGA,4,27.3,v06,Nuts & seeds
NZL,4,7.5,v06,Nuts & seeds
ROU,4,239.9,v06,Nuts & seeds
TUR,4,86.8,v06,Nuts & seeds
USA,4,211.8,v06,Nuts & seeds
ZAF,4,53.4,v06,Nuts & seeds
AUS,5,50.6,v06,Nuts & seeds
BGD,5,1580.7,v06,Nuts & seeds
BGR,5,77.4,v06,Nuts & seeds
BRA,5,826.7,v06,Nuts & seeds
CAN,5,35.9,v06,Nuts & seeds
CHN,5,2321.6,v06,Nuts & seeds
DEU,5,343.8,v06,Nuts & seeds
EGY,5,1580.4,v06,Nuts & seeds
GBR,5,338.2,v06,Nuts & seeds
GLB,5,22135.2,v06,Nuts & seeds
IND,5,9547.7,v06,Nuts & seeds
ISR,5,2.4,v06,Nuts & seeds
JPN,5,349.8,v06,Nuts & seeds
MEX,5,638.8,v06,Nuts & seeds
NGA,5,52.2,v06,Nuts & seeds
NZL,5,14.3,v06,Nuts & seeds
ROU,5,447.6,v06,Nuts & seeds
TUR,5,166.6,v06,Nuts & seeds
USA,5,407.3,v06,Nuts & seeds
ZAF,5,104.7,v06,Nuts & seeds
AUS,6,87.3,v06,Nuts & seeds
BGD,6,2704.8,v06,Nuts & seeds
BGR,6,131.9,v06,Nuts & seeds
BRA,6,1445.1,v06,Nuts & seeds
CAN,6,63.0,v06,Nuts & seeds
CHN,6,4041.5,v06,Nuts & seeds
DEU,6,584.6,v06,Nuts & seeds
EGY,6,2694.6,v06,Nuts & seeds
GBR,6,581.5,v06,Nuts & seeds
GLB,6,38463.9,v06,Nuts & seeds
IND,6,16491.5,v06,Nuts & seeds
ISR,6,4.2,v06,Nuts & seeds
JPN,6,601.1,v06,Nuts & seeds
MEX,6,1126.7,v06,Nuts & seeds
NGA,6,90.0,v06,Nuts & seeds
NZL,6,24.5,v06,Nuts & seeds
ROU,6,750.2,v06,Nuts & seeds
TUR,6,286.9,v06,Nuts & seeds
USA,6,702.6,v06,Nuts & seeds
ZAF,6,184.0,v06,Nuts & seeds
AUS,7,139.3,v06,Nuts & seeds
BGD,7,4279.0,v06,Nuts & seeds
BGR,7,207.6,v06,Nuts & seeds
BRA,7,2330.5,v06,Nuts & seeds
CAN,7,102.2,v06,Nuts & seeds
CHN,7,6505.5,v06,Nuts & seeds
DEU,7,916.5,v06,Nuts & seeds
EGY,7,4257.7,v06,Nuts & seeds
GBR,7,922.7,v06,Nuts & seeds
GLB,7,61708.8,v06,Nuts & seeds
IND,7,26287.2,v06,Nuts & seeds
ISR,7,6.8,v06,Nuts & seeds
JPN,7,951.7,v06,Nuts & seeds
MEX,7,1831.3,v06,Nuts & seeds
NGA,7,143.6,v06,Nuts & seeds
NZL,7,38.8,v06,Nuts & seeds
ROU,7,1162.9,v06,Nuts & seeds
TUR,7,456.7,v06,Nuts & seeds
USA,7,1120.7,v06,Nuts & seeds
ZAF,7,298.5,v06,Nuts & seeds
AUS,8,208.8,v06,Nuts & seeds
BGD,8,6357.4,v06,Nuts & seeds
BGR,8,306.6,v06,Nuts & seeds
BRA,8,3526.4,v06,Nuts & seeds
CAN,8,155.2,v06,Nuts & seeds
CHN,8,9835.7,v06,Nuts & seeds
DEU,8,1347.7,v06,Nuts & seeds
EGY,8,6328.7,v06,Nuts & seeds
GBR,8,1374.1,v06,Nuts & seeds
GLB,8,92927.1,v06,Nuts & seeds
IND,8,39313.5,v06,Nuts & seeds
ISR,8,10.3,v06,Nuts & seeds
JPN,8,1412.5,v06,Nuts & seeds
MEX,8,2789.3,v06,Nuts & seeds
NGA,8,215.6,v06,Nuts & seeds
NZL,8,57.7,v06,Nuts & seeds
ROU,8,1693.6,v06,Nuts & seeds
TUR,8,683.2,v06,Nuts & seeds
USA,8,1679.4,v06,Nuts & seeds
ZAF,8,454.6,v06,Nuts & seeds
AUS,9,297.1,v06,Nuts & seeds
BGD,9,8964.0,v06,Nuts & seeds
BGR,9,429.4,v06,Nuts & seeds
BRA,9,5062.7,v06,Nuts & seeds
CAN,9,223.7,v06,Nuts & seeds
CHN,9,14112.3,v06,Nuts & seeds
DEU,9,1881.0,v06,Nuts & seeds
EGY,9,8938.8,v06,Nuts & seeds
GBR,9,1942.0,v06,Nuts & seeds
GLB,9,132796.0,v06,Nuts & seeds
IND,9,55773.8,v06,Nuts & seeds
ISR,9,14.7,v06,Nuts & seeds
JPN,9,1988.2,v06,Nuts & seeds
MEX,9,4025.7,v06,Nuts & seeds
NGA,9,307.6,v06,Nuts & seeds
NZL,9,81.5,v06,Nuts & seeds
ROU,9,2342.5,v06,Nuts & seeds
TUR,9,970.9,v06,Nuts & seeds
USA,9,2389.9,v06,Nuts & seeds
ZAF,9,656.6,v06,Nuts & seeds
AUS,10,404.5,v06,Nuts & seeds
BGD,10,12094.4,v06,Nuts & seeds
BGR,10,575.0,v06,Nuts & seeds
BRA,10,6955.0,v06,Nuts & seeds
CAN,10,308.2,v06,Nuts & seeds
CHN,10,19371.4,v06,Nuts & seeds
DEU,10,2514.2,v06,Nuts & seeds
EGY,10,12092.9,v06,Nuts & seeds
GBR,10,2627.0,v06,Nuts & seeds
GLB,10,181608.4,v06,Nuts & seeds
IND,10,75703.1,v06,Nuts & seeds
ISR,10,20.2,v06,Nuts & seeds
JPN,10,2677.4,v06,Nuts & seeds
MEX,10,5553.4,v06,Nuts & seeds
NGA,10,420.4,v06,Nuts & seeds
NZL,10,110.3,v06,Nuts & seeds
ROU,10,3103.2,v06,Nuts & seeds
TUR,10,1321.5,v06,Nuts & seeds
USA,10,3255.9,v06,Nuts & seeds
ZAF,10,907.3,v06,Nuts & seeds
AUS,11,530.5,v06,Nuts & seeds
BGD,11,15724.2,v06,Nuts & seeds
BGR,11,741.6,v06,Nuts & seeds
BRA,11,9206.8,v06,Nuts & seeds
CAN,11,408.9,v06,Nuts & seeds
CHN,11,25612.1,v06,Nuts & seeds
DEU,11,3242.3,v06,Nuts & seeds
EGY,11,15777.0,v06,Nuts & seeds
GBR,11,3425.7,v06,Nuts & seeds
GLB,11,239344.6,v06,Nuts & seeds
IND,11,99007.7,v06,Nuts & seeds
ISR,11,26.7,v06,Nuts & seeds
JPN,11,3474.6,v06,Nuts & seeds
MEX,11,7375.1,v06,Nuts & seeds
NGA,11,554.1,v06,Nuts & seeds
NZL,11,143.8,v06,Nuts & seeds
ROU,11,3965.5,v06,Nuts & seeds
TUR,11,1734.5,v06,Nuts & seeds
USA,11,4275.6,v06,Nuts & seeds
ZAF,11,1207.5,v06,Nuts & seeds
AUS,12,674.3,v06,Nuts & seeds
BGD,12,19817.0,v06,Nuts & seeds
BGR,12,926.9,v06,Nuts & seeds
BRA,12,11812.7,v06,Nuts & seeds
CAN,12,525.5,v06,Nuts & seeds
CHN,12,32807.6,v06,Nuts & seeds
DEU,12,4058.5,v06,Nuts & seeds
EGY,12,19965.2,v06,Nuts & seeds
GBR,12,4331.9,v06,Nuts & seeds
GLB,12,305768.5,v06,Nuts & seeds
IND,12,125512.5,v06,Nuts & seeds
ISR,12,34.3,v06,Nuts & seeds
JPN,12,4371.6,v06,Nuts & seeds
MEX,12,9486.8,v06,Nuts & seeds
NGA,12,708.5,v06,Nuts & seeds
NZL,12,181.9,v06,Nuts & seeds
ROU,12,4917.6,v06,Nuts & seeds
TUR,12,2208.3,v06,Nuts & seeds
USA,12,5443.0,v06,Nuts & seeds
ZAF,12,1556.9,v06,Nuts & seeds
AUS,13,835.0,v06,Nuts & seeds
BGD,13,24331.5,v06,Nuts & seeds
BGR,13,1128.4,v06,Nuts & seeds
BRA,13,14761.3,v06,Nuts & seeds
CAN,13,657.4,v06,Nuts & seeds
CHN,13,40916.1,v06,Nuts & seeds
DEU,13,4955.6,v06,Nuts & seeds
EGY,13,24626.3,v06,Nuts & seeds
GBR,13,5338.3,v06,Nuts & seeds
GLB,13,380513.1,v06,Nuts & seeds
IND,13,155001.1,v06,Nuts & seeds
ISR,13,42.8,v06,Nuts & seeds
JPN,13,5359.2,v06,Nuts & seeds
MEX,13,11879.7,v06,Nuts & seeds
NGA,13,883.1,v06,Nuts & seeds
NZL,13,224.2,v06,Nuts & seeds
ROU,13,5947.4,v06,Nuts & seeds
TUR,13,2740.1,v06,Nuts & seeds
USA,13,6749.5,v06,Nuts & seeds
ZAF,13,1954.3,v06,Nuts & seeds
AUS,14,1011.2,v06,Nuts & seeds
BGD,14,29226.3,v06,Nuts & seeds
BGR,14,1343.7,v06,Nuts & seeds
BRA,14,18037.6,v06,Nuts & seeds
CAN,14,803.9,v06,Nuts & seeds
CHN,14,49887.8,v06,Nuts & seeds
DEU,14,5926.4,v06,Nuts & seeds
EGY,14,29728.3,v06,Nuts & seeds
GBR,14,6437.0,v06,Nuts & seeds
GLB,14,463143.6,v06,Nuts & seeds
IND,14,187243.6,v06,Nuts & seeds
ISR,14,52.3,v06,Nuts & seeds
JPN,14,6427.8,v06,Nuts & seeds
MEX,14,14542.9,v06,Nuts & seeds
NGA,14,1077.5,v06,Nuts & seeds
NZL,14,270.4,v06,Nuts & seeds
ROU,14,7043.5,v06,Nuts & seeds
TUR,14,3326.9,v06,Nuts & seeds
USA,14,8184.9,v06,Nuts & seeds
ZAF,14,2398.0,v06,Nuts & seeds
AUS,15,1201.8,v06,Nuts & seeds
BGD,15,34462.0,v06,Nuts & seeds
BGR,15,1570.6,v06,Nuts & seeds
BRA,15,21624.9,v06,Nuts & seeds
CAN,15,964.2,v06,Nuts & seeds
CHN,15,59670.6,v06,Nuts & seeds
DEU,15,6963.9,v06,Nuts & seeds
EGY,15,35240.3,v06,Nuts & seeds
GBR,15,7620.5,v06,Nuts & seeds
GLB,15,553199.3,v06,Nuts & seeds
IND,15,222014.1,v06,Nuts & seeds
ISR,15,62.6,v06,Nuts & seeds
JPN,15,7568.5,v06,Nuts & seeds
MEX,15,17464.4,v06,Nuts & seeds
NGA,15,1291.2,v06,Nuts & seeds
NZL,15,320.1,v06,Nuts & seeds
ROU,15,8195.7,v06,Nuts & seeds
TUR,15,3965.8,v06,Nuts & seeds
USA,15,9738.7,v06,Nuts & seeds
ZAF,15,2886.2,v06,Nuts & seeds
AUS,16,1405.7,v06,Nuts & seeds
BGD,16,40003.1,v06,Nuts & seeds
BGR,16,1807.3,v06,Nuts & seeds
BRA,16,25505.2,v06,Nuts & seeds
CAN,16,1137.4,v06,Nuts & seeds
CHN,16,70213.0,v06,Nuts & seeds
DEU,16,8061.6,v06,Nuts & seeds
EGY,16,41133.7,v06,Nuts & seeds
GBR,16,8881.6,v06,Nuts & seeds
GLB,16,650218.7,v06,Nuts & seeds
IND,16,259099.1,v06,Nuts & seeds
ISR,16,73.7,v06,Nuts & seeds
JPN,16,8772.9,v06,Nuts & seeds
MEX,16,20631.7,v06,Nuts & seeds
NGA,16,1523.5,v06,Nuts & seeds
NZL,16,373.1,v06,Nuts & seeds
ROU,16,9395.3,v06,Nuts & seeds
TUR,16,4653.7,v06,Nuts & seeds
USA,16,11400.1,v06,Nuts & seeds
ZAF,16,3416.8,v06,Nuts & seeds
AUS,17,1621.9,v06,Nuts & seeds
BGD,17,45817.7,v06,Nuts & seeds
BGR,17,2052.0,v06,Nuts & seeds
BRA,17,29660.5,v06,Nuts & seeds
CAN,17,1322.6,v06,Nuts & seeds
CHN,17,81465.3,v06,Nuts & seeds
DEU,17,9213.3,v06,Nuts & seeds
EGY,17,47382.8,v06,Nuts & seeds
GBR,17,10213.8,v06,Nuts & seeds
GLB,17,753752.2,v06,Nuts & seeds
IND,17,298301.7,v06,Nuts & seeds
ISR,17,85.7,v06,Nuts & seeds
JPN,17,10033.6,v06,Nuts & seeds
MEX,17,24032.8,v06,Nuts & seeds
NGA,17,1774.1,v06,Nuts & seeds
NZL,17,429.1,v06,Nuts & seeds
ROU,17,10634.7,v06,Nuts & seeds
TUR,17,5387.6,v06,Nuts & seeds
USA,17,13158.3,v06,Nuts & seeds
ZAF,17,3988.0,v06,Nuts & seeds
AUS,18,1849.4,v06,Nuts & seeds
BGD,18,51877.5,v06,Nuts & seeds
BGR,18,2303.5,v06,Nuts & seeds
BRA,18,34072.8,v06,Nuts & seeds
CAN,18,1518.8,v06,Nuts & seeds
CHN,18,93380.2,v06,Nuts & seeds
DEU,18,10413.0,v06,Nuts & seeds
EGY,18,53964.2,v06,Nuts & seeds
GBR,18,11610.8,v06,Nuts & seeds
GLB,18,863369.3,v06,Nuts & seeds
IND,18,339441.4,v06,Nuts & seeds
ISR,18,98.3,v06,Nuts & seeds
JPN,18,11344.0,v06,Nuts & seeds
MEX,18,27655.5,v06,Nuts & seeds
NGA,18,2042.5,v06,Nuts & seeds
NZL,18,487.7,v06,Nuts & seeds
ROU,18,11907.6,v06,Nuts & seeds
TUR,18,6164.8,v06,Nuts & seeds
USA,18,15003.4,v06,Nuts & seeds
ZAF,18,4597.7,v06,Nuts & seeds
AUS,19,2087.3,v06,Nuts & seeds
BGD,19,58157.6,v06,Nuts & seeds
BGR,19,2560.4,v06,Nuts & seeds
BRA,19,38724.5,v06,Nuts & seeds
CAN,19,1725.2,v06,Nuts & seeds
CHN,19,105912.4,v06,Nuts & seeds
DEU,19,11655.2,v06,Nuts & seeds
EGY,19,60856.3,v06,Nuts & seeds
GBR,19,13067.2,v06,Nuts & seeds
GLB,19,978659.9,v06,Nuts & seeds
IND,19,382353.1,v06,Nuts & seeds
ISR,19,111.7,v06,Nuts & seeds
JPN,19,12698.6,v06,Nuts & seeds
MEX,19,31488.4,v06,Nuts & seeds
NGA,19,2328.3,v06,Nuts & seeds
NZL,19,548.9,v06,Nuts & seeds
ROU,19,13208.5,v06,Nuts & seeds
TUR,19,6982.9,v06,Nuts & seeds
USA,19,16925.4,v06,Nuts & seeds
ZAF,19,5244.3,v06,Nuts & seeds
AUS,20,2334.8,v06,Nuts & seeds
BGD,20,64635.4,v06,Nuts & seeds
BGR,20,2821.7,v06,Nuts & seeds
BRA,20,43598.3,v06,Nuts & seeds
CAN,20,1941.0,v06,Nuts & seeds
CHN,20,119018.5,v06,Nuts & seeds
DEU,20,12934.5,v06,Nuts & seeds
EGY,20,68038.8,v06,Nuts & seeds
GBR,20,14577.5,v06,Nuts & seeds
GLB,20,1099234.1,v06,Nuts & seeds
IND,20,426884.3,v06,Nuts & seeds
ISR,20,125.7,v06,Nuts & seeds
JPN,20,14092.2,v06,Nuts & seeds
MEX,20,35520.1,v06,Nuts & seeds
NGA,20,2631.3,v06,Nuts & seeds
NZL,20,612.2,v06,Nuts & seeds
ROU,20,14532.8,v06,Nuts & seeds
TUR,20,7839.2,v06,Nuts & seeds
USA,20,18915.4,v06,Nuts & seeds
ZAF,20,5925.9,v06,Nuts & seeds
AUS,21,2591.1,v06,Nuts & seeds
BGD,21,71290.6,v06,Nuts & seeds
BGR,21,3086.4,v06,Nuts & seeds
BRA,21,48677.2,v06,Nuts & seeds
CAN,21,2165.3,v06,Nuts & seeds
CHN,21,132656.4,v06,Nuts & seeds
DEU,21,14245.9,v06,Nuts & seeds
EGY,21,75492.1,v06,Nuts & seeds
GBR,21,16137.0,v06,Nuts & seeds
GLB,21,1224720.7,v06,Nuts & seeds
IND,21,472893.1,v06,Nuts & seeds
ISR,21,140.3,v06,Nuts & seeds
JPN,21,15520.6,v06,Nuts & seeds
MEX,21,39739.6,v06,Nuts & seeds
NGA,21,2951.0,v06,Nuts & seeds
NZL,21,677.6,v06,Nuts & seeds
ROU,21,15876.3,v06,Nuts & seeds
TUR,21,8731.4,v06,Nuts & seeds
USA,21,20964.8,v06,Nuts & seeds
ZAF,21,6641.0,v06,Nuts & seeds
AUS,22,2855.6,v06,Nuts & seeds
BGD,22,78104.3,v06,Nuts & seeds
BGR,22,3353.9,v06,Nuts & seeds
BRA,22,53944.9,v06,Nuts & seeds
CAN,22,2397.3,v06,Nuts & seeds
CHN,22,146784.9,v06,Nuts & seeds
DEU,22,15584.5,v06,Nuts & seeds
EGY,22,83196.5,v06,Nuts & seeds
GBR,22,17740.9,v06,Nuts & seeds
GLB,22,1354764.7,v06,Nuts & seeds
IND,22,520244.9,v06,Nuts & seeds
ISR,22,155.5,v06,Nuts & seeds
JPN,22,16980.0,v06,Nuts & seeds
MEX,22,44136.0,v06,Nuts & seeds
NGA,22,3287.1,v06,Nuts & seeds
NZL,22,744.9,v06,Nuts & seeds
ROU,22,17235.5,v06,Nuts & seeds
TUR,22,9657.4,v06,Nuts & seeds
USA,22,23065.8,v06,Nuts & seeds
ZAF,22,7388.1,v06,Nuts & seeds
AUS,23,3127.7,v06,Nuts & seeds
BGD,23,85058.6,v06,Nuts & seeds
BGR,23,3623.3,v06,Nuts & seeds
BRA,23,59385.2,v06,Nuts & seeds
CAN,23,2636.3,v06,Nuts & seeds
CHN,23,161363.2,v06,Nuts & seeds
DEU,23,16945.9,v06,Nuts & seeds
EGY,23,91131.6,v06,Nuts & seeds
GBR,23,19384.9,v06,Nuts & seeds
GLB,23,1489024.5,v06,Nuts & seeds
IND,23,568810.4,v06,Nuts & seeds
ISR,23,171.3,v06,Nuts & seeds
JPN,23,18466.9,v06,Nuts & seeds
MEX,23,48698.6,v06,Nuts & seeds
NGA,23,3639.2,v06,Nuts & seeds
NZL,23,813.7,v06,Nuts & seeds
ROU,23,18607.2,v06,Nuts & seeds
TUR,23,10614.9,v06,Nuts & seeds
USA,23,25210.9,v06,Nuts & seeds
ZAF,23,8165.7,v06,Nuts & seeds
AUS,24,3406.7,v06,Nuts & seeds
BGD,24,92136.3,v06,Nuts & seeds
BGR,24,3893.9,v06,Nuts & seeds
BRA,24,64982.2,v06,Nuts & seeds
CAN,24,2881.4,v06,Nuts & seeds
CHN,24,176351.0,v06,Nuts & seeds
DEU,24,18325.8,v06,Nuts & seeds
EGY,24,99276.1,v06,Nuts & seeds
GBR,24,21064.8,v06,Nuts & seeds
GLB,24,1627169.7,v06,Nuts & seeds
IND,24,618463.5,v06,Nuts & seeds
ISR,24,187.6,v06,Nuts & seeds
JPN,24,19978.2,v06,Nuts & seeds
MEX,24,53416.8,v06,Nuts & seeds
NGA,24,4006.8,v06,Nuts & seeds
NZL,24,884.1,v06,Nuts & seeds
ROU,24,19988.1,v06,Nuts & seeds
TUR,24,11601.6,v06,Nuts & seeds
USA,24,27393.5,v06,Nuts & seeds
ZAF,24,8972.4,v06,Nuts & seeds
AUS,25,3692.1,v06,Nuts & seeds
BGD,25,99320.5,v06,Nuts & seeds
BGR,25,4165.3,v06,Nuts & seeds
BRA,25,70720.2,v06,Nuts & seeds
CAN,25,3132.1,v06,Nuts & seeds
CHN,25,191708.4,v06,Nuts & seeds
DEU,25,19720.2,v06,Nuts & seeds
EGY,25,107607.4,v06,Nuts & seeds
GBR,25,22776.4,v06,Nuts & seeds
GLB,25,1768878.5,v06,Nuts & seeds
IND,25,669079.2,v06,Nuts & seeds
ISR,25,204.5,v06,Nuts & seeds
JPN,25,21511.2,v06,Nuts & seeds
MEX,25,58279.8,v06,Nuts & seeds
NGA,25,4389.7,v06,Nuts & seeds
NZL,25,955.8,v06,Nuts & seeds
ROU,25,21375.4,v06,Nuts & seeds
TUR,25,12615.3,v06,Nuts & seeds
USA,25,29607.5,v06,Nuts & seeds
ZAF,25,9806.9,v06,Nuts & seeds
AUS,26,3983.3,v06,Nuts & seeds
BGD,26,106594.2,v06,Nuts & seeds
BGR,26,4436.7,v06,Nuts & seeds
BRA,26,76583.9,v06,Nuts & seeds
CAN,26,3387.6,v06,Nuts & seeds
CHN,26,207395.7,v06,Nuts & seeds
DEU,26,21125.3,v06,Nuts & seeds
EGY,26,116101.3,v06,Nuts & seeds
GBR,26,24515.8,v06,Nuts & seeds
GLB,26,1913834.8,v06,Nuts & seeds
IND,26,720532.3,v06,Nuts & seeds
ISR,26,221.8,v06,Nuts & seeds
JPN,26,23063.0,v06,Nuts & seeds
MEX,26,63276.9,v06,Nuts & seeds
NGA,26,4787.2,v06,Nuts & seeds
NZL,26,1028.7,v06,Nuts & seeds
ROU,26,22766.2,v06,Nuts & seeds
TUR,26,13653.8,v06,Nuts & seeds
USA,26,31847.1,v06,Nuts & seeds
ZAF,26,10667.7,v06,Nuts & seeds
AUS,27,4279.9,v06,Nuts & seeds
BGD,27,113940.3,v06,Nuts & seeds
BGR,27,4707.6,v06,Nuts & seeds
BRA,27,82557.7,v06,Nuts & seeds
CAN,27,3647.4,v06,Nuts & seeds
CHN,27,223373.4,v06,Nuts & seeds
DEU,27,22537.9,v06,Nuts & seeds
EGY,27,124731.9,v06,Nuts & seeds
GBR,27,26279.3,v06,Nuts & seeds
GLB,27,2061726.4,v06,Nuts & seeds
IND,27,772696.6,v06,Nuts & seeds
ISR,27,239.7,v06,Nuts & seeds
JPN,27,24631.1,v06,Nuts & seeds
MEX,27,68397.3,v06,Nuts & seeds
NGA,27,5198.8,v06,Nuts & seeds
NZL,27,1102.7,v06,Nuts & seeds
ROU,27,24157.8,v06,Nuts & seeds
TUR,27,14714.7,v06,Nuts & seeds
USA,27,34107.1,v06,Nuts & seeds
ZAF,27,11553.5,v06,Nuts & seeds
AUS,28,4581.5,v06,Nuts & seeds
BGD,28,121341.5,v06,Nuts & seeds
BGR,28,4977.5,v06,Nuts & seeds
BRA,28,88626.5,v06,Nuts & seeds
CAN,28,3910.9,v06,Nuts & seeds
CHN,28,239602.7,v06,Nuts & seeds
DEU,28,23954.7,v06,Nuts & seeds
EGY,28,133471.5,v06,Nuts & seeds
GBR,28,28063.0,v06,Nuts & seeds
GLB,28,2212242.7,v06,Nuts & seeds
IND,28,825443.5,v06,Nuts & seeds
ISR,28,258.0,v06,Nuts & seeds
JPN,28,26212.8,v06,Nuts & seeds
MEX,28,73630.0,v06,Nuts & seeds
NGA,28,5624.0,v06,Nuts & seeds
NZL,28,1177.5,v06,Nuts & seeds
ROU,28,25547.2,v06,Nuts & seeds
TUR,28,15795.6,v06,Nuts & seeds
USA,28,36382.7,v06,Nuts & seeds
ZAF,28,12462.9,v06,Nuts & seeds
AUS,29,4887.4,v06,Nuts & seeds
BGD,29,128780.0,v06,Nuts & seeds
BGR,29,5245.9,v06,Nuts & seeds
BRA,29,94775.0,v06,Nuts & seeds
CAN,29,4177.4,v06,Nuts & seeds
CHN,29,256045.2,v06,Nuts & seeds
DEU,29,25372.8,v06,Nuts & seeds
EGY,29,142291.3,v06,Nuts & seeds
GBR,29,29863.3,v06,Nuts & seeds
GLB,29,2365072.3,v06,Nuts & seeds
IND,29,878642.2,v06,Nuts & seeds
ISR,29,276.8,v06,Nuts & seeds
JPN,29,27805.6,v06,Nuts & seeds
MEX,29,78963.8,v06,Nuts & seeds
NGA,29,6061.9,v06,Nuts & seeds
NZL,29,1253.1,v06,Nuts & seeds
ROU,29,26931.8,v06,Nuts & seeds
TUR,29,16894.0,v06,Nuts & seeds
USA,29,38669.3,v06,Nuts & seeds
ZAF,29,13394.2,v06,Nuts & seeds
AUS,30,5197.3,v06,Nuts & seeds
BGD,30,136237.7,v06,Nuts & seeds
BGR,30,5512.1,v06,Nuts & seeds
BRA,30,100987.8,v06,Nuts & seeds
CAN,30,4446.6,v06,Nuts & seeds
CHN,30,272663.1,v06,Nuts & seeds
DEU,30,26789.4,v06,Nuts & seeds
EGY,30,151160.7,v06,Nuts & seeds
GBR,30,31676.8,v06,Nuts & seeds
GLB,30,2519901.8,v06,Nuts & seeds
IND,30,932159.4,v06,Nuts & seeds
ISR,30,295.9,v06,Nuts & seeds
JPN,30,29406.9,v06,Nuts & seeds
MEX,30,84387.1,v06,Nuts & seeds
NGA,30,6512.0,v06,Nuts & seeds
NZL,30,1329.4,v06,Nuts & seeds
ROU,30,28308.8,v06,Nuts & seeds
TUR,30,18007.2,v06,Nuts & seeds
USA,30,40962.8,v06,Nuts & seeds
ZAF,30,14346.0,v06,Nuts & seeds
AUS,1,0.0,v08,Whole grains
BGD,1,0.0,v08,Whole grains
BGR,1,0.0,v08,Whole grains
BRA,1,0.0,v08,Whole grains
CAN,1,0.0,v08,Whole grains
CHN,1,0.0,v08,Whole grains
DEU,1,0.0,v08,Whole grains
EGY,1,0.0,v08,Whole grains
GBR,1,0.0,v08,Whole grains
GLB,1,0.0,v08,Whole grains
IND,1,0.0,v08,Whole grains
ISR,1,0.0,v08,Whole grains
JPN,1,0.0,v08,Whole grains
MEX,1,0.0,v08,Whole grains
NGA,1,0.0,v08,Whole grains
NZL,1,0.0,v08,Whole grains
ROU,1,0.0,v08,Whole grains
TUR,1,0.0,v08,Whole grains
USA,1,0.0,v08,Whole grains
ZAF,1,0.0,v08,Whole grains
AUS,2,15.7,v08,Whole grains
BGD,2,182.4,v08,Whole grains
BGR,2,13.3,v08,Whole grains
BRA,2,64.1,v08,Whole grains
CAN,2,10.4,v08,Whole grains
CHN,2,762.1,v08,Whole grains
DEU,2,56.6,v08,Whole grains
EGY,2,30.8,v08,Whole grains
GBR,2,37.2,v08,Whole grains
GLB,2,2914.0,v08,Whole grains
IND,2,586.7,v08,Whole grains
ISR,2,1.9,v08,Whole grains
JPN,2,73.5,v08,Whole grains
MEX,2,2.3,v08,Whole grains
NGA,2,9.3,v08,Whole grains
NZL,2,3.8,v08,Whole grains
ROU,2,35.8,v08,Whole grains
TUR,2,48.4,v08,Whole grains
USA,2,176.8,v08,Whole grains
ZAF,2,1.5,v08,Whole grains
AUS,3,52.8,v08,Whole grains
BGD,3,606.8,v08,Whole grains
BGR,3,43.1,v08,Whole grains
BRA,3,224.0,v08,Whole grains
CAN,3,36.0,v08,Whole grains
CHN,3,2632.4,v08,Whole grains
DEU,3,193.1,v08,Whole grains
EGY,3,96.0,v08,Whole grains
GBR,3,126.7,v08,Whole grains
GLB,3,10042.7,v08,Whole grains
IND,3,1995.4,v08,Whole grains
ISR,3,6.5,v08,Whole grains
JPN,3,252.0,v08,Whole grains
MEX,3,8.0,v08,Whole grains
NGA,3,31.5,v08,Whole grains
NZL,3,12.7,v08,Whole grains
ROU,3,109.2,v08,Whole grains
TUR,3,154.0,v08,Whole grains
USA,3,603.6,v08,Whole grains
ZAF,3,5.2,v08,Whole grains
AUS,4,120.4,v08,Whole grains
BGD,4,1374.0,v08,Whole grains
BGR,4,95.3,v08,Whole grains
BRA,4,525.3,v08,Whole grains
CAN,4,83.8,v08,Whole grains
CHN,4,6121.0,v08,Whole grains
DEU,4,442.1,v08,Whole grains
EGY,4,210.4,v08,Whole grains
GBR,4,290.2,v08,Whole grains
GLB,4,23279.6,v08,Whole grains
IND,4,4585.0,v08,Whole grains
ISR,4,15.1,v08,Whole grains
JPN,4,578.5,v08,Whole grains
MEX,4,19.0,v08,Whole grains
NGA,4,72.2,v08,Whole grains
NZL,4,28.8,v08,Whole grains
ROU,4,233.7,v08,Whole grains
TUR,4,340.8,v08,Whole grains
USA,4,1390.8,v08,Whole grains
ZAF,4,11.8,v08,Whole grains
AUS,5,231.0,v08,Whole grains
BGD,5,2614.1,v08,Whole grains
BGR,5,177.4,v08,Whole grains
BRA,5,1026.7,v08,Whole grains
CAN,5,163.4,v08,Whole grains
CHN,5,11895.4,v08,Whole grains
DEU,5,843.0,v08,Whole grains
EGY,5,392.6,v08,Whole grains
GBR,5,554.9,v08,Whole grains
GLB,5,45062.0,v08,Whole grains
IND,5,8812.7,v08,Whole grains
ISR,5,29.2,v08,Whole grains
JPN,5,1106.0,v08,Whole grains
MEX,5,37.4,v08,Whole grains
NGA,5,139.3,v08,Whole grains
NZL,5,54.9,v08,Whole grains
ROU,5,425.0,v08,Whole grains
TUR,5,638.9,v08,Whole grains
USA,5,2682.1,v08,Whole grains
ZAF,5,22.6,v08,Whole grains
AUS,6,398.2,v08,Whole grains
BGD,6,4470.8,v08,Whole grains
BGR,6,297.4,v08,Whole grains
BRA,6,1795.2,v08,Whole grains
CAN,6,285.4,v08,Whole grains
CHN,6,20719.4,v08,Whole grains
DEU,6,1435.5,v08,Whole grains
EGY,6,662.7,v08,Whole grains
GBR,6,949.9,v08,Whole grains
GLB,6,78122.3,v08,Whole grains
IND,6,15178.8,v08,Whole grains
ISR,6,50.6,v08,Whole grains
JPN,6,1889.6,v08,Whole grains
MEX,6,65.8,v08,Whole grains
NGA,6,241.3,v08,Whole grains
NZL,6,94.0,v08,Whole grains
ROU,6,698.8,v08,Whole grains
TUR,6,1081.2,v08,Whole grains
USA,6,4639.8,v08,Whole grains
ZAF,6,38.9,v08,Whole grains
AUS,7,635.0,v08,Whole grains
BGD,7,7075.0,v08,Whole grains
BGR,7,461.2,v08,Whole grains
BRA,7,2896.2,v08,Whole grains
CAN,7,460.4,v08,Whole grains
CHN,7,33339.6,v08,Whole grains
DEU,7,2253.3,v08,Whole grains
EGY,7,1038.7,v08,Whole grains
GBR,7,1501.4,v08,Whole grains
GLB,7,125069.7,v08,Whole grains
IND,7,24140.2,v08,Whole grains
ISR,7,81.3,v08,Whole grains
JPN,7,2977.0,v08,Whole grains
MEX,7,106.9,v08,Whole grains
NGA,7,387.2,v08,Whole grains
NZL,7,149.0,v08,Whole grains
ROU,7,1066.3,v08,Whole grains
TUR,7,1697.0,v08,Whole grains
USA,7,7419.4,v08,Whole grains
ZAF,7,62.1,v08,Whole grains
AUS,8,951.5,v08,Whole grains
BGD,8,10520.5,v08,Whole grains
BGR,8,671.4,v08,Whole grains
BRA,8,4384.5,v08,Whole grains
CAN,8,697.2,v08,Whole grains
CHN,8,50366.2,v08,Whole grains
DEU,8,3317.8,v08,Whole grains
EGY,8,1533.3,v08,Whole grains
GBR,8,2227.7,v08,Whole grains
GLB,8,187972.6,v08,Whole grains
IND,8,36030.3,v08,Whole grains
ISR,8,122.6,v08,Whole grains
JPN,8,4399.0,v08,Whole grains
MEX,8,162.7,v08,Whole grains
NGA,8,584.1,v08,Whole grains
NZL,8,221.7,v08,Whole grains
ROU,8,1531.6,v08,Whole grains
TUR,8,2507.6,v08,Whole grains
USA,8,11145.1,v08,Whole grains
ZAF,8,93.1,v08,Whole grains
AUS,9,1353.4,v08,Whole grains
BGD,9,14852.5,v08,Whole grains
BGR,9,927.0,v08,Whole grains
BRA,9,6297.3,v08,Whole grains
CAN,9,1001.5,v08,Whole grains
CHN,9,72198.8,v08,Whole grains
DEU,9,4636.8,v08,Whole grains
EGY,9,2152.2,v08,Whole grains
GBR,9,3137.3,v08,Whole grains
GLB,9,268125.4,v08,Whole grains
IND,9,51021.5,v08,Whole grains
ISR,9,175.6,v08,Whole grains
JPN,9,6166.5,v08,Whole grains
MEX,9,234.8,v08,Whole grains
NGA,9,837.3,v08,Whole grains
NZL,9,313.5,v08,Whole grains
ROU,9,2092.0,v08,Whole grains
TUR,9,3523.9,v08,Whole grains
USA,9,15894.8,v08,Whole grains
ZAF,9,132.5,v08,Whole grains
AUS,10,1842.1,v08,Whole grains
BGD,10,20071.5,v08,Whole grains
BGR,10,1224.0,v08,Whole grains
BRA,10,8654.3,v08,Whole grains
CAN,10,1376.3,v08,Whole grains
CHN,10,99017.0,v08,Whole grains
DEU,10,6206.3,v08,Whole grains
EGY,10,2895.3,v08,Whole grains
GBR,10,4229.4,v08,Whole grains
GLB,10,366049.4,v08,Whole grains
IND,10,69135.4,v08,Whole grains
ISR,10,240.7,v08,Whole grains
JPN,10,8272.1,v08,Whole grains
MEX,10,323.8,v08,Whole grains
NGA,10,1149.5,v08,Whole grains
NZL,10,424.3,v08,Whole grains
ROU,10,2739.6,v08,Whole grains
TUR,10,4747.6,v08,Whole grains
USA,10,21699.2,v08,Whole grains
ZAF,10,180.5,v08,Whole grains
AUS,11,2416.1,v08,Whole grains
BGD,11,26144.8,v08,Whole grains
BGR,11,1556.9,v08,Whole grains
BRA,11,11460.0,v08,Whole grains
CAN,11,1822.0,v08,Whole grains
CHN,11,130817.6,v08,Whole grains
DEU,11,8015.1,v08,Whole grains
EGY,11,3758.5,v08,Whole grains
GBR,11,5496.9,v08,Whole grains
GLB,11,481646.0,v08,Whole grains
IND,11,90282.9,v08,Whole grains
ISR,11,318.0,v08,Whole grains
JPN,11,10695.6,v08,Whole grains
MEX,11,430.0,v08,Whole grains
NGA,11,1522.0,v08,Whole grains
NZL,11,553.6,v08,Whole grains
ROU,11,3463.8,v08,Whole grains
TUR,11,6173.9,v08,Whole grains
USA,11,28549.6,v08,Whole grains
ZAF,11,237.0,v08,Whole grains
AUS,12,3071.4,v08,Whole grains
BGD,12,33020.1,v08,Whole grains
BGR,12,1919.8,v08,Whole grains
BRA,12,14707.5,v08,Whole grains
CAN,12,2337.2,v08,Whole grains
CHN,12,167467.5,v08,Whole grains
DEU,12,10047.4,v08,Whole grains
EGY,12,4735.0,v08,Whole grains
GBR,12,6928.6,v08,Whole grains
GLB,12,614395.2,v08,Whole grains
IND,12,114307.5,v08,Whole grains
ISR,12,407.2,v08,Whole grains
JPN,12,13409.1,v08,Whole grains
MEX,12,553.2,v08,Whole grains
NGA,12,1954.7,v08,Whole grains
NZL,12,700.4,v08,Whole grains
ROU,12,4253.3,v08,Whole grains
TUR,12,7794.2,v08,Whole grains
USA,12,36409.3,v08,Whole grains
ZAF,12,301.7,v08,Whole grains
AUS,13,3803.2,v08,Whole grains
BGD,13,40636.6,v08,Whole grains
BGR,13,2307.1,v08,Whole grains
BRA,13,18383.0,v08,Whole grains
CAN,13,2919.2,v08,Whole grains
CHN,13,208753.3,v08,Whole grains
DEU,13,12286.4,v08,Whole grains
EGY,13,5817.6,v08,Whole grains
GBR,13,8511.7,v08,Whole grains
GLB,13,763528.6,v08,Whole grains
IND,13,141021.3,v08,Whole grains
ISR,13,507.7,v08,Whole grains
JPN,13,16381.8,v08,Whole grains
MEX,13,692.9,v08,Whole grains
NGA,13,2447.0,v08,Whole grains
NZL,13,863.5,v08,Whole grains
ROU,13,5097.4,v08,Whole grains
TUR,13,9598.2,v08,Whole grains
USA,13,45223.4,v08,Whole grains
ZAF,13,374.3,v08,Whole grains
AUS,14,4606.3,v08,Whole grains
BGD,14,48932.3,v08,Whole grains
BGR,14,2713.6,v08,Whole grains
BRA,14,22468.4,v08,Whole grains
CAN,14,3564.8,v08,Whole grains
CHN,14,254418.9,v08,Whole grains
DEU,14,14714.9,v08,Whole grains
EGY,14,6998.9,v08,Whole grains
GBR,14,10233.4,v08,Whole grains
GLB,14,928156.9,v08,Whole grains
IND,14,170228.9,v08,Whole grains
ISR,14,619.2,v08,Whole grains
JPN,14,19582.9,v08,Whole grains
MEX,14,848.5,v08,Whole grains
NGA,14,2997.9,v08,Whole grains
NZL,14,1041.6,v08,Whole grains
ROU,14,5986.6,v08,Whole grains
TUR,14,11575.0,v08,Whole grains
USA,14,54926.9,v08,Whole grains
ZAF,14,454.2,v08,Whole grains
AUS,15,5475.2,v08,Whole grains
BGD,15,57848.1,v08,Whole grains
BGR,15,3135.3,v08,Whole grains
BRA,15,26943.2,v08,Whole grains
CAN,15,4270.2,v08,Whole grains
CHN,15,304190.3,v08,Whole grains
DEU,15,17316.2,v08,Whole grains
EGY,15,8272.0,v08,Whole grains
GBR,15,12081.4,v08,Whole grains
GLB,15,1107351.0,v08,Whole grains
IND,15,201741.4,v08,Whole grains
ISR,15,740.8,v08,Whole grains
JPN,15,22983.7,v08,Whole grains
MEX,15,1019.3,v08,Whole grains
NGA,15,3606.0,v08,Whole grains
NZL,15,1233.6,v08,Whole grains
ROU,15,6912.6,v08,Whole grains
TUR,15,13714.2,v08,Whole grains
USA,15,65449.8,v08,Whole grains
ZAF,15,541.1,v08,Whole grains
AUS,16,6405.0,v08,Whole grains
BGD,16,67330.0,v08,Whole grains
BGR,16,3568.6,v08,Whole grains
BRA,16,31786.0,v08,Whole grains
CAN,16,5031.6,v08,Whole grains
CHN,16,357790.5,v08,Whole grains
DEU,16,20074.5,v08,Whole grains
EGY,16,9630.7,v08,Whole grains
GBR,16,14044.3,v08,Whole grains
GLB,16,1300189.8,v08,Whole grains
IND,16,235382.8,v08,Whole grains
ISR,16,872.1,v08,Whole grains
JPN,16,26558.1,v08,Whole grains
MEX,16,1204.7,v08,Whole grains
NGA,16,4270.4,v08,Whole grains
NZL,16,1438.0,v08,Whole grains
ROU,16,7868.8,v08,Whole grains
TUR,16,16005.8,v08,Whole grains
USA,16,76720.9,v08,Whole grains
ZAF,16,634.5,v08,Whole grains
AUS,17,7390.9,v08,Whole grains
BGD,17,77329.7,v08,Whole grains
BGR,17,4010.8,v08,Whole grains
BRA,17,36975.3,v08,Whole grains
CAN,17,5845.0,v08,Whole grains
CHN,17,414947.2,v08,Whole grains
DEU,17,22974.5,v08,Whole grains
EGY,17,11069.4,v08,Whole grains
GBR,17,16111.9,v08,Whole grains
GLB,17,1505785.4,v08,Whole grains
IND,17,270992.8,v08,Whole grains
ISR,17,1012.4,v08,Whole grains
JPN,17,30283.2,v08,Whole grains
MEX,17,1404.0,v08,Whole grains
NGA,17,4989.7,v08,Whole grains
NZL,17,1654.0,v08,Whole grains
ROU,17,8849.3,v08,Whole grains
TUR,17,18440.6,v08,Whole grains
USA,17,88669.9,v08,Whole grains
ZAF,17,734.1,v08,Whole grains
AUS,18,8428.7,v08,Whole grains
BGD,18,87804.2,v08,Whole grains
BGR,18,4459.6,v08,Whole grains
BRA,18,42489.6,v08,Whole grains
CAN,18,6706.6,v08,Whole grains
CHN,18,475396.0,v08,Whole grains
DEU,18,26002.0,v08,Whole grains
EGY,18,12583.1,v08,Whole grains
GBR,18,18275.1,v08,Whole grains
GLB,18,1723293.2,v08,Whole grains
IND,18,308425.7,v08,Whole grains
ISR,18,1161.2,v08,Whole grains
JPN,18,34139.2,v08,Whole grains
MEX,18,1616.5,v08,Whole grains
NGA,18,5763.0,v08,Whole grains
NZL,18,1880.5,v08,Whole grains
ROU,18,9849.7,v08,Whole grains
TUR,18,21010.1,v08,Whole grains
USA,18,101228.5,v08,Whole grains
ZAF,18,839.4,v08,Whole grains
AUS,19,9514.3,v08,Whole grains
BGD,19,98715.4,v08,Whole grains
BGR,19,4913.0,v08,Whole grains
BRA,19,48308.1,v08,Whole grains
CAN,19,7612.5,v08,Whole grains
CHN,19,538881.3,v08,Whole grains
DEU,19,29142.9,v08,Whole grains
EGY,19,14167.4,v08,Whole grains
GBR,19,20525.4,v08,Whole grains
GLB,19,1951914.4,v08,Whole grains
IND,19,347549.4,v08,Whole grains
ISR,19,1318.1,v08,Whole grains
JPN,19,38109.1,v08,Whole grains
MEX,19,1841.6,v08,Whole grains
NGA,19,6589.0,v08,Whole grains
NZL,19,2116.6,v08,Whole grains
ROU,19,10866.2,v08,Whole grains
TUR,19,23706.4,v08,Whole grains
USA,19,114332.0,v08,Whole grains
ZAF,19,950.2,v08,Whole grains
AUS,20,10644.1,v08,Whole grains
BGD,20,110029.4,v08,Whole grains
BGR,20,5369.7,v08,Whole grains
BRA,20,54410.6,v08,Whole grains
CAN,20,8558.9,v08,Whole grains
CHN,20,605155.3,v08,Whole grains
DEU,20,32384.0,v08,Whole grains
EGY,20,15817.9,v08,Whole grains
GBR,20,22855.2,v08,Whole grains
GLB,20,2190894.2,v08,Whole grains
IND,20,388242.2,v08,Whole grains
ISR,20,1482.6,v08,Whole grains
JPN,20,42178.4,v08,Whole grains
MEX,20,2078.7,v08,Whole grains
NGA,20,7466.7,v08,Whole grains
NZL,20,2361.3,v08,Whole grains
ROU,20,11895.6,v08,Whole grains
TUR,20,26522.2,v08,Whole grains
USA,20,127919.1,v08,Whole grains
ZAF,20,1066.2,v08,Whole grains
AUS,21,11814.7,v08,Whole grains
BGD,21,121715.0,v08,Whole grains
BGR,21,5828.4,v08,Whole grains
BRA,21,60777.4,v08,Whole grains
CAN,21,9542.4,v08,Whole grains
CHN,21,673977.4,v08,Whole grains
DEU,21,35712.6,v08,Whole grains
EGY,21,17530.5,v08,Whole grains
GBR,21,25257.3,v08,Whole grains
GLB,21,2439516.6,v08,Whole grains
IND,21,430391.1,v08,Whole grains
ISR,21,1654.4,v08,Whole grains
JPN,21,46334.8,v08,Whole grains
MEX,21,2327.1,v08,Whole grains
NGA,21,8395.0,v08,Whole grains
NZL,21,2614.0,v08,Whole grains
ROU,21,12935.2,v08,Whole grains
TUR,21,29450.6,v08,Whole grains
USA,21,141932.3,v08,Whole grains
ZAF,21,1187.2,v08,Whole grains
AUS,22,13023.3,v08,Whole grains
BGD,22,133743.8,v08,Whole grains
BGR,22,6287.9,v08,Whole grains
BRA,22,67389.1,v08,Whole grains
CAN,22,10559.3,v08,Whole grains
CHN,22,745113.2,v08,Whole grains
DEU,22,39116.5,v08,Whole grains
EGY,22,19301.0,v08,Whole grains
GBR,22,27725.3,v08,Whole grains
GLB,22,2697099.5,v08,Whole grains
IND,22,473888.5,v08,Whole grains
ISR,22,1833.1,v08,Whole grains
JPN,22,50567.8,v08,Whole grains
MEX,22,2586.2,v08,Whole grains
NGA,22,9372.6,v08,Whole grains
NZL,22,2873.9,v08,Whole grains
ROU,22,13982.6,v08,Whole grains
TUR,22,32484.7,v08,Whole grains
USA,22,156318.5,v08,Whole grains
ZAF,22,1312.8,v08,Whole grains
AUS,23,14266.8,v08,Whole grains
BGD,23,146088.4,v08,Whole grains
BGR,23,6747.4,v08,Whole grains
BRA,23,74227.0,v08,Whole grains
CAN,23,11606.5,v08,Whole grains
CHN,23,818333.5,v08,Whole grains
DEU,23,42584.2,v08,Whole grains
EGY,23,21125.0,v08,Whole grains
GBR,23,30252.7,v08,Whole grains
GLB,23,2962987.9,v08,Whole grains
IND,23,518630.4,v08,Whole grains
ISR,23,2018.4,v08,Whole grains
JPN,23,54868.0,v08,Whole grains
MEX,23,2855.5,v08,Whole grains
NGA,23,10398.3,v08,Whole grains
NZL,23,3140.3,v08,Whole grains
ROU,23,15035.9,v08,Whole grains
TUR,23,35618.1,v08,Whole grains
USA,23,171028.4,v08,Whole grains
ZAF,23,1442.9,v08,Whole grains
AUS,24,15542.8,v08,Whole grains
BGD,24,158722.3,v08,Whole grains
BGR,24,7206.0,v08,Whole grains
BRA,24,81272.7,v08,Whole grains
CAN,24,12680.8,v08,Whole grains
CHN,24,893413.9,v08,Whole grains
DEU,24,46104.7,v08,Whole grains
EGY,24,22998.0,v08,Whole grains
GBR,24,32833.6,v08,Whole grains
GLB,24,3236548.7,v08,Whole grains
IND,24,564514.2,v08,Whole grains
ISR,24,2210.2,v08,Whole grains
JPN,24,59227.3,v08,Whole grains
MEX,24,3134.3,v08,Whole grains
NGA,24,11470.6,v08,Whole grains
NZL,24,3412.7,v08,Whole grains
ROU,24,16093.1,v08,Whole grains
TUR,24,38844.2,v08,Whole grains
USA,24,186016.4,v08,Whole grains
ZAF,24,1577.3,v08,Whole grains
AUS,25,16848.8,v08,Whole grains
BGD,25,171619.3,v08,Whole grains
BGR,25,7662.9,v08,Whole grains
BRA,25,88507.8,v08,Whole grains
CAN,25,13779.3,v08,Whole grains
CHN,25,970134.8,v08,Whole grains
DEU,25,49667.7,v08,Whole grains
EGY,25,24915.1,v08,Whole grains
GBR,25,35462.3,v08,Whole grains
GLB,25,3517164.5,v08,Whole grains
IND,25,611437.1,v08,Whole grains
ISR,25,2408.1,v08,Whole grains
JPN,25,63638.0,v08,Whole grains
MEX,25,3422.0,v08,Whole grains
NGA,25,12588.1,v08,Whole grains
NZL,25,3690.4,v08,Whole grains
ROU,25,17152.2,v08,Whole grains
TUR,25,42156.3,v08,Whole grains
USA,25,201240.8,v08,Whole grains
ZAF,25,1715.8,v08,Whole grains
AUS,26,18182.6,v08,Whole grains
BGD,26,184752.7,v08,Whole grains
BGR,26,8117.4,v08,Whole grains
BRA,26,95914.5,v08,Whole grains
CAN,26,14899.1,v08,Whole grains
CHN,26,1048281.2,v08,Whole grains
DEU,26,53263.7,v08,Whole grains
EGY,26,26871.0,v08,Whole grains
GBR,26,38133.1,v08,Whole grains
GLB,26,3804228.3,v08,Whole grains
IND,26,659294.2,v08,Whole grains
ISR,26,2612.0,v08,Whole grains
JPN,26,68093.2,v08,Whole grains
MEX,26,3718.1,v08,Whole grains
NGA,26,13749.1,v08,Whole grains
NZL,26,3972.8,v08,Whole grains
ROU,26,18211.5,v08,Whole grains
TUR,26,45547.8,v08,Whole grains
USA,26,216663.2,v08,Whole grains
ZAF,26,1858.2,v08,Whole grains
AUS,27,19541.9,v08,Whole grains
BGD,27,198094.7,v08,Whole grains
BGR,27,8568.8,v08,Whole grains
BRA,27,103474.5,v08,Whole grains
CAN,27,16037.7,v08,Whole grains
CHN,27,1127643.2,v08,Whole grains
DEU,27,56883.6,v08,Whole grains
EGY,27,28859.9,v08,Whole grains
GBR,27,40840.9,v08,Whole grains
GLB,27,4097138.4,v08,Whole grains
IND,27,707978.2,v08,Whole grains
ISR,27,2821.6,v08,Whole grains
JPN,27,72586.2,v08,Whole grains
MEX,27,4021.8,v08,Whole grains
NGA,27,14951.5,v08,Whole grains
NZL,27,4259.5,v08,Whole grains
ROU,27,19269.1,v08,Whole grains
TUR,27,49011.4,v08,Whole grains
USA,27,232248.3,v08,Whole grains
ZAF,27,2004.3,v08,Whole grains
AUS,28,20924.8,v08,Whole grains
BGD,28,211616.8,v08,Whole grains
BGR,28,9016.4,v08,Whole grains
BRA,28,111170.0,v08,Whole grains
CAN,28,17192.6,v08,Whole grains
CHN,28,1208015.7,v08,Whole grains
DEU,28,60519.2,v08,Whole grains
EGY,28,30875.8,v08,Whole grains
GBR,28,43580.1,v08,Whole grains
GLB,28,4395293.2,v08,Whole grains
IND,28,757377.8,v08,Whole grains
ISR,28,3036.8,v08,Whole grains
JPN,28,77110.2,v08,Whole grains
MEX,28,4332.6,v08,Whole grains
NGA,28,16193.4,v08,Whole grains
NZL,28,4549.9,v08,Whole grains
ROU,28,20323.3,v08,Whole grains
TUR,28,52540.1,v08,Whole grains
USA,28,247963.3,v08,Whole grains
ZAF,28,2153.7,v08,Whole grains
AUS,29,22329.2,v08,Whole grains
BGD,29,225289.0,v08,Whole grains
BGR,29,9459.6,v08,Whole grains
BRA,29,118982.7,v08,Whole grains
CAN,29,18361.4,v08,Whole grains
CHN,29,1289198.7,v08,Whole grains
DEU,29,64162.7,v08,Whole grains
EGY,29,32912.1,v08,Whole grains
GBR,29,46345.9,v08,Whole grains
GLB,29,4698087.8,v08,Whole grains
IND,29,807377.8,v08,Whole grains
ISR,29,3257.3,v08,Whole grains
JPN,29,81658.7,v08,Whole grains
MEX,29,4649.7,v08,Whole grains
NGA,29,17472.4,v08,Whole grains
NZL,29,4843.6,v08,Whole grains
ROU,29,21372.2,v08,Whole grains
TUR,29,56126.0,v08,Whole grains
USA,29,263777.8,v08,Whole grains
ZAF,29,2306.4,v08,Whole grains
AUS,30,23753.1,v08,Whole grains
BGD,30,239079.9,v08,Whole grains
BGR,30,9897.6,v08,Whole grains
BRA,30,126894.5,v08,Whole grains
CAN,30,19542.1,v08,Whole grains
CHN,30,1370997.3,v08,Whole grains
DEU,30,67806.9,v08,Whole grains
EGY,30,34962.1,v08,Whole grains
GBR,30,49133.0,v08,Whole grains
GLB,30,5004909.6,v08,Whole grains
IND,30,857858.7,v08,Whole grains
ISR,30,3482.9,v08,Whole grains
JPN,30,86225.1,v08,Whole grains
MEX,30,4972.6,v08,Whole grains
NGA,30,18786.0,v08,Whole grains
NZL,30,5140.1,v08,Whole grains
ROU,30,22414.1,v08,Whole grains
TUR,30,59761.2,v08,Whole grains
USA,30,279663.4,v08,Whole grains
ZAF,30,2462.0,v08,Whole grains
AUS,1,0.0,v15,Red meat
BGD,1,0.0,v15,Red meat
BGR,1,0.0,v15,Red meat
BRA,1,0.0,v15,Red meat
CAN,1,0.0,v15,Red meat
CHN,1,0.0,v15,Red meat
DEU,1,0.0,v15,Red meat
EGY,1,0.0,v15,Red meat
GBR,1,0.0,v15,Red meat
GLB,1,0.0,v15,Red meat
IND,1,0.0,v15,Red meat
ISR,1,0.0,v15,Red meat
JPN,1,0.0,v15,Red meat
MEX,1,0.0,v15,Red meat
NGA,1,0.0,v15,Red meat
NZL,1,0.0,v15,Red meat
ROU,1,0.0,v15,Red meat
TUR,1,0.0,v15,Red meat
USA,1,0.0,v15,Red meat
ZAF,1,0.0,v15,Red meat
AUS,2,0.7,v15,Red meat
BGD,2,0.2,v15,Red meat
BGR,2,0.5,v15,Red meat
BRA,2,3.7,v15,Red meat
CAN,2,0.6,v15,Red meat
CHN,2,9.4,v15,Red meat
DEU,2,4.5,v15,Red meat
EGY,2,2.9,v15,Red meat
GBR,2,1.8,v15,Red meat
GLB,2,93.4,v15,Red meat
IND,2,8.2,v15,Red meat
ISR,2,0.2,v15,Red meat
JPN,2,1.1,v15,Red meat
MEX,2,6.1,v15,Red meat
NGA,2,0.3,v15,Red meat
NZL,2,0.2,v15,Red meat
ROU,2,2.4,v15,Red meat
TUR,2,3.5,v15,Red meat
USA,2,22.7,v15,Red meat
ZAF,2,0.2,v15,Red meat
AUS,3,2.3,v15,Red meat
BGD,3,0.5,v15,Red meat
BGR,3,1.6,v15,Red meat
BRA,3,13.0,v15,Red meat
CAN,3,2.2,v15,Red meat
CHN,3,32.4,v15,Red meat
DEU,3,15.4,v15,Red meat
EGY,3,9.4,v15,Red meat
GBR,3,6.0,v15,Red meat
GLB,3,323.0,v15,Red meat
IND,3,28.2,v15,Red meat
ISR,3,0.6,v15,Red meat
JPN,3,3.7,v15,Red meat
MEX,3,21.4,v15,Red meat
NGA,3,1.1,v15,Red meat
NZL,3,0.5,v15,Red meat
ROU,3,7.7,v15,Red meat
TUR,3,12.0,v15,Red meat
USA,3,77.3,v15,Red meat
ZAF,3,0.7,v15,Red meat
AUS,4,5.2,v15,Red meat
BGD,4,1.2,v15,Red meat
BGR,4,3.7,v15,Red meat
BRA,4,30.4,v15,Red meat
CAN,4,5.2,v15,Red meat
CHN,4,75.0,v15,Red meat
DEU,4,35.3,v15,Red meat
EGY,4,21.2,v15,Red meat
GBR,4,13.9,v15,Red meat
GLB,4,751.0,v15,Red meat
IND,4,65.2,v15,Red meat
ISR,4,1.4,v15,Red meat
JPN,4,8.5,v15,Red meat
MEX,4,50.7,v15,Red meat
NGA,4,2.5,v15,Red meat
NZL,4,1.2,v15,Red meat
ROU,4,17.2,v15,Red meat
TUR,4,27.6,v15,Red meat
USA,4,177.6,v15,Red meat
ZAF,4,1.6,v15,Red meat
AUS,5,10.0,v15,Red meat
BGD,5,2.3,v15,Red meat
BGR,5,7.1,v15,Red meat
BRA,5,59.4,v15,Red meat
CAN,5,10.2,v15,Red meat
CHN,5,145.5,v15,Red meat
DEU,5,67.1,v15,Red meat
EGY,5,40.1,v15,Red meat
GBR,5,26.8,v15,Red meat
GLB,5,1457.5,v15,Red meat
IND,5,125.9,v15,Red meat
ISR,5,2.7,v15,Red meat
JPN,5,16.3,v15,Red meat
MEX,5,100.0,v15,Red meat
NGA,5,4.8,v15,Red meat
NZL,5,2.2,v15,Red meat
ROU,5,32.0,v15,Red meat
TUR,5,52.9,v15,Red meat
USA,5,341.4,v15,Red meat
ZAF,5,3.1,v15,Red meat
AUS,6,17.3,v15,Red meat
BGD,6,3.9,v15,Red meat
BGR,6,12.1,v15,Red meat
BRA,6,103.9,v15,Red meat
CAN,6,17.9,v15,Red meat
CHN,6,253.2,v15,Red meat
DEU,6,114.1,v15,Red meat
EGY,6,68.3,v15,Red meat
GBR,6,46.0,v15,Red meat
GLB,6,2532.5,v15,Red meat
IND,6,217.5,v15,Red meat
ISR,6,4.8,v15,Red meat
JPN,6,28.0,v15,Red meat
MEX,6,176.4,v15,Red meat
NGA,6,8.2,v15,Red meat
NZL,6,3.8,v15,Red meat
ROU,6,53.7,v15,Red meat
TUR,6,91.1,v15,Red meat
USA,6,589.0,v15,Red meat
ZAF,6,5.5,v15,Red meat
AUS,7,27.6,v15,Red meat
BGD,7,6.1,v15,Red meat
BGR,7,19.0,v15,Red meat
BRA,7,167.6,v15,Red meat
CAN,7,29.0,v15,Red meat
CHN,7,407.6,v15,Red meat
DEU,7,178.9,v15,Red meat
EGY,7,107.8,v15,Red meat
GBR,7,73.1,v15,Red meat
GLB,7,4062.6,v15,Red meat
IND,7,346.7,v15,Red meat
ISR,7,7.7,v15,Red meat
JPN,7,44.3,v15,Red meat
MEX,7,286.7,v15,Red meat
NGA,7,13.1,v15,Red meat
NZL,7,6.0,v15,Red meat
ROU,7,83.2,v15,Red meat
TUR,7,145.1,v15,Red meat
USA,7,939.4,v15,Red meat
ZAF,7,9.0,v15,Red meat
AUS,8,41.4,v15,Red meat
BGD,8,9.1,v15,Red meat
BGR,8,28.1,v15,Red meat
BRA,8,253.6,v15,Red meat
CAN,8,44.1,v15,Red meat
CHN,8,616.2,v15,Red meat
DEU,8,263.0,v15,Red meat
EGY,8,160.2,v15,Red meat
GBR,8,108.8,v15,Red meat
GLB,8,6117.4,v15,Red meat
IND,8,518.4,v15,Red meat
ISR,8,11.6,v15,Red meat
JPN,8,65.7,v15,Red meat
MEX,8,436.6,v15,Red meat
NGA,8,19.7,v15,Red meat
NZL,8,8.9,v15,Red meat
ROU,8,121.1,v15,Red meat
TUR,8,217.1,v15,Red meat
USA,8,1407.8,v15,Red meat
ZAF,8,13.7,v15,Red meat
AUS,9,58.9,v15,Red meat
BGD,9,12.9,v15,Red meat
BGR,9,39.3,v15,Red meat
BRA,9,364.0,v15,Red meat
CAN,9,63.5,v15,Red meat
CHN,9,884.0,v15,Red meat
DEU,9,367.0,v15,Red meat
EGY,9,226.2,v15,Red meat
GBR,9,153.7,v15,Red meat
GLB,9,8741.2,v15,Red meat
IND,9,735.4,v15,Red meat
ISR,9,16.7,v15,Red meat
JPN,9,92.5,v15,Red meat
MEX,9,630.0,v15,Red meat
NGA,9,28.1,v15,Red meat
NZL,9,12.5,v15,Red meat
ROU,9,167.5,v15,Red meat
TUR,9,308.5,v15,Red meat
USA,9,2003.3,v15,Red meat
ZAF,9,19.7,v15,Red meat
AUS,10,80.2,v15,Red meat
BGD,10,17.4,v15,Red meat
BGR,10,52.7,v15,Red meat
BRA,10,500.0,v15,Red meat
CAN,10,87.5,v15,Red meat
CHN,10,1213.3,v15,Red meat
DEU,10,490.5,v15,Red meat
EGY,10,305.9,v15,Red meat
GBR,10,207.9,v15,Red meat
GLB,10,11953.1,v15,Red meat
IND,10,998.0,v15,Red meat
ISR,10,22.9,v15,Red meat
JPN,10,124.6,v15,Red meat
MEX,10,869.0,v15,Red meat
NGA,10,38.4,v15,Red meat
NZL,10,17.0,v15,Red meat
ROU,10,221.8,v15,Red meat
TUR,10,419.8,v15,Red meat
USA,10,2729.3,v15,Red meat
ZAF,10,27.3,v15,Red meat
AUS,11,105.1,v15,Red meat
BGD,11,22.6,v15,Red meat
BGR,11,67.9,v15,Red meat
BRA,11,661.8,v15,Red meat
CAN,11,116.1,v15,Red meat
CHN,11,1604.0,v15,Red meat
DEU,11,632.5,v15,Red meat
EGY,11,399.0,v15,Red meat
GBR,11,271.1,v15,Red meat
GLB,11,15751.7,v15,Red meat
IND,11,1305.1,v15,Red meat
ISR,11,30.3,v15,Red meat
JPN,11,161.7,v15,Red meat
MEX,11,1153.9,v15,Red meat
NGA,11,50.6,v15,Red meat
NZL,11,22.1,v15,Red meat
ROU,11,283.4,v15,Red meat
TUR,11,551.0,v15,Red meat
USA,11,3584.1,v15,Red meat
ZAF,11,36.3,v15,Red meat
AUS,12,133.6,v15,Red meat
BGD,12,28.4,v15,Red meat
BGR,12,84.9,v15,Red meat
BRA,12,849.1,v15,Red meat
CAN,12,149.2,v15,Red meat
CHN,12,2054.5,v15,Red meat
DEU,12,791.6,v15,Red meat
EGY,12,504.7,v15,Red meat
GBR,12,342.7,v15,Red meat
GLB,12,20121.2,v15,Red meat
IND,12,1654.3,v15,Red meat
ISR,12,38.8,v15,Red meat
JPN,12,203.4,v15,Red meat
MEX,12,1484.0,v15,Red meat
NGA,12,64.6,v15,Red meat
NZL,12,28.0,v15,Red meat
ROU,12,351.3,v15,Red meat
TUR,12,701.5,v15,Red meat
USA,12,4562.6,v15,Red meat
ZAF,12,46.8,v15,Red meat
AUS,13,165.5,v15,Red meat
BGD,13,34.9,v15,Red meat
BGR,13,103.3,v15,Red meat
BRA,13,1061.0,v15,Red meat
CAN,13,186.7,v15,Red meat
CHN,13,2562.1,v15,Red meat
DEU,13,966.5,v15,Red meat
EGY,13,622.2,v15,Red meat
GBR,13,422.3,v15,Red meat
GLB,13,25037.4,v15,Red meat
IND,13,2042.8,v15,Red meat
ISR,13,48.5,v15,Red meat
JPN,13,249.3,v15,Red meat
MEX,13,1858.1,v15,Red meat
NGA,13,80.6,v15,Red meat
NZL,13,34.5,v15,Red meat
ROU,13,424.8,v15,Red meat
TUR,13,870.4,v15,Red meat
USA,13,5657.7,v15,Red meat
ZAF,13,58.7,v15,Red meat
AUS,14,200.4,v15,Red meat
BGD,14,41.9,v15,Red meat
BGR,14,123.0,v15,Red meat
BRA,14,1296.4,v15,Red meat
CAN,14,228.3,v15,Red meat
CHN,14,3123.6,v15,Red meat
DEU,14,1155.7,v15,Red meat
EGY,14,750.8,v15,Red meat
GBR,14,509.1,v15,Red meat
GLB,14,30471.6,v15,Red meat
IND,14,2467.5,v15,Red meat
ISR,14,59.2,v15,Red meat
JPN,14,299.0,v15,Red meat
MEX,14,2274.3,v15,Red meat
NGA,14,98.3,v15,Red meat
NZL,14,41.6,v15,Red meat
ROU,14,502.9,v15,Red meat
TUR,14,1056.8,v15,Red meat
USA,14,6860.9,v15,Red meat
ZAF,14,72.0,v15,Red meat
AUS,15,238.1,v15,Red meat
BGD,15,49.5,v15,Red meat
BGR,15,143.7,v15,Red meat
BRA,15,1554.1,v15,Red meat
CAN,15,273.8,v15,Red meat
CHN,15,3735.9,v15,Red meat
DEU,15,1358.0,v15,Red meat
EGY,15,889.7,v15,Red meat
GBR,15,602.6,v15,Red meat
GLB,15,36393.4,v15,Red meat
IND,15,2925.4,v15,Red meat
ISR,15,70.8,v15,Red meat
JPN,15,352.1,v15,Red meat
MEX,15,2730.7,v15,Red meat
NGA,15,117.8,v15,Red meat
NZL,15,49.2,v15,Red meat
ROU,15,585.0,v15,Red meat
TUR,15,1259.6,v15,Red meat
USA,15,8163.3,v15,Red meat
ZAF,15,86.7,v15,Red meat
AUS,16,278.5,v15,Red meat
BGD,16,57.4,v15,Red meat
BGR,16,165.4,v15,Red meat
BRA,16,1832.8,v15,Red meat
CAN,16,323.0,v15,Red meat
CHN,16,4395.6,v15,Red meat
DEU,16,1571.9,v15,Red meat
EGY,16,1038.1,v15,Red meat
GBR,16,702.3,v15,Red meat
GLB,16,42772.3,v15,Red meat
IND,16,3413.7,v15,Red meat
ISR,16,83.5,v15,Red meat
JPN,16,408.0,v15,Red meat
MEX,16,3225.5,v15,Red meat
NGA,16,139.0,v15,Red meat
NZL,16,57.4,v15,Red meat
ROU,16,670.5,v15,Red meat
TUR,16,1478.0,v15,Red meat
USA,16,9555.9,v15,Red meat
ZAF,16,102.6,v15,Red meat
AUS,17,321.3,v15,Red meat
BGD,17,65.7,v15,Red meat
BGR,17,187.7,v15,Red meat
BRA,17,2131.3,v15,Red meat
CAN,17,375.6,v15,Red meat
CHN,17,5099.7,v15,Red meat
DEU,17,1796.3,v15,Red meat
EGY,17,1195.4,v15,Red meat
GBR,17,807.5,v15,Red meat
GLB,17,49578.9,v15,Red meat
IND,17,3929.8,v15,Red meat
ISR,17,97.0,v15,Red meat
JPN,17,466.6,v15,Red meat
MEX,17,3756.7,v15,Red meat
NGA,17,161.9,v15,Red meat
NZL,17,66.0,v15,Red meat
ROU,17,758.8,v15,Red meat
TUR,17,1711.1,v15,Red meat
USA,17,11029.6,v15,Red meat
ZAF,17,119.7,v15,Red meat
AUS,18,366.4,v15,Red meat
BGD,18,74.4,v15,Red meat
BGR,18,210.7,v15,Red meat
BRA,18,2448.2,v15,Red meat
CAN,18,431.3,v15,Red meat
CHN,18,5845.2,v15,Red meat
DEU,18,2030.0,v15,Red meat
EGY,18,1361.0,v15,Red meat
GBR,18,917.8,v15,Red meat
GLB,18,56784.6,v15,Red meat
IND,18,4471.3,v15,Red meat
ISR,18,111.3,v15,Red meat
JPN,18,527.6,v15,Red meat
MEX,18,4322.5,v15,Red meat
NGA,18,186.4,v15,Red meat
NZL,18,75.0,v15,Red meat
ROU,18,849.4,v15,Red meat
TUR,18,1957.8,v15,Red meat
USA,18,12576.1,v15,Red meat
ZAF,18,138.0,v15,Red meat
AUS,19,413.5,v15,Red meat
BGD,19,83.4,v15,Red meat
BGR,19,234.2,v15,Red meat
BRA,19,2782.2,v15,Red meat
CAN,19,489.9,v15,Red meat
CHN,19,6629.2,v15,Red meat
DEU,19,2272.0,v15,Red meat
EGY,19,1534.4,v15,Red meat
GBR,19,1032.9,v15,Red meat
GLB,19,64362.5,v15,Red meat
IND,19,5036.1,v15,Red meat
ISR,19,126.4,v15,Red meat
JPN,19,590.5,v15,Red meat
MEX,19,4920.9,v15,Red meat
NGA,19,212.4,v15,Red meat
NZL,19,84.4,v15,Red meat
ROU,19,942.0,v15,Red meat
TUR,19,2217.5,v15,Red meat
USA,19,14187.1,v15,Red meat
ZAF,19,157.4,v15,Red meat
AUS,20,462.5,v15,Red meat
BGD,20,92.7,v15,Red meat
BGR,20,258.1,v15,Red meat
BRA,20,3132.2,v15,Red meat
CAN,20,551.1,v15,Red meat
CHN,20,7449.2,v15,Red meat
DEU,20,2521.2,v15,Red meat
EGY,20,1714.9,v15,Red meat
GBR,20,1152.1,v15,Red meat
GLB,20,72287.0,v15,Red meat
IND,20,5622.1,v15,Red meat
ISR,20,142.2,v15,Red meat
JPN,20,655.3,v15,Red meat
MEX,20,5550.3,v15,Red meat
NGA,20,240.1,v15,Red meat
NZL,20,94.1,v15,Red meat
ROU,20,1036.2,v15,Red meat
TUR,20,2489.4,v15,Red meat
USA,20,15855.1,v15,Red meat
ZAF,20,177.9,v15,Red meat
AUS,21,513.3,v15,Red meat
BGD,21,102.2,v15,Red meat
BGR,21,282.2,v15,Red meat
BRA,21,3496.8,v15,Red meat
CAN,21,614.8,v15,Red meat
CHN,21,8302.3,v15,Red meat
DEU,21,2776.7,v15,Red meat
EGY,21,1902.2,v15,Red meat
GBR,21,1275.2,v15,Red meat
GLB,21,80533.7,v15,Red meat
IND,21,6227.5,v15,Red meat
ISR,21,158.8,v15,Red meat
JPN,21,721.6,v15,Red meat
MEX,21,6208.9,v15,Red meat
NGA,21,269.3,v15,Red meat
NZL,21,104.1,v15,Red meat
ROU,21,1131.8,v15,Red meat
TUR,21,2772.7,v15,Red meat
USA,21,17572.8,v15,Red meat
ZAF,21,199.3,v15,Red meat
AUS,22,565.7,v15,Red meat
BGD,22,112.0,v15,Red meat
BGR,22,306.7,v15,Red meat
BRA,22,3875.0,v15,Red meat
CAN,22,680.7,v15,Red meat
CHN,22,9186.1,v15,Red meat
DEU,22,3037.4,v15,Red meat
EGY,22,2095.8,v15,Red meat
GBR,22,1401.8,v15,Red meat
GLB,22,89079.1,v15,Red meat
IND,22,6850.5,v15,Red meat
ISR,22,176.0,v15,Red meat
JPN,22,789.5,v15,Red meat
MEX,22,6895.0,v15,Red meat
NGA,22,299.9,v15,Red meat
NZL,22,114.5,v15,Red meat
ROU,22,1228.5,v15,Red meat
TUR,22,3066.6,v15,Red meat
USA,22,19333.7,v15,Red meat
ZAF,22,221.7,v15,Red meat
AUS,23,619.5,v15,Red meat
BGD,23,122.0,v15,Red meat
BGR,23,331.3,v15,Red meat
BRA,23,4265.5,v15,Red meat
CAN,23,748.5,v15,Red meat
CHN,23,10098.0,v15,Red meat
DEU,23,3302.5,v15,Red meat
EGY,23,2295.1,v15,Red meat
GBR,23,1531.6,v15,Red meat
GLB,23,97900.8,v15,Red meat
IND,23,7489.4,v15,Red meat
ISR,23,193.9,v15,Red meat
JPN,23,858.5,v15,Red meat
MEX,23,7607.0,v15,Red meat
NGA,23,332.0,v15,Red meat
NZL,23,125.0,v15,Red meat
ROU,23,1326.0,v15,Red meat
TUR,23,3370.5,v15,Red meat
USA,23,21131.7,v15,Red meat
ZAF,23,245.0,v15,Red meat
AUS,24,674.8,v15,Red meat
BGD,24,132.1,v15,Red meat
BGR,24,356.0,v15,Red meat
BRA,24,4667.3,v15,Red meat
CAN,24,818.1,v15,Red meat
CHN,24,11035.5,v15,Red meat
DEU,24,3571.2,v15,Red meat
EGY,24,2499.5,v15,Red meat
GBR,24,1664.2,v15,Red meat
GLB,24,106977.2,v15,Red meat
IND,24,8142.6,v15,Red meat
ISR,24,212.3,v15,Red meat
JPN,24,928.8,v15,Red meat
MEX,24,8343.1,v15,Red meat
NGA,24,365.6,v15,Red meat
NZL,24,135.8,v15,Red meat
ROU,24,1424.2,v15,Red meat
TUR,24,3683.7,v15,Red meat
USA,24,22961.1,v15,Red meat
ZAF,24,269.2,v15,Red meat
AUS,25,731.3,v15,Red meat
BGD,25,142.4,v15,Red meat
BGR,25,380.7,v15,Red meat
BRA,25,5079.1,v15,Red meat
CAN,25,889.2,v15,Red meat
CHN,25,11996.0,v15,Red meat
DEU,25,3842.7,v15,Red meat
EGY,25,2708.6,v15,Red meat
GBR,25,1799.3,v15,Red meat
GLB,25,116286.9,v15,Red meat
IND,25,8808.3,v15,Red meat
ISR,25,231.4,v15,Red meat
JPN,25,1000.0,v15,Red meat
MEX,25,9101.8,v15,Red meat
NGA,25,400.5,v15,Red meat
NZL,25,146.9,v15,Red meat
ROU,25,1522.8,v15,Red meat
TUR,25,4005.5,v15,Red meat
USA,25,24816.7,v15,Red meat
ZAF,25,294.2,v15,Red meat
AUS,26,789.0,v15,Red meat
BGD,26,152.8,v15,Red meat
BGR,26,405.5,v15,Red meat
BRA,26,5499.9,v15,Red meat
CAN,26,961.8,v15,Red meat
CHN,26,12977.2,v15,Red meat
DEU,26,4116.4,v15,Red meat
EGY,26,2921.7,v15,Red meat
GBR,26,1936.5,v15,Red meat
GLB,26,125809.4,v15,Red meat
IND,26,9484.9,v15,Red meat
ISR,26,251.1,v15,Red meat
JPN,26,1072.1,v15,Red meat
MEX,26,9881.2,v15,Red meat
NGA,26,436.8,v15,Red meat
NZL,26,158.0,v15,Red meat
ROU,26,1621.6,v15,Red meat
TUR,26,4335.1,v15,Red meat
USA,26,26693.8,v15,Red meat
ZAF,26,320.0,v15,Red meat
AUS,27,847.7,v15,Red meat
BGD,27,163.3,v15,Red meat
BGR,27,430.2,v15,Red meat
BRA,27,5928.6,v15,Red meat
CAN,27,1035.5,v15,Red meat
CHN,27,13976.4,v15,Red meat
DEU,27,4391.4,v15,Red meat
EGY,27,3138.2,v15,Red meat
GBR,27,2075.6,v15,Red meat
GLB,27,135524.0,v15,Red meat
IND,27,10170.9,v15,Red meat
ISR,27,271.3,v15,Red meat
JPN,27,1144.9,v15,Red meat
MEX,27,10679.8,v15,Red meat
NGA,27,474.3,v15,Red meat
NZL,27,169.4,v15,Red meat
ROU,27,1720.4,v15,Red meat
TUR,27,4671.8,v15,Red meat
USA,27,28588.0,v15,Red meat
ZAF,27,346.5,v15,Red meat
AUS,28,907.4,v15,Red meat
BGD,28,173.9,v15,Red meat
BGR,28,454.8,v15,Red meat
BRA,28,6364.1,v15,Red meat
CAN,28,1110.3,v15,Red meat
CHN,28,14991.4,v15,Red meat
DEU,28,4667.2,v15,Red meat
EGY,28,3357.3,v15,Red meat
GBR,28,2216.4,v15,Red meat
GLB,28,145410.3,v15,Red meat
IND,28,10864.4,v15,Red meat
ISR,28,292.0,v15,Red meat
JPN,28,1218.4,v15,Red meat
MEX,28,11495.8,v15,Red meat
NGA,28,513.1,v15,Red meat
NZL,28,180.9,v15,Red meat
ROU,28,1819.1,v15,Red meat
TUR,28,5014.9,v15,Red meat
USA,28,30495.2,v15,Red meat
ZAF,28,373.8,v15,Red meat
AUS,29,968.0,v15,Red meat
BGD,29,184.6,v15,Red meat
BGR,29,479.3,v15,Red meat
BRA,29,6805.2,v15,Red meat
CAN,29,1185.9,v15,Red meat
CHN,29,16019.7,v15,Red meat
DEU,29,4943.3,v15,Red meat
EGY,29,3578.3,v15,Red meat
GBR,29,2358.4,v15,Red meat
GLB,29,155448.0,v15,Red meat
IND,29,11563.8,v15,Red meat
ISR,29,313.2,v15,Red meat
JPN,29,1292.3,v15,Red meat
MEX,29,12327.5,v15,Red meat
NGA,29,553.1,v15,Red meat
NZL,29,192.5,v15,Red meat
ROU,29,1917.5,v15,Red meat
TUR,29,5363.4,v15,Red meat
USA,29,32411.7,v15,Red meat
ZAF,29,401.7,v15,Red meat
AUS,30,1029.3,v15,Red meat
BGD,30,195.2,v15,Red meat
BGR,30,503.6,v15,Red meat
BRA,30,7251.0,v15,Red meat
CAN,30,1262.3,v15,Red meat
CHN,30,17058.9,v15,Red meat
DEU,30,5219.1,v15,Red meat
EGY,30,3800.5,v15,Red meat
GBR,30,2501.4,v15,Red meat
GLB,30,165616.3,v15,Red meat
IND,30,12267.3,v15,Red meat
ISR,30,335.0,v15,Red meat
JPN,30,1366.7,v15,Red meat
MEX,30,13173.0,v15,Red meat
NGA,30,594.1,v15,Red meat
NZL,30,204.2,v15,Red meat
ROU,30,2015.2,v15,Red meat
TUR,30,5716.7,v15,Red meat
USA,30,34333.9,v15,Red meat
ZAF,30,430.2,v15,Red meat
AUS,1,0.0,v29,SSB
BGD,1,0.0,v29,SSB
BGR,1,0.0,v29,SSB
BRA,1,0.0,v29,SSB
CAN,1,0.0,v29,SSB
CHN,1,0.0,v29,SSB
DEU,1,0.0,v29,SSB
EGY,1,0.0,v29,SSB
GBR,1,0.0,v29,SSB
GLB,1,0.0,v29,SSB
IND,1,0.0,v29,SSB
ISR,1,0.0,v29,SSB
JPN,1,0.0,v29,SSB
MEX,1,0.0,v29,SSB
NGA,1,0.0,v29,SSB
NZL,1,0.0,v29,SSB
ROU,1,0.0,v29,SSB
TUR,1,0.0,v29,SSB
USA,1,0.0,v29,SSB
ZAF,1,0.0,v29,SSB
AUS,2,0.0,v29,SSB
BGD,2,0.0,v29,SSB
BGR,2,0.0,v29,SSB
BRA,2,0.0,v29,SSB
CAN,2,0.0,v29,SSB
CHN,2,0.0,v29,SSB
DEU,2,0.0,v29,SSB
EGY,2,0.0,v29,SSB
GBR,2,0.0,v29,SSB
GLB,2,0.3,v29,SSB
IND,2,0.1,v29,SSB
ISR,2,0.0,v29,SSB
JPN,2,0.0,v29,SSB
MEX,2,0.0,v29,SSB
NGA,2,0.0,v29,SSB
NZL,2,0.0,v29,SSB
ROU,2,0.0,v29,SSB
TUR,2,0.0,v29,SSB
USA,2,-0.0,v29,SSB
ZAF,2,0.0,v29,SSB
AUS,3,0.0,v29,SSB
BGD,3,0.0,v29,SSB
BGR,3,0.0,v29,SSB
BRA,3,0.0,v29,SSB
CAN,3,0.0,v29,SSB
CHN,3,0.1,v29,SSB
DEU,3,0.0,v29,SSB
EGY,3,0.0,v29,SSB
GBR,3,0.0,v29,SSB
GLB,3,0.9,v29,SSB
IND,3,0.4,v29,SSB
ISR,3,0.0,v29,SSB
JPN,3,0.0,v29,SSB
MEX,3,0.0,v29,SSB
NGA,3,0.0,v29,SSB
NZL,3,0.0,v29,SSB
ROU,3,0.0,v29,SSB
TUR,3,0.0,v29,SSB
USA,3,-0.0,v29,SSB
ZAF,3,0.0,v29,SSB
AUS,4,0.0,v29,SSB
BGD,4,0.1,v29,SSB
BGR,4,0.0,v29,SSB
BRA,4,0.0,v29,SSB
CAN,4,0.0,v29,SSB
CHN,4,0.2,v29,SSB
DEU,4,0.0,v29,SSB
EGY,4,0.1,v29,SSB
GBR,4,0.0,v29,SSB
GLB,4,2.1,v29,SSB
IND,4,0.8,v29,SSB
ISR,4,0.0,v29,SSB
JPN,4,0.0,v29,SSB
MEX,4,0.0,v29,SSB
NGA,4,0.0,v29,SSB
NZL,4,0.0,v29,SSB
ROU,4,0.0,v29,SSB
TUR,4,0.1,v29,SSB
USA,4,-0.0,v29,SSB
ZAF,4,0.0,v29,SSB
AUS,5,0.0,v29,SSB
BGD,5,0.1,v29,SSB
BGR,5,0.0,v29,SSB
BRA,5,0.0,v29,SSB
CAN,5,0.0,v29,SSB
CHN,5,0.4,v29,SSB
DEU,5,0.1,v29,SSB
EGY,5,0.2,v29,SSB
GBR,5,0.0,v29,SSB
GLB,5,4.1,v29,SSB
IND,5,1.6,v29,SSB
ISR,5,0.0,v29,SSB
JPN,5,0.0,v29,SSB
MEX,5,0.1,v29,SSB
NGA,5,0.1,v29,SSB
NZL,5,0.0,v29,SSB
ROU,5,0.0,v29,SSB
TUR,5,0.1,v29,SSB
USA,5,-0.0,v29,SSB
ZAF,5,0.0,v29,SSB
AUS,6,0.0,v29,SSB
BGD,6,0.2,v29,SSB
BGR,6,0.0,v29,SSB
BRA,6,0.0,v29,SSB
CAN,6,0.0,v29,SSB
CHN,6,0.8,v29,SSB
DEU,6,0.1,v29,SSB
EGY,6,0.3,v29,SSB
GBR,6,0.1,v29,SSB
GLB,6,7.1,v29,SSB
IND,6,2.8,v29,SSB
ISR,6,0.0,v29,SSB
JPN,6,0.1,v29,SSB
MEX,6,0.1,v29,SSB
NGA,6,0.2,v29,SSB
NZL,6,0.0,v29,SSB
ROU,6,0.1,v29,SSB
TUR,6,0.2,v29,SSB
USA,6,-0.0,v29,SSB
ZAF,6,0.0,v29,SSB
AUS,7,0.0,v29,SSB
BGD,7,0.4,v29,SSB
BGR,7,0.0,v29,SSB
BRA,7,0.0,v29,SSB
CAN,7,0.1,v29,SSB
CHN,7,1.3,v29,SSB
DEU,7,0.2,v29,SSB
EGY,7,0.5,v29,SSB
GBR,7,0.1,v29,SSB
GLB,7,11.4,v29,SSB
IND,7,4.4,v29,SSB
ISR,7,0.0,v29,SSB
JPN,7,0.1,v29,SSB
MEX,7,0.2,v29,SSB
NGA,7,0.3,v29,SSB
NZL,7,0.0,v29,SSB
ROU,7,0.1,v29,SSB
TUR,7,0.3,v29,SSB
USA,7,-0.0,v29,SSB
ZAF,7,0.0,v29,SSB
AUS,8,0.1,v29,SSB
BGD,8,0.6,v29,SSB
BGR,8,0.0,v29,SSB
BRA,8,0.0,v29,SSB
CAN,8,0.1,v29,SSB
CHN,8,1.9,v29,SSB
DEU,8,0.3,v29,SSB
EGY,8,0.8,v29,SSB
GBR,8,0.2,v29,SSB
GLB,8,17.1,v29,SSB
IND,8,6.7,v29,SSB
ISR,8,0.0,v29,SSB
JPN,8,0.1,v29,SSB
MEX,8,0.3,v29,SSB
NGA,8,0.4,v29,SSB
NZL,8,0.0,v29,SSB
ROU,8,0.2,v29,SSB
TUR,8,0.5,v29,SSB
USA,8,-0.0,v29,SSB
ZAF,8,0.0,v29,SSB
AUS,9,0.1,v29,SSB
BGD,9,0.8,v29,SSB
BGR,9,0.0,v29,SSB
BRA,9,0.0,v29,SSB
CAN,9,0.1,v29,SSB
CHN,9,2.7,v29,SSB
DEU,9,0.4,v29,SSB
EGY,9,1.1,v29,SSB
GBR,9,0.2,v29,SSB
GLB,9,24.4,v29,SSB
IND,9,9.4,v29,SSB
ISR,9,0.0,v29,SSB
JPN,9,0.2,v29,SSB
MEX,9,0.5,v29,SSB
NGA,9,0.5,v29,SSB
NZL,9,0.0,v29,SSB
ROU,9,0.2,v29,SSB
TUR,9,0.7,v29,SSB
USA,9,-0.0,v29,SSB
ZAF,9,0.0,v29,SSB
AUS,10,0.1,v29,SSB
BGD,10,1.1,v29,SSB
BGR,10,0.0,v29,SSB
BRA,10,0.1,v29,SSB
CAN,10,0.2,v29,SSB
CHN,10,3.7,v29,SSB
DEU,10,0.6,v29,SSB
EGY,10,1.6,v29,SSB
GBR,10,0.3,v29,SSB
GLB,10,33.4,v29,SSB
IND,10,12.8,v29,SSB
ISR,10,0.0,v29,SSB
JPN,10,0.3,v29,SSB
MEX,10,0.7,v29,SSB
NGA,10,0.7,v29,SSB
NZL,10,0.0,v29,SSB
ROU,10,0.3,v29,SSB
TUR,10,1.0,v29,SSB
USA,10,-0.0,v29,SSB
ZAF,10,0.1,v29,SSB
AUS,11,0.2,v29,SSB
BGD,11,1.4,v29,SSB
BGR,11,0.1,v29,SSB
BRA,11,0.1,v29,SSB
CAN,11,0.2,v29,SSB
CHN,11,4.9,v29,SSB
DEU,11,0.7,v29,SSB
EGY,11,2.0,v29,SSB
GBR,11,0.4,v29,SSB
GLB,11,44.0,v29,SSB
IND,11,16.8,v29,SSB
ISR,11,0.0,v29,SSB
JPN,11,0.4,v29,SSB
MEX,11,0.9,v29,SSB
NGA,11,1.0,v29,SSB
NZL,11,0.1,v29,SSB
ROU,11,0.4,v29,SSB
TUR,11,1.3,v29,SSB
USA,11,-0.0,v29,SSB
ZAF,11,0.1,v29,SSB
AUS,12,0.2,v29,SSB
BGD,12,1.8,v29,SSB
BGR,12,0.1,v29,SSB
BRA,12,0.1,v29,SSB
CAN,12,0.3,v29,SSB
CHN,12,6.3,v29,SSB
DEU,12,0.9,v29,SSB
EGY,12,2.6,v29,SSB
GBR,12,0.5,v29,SSB
GLB,12,56.2,v29,SSB
IND,12,21.2,v29,SSB
ISR,12,0.0,v29,SSB
JPN,12,0.5,v29,SSB
MEX,12,1.2,v29,SSB
NGA,12,1.2,v29,SSB
NZL,12,0.1,v29,SSB
ROU,12,0.5,v29,SSB
TUR,12,1.7,v29,SSB
USA,12,-0.0,v29,SSB
ZAF,12,0.1,v29,SSB
AUS,13,0.3,v29,SSB
BGD,13,2.2,v29,SSB
BGR,13,0.1,v29,SSB
BRA,13,0.1,v29,SSB
CAN,13,0.4,v29,SSB
CHN,13,7.9,v29,SSB
DEU,13,1.1,v29,SSB
EGY,13,3.2,v29,SSB
GBR,13,0.6,v29,SSB
GLB,13,70.0,v29,SSB
IND,13,26.2,v29,SSB
ISR,13,0.0,v29,SSB
JPN,13,0.6,v29,SSB
MEX,13,1.4,v29,SSB
NGA,13,1.6,v29,SSB
NZL,13,0.1,v29,SSB
ROU,13,0.6,v29,SSB
TUR,13,2.1,v29,SSB
USA,13,-0.0,v29,SSB
ZAF,13,0.1,v29,SSB
AUS,14,0.4,v29,SSB
BGD,14,2.7,v29,SSB
BGR,14,0.1,v29,SSB
BRA,14,0.1,v29,SSB
CAN,14,0.4,v29,SSB
CHN,14,9.6,v29,SSB
DEU,14,1.3,v29,SSB
EGY,14,3.8,v29,SSB
GBR,14,0.7,v29,SSB
GLB,14,85.1,v29,SSB
IND,14,31.7,v29,SSB
ISR,14,0.0,v29,SSB
JPN,14,0.7,v29,SSB
MEX,14,1.8,v29,SSB
NGA,14,1.9,v29,SSB
NZL,14,0.1,v29,SSB
ROU,14,0.7,v29,SSB
TUR,14,2.5,v29,SSB
USA,14,-0.0,v29,SSB
ZAF,14,0.1,v29,SSB
AUS,15,0.4,v29,SSB
BGD,15,3.2,v29,SSB
BGR,15,0.1,v29,SSB
BRA,15,0.2,v29,SSB
CAN,15,0.5,v29,SSB
CHN,15,11.5,v29,SSB
DEU,15,1.6,v29,SSB
EGY,15,4.5,v29,SSB
GBR,15,0.9,v29,SSB
GLB,15,101.7,v29,SSB
IND,15,37.5,v29,SSB
ISR,15,0.1,v29,SSB
JPN,15,0.8,v29,SSB
MEX,15,2.1,v29,SSB
NGA,15,2.3,v29,SSB
NZL,15,0.1,v29,SSB
ROU,15,0.8,v29,SSB
TUR,15,3.0,v29,SSB
USA,15,-0.0,v29,SSB
ZAF,15,0.2,v29,SSB
AUS,16,0.5,v29,SSB
BGD,16,3.7,v29,SSB
BGR,16,0.2,v29,SSB
BRA,16,0.2,v29,SSB
CAN,16,0.6,v29,SSB
CHN,16,13.5,v29,SSB
DEU,16,1.8,v29,SSB
EGY,16,5.3,v29,SSB
GBR,16,1.0,v29,SSB
GLB,16,119.5,v29,SSB
IND,16,43.8,v29,SSB
ISR,16,0.1,v29,SSB
JPN,16,0.9,v29,SSB
MEX,16,2.5,v29,SSB
NGA,16,2.7,v29,SSB
NZL,16,0.1,v29,SSB
ROU,16,0.9,v29,SSB
TUR,16,3.5,v29,SSB
USA,16,-0.0,v29,SSB
ZAF,16,0.2,v29,SSB
AUS,17,0.6,v29,SSB
BGD,17,4.2,v29,SSB
BGR,17,0.2,v29,SSB
BRA,17,0.2,v29,SSB
CAN,17,0.7,v29,SSB
CHN,17,15.6,v29,SSB
DEU,17,2.1,v29,SSB
EGY,17,6.1,v29,SSB
GBR,17,1.2,v29,SSB
GLB,17,138.5,v29,SSB
IND,17,50.4,v29,SSB
ISR,17,0.1,v29,SSB
JPN,17,1.1,v29,SSB
MEX,17,2.9,v29,SSB
NGA,17,3.1,v29,SSB
NZL,17,0.2,v29,SSB
ROU,17,1.1,v29,SSB
TUR,17,4.1,v29,SSB
USA,17,-0.0,v29,SSB
ZAF,17,0.2,v29,SSB
AUS,18,0.6,v29,SSB
BGD,18,4.8,v29,SSB
BGR,18,0.2,v29,SSB
BRA,18,0.3,v29,SSB
CAN,18,0.8,v29,SSB
CHN,18,17.9,v29,SSB
DEU,18,2.4,v29,SSB
EGY,18,6.9,v29,SSB
GBR,18,1.4,v29,SSB
GLB,18,158.7,v29,SSB
IND,18,57.4,v29,SSB
ISR,18,0.1,v29,SSB
JPN,18,1.2,v29,SSB
MEX,18,3.4,v29,SSB
NGA,18,3.6,v29,SSB
NZL,18,0.2,v29,SSB
ROU,18,1.2,v29,SSB
TUR,18,4.7,v29,SSB
USA,18,-0.1,v29,SSB
ZAF,18,0.3,v29,SSB
AUS,19,0.7,v29,SSB
BGD,19,5.3,v29,SSB
BGR,19,0.2,v29,SSB
BRA,19,0.3,v29,SSB
CAN,19,0.9,v29,SSB
CHN,19,20.3,v29,SSB
DEU,19,2.6,v29,SSB
EGY,19,7.8,v29,SSB
GBR,19,1.5,v29,SSB
GLB,19,179.8,v29,SSB
IND,19,64.6,v29,SSB
ISR,19,0.1,v29,SSB
JPN,19,1.3,v29,SSB
MEX,19,3.8,v29,SSB
NGA,19,4.1,v29,SSB
NZL,19,0.2,v29,SSB
ROU,19,1.3,v29,SSB
TUR,19,5.3,v29,SSB
USA,19,-0.1,v29,SSB
ZAF,19,0.3,v29,SSB
AUS,20,0.8,v29,SSB
BGD,20,5.9,v29,SSB
BGR,20,0.2,v29,SSB
BRA,20,0.3,v29,SSB
CAN,20,1.0,v29,SSB
CHN,20,22.9,v29,SSB
DEU,20,2.9,v29,SSB
EGY,20,8.7,v29,SSB
GBR,20,1.7,v29,SSB
GLB,20,202.0,v29,SSB
IND,20,72.2,v29,SSB
ISR,20,0.1,v29,SSB
JPN,20,1.5,v29,SSB
MEX,20,4.3,v29,SSB
NGA,20,4.6,v29,SSB
NZL,20,0.2,v29,SSB
ROU,20,1.4,v29,SSB
TUR,20,6.0,v29,SSB
USA,20,-0.1,v29,SSB
ZAF,20,0.3,v29,SSB
AUS,21,0.9,v29,SSB
BGD,21,6.6,v29,SSB
BGR,21,0.3,v29,SSB
BRA,21,0.4,v29,SSB
CAN,21,1.2,v29,SSB
CHN,21,25.5,v29,SSB
DEU,21,3.2,v29,SSB
EGY,21,9.7,v29,SSB
GBR,21,1.9,v29,SSB
GLB,21,225.0,v29,SSB
IND,21,79.9,v29,SSB
ISR,21,0.1,v29,SSB
JPN,21,1.6,v29,SSB
MEX,21,4.8,v29,SSB
NGA,21,5.2,v29,SSB
NZL,21,0.2,v29,SSB
ROU,21,1.6,v29,SSB
TUR,21,6.6,v29,SSB
USA,21,-0.1,v29,SSB
ZAF,21,0.4,v29,SSB
AUS,22,1.0,v29,SSB
BGD,22,7.2,v29,SSB
BGR,22,0.3,v29,SSB
BRA,22,0.4,v29,SSB
CAN,22,1.3,v29,SSB
CHN,22,28.2,v29,SSB
DEU,22,3.5,v29,SSB
EGY,22,10.6,v29,SSB
GBR,22,2.1,v29,SSB
GLB,22,248.9,v29,SSB
IND,22,87.9,v29,SSB
ISR,22,0.1,v29,SSB
JPN,22,1.8,v29,SSB
MEX,22,5.4,v29,SSB
NGA,22,5.8,v29,SSB
NZL,22,0.3,v29,SSB
ROU,22,1.7,v29,SSB
TUR,22,7.3,v29,SSB
USA,22,-0.1,v29,SSB
ZAF,22,0.4,v29,SSB
AUS,23,1.1,v29,SSB
BGD,23,7.8,v29,SSB
BGR,23,0.3,v29,SSB
BRA,23,0.5,v29,SSB
CAN,23,1.4,v29,SSB
CHN,23,31.0,v29,SSB
DEU,23,3.8,v29,SSB
EGY,23,11.7,v29,SSB
GBR,23,2.3,v29,SSB
GLB,23,273.5,v29,SSB
IND,23,96.1,v29,SSB
ISR,23,0.2,v29,SSB
JPN,23,1.9,v29,SSB
MEX,23,5.9,v29,SSB
NGA,23,6.4,v29,SSB
NZL,23,0.3,v29,SSB
ROU,23,1.9,v29,SSB
TUR,23,8.1,v29,SSB
USA,23,-0.1,v29,SSB
ZAF,23,0.5,v29,SSB
AUS,24,1.2,v29,SSB
BGD,24,8.5,v29,SSB
BGR,24,0.3,v29,SSB
BRA,24,0.5,v29,SSB
CAN,24,1.5,v29,SSB
CHN,24,33.9,v29,SSB
DEU,24,4.2,v29,SSB
EGY,24,12.7,v29,SSB
GBR,24,2.4,v29,SSB
GLB,24,298.9,v29,SSB
IND,24,104.5,v29,SSB
ISR,24,0.2,v29,SSB
JPN,24,2.1,v29,SSB
MEX,24,6.5,v29,SSB
NGA,24,7.0,v29,SSB
NZL,24,0.3,v29,SSB
ROU,24,2.0,v29,SSB
TUR,24,8.8,v29,SSB
USA,24,-0.1,v29,SSB
ZAF,24,0.5,v29,SSB
AUS,25,1.3,v29,SSB
BGD,25,9.1,v29,SSB
BGR,25,0.4,v29,SSB
BRA,25,0.5,v29,SSB
CAN,25,1.7,v29,SSB
CHN,25,36.8,v29,SSB
DEU,25,4.5,v29,SSB
EGY,25,13.8,v29,SSB
GBR,25,2.6,v29,SSB
GLB,25,324.9,v29,SSB
IND,25,113.0,v29,SSB
ISR,25,0.2,v29,SSB
JPN,25,2.3,v29,SSB
MEX,25,7.1,v29,SSB
NGA,25,7.7,v29,SSB
NZL,25,0.3,v29,SSB
ROU,25,2.1,v29,SSB
TUR,25,9.6,v29,SSB
USA,25,-0.1,v29,SSB
ZAF,25,0.5,v29,SSB
AUS,26,1.4,v29,SSB
BGD,26,9.8,v29,SSB
BGR,26,0.4,v29,SSB
BRA,26,0.6,v29,SSB
CAN,26,1.8,v29,SSB
CHN,26,39.8,v29,SSB
DEU,26,4.8,v29,SSB
EGY,26,14.8,v29,SSB
GBR,26,2.8,v29,SSB
GLB,26,351.5,v29,SSB
IND,26,121.7,v29,SSB
ISR,26,0.2,v29,SSB
JPN,26,2.4,v29,SSB
MEX,26,7.7,v29,SSB
NGA,26,8.4,v29,SSB
NZL,26,0.4,v29,SSB
ROU,26,2.3,v29,SSB
TUR,26,10.4,v29,SSB
USA,26,-0.1,v29,SSB
ZAF,26,0.6,v29,SSB
AUS,27,1.5,v29,SSB
BGD,27,10.5,v29,SSB
BGR,27,0.4,v29,SSB
BRA,27,0.6,v29,SSB
CAN,27,2.0,v29,SSB
CHN,27,42.9,v29,SSB
DEU,27,5.1,v29,SSB
EGY,27,15.9,v29,SSB
GBR,27,3.1,v29,SSB
GLB,27,378.7,v29,SSB
IND,27,130.5,v29,SSB
ISR,27,0.2,v29,SSB
JPN,27,2.6,v29,SSB
MEX,27,8.3,v29,SSB
NGA,27,9.1,v29,SSB
NZL,27,0.4,v29,SSB
ROU,27,2.4,v29,SSB
TUR,27,11.2,v29,SSB
USA,27,-0.1,v29,SSB
ZAF,27,0.6,v29,SSB
AUS,28,1.6,v29,SSB
BGD,28,11.2,v29,SSB
BGR,28,0.4,v29,SSB
BRA,28,0.7,v29,SSB
CAN,28,2.1,v29,SSB
CHN,28,46.0,v29,SSB
DEU,28,5.4,v29,SSB
EGY,28,17.0,v29,SSB
GBR,28,3.3,v29,SSB
GLB,28,406.3,v29,SSB
IND,28,139.4,v29,SSB
ISR,28,0.2,v29,SSB
JPN,28,2.8,v29,SSB
MEX,28,8.9,v29,SSB
NGA,28,9.9,v29,SSB
NZL,28,0.4,v29,SSB
ROU,28,2.5,v29,SSB
TUR,28,12.0,v29,SSB
USA,28,-0.1,v29,SSB
ZAF,28,0.7,v29,SSB
AUS,29,1.7,v29,SSB
BGD,29,11.8,v29,SSB
BGR,29,0.4,v29,SSB
BRA,29,0.7,v29,SSB
CAN,29,2.2,v29,SSB
CHN,29,49.2,v29,SSB
DEU,29,5.7,v29,SSB
EGY,29,18.2,v29,SSB
GBR,29,3.5,v29,SSB
GLB,29,434.3,v29,SSB
IND,29,148.4,v29,SSB
ISR,29,0.3,v29,SSB
JPN,29,2.9,v29,SSB
MEX,29,9.6,v29,SSB
NGA,29,10.7,v29,SSB
NZL,29,0.5,v29,SSB
ROU,29,2.7,v29,SSB
TUR,29,12.8,v29,SSB
USA,29,-0.1,v29,SSB
ZAF,29,0.7,v29,SSB
AUS,30,1.8,v29,SSB
BGD,30,12.5,v29,SSB
BGR,30,0.5,v29,SSB
BRA,30,0.8,v29,SSB
CAN,30,2.4,v29,SSB
CHN,30,52.3,v29,SSB
DEU,30,6.1,v29,SSB
EGY,30,19.3,v29,SSB
GBR,30,3.7,v29,SSB
GLB,30,462.7,v29,SSB
IND,30,157.4,v29,SSB
ISR,30,0.3,v29,SSB
JPN,30,3.1,v29,SSB
MEX,30,10.2,v29,SSB
NGA,30,11.5,v29,SSB
NZL,30,0.5,v29,SSB
ROU,30,2.8,v29,SSB
TUR,30,13.7,v29,SSB
USA,30,-0.1,v29,SSB
ZAF,30,0.8,v29,SSB
AUS,1,0.0,v30,Processed meat
BGD,1,0.0,v30,Processed meat
BGR,1,0.0,v30,Processed meat
BRA,1,0.0,v30,Processed meat
CAN,1,0.0,v30,Processed meat
CHN,1,0.0,v30,Processed meat
DEU,1,0.0,v30,Processed meat
EGY,1,0.0,v30,Processed meat
GBR,1,0.0,v30,Processed meat
GLB,1,0.0,v30,Processed meat
IND,1,0.0,v30,Processed meat
ISR,1,0.0,v30,Processed meat
JPN,1,0.0,v30,Processed meat
MEX,1,0.0,v30,Processed meat
NGA,1,0.0,v30,Processed meat
NZL,1,0.0,v30,Processed meat
ROU,1,0.0,v30,Processed meat
TUR,1,0.0,v30,Processed meat
USA,1,0.0,v30,Processed meat
ZAF,1,0.0,v30,Processed meat
AUS,2,0.0,v30,Processed meat
BGD,2,-0.0,v30,Processed meat
BGR,2,0.0,v30,Processed meat
BRA,2,0.0,v30,Processed meat
CAN,2,0.0,v30,Processed meat
CHN,2,0.1,v30,Processed meat
DEU,2,0.0,v30,Processed meat
EGY,2,-0.0,v30,Processed meat
GBR,2,0.0,v30,Processed meat
GLB,2,0.7,v30,Processed meat
IND,2,0.5,v30,Processed meat
ISR,2,-0.0,v30,Processed meat
JPN,2,-0.0,v30,Processed meat
MEX,2,0.0,v30,Processed meat
NGA,2,0.0,v30,Processed meat
NZL,2,0.0,v30,Processed meat
ROU,2,0.0,v30,Processed meat
TUR,2,0.0,v30,Processed meat
USA,2,0.1,v30,Processed meat
ZAF,2,0.0,v30,Processed meat
AUS,3,0.0,v30,Processed meat
BGD,3,-0.2,v30,Processed meat
BGR,3,0.0,v30,Processed meat
BRA,3,0.1,v30,Processed meat
CAN,3,0.0,v30,Processed meat
CHN,3,0.4,v30,Processed meat
DEU,3,0.1,v30,Processed meat
EGY,3,-0.0,v30,Processed meat
GBR,3,0.0,v30,Processed meat
GLB,3,2.3,v30,Processed meat
IND,3,1.7,v30,Processed meat
ISR,3,-0.0,v30,Processed meat
JPN,3,-0.2,v30,Processed meat
MEX,3,0.1,v30,Processed meat
NGA,3,0.1,v30,Processed meat
NZL,3,0.0,v30,Processed meat
ROU,3,0.1,v30,Processed meat
TUR,3,0.1,v30,Processed meat
USA,3,0.3,v30,Processed meat
ZAF,3,0.0,v30,Processed meat
AUS,4,0.0,v30,Processed meat
BGD,4,-0.4,v30,Processed meat
BGR,4,0.0,v30,Processed meat
BRA,4,0.3,v30,Processed meat
CAN,4,0.0,v30,Processed meat
CHN,4,0.8,v30,Processed meat
DEU,4,0.2,v30,Processed meat
EGY,4,-0.0,v30,Processed meat
GBR,4,0.0,v30,Processed meat
GLB,4,5.3,v30,Processed meat
IND,4,3.9,v30,Processed meat
ISR,4,-0.0,v30,Processed meat
JPN,4,-0.4,v30,Processed meat
MEX,4,0.2,v30,Processed meat
NGA,4,0.2,v30,Processed meat
NZL,4,0.0,v30,Processed meat
ROU,4,0.1,v30,Processed meat
TUR,4,0.3,v30,Processed meat
USA,4,0.6,v30,Processed meat
ZAF,4,0.0,v30,Processed meat
AUS,5,0.0,v30,Processed meat
BGD,5,-0.7,v30,Processed meat
BGR,5,0.1,v30,Processed meat
BRA,5,0.5,v30,Processed meat
CAN,5,0.0,v30,Processed meat
CHN,5,1.6,v30,Processed meat
DEU,5,0.4,v30,Processed meat
EGY,5,-0.1,v30,Processed meat
GBR,5,0.0,v30,Processed meat
GLB,5,10.2,v30,Processed meat
IND,5,7.5,v30,Processed meat
ISR,5,-0.0,v30,Processed meat
JPN,5,-0.7,v30,Processed meat
MEX,5,0.3,v30,Processed meat
NGA,5,0.4,v30,Processed meat
NZL,5,0.0,v30,Processed meat
ROU,5,0.3,v30,Processed meat
TUR,5,0.5,v30,Processed meat
USA,5,1.2,v30,Processed meat
ZAF,5,0.1,v30,Processed meat
AUS,6,0.0,v30,Processed meat
BGD,6,-1.2,v30,Processed meat
BGR,6,0.1,v30,Processed meat
BRA,6,1.0,v30,Processed meat
CAN,6,0.1,v30,Processed meat
CHN,6,2.9,v30,Processed meat
DEU,6,0.6,v30,Processed meat
EGY,6,-0.2,v30,Processed meat
GBR,6,0.0,v30,Processed meat
GLB,6,17.7,v30,Processed meat
IND,6,13.0,v30,Processed meat
ISR,6,-0.0,v30,Processed meat
JPN,6,-1.2,v30,Processed meat
MEX,6,0.6,v30,Processed meat
NGA,6,0.6,v30,Processed meat
NZL,6,0.0,v30,Processed meat
ROU,6,0.4,v30,Processed meat
TUR,6,0.9,v30,Processed meat
USA,6,2.1,v30,Processed meat
ZAF,6,0.1,v30,Processed meat
AUS,7,0.1,v30,Processed meat
BGD,7,-1.8,v30,Processed meat
BGR,7,0.2,v30,Processed meat
BRA,7,1.5,v30,Processed meat
CAN,7,0.1,v30,Processed meat
CHN,7,4.6,v30,Processed meat
DEU,7,1.0,v30,Processed meat
EGY,7,-0.3,v30,Processed meat
GBR,7,0.1,v30,Processed meat
GLB,7,28.4,v30,Processed meat
IND,7,20.7,v30,Processed meat
ISR,7,-0.0,v30,Processed meat
JPN,7,-1.9,v30,Processed meat
MEX,7,0.9,v30,Processed meat
NGA,7,1.0,v30,Processed meat
NZL,7,0.0,v30,Processed meat
ROU,7,0.7,v30,Processed meat
TUR,7,1.5,v30,Processed meat
USA,7,3.3,v30,Processed meat
ZAF,7,0.2,v30,Processed meat
AUS,8,0.1,v30,Processed meat
BGD,8,-2.7,v30,Processed meat
BGR,8,0.3,v30,Processed meat
BRA,8,2.3,v30,Processed meat
CAN,8,0.1,v30,Processed meat
CHN,8,7.0,v30,Processed meat
DEU,8,1.5,v30,Processed meat
EGY,8,-0.4,v30,Processed meat
GBR,8,0.1,v30,Processed meat
GLB,8,42.8,v30,Processed meat
IND,8,30.9,v30,Processed meat
ISR,8,-0.0,v30,Processed meat
JPN,8,-2.9,v30,Processed meat
MEX,8,1.4,v30,Processed meat
NGA,8,1.5,v30,Processed meat
NZL,8,0.0,v30,Processed meat
ROU,8,1.0,v30,Processed meat
TUR,8,2.2,v30,Processed meat
USA,8,5.0,v30,Processed meat
ZAF,8,0.3,v30,Processed meat
AUS,9,0.1,v30,Processed meat
BGD,9,-3.9,v30,Processed meat
BGR,9,0.4,v30,Processed meat
BRA,9,3.3,v30,Processed meat
CAN,9,0.2,v30,Processed meat
CHN,9,10.0,v30,Processed meat
DEU,9,2.1,v30,Processed meat
EGY,9,-0.5,v30,Processed meat
GBR,9,0.1,v30,Processed meat
GLB,9,61.2,v30,Processed meat
IND,9,43.8,v30,Processed meat
ISR,9,-0.1,v30,Processed meat
JPN,9,-4.0,v30,Processed meat
MEX,9,2.0,v30,Processed meat
NGA,9,2.1,v30,Processed meat
NZL,9,0.1,v30,Processed meat
ROU,9,1.3,v30,Processed meat
TUR,9,3.1,v30,Processed meat
USA,9,7.1,v30,Processed meat
ZAF,9,0.4,v30,Processed meat
AUS,10,0.2,v30,Processed meat
BGD,10,-5.2,v30,Processed meat
BGR,10,0.5,v30,Processed meat
BRA,10,4.6,v30,Processed meat
CAN,10,0.2,v30,Processed meat
CHN,10,13.7,v30,Processed meat
DEU,10,2.8,v30,Processed meat
EGY,10,-0.7,v30,Processed meat
GBR,10,0.2,v30,Processed meat
GLB,10,83.6,v30,Processed meat
IND,10,59.5,v30,Processed meat
ISR,10,-0.1,v30,Processed meat
JPN,10,-5.4,v30,Processed meat
MEX,10,2.8,v30,Processed meat
NGA,10,2.8,v30,Processed meat
NZL,10,0.1,v30,Processed meat
ROU,10,1.8,v30,Processed meat
TUR,10,4.3,v30,Processed meat
USA,10,9.7,v30,Processed meat
ZAF,10,0.5,v30,Processed meat
AUS,11,0.2,v30,Processed meat
BGD,11,-6.8,v30,Processed meat
BGR,11,0.7,v30,Processed meat
BRA,11,6.1,v30,Processed meat
CAN,11,0.3,v30,Processed meat
CHN,11,18.1,v30,Processed meat
DEU,11,3.6,v30,Processed meat
EGY,11,-0.9,v30,Processed meat
GBR,11,0.2,v30,Processed meat
GLB,11,110.2,v30,Processed meat
IND,11,77.8,v30,Processed meat
ISR,11,-0.1,v30,Processed meat
JPN,11,-7.1,v30,Processed meat
MEX,11,3.7,v30,Processed meat
NGA,11,3.7,v30,Processed meat
NZL,11,0.1,v30,Processed meat
ROU,11,2.3,v30,Processed meat
TUR,11,5.6,v30,Processed meat
USA,11,12.7,v30,Processed meat
ZAF,11,0.7,v30,Processed meat
AUS,12,0.3,v30,Processed meat
BGD,12,-8.5,v30,Processed meat
BGR,12,0.9,v30,Processed meat
BRA,12,7.8,v30,Processed meat
CAN,12,0.4,v30,Processed meat
CHN,12,23.2,v30,Processed meat
DEU,12,4.5,v30,Processed meat
EGY,12,-1.2,v30,Processed meat
GBR,12,0.3,v30,Processed meat
GLB,12,140.8,v30,Processed meat
IND,12,98.6,v30,Processed meat
ISR,12,-0.1,v30,Processed meat
JPN,12,-8.9,v30,Processed meat
MEX,12,4.8,v30,Processed meat
NGA,12,4.8,v30,Processed meat
NZL,12,0.1,v30,Processed meat
ROU,12,2.8,v30,Processed meat
TUR,12,7.1,v30,Processed meat
USA,12,16.2,v30,Processed meat
ZAF,12,0.9,v30,Processed meat
AUS,13,0.3,v30,Processed meat
BGD,13,-10.5,v30,Processed meat
BGR,13,1.1,v30,Processed meat
BRA,13,9.8,v30,Processed meat
CAN,13,0.5,v30,Processed meat
CHN,13,29.0,v30,Processed meat
DEU,13,5.5,v30,Processed meat
EGY,13,-1.5,v30,Processed meat
GBR,13,0.4,v30,Processed meat
GLB,13,175.2,v30,Processed meat
IND,13,121.7,v30,Processed meat
ISR,13,-0.2,v30,Processed meat
JPN,13,-10.9,v30,Processed meat
MEX,13,6.0,v30,Processed meat
NGA,13,6.0,v30,Processed meat
NZL,13,0.1,v30,Processed meat
ROU,13,3.4,v30,Processed meat
TUR,13,8.8,v30,Processed meat
USA,13,20.1,v30,Processed meat
ZAF,13,1.1,v30,Processed meat
AUS,14,0.4,v30,Processed meat
BGD,14,-12.6,v30,Processed meat
BGR,14,1.3,v30,Processed meat
BRA,14,11.9,v30,Processed meat
CAN,14,0.6,v30,Processed meat
CHN,14,35.3,v30,Processed meat
DEU,14,6.5,v30,Processed meat
EGY,14,-1.8,v30,Processed meat
GBR,14,0.4,v30,Processed meat
GLB,14,213.2,v30,Processed meat
IND,14,147.0,v30,Processed meat
ISR,14,-0.2,v30,Processed meat
JPN,14,-13.1,v30,Processed meat
MEX,14,7.4,v30,Processed meat
NGA,14,7.3,v30,Processed meat
NZL,14,0.2,v30,Processed meat
ROU,14,4.0,v30,Processed meat
TUR,14,10.7,v30,Processed meat
USA,14,24.4,v30,Processed meat
ZAF,14,1.3,v30,Processed meat
AUS,15,0.4,v30,Processed meat
BGD,15,-14.8,v30,Processed meat
BGR,15,1.5,v30,Processed meat
BRA,15,14.3,v30,Processed meat
CAN,15,0.8,v30,Processed meat
CHN,15,42.2,v30,Processed meat
DEU,15,7.7,v30,Processed meat
EGY,15,-2.1,v30,Processed meat
GBR,15,0.5,v30,Processed meat
GLB,15,254.7,v30,Processed meat
IND,15,174.3,v30,Processed meat
ISR,15,-0.2,v30,Processed meat
JPN,15,-15.4,v30,Processed meat
MEX,15,8.9,v30,Processed meat
NGA,15,8.7,v30,Processed meat
NZL,15,0.2,v30,Processed meat
ROU,15,4.7,v30,Processed meat
TUR,15,12.8,v30,Processed meat
USA,15,29.0,v30,Processed meat
ZAF,15,1.6,v30,Processed meat
AUS,16,0.5,v30,Processed meat
BGD,16,-17.2,v30,Processed meat
BGR,16,1.7,v30,Processed meat
BRA,16,16.9,v30,Processed meat
CAN,16,0.9,v30,Processed meat
CHN,16,49.7,v30,Processed meat
DEU,16,8.9,v30,Processed meat
EGY,16,-2.5,v30,Processed meat
GBR,16,0.6,v30,Processed meat
GLB,16,299.3,v30,Processed meat
IND,16,203.4,v30,Processed meat
ISR,16,-0.3,v30,Processed meat
JPN,16,-17.8,v30,Processed meat
MEX,16,10.5,v30,Processed meat
NGA,16,10.3,v30,Processed meat
NZL,16,0.2,v30,Processed meat
ROU,16,5.4,v30,Processed meat
TUR,16,15.0,v30,Processed meat
USA,16,33.9,v30,Processed meat
ZAF,16,1.9,v30,Processed meat
AUS,17,0.6,v30,Processed meat
BGD,17,-19.7,v30,Processed meat
BGR,17,2.0,v30,Processed meat
BRA,17,19.6,v30,Processed meat
CAN,17,1.1,v30,Processed meat
CHN,17,57.7,v30,Processed meat
DEU,17,10.1,v30,Processed meat
EGY,17,-2.8,v30,Processed meat
GBR,17,0.7,v30,Processed meat
GLB,17,346.9,v30,Processed meat
IND,17,234.1,v30,Processed meat
ISR,17,-0.3,v30,Processed meat
JPN,17,-20.4,v30,Processed meat
MEX,17,12.2,v30,Processed meat
NGA,17,12.0,v30,Processed meat
NZL,17,0.3,v30,Processed meat
ROU,17,6.1,v30,Processed meat
TUR,17,17.3,v30,Processed meat
USA,17,39.2,v30,Processed meat
ZAF,17,2.2,v30,Processed meat
AUS,18,0.7,v30,Processed meat
BGD,18,-22.3,v30,Processed meat
BGR,18,2.2,v30,Processed meat
BRA,18,22.5,v30,Processed meat
CAN,18,1.2,v30,Processed meat
CHN,18,66.1,v30,Processed meat
DEU,18,11.5,v30,Processed meat
EGY,18,-3.2,v30,Processed meat
GBR,18,0.8,v30,Processed meat
GLB,18,397.3,v30,Processed meat
IND,18,266.4,v30,Processed meat
ISR,18,-0.4,v30,Processed meat
JPN,18,-23.0,v30,Processed meat
MEX,18,14.0,v30,Processed meat
NGA,18,13.8,v30,Processed meat
NZL,18,0.3,v30,Processed meat
ROU,18,6.8,v30,Processed meat
TUR,18,19.8,v30,Processed meat
USA,18,44.7,v30,Processed meat
ZAF,18,2.5,v30,Processed meat
AUS,19,0.8,v30,Processed meat
BGD,19,-25.0,v30,Processed meat
BGR,19,2.4,v30,Processed meat
BRA,19,25.6,v30,Processed meat
CAN,19,1.4,v30,Processed meat
CHN,19,74.9,v30,Processed meat
DEU,19,12.8,v30,Processed meat
EGY,19,-3.6,v30,Processed meat
GBR,19,0.9,v30,Processed meat
GLB,19,450.4,v30,Processed meat
IND,19,300.1,v30,Processed meat
ISR,19,-0.4,v30,Processed meat
JPN,19,-25.8,v30,Processed meat
MEX,19,16.0,v30,Processed meat
NGA,19,15.7,v30,Processed meat
NZL,19,0.4,v30,Processed meat
ROU,19,7.5,v30,Processed meat
TUR,19,22.5,v30,Processed meat
USA,19,50.4,v30,Processed meat
ZAF,19,2.9,v30,Processed meat
AUS,20,0.9,v30,Processed meat
BGD,20,-27.8,v30,Processed meat
BGR,20,2.7,v30,Processed meat
BRA,20,28.8,v30,Processed meat
CAN,20,1.6,v30,Processed meat
CHN,20,84.2,v30,Processed meat
DEU,20,14.2,v30,Processed meat
EGY,20,-4.0,v30,Processed meat
GBR,20,1.0,v30,Processed meat
GLB,20,505.8,v30,Processed meat
IND,20,335.0,v30,Processed meat
ISR,20,-0.5,v30,Processed meat
JPN,20,-28.6,v30,Processed meat
MEX,20,18.0,v30,Processed meat
NGA,20,17.8,v30,Processed meat
NZL,20,0.4,v30,Processed meat
ROU,20,8.3,v30,Processed meat
TUR,20,25.2,v30,Processed meat
USA,20,56.3,v30,Processed meat
ZAF,20,3.3,v30,Processed meat
AUS,21,1.0,v30,Processed meat
BGD,21,-30.6,v30,Processed meat
BGR,21,2.9,v30,Processed meat
BRA,21,32.2,v30,Processed meat
CAN,21,1.7,v30,Processed meat
CHN,21,93.9,v30,Processed meat
DEU,21,15.7,v30,Processed meat
EGY,21,-4.5,v30,Processed meat
GBR,21,1.1,v30,Processed meat
GLB,21,563.5,v30,Processed meat
IND,21,371.0,v30,Processed meat
ISR,21,-0.5,v30,Processed meat
JPN,21,-31.5,v30,Processed meat
MEX,21,20.2,v30,Processed meat
NGA,21,19.9,v30,Processed meat
NZL,21,0.4,v30,Processed meat
ROU,21,9.0,v30,Processed meat
TUR,21,28.1,v30,Processed meat
USA,21,62.4,v30,Processed meat
ZAF,21,3.6,v30,Processed meat
AUS,22,1.1,v30,Processed meat
BGD,22,-33.5,v30,Processed meat
BGR,22,3.2,v30,Processed meat
BRA,22,35.6,v30,Processed meat
CAN,22,1.9,v30,Processed meat
CHN,22,103.9,v30,Processed meat
DEU,22,17.2,v30,Processed meat
EGY,22,-4.9,v30,Processed meat
GBR,22,1.2,v30,Processed meat
GLB,22,623.3,v30,Processed meat
IND,22,408.2,v30,Processed meat
ISR,22,-0.6,v30,Processed meat
JPN,22,-34.5,v30,Processed meat
MEX,22,22.4,v30,Processed meat
NGA,22,22.2,v30,Processed meat
NZL,22,0.5,v30,Processed meat
ROU,22,9.8,v30,Processed meat
TUR,22,31.1,v30,Processed meat
USA,22,68.7,v30,Processed meat
ZAF,22,4.1,v30,Processed meat
AUS,23,1.2,v30,Processed meat
BGD,23,-36.5,v30,Processed meat
BGR,23,3.4,v30,Processed meat
BRA,23,39.2,v30,Processed meat
CAN,23,2.1,v30,Processed meat
CHN,23,114.2,v30,Processed meat
DEU,23,18.6,v30,Processed meat
EGY,23,-5.4,v30,Processed meat
GBR,23,1.3,v30,Processed meat
GLB,23,685.0,v30,Processed meat
IND,23,446.2,v30,Processed meat
ISR,23,-0.7,v30,Processed meat
JPN,23,-37.5,v30,Processed meat
MEX,23,24.7,v30,Processed meat
NGA,23,24.6,v30,Processed meat
NZL,23,0.5,v30,Processed meat
ROU,23,10.6,v30,Processed meat
TUR,23,34.1,v30,Processed meat
USA,23,75.1,v30,Processed meat
ZAF,23,4.5,v30,Processed meat
AUS,24,1.3,v30,Processed meat
BGD,24,-39.6,v30,Processed meat
BGR,24,3.7,v30,Processed meat
BRA,24,42.9,v30,Processed meat
CAN,24,2.3,v30,Processed meat
CHN,24,124.8,v30,Processed meat
DEU,24,20.2,v30,Processed meat
EGY,24,-5.9,v30,Processed meat
GBR,24,1.5,v30,Processed meat
GLB,24,748.5,v30,Processed meat
IND,24,485.1,v30,Processed meat
ISR,24,-0.7,v30,Processed meat
JPN,24,-40.6,v30,Processed meat
MEX,24,27.1,v30,Processed meat
NGA,24,27.1,v30,Processed meat
NZL,24,0.6,v30,Processed meat
ROU,24,11.4,v30,Processed meat
TUR,24,37.3,v30,Processed meat
USA,24,81.6,v30,Processed meat
ZAF,24,4.9,v30,Processed meat
AUS,25,1.4,v30,Processed meat
BGD,25,-42.6,v30,Processed meat
BGR,25,4.0,v30,Processed meat
BRA,25,46.7,v30,Processed meat
CAN,25,2.5,v30,Processed meat
CHN,25,135.6,v30,Processed meat
DEU,25,21.7,v30,Processed meat
EGY,25,-6.4,v30,Processed meat
GBR,25,1.6,v30,Processed meat
GLB,25,813.7,v30,Processed meat
IND,25,524.8,v30,Processed meat
ISR,25,-0.8,v30,Processed meat
JPN,25,-43.7,v30,Processed meat
MEX,25,29.5,v30,Processed meat
NGA,25,29.6,v30,Processed meat
NZL,25,0.6,v30,Processed meat
ROU,25,12.2,v30,Processed meat
TUR,25,40.6,v30,Processed meat
USA,25,88.1,v30,Processed meat
ZAF,25,5.4,v30,Processed meat
AUS,26,1.5,v30,Processed meat
BGD,26,-45.8,v30,Processed meat
BGR,26,4.2,v30,Processed meat
BRA,26,50.6,v30,Processed meat
CAN,26,2.7,v30,Processed meat
CHN,26,146.7,v30,Processed meat
DEU,26,23.2,v30,Processed meat
EGY,26,-6.9,v30,Processed meat
GBR,26,1.7,v30,Processed meat
GLB,26,880.3,v30,Processed meat
IND,26,565.1,v30,Processed meat
ISR,26,-0.9,v30,Processed meat
JPN,26,-46.8,v30,Processed meat
MEX,26,32.1,v30,Processed meat
NGA,26,32.3,v30,Processed meat
NZL,26,0.7,v30,Processed meat
ROU,26,13.0,v30,Processed meat
TUR,26,43.9,v30,Processed meat
USA,26,94.8,v30,Processed meat
ZAF,26,5.9,v30,Processed meat
AUS,27,1.6,v30,Processed meat
BGD,27,-48.9,v30,Processed meat
BGR,27,4.5,v30,Processed meat
BRA,27,54.5,v30,Processed meat
CAN,27,2.9,v30,Processed meat
CHN,27,158.0,v30,Processed meat
DEU,27,24.8,v30,Processed meat
EGY,27,-7.4,v30,Processed meat
GBR,27,1.8,v30,Processed meat
GLB,27,948.3,v30,Processed meat
IND,27,606.0,v30,Processed meat
ISR,27,-0.9,v30,Processed meat
JPN,27,-50.0,v30,Processed meat
MEX,27,34.7,v30,Processed meat
NGA,27,35.1,v30,Processed meat
NZL,27,0.7,v30,Processed meat
ROU,27,13.7,v30,Processed meat
TUR,27,47.3,v30,Processed meat
USA,27,101.5,v30,Processed meat
ZAF,27,6.3,v30,Processed meat
AUS,28,1.7,v30,Processed meat
BGD,28,-52.1,v30,Processed meat
BGR,28,4.7,v30,Processed meat
BRA,28,58.5,v30,Processed meat
CAN,28,3.2,v30,Processed meat
CHN,28,169.5,v30,Processed meat
DEU,28,26.4,v30,Processed meat
EGY,28,-7.9,v30,Processed meat
GBR,28,1.9,v30,Processed meat
GLB,28,1017.4,v30,Processed meat
IND,28,647.3,v30,Processed meat
ISR,28,-1.0,v30,Processed meat
JPN,28,-53.2,v30,Processed meat
MEX,28,37.3,v30,Processed meat
NGA,28,38.0,v30,Processed meat
NZL,28,0.8,v30,Processed meat
ROU,28,14.5,v30,Processed meat
TUR,28,50.8,v30,Processed meat
USA,28,108.3,v30,Processed meat
ZAF,28,6.8,v30,Processed meat
AUS,29,1.8,v30,Processed meat
BGD,29,-55.3,v30,Processed meat
BGR,29,5.0,v30,Processed meat
BRA,29,62.6,v30,Processed meat
CAN,29,3.4,v30,Processed meat
CHN,29,181.1,v30,Processed meat
DEU,29,27.9,v30,Processed meat
EGY,29,-8.4,v30,Processed meat
GBR,29,2.1,v30,Processed meat
GLB,29,1087.7,v30,Processed meat
IND,29,689.0,v30,Processed meat
ISR,29,-1.1,v30,Processed meat
JPN,29,-56.4,v30,Processed meat
MEX,29,40.0,v30,Processed meat
NGA,29,40.9,v30,Processed meat
NZL,29,0.8,v30,Processed meat
ROU,29,15.3,v30,Processed meat
TUR,29,54.3,v30,Processed meat
USA,29,115.1,v30,Processed meat
ZAF,29,7.4,v30,Processed meat
AUS,30,1.9,v30,Processed meat
BGD,30,-58.5,v30,Processed meat
BGR,30,5.2,v30,Processed meat
BRA,30,66.7,v30,Processed meat
CAN,30,3.6,v30,Processed meat
CHN,30,192.9,v30,Processed meat
DEU,30,29.5,v30,Processed meat
EGY,30,-9.0,v30,Processed meat
GBR,30,2.2,v30,Processed meat
GLB,30,1158.8,v30,Processed meat
IND,30,730.9,v30,Processed meat
ISR,30,-1.1,v30,Processed meat
JPN,30,-59.7,v30,Processed meat
MEX,30,42.8,v30,Processed meat
NGA,30,44.0,v30,Processed meat
NZL,30,0.9,v30,Processed meat
ROU,30,16.1,v30,Processed meat
TUR,30,57.9,v30,Processed meat
USA,30,121.9,v30,Processed meat
ZAF,30,7.9,v30,Processed meat
AUS,1,0.0,v34,Trans fat
BGD,1,0.0,v34,Trans fat
BGR,1,0.0,v34,Trans fat
BRA,1,0.0,v34,Trans fat
CAN,1,0.0,v34,Trans fat
CHN,1,0.0,v34,Trans fat
DEU,1,0.0,v34,Trans fat
EGY,1,0.0,v34,Trans fat
GBR,1,0.0,v34,Trans fat
GLB,1,0.0,v34,Trans fat
IND,1,0.0,v34,Trans fat
ISR,1,0.0,v34,Trans fat
JPN,1,0.0,v34,Trans fat
MEX,1,0.0,v34,Trans fat
NGA,1,0.0,v34,Trans fat
NZL,1,0.0,v34,Trans fat
ROU,1,0.0,v34,Trans fat
TUR,1,0.0,v34,Trans fat
USA,1,0.0,v34,Trans fat
ZAF,1,0.0,v34,Trans fat
AUS,2,2.6,v34,Trans fat
BGD,2,63.7,v34,Trans fat
BGR,2,4.0,v34,Trans fat
BRA,2,10.1,v34,Trans fat
CAN,2,0.8,v34,Trans fat
CHN,2,65.3,v34,Trans fat
DEU,2,9.8,v34,Trans fat
EGY,2,-2.4,v34,Trans fat
GBR,2,4.5,v34,Trans fat
GLB,2,432.1,v34,Trans fat
IND,2,125.2,v34,Trans fat
ISR,2,0.1,v34,Trans fat
JPN,2,23.8,v34,Trans fat
MEX,2,-0.9,v34,Trans fat
NGA,2,-1.0,v34,Trans fat
NZL,2,0.6,v34,Trans fat
ROU,2,1.0,v34,Trans fat
TUR,2,-1.7,v34,Trans fat
USA,2,26.6,v34,Trans fat
ZAF,2,1.3,v34,Trans fat
AUS,3,8.8,v34,Trans fat
BGD,3,212.1,v34,Trans fat
BGR,3,12.9,v34,Trans fat
BRA,3,35.2,v34,Trans fat
CAN,3,2.7,v34,Trans fat
CHN,3,225.3,v34,Trans fat
DEU,3,33.3,v34,Trans fat
EGY,3,-7.6,v34,Trans fat
GBR,3,15.3,v34,Trans fat
GLB,3,1490.1,v34,Trans fat
IND,3,426.7,v34,Trans fat
ISR,3,0.2,v34,Trans fat
JPN,3,81.7,v34,Trans fat
MEX,3,-3.1,v34,Trans fat
NGA,3,-3.5,v34,Trans fat
NZL,3,1.9,v34,Trans fat
ROU,3,3.2,v34,Trans fat
TUR,3,-5.6,v34,Trans fat
USA,3,90.8,v34,Trans fat
ZAF,3,4.5,v34,Trans fat
AUS,4,20.2,v34,Trans fat
BGD,4,480.3,v34,Trans fat
BGR,4,28.6,v34,Trans fat
BRA,4,82.5,v34,Trans fat
CAN,4,6.2,v34,Trans fat
CHN,4,523.5,v34,Trans fat
DEU,4,76.2,v34,Trans fat
EGY,4,-16.7,v34,Trans fat
GBR,4,35.1,v34,Trans fat
GLB,4,3455.7,v34,Trans fat
IND,4,981.7,v34,Trans fat
ISR,4,0.5,v34,Trans fat
JPN,4,187.6,v34,Trans fat
MEX,4,-7.4,v34,Trans fat
NGA,4,-8.0,v34,Trans fat
NZL,4,4.2,v34,Trans fat
ROU,4,6.9,v34,Trans fat
TUR,4,-12.5,v34,Trans fat
USA,4,209.1,v34,Trans fat
ZAF,4,10.3,v34,Trans fat
AUS,5,38.7,v34,Trans fat
BGD,5,913.9,v34,Trans fat
BGR,5,53.4,v34,Trans fat
BRA,5,161.2,v34,Trans fat
CAN,5,12.2,v34,Trans fat
CHN,5,1017.0,v34,Trans fat
DEU,5,145.2,v34,Trans fat
EGY,5,-31.3,v34,Trans fat
GBR,5,67.3,v34,Trans fat
GLB,5,6691.7,v34,Trans fat
IND,5,1888.2,v34,Trans fat
ISR,5,0.9,v34,Trans fat
JPN,5,358.9,v34,Trans fat
MEX,5,-14.6,v34,Trans fat
NGA,5,-15.3,v34,Trans fat
NZL,5,8.1,v34,Trans fat
ROU,5,12.6,v34,Trans fat
TUR,5,-23.6,v34,Trans fat
USA,5,402.9,v34,Trans fat
ZAF,5,19.7,v34,Trans fat
AUS,6,66.8,v34,Trans fat
BGD,6,1562.9,v34,Trans fat
BGR,6,89.6,v34,Trans fat
BRA,6,281.9,v34,Trans fat
CAN,6,21.3,v34,Trans fat
CHN,6,1771.2,v34,Trans fat
DEU,6,247.1,v34,Trans fat
EGY,6,-52.9,v34,Trans fat
GBR,6,115.2,v34,Trans fat
GLB,6,11604.9,v34,Trans fat
IND,6,3253.7,v34,Trans fat
ISR,6,1.6,v34,Trans fat
JPN,6,613.3,v34,Trans fat
MEX,6,-25.8,v34,Trans fat
NGA,6,-26.5,v34,Trans fat
NZL,6,13.8,v34,Trans fat
ROU,6,20.8,v34,Trans fat
TUR,6,-40.1,v34,Trans fat
USA,6,696.5,v34,Trans fat
ZAF,6,34.0,v34,Trans fat
AUS,7,106.5,v34,Trans fat
BGD,7,2473.1,v34,Trans fat
BGR,7,139.0,v34,Trans fat
BRA,7,454.7,v34,Trans fat
CAN,7,34.4,v34,Trans fat
CHN,7,2849.9,v34,Trans fat
DEU,7,387.8,v34,Trans fat
EGY,7,-83.1,v34,Trans fat
GBR,7,182.2,v34,Trans fat
GLB,7,18584.1,v34,Trans fat
IND,7,5176.5,v34,Trans fat
ISR,7,2.5,v34,Trans fat
JPN,7,966.5,v34,Trans fat
MEX,7,-41.9,v34,Trans fat
NGA,7,-42.4,v34,Trans fat
NZL,7,21.8,v34,Trans fat
ROU,7,31.8,v34,Trans fat
TUR,7,-63.1,v34,Trans fat
USA,7,1113.0,v34,Trans fat
ZAF,7,54.3,v34,Trans fat
AUS,8,159.6,v34,Trans fat
BGD,8,3677.2,v34,Trans fat
BGR,8,202.6,v34,Trans fat
BRA,8,688.3,v34,Trans fat
CAN,8,52.1,v34,Trans fat
CHN,8,4305.3,v34,Trans fat
DEU,8,570.8,v34,Trans fat
EGY,8,-122.9,v34,Trans fat
GBR,8,270.5,v34,Trans fat
GLB,8,27937.8,v34,Trans fat
IND,8,7728.5,v34,Trans fat
ISR,8,3.8,v34,Trans fat
JPN,8,1428.5,v34,Trans fat
MEX,8,-63.8,v34,Trans fat
NGA,8,-63.9,v34,Trans fat
NZL,8,32.5,v34,Trans fat
ROU,8,45.7,v34,Trans fat
TUR,8,-93.6,v34,Trans fat
USA,8,1671.0,v34,Trans fat
ZAF,8,81.5,v34,Trans fat
AUS,9,227.0,v34,Trans fat
BGD,9,5190.8,v34,Trans fat
BGR,9,280.0,v34,Trans fat
BRA,9,988.5,v34,Trans fat
CAN,9,74.9,v34,Trans fat
CHN,9,6171.6,v34,Trans fat
DEU,9,797.4,v34,Trans fat
EGY,9,-172.7,v34,Trans fat
GBR,9,381.2,v34,Trans fat
GLB,9,39859.4,v34,Trans fat
IND,9,10947.1,v34,Trans fat
ISR,9,5.5,v34,Trans fat
JPN,9,2002.8,v34,Trans fat
MEX,9,-92.1,v34,Trans fat
NGA,9,-91.5,v34,Trans fat
NZL,9,46.0,v34,Trans fat
ROU,9,62.5,v34,Trans fat
TUR,9,-132.0,v34,Trans fat
USA,9,2381.7,v34,Trans fat
ZAF,9,116.0,v34,Trans fat
AUS,10,309.0,v34,Trans fat
BGD,10,7013.8,v34,Trans fat
BGR,10,370.1,v34,Trans fat
BRA,10,1358.3,v34,Trans fat
CAN,10,103.0,v34,Trans fat
CHN,10,8464.1,v34,Trans fat
DEU,10,1066.9,v34,Trans fat
EGY,10,-232.7,v34,Trans fat
GBR,10,514.1,v34,Trans fat
GLB,10,54427.5,v34,Trans fat
IND,10,14837.2,v34,Trans fat
ISR,10,7.5,v34,Trans fat
JPN,10,2687.2,v34,Trans fat
MEX,10,-127.0,v34,Trans fat
NGA,10,-125.5,v34,Trans fat
NZL,10,62.2,v34,Trans fat
ROU,10,82.0,v34,Trans fat
TUR,10,-178.3,v34,Trans fat
USA,10,3249.6,v34,Trans fat
ZAF,10,158.1,v34,Trans fat
AUS,11,405.2,v34,Trans fat
BGD,11,9134.8,v34,Trans fat
BGR,11,471.2,v34,Trans fat
BRA,11,1798.5,v34,Trans fat
CAN,11,136.4,v34,Trans fat
CHN,11,11182.2,v34,Trans fat
DEU,11,1377.3,v34,Trans fat
EGY,11,-302.4,v34,Trans fat
GBR,11,668.5,v34,Trans fat
GLB,11,71628.2,v34,Trans fat
IND,11,19379.6,v34,Trans fat
ISR,11,9.9,v34,Trans fat
JPN,11,3475.1,v34,Trans fat
MEX,11,-168.7,v34,Trans fat
NGA,11,-165.9,v34,Trans fat
NZL,11,81.1,v34,Trans fat
ROU,11,103.9,v34,Trans fat
TUR,11,-232.5,v34,Trans fat
USA,11,4273.2,v34,Trans fat
ZAF,11,207.8,v34,Trans fat
AUS,12,515.1,v34,Trans fat
BGD,12,11535.2,v34,Trans fat
BGR,12,581.6,v34,Trans fat
BRA,12,2307.9,v34,Trans fat
CAN,12,175.0,v34,Trans fat
CHN,12,14314.4,v34,Trans fat
DEU,12,1725.8,v34,Trans fat
EGY,12,-381.4,v34,Trans fat
GBR,12,843.0,v34,Trans fat
GLB,12,91384.6,v34,Trans fat
IND,12,24540.6,v34,Trans fat
ISR,12,12.7,v34,Trans fat
JPN,12,4357.4,v34,Trans fat
MEX,12,-217.0,v34,Trans fat
NGA,12,-212.8,v34,Trans fat
NZL,12,102.6,v34,Trans fat
ROU,12,127.7,v34,Trans fat
TUR,12,-294.2,v34,Trans fat
USA,12,5446.9,v34,Trans fat
ZAF,12,264.7,v34,Trans fat
AUS,13,637.7,v34,Trans fat
BGD,13,14193.8,v34,Trans fat
BGR,13,699.6,v34,Trans fat
BRA,13,2884.4,v34,Trans fat
CAN,13,218.6,v34,Trans fat
CHN,13,17842.3,v34,Trans fat
DEU,13,2109.5,v34,Trans fat
EGY,13,-469.1,v34,Trans fat
GBR,13,1036.1,v34,Trans fat
GLB,13,113582.7,v34,Trans fat
IND,13,30279.4,v34,Trans fat
ISR,13,15.9,v34,Trans fat
JPN,13,5324.3,v34,Trans fat
MEX,13,-271.8,v34,Trans fat
NGA,13,-266.1,v34,Trans fat
NZL,13,126.5,v34,Trans fat
ROU,13,153.2,v34,Trans fat
TUR,13,-363.1,v34,Trans fat
USA,13,6762.3,v34,Trans fat
ZAF,13,328.6,v34,Trans fat
AUS,14,772.3,v34,Trans fat
BGD,14,17088.7,v34,Trans fat
BGR,14,823.6,v34,Trans fat
BRA,14,3525.1,v34,Trans fat
CAN,14,267.0,v34,Trans fat
CHN,14,21744.1,v34,Trans fat
DEU,14,2525.5,v34,Trans fat
EGY,14,-564.8,v34,Trans fat
GBR,14,1246.2,v34,Trans fat
GLB,14,138090.3,v34,Trans fat
IND,14,36553.5,v34,Trans fat
ISR,14,19.4,v34,Trans fat
JPN,14,6365.6,v34,Trans fat
MEX,14,-332.8,v34,Trans fat
NGA,14,-325.7,v34,Trans fat
NZL,14,152.5,v34,Trans fat
ROU,14,180.1,v34,Trans fat
TUR,14,-438.8,v34,Trans fat
USA,14,8209.6,v34,Trans fat
ZAF,14,399.0,v34,Trans fat
AUS,15,917.8,v34,Trans fat
BGD,15,20199.2,v34,Trans fat
BGR,15,952.4,v34,Trans fat
BRA,15,4226.7,v34,Trans fat
CAN,15,319.9,v34,Trans fat
CHN,15,25996.3,v34,Trans fat
DEU,15,2970.8,v34,Trans fat
EGY,15,-668.0,v34,Trans fat
GBR,15,1471.9,v34,Trans fat
GLB,15,164768.9,v34,Trans fat
IND,15,43321.5,v34,Trans fat
ISR,15,23.2,v34,Trans fat
JPN,15,7472.2,v34,Trans fat
MEX,15,-399.7,v34,Trans fat
NGA,15,-391.3,v34,Trans fat
NZL,15,180.6,v34,Trans fat
ROU,15,208.2,v34,Trans fat
TUR,15,-520.8,v34,Trans fat
USA,15,9778.2,v34,Trans fat
ZAF,15,475.6,v34,Trans fat
AUS,16,1073.6,v34,Trans fat
BGD,16,23506.3,v34,Trans fat
BGR,16,1085.0,v34,Trans fat
BRA,16,4985.9,v34,Trans fat
CAN,16,377.0,v34,Trans fat
CHN,16,30575.4,v34,Trans fat
DEU,16,3442.6,v34,Trans fat
EGY,16,-778.2,v34,Trans fat
GBR,16,1711.6,v34,Trans fat
GLB,16,193481.3,v34,Trans fat
IND,16,50545.1,v34,Trans fat
ISR,16,27.3,v34,Trans fat
JPN,16,8635.5,v34,Trans fat
MEX,16,-472.3,v34,Trans fat
NGA,16,-463.0,v34,Trans fat
NZL,16,210.5,v34,Trans fat
ROU,16,237.2,v34,Trans fat
TUR,16,-608.8,v34,Trans fat
USA,16,11457.4,v34,Trans fat
ZAF,16,558.0,v34,Trans fat
AUS,17,1238.7,v34,Trans fat
BGD,17,26993.2,v34,Trans fat
BGR,17,1220.4,v34,Trans fat
BRA,17,5799.3,v34,Trans fat
CAN,17,438.0,v34,Trans fat
CHN,17,35458.4,v34,Trans fat
DEU,17,3938.5,v34,Trans fat
EGY,17,-894.9,v34,Trans fat
GBR,17,1964.3,v34,Trans fat
GLB,17,224094.8,v34,Trans fat
IND,17,58189.0,v34,Trans fat
ISR,17,31.7,v34,Trans fat
JPN,17,9848.2,v34,Trans fat
MEX,17,-550.4,v34,Trans fat
NGA,17,-540.5,v34,Trans fat
NZL,17,242.0,v34,Trans fat
ROU,17,267.0,v34,Trans fat
TUR,17,-702.3,v34,Trans fat
USA,17,13236.7,v34,Trans fat
ZAF,17,645.8,v34,Trans fat
AUS,18,1412.4,v34,Trans fat
BGD,18,30644.7,v34,Trans fat
BGR,18,1357.9,v34,Trans fat
BRA,18,6663.5,v34,Trans fat
CAN,18,502.7,v34,Trans fat
CHN,18,40622.9,v34,Trans fat
DEU,18,4455.9,v34,Trans fat
EGY,18,-1017.6,v34,Trans fat
GBR,18,2228.7,v34,Trans fat
GLB,18,256483.3,v34,Trans fat
IND,18,66221.3,v34,Trans fat
ISR,18,36.4,v34,Trans fat
JPN,18,11103.7,v34,Trans fat
MEX,18,-633.5,v34,Trans fat
NGA,18,-623.7,v34,Trans fat
NZL,18,275.1,v34,Trans fat
ROU,18,297.4,v34,Trans fat
TUR,18,-801.2,v34,Trans fat
USA,18,15105.9,v34,Trans fat
ZAF,18,738.8,v34,Trans fat
AUS,19,1594.2,v34,Trans fat
BGD,19,34447.6,v34,Trans fat
BGR,19,1497.0,v34,Trans fat
BRA,19,7575.2,v34,Trans fat
CAN,19,570.6,v34,Trans fat
CHN,19,46047.4,v34,Trans fat
DEU,19,4992.4,v34,Trans fat
EGY,19,-1146.1,v34,Trans fat
GBR,19,2503.9,v34,Trans fat
GLB,19,290527.4,v34,Trans fat
IND,19,74612.8,v34,Trans fat
ISR,19,41.3,v34,Trans fat
JPN,19,12396.6,v34,Trans fat
MEX,19,-721.6,v34,Trans fat
NGA,19,-712.5,v34,Trans fat
NZL,19,309.6,v34,Trans fat
ROU,19,328.4,v34,Trans fat
TUR,19,-905.0,v34,Trans fat
USA,19,17055.3,v34,Trans fat
ZAF,19,836.6,v34,Trans fat
AUS,20,1783.3,v34,Trans fat
BGD,20,38389.9,v34,Trans fat
BGR,20,1637.3,v34,Trans fat
BRA,20,8531.1,v34,Trans fat
CAN,20,641.6,v34,Trans fat
CHN,20,51711.0,v34,Trans fat
DEU,20,5545.7,v34,Trans fat
EGY,20,-1280.0,v34,Trans fat
GBR,20,2788.8,v34,Trans fat
GLB,20,326114.0,v34,Trans fat
IND,20,83337.0,v34,Trans fat
ISR,20,46.4,v34,Trans fat
JPN,20,13722.1,v34,Trans fat
MEX,20,-814.3,v34,Trans fat
NGA,20,-806.9,v34,Trans fat
NZL,20,345.4,v34,Trans fat
ROU,20,359.7,v34,Trans fat
TUR,20,-1013.5,v34,Trans fat
USA,20,19075.8,v34,Trans fat
ZAF,20,939.1,v34,Trans fat
AUS,21,1979.2,v34,Trans fat
BGD,21,42460.7,v34,Trans fat
BGR,21,1778.2,v34,Trans fat
BRA,21,9528.2,v34,Trans fat
CAN,21,715.4,v34,Trans fat
CHN,21,57593.6,v34,Trans fat
DEU,21,6113.7,v34,Trans fat
EGY,21,-1418.9,v34,Trans fat
GBR,21,3082.6,v34,Trans fat
GLB,21,363136.0,v34,Trans fat
IND,21,92368.7,v34,Trans fat
ISR,21,51.8,v34,Trans fat
JPN,21,15076.2,v34,Trans fat
MEX,21,-911.5,v34,Trans fat
NGA,21,-906.6,v34,Trans fat
NZL,21,382.3,v34,Trans fat
ROU,21,391.4,v34,Trans fat
TUR,21,-1126.4,v34,Trans fat
USA,21,21158.7,v34,Trans fat
ZAF,21,1046.0,v34,Trans fat
AUS,22,2181.5,v34,Trans fat
BGD,22,46650.1,v34,Trans fat
BGR,22,1919.5,v34,Trans fat
BRA,22,10563.3,v34,Trans fat
CAN,22,791.6,v34,Trans fat
CHN,22,63675.5,v34,Trans fat
DEU,22,6694.3,v34,Trans fat
EGY,22,-1562.4,v34,Trans fat
GBR,22,3384.5,v34,Trans fat
GLB,22,401491.2,v34,Trans fat
IND,22,101684.5,v34,Trans fat
ISR,22,57.4,v34,Trans fat
JPN,22,16455.5,v34,Trans fat
MEX,22,-1012.7,v34,Trans fat
NGA,22,-1011.6,v34,Trans fat
NZL,22,420.2,v34,Trans fat
ROU,22,423.3,v34,Trans fat
TUR,22,-1243.4,v34,Trans fat
USA,22,23296.2,v34,Trans fat
ZAF,22,1157.1,v34,Trans fat
AUS,23,2389.5,v34,Trans fat
BGD,23,50948.5,v34,Trans fat
BGR,23,2060.9,v34,Trans fat
BRA,23,11633.5,v34,Trans fat
CAN,23,870.2,v34,Trans fat
CHN,23,69937.2,v34,Trans fat
DEU,23,7285.6,v34,Trans fat
EGY,23,-1710.3,v34,Trans fat
GBR,23,3693.8,v34,Trans fat
GLB,23,441081.5,v34,Trans fat
IND,23,111261.4,v34,Trans fat
ISR,23,63.2,v34,Trans fat
JPN,23,17856.9,v34,Trans fat
MEX,23,-1117.9,v34,Trans fat
NGA,23,-1121.6,v34,Trans fat
NZL,23,459.1,v34,Trans fat
ROU,23,455.5,v34,Trans fat
TUR,23,-1364.3,v34,Trans fat
USA,23,25480.8,v34,Trans fat
ZAF,23,1272.1,v34,Trans fat
AUS,24,2603.0,v34,Trans fat
BGD,24,55346.7,v34,Trans fat
BGR,24,2202.1,v34,Trans fat
BRA,24,12735.8,v34,Trans fat
CAN,24,950.7,v34,Trans fat
CHN,24,76360.0,v34,Trans fat
DEU,24,7885.6,v34,Trans fat
EGY,24,-1862.1,v34,Trans fat
GBR,24,4009.5,v34,Trans fat
GLB,24,481812.2,v34,Trans fat
IND,24,121077.1,v34,Trans fat
ISR,24,69.2,v34,Trans fat
JPN,24,19277.8,v34,Trans fat
MEX,24,-1226.8,v34,Trans fat
NGA,24,-1236.7,v34,Trans fat
NZL,24,498.9,v34,Trans fat
ROU,24,487.7,v34,Trans fat
TUR,24,-1488.8,v34,Trans fat
USA,24,27705.9,v34,Trans fat
ZAF,24,1391.0,v34,Trans fat
AUS,25,2821.5,v34,Trans fat
BGD,25,59835.4,v34,Trans fat
BGR,25,2342.9,v34,Trans fat
BRA,25,13867.5,v34,Trans fat
CAN,25,1033.1,v34,Trans fat
CHN,25,82925.3,v34,Trans fat
DEU,25,8492.6,v34,Trans fat
EGY,25,-2017.4,v34,Trans fat
GBR,25,4331.1,v34,Trans fat
GLB,25,523590.6,v34,Trans fat
IND,25,131108.9,v34,Trans fat
ISR,25,75.4,v34,Trans fat
JPN,25,20715.6,v34,Trans fat
MEX,25,-1339.1,v34,Trans fat
NGA,25,-1356.6,v34,Trans fat
NZL,25,539.4,v34,Trans fat
ROU,25,520.0,v34,Trans fat
TUR,25,-1616.6,v34,Trans fat
USA,25,29965.2,v34,Trans fat
ZAF,25,1513.6,v34,Trans fat
AUS,26,3044.5,v34,Trans fat
BGD,26,64405.2,v34,Trans fat
BGR,26,2483.0,v34,Trans fat
BRA,26,15025.5,v34,Trans fat
CAN,26,1117.1,v34,Trans fat
CHN,26,89614.8,v34,Trans fat
DEU,26,9105.1,v34,Trans fat
EGY,26,-2175.8,v34,Trans fat
GBR,26,4657.9,v34,Trans fat
GLB,26,566326.0,v34,Trans fat
IND,26,141334.1,v34,Trans fat
ISR,26,81.8,v34,Trans fat
JPN,26,22168.1,v34,Trans fat
MEX,26,-1454.7,v34,Trans fat
NGA,26,-1481.1,v34,Trans fat
NZL,26,580.6,v34,Trans fat
ROU,26,552.4,v34,Trans fat
TUR,26,-1747.5,v34,Trans fat
USA,26,32253.1,v34,Trans fat
ZAF,26,1639.5,v34,Trans fat
AUS,27,3271.8,v34,Trans fat
BGD,27,69046.7,v34,Trans fat
BGR,27,2622.1,v34,Trans fat
BRA,27,16207.1,v34,Trans fat
CAN,27,1202.5,v34,Trans fat
CHN,27,96410.9,v34,Trans fat
DEU,27,9721.4,v34,Trans fat
EGY,27,-2336.8,v34,Trans fat
GBR,27,4989.1,v34,Trans fat
GLB,27,609928.4,v34,Trans fat
IND,27,151729.3,v34,Trans fat
ISR,27,88.4,v34,Trans fat
JPN,27,23633.0,v34,Trans fat
MEX,27,-1573.1,v34,Trans fat
NGA,27,-1610.0,v34,Trans fat
NZL,27,622.4,v34,Trans fat
ROU,27,584.7,v34,Trans fat
TUR,27,-1881.2,v34,Trans fat
USA,27,34564.1,v34,Trans fat
ZAF,27,1768.8,v34,Trans fat
AUS,28,3502.9,v34,Trans fat
BGD,28,73749.7,v34,Trans fat
BGR,28,2760.2,v34,Trans fat
BRA,28,17409.3,v34,Trans fat
CAN,28,1289.0,v34,Trans fat
CHN,28,103296.1,v34,Trans fat
DEU,28,10340.1,v34,Trans fat
EGY,28,-2499.9,v34,Trans fat
GBR,28,5324.2,v34,Trans fat
GLB,28,654307.9,v34,Trans fat
IND,28,162270.4,v34,Trans fat
ISR,28,95.1,v34,Trans fat
JPN,28,25108.2,v34,Trans fat
MEX,28,-1694.3,v34,Trans fat
NGA,28,-1743.2,v34,Trans fat
NZL,28,664.7,v34,Trans fat
ROU,28,616.9,v34,Trans fat
TUR,28,-2017.4,v34,Trans fat
USA,28,36893.5,v34,Trans fat
ZAF,28,1901.1,v34,Trans fat
AUS,29,3737.7,v34,Trans fat
BGD,29,78503.9,v34,Trans fat
BGR,29,2897.0,v34,Trans fat
BRA,29,18629.4,v34,Trans fat
CAN,29,1376.7,v34,Trans fat
CHN,29,110253.3,v34,Trans fat
DEU,29,10960.1,v34,Trans fat
EGY,29,-2664.7,v34,Trans fat
GBR,29,5662.4,v34,Trans fat
GLB,29,699374.0,v34,Trans fat
IND,29,172932.7,v34,Trans fat
ISR,29,102.0,v34,Trans fat
JPN,29,26591.5,v34,Trans fat
MEX,29,-1817.9,v34,Trans fat
NGA,29,-1880.4,v34,Trans fat
NZL,29,707.6,v34,Trans fat
ROU,29,648.9,v34,Trans fat
TUR,29,-2155.8,v34,Trans fat
USA,29,39236.8,v34,Trans fat
ZAF,29,2036.3,v34,Trans fat
AUS,30,3975.6,v34,Trans fat
BGD,30,83298.1,v34,Trans fat
BGR,30,3032.1,v34,Trans fat
BRA,30,19864.4,v34,Trans fat
CAN,30,1465.2,v34,Trans fat
CHN,30,117266.1,v34,Trans fat
DEU,30,11579.9,v34,Trans fat
EGY,30,-2830.4,v34,Trans fat
GBR,30,6003.3,v34,Trans fat
GLB,30,745035.4,v34,Trans fat
IND,30,183690.3,v34,Trans fat
ISR,30,109.1,v34,Trans fat
JPN,30,28080.7,v34,Trans fat
MEX,30,-1943.7,v34,Trans fat
NGA,30,-2021.3,v34,Trans fat
NZL,30,750.8,v34,Trans fat
ROU,30,680.8,v34,Trans fat
TUR,30,-2296.1,v34,Trans fat
USA,30,41589.7,v34,Trans fat
ZAF,30,2174.0,v34,Trans fat
AUS,1,0.0,v37,Sodium
BGD,1,0.0,v37,Sodium
BGR,1,0.0,v37,Sodium
BRA,1,0.0,v37,Sodium
CAN,1,0.0,v37,Sodium
CHN,1,0.0,v37,Sodium
DEU,1,0.0,v37,Sodium
EGY,1,0.0,v37,Sodium
GBR,1,0.0,v37,Sodium
GLB,1,0.0,v37,Sodium
IND,1,0.0,v37,Sodium
ISR,1,0.0,v37,Sodium
JPN,1,0.0,v37,Sodium
MEX,1,0.0,v37,Sodium
NZL,1,0.0,v37,Sodium
ROU,1,0.0,v37,Sodium
TUR,1,0.0,v37,Sodium
USA,1,0.0,v37,Sodium
ZAF,1,0.0,v37,Sodium
AUS,2,0.4,v37,Sodium
BGD,2,7.7,v37,Sodium
BGR,2,13.3,v37,Sodium
BRA,2,10.1,v37,Sodium
CAN,2,1.4,v37,Sodium
CHN,2,554.9,v37,Sodium
DEU,2,6.1,v37,Sodium
EGY,2,9.0,v37,Sodium
GBR,2,1.1,v37,Sodium
GLB,2,997.6,v37,Sodium
IND,2,109.0,v37,Sodium
ISR,2,0.2,v37,Sodium
JPN,2,15.2,v37,Sodium
MEX,2,3.3,v37,Sodium
NZL,2,0.1,v37,Sodium
ROU,2,41.0,v37,Sodium
TUR,2,5.5,v37,Sodium
USA,2,11.4,v37,Sodium
ZAF,2,0.1,v37,Sodium
AUS,3,1.3,v37,Sodium
BGD,3,25.3,v37,Sodium
BGR,3,42.6,v37,Sodium
BRA,3,35.5,v37,Sodium
CAN,3,4.8,v37,Sodium
CHN,3,1922.7,v37,Sodium
DEU,3,20.8,v37,Sodium
EGY,3,27.0,v37,Sodium
GBR,3,3.8,v37,Sodium
GLB,3,3434.8,v37,Sodium
IND,3,367.2,v37,Sodium
ISR,3,0.6,v37,Sodium
JPN,3,52.2,v37,Sodium
MEX,3,11.5,v37,Sodium
NZL,3,0.4,v37,Sodium
ROU,3,122.6,v37,Sodium
TUR,3,17.0,v37,Sodium
USA,3,39.2,v37,Sodium
ZAF,3,0.3,v37,Sodium
AUS,4,2.9,v37,Sodium
BGD,4,57.2,v37,Sodium
BGR,4,93.5,v37,Sodium
BRA,4,83.2,v37,Sodium
CAN,4,11.0,v37,Sodium
CHN,4,4479.7,v37,Sodium
DEU,4,47.9,v37,Sodium
EGY,4,58.2,v37,Sodium
GBR,4,8.6,v37,Sodium
GLB,4,7956.2,v37,Sodium
IND,4,839.3,v37,Sodium
ISR,4,1.5,v37,Sodium
JPN,4,119.7,v37,Sodium
MEX,4,27.2,v37,Sodium
NZL,4,0.9,v37,Sodium
ROU,4,259.0,v37,Sodium
TUR,4,36.9,v37,Sodium
USA,4,90.9,v37,Sodium
ZAF,4,0.7,v37,Sodium
AUS,5,5.6,v37,Sodium
BGD,5,108.7,v37,Sodium
BGR,5,173.3,v37,Sodium
BRA,5,162.9,v37,Sodium
CAN,5,21.5,v37,Sodium
CHN,5,8715.5,v37,Sodium
DEU,5,91.7,v37,Sodium
EGY,5,107.4,v37,Sodium
GBR,5,16.5,v37,Sodium
GLB,5,15390.9,v37,Sodium
IND,5,1608.1,v37,Sodium
ISR,5,2.8,v37,Sodium
JPN,5,228.8,v37,Sodium
MEX,5,53.5,v37,Sodium
NZL,5,1.8,v37,Sodium
ROU,5,467.0,v37,Sodium
TUR,5,68.3,v37,Sodium
USA,5,176.2,v37,Sodium
ZAF,5,1.2,v37,Sodium
AUS,6,9.7,v37,Sodium
BGD,6,186.0,v37,Sodium
BGR,6,289.4,v37,Sodium
BRA,6,285.1,v37,Sodium
CAN,6,37.5,v37,Sodium
CHN,6,15187.7,v37,Sodium
DEU,6,156.7,v37,Sodium
EGY,6,180.1,v37,Sodium
GBR,6,28.2,v37,Sodium
GLB,6,26667.3,v37,Sodium
IND,6,2764.0,v37,Sodium
ISR,6,4.9,v37,Sodium
JPN,6,390.7,v37,Sodium
MEX,6,94.3,v37,Sodium
NZL,6,3.1,v37,Sodium
ROU,6,762.6,v37,Sodium
TUR,6,114.4,v37,Sodium
USA,6,306.3,v37,Sodium
ZAF,6,2.1,v37,Sodium
AUS,7,15.6,v37,Sodium
BGD,7,294.6,v37,Sodium
BGR,7,447.1,v37,Sodium
BRA,7,460.5,v37,Sodium
CAN,7,60.4,v37,Sodium
CHN,7,24439.6,v37,Sodium
DEU,7,246.8,v37,Sodium
EGY,7,280.8,v37,Sodium
GBR,7,44.5,v37,Sodium
GLB,7,42670.4,v37,Sodium
IND,7,4388.7,v37,Sodium
ISR,7,7.9,v37,Sodium
JPN,7,615.4,v37,Sodium
MEX,7,153.1,v37,Sodium
NZL,7,4.9,v37,Sodium
ROU,7,1157.0,v37,Sodium
TUR,7,178.2,v37,Sodium
USA,7,491.8,v37,Sodium
ZAF,7,3.4,v37,Sodium
AUS,8,23.3,v37,Sodium
BGD,8,438.7,v37,Sodium
BGR,8,648.6,v37,Sodium
BRA,8,698.1,v37,Sodium
CAN,8,91.3,v37,Sodium
CHN,8,36914.9,v37,Sodium
DEU,8,364.6,v37,Sodium
EGY,8,412.7,v37,Sodium
GBR,8,66.0,v37,Sodium
GLB,8,64100.4,v37,Sodium
IND,8,6541.1,v37,Sodium
ISR,8,11.9,v37,Sodium
JPN,8,909.3,v37,Sodium
MEX,8,233.2,v37,Sodium
NZL,8,7.2,v37,Sodium
ROU,8,1653.7,v37,Sodium
TUR,8,261.5,v37,Sodium
USA,8,741.5,v37,Sodium
ZAF,8,5.1,v37,Sodium
AUS,9,33.3,v37,Sodium
BGD,9,620.4,v37,Sodium
BGR,9,892.5,v37,Sodium
BRA,9,1003.9,v37,Sodium
CAN,9,131.1,v37,Sodium
CHN,9,52904.1,v37,Sodium
DEU,9,511.3,v37,Sodium
EGY,9,577.1,v37,Sodium
GBR,9,92.9,v37,Sodium
GLB,9,91394.0,v37,Sodium
IND,9,9250.8,v37,Sodium
ISR,9,17.2,v37,Sodium
JPN,9,1274.4,v37,Sodium
MEX,9,336.7,v37,Sodium
NZL,9,10.3,v37,Sodium
ROU,9,2248.5,v37,Sodium
TUR,9,365.2,v37,Sodium
USA,9,1061.1,v37,Sodium
ZAF,9,7.2,v37,Sodium
AUS,10,45.3,v37,Sodium
BGD,10,840.2,v37,Sodium
BGR,10,1174.3,v37,Sodium
BRA,10,1381.3,v37,Sodium
CAN,10,180.1,v37,Sodium
CHN,10,72539.4,v37,Sodium
DEU,10,686.7,v37,Sodium
EGY,10,773.9,v37,Sodium
GBR,10,125.1,v37,Sodium
GLB,10,124726.2,v37,Sodium
IND,10,12520.6,v37,Sodium
ISR,10,23.6,v37,Sodium
JPN,10,1709.2,v37,Sodium
MEX,10,465.0,v37,Sodium
NZL,10,13.9,v37,Sodium
ROU,10,2932.0,v37,Sodium
TUR,10,489.2,v37,Sodium
USA,10,1453.1,v37,Sodium
ZAF,10,9.9,v37,Sodium
AUS,11,59.6,v37,Sodium
BGD,11,1096.9,v37,Sodium
BGR,11,1488.6,v37,Sodium
BRA,11,1831.3,v37,Sodium
CAN,11,238.3,v37,Sodium
CHN,11,95820.3,v37,Sodium
DEU,11,890.0,v37,Sodium
EGY,11,1001.8,v37,Sodium
GBR,11,162.4,v37,Sodium
GLB,11,164062.7,v37,Sodium
IND,11,16334.3,v37,Sodium
ISR,11,31.2,v37,Sodium
JPN,11,2209.5,v37,Sodium
MEX,11,618.4,v37,Sodium
NZL,11,18.2,v37,Sodium
ROU,11,3692.5,v37,Sodium
TUR,11,632.9,v37,Sodium
USA,11,1917.3,v37,Sodium
ZAF,11,12.9,v37,Sodium
AUS,12,75.8,v37,Sodium
BGD,12,1388.8,v37,Sodium
BGR,12,1829.4,v37,Sodium
BRA,12,2353.0,v37,Sodium
CAN,12,305.7,v37,Sodium
CHN,12,122652.0,v37,Sodium
DEU,12,1119.6,v37,Sodium
EGY,12,1259.4,v37,Sodium
GBR,12,204.6,v37,Sodium
GLB,12,209227.6,v37,Sodium
IND,12,20664.5,v37,Sodium
ISR,12,40.1,v37,Sodium
JPN,12,2769.4,v37,Sodium
MEX,12,797.0,v37,Sodium
NZL,12,23.0,v37,Sodium
ROU,12,4517.7,v37,Sodium
TUR,12,795.2,v37,Sodium
USA,12,2451.8,v37,Sodium
ZAF,12,16.4,v37,Sodium
AUS,13,94.0,v37,Sodium
BGD,13,1713.6,v37,Sodium
BGR,13,2191.1,v37,Sodium
BRA,13,2944.3,v37,Sodium
CAN,13,381.9,v37,Sodium
CHN,13,152880.4,v37,Sodium
DEU,13,1373.9,v37,Sodium
EGY,13,1544.6,v37,Sodium
GBR,13,251.2,v37,Sodium
GLB,13,259962.3,v37,Sodium
IND,13,25479.1,v37,Sodium
ISR,13,50.1,v37,Sodium
JPN,13,3382.5,v37,Sodium
MEX,13,1000.3,v37,Sodium
NZL,13,28.4,v37,Sodium
ROU,13,5396.0,v37,Sodium
TUR,13,975.1,v37,Sodium
USA,13,3053.0,v37,Sodium
ZAF,13,20.3,v37,Sodium
AUS,14,114.1,v37,Sodium
BGD,14,2069.0,v37,Sodium
BGR,14,2569.0,v37,Sodium
BRA,14,3602.7,v37,Sodium
CAN,14,466.4,v37,Sodium
CHN,14,186318.5,v37,Sodium
DEU,14,1651.1,v37,Sodium
EGY,14,1855.8,v37,Sodium
GBR,14,301.8,v37,Sodium
GLB,14,315967.9,v37,Sodium
IND,14,30745.4,v37,Sodium
ISR,14,61.2,v37,Sodium
JPN,14,4042.5,v37,Sodium
MEX,14,1227.4,v37,Sodium
NZL,14,34.3,v37,Sodium
ROU,14,6317.4,v37,Sodium
TUR,14,1171.5,v37,Sodium
USA,14,3716.9,v37,Sodium
ZAF,14,24.6,v37,Sodium
AUS,15,135.8,v37,Sodium
BGD,15,2452.8,v37,Sodium
BGR,15,2959.2,v37,Sodium
BRA,15,4325.0,v37,Sodium
CAN,15,558.8,v37,Sodium
CHN,15,222764.3,v37,Sodium
DEU,15,1949.5,v37,Sodium
EGY,15,2191.3,v37,Sodium
GBR,15,356.1,v37,Sodium
GLB,15,376933.0,v37,Sodium
IND,15,36432.0,v37,Sodium
ISR,15,73.4,v37,Sodium
JPN,15,4743.3,v37,Sodium
MEX,15,1477.7,v37,Sodium
NZL,15,40.6,v37,Sodium
ROU,15,7273.7,v37,Sodium
TUR,15,1383.5,v37,Sodium
USA,15,4438.9,v37,Sodium
ZAF,15,29.2,v37,Sodium
AUS,16,159.1,v37,Sodium
BGD,16,2863.0,v37,Sodium
BGR,16,3358.5,v37,Sodium
BRA,16,5108.0,v37,Sodium
CAN,16,658.7,v37,Sodium
CHN,16,262011.7,v37,Sodium
DEU,16,2267.3,v37,Sodium
EGY,16,2549.6,v37,Sodium
GBR,16,413.8,v37,Sodium
GLB,16,442549.1,v37,Sodium
IND,16,42510.2,v37,Sodium
ISR,16,86.6,v37,Sodium
JPN,16,5479.5,v37,Sodium
MEX,16,1750.2,v37,Sodium
NZL,16,47.4,v37,Sodium
ROU,16,8257.8,v37,Sodium
TUR,16,1610.0,v37,Sodium
USA,16,5214.2,v37,Sodium
ZAF,16,34.2,v37,Sodium
AUS,17,183.9,v37,Sodium
BGD,17,3297.6,v37,Sodium
BGR,17,3764.3,v37,Sodium
BRA,17,5948.4,v37,Sodium
CAN,17,765.4,v37,Sodium
CHN,17,303856.0,v37,Sodium
DEU,17,2602.8,v37,Sodium
EGY,17,2929.6,v37,Sodium
GBR,17,474.6,v37,Sodium
GLB,17,512519.2,v37,Sodium
IND,17,48954.2,v37,Sodium
ISR,17,100.8,v37,Sodium
JPN,17,6246.4,v37,Sodium
MEX,17,2044.0,v37,Sodium
NZL,17,54.6,v37,Sodium
ROU,17,9264.2,v37,Sodium
TUR,17,1850.2,v37,Sodium
USA,17,6038.1,v37,Sodium
ZAF,17,39.5,v37,Sodium
AUS,18,210.0,v37,Sodium
BGD,18,3755.0,v37,Sodium
BGR,18,4174.8,v37,Sodium
BRA,18,6843.1,v37,Sodium
CAN,18,878.4,v37,Sodium
CHN,18,348097.1,v37,Sodium
DEU,18,2954.5,v37,Sodium
EGY,18,3330.0,v37,Sodium
GBR,18,538.1,v37,Sodium
GLB,18,586561.0,v37,Sodium
IND,18,55740.6,v37,Sodium
ISR,18,115.8,v37,Sodium
JPN,18,7039.9,v37,Sodium
MEX,18,2358.3,v37,Sodium
NZL,18,62.2,v37,Sodium
ROU,18,10288.3,v37,Sodium
TUR,18,2103.4,v37,Sodium
USA,18,6906.1,v37,Sodium
ZAF,18,45.1,v37,Sodium
AUS,19,237.3,v37,Sodium
BGD,19,4233.7,v37,Sodium
BGR,19,4588.2,v37,Sodium
BRA,19,7788.9,v37,Sodium
CAN,19,997.4,v37,Sodium
CHN,19,394539.9,v37,Sodium
DEU,19,3320.6,v37,Sodium
EGY,19,3749.7,v37,Sodium
GBR,19,604.2,v37,Sodium
GLB,19,664407.6,v37,Sodium
IND,19,62848.4,v37,Sodium
ISR,19,131.8,v37,Sodium
JPN,19,7856.5,v37,Sodium
MEX,19,2692.2,v37,Sodium
NZL,19,70.0,v37,Sodium
ROU,19,11326.5,v37,Sodium
TUR,19,2368.8,v37,Sodium
USA,19,7813.6,v37,Sodium
ZAF,19,50.9,v37,Sodium
AUS,20,265.9,v37,Sodium
BGD,20,4732.4,v37,Sodium
BGR,20,5003.2,v37,Sodium
BRA,20,8782.7,v37,Sodium
CAN,20,1121.7,v37,Sodium
CHN,20,442995.0,v37,Sodium
DEU,20,3699.7,v37,Sodium
EGY,20,4187.8,v37,Sodium
GBR,20,672.7,v37,Sodium
GLB,20,745806.4,v37,Sodium
IND,20,70258.3,v37,Sodium
ISR,20,148.5,v37,Sodium
JPN,20,8693.3,v37,Sodium
MEX,20,3044.7,v37,Sodium
NZL,20,78.2,v37,Sodium
ROU,20,12375.8,v37,Sodium
TUR,20,2645.8,v37,Sodium
USA,20,8756.6,v37,Sodium
ZAF,20,57.1,v37,Sodium
AUS,21,295.5,v37,Sodium
BGD,21,5249.9,v37,Sodium
BGR,21,5419.0,v37,Sodium
BRA,21,9821.5,v37,Sodium
CAN,21,1251.0,v37,Sodium
CHN,21,493278.1,v37,Sodium
DEU,21,4090.2,v37,Sodium
EGY,21,4643.3,v37,Sodium
GBR,21,743.3,v37,Sodium
GLB,21,830518.1,v37,Sodium
IND,21,77952.4,v37,Sodium
ISR,21,166.0,v37,Sodium
JPN,21,9547.6,v37,Sodium
MEX,21,3414.9,v37,Sodium
NZL,21,86.6,v37,Sodium
ROU,21,13433.7,v37,Sodium
TUR,21,2933.7,v37,Sodium
USA,21,9731.0,v37,Sodium
ZAF,21,63.4,v37,Sodium
AUS,22,326.1,v37,Sodium
BGD,22,5785.0,v37,Sodium
BGR,22,5834.4,v37,Sodium
BRA,22,10902.3,v37,Sodium
CAN,22,1384.7,v37,Sodium
CHN,22,545209.4,v37,Sodium
DEU,22,4490.7,v37,Sodium
EGY,22,5115.2,v37,Sodium
GBR,22,815.8,v37,Sodium
GLB,22,918314.2,v37,Sodium
IND,22,85913.4,v37,Sodium
ISR,22,184.3,v37,Sodium
JPN,22,10417.3,v37,Sodium
MEX,22,3801.9,v37,Sodium
NZL,22,95.3,v37,Sodium
ROU,22,14498.0,v37,Sodium
TUR,22,3232.0,v37,Sodium
USA,22,10733.1,v37,Sodium
ZAF,22,70.1,v37,Sodium
AUS,23,357.6,v37,Sodium
BGD,23,6336.7,v37,Sodium
BGR,23,6248.9,v37,Sodium
BRA,23,12022.2,v37,Sodium
CAN,23,1522.4,v37,Sodium
CHN,23,598614.0,v37,Sodium
DEU,23,4899.7,v37,Sodium
EGY,23,5602.3,v37,Sodium
GBR,23,890.2,v37,Sodium
GLB,23,1008975.1,v37,Sodium
IND,23,94124.8,v37,Sodium
ISR,23,203.3,v37,Sodium
JPN,23,11300.5,v37,Sodium
MEX,23,4204.7,v37,Sodium
NZL,23,104.3,v37,Sodium
ROU,23,15566.7,v37,Sodium
TUR,23,3540.1,v37,Sodium
USA,23,11759.6,v37,Sodium
ZAF,23,76.9,v37,Sodium
AUS,24,390.0,v37,Sodium
BGD,24,6903.8,v37,Sodium
BGR,24,6661.7,v37,Sodium
BRA,24,13178.4,v37,Sodium
CAN,24,1663.7,v37,Sodium
CHN,24,653321.1,v37,Sodium
DEU,24,5315.8,v37,Sodium
EGY,24,6103.7,v37,Sodium
GBR,24,966.1,v37,Sodium
GLB,24,1102288.1,v37,Sodium
IND,24,102569.7,v37,Sodium
ISR,24,222.9,v37,Sodium
JPN,24,12195.5,v37,Sodium
MEX,24,4622.6,v37,Sodium
NZL,24,113.4,v37,Sodium
ROU,24,16638.1,v37,Sodium
TUR,24,3857.3,v37,Sodium
USA,24,12807.2,v37,Sodium
ZAF,24,84.0,v37,Sodium
AUS,25,423.3,v37,Sodium
BGD,25,7485.3,v37,Sodium
BGR,25,7072.2,v37,Sodium
BRA,25,14368.1,v37,Sodium
CAN,25,1808.2,v37,Sodium
CHN,25,709164.4,v37,Sodium
DEU,25,5738.0,v37,Sodium
EGY,25,6618.1,v37,Sodium
GBR,25,1043.5,v37,Sodium
GLB,25,1198045.1,v37,Sodium
IND,25,111231.1,v37,Sodium
ISR,25,243.3,v37,Sodium
JPN,25,13100.8,v37,Sodium
MEX,25,5054.4,v37,Sodium
NZL,25,122.7,v37,Sodium
ROU,25,17710.4,v37,Sodium
TUR,25,4183.1,v37,Sodium
USA,25,13873.0,v37,Sodium
ZAF,25,91.2,v37,Sodium
AUS,26,457.2,v37,Sodium
BGD,26,8080.0,v37,Sodium
BGR,26,7479.8,v37,Sodium
BRA,26,15588.5,v37,Sodium
CAN,26,1955.6,v37,Sodium
CHN,26,765981.9,v37,Sodium
DEU,26,6164.8,v37,Sodium
EGY,26,7144.0,v37,Sodium
GBR,26,1122.1,v37,Sodium
GLB,26,1296041.0,v37,Sodium
IND,26,120091.5,v37,Sodium
ISR,26,264.2,v37,Sodium
JPN,26,14014.8,v37,Sodium
MEX,26,5499.2,v37,Sodium
NZL,26,132.2,v37,Sodium
ROU,26,18781.9,v37,Sodium
TUR,26,4516.8,v37,Sodium
USA,26,14954.4,v37,Sodium
ZAF,26,98.7,v37,Sodium
AUS,27,491.9,v37,Sodium
BGD,27,8686.9,v37,Sodium
BGR,27,7884.0,v37,Sodium
BRA,27,16836.6,v37,Sodium
CAN,27,2105.5,v37,Sodium
CHN,27,823616.0,v37,Sodium
DEU,27,6595.3,v37,Sodium
EGY,27,7680.2,v37,Sodium
GBR,27,1201.9,v37,Sodium
GLB,27,1396072.0,v37,Sodium
IND,27,129132.3,v37,Sodium
ISR,27,285.8,v37,Sodium
JPN,27,14936.2,v37,Sodium
MEX,27,5956.0,v37,Sodium
NZL,27,141.8,v37,Sodium
ROU,27,19851.0,v37,Sodium
TUR,27,4857.8,v37,Sodium
USA,27,16048.8,v37,Sodium
ZAF,27,106.3,v37,Sodium
AUS,28,527.2,v37,Sodium
BGD,28,9304.7,v37,Sodium
BGR,28,8284.1,v37,Sodium
BRA,28,18109.7,v37,Sodium
CAN,28,2257.5,v37,Sodium
CHN,28,881913.7,v37,Sodium
DEU,28,7028.4,v37,Sodium
EGY,28,8224.9,v37,Sodium
GBR,28,1282.7,v37,Sodium
GLB,28,1497933.4,v37,Sodium
IND,28,138334.3,v37,Sodium
ISR,28,308.0,v37,Sodium
JPN,28,15863.6,v37,Sodium
MEX,28,6423.7,v37,Sodium
NZL,28,151.6,v37,Sodium
ROU,28,20915.9,v37,Sodium
TUR,28,5205.4,v37,Sodium
USA,28,17153.9,v37,Sodium
ZAF,28,114.1,v37,Sodium
AUS,29,563.1,v37,Sodium
BGD,29,9932.0,v37,Sodium
BGR,29,8679.7,v37,Sodium
BRA,29,19404.8,v37,Sodium
CAN,29,2411.5,v37,Sodium
CHN,29,940726.3,v37,Sodium
DEU,29,7463.1,v37,Sodium
EGY,29,8776.5,v37,Sodium
GBR,29,1364.3,v37,Sodium
GLB,29,1601418.8,v37,Sodium
IND,29,147677.0,v37,Sodium
ISR,29,330.7,v37,Sodium
JPN,29,16795.5,v37,Sodium
MEX,29,6901.4,v37,Sodium
NZL,29,161.5,v37,Sodium
ROU,29,21975.0,v37,Sodium
TUR,29,5558.9,v37,Sodium
USA,29,18267.6,v37,Sodium
ZAF,29,122.1,v37,Sodium
AUS,30,599.6,v37,Sodium
BGD,30,10567.4,v37,Sodium
BGR,30,9070.1,v37,Sodium
BRA,30,20719.1,v37,Sodium
CAN,30,2567.0,v37,Sodium
CHN,30,999909.6,v37,Sodium
DEU,30,7898.5,v37,Sodium
EGY,30,9333.2,v37,Sodium
GBR,30,1446.6,v37,Sodium
GLB,30,1706318.4,v37,Sodium
IND,30,157139.0,v37,Sodium
ISR,30,354.0,v37,Sodium
JPN,30,17730.8,v37,Sodium
MEX,30,7387.9,v37,Sodium
NZL,30,171.5,v37,Sodium
ROU,30,23026.4,v37,Sodium
TUR,30,5917.6,v37,Sodium
USA,30,19387.9,v37,Sodium
ZAF,30,130.1,v37,Sodium
