iso3,sex,outcome,arm,averted_10yr,averted_yr1,averted_yr10,yr1,yr2,yr3,yr4,yr5,yr6,yr7,yr8,yr9,yr10,yr11,yr12,yr13,yr14,yr15,yr16,yr17,yr18,yr19,yr20,yr21,yr22,yr23,yr24,yr25,yr26,yr27,yr28,yr29,yr30
CHN,Male,IHD,glp1,163786.22549668886,2368.4582731355913,5824.050617998699,2368.4582731355913,5896.069914616877,5800.153501985595,5671.157986894716,5550.189224884845,5447.65119399759,5367.947857303312,5311.678013109602,5277.165280934656,5261.63536864426,5262.0152667490765,5275.391298754141,5299.205014717998,5331.2778779377695,5369.746141645359,5412.9669100269675,5459.4336310187355,5507.719428284792,5556.452108460711,5604.315715587698,5650.069334230153,5692.57317627361,5730.813497493276,5763.920453591272,5791.175790948793,5812.009741573129,5825.988374516601,5832.79385777493,5832.200643598102,5824.050617998699
CHN,Male,IHD,diet,558923.1504059138,0.0,33149.76247303258,0.0,326.74064082535915,790.8725909912027,1463.3655047258362,2413.0139046842232,3682.6852050542366,5266.187779300148,7104.083541480126,9103.400694836397,11166.728296429152,13213.578466039151,15188.395932523767,17058.920759591274,18810.454895915696,20439.695958843455,21949.717225440312,23346.44385638577,24636.45294307731,25825.7765769877,26919.393926501274,27921.15482631349,28833.94136176235,29659.93113841419,30400.872861534357,31058.321557380492,31633.80827310984,32128.93862038036,32545.427326828707,32885.08326752507,33149.76247303258
CHN,Male,IHD,combo,719792.6507937848,2368.4582731355913,38823.032934586285,2368.4582731355913,6220.327865627129,6585.058168732328,7123.7905457790475,7945.985780311516,9104.709473560564,10598.344591309316,12368.588818328222,14321.516755439108,16357.625603028573,18393.8524432024,20372.008952806005,22257.37790561444,24033.065139734652,25693.82353753876,27240.97901882301,28678.846680872142,30012.486529914895,31246.485791257117,32384.451968865003,33428.95228230627,34381.697606689064,35243.827118172776,36016.19887638278,36699.63074622024,37295.06583618559,37803.65792600042,38226.78630662407,38566.017316737445,38823.032934586285
CHN,Female,IHD,glp1,146149.6679375302,2035.3674131091684,5764.984966077376,2035.3674131091684,4991.128575929324,4836.985741384095,4688.732159479172,4570.205031738267,4482.803900235565,4425.610516218585,4396.283501385944,4391.629079308361,4408.111930224579,4442.245411956916,4490.835772143444,4551.091098645586,4620.627309638425,4697.410593330045,4779.672473375569,4865.824876760831,4954.392135626404,5043.9673451173585,5133.193248622119,5220.76320254826,5305.435557103716,5386.054446084658,5461.570887460839,5531.059682436986,5593.729401762364,5648.924437731039,5696.119480854133,5734.9077612410765,5764.984966077376
CHN,Female,IHD,diet,528361.6949786335,0.0,33215.77064665663,0.0,270.7517271172255,662.3084876200883,1235.740712132305,2050.645231931354,3145.715114341234,4519.6256913340185,6127.277924149064,7895.410440651816,9745.795909051783,11612.308481342625,13447.489007190918,15221.6117508756,16918.58896697976,18531.4958599041,20058.8776529514,21502.088259009062,22863.545084741432,24145.690924421884,25350.46256904141,26479.101710252464,27532.180813202634,28509.748381365323,29411.5241845611,30237.096538908314,30986.091386424843,31658.297135080444,32253.74020549562,32772.71418189909,33215.77064665663
CHN,Female,IHD,combo,671629.1305173002,2035.3674131091684,38818.85899377428,2035.3674131091684,5259.823036605143,5494.268221924314,5915.316327122389,6606.016792353941,7606.266086814692,8913.935126401484,10482.004459001706,12234.604097823496,14090.538779091323,15980.627556156716,17854.4824779731,19679.709133207565,21437.860787217505,23119.946644890588,24722.684594109887,26245.77490331477,27690.09845117305,29056.64034826262,30345.940865674987,31557.906414350495,32691.847740739817,33746.64354113978,34720.95446774457,35613.43538577086,36422.91304100235,37148.51208731928,37789.72471677512,38346.42802645522,38818.85899377428
IND,Male,IHD,glp1,95388.51793151768,1235.789295741939,3563.6672334419563,1235.789295741939,3095.960118209594,3059.5397628258215,3024.2396110387053,3000.3773809896084,2986.571537260781,2981.5455952524208,2984.270903232391,2993.8956562487874,3009.6836691924836,3030.967236664379,3057.1121451854706,3087.492559051141,3121.473763877293,3158.4011135047767,3197.5938674111385,3238.3428962656762,3279.911467968719,3321.538510002196,3362.443883736152,3401.8353094519116,3438.916652366752,3472.8973234475125,3503.002567226067,3528.484405960189,3548.6329902647994,3562.788077291334,3570.350325982552,3570.7920724251308,3563.6672334419563
IND,Male,IHD,diet,444832.02891782636,0.0,25439.974373718258,0.0,285.7411334643839,702.9614425745094,1307.6969763351372,2150.854455567198,3257.5145794658456,4609.870304657961,6148.024717968889,7789.647707772441,9454.407504652743,11079.705986443674,12624.930677357828,14068.477642955491,15402.338579138042,16626.987175217597,17747.506286809687,18770.98622927931,19704.918847436784,20556.28344724956,21331.081903886283,22034.152501148637,22669.150556324515,23238.625204388052,23744.148946464527,24186.47376686195,24565.698148840107,24881.43557755486,25132.978725152556,25319.455519139534,25439.974373718258
IND,Male,IHD,combo,538774.3357672739,1235.789295741939,28936.201736062532,1235.789295741939,3380.3414973915787,3759.131073896773,4325.773898960557,5141.298007827019,6229.349151657894,7571.001839351957,9105.675066888216,10750.605389426113,12425.094449668308,14066.129289370147,15632.592811730457,17102.288903601468,18466.54722194234,19725.127754037036,20882.361969635356,21944.560958292568,22918.416692084633,23810.093957693316,24624.771311256336,25366.461235411465,26037.99786787317,26641.12178232125,27176.618394923862,27644.483672742033,28044.101273327135,28374.421444576466,28634.135573635576,28821.842245946405,28936.201736062532
IND,Female,IHD,glp1,74490.38624267315,796.2497899136506,2869.49180398765,796.2497899136506,2074.1284963618964,2094.7310009454377,2116.921532586799,2145.3021253166953,2177.993519190233,2213.715067547164,2251.5856268829666,2290.971238831873,2331.4020534886513,2372.517573088873,2414.025789614767,2455.6714330085088,2497.2114551205887,2538.396663683234,2578.9586475399556,2618.601249257801,2656.9959412986645,2693.780552940443,2728.5608694921248,2760.914679342415,2790.397878584219,2816.5522602947894,2838.9146199950483,2857.026804876048,2870.446326941019,2878.757154208608,2881.580294222571,2878.5837941104546,2869.49180398765
IND,Female,IHD,diet,385946.06672644103,0.0,22250.843668686226,0.0,267.8950921854703,649.727887408575,1195.9708572046366,1950.4843912707875,2932.499304082594,4122.375365543412,5463.891135777347,6883.088106767624,8310.283695955877,9693.318387227599,11000.241204412421,12215.792375441408,13336.128096531029,14364.144518277491,15306.096337277675,16169.4231685868,16961.47190354555,17688.813866067096,18356.93128257699,18970.122310916544,19531.530084145954,20043.238939675037,20506.40474673966,20921.40054835449,21287.967026339844,21605.361908740364,21872.50486841891,22088.115648283623,22250.843668686226
IND,Female,IHD,combo,459225.19240929896,796.2497899136506,25062.954192103352,796.2497899136506,2340.7487580935704,2741.3760252669454,3307.348704663338,4086.9603561758995,5097.531556412112,6318.300222493359,7692.479083911516,9145.839769494254,10608.534348507645,12028.234888900071,13372.780872064875,14626.660207234323,15785.742794855498,16852.6118991205,17833.186129129957,18734.546341991518,19563.657506813994,20326.685787864495,21028.686231837608,21673.510704662534,22263.841613448574,22801.294461646932,23286.55590498238,23719.538204581477,24099.539222269785,24425.401690319413,24695.667910298333,24908.727230241057,25062.954192103352
BRA,Male,IHD,glp1,40207.220430838264,427.74364975249046,1505.3965243435814,427.74364975249046,1091.8706300204503,1120.2985486318648,1145.4473359007243,1170.7119266580703,1195.709596331959,1220.1912803257437,1244.0339245777286,1267.1859879191034,1289.6314165977383,1311.367077470466,1332.3890649852692,1352.6846876840864,1372.227995650057,1390.9774698191322,1408.8750244468683,1425.8458332132723,1441.7987232323503,1456.6270246065978,1470.2098426019656,1482.4137549997831,1493.0949436969531,1502.1017583442735,1509.2776888741355,1514.4646990256733,1517.5068484908843,1518.2541098418296,1516.566269732546,1512.316793062666,1505.3965243435814
BRA,Male,IHD,diet,63706.64734124944,0.0,3805.573590137821,0.0,33.43117395201989,83.80928615818266,158.148648909264,263.14683866025007,402.767489372156,576.1257222122513,777.2996829560725,997.2915156509262,1226.6783591606218,1457.4682819083537,1683.7753855376795,1901.6973080160824,2108.8757363627956,2304.031431863332,2486.5872777422483,2656.3974520736374,2813.5652931085206,2958.325659275928,3090.97109484105,3211.8067364644958,3321.1238147257827,3419.185206024733,3506.218909117306,3582.4168609785847,3647.9374493412324,3702.9106361573504,3747.444924305106,3781.6355762356543,3805.573590137821
BRA,Male,IHD,combo,103119.14471939331,427.74364975249046,5269.899148941156,427.74364975249046,1124.7741354557074,1202.7565824081248,1301.0594597244344,1429.6802651729813,1592.1549464471464,1787.3864458560856,2009.446811460497,2249.446853431349,2498.105437684935,2747.553098734992,2991.9847624042013,3227.5339389016153,3451.8381784053345,3663.5809171131696,3862.120599596892,4047.224565442564,4218.890455084824,4377.231337463745,4522.40425342173,4654.567407308088,4773.85606494316,4880.370735439239,4974.173565728037,5055.290363046923,5123.71656094768,5179.42596915015,5222.381442650658,5252.546767275402,5269.899148941156
BRA,Female,IHD,glp1,34624.355586038764,302.0825424046998,1456.4549834625213,302.0825424046998,783.0236900318268,815.2874368473567,847.2355738655169,880.457261698888,914.1472074010817,947.781923485978,981.0432452477398,1013.7358451394102,1045.7359136650193,1076.9605420443986,1107.3499630148872,1136.8574453809706,1165.4435061329132,1193.0723778597458,1219.709518540636,1245.3195067796914,1269.8640221388923,1293.2998318283353,1315.5768348481943,1336.6362817548797,1356.4093123981002,1374.8159492357227,1391.764660359113,1407.152571726212,1420.8663679924794,1432.7838800261088,1442.7763178691093,1450.7110728583357,1456.4549834625213
BRA,Female,IHD,diet,56050.13363616739,0.0,3563.0806585689133,0.0,27.597741225443315,68.801806510819,129.5495999460545,215.5594880963763,330.35858729887696,473.52157285388967,640.4761295635253,824.0885633215366,1016.8363359852083,1212.3333814613143,1405.8821861280157,1594.3693824839575,1775.9042273961531,1949.4410539503733,2114.4777266035235,2270.842748942625,2418.5547443228133,2557.7331727566198,2688.542705029424,2811.1587928465015,2925.746329968417,3032.4464322716667,3131.368429093418,3222.585437615431,3306.132640163589,3382.007790685064,3450.1736722377245,3510.5622988401155,3563.0806585689133
BRA,Female,IHD,combo,89969.85433271393,302.0825424046998,4979.662799651909,302.0825424046998,810.1858360490587,882.9830560339033,974.7167299061839,1092.6126313887944,1239.3513439863164,1414.0095120820188,1611.787711351266,1825.4836295918649,2047.5759749791323,2271.6950047345454,2493.1500228180375,2708.8189446697215,2916.7887483823433,3115.981754365712,3305.8571654951957,3486.1998310939234,3656.9800690112897,3818.2637759983045,3970.155645605948,4112.76338704137,4246.175131544733,4370.445281352528,4485.586059455192,4591.563240541262,4688.295238779872,4775.655086426777,4853.474990229704,4921.553187742335,4979.662799651909
CAN,Male,IHD,glp1,8928.153134623459,119.34429338250993,293.33215191931595,119.34429338250993,295.3508339691616,295.60916685156553,295.60654720309685,296.3823351117717,297.744440378061,299.47155717794885,301.37128469960226,303.2921260699586,305.1222902278605,306.78323920521143,308.2221274574367,309.40510393271325,310.3121580810366,310.933500091367,311.2671590955615,311.31740378196264,311.09362936886464,310.6094436551284,309.8817821942939,308.92996766945,307.7746930364374,306.43695100909827,304.93695671364185,303.293119969454,301.52112288124044,299.63315092869016,297.6373144172212,295.53728414379657,293.33215191931595
CAN,Male,IHD,diet,9002.608875211747,0.0,539.831837407386,0.0,4.397670355312584,11.15059305892646,21.294823684023868,35.84936216679125,55.45204476549043,80.02427212616749,108.71977009341572,140.2094518072554,173.08644542297407,206.1559717817363,238.54204180582383,269.66805882073095,299.18764459359227,326.91280509895296,352.7575839968995,376.6995168366848,398.75532569702773,418.96632118119305,437.3897699903864,454.0936200749893,469.1529497733609,482.6472129680915,494.65781659609274,505.26584987971,514.5499428321164,522.5843085513588,529.4370505050938,535.1688133401622,539.831837407386
CAN,Male,IHD,combo,17815.712557068724,119.34429338250993,826.8751762901411,119.34429338250993,299.6805860083623,306.5840386997115,316.56806395310196,331.67683811802635,352.34867722538183,378.2877862769019,408.4711665805444,441.44033703418245,475.698594488691,509.990130855218,543.3979410493994,575.3184471081186,605.3885381570071,633.4113930803869,659.2986730168777,683.0310063705983,704.6329351417844,724.1576098502337,741.6773874077044,757.2776819592764,771.0524397304143,783.100345570132,793.5213501574435,802.4133954608005,809.869371480323,815.974406026111,820.8036045930094,824.4203419963305,826.8751762901411
CAN,Female,IHD,glp1,5762.5987834409025,85.60472602309892,199.57346500485073,85.60472602309892,202.85011403543103,194.57469088929065,188.9598639550204,185.79026985454766,184.35743278282825,184.14165952979965,184.76215602330922,185.93773289768797,187.46020630184648,189.17535625296296,190.96889692530385,192.75611110400132,194.47428977878008,196.07732350195874,197.5319020343086,198.81486527599918,199.91133284756506,200.8133232971195,201.51865230802287,202.02996800239998,202.35383784203077,202.4998450328858,202.4796835107627,202.30626115063933,201.9928327802263,201.55218987679837,200.99593427741638,200.33386034400974,199.57346500485073
CAN,Female,IHD,diet,6295.547518834344,0.0,387.03814857271936,0.0,3.2390927383312373,7.924234964022617,14.802374228838744,24.590192605559423,37.74616838432485,54.25244082620702,73.57993314326086,94.87507532865857,117.226504279668,139.85582699235238,162.1875683081962,183.83645535270261,204.56256296808715,224.22519749247658,242.74719950785584,260.0909927771354,276.2439391412663,291.2099760409146,305.0050512755188,317.6546140147948,329.1920583011015,339.65748089882254,349.09642853919286,357.55850791177727,365.0958495757295,371.7614806899219,377.60768991969235,382.6844740552151,387.03814857271936
CAN,Female,IHD,combo,11976.113062241559,85.60472602309892,581.9040911207121,85.60472602309892,206.03918171350233,202.374586132275,203.5318458795373,210.0018762549189,221.5289654467888,237.5776006917513,257.24773448637643,279.41881928589646,302.9855489160909,327.02672240460015,350.86035197524325,374.02105841665616,396.2085506612275,417.23692574996676,436.99576932657874,455.4239341215289,472.4932418503049,488.19885503635305,502.55366702436004,515.5848562431856,527.331432566094,537.8421045989162,547.1731360530757,555.3860752867804,562.5453702896957,568.7159497027715,573.9608791818537,578.3392058014178,581.9040911207121
TUR,Male,IHD,glp1,33713.054819950004,353.1528771647718,1299.6671392628195,353.1528771647718,911.7413249211822,929.0121532715566,946.0382213956473,965.3987133405171,986.135015205,1007.431543265091,1028.6963950330537,1049.5312229096162,1069.6943283969886,1089.0657672578818,1107.614868127086,1125.3703115672688,1142.3935026867111,1158.7560527988098,1174.521863972972,1189.7338793690724,1204.4052032345644,1218.5140675933944,1232.0020203185995,1244.7746988855797,1256.7046009631013,1267.6353388753923,1277.3869496537372,1285.7619126875215,1292.5515952240967,1297.542898772299,1300.5249166939611,1301.2954371017113,1299.6671392628195
TUR,Male,IHD,diet,23594.78963981071,0.0,1427.4820621390245,0.0,14.728345121940947,35.4830964912253,65.00479200320842,105.85536364352447,159.38906470574148,224.97721329389606,300.0598658402596,381.03891740257677,464.36289327946724,547.2105266686413,627.6713517892786,704.6227798051841,777.5111312759982,846.147862972517,910.5559033427853,970.8652454436524,1027.2463449643983,1079.8697078978876,1128.8827771068609,1174.3980082988855,1216.488133732084,1255.1860425377963,1290.487630198215,1322.3565522536373,1350.7301803646696,1375.5262829554704,1396.650089064904,1414.001475216981,1427.4820621390245
TUR,Male,IHD,combo,56999.35567237167,353.1528771647718,2711.6222685570974,353.1528771647718,926.1855543066558,963.8165754404763,1009.8324090777314,1069.3315722974512,1142.695622723666,1228.5048764377716,1323.6649952723674,1424.2500801091956,1526.5299656998104,1627.6080293908599,1725.5684282764123,1819.3275318966334,1908.3935920273652,1992.6447820625326,2072.1606060915074,2147.1060936056456,2217.6573618994007,2283.9566904430394,2346.087792690174,2404.064672685665,2457.8295595804084,2507.2568874152494,2552.1612754782545,2592.3081147238117,2627.4257893463946,2657.218834948362,2681.3815057594184,2699.611326963539,2711.6222685570974
TUR,Female,IHD,glp1,25524.679957877226,269.8837295051271,1082.2778013746574,269.8837295051271,684.3042058900173,681.6711817752584,682.732133548554,688.9681537834622,699.1875844234819,712.3294768218839,727.5370061149515,744.1426064584448,761.6409718479117,779.6609754219608,797.9396669312409,816.2989712463168,834.625004224552,852.8498406893777,870.9356344173284,888.8610429224645,906.6099191795365,924.1622087866272,941.4869525684189,958.5372556924849,975.2470535392786,991.5294852712104,1007.2766781488317,1022.3607468709088,1036.6358193499618,1049.9409101344645,1062.103472506613,1072.9434684318985,1082.2778013746574
TUR,Female,IHD,diet,20000.549046449516,0.0,1269.667311459998,0.0,12.053514512561378,29.059917218815826,53.34249056404951,87.02984613146691,131.25173472166352,185.4819638528861,247.57194517575408,314.50570742757554,383.3271135565665,451.7255536180892,518.1852299796446,581.8691130616353,642.4205801542703,699.7821481814171,754.0620127685397,805.4462671721849,854.1450378298614,900.3610331799719,944.2720009883487,986.0215416833671,1025.714901766536,1063.4177875360037,1099.157095936258,1132.9229507641285,1164.6717011349683,1194.3296778420336,1221.7975687131839,1246.9552995177364,1269.667311459998
TUR,Female,IHD,combo,45259.92768234885,269.8837295051271,2337.3122883194155,269.8837295051271,696.1252032307893,710.1730465637738,735.0754652157048,774.4078411450828,828.0968987096276,894.5766391665165,970.8907845257781,1053.4156716058787,1138.7423920623478,1224.2249576365139,1308.1031591987849,1389.3674226384173,1467.5447221819923,1542.5030187144148,1614.3045100174786,1683.1057800367416,1749.0934078662685,1812.4437614030612,1873.2985626242735,1931.7506475923437,1987.8364395370882,2041.5330202765326,2092.7585172335675,2141.375007122697,2187.193408752093,2229.979983832236,2269.4641391133337,2305.3472565209668,2337.3122883194155
ZAF,Male,IHD,glp1,4740.00646639944,68.5271567293621,173.5347202162411,68.5271567293621,168.16346807115224,166.2546615204301,163.80462229041404,161.55287284004226,159.56113984833246,157.8594167317333,156.46202927843842,155.3709234561611,154.5785680072986,154.07081914808805,153.82956353671761,153.83491988599417,154.06686184527643,154.50622665108313,155.1351556647278,155.93706405690318,156.896260569054,157.99734174906916,159.22447565340553,160.56067356880158,161.98712891695322,163.48268274379734,165.02345652908116,166.58267620946208,168.13069656765947,169.6352225436749,171.06171351190642,172.37394805817894,173.5347202162411
ZAF,Male,IHD,diet,715.0022594328948,0.0,46.679371773676394,0.0,0.32703556584783655,0.8189325793464377,1.5542600035059877,2.61117148336416,4.041371840168722,5.845035658701818,7.965552501696948,10.309031101583969,12.773720430541289,15.272066718447604,17.73971368471757,20.135005719552282,22.434345963592932,24.62690392836157,26.71015274636011,28.68655791809215,30.561272803810425,32.340584812489396,34.03088208911868,35.637970773717825,37.16662909968363,38.62032657312011,40.00106452999171,41.309311682354746,42.54401813890581,43.70269644942891,44.78156036442306,45.775712498292705,46.679371773676394
ZAF,Male,IHD,combo,5446.430369688407,68.5271567293621,219.69887463976556,68.5271567293621,168.48574805927092,167.06144339332786,165.3359624791392,164.12593721200574,163.5442080515768,163.62115149592682,164.31551841676628,165.53688382118708,167.1775059632564,169.13692578585324,171.33350265723493,173.70615737892513,176.2114475864546,178.81937981191004,181.5094632943692,184.26742191074663,187.08254445817875,189.9455468475935,192.8468353503522,195.77510263082877,198.71622404438313,201.65244313672156,204.56184417699478,207.41810972750318,210.19055621191,212.8444328164078,215.34146063848675,217.64058096196823,219.69887463976556
ZAF,Female,IHD,glp1,4277.522636077114,55.7601511545181,162.67468405250474,55.7601511545181,136.6194117412124,136.16411711949695,135.45536058877224,135.0176600691484,134.84919473310583,134.9347944007368,135.2561231926411,135.79232545732702,136.52055386534812,137.41664948875587,138.4559493817087,139.61413801980052,140.86804844516155,142.19633303558112,143.57994832187615,145.0024247333913,146.44991604524876,147.9110426657844,149.37655725043442,150.83887072459765,152.2914822266448,153.728358405604,155.14330655655067,156.52938281434945,157.87837155275702,159.18036570343975,160.42347034163504,161.59364398898106,162.67468405250474
ZAF,Female,IHD,diet,500.5551150777301,0.0,33.89337379225071,0.0,0.22759384396704263,0.5599161216996436,1.0494045706309407,1.7478747911209211,2.6904572288858617,3.88001649753096,5.283811106501162,6.8453914190140495,8.50256824636017,10.200898910570686,11.899272466303955,13.5697815145395,15.19511481776135,16.765563723070954,18.27651941606382,19.726644558873886,21.11662512332623,22.448342803552805,23.724325058350587,24.947367605584077,26.120260071875236,27.24557315057973,28.325484863122256,29.361635954479425,30.355011868919973,31.30585264291949,32.2135935580427,33.07683935183195,33.89337379225071
ZAF,Female,IHD,combo,4771.543467935748,55.7601511545181,196.14685615572307,55.7601511545181,136.8436960362269,136.7156791309535,136.48912777935584,136.73964692661502,137.50009619700904,138.75821920423368,140.46351492284884,142.53958159893773,144.90233325699774,147.47396591375218,150.18927671996062,152.99640072378315,155.85505321187156,158.73425822030003,161.61037192219374,164.4655533513942,167.2865851526185,170.06390176416608,172.7907130154981,175.46215779074555,178.0744630975696,180.62411299422456,183.10704980889022,185.51793906627245,187.8495317681627,190.09215507912995,192.2333565885947,194.2577193832003,196.14685615572307
MEX,Male,IHD,glp1,32434.19610996805,387.92790212784894,1271.138601588871,387.92790212784894,948.2264207667758,932.4019606939692,924.1152232845488,924.2615790612617,930.7491292037594,941.949595331389,956.6172961775737,973.7867456386593,992.7006177256408,1012.7589844231697,1033.4826784066681,1054.4860593952471,1075.456180515408,1096.1364784955804,1116.313815646281,1135.808123720446,1154.464144636513,1172.14490270018,1188.7266240690951,1204.0948703214526,1218.1416902459314,1230.7636254114768,1241.8604337419383,1251.3344214589015,1259.0902963300032,1265.0354728718085,1269.0807720595185,1271.1414639181312,1271.138601588871
MEX,Male,IHD,diet,21131.593872038356,0.0,1318.3245516838215,0.0,9.793747004907345,24.873365938619827,47.58416566095548,80.23448713721882,124.28625362396997,179.60299273591954,244.3303386249172,315.53183756553335,390.0989204789512,465.40510949147574,539.5479472526058,611.3044583514711,679.9712954020652,745.1964593649318,806.8448377352906,864.9041247452697,919.424157627931,970.4801225106639,1018.1514912424173,1062.510793190042,1103.618292475352,1141.5200862229103,1176.2481158228911,1207.8212113625777,1236.2466796050867,1261.5221804779867,1283.6377721041063,1302.5780765984673,1318.3245516838215
MEX,Male,IHD,combo,53290.63303576561,387.92790212784894,2574.946292335313,387.92790212784894,957.8459880203009,956.8262097007246,970.8497354702413,1003.0853128887247,1052.8859436663915,1118.4999144652538,1196.8698786948516,1284.152390230709,1376.5384392877313,1470.8456944770296,1564.7208655492286,1656.570192035957,1745.3827051832923,1830.5492908883753,1911.717968350349,1988.6912117162137,2061.358072079587,2129.651425373071,2193.5221056343144,2252.9239175081602,2307.805479316434,2358.1062931218476,2403.7554234545096,2444.671808742147,2480.7656354514766,2511.9404535311623,2538.0958568572532,2559.1306296071125,2574.946292335313
MEX,Female,IHD,glp1,26069.20085452871,322.51061633459904,1157.0313754097879,322.51061633459904,757.84191001211,714.3173543156008,689.2712386127678,678.908824241611,678.7319404179289,685.730835021117,697.8767080079779,713.7671403655695,732.4042004148941,753.0563145355991,775.1717483144021,798.3235984170897,822.1739950939227,846.4500870621123,870.927353141713,895.4175685304217,919.7598114294524,943.8135200271499,967.4529801974568,990.5628486509377,1013.0344579443336,1034.762744512307,1055.6437079385796,1075.572358550824,1094.441145273915,1112.1388780849957,1128.5501700589375,1143.5554236105963,1157.0313754097879
MEX,Female,IHD,diet,18069.481627847992,0.0,1199.0207297617017,0.0,8.229258328203287,20.7317284185483,39.48078105447348,66.41530046964908,102.73722456553514,148.27320360319573,201.40297655034374,259.6479499084526,320.47478443845466,381.84151609407854,442.3646196020127,501.2387867667858,558.0710933283117,612.7238438323257,665.198337811773,715.559907841176,763.8941297659476,810.2835085785628,854.7964326024958,897.4829214914353,938.3738157365879,977.4814920380595,1014.8010911892488,1050.3117840531777,1083.977909528301,1115.7499856783834,1145.5656776229443,1173.350837187827,1199.0207297617017
MEX,Female,IHD,combo,43911.1360366992,322.51061633459904,2342.824420991965,322.51061633459904,765.924812694313,734.6790010779223,728.0610644982371,744.1864784159479,779.746023460335,831.5689536616264,896.042457370866,969.3328910950004,1047.9525788334286,1129.1591783662006,1211.0350392232504,1292.3549551074539,1372.3884352722525,1450.7217267294182,1527.1269990446308,1601.4765476708126,1673.6906014829437,1743.7073002074612,1811.4661847824027,1876.899432036109,1939.9272823654464,2000.455612393198,2058.3745582357224,2113.5576746656734,2165.8614547856123,2215.1252230244863,2261.1715070774953,2303.807025794391,2342.824420991965
AUS,Male,IHD,glp1,6406.031578366859,64.23532216840249,244.18570572471072,64.23532216840249,165.60998108970307,169.72807381302664,174.11610005357943,179.18000353811658,184.6377277241536,190.22767266886876,195.74527924767972,201.04503636922163,206.03308657576054,210.65669755797353,214.89361157521853,218.74272901060613,222.21666823293708,225.33621181854323,228.1263788380893,230.6137655027378,232.8248010226198,234.78462022936947,236.51632584578692,238.040482397897,239.37474193618618,240.53354638011297,241.52788305364447,242.36509081252007,243.04872635424908,243.57850594069896,243.95033859722025,244.1564642872254,244.18570572471072
AUS,Male,IHD,diet,9659.366194889699,0.0,574.4693592606964,0.0,5.821222225613383,14.202040714433679,26.46987927650116,43.81819429357347,66.88314393182918,95.36375820329704,128.01952221991814,163.09155601649763,198.84382345937775,233.9174297971549,267.42813465194195,298.90104350618276,328.15159330165625,355.1750431882683,380.0650522899923,402.96092335393405,424.016392747224,443.3826164848506,461.1997473584888,477.5933616188049,492.67342992088015,506.53449829922465,519.2563560534218,530.9048339048386,541.5325865280829,551.1798286964986,559.87505189898,567.6357716875355,574.4693592606964
AUS,Male,IHD,combo,15942.768059723576,64.23532216840249,812.1229761853101,64.23532216840249,171.33444951657657,183.69290093576274,200.15092599477612,222.29040700459518,250.45890575881458,284.10334143964246,321.80258118055644,361.6823779777842,401.93997584348836,441.1827325440172,478.51444680956047,513.4627125838997,545.8549516294661,575.7043634048132,603.1259009085297,628.2816127002152,651.348066594881,672.4983626678804,691.8930087230801,709.6758215549562,725.9724832413995,740.8903801230517,754.5189852532785,766.9304272835361,778.1801091999405,788.3073600804782,797.3361612473673,805.2760091675154,812.1229761853101
AUS,Female,IHD,glp1,3767.5514534738086,45.4042348406183,153.6453657871898,45.4042348406183,108.42022800441191,102.9600112090884,100.84816284310546,100.91704494441183,102.3056355203189,104.50565042012568,107.19588736942933,110.16257412025334,113.25962918782898,116.3865895602612,119.47491642650857,122.47876265688319,125.36845596327657,128.12582031164857,130.74081461640162,133.20913007624222,135.53047813344347,137.70736399148336,139.7441903613435,141.6465769680599,143.4208147829213,145.07340082794508,146.61062057279196,148.03816123512115,149.36075143022026,150.58183119029854,151.7032618674857,152.7250882546905,153.6453657871898
AUS,Female,IHD,diet,6594.364603820019,0.0,395.5715606918493,0.0,4.833232015611429,11.064024975014036,19.770560905297316,31.81949505231205,47.63795859979655,66.99118451492541,89.01340680304384,112.5181730501481,136.36962441182368,159.70792513979723,181.99524568639208,202.9575545420721,222.499104057184,240.62919498838892,257.41156645092633,272.93360712793947,287.289353461314,300.5709565913312,312.8649080234445,324.25071925873635,334.80072817813743,344.5803164734898,353.6481820732279,362.05651344547005,369.85102338352226,377.070858042347,383.7484255594609,389.90920031701535,395.5715606918493
AUS,Female,IHD,combo,10278.911178886354,45.4042348406183,544.6337412558769,45.4042348406183,113.1731274816666,113.84214239516405,120.30124912873362,132.23575160567088,149.2071618951377,170.47916570004418,194.88103933189996,221.03230561492637,247.66809522506992,273.8394252964026,298.9455527098289,322.66810453768994,344.88075510722956,365.57258123626525,384.79486309454296,402.6282959338005,419.1644530828271,434.4960812862482,448.7124270914501,461.89721030737564,474.1278539626328,485.4752087657107,496.00338577850926,505.76952773356425,514.8234711595833,523.2073177992352,530.9549677918185,538.0916817368307,544.6337412558769
NZL,Male,IHD,glp1,1915.5635633461347,18.0761178559992,71.28135062368074,18.0761178559992,48.371294873505576,50.93695506952281,53.0179003133544,54.93446061888153,56.7348605952493,58.4254578382679,60.001026659804666,61.45614614129954,62.7887860514611,64.00054600135718,65.09574862443787,66.08036686595278,66.96114923302048,67.74502251062677,68.43873643284223,69.04868052763868,69.58080431574308,70.04058603365866,70.43301189465092,70.76254337226146,71.03306264545972,71.24779593597304,71.4092211985544,71.51897082234063,71.57774201238044,71.58522768563307,71.54007938148152,71.43991121109502,71.28135062368074
NZL,Male,IHD,diet,2254.329773427403,0.0,127.8031311870036,0.0,1.6440822846279843,3.9305726482662067,7.169217575567018,11.63271789020655,17.44455990199276,24.493750350983646,32.44843187223796,40.86805288388041,49.33485739387015,57.53356518831333,65.2680860164337,72.44104141096523,79.02272559665562,85.02373625315977,90.47546455172414,95.41785111411536,99.89243294980042,103.93878659153143,107.59296242470919,110.88698862416095,113.84888735058303,116.50289033568697,118.86969452995254,120.96669019218007,122.80814565030687,124.40535983699465,125.76680518603371,126.89828563545962,127.8031311870036
NZL,Male,IHD,combo,4142.258091658061,18.0761178559992,197.7489628350604,18.0761178559992,49.9865500797132,54.798758956711936,60.06463034268563,66.37320142016779,73.89523003406703,82.52920092413206,91.94450149871227,101.70275226746162,111.39064859549126,120.69877295910828,129.43742424566335,137.51564626917934,144.9099631742938,151.6369133602111,157.73350141718947,163.24494405423502,168.21771701510988,172.69599361720793,176.72005834913762,180.32576688822428,183.54449350608593,186.40325651018793,188.92487019199143,191.12806639376595,193.02758210216143,194.63423634161882,195.95502982358903,196.9933006288984,197.7489628350604
NZL,Female,IHD,glp1,1236.4816268362943,12.661401653945177,49.45627728227646,12.661401653945177,32.70299551679091,32.91650470986815,33.20052170057306,33.69528395442967,34.366436664869525,35.16638660368653,36.051368585793625,36.98593211433126,37.943020532221,38.90253263300792,39.849631619007596,40.7732879576497,41.66518443977884,42.51896186051863,43.32973278409645,44.093783957263895,44.8083984408031,45.471744036042764,46.082789775663514,46.64122521496074,47.1473676286646,47.60205021744696,48.006490440418474,48.3621419660999,48.67053673996361,48.93312548994345,49.15112577386935,49.32538654230939,49.45627728227646
NZL,Female,IHD,diet,1662.420866037502,0.0,97.24685123051495,0.0,1.250911936115699,2.9003296034452433,5.192206089530828,8.336865224058329,12.436990630868422,17.427046043195332,23.08144975684354,29.09414740399734,35.17318637853941,41.0982237136559,46.73244682136374,52.00765913319901,56.901974736755164,61.420420587795434,65.58137154424821,69.40827947760454,72.92519671847367,76.15468881651395,79.11710831914934,81.83056133611535,84.31116563884507,86.57337648652992,88.63026736664642,90.49371945310622,92.17451204696499,93.68232729605597,95.02569280485477,96.21188944251526,97.24685123051495
NZL,Female,IHD,combo,2877.785816912558,12.661401653945177,145.59785649063406,12.661401653945177,33.931974161113885,35.76642946010588,38.30480204476271,41.89429096279946,46.60215472485925,52.3171776355839,58.77441241506449,65.63764129796573,72.59240171670626,79.40124309263956,85.91397037510023,92.05169180047324,97.78388356320465,103.1085898751735,108.03858903960963,112.59293826737076,116.79236668555313,120.65708765534009,124.20598295426771,127.45647631486008,130.42468587897838,133.1256274260263,135.57335549540085,137.7809996122446,139.76069387453617,141.52342086506223,143.07880194550762,144.43486962766838,145.59785649063406
ROU,Male,IHD,glp1,7117.5567843133285,121.47283455312208,195.8942930526864,121.47283455312208,305.7985049794006,294.25526988632555,287.55281489939443,282.82266253308626,278.8134374983347,274.86142688921973,270.6537482535023,266.10655450684135,261.27933250442584,256.3084921894115,251.35688614575338,246.57831634603644,242.09557586447772,237.9897405697775,234.29798472280527,231.01720267072233,228.11104266512848,225.51844339523086,223.1622874909226,220.95727033788717,218.81648535947534,216.65653372002998,214.40117982551965,211.98370638051347,209.34819065485863,206.44994415304245,203.2553466567697,199.7412756086269,195.8942930526864
ROU,Male,IHD,diet,11733.756604272767,0.0,571.0152119702652,0.0,12.714750171046035,29.219644921289728,51.87728627734032,82.17739210818036,120.34905301401159,164.9536752465865,213.2174311860581,261.9725277760772,308.564058191856,351.27592284896673,389.3036405564999,422.51270313557325,451.17168010567184,475.74215834184724,496.7395159386615,514.6519687236105,529.9003996745341,542.8241929133874,553.6824128227381,562.6631812942614,569.8966669293368,575.4688602812748,579.4344925982296,581.8282421621734,582.6738867638487,581.9913858873188,579.802067802113,576.1321946300086,571.0152119702652
ROU,Male,IHD,combo,18753.20452517123,121.47283455312208,763.434139979483,121.47283455312208,318.3238602129313,323.0610327289469,338.72775486710816,363.92917454122653,397.64772671289757,437.80823563722515,481.36485473385255,525.1057407323387,566.4629547481672,603.8690287395148,636.6823958309215,664.9152235490474,688.9488232178919,709.3156586508194,726.5593809715974,741.1580261446506,753.4908743379528,763.8325555130796,772.3625251291996,779.1819557732815,784.333005855784,787.8174644524988,789.6131517286012,789.6873649943373,788.007239300965,784.5472364920897,779.2941580754741,772.2501469662238,763.434139979483
ROU,Female,IHD,glp1,5928.087537479354,124.93539358369162,177.32295245174828,124.93539358369162,291.8588431009666,254.17603259435782,234.25875390509464,222.38216471945998,215.1358752836568,210.5887354997394,207.56357098253648,205.32729961401492,203.43614791538494,201.643997051724,199.83845514433415,197.99295632026042,196.13054729896248,194.29729473263433,192.54380652824693,190.91344038176612,189.43578879402776,188.12410233404444,186.97545485035153,185.97264389951306,185.0870287480393,184.28171311927872,183.51466399847777,182.74151211461503,181.917900892131,181.00133960107632,179.9525766514962,178.736545367723,177.32295245174828
ROU,Female,IHD,diet,11828.457055869578,0.0,574.5563712641233,0.0,14.940581214774284,33.147396842963644,57.976589204638,90.86129026242997,131.77196237359385,178.8287572657282,228.84050357298838,278.4282692663801,324.9568472180945,366.8592518978912,403.4998625168482,434.87890996249916,461.362102550338,483.4892996705312,501.8551055901553,517.039846625441,529.5723703253279,539.9121863320615,548.44329183015,555.4750836448511,561.2475323057188,565.9387969366799,569.6740462521266,572.534623101772,574.5669523408906,575.7907927464548,576.2065932618862,575.8018394922401,574.5563712641233
ROU,Female,IHD,combo,17663.9966372659,124.93539358369162,748.288257630913,124.93539358369162,306.57687409591017,286.87321584655365,291.4929169807838,312.13429317330883,345.3649501922919,387.4049372575828,433.9277653521858,480.85843115457465,525.1406260032891,564.9690002506213,599.592606925984,628.9763205807467,653.4978850019106,673.7322267428754,690.3147386032542,703.860951800496,714.9229101380515,723.9686122310995,731.3757803502194,737.4344167075069,742.3545619548677,746.2768618469345,749.2843081293431,751.4140397770498,752.6684703162464,753.0252945644679,752.4461467220935,750.8838433510464,748.288257630913
BGR,Male,IHD,glp1,3049.2698167172657,53.86144663308187,77.26224912882572,53.86144663308187,134.5047453104453,132.40210385246428,130.32012087449766,128.34301641754791,126.29317325667762,124.0744881953924,121.65464648589841,119.05030058821467,116.30959552455715,113.49578034451588,110.67452560083075,107.90541026677784,105.23699432254216,102.70461146035632,100.3300665103161,98.12257317524745,96.08042534309425,94.19303031792879,92.44304060531249,90.80840576659284,89.2642316738984,87.78438479967917,86.34281660533816,84.91460972348432,83.47676525859788,82.00876085388518,80.49291380920295,78.91458401206182,77.26224912882572
BGR,Male,IHD,diet,3673.681457119659,0.0,178.17636440727074,0.0,3.454737847263459,8.283240530985495,15.090508366110953,24.326432336923972,36.10059259000627,50.013137954136255,65.22124109233664,80.72070510053527,95.64228273194021,109.40462023070904,121.71748497235603,132.50875857872597,141.83956222789493,149.83702313381582,156.65012349393328,162.42435447392927,167.28913512285362,171.353041371196,174.7034473754702,177.4084458044017,179.51977629886824,181.07603544191625,182.10577181755252,182.63026644936872,182.66591474077904,182.22619313228824,181.32323111972983,179.96902837636117,178.17636440727074
BGR,Male,IHD,combo,6688.382001894028,53.86144663308187,254.16023527323705,53.86144663308187,137.90766037914727,140.56308375955086,145.19491134870623,152.33204192631274,161.907137102251,173.43233904948283,186.04586974217818,198.77403973343644,210.8059904756101,221.62883551721097,231.01900105739878,238.96229965549537,245.5655545081736,250.98810459368724,255.397858748418,258.9470978367135,261.7616050073175,263.9378836763699,265.54485301431305,266.6277362489109,267.2127714342805,267.3119609099449,266.92743924618844,266.05526081227435,264.68854070715497,262.8199599596446,260.44368803763064,257.556795499906,254.16023527323705
BGR,Female,IHD,glp1,2470.72530315738,49.35632081813674,66.32131386532274,49.35632081813674,118.21603665620569,109.48658419517051,103.83212527877913,100.07834925729003,97.4047183390685,95.31699505779034,93.52220231101819,91.85630311132809,90.23581564956294,88.62574810267688,87.01890559965432,85.4228006806079,83.85150734358467,82.32068894665099,80.8446613683409,79.43476971212112,78.09862044342117,76.8398731575744,75.65839514775871,74.55064303391555,73.51017494617554,72.52822361701874,71.59428048435802,70.69665624479967,69.82299549852542,68.96073276406787,68.09748449593098,67.22137703052431,66.32131386532274
BGR,Female,IHD,diet,3401.7259379312654,0.0,163.79524932569075,0.0,3.352172883282037,7.834841558356857,14.120822503538875,22.723075854722993,33.82965590362255,47.112412202923224,61.76064220704029,76.75151649949112,91.16388618756355,104.35886639394266,116.00289535428965,126.00230237511823,134.41765756010136,141.39225588472073,147.10310300591846,151.7312826639427,155.44589234363775,158.39649363835633,160.71053664400824,162.49352328187524,163.83058088608595,164.78868546832564,165.41911024046203,165.75986751690107,165.83802079146335,165.67180517461748,165.27252952173694,164.64625405952938,163.79524932569075
BGR,Female,IHD,combo,5840.889003537035,49.35632081813674,228.8456980230476,49.35632081813674,121.51792528617807,117.20838423277382,117.75758524563571,122.49750335049794,130.79508867065306,141.83503040039795,154.52656157052297,167.6967921023588,180.35170121245028,191.82290065236703,201.77064251879892,210.10690309352867,216.90309302557762,222.31459686163362,226.52938994472788,229.73703229791863,232.11190162053572,233.80540779412877,234.9435053162615,235.62716123328573,235.9343668638703,235.92286854977465,235.6331446314034,235.0913619278217,234.31216516065433,233.3012235827191,232.0575015887407,230.57524596063377,228.8456980230476
ISR,Male,IHD,glp1,1470.9431272953002,14.064024833483018,61.40554045315184,14.064024833483018,36.175766505020874,37.387907231188365,38.50682555926187,39.669928364554835,40.863855834499645,42.06786149759455,43.26128425898196,44.42629437166124,45.5492641257556,46.621267417165654,47.63798257244753,48.59919299897729,49.50804068349498,50.37015899860762,51.192784295298225,51.98391915655429,52.751595349507625,53.5032630069345,54.2453153532324,54.98274563749419,55.718924590610186,56.45548209546541,57.19227509254324,57.92742423556501,58.65740369901778,59.37717115176292,60.08032770525733,60.75930022021021,61.40554045315184
ISR,Male,IHD,diet,1794.5365713400292,0.0,118.31462141484371,0.0,0.8886058985467571,2.2031524676490335,4.140300356448279,6.891224004848482,10.575700801769017,15.18134493536536,20.554332610846814,26.451340643845924,32.61401767749703,38.8234156469739,44.921442980672055,50.80886463146271,56.43321687171374,61.77518964312458,66.83706814663492,71.63403004567772,76.18797914594961,80.52332454265797,84.66416215615027,88.6324431941348,92.44683417321812,96.12206404374137,99.66861712112586,103.09267306053243,106.39622380587116,109.57731724020687,112.63039132871108,115.54667274980966,118.31462141484371
ISR,Male,IHD,combo,3240.482300522145,14.064024833483018,178.1934361154954,14.064024833483018,37.049288758551484,39.55303013583216,42.576264167984846,46.44463676799887,51.263044267570876,56.99919118082471,63.48177766409344,70.45413261153772,77.6487081094092,84.84111184580752,91.8711899080572,98.64066374890581,105.10058554979332,111.23713739284722,117.05940804768761,122.59001030832223,127.85827990989401,132.89550661217527,137.73167630311764,142.39331452901115,146.9021307106732,151.27424648190117,155.5198516446526,159.64317330899485,163.64267373633993,167.51141439037838,171.2375402728312,174.80485120797312,178.1934361154954
ISR,Female,IHD,glp1,865.6552993039986,10.619114505465404,36.380513917543794,10.619114505465404,25.36087721968852,24.47906680089818,23.96352067015664,23.79391845348664,23.885767707007062,24.173370225390045,24.60407431655767,25.13470838533658,25.72992601285432,26.361377631740652,27.007129431106478,27.651068955347,28.282214534742707,28.893934723038,29.483120518907526,30.049360916288606,30.594165905921727,31.120269042864493,31.63102883329566,32.12993683568766,32.62023148164553,33.1046103879994,33.585030133811415,34.06258070177819,34.53742155474038,35.00876716161656,35.47491127732792,35.93328106175386,36.380513917543794
ISR,Female,IHD,diet,1197.7020888950865,0.0,75.89943908272153,0.0,0.6819459770367757,1.637910368429857,3.0143743695959984,4.949238833549089,7.528290700698108,10.743178540829831,14.484671305904612,18.579081201564804,22.840964837825595,27.111916291756188,31.276135832811633,35.259446042253785,39.021178798806886,42.5449383611749,45.83073715146247,48.889042168798824,51.73650251768049,54.392951763734345,56.879320819531586,59.2161898047093,61.42279128330483,63.5163387211428,65.51159496202035,67.42062168601706,69.2526674165747,71.01416246288773,72.70879662733296,74.33766096492946,75.89943908272153
ISR,Female,IHD,combo,2046.2866588883344,10.619114505465404,111.25970753287311,10.619114505465404,26.031247501522103,26.088755531055995,26.926413077692132,28.659595259954813,31.28843063394379,34.73939583711672,38.85283149269662,43.41506247708821,48.20848367794042,53.048873732826905,57.800174224960756,62.37299574109829,66.71600845280591,70.80611948295746,74.63993564789325,78.22709531540704,81.58529217344812,84.73662692616881,87.70495032651388,90.51393996934439,93.18572635863893,95.73993755671927,98.19306794497061,100.5581004147366,102.84432729766513,105.05732675907984,107.19906014445496,109.2680628912949,111.25970753287311
NGA,Male,IHD,glp1,7669.634698982176,135.4250376525888,343.16858400068304,135.4250376525888,316.03216159511067,285.83794896033214,261.61581301995466,243.11934591046884,229.27281100614346,219.2527063582238,212.41893351776525,208.26500934390788,206.38435066796956,206.44554491807503,208.17377917166596,211.33686474005663,215.7347499751122,221.1916709824509,227.55028207554278,234.66726115487836,242.41000705866463,250.6541421825168,259.28161005907896,268.1792188072359,277.2375304931775,286.35003516247525,295.4125773397609,304.32302253644593,312.98116224054684,321.2888588583446,329.15042846413417,336.4732507288645,343.16858400068304
NGA,Male,IHD,diet,4589.306989389814,0.0,308.5813384034118,0.0,2.999249547654472,6.965920752576494,12.521303692279616,20.165342111082282,30.124216948315734,42.21926719131443,55.90505504950124,70.47565255091467,85.29257119843533,99.9098195836632,114.08542970031704,127.73267028842383,140.85986655373563,153.52203840001312,165.78910790148802,177.7277352323581,189.3923304413329,200.82155986749422,212.03784928811365,223.04835800141882,233.84655973549525,244.41397760385735,254.7218624628149,264.7327404714597,274.40182839451154,283.6783499405137,292.5067984494963,300.8281896278204,308.5813384034118
NGA,Male,IHD,combo,12226.90472559075,135.4250376525888,649.864456505522,135.4250376525888,319.0002362051746,292.7328466799154,274.01331371198467,263.09060396759014,259.1140885583518,261.0847735013449,267.8235695167896,278.12531086341187,290.95066743435746,305.52553042138607,321.33423788165965,338.0575745497408,355.5028268489332,373.54806523909065,392.104754866079,411.0953175239483,430.4408739477294,450.05524263214465,469.84251266453794,489.69652902315283,509.5013323558378,529.1320414055881,548.455935501428,567.3336498842837,585.6204800421037,603.1678289887059,619.8248399779332,635.4402472394358,649.864456505522
NGA,Female,IHD,glp1,9684.21149576769,135.5840645950011,452.6458386575832,135.5840645950011,319.7542438857854,297.6228427329552,281.67093888531963,270.81279227213963,263.81272703899594,259.89348221776163,258.5155742560746,259.27595786769234,261.8574108212488,266.0002209125305,271.485347305148,278.12405273628974,285.7513016548546,294.22133235451474,303.4044342211855,313.184340267333,323.4558879836186,334.12276338550146,345.0952541199513,356.2880142463764,367.6178949005771,379.0019265150404,390.3555526907003,401.59121557086473,412.61738002233324,423.338061723829,433.65289535105694,443.4577465754264,452.6458386575832
NGA,Female,IHD,diet,5595.971900991943,0.0,395.3967821695842,0.0,2.6017619467529585,6.173560952222033,11.385635294835083,18.839353877338,28.92687310517067,41.66957158589503,56.69286695931805,73.37525729474146,91.05919502927281,109.19857841503108,127.4085374556962,145.45029970287578,163.19245831308945,180.57290915319754,197.5699684319552,214.1831091175627,230.42107474241493,246.29490092354536,261.81392050389695,276.98345605767827,291.8034050202841,306.2672733988147,320.3614423123945,334.0645918991504,347.34728703116707,360.17176846215443,372.49200503398606,384.2540568019176,395.3967821695842
NGA,Female,IHD,combo,15240.374777439247,135.5840645950011,845.566429585524,135.5840645950011,322.32896247883036,303.7329661892436,292.94236045702564,289.46727239999746,292.46152556956804,301.1706746942873,314.68597040285385,331.99009967000893,352.1151110043502,374.26020322144177,397.8244266644324,422.38158612499683,447.6354715013367,473.37784383296093,499.4566581190011,525.7543916540453,552.1739288576355,578.6293820196443,605.0398735629133,631.3250009621188,657.4012521832774,683.1790175955175,708.5600845977024,733.4356399140815,757.6848712295323,781.1742765940871,803.757773144971,825.2776586128603,845.566429585524
EGY,Male,IHD,glp1,49422.32415359763,724.6910241052974,1726.6242195788946,724.6910241052974,1788.9947734994348,1730.1731870724616,1689.920671204367,1661.8469520882645,1641.016507725144,1625.0985579594562,1612.9982195178163,1604.2422199179127,1598.6632990741055,1596.2248469916813,1596.9192519898643,1600.7070993065427,1607.4803384101251,1617.040766858583,1629.0893865076068,1643.224228904961,1658.9451433428621,1675.6643703000445,1692.7218040546868,1709.4038471543754,1724.964753148408,1738.6493711230287,1749.716251746955,1757.4601469147601,1761.2330295258726,1760.4628733358695,1754.669563010597,1743.4774492276483,1726.6242195788946
EGY,Male,IHD,diet,28544.564759380213,0.0,1632.263958753174,0.0,19.58729657776712,46.34564069814223,84.7267936837452,138.25634205259848,208.6224981416599,294.65042402863037,392.40911430012784,496.558415067906,601.979935402429,704.788903283421,802.5659687984153,894.1182691380964,979.0974041543959,1057.6522645836521,1130.172520563472,1197.1199772294494,1258.9272379566683,1315.942867829668,1368.4070490665326,1416.4466744948586,1460.0825926067773,1499.2442573137232,1533.7886491448153,1563.521332749544,1588.2181323803961,1607.646299140004,1621.584309323196,1629.8396309169475,1632.263958753174
EGY,Male,IHD,combo,77642.47418819927,724.6910241052974,3345.8023357771162,724.6910241052974,1808.1840808906127,1775.6058516359335,1773.035589369436,1797.555394744908,1845.9104397801566,1914.6438696665864,1998.823524638079,2092.7422621974256,2191.2017232648213,2290.334320558759,2387.735173350986,2482.1717187681643,2573.1747554706235,2660.677241469064,2744.7518352032057,2825.44258572752,2902.6694388262113,2976.184153291513,3045.560913486639,3110.2097308539087,3169.404390386044,3222.319194310112,3268.0703788939863,3305.75912942423,3334.5138168683043,3353.5295772719546,3362.10374537835,3359.665992589318,3345.8023357771162
EGY,Female,IHD,glp1,36734.19065440474,585.6231448735634,1477.224153940333,585.6231448735634,1339.4088287081395,1202.460776634849,1136.595982299652,1101.349340989109,1081.624518518729,1071.4621113930625,1068.1021615820355,1070.0607700212568,1076.4393817878445,1086.645833638715,1100.2616452026414,1116.9648211106833,1136.4768351302046,1158.5232060217386,1182.804177454178,1208.9742414038046,1236.6297759728332,1265.3040687120374,1294.4688776794646,1323.5415739414457,1351.8968381853774,1378.8818468231184,1403.8338717805163,1426.099229843967,1445.0525533569744,1460.1154177791323,1470.7734559293604,1476.5912136899715,1477.224153940333
EGY,Female,IHD,diet,24319.30932295324,0.0,1462.1647014750051,0.0,20.30059884345974,44.649395223968895,78.0476030614227,123.71694190072594,182.94788544114272,254.4992820102343,334.8905307813111,419.66808112060244,504.78660930834303,587.3712761358765,665.8041500670661,739.4494197808526,808.3024095640139,872.6977437858877,933.1068120424316,990.0112159647979,1043.829892285139,1094.881149292807,1143.3666779014602,1189.369364772836,1232.8599224348727,1273.7092777016514,1311.7047507005336,1346.5686460259603,1377.978186948225,1405.5858898742881,1429.0395794195065,1448.0013290888164,1462.1647014750051
EGY,Female,IHD,combo,60789.67460305912,585.6231448735634,2927.4374367156997,585.6231448735634,1359.2969449617522,1246.263555960526,1213.2359907695645,1222.9167776651448,1261.4971678915026,1321.8211967370007,1397.725892896473,1483.3558534307522,1573.8292189176427,1665.7122582308366,1756.9772582980222,1846.659427060309,1934.4610029790056,2020.4255555011914,2104.7093266720913,2187.435749077602,2268.6107480648934,2348.0797751451755,2425.5130526470166,2500.410054398977,2572.1172972252825,2639.8553701804485,2702.7521882664296,2759.8800473988813,2810.2943965360464,2853.072468908649,2887.3501087563636,2912.355336892273,2927.4374367156997
BGD,Male,IHD,glp1,13794.404854025386,217.4445694226597,483.9085788076918,217.4445694226597,525.863687110701,491.48457154368225,468.28408074098115,453.5309383434942,444.390646010419,439.1114384142129,436.57989017645014,436.0603704819514,437.0461869176652,439.1724666868977,442.16423024458345,445.80477177206194,449.9158792809467,454.3451023356465,458.9573639515729,463.6293753867212,468.2459490215697,472.69765309387003,476.8794472684094,480.69005216346704,484.03187614653143,486.81136741745286,488.9396879373526,490.33362330673845,490.91665270758676,490.62010826540063,489.38435601696256,487.1599330517056,483.9085788076918
BGD,Male,IHD,diet,100587.06704309196,0.0,5344.164958380483,0.0,79.30779953357705,189.90494427084923,347.0393471309071,563.7924196345411,845.6689150037855,1186.2826635308302,1568.0642978833785,1968.0772265211272,2364.8423633879866,2742.4520748077775,3091.391416528524,3407.419886535936,3689.9043074977235,3940.3415904067515,4161.289071362058,4355.67498670175,4526.3914007647545,4676.075314838381,4807.007292454131,4921.08015412878,5019.807734502683,5104.355415354832,5175.58157392242,5234.083621735015,5280.245005463425,5314.281104685942,5336.282843325345,5346.257312798261,5344.164958380483
BGD,Male,IHD,combo,114028.70761676166,217.4445694226597,5814.006186194805,217.4445694226597,604.6888065472012,680.2516963572707,813.3103568441002,1014.1525362083048,1285.4422928897548,1619.1091255684005,1996.5960915648611,2394.3717780963634,2790.563775581075,3168.9660109221004,3519.8107754551456,3838.632017399883,4124.592350032879,4379.003563055361,4604.2550993295445,4803.122393244586,4978.357543755788,5132.468334021309,5267.6151329334825,5385.578325951705,5487.766284533427,5575.245556938462,5648.782363967504,5708.889006626152,5755.87148333239,5789.876175415702,5810.9343413528695,5819.003643218573,5814.006186194805
BGD,Female,IHD,glp1,8040.907810069773,102.45411409844382,314.0214198516769,102.45411409844382,249.43770951601618,233.15228934968036,226.48236391918908,224.87065875762346,225.9775396854384,228.70966106008564,232.49314798663545,236.98806976045307,241.97224228695268,247.28973695354944,252.82512253089226,258.48868757534365,264.20692411181517,269.91595030820463,275.5568485766271,281.07241079222877,286.40499925958284,291.495329434576,296.28202558537305,300.70182074717013,304.6902800317039,308.1829284310952,311.11666495706595,313.43134702350653,315.0714340353443,315.9875879090105,316.13814067853673,315.4903548559523,314.0214198516769
BGD,Female,IHD,diet,64458.1308042093,0.0,3692.9185006271,0.0,52.14231056826975,120.36862946094334,215.4593200355739,345.9708936271636,515.4222761226265,719.9128524196858,948.7800778711389,1188.3510727043176,1426.1855819476623,1653.5001588008454,1865.4877272220474,2060.457082205394,2238.6982212533476,2401.5328662134852,2550.665796223984,2687.797774747858,2814.422507999101,2931.73888490221,3040.6297786030336,3141.676588537579,3235.1914255211013,3321.2569248639484,3399.7684342796856,3470.4759485508985,3533.0245054335537,3586.9923759468074,3631.926622546016,3667.3756649739225,3692.9185006271
BGD,Female,IHD,combo,72269.43116173043,102.45411409844382,3996.3217750075273,102.45411409844382,301.26267354745505,352.81328235833644,440.7239495567992,568.9491034278399,738.6632048256215,944.9134607562883,1176.5385500926204,1419.6066026348417,1661.5163916721358,1893.360074415279,2110.220964395412,2310.3078279444453,2493.819635174019,2661.9955237485556,2816.464680569741,2958.85728471975,3090.59949015679,3212.824080116072,3326.3482613428787,3431.6878218338825,3529.089510446691,3618.571530262765,3699.966775798792,3772.9660616664914,3837.159935235759,3892.078293790546,3937.2272810143622,3972.123021120293,3996.3217750075273
USA,Male,IHD,glp1,127500.33471170056,1414.332434844633,4276.513567987422,1414.332434844633,3668.0938416568097,3796.5185555321514,3901.4114271563594,3998.671165444248,4088.844817044621,4171.686157323187,4246.832288754638,4313.988230320858,4372.986822748906,4423.794096989033,4466.495424265449,4501.278604731895,4528.419175820018,4548.268037888454,4561.239766833081,4567.800020168244,4568.451154390292,4563.7159601289895,4554.120026583783,4540.173602132709,4522.353952137171,4501.089188349841,4476.744417448121,4449.610876437975,4419.898521903146,4387.732337524823,4353.152430535527,4316.117808618175,4276.513567987422
USA,Male,IHD,diet,152743.19955245446,0.0,8505.594394763873,0.0,96.71324023930356,236.54417576716514,439.0693098890479,722.1142633963027,1095.2845224589691,1554.3873845440103,2081.326343551278,2649.9536783928634,3233.63688826171,3810.365960598225,4364.437759600987,4885.916002962564,5369.273556684086,5812.035588136292,6213.71769805887,6575.0836793720955,6897.65518845222,7183.394895523961,7434.500776569301,7653.26890344749,7841.997996966704,8002.920037720702,8138.14824688778,8249.637929144781,8339.157993070083,8408.272132844257,8458.32913560298,8490.461869546562,8505.594394763873
USA,Male,IHD,combo,278305.7389780557,1414.332434844633,12691.427227546985,1414.332434844633,3763.1037609208142,4028.865331047855,4332.811867938377,4708.405623537721,5165.707505953789,5700.435419613961,6294.51168110891,6921.978462909348,7556.487635352765,8176.333267770184,8766.106893490301,9316.162425068556,9821.275659463485,10279.303080154466,10690.1285866861,11054.92192950251,11375.642191957159,11654.709572543332,11894.784918507794,12098.61604925606,12268.925619047484,12408.326061370433,12519.253923843557,12603.919834218046,12664.272425406147,12701.975497154344,12718.397972690524,12714.616119150072,12691.427227546985
USA,Female,IHD,glp1,90664.66912880924,1026.136506176932,3224.0166288419277,1026.136506176932,2599.313023297931,2607.741445642372,2640.356451836822,2689.0742731238715,2745.6258840903465,2805.5815688942675,2866.243778636417,2925.775939578685,2982.845377307327,3036.4609590336913,3085.889566779777,3130.607835031871,3170.271048084309,3204.6904917253414,3233.8145210170187,3257.7106769989477,3276.547483134782,3290.575425504183,3300.107193370932,3305.4975986250793,3307.123761744122,3305.3661998735042,3300.591422041238,3293.136559372302,3283.29645627446,3271.313535451307,3257.3706330186105,3241.5868843008648,3224.0166288419277
USA,Female,IHD,diet,133411.7367794854,0.0,7551.1375548137,0.0,91.84763958200347,216.08865151600912,392.2397816987359,636.7440365552611,958.3020360311784,1353.4083029099857,1806.4904111672658,2295.1594346094353,2796.817633855506,3292.9886403263663,3770.6260452909046,4221.53400291258,4641.1505324697355,5027.386885233689,5379.750026425754,5698.748665477848,5985.513107653824,6241.556787940732,6468.624826779065,6668.593416272721,6843.397998741304,6994.977732598083,7125.229702106386,7235.969846179418,7328.89953182498,7405.577681711642,7467.398772438872,7515.577094362408,7551.1375548137
USA,Female,IHD,combo,222367.884421513,1026.136506176932,10690.644440578937,1026.136506176932,2689.5430352351395,2820.0453061426524,3025.8619618436496,3315.092227310204,3688.0770400223264,4137.012311993254,4643.953797839349,5185.0866413500335,5736.857113757462,6280.074077822093,6801.124848752341,7291.3690264615,7745.91890337097,8162.479707527964,8540.46945680509,8880.417327739997,9183.571341144328,9451.644322251435,9686.644639043428,9890.756613461417,10066.249536027666,10215.403618222685,10340.447045328794,10443.501678053057,10526.536771659215,10591.330939724518,10639.442876325804,10672.191309540765,10690.644440578937
JPN,Male,IHD,glp1,10788.6021883332,167.46034451414016,314.936970145136,167.46034451414016,407.29202180840366,405.7557092354109,403.8187756163534,402.3446672027785,400.9293341507873,399.30903249683615,397.33176089217886,394.92412851595145,392.06968616893573,388.79336009916733,385.1489693342155,381.2085065659194,377.05279892978433,372.76358457272,368.4171486686464,364.07961062019604,359.8038432665562,355.6278934157817,351.5746889554721,347.65276984334196,343.85776627419546,340.1743601170383,336.57849675429316,333.0396557270433,329.52303353072784,325.9915356538404,322.4075142666188,318.7342209907292,314.936970145136
JPN,Male,IHD,diet,22289.612842524315,0.0,1243.120381448607,0.0,15.301685363781871,38.66019117718679,72.76903609240253,119.91319731649128,180.82499016389193,253.88568359817145,335.3639411859622,420.6024042942299,505.32489553981577,586.3886584116408,661.9126363916002,731.0512752658105,793.6721377769572,850.0705652301694,900.7599076427869,946.3324399304402,987.3738642143071,1024.4148626457536,1057.9071157544022,1088.2150377854268,1115.6173446690373,1140.3145146525203,1162.4394831777827,1182.069765046399,1199.2397799884275,1213.9525724058185,1226.1904203047743,1235.9240550497198,1243.120381448607
JPN,Male,IHD,combo,32925.49038595119,167.46034451414016,1550.0099648216783,167.46034451414016,422.477938963435,444.1151070145279,476.022394505344,521.3326379546925,580.3710064756015,651.2700271618232,730.1768195909681,812.3968467691593,893.669369412135,970.8987509387371,1042.2698154183017,1107.0131177442381,1165.0759712468862,1216.8315009445505,1262.8641413982332,1303.82687025606,1340.3532205381125,1373.0075514078853,1402.2608853150232,1428.4833733735577,1451.9472759077253,1472.8362854232837,1491.2583208058786,1507.259807000286,1520.8400775428236,1531.9649923512188,1540.5792043820256,1546.6167667728587,1550.0099648216783
JPN,Female,IHD,glp1,7553.4655310944945,138.48482536103984,219.72691591848707,138.48482536103984,324.90808674650907,310.0068861282052,298.60624921655835,290.32062685168785,284.11146844748873,279.27804423258203,275.3406279390183,271.9634023354083,268.91036179602816,266.0190368347103,263.1834579475544,260.3417663350119,257.46617363187397,254.55425401274988,251.6212230668316,248.69316718952905,245.8012916823718,242.9772537539975,240.24959831143497,237.64125464654353,235.1679992301506,232.8377518800844,230.65055146561645,228.59905157785397,226.66938316771848,224.8422464817122,223.09411530278157,221.39845960295497,219.72691591848707
JPN,Female,IHD,diet,19759.623306666224,0.0,1047.300364855968,0.0,17.12263988772611,41.12116080965643,74.74765123474208,120.22246381139848,178.20209142893145,247.06844884678867,323.1982362488634,402.1154451112161,479.73441807076597,553.0618764800529,620.3077806796064,680.6686961577288,734.0279258566297,780.6942196944001,821.2112780716488,856.2308364845812,886.4322348556889,912.4730873091612,934.9600553028431,954.4326018546271,971.3552943873365,986.1158916795539,999.0274222514345,1010.3330132315969,1020.2125480310133,1028.7904314284679,1036.1438843253636,1042.311308278433,1047.300364855968
JPN,Female,IHD,combo,27180.59425942834,138.48482536103984,1260.3742588077948,138.48482536103984,341.9011816003185,350.81007603943,372.7784069608024,409.6251780161838,460.96550068871875,524.495525047816,596.1419691753399,671.1278920204204,745.161910917057,815.1089400851342,879.0837814466577,936.2243167016495,986.3842617124974,1029.8653503382884,1067.2206273478805,1099.1217109272911,1126.273165737788,1149.3588091309066,1169.0090679682544,1185.7822827499476,1200.1554687477546,1212.5216593436344,1223.191899130914,1232.4004955429991,1240.3124608262297,1247.032290004725,1252.6133835579967,1257.0675634928702,1260.3742588077948
GBR,Male,IHD,glp1,20798.815990577183,267.3842796023964,683.3527309525889,267.3842796023964,680.9173901844115,691.5474459389952,697.5033037095636,702.3410100777837,706.4752899166779,710.003883421632,712.9295121450705,715.2509572334384,716.9962318072212,718.2236426641321,719.0090777228252,719.4307184431163,719.5567576251269,719.438003741343,719.105178979953,718.569785424901,717.8271803323732,716.8606391257781,715.6454787324401,714.1526379576098,712.351400337051,710.2111711265534,707.702378555834,704.7966663545085,701.4665909068062,697.6850444714291,693.4246072658207,688.6569958198015,683.3527309525889
GBR,Male,IHD,diet,23093.274393612708,0.0,1306.8559306599418,0.0,16.078510982828448,39.38835841229593,72.76645396644744,118.70216909384908,178.23382432105427,250.11631041034707,330.9763979200434,416.4265517959211,502.347784097532,585.6545259228005,664.4436455788891,737.7826610367774,805.3966243315081,867.3925371217192,924.063021550246,975.7641716185026,1022.8483458292685,1065.6328137419623,1104.3896224046111,1139.346730238918,1170.694156342688,1198.5915005194329,1223.1749128034717,1244.5626766801288,1262.85921864368,1278.1577144580078,1290.5416310775618,1300.0855920522736,1306.8559306599418
GBR,Male,IHD,combo,43591.45558881378,267.3842796023964,1975.16976034041,267.3842796023964,696.7280744422242,730.2713661308444,769.057547926699,819.0966123416874,881.8331197505686,956.1497469746901,1038.7387342185393,1125.2858350215029,1211.7647494012708,1295.191953532616,1373.7627486076017,1446.6295015723372,1513.5824642681036,1574.7717081335722,1630.51126681194,1681.1595991548384,1727.0562450722791,1768.4947628844893,1805.7166615855967,1838.9159411947476,1868.2477682604003,1893.837598878621,1915.788914796467,1934.1889047151344,1949.1121100503806,1960.622417429091,1968.7739301327674,1973.6112655819597,1975.16976034041
GBR,Female,IHD,glp1,11081.163862497051,168.2593611842094,376.6094389261998,168.2593611842094,408.2562373536348,397.5308792522119,388.32912761397165,381.6624299674222,377.0083205577175,373.87899471003766,371.8631870434401,370.6343569914752,369.94868363898786,369.63505125573647,369.58056523391497,369.7149407152865,369.99614119245234,370.39858817110144,370.90440755338204,371.4975986394311,372.16068231629833,372.87324639193685,373.61179578173324,374.35038116652504,375.0615829566159,375.7175413993318,376.29083185274794,376.7550773453404,377.08526439639536,377.25778190450364,377.2502380358055,377.041128949204,376.6094389261998
GBR,Female,IHD,diet,12205.481645468593,0.0,714.2197048948765,0.0,8.647756392667361,20.891609365593467,38.24125679623103,62.02018457073427,92.80712922020757,130.00205341689434,171.89371465834847,216.22635155869648,260.8644438221636,304.19787887445636,345.2305025628193,383.4791052510154,418.8152065396207,451.3218366950059,481.1883235568239,508.64207572392115,533.9087435650326,557.1917657147496,578.6641699476968,598.4675694562939,616.7149745981224,633.495258577168,648.8779592671781,662.9176711645014,675.657663273676,687.1326085195615,697.3704674177716,706.3936600667657,714.2197048948765
GBR,Female,IHD,combo,23115.311980920498,168.2593611842094,1081.4776243965862,168.2593611842094,416.7599443205909,418.0690173834082,425.9292582968046,442.6553140260803,468.29704053323803,501.7804180907988,541.0145007343854,583.4556601102668,626.7589228549223,669.1668939814335,709.5832497658666,747.4586085469891,782.6211095332983,815.1240199807144,845.1335489747435,872.8558521968298,898.4943759370726,922.228156236135,944.203489386553,964.5334809218402,983.3017271961362,1000.5676919795696,1016.3722767696381,1030.7427385528317,1043.6965584489299,1055.2441648659187,1065.3906052931343,1074.1363704215728,1081.4776243965862
DEU,Male,IHD,glp1,33480.50721413623,437.53102206885524,1050.4303752401174,437.53102206885524,1129.2807596722123,1154.1620965598704,1162.6344552191294,1163.1388531454868,1159.5010415595025,1154.630041290875,1150.4438806094258,1147.9543155729625,1147.4646795094595,1148.7940576897672,1151.4779736401688,1154.925050887483,1158.5270748609619,1161.728708987779,1164.0660448210256,1165.182925970119,1164.8324262002861,1162.8690315803397,1159.235463085468,1153.9468346496578,1147.073960120004,1138.7270243496605,1129.040432800466,1118.1593790522602,1106.22847012071,1093.382594257826,1079.7400881326175,1065.3981524817355,1050.4303752401174
DEU,Male,IHD,diet,29693.747396648658,0.0,1549.4778130007762,0.0,23.854308673922787,58.352041783131426,107.228511982481,173.30992564788903,257.2037576974544,356.47291291817965,466.14682355037075,580.3306776046084,693.7978583858348,802.7805961003032,904.9870043959672,999.2471466648567,1085.113246928624,1162.5529485410661,1231.7545902802522,1293.0183919456613,1346.7016851899098,1393.193716689566,1432.904411448224,1466.2582938300911,1493.6892084426363,1515.6341239361354,1532.5257504934707,1544.7844112849998,1552.809878875516,1556.973907253705,1557.614075072328,1555.0293780306965,1549.4778130007762
DEU,Male,IHD,combo,62841.17577633675,437.53102206885524,2585.3294836060813,437.53102206885524,1152.7585803134425,1211.5881018253567,1268.1971509593423,1333.8225763974624,1412.9026288619643,1505.957904185052,1610.01633303595,1720.2813172260794,1831.8996984357218,1940.967904659774,2044.752202922129,2141.498260003922,2230.1478391137352,2310.1062115335517,2381.088560892633,2443.0288225399127,2496.027024707815,2540.316571146439,2576.239990550501,2604.2271408941015,2624.7733598561754,2638.4170649610314,2645.717340835705,2647.2324818228662,2643.500530462683,2635.0227199943038,2622.2504900012427,2605.5764625229203,2585.3294836060813
DEU,Female,IHD,glp1,22674.358414476927,338.9119612566283,749.6605970818055,338.9119612566283,849.9709613935847,832.497463214575,814.2557011967292,797.8540451152803,783.2236104038166,770.6254022581707,760.3960915657663,752.7575227475754,747.7423803394049,745.1966266887612,744.8201206868835,746.2188934509468,748.9543737911154,752.5832323196955,756.6864161073318,760.8883245979232,764.8679290894506,768.3637063141068,771.174004669243,773.1541367290192,774.2112023427326,774.2974242686905,773.4026180329529,771.5463022303302,768.7698670233658,765.1291436960746,760.6876486222027,755.5107072427636,749.6605970818055
DEU,Female,IHD,diet,24557.645653396452,0.0,1322.1925302743766,0.0,23.06324035617581,54.39810312834743,97.99304641399067,156.35770106344717,229.46993590977218,314.27452366109355,405.5592746064649,497.7972609860881,586.7132197095343,669.8406436983059,746.252332974429,815.9865702140087,879.5308439258952,937.4846357278293,990.3871819261985,1038.6559589250828,1082.5860122068698,1122.376166587419,1158.162474115903,1190.049010379429,1218.13192683339,1242.515800382229,1263.3228638552537,1280.6963587852078,1294.799442844349,1305.811040442015,1313.9198702971044,1319.3176831662422,1322.1925302743766
DEU,Female,IHD,combo,46947.432009418204,338.9119612566283,2058.2206476108695,338.9119612566283,872.6701989983994,886.0391544612357,910.7413186081976,951.8644115352799,1009.3299460390845,1080.400470729859,1160.282744250173,1243.749438213752,1326.6097929165262,1406.265353272116,1481.4892206873483,1551.915130296984,1617.578326935516,1678.6224500453245,1735.1578589478158,1787.2193161261675,1834.7758324753522,1877.761079306918,1916.1065687854716,1949.7690813997324,1978.7492529118317,2003.1011149785918,2022.9337581665168,2038.4068303090316,2049.7216910534626,2057.1099308509583,2060.8207442476996,2061.10838400136,2058.2206476108695
GLB,Male,IHD,glp1,1051618.90803417,13609.835885487497,38612.919076671824,13609.835885487497,33932.16623217333,33869.956319854595,33719.39382687304,33623.85753935389,33588.892841116525,33612.72886480857,33690.49599696975,33815.79076822568,33981.80288541876,34182.02294945624,34410.58639373351,34662.350373267196,34932.80645173136,35217.91583285481,35513.92876796611,35817.2246940108,36124.18938679062,36431.13154169824,36734.233370303176,37029.52674157452,37312.88655046467,37580.034935178235,37826.5525572896,38047.89562408812,38239.41920841951,38396.408509091474,38514.11998657882,38587.83392271958,38612.919076671824
GLB,Male,IHD,diet,2775637.2184416987,0.0,168178.10645059682,0.0,1530.6753193642944,3793.231668494642,7108.671075899154,11779.550967219286,17979.023428496905,25653.754860991612,34518.075367564335,44149.83478609007,54117.407867287286,64066.32660690509,73747.85232408717,83009.23861741088,91769.69433824066,99996.30088072363,107685.16590309422,114848.37893153913,121505.64905283693,127679.24883501884,133391.12392443046,138661.3496208405,143507.38974373415,147943.81386398152,151982.26606569905,155631.56812329218,158897.89656486362,161785.0070882775,164294.49857296795,166426.1175917508,168178.10645059682
GLB,Male,IHD,combo,3807571.9514561854,13609.835885487497,205755.57208057866,13609.835885487497,35448.45682503283,37627.10064813867,40761.299811408855,45294.54302369896,51404.48672891036,59037.189408435486,67905.35079927463,77584.6722629657,87640.74147608504,97715.61287771445,107556.56086043362,117006.61211918108,125980.71784925181,134441.7713177735,142381.77327744476,149808.7512439806,156738.34669649787,163188.71411678102,169177.59906632453,174720.77698038518,179831.30519684497,184519.24115422554,188791.6179105807,192652.5594261447,196103.47600053437,199143.31506778952,201768.8615029538,203975.0898413267,205755.57208057866
GLB,Female,IHD,glp1,823965.5562963816,10794.652594877873,32394.282110483386,10794.652594877873,26569.57227068022,25999.850866981316,25533.782624147832,25236.746813170146,25081.300787924323,25043.941173824947,25104.543995348737,25245.587238082662,25451.914245270193,25710.612225110643,26010.845685771666,26343.61822347995,26701.487484028563,27078.269317837432,27468.760867280886,27868.500561844558,28273.571689903736,28680.447837095708,29085.873582022265,29486.77199984528,29880.170927585103,30263.141710975207,30632.74650952313,30985.99259394221,31319.79403386824,31630.942527476698,31916.089796885848,32171.74400111288,32394.282110483386
GLB,Female,IHD,diet,2363272.8216784485,0.0,147832.6101242341,0.0,1355.4891476011835,3303.40985819418,6119.993775316048,10058.197945626453,15257.537761512678,21666.528037180193,29042.637526211794,37036.08431933168,45296.1866721604,53540.9335681051,61577.26740226988,69290.36969879363,76622.47402718943,83552.75258733891,90082.14664607123,96223.20416945126,101993.7654859256,107413.25981288031,112500.64757407177,117273.34505061619,121746.70571735501,125933.79843780119,129845.33189288527,133489.644347243,136872.72132113762,139998.2299168976,142867.57326729316,145479.97558775358,147832.6101242341
GLB,Female,IHD,combo,3170604.536227372,10794.652594877873,179302.98980313167,10794.652594877873,27912.3230273081,29272.02289938135,31596.8374218964,35203.03367169574,40201.862629061565,46519.36984494096,53895.621628316585,61966.79621624667,70370.26052954514,78813.42557572667,87093.7731239032,95088.09442654159,102731.27624315582,109996.10979618318,116877.99573734682,123384.63494233415,129529.56975196209,135328.35197519232,140796.3768113386,145947.71774036717,150794.53285251744,155346.77885317244,159612.079407732,163595.66590424348,167300.35375710856,170726.54470950644,173872.26089647133,176733.22345616668,179302.98980313167
CHN,Male,IschStroke,glp1,149644.0269574065,1084.6056865418213,5897.785842771642,1084.6056865418213,3017.3557943388587,3266.8017987416824,3490.4652214229573,3704.3203193349764,3910.546558569651,4109.507943974691,4300.78940313647,4483.745463677333,4657.788577097002,4822.486275238567,4977.54488688393,5122.746391895344,5257.883910817443,5382.719746127026,5496.972821579082,5600.331419616472,5692.481841173256,5773.142603323329,5842.09543813928,5899.207255750196,5944.440353051759,5977.850842694519,5999.577229372226,6009.822197207715,6008.8310718094,5996.870242655976,5974.208262437722,5941.101558026159,5897.785842771642
CHN,Male,IschStroke,diet,867603.4166835189,0.0,49436.221997115994,0.0,500.38808936357964,1241.068245409173,2326.723433969193,3856.629923310131,5887.688318449771,8401.996303113992,11304.399550442351,14453.705066032591,17704.56956692878,20936.461014301283,24063.583984981407,27032.032835444086,29812.02016312431,32389.945974331233,34762.14917772962,36930.59994376334,38900.191780204885,40677.17299984023,42268.31644609617,43680.52818292915,44920.69094366883,45995.613250139635,46912.00989541481,47676.477203677176,48295.45088357362,48775.14870365686,49121.507399355294,49340.12540715141,49436.221997115994
CHN,Male,IschStroke,combo,1012433.5189189953,1084.6056865418213,55098.59701468167,1084.6056865418213,3513.9417597607244,4498.367774502025,5799.64305927977,7532.370898841415,9755.367754044011,12451.430102122249,15525.884234273806,18838.056934065302,22243.1108469927,25620.896589698736,28885.81991022348,31983.987769706175,34885.45651269914,37576.33348553791,40052.568950342014,42315.694034894,44370.159495724365,46221.809894229285,47877.08737978991,49342.66267157672,50625.28795989184,51731.74349640263,52668.80588358082,53443.204637388,54061.55824645632,54530.29512367817,54855.57145248656,55043.19935958367,55098.59701468167
CHN,Female,IschStroke,glp1,111668.3883022003,813.815142882755,4764.726085480885,813.815142882755,2208.965819166915,2335.8164156296407,2458.2023646187736,2585.3523421881837,2717.2476915058214,2852.959990450763,2991.1079894603463,3130.1620764749823,3268.661073137657,3405.3243416663026,3539.077946877689,3669.0273463308113,3794.4077937731054,3914.53532746213,4028.7712844480993,4136.504738235148,4237.1513179347385,4330.1636258162325,4415.047439247253,4491.378369480139,4558.81498052238,4617.106003692374,4666.090839562821,4705.693797094631,4735.913384253974,4756.808430078672,4768.482936387649,4771.071408339427,4764.726085480885
CHN,Female,IschStroke,diet,668485.3916234531,0.0,40475.06982652936,0.0,358.30485979106743,882.9357786916662,1649.9302507412503,2731.9719326712657,4173.151106071484,5966.167323636706,8049.933262982522,10330.541169137927,12709.885550812003,15105.611187701812,17458.102610333124,19728.771300977794,21894.97553904855,23944.791425520438,25872.87210300984,27677.57584643294,29359.150292380946,30918.682100098464,32357.556445738184,33677.23157412454,34879.19021761115,35964.974918548134,36936.24843342218,37794.845403448446,38542.79925495642,39182.340378451394,39715.86924723629,40145.91228334722,40475.06982652936
CHN,Female,IschStroke,combo,776368.6573409834,813.815142882755,45037.7389817473,813.815142882755,2564.548153153213,3212.0083357700496,4095.730396080122,5297.138627706619,6860.079143368639,8776.511749205762,10984.551401297678,13389.542753287475,15892.665374321281,18410.84996365942,20883.76222879812,23272.098152485676,25552.50944505341,27712.37489908212,29745.659622780164,31650.04784187628,33425.138293611584,35071.41009910009,36589.70035210007,37980.99516621162,39246.39317690744,40387.14686775755,41404.722452135524,42300.84508678585,43077.51470244292,43736.99021473713,44281.74757791846,44714.42113871907,45037.7389817473
IND,Male,IschStroke,glp1,36163.78508821764,288.64401702189934,1639.135195631301,288.64401702189934,769.8936352355231,799.7258318550885,830.2130121907103,862.6449924072949,896.1896855215891,930.3928299783729,965.0209753864328,999.9552959188586,1035.1356641149032,1070.5297797673265,1106.1148012629128,1141.8653272053343,1177.7447170863743,1213.698334996414,1249.648119158228,1285.488288745284,1321.082187381573,1356.2603335874155,1390.8197595980018,1424.5247017926886,1457.10867309256,1488.277906303003,1517.7161100173835,1545.0904270487372,1570.0584318045294,1592.2759509923635,1611.4054457751918,1627.1246573403478,1639.135195631301
IND,Male,IschStroke,diet,185492.36240452455,0.0,11896.946627007506,0.0,101.72523843005183,250.62254990724614,469.28686695563374,778.0861101952032,1187.482650591759,1691.6250318686361,2268.8498035873054,2889.443765249918,3525.018493995536,4154.22478850442,4763.921212572837,5347.674493652303,5903.537253771967,6432.121201367525,6935.2442997444305,7415.090940339956,7873.736296334711,8312.900756455027,8733.839760763454,9137.30971013679,9523.575484658533,9892.440689471725,10243.290816803754,10575.144465698104,10886.71026307228,11176.448234939016,11442.634720369359,11683.429878079565,11896.946627007506
IND,Male,IschStroke,combo,220998.3359447953,288.64401702189934,13498.156574537104,288.64401702189934,871.1347945031303,1049.1578004613984,1297.3138848545204,1637.1769141005352,2078.3497796439333,2614.5791150251753,3224.0884084122954,3877.1900959158666,4545.558968267636,5207.89368303644,5851.068107347295,6468.63184441271,7058.5922567116795,7621.490481739689,8159.048981116153,8673.330447882472,9166.260320598143,9639.379650072719,10093.734192372183,10529.840719037922,10947.696237814613,11346.811289639329,11726.257475866412,12084.724255355715,12420.582493834198,12731.953300017398,13016.780981250748,13272.908873945998,13498.156574537104
IND,Female,IschStroke,glp1,32625.88559837223,318.1298682062479,1432.4168214729289,318.1298682062479,843.1204980593175,811.7327986176824,812.410011001688,824.5557023027213,842.8723556884797,864.7425211274531,888.8663732543937,914.5179854712915,941.2557793303858,968.7910520663718,996.9235092308372,1025.5059913925943,1054.4220494917827,1083.569656922773,1112.8483484605094,1142.1487675146782,1171.3442902069655,1200.2846651183208,1228.7917022284819,1256.6570596346282,1283.6421483283048,1309.4801184963435,1333.8798148061614,1356.5315022817813,1377.1140788589837,1395.303415626171,1410.781409680494,1423.2453034934588,1432.4168214729289
IND,Female,IschStroke,diet,218535.5787989561,0.0,13273.3859947233,0.0,190.77113521107822,424.8966695070267,753.0373988085194,1201.550985863607,1777.2955408896087,2460.7048412857694,3211.480599700357,3983.801749887003,4740.434768284205,5458.540393493604,6128.282144271361,6748.591097077297,7323.131211524596,7857.498754012922,8357.597595428408,8828.823592067813,9275.722038050473,9701.891859752475,10110.005125762022,10501.873099766031,10878.526468871452,11240.296787258121,11586.895671301463,11917.492351893568,12230.791435561376,12525.112592504942,12798.473159431363,13048.67373676633,13273.3859947233
IND,Female,IschStroke,combo,250526.54226814164,318.1298682062479,14671.898790971143,318.1298682062479,1032.9838120375935,1234.7627114549396,1562.2802946298034,2021.2237256242079,2613.162183372653,3316.0377593830344,4088.4416277391138,4884.00531699392,5665.169214516878,6408.850792336103,7105.009003712796,7752.398185473809,8354.52841932734,8916.858161640761,9445.16067376791,9944.698947975528,10419.874426249822,10874.123999362811,11309.934296476189,11728.904694167839,12131.826733902155,12518.766940789123,12889.149443283444,13241.838778147066,13575.2244314712,13887.308465047041,14175.796797242132,14438.193772839033,14671.898790971143
BRA,Male,IschStroke,glp1,20905.799392231405,166.8760790114684,913.4784328656096,166.8760790114684,437.6001418059823,458.4815423501641,478.7165969407506,499.8102259475927,521.6011614657473,543.8832721215949,566.4501987023395,589.1073229821777,611.6796260224364,634.0158285310754,655.9893545109808,677.4969158669264,698.4555137944044,718.7985292946614,738.4714213012121,757.4274116263259,775.6234262750077,793.0164819728234,809.5606482409203,825.2046714699827,839.8903121766634,853.5514161045285,866.1137120569911,877.4953036536026,887.6077987165045,896.3579992276937,903.65005738537,909.3879898098676,913.4784328656096
BRA,Male,IschStroke,diet,34717.92147566725,0.0,2194.308884296028,0.0,16.156850144208875,40.785924969379266,77.58210118602437,130.17745218806522,200.9066259929532,289.6635186503627,393.70701277667104,508.5942380692504,629.5314999433904,752.3653947293787,873.9793912771929,992.2691797329244,1105.9383021235262,1214.267463983735,1316.921054872757,1413.8041329275438,1504.963317691043,1590.5204508394818,1670.6290372329386,1745.4460265667876,1815.113856214506,1879.749448964576,1939.43806692402,1994.2306965285534,2044.144111795962,2089.1630375813693,2129.2439854771364,2164.3204119874863,2194.308884296028
BRA,Male,IschStroke,combo,55179.23621778094,166.8760790114684,3082.384399573537,166.8760790114684,453.50197664133157,498.61073133983155,555.0567024744596,627.924759785994,719.3602563207605,829.0642874999685,954.1446547844316,1090.0432187669212,1231.8712554787708,1375.3887923661023,1517.3969803176515,1655.7139723121072,1788.9721842879371,1916.3883537127695,2037.5694417117556,2152.3678930701863,2260.780167794801,2362.8778445429343,2458.7616486954794,2548.5312028476474,2632.265572428354,2710.0113856214884,2781.776462566864,2847.527621660309,2907.19177028611,2960.659635748656,3007.7916225163353,3048.425343615978,3082.384399573537
BRA,Female,IschStroke,glp1,18860.534951985494,160.07247794461728,864.4331010076276,160.07247794461728,412.5329676554975,420.72103317209985,431.0572200349343,444.142000916916,459.2938939493906,476.0052962292539,493.8988301615391,512.6798368174423,532.1069031432198,551.9748281081265,572.1053308474729,592.3421929286778,612.5486539807316,632.6057092295669,652.4105360861722,671.8746661368059,690.9217721047971,709.4850970716798,727.5046443244937,744.9242908624292,761.689000133294,777.7423003015138,793.0241708965332,807.4694487583765,821.0068280742562,833.558492183336,845.0403790761193,855.3630498485727,864.4331010076276
BRA,Female,IschStroke,diet,33892.61663432407,0.0,2186.7655718932365,0.0,17.904307118122233,43.82172458949208,81.60894860038388,134.9116397802718,205.8906682792949,294.0880333810637,396.3479959651813,507.93135805674683,623.9981033848599,740.6123601971703,855.0605057503853,965.7201163791251,1071.7676588514878,1172.89414845399,1269.089084554973,1360.4962015520068,1447.3250110418667,1529.8000131264707,1608.1331894380128,1682.5099290209473,1753.0822389852983,1819.9656905622833,1883.238226241112,1942.9399626237864,1999.0736876799638,2051.606032718657,2100.469409701167,2145.5648163967126,2186.7655718932365
BRA,Female,IschStroke,combo,52338.45694686366,160.07247794461728,3026.8329628639476,160.07247794461728,430.15467808126414,463.84500604913046,511.3843206115416,576.9670348825675,662.048709659357,765.6837465341741,884.4004471891094,1013.2464431561893,1147.2166997787936,1282.2263533097575,1415.4167184617181,1545.0237604072245,1670.089470179555,1790.1812294083502,1905.177927861405,2015.1261614817777,2120.150788314386,2220.402144983622,2316.02593985734,2407.146316717626,2493.856219191308,2576.2117261705425,2654.2286508676334,2727.88065735485,2797.098668711231,2861.7715824587067,2921.748383072918,2976.841721303019,3026.8329628639476
CAN,Male,IschStroke,glp1,2589.397434664279,21.72408070790607,104.60376292565707,21.72408070790607,56.56606696394465,59.2174659088887,61.84557851410773,64.62426715114088,67.51128898491515,70.4604118639545,73.42768218446508,76.3729115792139,79.2603017334277,82.05854951425954,84.74072212850479,87.28409905142325,89.67006719080473,91.88407284503955,93.91558953095864,95.75804844652703,97.40868661621062,98.86828583467013,100.14079556442357,101.23285032525564,102.15320474097643,102.912116878917,103.52071338327369,103.99036913882628,104.33213085985153,104.55620902980081,104.67155679051211,104.6855482764222,104.60376292565707
CAN,Male,IschStroke,diet,2565.2839833673906,0.0,156.3129430997742,0.0,1.2241696240298552,3.099388289086164,5.90977704886518,9.939128157006053,15.370920588803529,22.195405725704404,30.192858207777135,39.008049756743276,48.258681150555276,57.61445992136032,66.8277991281766,75.73064720143066,84.21745636056039,92.22682644883844,99.72680103906896,106.70460544599155,113.16001855953618,119.1012617720844,124.54245692102722,129.5019791396935,134.0012747622768,138.0638959974931,141.7146266175605,144.97864968347494,147.8807526547189,150.44458777352884,152.692014168264,154.6425481239603,156.3129430997742
CAN,Male,IschStroke,combo,5119.407584900077,21.72408070790607,258.8757745248313,21.72408070790607,57.77133031879839,62.26787334088294,67.66223135500604,74.4078733439419,82.64362651311421,92.31427087076372,103.16016055290129,114.7918366643089,126.79728536236144,138.81989717223496,150.5886476618498,161.91491892751765,172.67570738452196,182.79555394106228,192.23206045142433,200.9657255696211,208.99326709376237,216.32330948329127,222.97349905005376,228.96839491782976,234.33773607411513,239.11487064612447,243.3352568853843,247.0350201633628,250.24959064132963,253.01246358074968,255.3541269290181,257.3011947720079,258.8757745248313
CAN,Female,IschStroke,glp1,3282.411493617622,31.55901675486075,136.27752026274538,31.55901675486075,78.1997922663204,77.23134951364682,78.21291121814647,80.34084888805228,83.12634814594276,86.31870598991554,89.76708121709635,93.36622949131561,97.034869307583,100.70639180254511,104.32456378043025,107.8414733514328,111.21658574558933,114.41635890415273,117.41410029772123,120.18986263896113,122.7302523338476,125.02808242565516,127.08184662030362,128.8950239349906,130.47524554962183,131.8333680554697,132.98250235420164,133.93704689812876,134.7117695400666,135.32097544201497,135.77779040745554,136.09358047940805,136.27752026274538
CAN,Female,IschStroke,diet,4104.438506284989,0.0,244.71326388249508,0.0,2.716223595270094,6.36487495026995,11.520195061285449,18.67355009909261,28.08946485929846,39.67032184274831,52.961879661996136,67.3142603351389,82.08203919351763,96.75150647325609,110.97378306536484,124.54081723503077,137.34404296360844,149.33721499979583,160.50992522073284,170.8711384597791,180.43998612890027,189.24112569657518,197.3026601690708,204.65530466875134,211.3320184899021,217.36768373784253,222.79864248522063,227.66204254621334,231.995018503756,235.83377161610224,239.21262467130146,242.16312567267232,244.71326388249508
CAN,Female,IschStroke,combo,7336.842166341913,31.55901675486075,378.22518539640805,31.55901675486075,80.87406607503453,83.49820075441585,89.55881965252775,98.73647656448884,110.80401566850378,125.41609936013447,141.97580803107485,159.7384194165461,177.98667035998187,196.14699515050597,213.81818978955744,230.74602052388764,246.78174566218877,261.8452019526467,275.898584141416,288.93009973165135,300.9446756098678,311.9590084060346,321.99896382938095,331.09804186025394,339.29616832224383,346.6384427453686,353.17370493788803,358.9529185460742,364.0274412362469,368.4472811115338,372.2594434400289,375.5064613111608,378.22518539640805
TUR,Male,IschStroke,glp1,8024.777208958885,77.17989228427359,342.9415728395761,77.17989228427359,206.38793316042756,190.19842914405854,193.03358411744557,197.34597489700536,203.7905344312967,211.06027733481824,218.8242842730033,226.79711735654564,234.81955034586645,242.78599377950013,250.63172287242924,258.31700455869213,265.81779557641494,273.1186088350951,280.20746930315363,287.07229422091405,293.6983997094467,300.06688246876365,306.15369848021874,311.92929991251003,317.35872277097224,322.40204070935215,327.01511734270025,331.1506007083626,334.75910983667563,337.7905655948998,340.1956173244944,341.92711476997283,342.9415728395761
TUR,Male,IschStroke,diet,8737.746298024462,0.0,508.77086241368306,0.0,9.834393869517953,19.424694696865117,33.11470712388109,51.6326042071305,75.3113623337631,103.2831767840944,133.88087312019343,165.24721510582822,195.89893139534252,224.93096489887103,251.94383700000617,276.87264342425624,299.83250754392793,321.0141764946711,340.62428843619637,358.85537996886706,375.87299393314606,391.8116905149036,406.77530430891056,420.8390254759797,434.0521435293231,446.4409509946745,458.01162549489163,468.75305198369824,478.6396004152266,487.6338848087471,495.6895212318341,502.75388651603134,508.77086241368306
TUR,Male,IschStroke,combo,16659.406556730264,77.17989228427359,846.3421597521556,77.17989228427359,216.03261759321686,209.3026861865601,225.61182787451253,248.16733788000784,277.94714665986976,312.8003938001093,350.75781375856604,389.70468937282567,428.0165336913233,464.6904602908653,499.26267444684345,531.6250791588318,561.8638841063002,590.1494479846988,616.6721264321677,641.6088640395392,665.1078097170102,687.2826272717793,708.2117245766713,727.9398663880929,746.4809111361355,763.8210861127773,779.9225507264018,794.7271511264007,808.160329467999,820.135164403604,830.5565108290575,839.3251896616675,846.3421597521556
TUR,Female,IschStroke,glp1,8894.933284604434,99.45538729535838,389.9692323511845,99.45538729535838,261.08150968559494,220.83003285308223,218.15332295159897,219.68627158794698,224.3872741665764,230.65815390707576,237.86668788473253,245.63717762239685,253.73904067354306,262.0227292528216,270.38924640683763,278.77189684166297,287.12452889798806,295.41348626648323,303.6119034979929,311.6955879112793,319.64004439541895,327.41836812128895,334.9998242342408,342.3489884540104,349.4253565800245,356.1833533058016,362.5726856001347,368.5389949724631,374.0247671458492,378.97045790977427,383.3157913418836,387.00118248938816,389.9692323511845
TUR,Female,IschStroke,diet,11094.298968423995,0.0,647.9061570597987,0.0,15.5928537542095,29.33329328228865,48.58549797224259,74.33703871215039,106.58440706194233,143.718795102086,183.158666306339,222.36684184248224,259.59104158859554,294.00235702468854,325.4532939246528,354.16750427506486,380.51208326242704,404.86997728532515,427.58256075029567,448.9310250049675,469.13585632177274,488.36317307833815,506.7326252399871,524.3247218091419,541.1869649181681,557.3388147871301,572.7757351355758,587.4726061974288,601.3867554725948,614.4607966576295,626.6254067252521,637.8021178714189,647.9061570597987
TUR,Female,IschStroke,combo,19872.389792494898,99.45538729535838,1031.7965594842317,99.45538729535838,276.37357098202483,249.70297014606695,266.0006386118039,292.9338091067002,329.4597353385943,372.40665379221537,418.60111669635444,465.16103615798056,510.11773514004017,552.493609572226,592.036058911126,628.8938136664037,663.3799948156302,695.8374156099235,726.5756057510807,755.847921687342,783.8478060632406,810.7127843460694,836.5307499397968,861.3462801451315,885.1662631232975,907.9647819407037,929.6874427647708,950.2553825257564,969.5691602314473,987.5126781301078,1003.9572170163156,1018.7656135031575,1031.7965594842317
ZAF,Male,IschStroke,glp1,4022.9910463647093,28.043298064980263,186.99047174892257,28.043298064980263,76.73691098624386,81.97763273660257,86.7749846493889,91.48538957166966,96.14212369786765,100.75335417049791,105.31778913470225,109.83101925641131,114.28937313578353,118.69192210633446,123.04102245182003,127.34178831806275,131.60087741209645,135.82492384519173,140.01888534855425,144.18450251946524,148.31900531617976,152.4141501973154,156.45563014672734,160.42286796871304,164.28917901359455,168.022271425114,171.58503893444868,174.93659230381672,178.03347011278674,180.83096720013782,183.28451933534598,185.35108525593387,186.99047174892257
ZAF,Male,IschStroke,diet,474.7751669011823,0.0,30.019243804294092,0.0,0.24843282626534346,0.615813810479267,1.15851877770001,1.9299305526692478,2.961522819248785,4.245606480108108,5.733639452500938,7.35264203470615,9.027673324086209,10.697535083891125,12.320186182221732,13.871167477102063,15.339294436264026,16.722218456152405,18.022859772801894,19.24685411626524,20.40083915121977,21.49135261841002,22.524151534369594,23.503815855568973,24.43354545629336,25.315091376265627,26.1487830365877,26.933625775101973,27.667450453780475,28.347101095594553,28.968648883444985,29.527622257788607,30.019243804294092
ZAF,Male,IschStroke,combo,4492.613317494635,28.043298064980263,216.71868282828655,28.043298064980263,76.98173123412926,82.58441578895145,87.91675137497259,93.38787013687215,99.06223277347817,104.94063240054311,110.97412301016448,117.08647998497145,123.200177307981,129.25387884500378,135.20835029299815,141.04441672525718,146.7575317377814,152.35185323129372,157.83508337001513,163.21441345237508,168.4935399851165,173.67061230149739,178.73696716226914,183.67652675226964,188.46575677978035,193.07409480188653,197.46476618178713,201.5959085737959,205.42192767787492,208.89500874148507,211.96671086679999,214.5895751100179,216.71868282828655
ZAF,Female,IschStroke,glp1,5695.060524821798,42.83192537442301,258.98704900622033,42.83192537442301,126.08947409276152,130.5849439575395,134.3295669971376,138.45607585343896,143.05718007225005,148.06317320942617,153.3616332726233,158.84037978542256,164.40426869264047,169.98004444197795,175.51591917144106,180.9790368976246,186.35218234183412,191.63026987584453,196.81682430945875,201.92056295905059,206.9521678212077,211.9213369601639,216.83420297061093,221.69119758077431,226.4854252628429,231.20158713882847,235.81547182202848,240.29400423726838,244.5958187524484,248.67230067227138,252.46902154533018,255.92747974690792,258.98704900622033
ZAF,Female,IschStroke,diet,800.2201923775283,0.0,48.617173116064805,0.0,0.6605280422500073,1.4813969665356126,2.617150288873745,4.174911635622266,6.196927497980141,8.63666045512582,11.368751266927575,14.234320337513054,17.09031644442075,19.83633720110447,22.41698140683002,24.811415861280693,27.020678060023783,29.05757485756476,30.940066290706454,32.68742809446849,34.31822045014633,35.84929509590438,37.29534563331981,38.668718956232624,39.97934391781382,41.23471376262387,42.43990150855461,43.59760750696296,44.708245708770846,45.77007570931528,46.779384935030976,47.73072136956034,48.617173116064805
ZAF,Female,IschStroke,combo,6488.035905781866,42.83192537442301,307.21846782456487,42.83192537442301,126.74039708659257,132.04571769901122,136.91170507430252,142.5768646220422,149.17600561232575,156.5940058348133,164.5951174276015,172.9104531726225,181.30345500004114,189.6013256153492,197.69707946319613,205.53682120105805,213.10397536424352,220.40581503792419,227.46340060676812,234.30435581153506,240.95761750064776,247.44949271601945,253.80062229419127,260.0236508930284,266.12152348691234,272.08638635748866,277.8990882960352,283.5292721100268,288.9360291494813,294.06906790131325,298.87032646010266,303.275940788204,307.21846782456487
MEX,Male,IschStroke,glp1,6734.019325276031,45.96295862202351,322.98722221234857,45.96295862202351,121.61821972438338,129.44998147819751,137.0547030822272,144.8392932292354,152.77357411529738,160.82693850169744,168.9738989141988,177.19182685561464,185.45932964764143,193.75527184967905,202.05822657502904,210.34617799172338,218.59635575185894,226.7851323096438,234.88794812112246,242.87924948494765,250.73243370562705,258.4198006176448,265.9125114926537,273.1805579080865,280.1927451542033,286.91669728512716,293.3188935876133,299.3647484483845,305.0187477539039,310.2446546092033,315.0057951050985,319.2654311416154,322.98722221234857
MEX,Male,IschStroke,diet,4874.459400163845,0.0,331.9627736372495,0.0,2.0271546859821683,5.134945353967851,9.796327565500178,16.480758191422865,25.49866794884838,36.857700060627394,50.238835260212,65.11408196549746,80.91509214524922,97.15460041238111,113.47226864628465,129.6281283861299,145.47476525376078,160.92761157297537,175.94103595335764,190.49150433404066,204.56664334533707,218.15854763132302,231.25989989114532,243.86185715573083,255.9530007928588,267.51890478183486,278.54205353148427,289.00195618160797,298.8753771614538,308.1366466750005,316.7580394592587,324.7102221833229,331.9627736372495
MEX,Male,IschStroke,combo,11532.53761185724,45.96295862202351,650.0968831168211,45.96295862202351,123.60932188633888,134.49136013698626,146.672897012686,161.0223684334269,177.81535431036718,197.02998340710474,218.3287708435546,241.17159101110337,264.9794159569028,289.2525739325247,313.6153480706216,337.8094080661049,361.6664714270064,385.0791212808381,407.9773011223915,430.31173614331783,452.0431402250142,473.1355880574192,493.5526534015444,513.255291378624,532.2007808535163,550.3422970201827,567.6288600577282,584.0055213290143,599.4137212315181,613.7917956063538,627.0756298541746,639.1994680620301,650.0968831168211
MEX,Female,IschStroke,glp1,6942.200529030599,49.7590314365425,349.44205246323327,49.7590314365425,129.09020604138277,133.73224285591277,138.9940127606369,145.10945541318324,151.89234494183438,159.20192939395747,166.9368042634669,175.02182437090232,183.39816807330135,192.0165584238639,200.83298595985798,209.8062116064557,218.89643606717073,228.06467436501407,237.2725155635526,246.4820594746525,255.6559029638156,264.7571037523303,273.74908639550995,282.59547956835013,291.25989043977825,299.70563361885434,307.8954404125798,315.79117953527384,323.3536230407699,330.5422910360576,337.3154056664898,343.629979125868,349.44205246323327
MEX,Female,IschStroke,diet,5423.803578027797,0.0,377.106825663519,0.0,2.4980135445275664,6.171050165137785,11.55859517432873,19.18594530502196,29.382207813761852,42.11833394979476,56.991867442946386,73.37816389365253,90.63396173202636,108.23567344889489,125.82296608243269,143.18033884225588,160.19653544833636,176.8252534060266,193.055522478262,208.89223592810595,224.3445842234578,239.41983344925393,254.12039911591637,268.44279276356974,282.37753514217184,295.9094980512273,309.01838063521063,321.67917936054073,333.8626032271568,345.53543811578857,356.66089075459604,367.19895286987594,377.106825663519
MEX,Female,IschStroke,combo,12285.441926234216,49.7590314365425,721.2959698032319,49.7590314365425,131.54379293511556,139.79186565730924,150.3457189729088,163.9558910937394,180.76064930853317,200.59235839890061,222.95592274998307,247.16372026762292,272.52534640994963,298.47673143010616,324.61893712430174,350.6978580095074,376.5632397698646,402.129578797445,427.3468280163179,452.18120610622645,476.6037967789416,500.58436912635443,524.0883789339787,547.0757460884051,569.5005243609921,591.3109520110702,612.4496188248886,632.8536412865724,652.4548310801074,671.179893580902,688.9507162936825,705.6848115807152,721.2959698032319
AUS,Male,IschStroke,glp1,1708.1794696785919,12.714336579343126,74.67702151381218,12.714336579343126,33.49215445934988,35.435268332911164,37.48688381736201,39.676997446539644,41.93744881974453,44.21434974721433,46.466087647742825,48.661409932178685,50.778097420487484,52.801616439242935,54.723665534813335,56.540729956636824,58.252771996196316,59.862135829174804,61.37269003346137,62.78919088811381,64.11682807049237,65.36090757229067,66.52662921298906,67.61892352597624,68.64232190457096,69.60084284947425,70.49788498187809,71.33612376980818,72.11741357071696,72.84269969576417,73.51194690389912,74.12409122640656,74.67702151381218
AUS,Male,IschStroke,diet,1376.0251365088325,0.0,85.24799742456617,0.0,0.7143029971043688,1.7825211020817733,3.372097047727948,5.6452696389596895,8.700409658687477,12.517553961691647,16.95104231661344,21.778304781093084,26.768656396725873,31.732274288629924,36.537638478942426,41.107087668913664,45.40362897468913,49.41726030485643,53.154095861899805,56.628805781610026,59.85980426940205,62.866402204863334,65.66724480602534,68.27953428715318,70.71870026119996,72.99830413234213,75.1300498083292,77.1238301303847,78.9877748346853,80.72828819071765,82.35007739282628,83.8561795061105,85.24799742456617
AUS,Male,IschStroke,combo,3064.2613003783654,12.714336579343126,158.7482951138336,12.714336579343126,34.19458511663515,37.18759962763943,40.80220486455846,45.228090353306925,50.49414406269125,56.527268571926925,63.14301705552498,70.09151083487086,77.12368793309633,84.03813860573337,90.69688333011527,97.01964519611101,102.96963469957882,108.53904037554275,113.73749020283776,118.5839783278725,123.10166989970548,127.3147726977113,131.24676748672755,134.91947130730568,138.35257625757458,141.5634362709825,144.56696668482618,147.375583758444,149.99915180020253,152.44493068859447,154.71753106108008,156.8188916139925,158.7482951138336
AUS,Female,IschStroke,glp1,2310.963912522776,20.294064380132113,102.31298166443776,20.294064380132113,50.89341705976858,50.37152966310805,51.48448150426066,53.451849951748045,55.86349061292367,58.51713476871191,61.294661520322734,64.11747902803108,66.92988012325713,69.69180788278209,72.37485799537808,74.9595463706246,77.43323222921845,79.78849556561363,82.02187474004768,84.13289267084474,86.12330601426038,87.99651816287769,89.7571060893988,91.41042171994013,92.96223921960063,94.41842943266238,95.78465131134544,97.06605730772208,98.26701531859726,99.39085383359088,100.43963944919778,101.41399693237145,102.31298166443776
AUS,Female,IschStroke,diet,2376.721006994044,0.0,141.67490956708025,0.0,1.7993212820229019,4.1277455541321615,7.369337738737158,11.834293014942887,17.673242029954963,24.79346925334721,32.86937480433426,41.45669234761954,50.130185925801015,58.5684714185154,66.57262703544984,74.04539010104781,80.95908784970561,87.32732492438663,93.18481947184137,98.57476675603539,103.5416857967657,108.12779614731608,112.37147658814047,116.30685025067851,119.96391037660032,123.36884927911251,126.54441018430407,129.5101771383197,132.2827742806876,134.87597742399885,137.30075750971628,139.56528294344935,141.67490956708025
AUS,Female,IschStroke,combo,4657.830370954115,20.294064380132113,242.33183710896992,20.294064380132113,52.66283205021682,54.43158104572649,58.735850132945416,65.1005358615439,73.26457418374139,82.93560566990891,93.6760358343181,104.9703892405887,116.34404821388944,127.4396838299117,138.0318948047534,148.00427519553978,157.31593378255093,165.97206210656623,174.00281883201842,181.44988221124186,188.35861454107453,194.7738682999816,200.73796277199108,206.28985200887473,211.4648779518493,216.294756326467,220.8076061583779,225.0279351230838,228.97655407042294,232.6704295367199,236.12250216936263,239.3415075113462,242.33183710896992
NZL,Male,IschStroke,glp1,445.71436560244615,3.8667147014147076,18.66556693501707,3.8667147014147076,9.959333820700522,10.233924801497096,10.597848308831317,11.039053729289662,11.522688446906841,12.024394531683129,12.52786516909805,13.022487573564717,13.501583163741316,13.961126815966054,14.398838333383765,14.813557173079516,15.204827174779666,15.572631992581364,15.91723427377292,16.23908236303032,16.538757445406873,16.816941643649898,17.07439378252616,17.31192449070386,17.530366201253628,17.73053659025163,17.913196187551648,18.079002407267126,18.228463162897242,18.361893630190934,18.47937967700318,18.580751075405942,18.66556693501707
NZL,Male,IschStroke,diet,423.7395139123728,0.0,25.216283995930553,0.0,0.2536175836420398,0.6250176941828158,1.1675463161535617,1.9312874365841708,2.9429577670263143,4.18920351592385,5.616590596753895,7.149617715627073,8.713664699222818,10.249995790343519,11.719967191195337,13.102381267254486,14.388533706264298,15.577560744657376,16.67297430255826,17.680395257379587,18.606203391412464,19.45680052276657,20.238248367284996,20.95611743520226,21.615443439244018,22.22073006645519,22.77596479501176,23.28463188857245,23.749717194883942,24.17370534152701,24.558572978136908,24.905782911175265,25.216283995930553
NZL,Male,IschStroke,combo,863.3365866640643,3.8667147014147076,43.54134228157318,3.8667147014147076,10.208504513793969,10.847852823113953,11.744904221848401,12.93688850588046,14.415342256681924,16.142960592144846,18.05108478440434,20.05498703813589,22.07463665914588,24.048179469885554,25.935202379336943,27.713545442940813,29.374044453140414,30.91570600197042,32.34214435051513,33.65925814833054,34.87384637253422,35.992847529794744,37.02295533914776,37.97044197356831,38.84108267237502,39.64012003584162,40.37223582454271,41.04151676169772,41.65141209703984,42.204686986051456,42.703378729630685,43.148763717582824,43.54134228157318
NZL,Female,IschStroke,glp1,515.1500024931624,5.78203327913775,21.372426840794333,5.78203327913775,13.915990479109041,13.20693763311624,13.030659424781106,13.167538610350675,13.476530167978126,13.880301086618374,14.334705439714298,14.81367783579367,15.301363155776471,15.787780555051313,16.266361463934118,16.73254254786093,17.182972979079523,17.615082869850085,18.02686102514349,18.416748808719603,18.78359258701539,19.12661966454789,19.445417082046106,19.739902114139113,20.01027957469796,20.256985213395183,20.480617238229343,20.681859732964313,20.861402703922522,21.019863846004,21.157716977608743,21.27523155578274,21.372426840794333
NZL,Female,IschStroke,diet,592.8018735224994,0.0,33.95652257660163,0.0,0.47650421698836,1.10703261518006,1.9844973652723183,3.1858278382796925,4.743550430925325,6.6234364944739355,8.730173777587424,10.940877588044486,13.142906880742885,15.255424558915593,17.232306793371208,19.054698028738358,20.721238007059355,22.23997797279617,23.62295682706781,24.883053724926867,26.032410100433708,27.08180234868155,28.04052950536675,28.916542355895444,29.716656000959574,30.446762339507586,31.11200395778701,31.716896844279518,32.265403501302444,32.76096512001595,33.20650442660212,33.60441132469623,33.95652257660163
NZL,Female,IschStroke,combo,1100.3394876126572,5.78203327913775,54.930247895328876,5.78203327913775,14.384139746616256,14.29479315693061,14.981643326127596,16.30075726337418,18.14332831320303,20.39870782710932,22.929300936748177,25.58828212626895,28.24887812901693,30.82129843006237,33.25323669584736,35.52122641543315,37.62028281235939,39.55553419111311,41.33665921356919,42.97467122470198,44.48030366800117,45.863356142451266,47.132552948768534,48.29563374518057,49.3595154684258,50.330441984794334,51.21408505173554,52.01558753573795,52.73955484261933,53.39000795938796,53.97031434459586,54.48311293801066,54.930247895328876
ROU,Male,IschStroke,glp1,4165.545109968873,57.03201437210919,130.72119961752833,57.03201437210919,150.14239811722473,142.6594400189806,140.36465765819958,139.89249843831203,140.47678236045613,141.48186463238198,142.54012520125616,143.44726088026437,144.11764804419727,144.54208204439055,144.75388106444007,144.8035304623445,144.7416190312506,144.60883569605357,144.43141013711283,144.22036095440853,143.97311685381646,143.67637559167633,143.30938031939877,142.84707634760707,142.26284130478962,141.53065284324475,140.62667474033879,139.53031348804507,138.22483380664562,136.69763310363487,134.9402704747008,132.9483323640634,130.72119961752833
ROU,Male,IschStroke,diet,15250.344256758148,0.0,711.1185833309646,0.0,19.349208634595925,42.711743042653325,74.53783047796242,116.93160095525491,170.1702445891151,232.04981914977907,298.43567501164944,364.6695324716311,426.9120917112996,482.75920585298445,531.1813495394053,572.1472141519189,606.2157896384015,634.2190797206458,657.0544629052602,675.5657679976866,690.4853185392458,702.4140254686426,711.8233997486859,719.0689961712524,724.4087937643853,728.0226616255022,730.0307543989438,730.5097506229249,729.5065097735132,727.0491221403754,723.1555506402219,717.840174683246,711.1185833309646
ROU,Male,IschStroke,combo,19286.124537242773,57.03201437210919,837.0331546692796,57.03201437210919,169.20338699829153,184.78064325879132,213.91556221726933,255.3305708546086,308.542767539755,370.75401891484034,437.5224276807148,504.0431076907116,566.4294744281688,622.2832457556578,670.6051546933923,711.4009776308267,745.2630606158527,773.0471539337159,795.6622767257577,813.9517367771768,828.6367285394335,840.2988624705467,849.3849185466897,856.2229251324097,861.0428189095328,863.99771706502,865.18362481433,864.6565323512441,862.4465511299313,858.5691493751947,853.033768916881,845.8502052346412,837.0331546692796
ROU,Female,IschStroke,glp1,4608.474375262802,74.91027705136003,143.68789189167728,74.91027705136003,210.70340119934917,167.67046555104753,161.30727218754328,158.16098996432993,157.37162786546105,157.3011902249491,157.45330247872334,157.58105358235116,157.58935248828857,157.4561824745506,157.19656526965628,156.84074316246915,156.42149565682485,155.96706888049084,155.49776510742595,155.0248675969524,154.550988547413,154.07120782188213,153.5745736251265,153.04568619028578,152.46619527725124,151.81612078123726,151.07495970608215,150.2225776338164,149.23990323287217,148.10945420813368,146.81572567818876,145.34546992706237,143.68789189167728
ROU,Female,IschStroke,diet,22715.661179819974,0.0,977.1150284719406,0.0,56.903778073436115,104.98085473979881,168.74182966993249,250.65263288529968,348.7612235376837,455.8297263791974,562.1773854510247,659.362587030435,742.4384576137963,809.985218044847,862.9430045744812,903.3740065357124,933.6234877625066,955.88282206851,972.0160319060742,983.525227001428,991.5773918062587,997.0522666443649,1000.593067263555,1002.6529386710899,1003.535083723149,1003.4265270785836,1002.4261441786402,1000.5677173455297,997.8387362514113,994.1955776369578,989.575622554763,983.9068049195666,977.1150284719406
ROU,Female,IschStroke,combo,27176.609886995066,74.91027705136003,1115.764013260963,74.91027705136003,266.75955841134055,271.41571298386407,328.1801303626489,406.18045451120634,502.6392539902881,608.7861912217631,714.5448998903521,811.287633936121,893.9830262197465,961.1659320161489,1013.7548941837849,1053.8061207132487,1083.6677815979638,1105.5372355523432,1121.2833399865522,1132.409384077073,1140.0788233422172,1145.1631403684623,1148.2931753708363,1149.9065071590667,1150.2886059291814,1149.6075825366897,1147.9430910100418,1145.3101170492446,1141.6783677833373,1136.9879108043242,1131.1616403940316,1124.1150852808642,1115.764013260963
BGR,Male,IschStroke,glp1,2144.528225868861,33.82036742241871,59.01109791489398,33.82036742241871,86.57848156563978,83.20331845696091,81.53581629341716,80.58883326900832,79.97340456342135,79.46946940859561,78.96826482077813,78.42257996847366,77.81900996918375,77.1614079998144,76.46097880891102,75.73045599213583,74.98085202425318,74.21985806452722,73.45130366658123,72.67528066184059,71.88865577008801,71.08577796604732,70.25924651178866,69.40065158444668,68.50123489324142,67.55244419466544,66.54637435118093,65.47609973874023,64.33590969617217,63.12146165233935,61.82986680580325,60.45972183349295,59.01109791489398
BGR,Male,IschStroke,diet,6308.220149583215,0.0,272.5805496347921,0.0,8.267914136780746,18.763570190945757,33.16504256156804,52.460910462450556,76.72175197598517,104.77505855954041,134.4944943066148,163.55911182208365,190.15941476410808,213.28578288141398,232.64014584662436,248.39168145403346,260.9431298529471,270.76953371848685,278.32815877467874,284.0180766721878,288.1685399204325,291.04171877717636,292.8413637246904,293.7230226566535,293.80380878527467,293.17095650110423,291.88899449247583,290.00561672781987,287.5564182254293,284.56867575318756,281.06433827730507,277.0623681264242,272.5805496347921
BGR,Male,IschStroke,combo,8400.010483287382,33.82036742241871,329.88954031205776,33.82036742241871,94.7223728959325,101.69971261397586,114.25016402756228,132.3643485889388,155.7284158697421,182.97170690747225,211.89027021448783,240.144062192634,265.9267057978923,288.236367859452,306.7814495319599,321.73519599990686,333.5021217836256,342.55685461918256,349.35406534966205,354.28812474772894,357.68171141281346,359.78893756843354,360.80449990779925,360.8744167762088,360.10629154526396,358.57830261450727,356.3467310367196,353.45210217530257,349.9241132338684,345.7855365158648,341.05527457798416,335.75071918798403,329.88954031205776
BGR,Female,IschStroke,glp1,2355.6196535722847,43.313894997396346,65.70192265349215,43.313894997396346,105.48591270666475,93.44327397128109,88.93168750786208,87.16761866510205,86.5756215009842,86.36365744839532,86.17064726139688,85.84630550827387,85.34527066508963,84.67302781518629,83.85758412991345,82.93450962824863,81.93907018295795,80.90225589142392,79.84901679126051,78.79777623936934,77.76068186812881,76.74426399393633,75.7502923343709,74.77669704204345,73.81846985493212,72.86849548122518,71.91828722290848,70.95861715581486,69.98004179721829,68.97333051025635,67.92980705877562,66.8416156883759,65.70192265349215
BGR,Female,IschStroke,diet,8220.905203802236,0.0,331.8162364485488,0.0,14.989798665372291,31.822681894720517,54.19084781294623,83.79342371349776,120.57873693745023,162.2960476938406,205.1603539032276,245.28752258090208,279.92962535065635,307.8764581764226,329.1689566957357,344.5769023717221,355.15121851996446,361.9450433079346,365.879931581876,367.70364904952476,367.9948577780833,367.1867316756616,365.594882962625,363.4431815530843,360.8853578135986,358.0222422493098,354.91522810838615,351.59670379567797,348.0781360327619,344.3563537635964,340.41845343670684,336.24563992840194,331.8162364485488
BGR,Female,IschStroke,combo,10518.153661250433,43.313894997396346,395.72365281858765,43.313894997396346,120.25085696881433,124.83520395003325,142.43792844529344,169.95681485680325,205.77494238911822,246.8892814042738,289.2045151899474,328.726091076187,362.67700437638996,389.8471391617586,410.28798408048533,424.78458935972776,434.40537465503076,440.22111390186,443.1692515107934,444.0103166854333,443.33187253416327,441.57197545282907,439.0473684006738,435.97982322420467,432.51838631564715,428.7572854575392,424.7500243833747,420.5203799889932,416.0709699669551,411.3899394015625,406.4561920050255,401.2434882915313,395.72365281858765
ISR,Male,IschStroke,glp1,419.03452527469267,3.1309116633121903,19.6855233177414,3.1309116633121903,8.17012495331403,8.61632020548086,9.058949301054668,9.523559655621739,10.004660290601919,10.495929312070189,10.991232917097477,11.485014488691263,11.97259094868798,12.450344791544353,12.915802450097999,13.367606157763248,13.80539906432216,14.229649652163971,14.641442254977164,15.042257473017344,15.43376128206819,15.817616032898968,16.19532125789715,16.56808776265825,16.936745101017777,17.301680224391475,17.662803745504334,18.01953968045177,18.370834525399687,18.715181884245794,19.050659415097243,19.374975465502075,19.6855233177414
ISR,Male,IschStroke,diet,387.51863554710076,0.0,26.32277282946484,0.0,0.1708767600413239,0.4293706092556704,0.8151545480860705,1.3677518400110102,2.113446397177654,3.0528828217892396,4.158520426335144,5.384159938517087,6.679260167029838,7.999743597840165,9.312582706318608,10.595833955792159,11.836621368435544,13.028710389193975,14.17038546782237,15.26281158758161,16.308841060054874,17.312168533619342,18.27674118745722,19.20635185032711,20.104363315972478,20.973527905758147,21.815877327363978,22.63266525790641,23.424350017429106,24.190608071628958,24.930371480329995,25.641884128560832,26.32277282946484
ISR,Male,IschStroke,combo,800.5726698538061,3.1309116633121903,45.61858448277121,3.1309116633121903,8.338101164986028,9.038210728008949,9.85990947468099,10.867617780984574,12.08173591053594,13.496659655132248,15.079277906337438,16.778699095170396,18.540600267399213,20.318036079411627,22.076033314510255,23.791609081916704,25.451685993149567,27.05054072385451,28.58751381477373,30.06518233937163,31.487977046262586,32.861162477419384,34.190097049098085,35.479705890753394,36.73411591666377,37.956415721120266,39.148512290363215,40.31106316427508,41.443467502174826,42.543903167234475,43.60939982359014,44.63594032854371,45.61858448277121
ISR,Female,IschStroke,glp1,553.5969763017122,4.74882567358452,25.42665190084699,4.74882567358452,12.157597833287127,12.238510820524084,12.493392005746045,12.890566994367873,13.385892004821699,13.949337575353638,14.557554192096404,15.191028616298809,15.833439845988096,16.471693845451682,17.095990281407012,17.69970984084739,18.279104854603247,18.832848155018837,19.361509960823014,19.86702355388752,20.35218397663425,20.820207338536648,21.27436446150091,21.717692260978765,22.152779263138655,22.58161746008318,23.00551068313007,23.425029235329703,23.840001146647182,24.249531662542495,24.65204410133424,25.04533675690209,25.42665190084699
ISR,Female,IschStroke,diet,654.224649391505,0.0,40.86341034813381,0.0,0.45196582980918265,1.0489648903843545,1.8834388485338422,3.034664672623876,4.545353323754853,6.39947236572425,8.522338999297745,10.806081846553525,13.142442286433152,15.444709056964939,17.65456500759774,19.73918188813309,21.68480449395861,23.490432624116238,25.1628791983635,26.713298197572385,28.1548775401111,29.501349988184757,30.76604688622706,31.961304329101495,33.09809850392776,34.185832838538545,35.232228666872516,36.243288802282905,37.22331399909217,38.17495870285006,39.099316541272174,39.996028715089324,40.86341034813381
ISR,Female,IschStroke,combo,1199.0330401556666,4.74882567358452,65.77407037776402,4.74882567358452,12.601891766986569,13.269673199905242,14.345417895624678,15.875449292797612,17.857814366532693,20.24698339477527,22.94640770965134,25.830618287637208,28.776794400389917,31.686390277971668,34.49199299704674,37.15441246041769,39.65610549435405,41.994534885924395,44.17679482098151,46.21566128716859,48.12681630370071,49.92693529715143,51.632382364102114,53.25833040918337,54.818181706361656,56.32320510104614,57.78233251214829,59.202074282029116,60.58652393651937,61.937430475650444,63.254321831759626,64.53466734650056,65.77407037776402
NGA,Male,IschStroke,glp1,7608.354208419405,61.73606827428739,379.15407453008083,61.73606827428739,157.0253424434377,158.85820302347565,161.29968600128996,164.8507525037603,169.43367107150334,174.96945887677066,181.38250812746628,188.59817208022287,196.54178924677763,205.13824660200407,214.31161529016026,223.9847105827539,234.07857980697008,244.5119815785656,255.2009318599521,266.05838290655083,276.99408403405687,287.9146552107122,298.7238885920524,309.32327999743575,319.6127817253073,329.49175942529837,338.86012839999603,347.6196382770868,355.6752692815862,362.93669839125505,369.3197896913407,374.7480605872479,379.15407453008083
NGA,Male,IschStroke,diet,2517.882299083107,0.0,175.91021314814134,0.0,1.094725458220637,2.704792992095463,5.065558469763346,8.406358328338683,12.876919811616972,18.480629432066053,25.066587151806743,32.38886506053677,40.18757385967183,48.244881365288165,56.40399582190366,64.56358789708247,72.66301211594691,80.66744671738707,88.55632209694886,96.31540050011245,103.93180611900607,111.39115004344058,118.67604679409851,125.76552124013688,132.63497303368058,139.25648601802095,145.59934987245651,151.63071180808038,157.31630696722277,162.6212342069848,167.510753851966,171.9510889010853,175.91021314814134
NGA,Male,IschStroke,combo,10105.532147830352,61.73606827428739,553.766261815028,61.73606827428739,158.10868905594907,161.53448256065894,166.31235275970903,173.17042458030846,182.17950732522513,193.26444605589495,206.2007740545996,220.67081901360507,236.3428838575892,252.92625531533122,270.18968124621097,287.9554731933422,306.0844168610711,324.4605735707228,342.9793874018651,361.5395287347492,380.03783419753745,398.3665303580419,416.41206199222506,434.05503176176717,451.17091362280917,467.63131243310636,483.30561375030084,498.0629113764662,511.77412501725485,524.314233335419,535.5645535305666,545.4150007787102,553.766261815028
NGA,Female,IschStroke,glp1,7923.555157348412,59.71436851422186,415.1592048550374,59.71436851422186,150.38334866927835,150.0470274178333,152.1062095624984,156.33574636082994,162.26725672211614,169.57400510234584,178.006638087154,187.36252336309553,197.47133249031322,208.18734790317467,219.38480003896257,230.95465024054283,242.80205722003302,254.8441303847576,267.00776253113145,279.2274479131738,291.4430676770935,303.59767795705557,315.63537225007894,327.4993112453303,339.13002125858475,350.4640580354171,361.43311760765937,371.96365235831763,381.97702114823915,391.39017022860935,400.11680964047264,408.0690205650535,415.1592048550374
NGA,Female,IschStroke,diet,2863.4936579936766,0.0,206.93477827349852,0.0,1.1237217475390935,2.749562380333373,5.163494705346238,8.644446204860287,13.391394815807871,19.445408384617622,26.67029983991233,34.8099854013999,43.577127169315645,52.719404197108815,62.04613925435842,71.42671589323436,80.77728240357101,90.04612158148666,99.20179712338722,108.22474953973142,117.10173098355881,125.82223364811216,134.37620498768956,142.7525557990739,150.93815142347012,158.91711003514501,166.67032007791568,174.17514225418563,181.40529015152424,188.33089548722637,194.91876488510752,201.13282934515883,206.93477827349852
NGA,Female,IschStroke,combo,10765.035250602337,59.71436851422186,620.6712464004522,59.71436851422186,151.49539017654024,152.76795031851725,157.21678113604867,164.89304445215748,175.5258006023032,188.82963370109064,204.4210828472569,221.84456989632235,240.6456080312928,260.4287027364844,280.87911668025845,301.75817510132765,322.8876439304877,344.1330486322913,365.3897994787112,386.5727024449661,407.6082392157987,428.42881869662233,448.96837428306753,469.15891225390806,488.9278063791062,508.1957615026695,526.8754408751847,544.8707812720968,562.0770190568292,578.3814300368686,593.6647548946858,607.8032470547696,620.6712464004522
EGY,Male,IschStroke,glp1,13118.70882854169,144.04975643622674,537.933972664563,144.04975643622674,377.77229282092594,335.5125907398251,338.77122316902387,340.6426375775736,347.6254644148976,355.78803293199235,365.23033737451624,375.3200894895199,385.8769315389436,396.71857955171436,407.7466708905995,418.88613418698515,430.0788652172123,441.26766964472336,452.38853657025174,463.3648460130353,474.1046914930339,484.50030243238143,494.42928263844806,503.75722244932695,512.3413404541716,520.0348223859983,526.6915551488564,532.1709759792502,536.3427830263245,539.0912838867007,540.3191946198058,539.9507427948629,537.933972664563
EGY,Male,IschStroke,diet,8726.067852742268,0.0,510.71875904797344,0.0,9.584054670031037,18.603192609010875,32.06718442394049,50.531561994161166,74.33651169011864,102.51460206018601,133.26758967572096,164.61998300943378,195.04292439860728,223.66149926916842,250.1542631866905,274.5497028379832,297.04985864445916,317.9149455941515,337.39962598994316,355.72252801621653,373.0544286651566,389.5160347643614,405.1803990022745,420.07746923151717,434.199590886441,447.5074322872824,459.9360927352609,471.4012638168206,481.80534279192943,491.0433936455229,499.0088410845856,505.59877671331924,510.71875904797344
EGY,Male,IschStroke,combo,21740.93803679896,144.04975643622674,1043.4167326920942,144.04975643622674,387.16161157590614,353.7988598328375,370.29439423796794,390.344398235422,420.77377227819306,456.7126203075459,496.49391747119444,537.539631917105,578.1579384756042,617.2976875638778,654.5375029926217,689.8257237210782,723.3003255390722,755.1588637138921,785.5875724299403,814.7252157049224,842.6485172824687,869.3692102847344,894.837516732252,918.9491376714795,941.5542390064584,962.4675731509778,981.4791946321711,998.3653597014272,1012.8992547995877,1024.861225869572,1034.0482063036761,1040.2820762386546,1043.4167326920942
EGY,Female,IschStroke,glp1,9375.35154694195,133.67146690747177,394.2116871973558,133.67146690747177,311.36037693088656,246.32855481607476,244.08465605140736,238.73774233078802,240.46638819255895,244.0409836420149,249.5487212766784,256.16122529061977,263.60085796431304,271.62101492026704,280.0712801738373,288.83712302539425,297.82757157954256,306.9602818269959,316.1536267341653,325.32148306610543,334.37058703855655,343.19968191723456,351.700074463748,359.75725730264094,367.2533213716306,374.06990810446587,380.09146941176004,385.2086189239126,389.3213770812217,392.3421375991966,394.1982137290979,394.8338580720083,394.2116871973558
EGY,Female,IschStroke,diet,6719.875285892009,0.0,402.1207998999598,0.0,10.472365592144342,17.400097288409597,28.25994755276406,42.679108884214656,60.82835764382253,81.82282245160604,104.30110286493436,126.90422132290041,148.68427938435343,169.17629925103392,188.27634722780203,206.08240244884655,222.775239037579,238.54832300921407,253.57301898535297,267.98435662070915,281.87736954800494,295.3083661867786,308.29829679645627,320.83693028773996,332.88732384957984,344.3904085013128,355.2696365355587,365.43565960618434,374.790989938243,383.2345718738288,390.66617042153666,396.990472881138,402.1207998999598
EGY,Female,IschStroke,combo,16017.367657025414,133.67146690747177,792.2805659968435,133.67146690747177,321.6199572493133,263.46364127206834,271.89585263453773,280.7601655524122,300.3795094265879,324.66573321665055,352.3645998748798,381.3071717571074,410.2770859021148,438.5650058788524,465.91463779494006,492.30582492239046,517.824566894069,542.578715184638,566.6555320082152,590.102266144233,612.9197614414152,635.0627518542278,656.4436570358521,676.9382618658128,696.3924906997854,714.6298492096685,731.4592471090436,746.6829533929485,760.1044389322051,771.5358612174532,780.8049564897592,787.7611291599169,792.2805659968435
BGD,Male,IschStroke,glp1,4452.250363411047,36.653913894337165,197.62591228255042,36.653913894337165,97.23615455392064,99.47488516915837,102.34360630665105,105.97300008167076,110.15436604040588,114.69837121509408,119.44870823792371,124.28431315642956,129.1167165352017,133.885333182021,138.55219046542334,143.09672238158964,147.51090515185933,151.7948880299664,155.95321484482702,159.99168465461116,163.9148572676786,167.72417571589176,171.41665596256644,174.98408358397137,178.41265497988206,181.6830032745347,184.77055333567114,187.64615412306011,190.2769388115994,192.62736367157777,194.6603760184662,196.33866048250638,197.62591228255042
BGD,Male,IschStroke,diet,25197.66563454073,0.0,1582.0198185419722,0.0,14.123468495392444,34.42904080194057,64.05765389085718,105.84480027095196,161.3618352737576,230.0549237302912,309.24274423102906,395.05474100523134,483.6187331627043,571.8316984474295,657.5813013865845,739.6281501614285,817.3758851053499,890.652695959121,959.5438696286292,1024.275323985028,1085.1362897073777,1142.4290883602807,1196.4369229529038,1247.4035974499348,1295.5213108728785,1340.9241376861755,1383.6857093021317,1423.8201436571544,1461.2855705331967,1495.9897612549757,1527.797450226928,1556.5389684590918,1582.0198185419722
BGD,Male,IschStroke,combo,29538.086611432504,36.653913894337165,1773.3367791132114,36.653913894337165,111.27366533540044,133.69610016297156,166.0230081110094,211.20539776328224,270.600218927073,343.4720166403022,427.0027829115206,517.2255105272307,610.2016830638349,702.783299590461,792.8287346904253,879.0813024894305,960.9363731216654,1038.2200837959972,1111.0191910484646,1179.5621424672572,1244.1396554511011,1305.0528245389069,1362.5796947499111,1416.9542026713389,1468.353596380708,1516.891902704534,1562.6179109032892,1605.5166737998225,1645.5138280997708,1682.482195965771,1716.25020748526,1746.6117150282153,1773.3367791132114
BGD,Female,IschStroke,glp1,4709.455399010036,55.3812095987123,223.123359831603,55.3812095987123,116.8518509652713,103.51949774947934,102.2474553957145,105.30282270899988,109.27405597264442,113.7971618860829,118.54327760612068,123.44593836915737,128.44594937804504,133.51330276469525,138.6278523523506,143.77889743244305,148.96141164791334,154.17349313800514,159.4137459105914,164.67898371526098,169.96221637186682,175.25097812573222,180.5260350104072,185.7605174601631,190.91951770309242,195.960177131994,200.83226590281265,205.47922943938465,209.83964814826322,213.84903120965464,217.44184570310608,220.55367038046825,223.123359831603
BGD,Female,IschStroke,diet,32850.841896435915,0.0,2116.108697431053,0.0,26.13587056221877,56.18162218958969,98.38939361490702,156.43844933640503,232.1138648738197,323.84855216799406,427.2680031059208,536.8080506303668,647.451984017287,755.6413054337318,859.3521047818504,957.7496708133476,1050.7686304570452,1138.772826435801,1222.3235321901884,1302.035826188985,1378.4946960144807,1452.2080348731615,1523.5813444833038,1592.905042752369,1660.34933774823,1725.9640969160464,1789.682522494877,1851.328135662363,1910.624843496349,1967.209892542065,2020.649417313929,2070.456147908233,2116.108697431053
BGD,Female,IschStroke,combo,37435.761852133,55.3812095987123,2332.083591153678,55.3812095987123,142.82865439142552,159.39247998176506,200.11532949727916,260.93635977044323,340.22229974133734,436.05907126552484,543.7713146127644,657.7585007230082,772.9674682183177,885.8222631764438,994.2827594198025,1097.5019977521297,1195.4053160146432,1288.3495183903651,1376.8895068902857,1461.6328626182658,1543.1541341938719,1621.9462014158053,1698.3936472678179,1772.7591252327547,1845.177742837448,1915.656923865965,1984.0805653462012,2050.2169674270044,2113.730257192641,2174.195032224816,2231.113835356977,2283.9369165555036,2332.083591153678
USA,Male,IschStroke,glp1,27450.858228943325,236.35543345104816,1065.5016280927812,236.35543345104816,612.8890489679179,643.327324975573,674.1240944930832,706.5426748598329,739.7414399528498,772.9825247797853,805.6508019308385,837.2409382328187,867.3473504038193,895.6552004655678,921.9317488664383,946.0179845782841,967.8205227573926,987.3037013564172,1004.4817741573497,1019.4111173922574,1032.182422115773,1042.912909336097,1051.7386613670678,1058.8072021040716,1064.2704791548022,1068.2784040764527,1070.973096956397,1072.4839618205006,1072.9236928614555,1072.385280574148,1070.9400533585867,1068.6367555039178,1065.5016280927812
USA,Male,IschStroke,diet,27451.52246598465,0.0,1649.4208889727015,0.0,12.945225647410552,32.92226856172783,63.0510201244324,106.42045678868453,165.0437000351085,238.87084258844698,325.58977492293343,421.38609205168905,522.0790697391785,623.97574332972,724.2327551700728,820.8619431864936,912.5790392626659,998.6242997032386,1078.6094169747812,1152.40280512748,1220.0484693319886,1281.7096347988554,1337.6291800465115,1388.1010161933227,1433.4485195352754,1474.0076064173045,1510.1130471848883,1542.0872565644531,1570.2311805111676,1594.8171105341462,1616.0833571015683,1634.230745578403,1649.4208889727015
USA,Male,IschStroke,combo,54471.66005587607,236.35543345104816,2690.4429596752743,236.35543345104816,625.6062823123139,675.6549991496795,736.037763201406,811.0549874193166,901.8480838348842,1007.6379555486637,1125.5465292382942,1251.3279419258179,1380.4727960738019,1509.0379044464062,1633.9938754821778,1753.2233549582743,1865.3652972919226,1969.6315775123512,2065.6492403804587,2153.3402531890315,2232.8341011244775,2304.4046470494504,2368.4235696023534,2425.324778390277,2475.5761470872385,2519.656358816588,2558.0356352519157,2591.159728895407,2619.4369067514053,2643.227829670446,2662.838296819871,2678.514821325516,2690.4429596752743
USA,Female,IschStroke,glp1,33747.20778959265,373.2287199721468,1286.83065198244,373.2287199721468,899.9746351503272,880.8669143340085,884.6806055289926,903.1505687407771,929.796209807042,960.782898849473,993.7234764077584,1027.0599330584228,1059.7411311280594,1091.0449634209217,1120.4749996287574,1147.6977014816948,1172.5026305129431,1194.7759394939058,1214.4815252957342,1231.6465179058869,1246.3491567135789,1258.7079619092256,1268.87164762491,1277.0095572111604,1283.3025995527278,1287.934774487585,1291.0854262022185,1292.9223767824005,1293.5960816681763,1293.2349235111615,1291.9417266174569,1289.7915346127556,1286.83065198244
USA,Female,IschStroke,diet,39343.86471743787,0.0,2303.5730454201694,0.0,23.23301130910113,56.29793342539051,104.28019341790059,171.86953479259682,261.82389460576815,373.5539374343498,502.9982303982397,643.9862904626934,790.0852365448081,935.8850365574908,1077.4516377252003,1212.225364322192,1338.7083115614078,1456.1449810276972,1564.2713302884367,1663.139944606286,1753.0054324210796,1834.251034103465,1907.3411801119219,1972.7895074551197,2031.1357570843247,2082.927724203153,2128.706210429169,2168.9920078237483,2204.274563754763,2235.0023008245043,2261.5747104645416,2284.3363748623524,2303.5730454201694
USA,Female,IschStroke,combo,72527.82193446641,373.2287199721468,3559.880573809656,373.2287199721468,922.7984648894053,936.163719700533,987.1266297098773,1072.034795431362,1187.1294193349167,1328.0129743109865,1488.3231368571433,1660.448572291527,1837.0184439993754,2011.9880866856256,2180.983544210918,2341.1418519912113,2490.766267315543,2628.9872531309666,2755.497653547398,2870.366570670187,2973.9145753926714,3066.6306073225132,3149.115080843796,3222.0387014040316,3286.110520370712,3342.0515579204366,3390.5721164332645,3432.3519814970496,3468.023305698138,3498.1562654789595,3523.2476896449225,3543.712854601137,3559.880573809656
JPN,Male,IschStroke,glp1,8093.584090535951,96.67963332583167,275.0009128116799,96.67963332583167,246.32420754373015,250.75794347824558,255.27524119860755,260.1977667348983,265.0694009928193,269.56311449994973,273.47539582831814,276.7033089187171,279.2227331208196,281.06815326695505,282.3140702955425,283.0583919332712,283.4082723527754,283.4687637919633,283.33442054429906,283.08375525232987,282.7762507118241,282.4515027824091,282.13001231997623,281.8151442376984,281.4958132365937,281.1495221068253,280.7454561166378,280.2474156127937,279.6164415908788,278.8130515039884,277.79905301371036,276.53894141186174,275.0009128116799
JPN,Male,IschStroke,diet,22897.10274913215,0.0,1223.2044264485885,0.0,18.19282406199636,44.92393936547887,83.19689675643895,135.46753691232152,202.40276079547039,282.03436652439996,370.06878865776525,461.23718779929186,550.7595207005143,635.1775150146641,712.4871685470498,781.874189877868,843.3415611837845,897.3790966254601,944.719234443066,986.1743587207457,1022.536665428117,1054.5217500224317,1082.7412875289665,1107.6944349164041,1129.7708670107822,1149.260653326899,1166.3677407355353,1181.2248660756886,1193.9084574809895,1204.4526051388748,1212.8615595818846,1219.1204894506736,1223.2044264485885
JPN,Male,IschStroke,combo,30845.534445672347,96.67963332583167,1491.0382916601739,96.67963332583167,264.37938986210065,295.3357033416978,337.83571775555174,394.6407453026113,465.9602090133558,549.5179566679726,640.8526592896669,734.6334572428241,826.0908077994463,911.8235180234551,989.9126633316046,1059.6433559102516,1121.1215874921472,1174.9352400948774,1221.9033946720592,1262.9092644100165,1298.797687036822,1330.318118614261,1358.0981555078324,1382.636824698522,1404.3101723251602,1423.3840205866363,1440.0303838052496,1454.3451628943076,1466.3655387086255,1476.086065279429,1483.472889213037,1488.4758318068198,1491.0382916601739
JPN,Female,IschStroke,glp1,7041.12939702069,104.62484233987198,234.9651754496881,104.62484233987198,247.36332122138265,235.66944441096712,230.48487931156706,229.35992843451095,230.40548365983705,232.5199290332239,235.04121410446533,237.5630121344875,239.8386302512372,241.72807240709517,243.1662789429247,244.14182562446513,244.68100762204267,244.83505018637516,244.66954199814063,244.25578087219765,243.66392999442905,242.95791051385459,242.19191317633522,241.40835434389737,240.63705631710036,239.89540756933275,239.18925563798257,238.514300183233,237.85778087284416,237.20028905924846,236.5175691984914,235.78221214946097,234.9651754496881
JPN,Female,IschStroke,diet,22239.672742079645,0.0,1121.359285624094,0.0,22.78592432723235,53.695550982003624,96.21552050483297,152.9742196943189,224.47477117143717,308.28019352622505,399.4868671720542,492.3009379080395,581.6499030782215,664.027390063442,737.5524840751896,801.6198628234342,856.4681815691583,902.8210610847091,941.6349857420573,973.9383648171715,1000.7353039394948,1022.9515495605156,1041.4068422843993,1056.8035797543198,1069.7255569251065,1080.6429510491216,1089.921136050456,1097.8317346039548,1104.5648041381282,1110.2413600232248,1114.925651525431,1118.6367680618714,1121.359285624094
JPN,Female,IschStroke,combo,29144.178396434494,104.62484233987198,1349.9312074755944,104.62484233987198,269.97685371192347,288.9552411998375,325.9758862881863,381.19933052617125,453.23947436323215,538.5802926810793,631.6958893652773,726.4297101494012,817.4976850821404,901.2746437220194,975.8227703753146,1040.5241684589273,1095.637215601666,1141.927702361012,1180.4080447579036,1212.1687577500416,1238.2759151135833,1259.7121983551551,1277.3457927474155,1291.9169405986613,1304.0357480357125,1314.1871957239637,1322.740706495446,1329.9624546041086,1336.0291126192606,1341.0420711019106,1345.0414141062065,1348.0191307234709,1349.9312074755944
GBR,Male,IschStroke,glp1,5241.695479661223,55.82953981779974,200.07782074157512,55.82953981779974,142.48674608768852,144.4389061618731,146.80701774034424,149.80514178290287,153.1631730556528,156.6696976557796,160.17906980837506,163.60220778660005,166.89341929800503,170.03641411735225,173.03181816690085,175.8874458817936,178.61166454815066,181.20957459767305,183.6814225795606,186.02257758628002,188.2244504571645,190.2758498229905,192.1644042973603,193.87780907766864,195.40476452020448,196.73555909465722,197.86230966185394,198.77891097269458,199.48076744015088,199.96438757908072,200.22691877894795,200.26569054414176,200.07782074157512
GBR,Male,IschStroke,diet,4734.394868851527,0.0,271.2763102714507,0.0,3.303339844547736,8.102062065847349,14.999811294363099,24.52745347929158,36.89990561923878,51.83376176382808,68.5842474672263,86.19494734132968,103.78331258663638,120.70773190432556,136.59510966534617,151.28781047248413,164.76940570772967,177.10071228467132,188.37519688644534,198.6920982226875,208.14247318361413,216.8035302563403,224.7377392590679,231.9943544128837,238.61188336571104,244.620659885446,250.0450878662832,254.9053808852659,259.21877434313683,263.00027162839797,266.2630258840654,269.01847100386476,271.2763102714507
GBR,Male,IschStroke,combo,9909.960983230827,55.82953981779974,467.81039632647116,55.82953981779974,145.73506076895137,152.40414338530718,161.55602401146643,173.92755231746196,189.46138025541222,207.66912257982403,227.67411815699052,248.44719973881547,269.0741029247165,288.9060535482786,307.5748840352553,324.93155425723126,340.9667447356169,355.7442225086652,369.3553764171793,381.89268914797503,393.43684964832755,404.0524612023328,413.7885300478647,422.6811699271075,430.7569444580131,438.03596756961633,444.53434593844395,450.2658392506455,455.2427863099347,459.4764361199814,462.97686046693525,465.75262735820615,467.81039632647116
GBR,Female,IschStroke,glp1,6341.404578540027,80.07727575606987,243.3228279963223,80.07727575606987,196.163505430457,188.45346072082248,185.47729370659,185.54926461077412,187.32714388616296,190.01929547153122,193.14941578267826,196.4362161471945,199.72454626699982,202.9399413522042,206.05647987971315,209.07403036078176,212.00284534379898,214.85395546947257,217.6339696606301,220.34302051814666,222.97477128517494,225.5176095247225,227.95636641063174,230.27409823561902,232.4536361958235,234.4787468207105,236.33484858209704,238.00930310351396,239.4913462809127,240.77175028715646,241.8423165686945,242.6952968846199,243.3228279963223
GBR,Female,IschStroke,diet,6770.129407936594,0.0,370.94354798767745,0.0,6.503872648387187,15.123134399262199,26.91616009380232,42.705058377545356,62.70621431381369,86.27801782002643,112.05003288036824,138.3915840082882,163.89725334228206,187.63726659164604,209.1631921194603,228.3871714170673,245.43975584716463,260.55616110361007,274.0013441092269,286.0275061727407,296.8539628058352,306.6607328648752,315.5897083645468,323.74945702586047,331.22128758794133,338.0652498800555,344.3253975993248,350.03404133011645,355.2149547605113,359.88562875055504,364.0587341898936,367.74297954470967,370.94354798767745
GBR,Female,IschStroke,combo,13025.757958311686,80.07727575606987,609.9251793217627,80.07727575606987,202.55904025369819,203.32613438500994,211.95763574983357,227.5772124492687,249.05813920816945,274.9808141975991,303.52287547605374,332.79858823456743,361.26745746871165,387.93600241652894,412.3324383598374,434.36604352138966,454.1723517977007,471.9917174774855,488.09026006426575,502.7157721139265,516.0776922294353,528.3417997053039,539.6329419066351,550.0414443264344,559.6305692938404,568.4435493706733,576.5094707821954,583.8477498866923,590.4712259944208,596.388050728412,601.6026298427678,606.1158959929962,609.9251793217627
DEU,Male,IschStroke,glp1,9388.844787775652,99.08759992592604,339.2577778005543,99.08759992592604,255.7343922231994,265.66926813684404,273.12182562559246,279.32934166052655,284.6777488834996,289.52562555719487,294.1627180058531,298.78641783802595,303.5018374193496,308.335246981158,313.25306702344824,318.1814839368526,323.0240204807851,327.6759094722838,332.03501686975505,336.00952935796886,339.5228280386473,342.5160325196084,344.948692283564,346.7980653207924,348.05737725611107,348.7334055526553,348.8436852436207,348.4135853848784,347.4734590586704,346.0560246145178,344.19409262173576,341.9187126820325,339.2577778005543
DEU,Male,IschStroke,diet,9113.731941646281,0.0,515.926930087553,0.0,5.94960565762085,14.86201802791038,27.735110769634048,45.37906058011504,68.06021050566414,95.2665056962287,125.8127029070638,158.2329954469933,191.1837654150113,223.65404307953577,254.98285111906807,284.77996865718524,312.83132000636033,339.0253354171182,363.30649889761844,385.65030038670375,406.0517783018513,424.5213930388636,441.0841170471467,455.77937127396217,468.66062502325076,479.79420823162945,489.25730088529235,497.1352765370939,503.5186640186366,508.5000046126843,512.1708536633232,514.6191263551627,515.926930087553
DEU,Male,IschStroke,combo,18373.253638543105,99.08759992592604,848.3097200341399,99.08759992592604,261.5900963823624,280.29041746962685,300.4079799781248,323.9786212935287,351.6521642402622,383.28525245155106,418.0028642961588,454.56071583455923,491.7415827313598,528.576070718027,564.379000805573,598.6913049457835,631.2046281497605,661.7032811934587,690.0294500573873,716.0662194248471,739.731159503539,760.9748064488485,779.7804638556627,796.163429728018,810.1688745015745,821.8682679210506,831.3546144600732,838.736919494022,844.1343486057995,847.6705108176538,849.4682259015099,849.6450473729165,848.3097200341399
DEU,Female,IschStroke,glp1,10539.330331596339,122.92546495655915,383.418988036683,122.92546495655915,313.1225140001916,318.23970375956924,322.1783524059647,325.5704248166512,328.3782842030341,330.8059088998416,333.1408611345287,335.6452250025941,338.50310767259725,341.80648075638965,345.5629748567517,349.71382053902926,354.15454196812425,358.7543544567998,363.3724193661292,367.8704047367537,372.12147784215995,376.0161587315997,379.4655614337753,382.40254717194694,384.7812704038661,386.57554273506685,387.77638382891746,388.3890759421265,388.4299897288183,387.9234026446975,386.8984870178683,385.3866025473035,383.418988036683
DEU,Female,IschStroke,diet,11734.519476926795,0.0,644.1369894032359,0.0,9.93550731776486,23.921475915434712,43.499815496506926,69.74769529570767,102.75972397660735,141.37435275501048,183.4736075531,226.70602880500883,269.14019420292607,309.5375200987073,347.29130092990454,382.22529915471387,414.39572153268455,443.9519022162676,471.05737751704146,495.8545569364869,518.4553854523438,538.9450637884256,557.390776637847,573.8509882935941,588.3831716160639,601.0491855012151,611.91824880282,621.0678213540632,628.5828528169368,634.553892175165,639.0745197879623,642.2385015932487,644.1369894032359
DEU,Female,IschStroke,combo,22116.897670886894,122.92546495655915,1019.5340991981393,122.92546495655915,322.90121108903986,341.7773068277638,364.9861071671439,394.222020053563,429.5438790691078,470.01573863628437,513.8424840602129,558.9714719678232,603.6834348850352,646.8477453009109,687.8712083615574,726.5184102507083,762.7377384725114,796.5436109181028,827.9548831800203,856.9724575898908,883.5789426332703,907.7480753843884,929.4565049655648,948.6940787988642,965.470999700734,979.8214963026003,991.8043174284612,1001.5006681309787,1009.0103058873137,1014.4465022485747,1017.9305016118669,1019.5860058099024,1019.5340991981393
GLB,Male,IschStroke,glp1,539565.8916239294,4374.660307069542,22840.32289803587,4374.660307069542,11636.988981590373,12240.153874251992,12808.737017359817,13382.085760690738,13956.70283472538,14528.64727407461,15094.329635346774,15650.634958073962,16195.010696364567,16725.476493872702,17240.560311169364,17739.189244920854,18220.565016855486,18684.046055619605,19129.048070615157,19554.96677122079,19961.121128033847,20346.713151704986,20710.79984823102,21052.27394869039,21369.851471128874,21662.065618134104,21927.267619230784,22163.635743408464,22369.193817118183,22541.840258038603,22679.387994608376,22779.614823744167,22840.32289803587
GLB,Male,IschStroke,diet,2237534.96106836,0.0,137171.22903612163,0.0,1224.046957926359,3038.3819502019323,5697.000925529981,9438.722922658082,14398.597030778416,20531.63614098588,27609.579347976018,35297.74632290937,43255.48928788444,51204.03541308548,58948.396022954024,66369.286060757,73404.02194856526,80027.53495946014,86237.56204859074,92044.39779827092,97464.29911444383,102515.45571452286,107215.63721324364,111580.88638198562,115624.8447920098,119358.45334169827,122789.87486456847,125924.55280162534,128765.36061259592,131312.81991251232,133565.37731869798,135519.73482580017,137171.22903612163
GLB,Male,IschStroke,combo,2760663.404161671,4374.660307069542,159109.1956811766,4374.660307069542,12849.532794142142,15249.612251778832,18452.098043186124,22733.16650835704,28223.51813115622,34875.15739300335,42458.841273230035,50640.19177672919,59079.2252099975,67497.59483886836,75700.31207856024,83567.7187539395,91036.50368773285,98080.81338555785,104697.49833321199,110895.88642703788,116691.1883777082,122100.45839360077,127140.22726347297,131825.18105573812,136167.47401959682,140176.42017881013,143858.4127670969,147216.98738235654,150252.98516559275,152964.79511193605,155348.6659048223,157399.0816662046,159109.1956811766
GLB,Female,IschStroke,glp1,494592.5504210887,4610.929508831352,21253.58930888446,4610.929508831352,11939.573652126128,12041.566395238042,12249.477306880755,12546.508574520238,12900.46110597509,13292.298940831795,13709.518185452558,14143.035375366453,14585.868549225852,15032.53016647743,15478.686996452045,15920.920190163888,16356.530793437734,16783.375997734256,17199.732372481376,17604.183218916412,17995.525905890856,18372.694350392558,18734.692234894726,19080.533825398423,19409.190882582217,19719.545716911554,20010.351640819572,20280.202775694896,20527.515353963245,20750.522375016473,20947.282835127786,21115.70588540053,21253.58930888446
GLB,Female,IschStroke,diet,2351992.683064821,0.0,143392.09223397588,0.0,1572.4212572353426,3756.94904578547,6856.67386171408,11134.106103318045,16713.58902093093,23502.486179284286,31202.970831539016,39415.42842264706,47759.582178520504,55947.374908756465,63797.92212440958,71218.7853643056,78178.00760032423,84679.65645908518,90746.45626295824,96408.86409905786,101698.79618369043,106646.33254221501,111278.17992006382,115617.10008092178,119681.82548508886,123487.19269061275,127044.35353117436,130361.00125676906,133441.5924185426,136287.56797619676,138897.58695637388,141267.7880693241,143392.09223397588
GLB,Female,IschStroke,combo,2830713.798279311,4610.929508831352,163785.78020316083,4610.929508831352,13497.217869808897,15763.387837701244,19043.474058286753,23581.017592953518,29467.54837165377,36592.89129702607,44649.976533846,53233.97249417566,61960.9192917631,70539.4251891016,78785.29729397455,86602.88224323746,93957.24614165863,100849.81216368033,107301.01749743661,113339.36376233865,118995.08985434705,124296.81122786738,129269.91461841762,133935.92005499965,138312.33476928808,142412.73130898876,146246.91185448505,149821.09795209346,153138.12837927323,156197.67018842278,158996.4572032434,161528.57151724957,163785.78020316083
CHN,Male,CKD,glp1,9569.814822697488,0.0,519.6759508387768,0.0,21.438049948454136,48.09657793465885,74.94388372587855,101.72526201538858,128.3384694035194,154.69568777528184,180.7070265825605,206.27660738539998,231.30491024596267,255.69337758256006,279.3486841417762,302.18550524690363,324.1276413122687,345.10790670040296,365.0673591940431,383.95437684190983,401.72391252838133,418.33706617570715,433.7609625898622,447.9688298527035,460.94013759310474,472.66066366803716,483.12239493828383,492.32321692915866,500.2663955823082,506.95989362600085,512.4155900052137,516.6484823329811,519.6759508387768
CHN,Male,CKD,diet,14768.26028225862,0.0,937.5464340216276,0.0,5.904533783774241,15.210207558149705,29.37217916440568,49.86983789042279,77.74275568545272,113.14014745685563,155.20537142454123,202.38038019574014,252.8863759371161,305.0966110997979,357.70448749170464,409.73894608595583,460.5093562544498,509.5347341110464,556.4816975263966,601.1177561791992,643.2789689658093,682.8487596662162,719.7446030046121,753.9098892292386,785.3089684052975,813.9239826178527,839.7525775791873,862.805951863149,883.1069690361182,900.6882421673945,915.5902167807071,927.8593410764006,937.5464340216276
CHN,Male,CKD,combo,24228.193545836315,0.0,1450.8225387912826,0.0,27.295538198930444,63.171683051623404,104.05054701880726,151.1457902158436,205.38796191518486,266.83987502538366,334.5649779397645,406.92464616757934,482.0567597422778,558.2499728175462,634.1148932873621,708.6023822214775,780.9502544891002,850.6131342361332,917.2002532934275,980.4282597199635,1040.0884232331155,1096.0252072512958,1148.1229434416746,1196.2978394458041,1240.49319982421,1280.6763497217034,1316.8362660809944,1348.981333386284,1377.1369539016887,1401.3429643890559,1421.6509529946052,1438.121644034196,1450.8225387912826
CHN,Female,CKD,glp1,9983.166488887728,0.0,565.35148372408,0.0,20.57217831433809,46.30205927747011,72.40824464058096,98.6623517471453,124.9884493919817,151.326400095626,177.60972805706842,203.7573757465143,229.67400802735938,255.2546481955651,280.3904044755618,304.9734026041551,328.90019291100907,352.0736515599274,374.40376358757203,395.8077636935777,416.2100359292526,435.54203117461293,453.74231602813234,470.75675347245124,486.5387469704583,501.04945345684246,514.2578773268469,526.1407846761431,536.6824130749155,545.8739878187189,553.7130846657674,560.2028982440534,565.35148372408
CHN,Female,CKD,diet,15464.190744674415,0.0,1019.2724017807632,0.0,5.66605274991889,14.636793358702562,28.338904494798044,48.24405278498307,75.43259335146286,110.15957778350275,151.72747250851535,198.75326734108967,249.60861331342312,302.76835664219107,356.973912306843,411.2563759320328,464.89358810875274,517.3510761274229,568.2293000968348,617.2235100491234,664.0956771825877,708.6559156597505,750.75069031163,790.25557384282,827.070867881077,861.1188830702595,892.3420583672705,920.701398139412,946.1749319249211,968.7560677673173,988.4518252287817,1005.2810065682279,1019.2724017807632
CHN,Female,CKD,combo,25338.08396166537,0.0,1578.1578139106423,0.0,26.193085675433394,60.80924528563628,100.49245245088241,146.47536280173517,199.7556530116708,260.5290971927898,328.04057788960927,400.8400249119004,477.2188035225263,555.5599757793971,634.5062533055461,712.9881081768835,790.1848177362845,865.4679515333119,938.3499370476638,1008.4444496611541,1075.4385093251185,1139.073990975492,1199.1359873102192,1255.445811174155,1307.8569003664015,1356.25233693287,1400.543080386371,1440.6663367485453,1476.5837453775748,1508.279265780904,1535.7567900087306,1559.037597385919,1578.1578139106423
IND,Male,CKD,glp1,4129.172756050022,0.0,239.8244843125285,0.0,8.813797764203628,19.85628487822396,31.034453235391993,42.20449237592402,53.29105075239204,64.23799266757851,75.00383518984017,85.55845718887576,95.88043155276682,105.95491663590656,115.77197680472455,125.32519763153687,134.6104888781847,143.6250064688793,152.36616118407983,160.83071038212802,169.0139473035524,176.9090109161334,184.50633990581264,191.79328996226832,198.75392640641076,205.36899633939902,211.61607705513597,217.4698910246516,222.90277248340135,227.88526641884528,232.38683739045518,236.376662940791,239.8244843125285
IND,Male,CKD,diet,5055.54705500017,0.0,340.8664379426482,0.0,1.9121097616225597,4.947267456460395,9.589411335691693,16.327954702122952,25.501178291320684,37.146722598496126,50.96792283744435,66.44245691745891,82.98786886435119,100.08672635175753,117.33981074785697,134.4668404111435,151.28384008798457,167.6761343616963,183.57511623475875,198.9407528876909,213.74927593607572,227.98485670755326,241.6341411554895,254.68278245678812,267.11336507795204,278.9043098117254,290.02948471748095,300.45833566741203,310.15640642393555,319.0861528359237,327.2079765603412,334.481415858987,340.8664379426482
IND,Male,CKD,combo,9162.696711044468,0.0,579.3549669278582,0.0,10.716371659334982,24.776157762215007,40.570095728500746,58.441709985549096,78.65278740423673,101.18537286313949,125.70352117475704,151.6579169122706,178.44781434776087,205.54348971768923,232.5375732241664,259.1444729368668,285.17672568091075,310.5170868300629,335.09444342982897,358.8655062591715,381.80175071166013,403.8804392944585,425.07863155305677,445.3693440545758,464.71926995081594,483.08765426144237,500.42604819498956,516.6787476428144,531.7837715976057,545.6742664755002,558.280239640706,569.5305348225229,579.3549669278582
IND,Female,CKD,glp1,3713.6468636378704,0.0,212.52113822716638,0.0,8.32488934147841,18.658149744282127,29.001306719947024,39.23056169524352,49.29801564729132,59.17528963852237,68.84389096995437,78.29067961831606,87.50587121651188,96.48215314232948,105.21415028689808,113.69791856630764,121.93037470322452,129.9086702559871,137.62955076321668,145.0887447433197,152.28042067366187,159.19674093394133,165.8275329170574,172.16008985276858,178.1791073665372,183.86675623699557,189.20288702809194,194.16535811127687,198.73047493904596,202.8735252214974,206.56939186716045,209.7932232098392,212.52113822716638
IND,Female,CKD,diet,4544.43630523757,0.0,302.15760639414657,0.0,1.8060435013467213,4.650214498899004,8.970614122910774,15.204303088365123,23.646387554428657,34.31608963289909,46.92977265162335,61.003139482789265,76.00285950177931,91.45917516389454,107.01216170492262,122.41058786904614,137.4902704827109,152.14908508650842,166.32581150491023,179.9844055421563,193.1030737778492,205.6669940087595,217.66362238679721,229.07978450829978,239.89998948965513,250.10558967968973,259.67453550077335,268.5815580165945,276.79866433196,284.29586309811566,291.0420565052773,297.00604615046177,302.15760639414657
IND,Female,CKD,combo,8239.86881625335,0.0,513.6195905104105,0.0,10.121925938481581,23.282796404841065,37.92235006143892,54.35218851338868,72.81871142378805,93.31343013613514,115.53629111076589,138.99266066865675,163.14215407713345,187.50986194413417,211.73194963565038,235.55410831385234,258.80950756430684,281.3933375497436,303.24113345355727,324.3125178152404,344.57978400708816,364.02020112639,382.61100848751084,400.3263144057855,417.1353476085642,433.00168653478613,447.8832131065865,461.7326160391531,474.4983173303772,486.1257243639993,496.55872627666395,505.7413618449209,513.6195905104105
BRA,Male,CKD,glp1,7575.442069157587,0.0,449.5960607741508,0.0,14.478204206650844,32.710242716748326,51.44150764628648,70.50141835366594,89.79568719342569,109.23628232381452,128.74009339994882,148.2282676975774,167.62561848297992,186.860315444741,205.86384818222723,224.57116060272529,242.9208370452834,260.8552394534854,278.32052708484116,295.2665246839824,311.6464359789243,327.4164240362079,342.5350974049579,356.96295111892687,370.6618151935545,383.5943613273994,395.72371235386527,407.01318986956903,417.42622458522237,426.9264423355853,435.47792719781137,443.0456524630281,449.5960607741508
BRA,Male,CKD,diet,3006.120177744102,0.0,207.74595111191593,0.0,1.0371469717829314,2.6850071231965558,5.208269530212419,8.87958220560904,13.899590210483439,20.318655614817544,28.015114277597604,36.744743154889875,46.22052034056469,56.17497291138716,66.38881811754254,76.6944501100952,86.96780725208373,97.11757886475243,107.07568018743768,116.79001886484912,126.21937694207008,135.32990787718154,144.09276698677422,152.48250763236865,160.47599035636813,168.05164146191964,175.18895941815572,181.86820737054222,188.07025416656688,193.776539817889,198.96914801483945,203.63097085020854,207.74595111191593
BRA,Male,CKD,combo,10536.11263922639,0.0,654.5245129980758,0.0,15.498156365956675,35.3455545138313,56.55143582619712,79.21358472849897,103.43560446327683,129.18004468864092,156.24548060358575,184.3141724542984,213.0296619061155,242.05768968109624,271.1143627328347,299.9698040030489,328.44042626942974,356.3785212694929,383.6629581460438,410.1919681430445,435.87784430535976,460.6430892690041,484.4175789066212,507.1364307840922,528.7383823540149,549.1645693572136,568.357649430327,586.2612459580487,602.8197000253276,617.9781199892823,631.682713275186,643.881376778445,654.5245129980758
BRA,Female,CKD,glp1,6802.739172986185,0.0,408.878007253501,0.0,12.802969052845583,28.900179209915223,45.421367173788894,62.232488964902586,79.26687614405819,96.46218713484268,113.75801656368276,131.09441865427289,148.41098715454427,165.6466376667886,182.73997113734004,199.63000491903585,216.25705762441794,232.56361237280362,248.49503343772085,264.0000612371805,279.03105450260045,293.5439840445397,307.49820916143653,320.8560856427139,333.58246426534606,345.64414177260915,357.00932384368207,367.64715286064893,377.5273436584466,386.61995908489916,394.89534511893,402.32423332869075,408.878007253501
BRA,Female,CKD,diet,2711.416829219743,0.0,189.33970583967312,0.0,0.917141407422605,2.3725835372824804,4.601476317133347,7.84719590192617,12.291086270372034,17.983046888111858,24.82143641599032,32.595707212851266,41.05610020938184,49.96840685389179,59.139302681418485,68.41966241650152,77.69771050176132,86.8898574979321,95.93265101496945,104.77671585293865,113.38250811611942,121.71742968822946,129.7538732866742,137.46787478165788,144.83815546512778,151.84541898113093,158.47182420865283,164.70059145810228,170.51572059837054,175.90181092514104,180.84397727531905,185.327857615659,189.33970583967312
BRA,Female,CKD,combo,9480.326679232676,0.0,596.2877350580311,0.0,13.704905214588507,31.229284249602642,49.937680574850674,69.93611184425754,91.3373463940261,114.12959944237082,138.15407294227407,163.14506476723545,188.79739449550107,214.82002945628847,240.96145643523778,267.0137888050922,292.8070108751381,318.2008959840714,343.0778507024552,367.3374780954182,390.8926625923923,413.66673854492547,435.5913529114114,456.60475408485945,476.6503525350563,495.6754824677555,513.630346808568,530.4671566137331,546.139487340195,560.6018741040025,573.8096606208273,585.7191052725102,596.2877350580311
CAN,Male,CKD,glp1,1482.3041936482787,0.0,78.21464808514793,0.0,3.0719490255214623,7.023577639978612,11.145411640967723,15.37819433716686,19.679224053744292,24.00558957278281,28.31460733179665,32.56522084439439,36.71930954076652,40.74264128568848,44.60546316959062,48.28281268846331,51.75463406222934,55.00575737601048,58.025770068485144,60.80879185207323,63.353156619986294,65.66100542426557,67.73779947576077,69.5917681994315,71.2333126121066,72.67438761742233,73.92788793204363,75.00706144192918,75.92497125150112,76.69402402386095,77.32557788600843,77.82963858915446,78.21464808514793
CAN,Male,CKD,diet,422.7271632126476,0.0,26.388038702874837,0.0,0.1585469725623625,0.41531648279396904,0.8126777387351467,1.3945635036334352,2.1931050475031952,3.2152938220497163,4.4388294606751515,5.819902522384837,7.306413932753458,8.848716333112861,10.404961882357384,11.94226849757797,13.435844243671454,14.867531105106536,16.224431177226506,17.497805338093713,18.682234435072132,19.774976336877444,20.77545318582088,21.684820786535965,22.50559027656618,23.241286254087754,23.896134898258424,24.47478115476042,24.982036835485815,25.422662414233855,25.80118508544001,26.121754786396195,26.388038702874837
CAN,Male,CKD,combo,1899.6325891993465,0.0,104.31433773541721,0.0,3.227924185910524,7.431436494171976,11.943332210525114,16.747698482647138,21.83363743728478,27.16538112766375,32.67858711275221,38.289327820180915,43.90836410884913,49.452660018804636,54.851251940247494,60.04673077859479,64.9945180772711,69.66142880543612,74.02420302913015,78.06820566589704,81.78628907404982,85.1777576765744,88.24737939294482,91.00441188414425,93.46163467418774,95.63439530049345,97.53968795932815,99.19528764246024,100.6189629582259,101.82778808357034,102.83756975543929,103.66239976714405,104.31433773541721
CAN,Female,CKD,glp1,1596.5135843836597,0.0,87.46673653681955,0.0,3.1830963786278517,7.188312781324385,11.325388896030745,15.570790757792565,19.907429178403618,24.310562517665858,28.74954148267807,33.19001697619569,37.59602084133712,41.93174117058879,46.162944351706756,50.25806617620492,54.18901769821696,57.931749315211164,61.466605623139,64.77849346955281,67.85687992135263,70.6956357281806,73.29274189451007,75.64988043354424,77.7719338068664,79.6664199961624,81.34289113763043,82.81232308683593,84.08652133049054,85.17756561194619,86.09731182318774,86.85696546145664,87.46673653681955
CAN,Female,CKD,diet,454.6690447082765,0.0,29.332986582936428,0.0,0.16428342072504165,0.42483890151379455,0.8243529215997114,1.407436023635455,2.2080108305617614,3.2364188228975763,4.4749898237687376,5.884865592793176,7.418122736132318,9.027798534581052,10.673038140447716,12.320426035517812,13.943440678698607,15.521356112155445,17.038187812234355,18.48185247975107,19.843532845229674,21.11718923690114,22.29916148342636,23.387820825689232,24.383247821659097,25.286924696305505,26.10143889704068,26.830199550270663,27.477171008365076,28.046628516181045,28.542940805730723,28.970383571527236,29.332986582936428
CAN,Female,CKD,combo,2045.6859645820086,0.0,116.50583514186656,0.0,3.3447149354660723,7.605542044649155,12.134839247906712,16.953095824362208,22.07680514063395,27.49168312504935,33.14999625927976,38.97941563128916,44.89698341330222,50.820745226272265,56.67625112942005,62.39897813829339,67.9346192761468,73.2385826411064,78.27532098100619,83.01768208712201,87.44628874107457,91.54890700411215,95.31976524650872,98.75880548780242,101.8708680333375,104.66482508042282,107.15268812574777,109.34871830655266,111.26856931969905,112.92849034623032,114.34461238079257,115.53233626655583,116.50583514186656
TUR,Male,CKD,glp1,4099.140076044749,0.0,244.20406470590387,0.0,8.215003899982548,18.42652045961222,28.70876376079468,39.014274995171945,49.35036226819466,59.7163994180828,70.09860043223853,80.47171023300507,90.8027928262236,101.05520979607172,111.19192034389744,121.17778551640185,130.9808660135459,140.57286166990525,149.9289052551212,159.02693048196306,167.84681017551338,176.36942302229363,184.5757670273997,192.44620071468307,199.95986191015618,207.09428935058168,213.8252539333953,220.12679320222378,225.97143350437182,231.33057807497244,236.17503519383172,240.4756578592096,244.20406470590387
TUR,Male,CKD,diet,522.2386852381424,0.0,35.89900001913338,0.0,0.1853136317586177,0.47735128640670155,0.9223629367988906,1.5691222647183167,2.4541156776685966,3.5868090036437934,4.945091964416861,6.4840012881104485,8.150437767404583,9.894949789078964,11.677315682951303,13.467356870380172,15.24346369147679,16.990526914010843,18.698045381876,20.358633980005834,21.96692370287201,23.518777017339744,25.010738674845925,26.43965826115891,27.802438376911596,29.09587629762973,30.316576774530404,31.460920136847562,32.525074016768485,33.50503961872164,34.39672504702685,35.1960391636494,35.89900001913338
TUR,Male,CKD,combo,4612.634331902336,0.0,279.572956018219,0.0,8.396559919772699,18.893181378292866,29.610292901192224,40.548364443598985,51.75066320431324,63.22612712591763,74.9396111646547,86.8220509244893,98.78862851519625,110.7542953242264,122.64256448396372,134.3886399726307,145.93929366139855,157.25129481785916,168.2893604943456,179.02406795026764,189.42991840918694,199.48363631928441,209.16274470252392,218.4444356762724,227.3047411448497,235.71799764177922,243.65659042824336,251.09095505368896,257.9898094677883,264.3205861117822,270.05003084730197,275.14493379929627,279.572956018219
TUR,Female,CKD,glp1,4882.809280312285,0.0,298.678607236714,0.0,9.281095818843824,20.885895442075707,32.70898676558136,44.671174328395864,56.745932729283595,68.90583812511977,81.11976699482693,93.35316582892119,105.56929690991092,117.73075594973488,129.80086805828614,141.74475084798178,153.52995542913413,165.12667970694383,176.50760347066534,187.6474270500912,198.52220962462525,209.10860417507138,219.38307780258765,229.321192365358,238.89700402854942,248.0826235258428,256.8479630986112,265.1606820035704,272.9863304906539,280.2886822706496,287.03023756727634,293.17287266697895,298.678607236714
TUR,Female,CKD,diet,616.0119624576764,0.0,43.62310653401073,0.0,0.20936247795179952,0.5401770579410368,1.045129682534025,1.7789742768763972,2.7824691120968055,4.066543027993248,5.607731800304464,7.357963604565157,9.260548209200351,11.262746026975947,13.321574195375433,15.404532882894273,17.4879660632796,19.554861593100213,21.592886020480364,23.59286598149265,25.547687600414065,27.45152032781334,29.29927489659167,31.0862267061857,32.80775738815282,34.45918354069727,36.03565252928456,37.532092052701046,38.943204159520974,40.2634965780926,41.48734530295769,42.609082828192186,43.62310653401073
TUR,Female,CKD,combo,5489.492391441998,0.0,341.74958859187973,0.0,9.486213045407567,21.41401093384593,33.73063451691996,46.410760497137744,59.46812160022637,72.88641818518408,86.61195460067393,100.56340278290736,114.64866734820316,128.7787238189194,142.8747362757531,156.86986845287538,170.7083473548264,184.34354051494302,197.73587770443555,210.85090882976147,223.65756789323495,236.12664947783196,248.2294986743982,259.93692251989705,271.2183355251909,282.0411509066071,292.3704239536564,302.16874653124614,311.3963836117691,320.0116349672644,327.97139826650164,335.2319040604998,341.74958859187973
ZAF,Male,CKD,glp1,1775.321854143188,0.0,96.26599497355528,0.0,4.39410145572765,9.801426032046038,15.16337483146799,20.411492507367257,25.515199500177914,30.45493781631194,35.218247017091926,39.79801828783275,44.1917334038917,48.40090596093796,52.430355463449814,56.28724051100835,59.97992309555411,63.51678363003157,66.90510297722722,70.15010289870042,73.2542057722203,76.21654562764343,79.03273851838276,81.69490169542041,84.19189764459225,86.50977003560911,88.63233317922095,90.54187393997745,92.21992458787827,93.64806631918873,94.80872578551134,95.68593067516304,96.26599497355528
ZAF,Male,CKD,diet,29.43762360747678,0.0,1.851338183203552,0.0,0.01276008164131781,0.03273650461414945,0.06308629358500184,0.10689056572391564,0.16614355711863027,0.2407685134357962,0.32843606126152736,0.4253596972539526,0.5274636593803734,0.6312447623222397,0.734115950168416,0.8343779911083402,0.9310298059608613,1.0235533461291197,1.1117309413129988,1.1955087678816199,1.2749021482850367,1.349933722840433,1.4205959610389982,1.4868312519793108,1.5485245577892783,1.6055049676378985,1.6575534494822932,1.7044147539800178,1.74581187504009,1.7814617882686434,1.8110914245153253,1.834453024517643,1.851338183203552
ZAF,Male,CKD,combo,1804.5260876087314,0.0,98.1074650498922,0.0,4.406666688591031,9.83362450095683,15.225446014599584,20.51673624966861,25.678910117640953,30.692363261146966,35.54236017644871,40.2180664040352,44.71293867104214,49.02502007430485,53.156558288797896,57.11301516601634,60.90174667117935,64.53060705809185,68.00665112350725,71.33503980396927,74.51820599102757,77.555303941499,80.4419419843125,83.17018138542335,85.72877252320177,88.10359183456967,90.2782384765087,92.2347476397481,93.95437742549439,95.41842775155783,96.6090525920772,97.51003074342225,98.1074650498922
ZAF,Female,CKD,glp1,1553.7395011616009,0.0,79.51482577703064,0.0,4.6470189057217794,10.211577723219307,15.513444674892526,20.524753048433922,25.261662708589938,29.73429589171974,33.94774748535565,37.906361172383185,41.61667594642677,45.08868854761204,48.33585104699887,51.37427563198071,54.22152442058359,56.89525806160054,59.4119309954167,61.78565533919573,64.02730599116512,66.14390304307017,68.13828090824973,70.00903431346342,71.75071759228013,73.35426413749701,74.80758641130524,76.09631291810547,77.20461663613241,78.11608937898927,78.81461830086664,79.28522415331463,79.51482577703064
ZAF,Female,CKD,diet,25.631379916814694,0.0,1.5296864996435033,0.0,0.013494531523974729,0.03421240078023402,0.06526112558458408,0.10943637974924059,0.1683037948787387,0.24117118930189463,0.3250417797753471,0.4156238351115462,0.508642470873383,0.6007061445070576,0.6895590053718479,0.7739415354608354,0.853315501659381,0.9275989590205427,0.9969615046429681,1.0616824366934452,1.1220590042885306,1.1783505903877085,1.2307476246696751,1.2793573535163887,1.324201173534675,1.3652199710140849,1.4022849966931972,1.4352124593533517,1.463780412585038,1.4877467519581842,1.5068673097139254,1.5209131745214108,1.5296864996435033
ZAF,Female,CKD,combo,1579.2782853006265,0.0,81.04298351414582,0.0,4.660307373284013,10.245264645163843,15.577792551564926,20.632813416275894,25.428068317183715,29.973026597535863,34.26983508443118,38.3185855903248,42.12156274282461,45.685373409751264,49.02120319909591,52.1438889563633,55.0704385520894,57.81841725443883,60.404439398351315,62.84289061923846,65.14494087621097,67.31787045818055,69.36470732379348,71.28415813342872,73.07080416675126,74.71552545759187,76.20611109627316,77.52801030375667,78.66517735874913,79.60096367250662,80.31901221389126,80.8041130174297,81.04298351414582
MEX,Male,CKD,glp1,9149.670670197076,0.0,484.6504686905246,0.0,20.954898584706825,46.844114260842616,72.87975180997455,98.82633686201007,124.57002543157432,150.0108002551351,175.05742336698313,199.62465947023884,223.63122544740327,246.99846234176948,269.6496208578101,291.5096150423924,312.50510729935195,332.5648129905312,351.6199401761478,369.6047033361101,386.45686763605045,402.118293170126,416.5354580689673,429.6599467233609,441.44889547171624,451.8653932417146,460.8788387425375,468.46525861681585,474.6075922156597,479.29594824936066,482.52783658654516,484.30837525071547,484.6504686905246
MEX,Male,CKD,diet,2271.958034718882,0.0,141.62697708081396,0.0,0.9430439831849071,2.416138027154375,4.640742721465358,7.838461845058191,12.16093829357851,17.624326609155105,24.09556775279634,31.340374823499587,39.09481427866558,47.11888006575464,55.219356087189226,63.250757688918384,71.10673059558758,78.70976814140158,86.002525939919,92.94146260582784,99.49252736595372,105.62837215324544,111.32661016974453,116.56875941464386,121.33962037554738,125.62692203959887,129.42112996459036,132.71534996030823,135.50528664853482,137.78923225861945,139.5680706699859,140.8452871581394,141.62697708081396
MEX,Male,CKD,combo,11402.329940096697,0.0,625.8521229386388,0.0,21.880318410883774,49.210974308214645,77.42625894684898,106.50988039189542,136.49908774986397,167.31234613456036,198.73023578323773,230.4392697200965,262.09991947227536,293.39798087502277,324.0665297004307,353.8868166373286,382.68006575425534,410.29778274396085,436.6137249094754,461.51820341323764,484.91441150444007,506.7162418997541,526.8471064733167,545.239391387433,561.834294640088,576.5818811049321,589.4412525580265,600.3807720258483,609.3783083014496,616.4214818820619,621.5079010984409,624.6453793306791,625.8521229386388
MEX,Female,CKD,glp1,10378.325321340599,0.0,599.9587344927422,0.0,20.829149311077344,46.81312611932299,73.23916585462939,99.89886138778456,126.7030723767457,153.57111947534577,180.4247251940469,207.18529106283677,233.7723029366971,260.1026137740628,286.09039725017647,311.6475756250584,336.68454702310555,361.11106900178856,384.83719066170306,407.77415897556784,429.83525321466004,450.93652327408927,470.9974237652423,489.9413470642903,507.69606628020847,524.1941042913895,539.3730481906823,553.1758299426292,565.5509938549949,576.4529695878446,585.8423659105756,593.6862954413009,599.9587344927422
MEX,Female,CKD,diet,2602.216509447506,0.0,175.39238660249976,0.0,0.9373848245195404,2.4144950518420956,4.6625932520473725,7.919337553066725,12.358209092577454,18.020065029711986,24.794935822777916,32.46631936720223,40.78140530190285,49.50530127630918,58.44536508818419,67.4535474768054,76.41880562378356,85.25746193312807,93.90489994279051,102.30943049395864,110.42811932837503,118.22409428747778,125.66487524849799,132.72137547401508,139.36732826105435,145.57897540559497,151.33491294870328,156.61602966657665,161.40549999634823,165.68880971120234,169.45380269127782,172.69074269527482,175.39238660249976
MEX,Female,CKD,combo,12949.842365373119,0.0,773.9509116357513,0.0,21.74901574026444,49.1779484676299,77.80533341791306,107.6571167596303,138.8160238671844,171.24353198591416,204.7555278810105,239.06262335441716,273.83725792301266,308.76621261613036,343.5745789762441,378.0286377762168,411.92925966785697,445.10340608902334,477.39696080591966,508.66964644633117,538.7917831162049,567.6423970275428,595.1082253457353,621.0832769756817,645.4687192787096,668.172946629471,689.1117476286017,708.2085284845889,725.3945756557878,740.6093553345709,753.8008537444985,764.9259627412757,773.9509116357513
AUS,Male,CKD,glp1,1094.1195888374868,0.0,62.12471004169856,0.0,2.1021377051092713,4.817084627548866,7.668499923393938,10.617209340782665,13.632130531711027,16.68091977044378,19.73158981010647,22.75431509342161,25.722780160641832,28.614932074573062,31.413198361420655,34.104314324082225,36.67891175038221,39.13099345786213,41.45738020038971,43.65718158893105,45.731316077375595,47.682087407794825,49.512814807591894,51.227509680038565,52.83059062636494,54.32662985158822,55.72012622194961,57.0153027034421,58.215928140386495,59.325165055190155,60.34544623324564,61.27838327001973,62.12471004169856
AUS,Male,CKD,diet,100.88736305702196,0.0,6.737341147614643,0.0,0.035006556290682056,0.09188942958599,0.1802883087934788,0.3102112132128241,0.48904790333199344,0.7185672636469462,0.9939752198292808,1.3056737218812486,1.6422628891177737,1.9929861845630512,2.348940952918383,2.7033198693707163,3.0511712255365637,3.3890186174676273,3.714500110397239,4.026077228320901,4.3228156235809365,4.604223699526301,4.870133676545265,5.120612297293519,5.355891819239332,5.576314918843309,5.782289387184392,5.9742501044484015,6.1526268820425685,6.3178174853010205,6.47016559689564,6.60994372424193,6.737341147614643
AUS,Male,CKD,combo,1193.548872997806,0.0,68.77613879347427,0.0,2.1365330012108643,4.907194149134739,7.845248272124536,10.921378001532503,14.111801674128856,17.38597146958682,20.707253255540763,24.03644461922977,27.336063056312014,30.573499139171872,33.722427577777125,36.76287721393919,39.68058916348491,42.46612144747996,45.11394395548723,47.62162512910436,49.98913750637894,52.218276237892496,54.312172768499295,56.27488393824024,58.111039212444666,59.82553286844632,61.423252385180604,62.90883831503561,64.2864742242773,65.55970771930697,66.73130509675411,67.8031428066297,68.77613879347427
AUS,Female,CKD,glp1,941.367855699993,0.0,55.5192746907378,0.0,1.6327888052464914,3.72270786252011,5.925535634998596,8.230679044710541,10.627981075493153,13.101000948311139,15.628731312762739,18.187691256831386,20.753849644790535,23.304149770638105,25.81757117079269,28.275765700785996,30.663350462817107,32.96794917135958,35.180063553521904,37.2928392296094,39.301772865575,41.204392310733965,42.99992990152441,44.68900102131647,46.273294802796045,47.75528086777922,49.137934575879626,50.42448284404418,51.618172753228464,52.72206552631724,53.738858785904085,54.67074010896704,55.5192746907378
AUS,Female,CKD,diet,86.16837535633249,0.0,5.963243297995177,0.0,0.027190565624096052,0.0709325597354109,0.1387674066377258,0.2387170413626336,0.37712584171413255,0.5563864922914945,0.774065397081813,1.0239700822071427,1.2981916081625968,1.5888523186749808,1.8890440467098415,2.193104785875221,2.496551866920072,2.7958991896357475,3.0884676442669843,3.3722251742483422,3.6456607485097265,3.9076860554987434,4.157557278123932,4.394810718769804,4.619207905537223,4.830687375590969,5.029321474800781,5.2152772991184975,5.388781425413072,5.550088413783669,5.699453261141571,5.837108080901089,5.963243297995177
AUS,Female,CKD,combo,1026.5891672159364,0.0,61.43289473212735,0.0,1.659504588085838,3.7922805372236326,6.061633209745651,8.46488738716016,10.998173341488837,13.647470382453776,16.389450871311965,19.194607023594926,22.031172387642073,24.868362872396574,27.678364178962056,30.43724481412937,33.12518798499195,35.726357039304276,38.228583339761826,40.62297703205786,42.90351187057968,45.06660986345014,47.11073849737659,49.03602657082956,50.843901274456584,52.53674769413192,54.11759160640122,55.58980679550132,56.9568487859915,58.222017579279964,59.38825249965885,60.45796245584097,61.43289473212735
NZL,Male,CKD,glp1,223.71921900706627,0.0,12.208775197269347,0.0,0.5080448387702745,1.1415223449597534,1.783397783446162,2.42644727599577,3.066109213213622,3.6979935146107437,4.318047469810153,4.9227205953370685,5.50904131278287,6.074620143041216,6.6176073493820695,7.136629437098691,7.630721143066353,8.099262177400192,8.541922482374616,8.958616275591226,9.349463280051623,9.714754844180902,10.05492270124114,10.37050858696864,10.662133597004186,10.930466867341352,11.176193802283478,11.39998459508331,11.60246415387087,11.784184747367249,11.945602724349328,12.08706055317407,12.208775197269347
NZL,Male,CKD,diet,33.416913597325674,0.0,2.1535366142977637,0.0,0.01372625761598556,0.03534509464225266,0.06813875316606754,0.11539802072229577,0.17935044939929412,0.2601667718851104,0.3557554282538149,0.4624952068933226,0.5763304016745678,0.6935965712096959,0.8113797318842444,0.9275385562045813,1.040576374625516,1.1494832158824693,1.2535991393521044,1.3525111420352687,1.4459801715489675,1.5338907203893086,1.61621593788675,1.692992874966194,1.7643041445944618,1.8302635975956036,1.8910045596525151,1.9466698204369095,1.9974029874299504,2.0433410780850636,2.084608371082936,2.121311603912659,2.1535366142977637
NZL,Male,CKD,combo,256.59191523660786,0.0,14.330781898532678,0.0,0.5215182048731322,1.1761426009264824,1.8501155194143166,2.539449964334949,3.2417826475605125,3.9529091339619526,4.666743993389787,5.376199643887048,6.074334664519711,6.755166957073129,7.413985211194927,8.047308983289895,8.65269663135416,9.228528163799979,9.773817111281005,10.288063850510525,10.771145475827325,11.22323260574899,11.644723985658516,12.036191846979023,12.398333271577485,12.73192479750253,13.037779068388886,13.316703480840943,13.569461564568087,13.796738288019469,13.999110666224738,14.177025005367682,14.330781898532678
NZL,Female,CKD,glp1,174.4309395528104,0.0,9.623603712234285,0.0,0.3816089767221911,0.8551466741398599,1.3351260602446473,1.8178810252486528,2.3012180914013243,2.7825997332674888,3.2593319608004094,3.728764092326628,4.188422754055182,4.636083873642633,5.06980059836178,5.487904927873387,5.888996279753428,6.271925183336975,6.635776277675745,6.979852079617444,7.303657430089515,7.606883824407305,7.889392695448919,8.151196913365425,8.392440123332221,8.613373949839911,8.814333479539187,8.995711750881583,9.157934203714603,9.301434165338947,9.426630471114322,9.5339082450364,9.623603712234285
NZL,Female,CKD,diet,25.841008113284033,0.0,1.68436070677717,0.0,0.010310237843782488,0.026456439789512842,0.05087075048652423,0.08601011782025125,0.13358454815647747,0.19383625650300473,0.2653779368963569,0.3456997743927559,0.4319386105208878,0.5214621731645366,0.6121282912338302,0.7023090865149015,0.7908101881077982,0.8767683822089793,0.9595630641790649,1.0387498901441177,1.1140142222261602,1.1851392344756277,1.2519839043255843,1.3144672836638165,1.3725565891502356,1.4262575482475768,1.475606077656039,1.5206608050959858,1.5614962280266127,1.5981964773866366,1.6308497523582446,1.6595435359315616,1.68436070677717
NZL,Female,CKD,combo,199.92853004927986,0.0,11.290028536422483,0.0,0.3917292595382378,0.8810650714043504,1.3849532816468582,1.9021498388885902,2.4321550074015477,2.972688760662436,3.5197153149217684,4.068136038323246,4.612676045741637,5.148529732488782,5.671644576741869,6.1787482178338,6.667259130464572,7.135170857076446,7.580948761152172,8.00344911271543,8.401858134082772,8.775645226564166,9.124524791184058,9.448422385112622,9.74744242972099,10.021835969273184,10.271967989280256,10.498284545400566,10.70128045617173,10.881468607852298,11.039352037789968,11.175399933423023,11.290028536422483
ROU,Male,CKD,glp1,419.7001143103578,0.0,19.501496097669815,0.0,1.32703219094401,2.9148028807903756,4.448939643975791,5.91376559702303,7.303263434398104,8.6132389521797,9.840750142336447,10.984039522545345,12.042603656800566,13.01722767289084,13.909904892757822,14.72363385110748,15.462127664135096,16.129486691839702,16.72988298037808,17.267292710473157,17.74529753130878,18.166961489370124,18.53477939359186,18.850685486861266,19.11610788883354,19.332053659557914,19.49921061210125,19.618054354439437,19.688951812195683,19.71225521243946,19.68838291047814,19.617885376934964,19.501496097669815
ROU,Male,CKD,diet,359.23454754621434,0.0,20.087620276359758,0.0,0.20995178080420374,0.5289008614827253,0.9980321525913496,1.6551467719230004,2.5198719924680972,3.5815372603979085,4.799231364295565,6.114610210874844,7.4682269505597105,8.810619185814858,10.106156682328674,11.33209596956317,12.47573030386252,13.531366465040264,14.497817609448248,15.376547594663862,16.170389498237455,16.88271018681371,17.516901143321093,18.076099135537106,18.563063391190553,18.980154897589728,19.329378181252196,19.61245722724425,19.83092583898383,19.986219301460324,20.079759120377275,20.113026191728068,20.087620276359758
ROU,Male,CKD,combo,774.0129617945456,0.0,39.345441524591706,0.0,1.533699633652759,3.434518095893509,5.429398571031015,7.5399893987141695,9.77975820914321,12.134222594145967,14.560378270434285,16.999179758562832,19.39165712423187,21.689872593201926,23.860654974422914,25.88449523451004,27.7524730097839,29.462967718946857,31.01888253222978,32.425552728073626,33.6892850404256,34.81640993365295,35.81272569345242,36.683228936902196,37.43204521302687,38.06249122319559,38.57721584655201,38.978380548488076,39.26785097479228,39.447380695652555,39.51877529007538,39.48403042675932,39.345441524591706
ROU,Female,CKD,glp1,428.7253187216527,0.0,20.34958567910121,0.0,1.318256043767633,2.9021398884499376,4.439258660604992,5.912249414643611,7.314505437162097,8.641889285586103,9.89154508588581,11.061442758049225,12.150323775380457,13.157813734450883,14.0845342792245,14.932127147668325,15.70316732309584,16.4009824158054,17.029414012541565,17.59255998657204,18.09453097801429,18.5392444638735,18.930269451350796,19.270725812289356,19.563235505761895,19.80991855957359,20.01242443102865,20.171988781075925,20.289506268945388,20.365611246392973,20.400759828360833,20.395308466995857,20.34958567910121
ROU,Female,CKD,diet,364.3527268206615,0.0,20.848888278573213,0.0,0.20856329321463818,0.5262783005202891,0.9936313502041685,1.6475766834980732,2.507322311104872,3.56274339985589,4.774521186421225,6.08642384971904,7.440855797943186,8.789394141416778,10.096511405994988,11.338834186871281,12.502637341516447,13.581157744518805,14.572340525901382,15.477131118489524,16.298244532383933,17.039305990367666,17.704268684159842,18.297035609265095,18.82123089443462,19.280079694409096,19.676365465176104,20.012440568179272,20.290271607140312,20.51150526245692,20.67754395909651,20.7896236378283,20.848888278573213
ROU,Female,CKD,combo,788.0293440671549,0.0,40.94080216545285,0.0,1.5235567194104078,3.41926976139257,5.415353883386842,7.5309266573835885,9.778440912417182,12.143998193728521,14.586246598996695,17.047957958905954,19.47125057262042,21.80807651860482,24.02401930987321,26.09761272085757,28.017807501172,29.781160543411033,31.389386331055903,32.84742256239565,34.16197687500244,35.34047483261611,36.3903301536177,37.31846982485854,38.131057999898076,38.83337152961826,39.42978722873772,39.9238473377452,40.31837552794468,40.61562132100562,40.81741587939882,40.925326645646464,40.94080216545285
BGR,Male,CKD,glp1,231.66837177419393,0.0,10.089569638494936,0.0,0.8004605057151366,1.759154584516864,2.6819562929727,3.5567649749636985,4.378037870956632,5.141669017286404,5.844867674547004,6.486331548546332,7.066280227654261,7.586294849162186,8.04902912697844,8.457871999077952,8.816621542474422,9.129204516105801,9.399456176104422,9.630962266062625,9.826957904411302,9.990274671465954,10.123326099727137,10.228122008432933,10.306303072387777,10.359188291650298,10.38782939962357,10.39306757217355,10.375588998266835,10.335976900995774,10.274758441593121,10.192445601845861,10.089569638494936
BGR,Male,CKD,diet,194.28305148240827,0.0,10.291333206580362,0.0,0.12518389035722066,0.3156270631429834,0.5952703090461,0.985453801619542,1.4959345095248864,2.117699960878099,2.8235326072797307,3.576406437418882,4.339754494604449,5.084162439007741,5.78940581580423,6.44351307973443,7.040737452359281,7.579531500052099,8.060932090898177,8.487407621777265,8.862090296134284,9.188293027213263,9.46922441139668,9.70783660776101,9.906759881536686,10.068291900553959,10.194420074969116,10.286862313435563,10.34711644933384,10.376511952220653,10.376259856383626,10.34749843138411,10.291333206580362
BGR,Male,CKD,combo,423.24096398641313,0.0,20.253217927591322,0.0,0.9236722856885535,2.0692562569392976,3.266656241045439,4.5248456658941905,5.847985334434952,7.223229125197804,8.621121014658684,10.00399570816171,11.33610243072485,12.59004042588299,13.748494083084097,14.802992184243749,15.751599219078344,16.596649297984186,17.342939888331102,17.996439914921893,18.563432168927307,19.04998330660851,19.461646954672005,19.803326514890614,20.07924369494981,20.292974089586778,20.447522496765714,20.545418921091482,20.588822203013024,20.579622542939205,20.51953731234221,20.410196776763314,20.253217927591322
BGR,Female,CKD,glp1,190.67065013260162,0.0,8.383217512581155,0.0,0.6421862968602454,1.4111417352060016,2.1534159162526976,2.8615939662530536,3.532440830046994,4.1626009940919175,4.748771694579773,5.288273637790098,5.779482844725749,6.2219995670988055,6.616594814317523,6.965019329806864,7.269751949035026,7.533741328650308,7.760172879823585,7.952276170886989,8.11317726216339,8.245794119365314,8.352770000142414,8.436438385716087,8.498812843840483,8.541595647607323,8.566199719660972,8.573779332715958,8.565265863163859,8.541405701562098,8.502798138316848,8.44993165034009,8.383217512581155
BGR,Female,CKD,diet,158.42730365858836,0.0,8.47795707842829,0.0,0.10043141216965523,0.2531141685503826,0.4773902021837557,0.7908756407226747,1.2021915239747614,1.704961139902025,2.27791267269572,2.8913621207450433,3.515438978620523,4.125645553025947,4.704743054309802,5.242207147245722,5.732726743106468,6.174631315056672,6.568595843492858,6.9166858486801175,7.2216957742623435,7.486710098398817,7.714823863781703,7.90897395718423,8.071846013713184,8.205832245331976,8.313022962101286,8.395219762426109,8.45396198275239,8.490560523292515,8.50613495337268,8.501651079060707,8.47795707842829
BGR,Female,CKD,combo,346.6971597827884,0.0,16.74270582329075,0.0,0.7410355419453936,1.6598019898870007,2.622236431343026,3.638290419420059,4.713266008142227,5.837616906241465,6.987200900113294,8.13020235090778,9.235641703902274,10.279014243974984,11.244101963769253,12.122258539797258,12.910690201273155,13.610656420753799,14.225966166390549,14.761847245434524,15.22414795095142,15.61880020860633,15.95147718541989,16.227391270693033,16.451191390225063,16.626929251392653,16.758072173125356,16.84754611675146,16.897796941151682,16.91086118960186,16.888440183807802,16.83197306447505,16.74270582329075
ISR,Male,CKD,glp1,572.6765160577163,0.0,34.274959777363165,0.0,1.0491701647213176,2.4041706666298523,3.833351146191262,5.317850153440077,6.841703547202769,8.388005305739853,9.94000459831841,11.482133493675292,13.000793866898903,14.484866919730848,15.925948032819633,17.318338444579695,18.65884294088073,19.946429917646583,21.18180907023725,22.366975330455716,23.504758084166497,24.598404200850382,25.651213418976567,26.666236024998398,27.646035952478996,28.592517490865703,29.506810586168285,30.389207961869033,31.239146652192176,32.05522668025242,32.83526022098022,33.57634540738627,34.274959777363165
ISR,Male,CKD,diet,125.89718824300644,0.0,8.848359873918525,0.0,0.04135777635337945,0.10840997215882453,0.21236601297232482,0.36487591925697416,0.5746819840874196,0.8442665055792986,1.168771723230293,1.5378800154328474,1.939067113978581,2.3602903727246485,2.791383038293361,3.2244220040549862,3.653566335992764,4.074712139853091,4.485128458524741,4.883131933025197,5.26781190457541,5.638802666662286,5.996096713650331,6.339893458647111,6.670478939809527,6.988132744226732,7.293058760474196,7.585336590419047,7.864890639013993,8.131474120804796,8.384665484176821,8.623875041108931,8.848359873918525
ISR,Male,CKD,combo,696.9604128221349,0.0,43.028916262999246,0.0,1.0897903613281414,2.5104488222216332,4.041508163652452,5.675596848165014,7.405408339974429,9.216566810838458,11.087643925279508,12.993012188509283,14.906815161785289,16.80611662166666,18.672510936187336,20.49248400768238,22.25705972120204,23.961126823805444,25.602663239695175,27.181963389913108,28.70091928060083,30.162380884441518,31.56960850514497,32.92582179562987,34.23384429388989,35.495838079399164,36.71312029987985,37.886051759803195,39.01398729204266,40.09527797426608,41.127316103134035,42.10661492899726,43.028916262999246
ISR,Female,CKD,glp1,530.6161617538432,0.0,31.6995468931741,0.0,0.8898366792871002,2.0485111611435514,3.2903359466502025,4.604533221606744,5.97996800719784,7.402209665119699,8.854749692153973,10.320331055236238,11.782188306429362,13.225071952312419,14.635980949909026,16.00458317660832,17.32334771519436,18.587439856587253,19.794441444572385,20.94395951687875,22.037179314924742,23.076407146760175,24.064636870138656,25.005162606773865,25.901250674529365,26.755876064326458,27.57152315641406,28.35004659697688,29.09258604316892,29.79952748320602,30.470503699773417,31.10442685678936,31.6995468931741
ISR,Female,CKD,diet,115.50564847456917,0.0,8.136766563173296,0.0,0.03507692804328144,0.09226753786356312,0.18155005153880666,0.3134875814610041,0.4964283760461967,0.7335869809539872,1.0219249790727645,1.3534902679243714,1.7179860823719082,2.104992713993852,2.505211376292209,2.9109057554567244,3.3159140777490848,3.715493418942742,4.106120714252029,4.485294857124245,4.851351261639138,5.203290599188222,5.540622164792239,5.863222915129427,6.171213529058605,6.464852553890978,6.744449040226755,7.010293313256625,7.262604869047209,7.5014959100426495,7.726948759906463,7.938805296130795,8.136766563173296
ISR,Female,CKD,combo,644.883322078939,0.0,39.77065143117807,0.0,0.9242880410165526,2.1389749422903606,3.4683294476635638,4.912004681705184,6.467147066700591,8.122586018279435,9.858931833377937,11.651199029080317,13.472557651286479,15.297538657519226,17.10399358518316,18.87395624974488,20.59379408987661,22.25395633094945,23.848503739951866,25.374526623576457,26.831518436340957,28.22075228113181,29.544694635821088,30.806480066606582,32.009461371784255,33.15684165503444,34.25138853723956,35.295226186112814,36.289697964801235,37.23529101487475,38.131613664083034,38.977416845728385,39.77065143117807
NGA,Male,CKD,glp1,3613.21595271317,0.0,207.58165224804543,0.0,7.9481024455453735,17.658207763506653,27.280704482167494,36.754842411992286,46.0852424315417,55.28176212267135,64.35485850545592,73.31394983486462,82.16594309797074,90.91389256150069,99.55601405286507,108.08514381186615,116.48859516601442,124.7483020033178,132.84113171042918,140.73927586771606,148.4106642711995,155.81938426997658,162.92611626348298,169.68861455324804,176.0622700251988,182.0007883591752,187.4570066751112,192.38385541020398,196.7354536970597,200.46830836920708,203.5425713181612,205.9232989836746,207.58165224804543
NGA,Male,CKD,combo,3613.21595271317,0.0,207.58165224804543,0.0,7.9481024455453735,17.658207763506653,27.280704482167494,36.754842411992286,46.0852424315417,55.28176212267135,64.35485850545592,73.31394983486462,82.16594309797074,90.91389256150069,99.55601405286507,108.08514381186615,116.48859516601442,124.7483020033178,132.84113171042918,140.73927586771606,148.4106642711995,155.81938426997658,162.92611626348298,169.68861455324804,176.0622700251988,182.0007883591752,187.4570066751112,192.38385541020398,196.7354536970597,200.46830836920708,203.5425713181612,205.9232989836746,207.58165224804543
NGA,Female,CKD,glp1,2226.541467266712,0.0,125.06488698802059,0.0,4.746500164126701,10.762515742631876,16.83412308334664,22.92194649764133,28.99172575494231,35.008051912504015,40.94015943807426,46.76308893079113,52.45729057300923,58.007849293095205,63.40366627158801,68.63665794554981,73.70096421260678,78.5921527337523,83.30641823874248,87.83978992871562,92.18737257383691,96.3426565083355,100.29693750184015,104.03888851431475,107.5543210630749,110.8261644661543,113.83467749209376,116.55789051200918,118.97225905943196,121.05349374019715,122.77751841257486,124.12149971371036,125.06488698802059
NGA,Female,CKD,combo,2226.541467266712,0.0,125.06488698802059,0.0,4.746500164126701,10.762515742631876,16.83412308334664,22.92194649764133,28.99172575494231,35.008051912504015,40.94015943807426,46.76308893079113,52.45729057300923,58.007849293095205,63.40366627158801,68.63665794554981,73.70096421260678,78.5921527337523,83.30641823874248,87.83978992871562,92.18737257383691,96.3426565083355,100.29693750184015,104.03888851431475,107.5543210630749,110.8261644661543,113.83467749209376,116.55789051200918,118.97225905943196,121.05349374019715,122.77751841257486,124.12149971371036,125.06488698802059
EGY,Male,CKD,glp1,7472.121186747558,0.0,445.5033366056814,0.0,14.917244125757861,33.52265626336157,52.389363128848345,71.39621381981851,90.48929854632297,109.60228446919427,128.66104717566122,147.59166198406092,166.3271730683955,184.8117811762786,203.00231658864504,220.86746571115145,238.3854122827579,255.54053554073835,272.31970762957644,288.7086163892309,304.6884325144383,320.2330477669384,335.30703237826674,349.86439270750634,363.84815295037697,377.19073638412374,389.8150819095572,401.6364003254057,412.56445162081945,422.5062092888402,431.3687698183203,439.0623645774831,445.5033366056814
EGY,Male,CKD,diet,1066.106231507536,0.0,73.23219175302074,0.0,0.3741801137839502,0.9659014091448626,1.873339346384455,3.1989528595731826,5.018562918132375,7.350190256896894,10.144520841997291,13.303961866949976,16.71473868760586,20.27262089364376,23.894989281121525,27.522270332665357,31.114202445223782,34.64474211675042,38.09739045709648,41.461487341810425,44.729478796252806,47.89499289598825,50.95154303437812,53.891708698392904,56.706680793668056,59.38608808815843,61.918041771332355,64.2893482361178,66.48584833100176,68.4928464756158,70.2955966065274,71.87981485830096,73.23219175302074
EGY,Male,CKD,combo,8517.775619841483,0.0,517.4616475342264,0.0,15.283430805509852,34.46561140309859,54.21752730364096,74.51847310781523,95.3890717441027,116.78116178332857,138.5729769561476,160.5956216606719,182.67114050402597,204.64186177096417,226.38372114513913,247.80695363192717,268.85013583830005,289.4719389631464,309.64287754514226,329.33801909794784,348.530982538603,367.1892935976175,385.271070009152,402.7229722539814,419.47933408430254,435.4623673844071,450.583316010634,464.7444146226153,477.841493225922,489.76705780388875,500.413672983108,509.6774745321163,517.4616475342264
EGY,Female,CKD,glp1,8323.77713425556,0.0,503.3451008487391,0.0,17.454823574960756,38.51441672664805,59.3775468366257,80.09218910704658,100.72596208903269,121.2953553107036,141.78512574793422,162.16549050737376,182.40387469173947,202.47147756802224,222.34572611275507,242.00982128134638,261.45043866792184,280.65442794745104,299.60515271177064,318.27894748189647,336.6420386366808,354.6481710794469,372.2370945185103,389.33398742648933,405.84983092031325,421.6826884002585,436.7197999291966,450.8403633092021,463.9188468090142,475.82866148899484,486.4460137723727,495.6537607531136,503.3451008487391
EGY,Female,CKD,diet,1188.683382741463,0.0,82.81200840263045,0.0,0.43783206980879186,1.1090903318072378,2.119379954707256,3.5775976575787354,5.5634701090275485,8.095584783641243,11.122601875675173,14.544030192544597,18.243724067760922,22.116057479528536,26.07773180296499,30.068721427171113,34.048110489431565,37.98871141440031,41.872230149267125,45.68548836861737,49.417678557758336,53.05846935293448,56.59677052336701,60.02000266958203,63.31375515149557,66.46174521634384,69.44601093776873,72.24728274461086,74.84548567994352,77.22032923588267,79.35194515676994,81.22153693844302,82.81200840263045
EGY,Female,CKD,combo,9490.40739123206,0.0,584.7831573344811,0.0,17.883302443893626,39.59725945004902,61.44614761705088,83.5847515169553,106.1591187810809,129.20453849375917,152.65619506349685,176.38651912224304,200.2496109484673,224.1134123333868,247.8737673269061,271.4549613517629,294.80340492989126,317.8791065828409,340.6473052552683,363.0712424121157,385.10640071347734,406.69627519758797,427.76964630909424,448.2392826389587,468.0019726508326,486.9397568373679,504.92220393309253,521.8095495507005,537.4564956852992,551.7164570151363,564.4460359944569,575.5095137424069,584.7831573344811
BGD,Male,CKD,glp1,1244.0459651266447,0.0,68.1613244274813,0.0,2.8738358842601883,6.415931398623798,9.956865847156223,13.464114977630743,16.924980929970843,20.329901052289642,23.670575204158013,26.93894150687811,30.12677126888775,33.2257274715339,36.227668240568164,39.1250020651878,41.910966764833574,44.57977227057563,47.126600066763785,49.54748481464412,51.83911854276448,53.99861982125003,56.023304688493226,57.91048693651828,59.657325552507245,61.26072833224316,62.717313686902344,64.02342760813917,65.17520943845011,66.16869816566759,66.99997004426405,67.66529811800137,68.1613244274813
BGD,Male,CKD,diet,1341.9363746990512,0.0,86.02619670458807,0.0,0.5540166679784306,1.4194343069229944,2.7271042212487373,4.608583644077953,7.154020758551269,10.37241833191365,14.182795373955742,18.442805775825036,22.992208686833692,27.685905435602763,32.40845903554691,37.075125647164896,41.626794946245354,46.02362358849496,50.239419363257184,54.25729822217545,58.06651928636347,61.66024264939915,65.0339666146283,68.18445661036094,71.10903159941518,73.80511406365986,76.2699771468724,78.50064062750243,80.4938792273606,82.24631463224796,83.75456799524545,85.01545353561232,86.02619670458807
BGD,Male,CKD,combo,2578.4849148777976,0.0,153.76284725068035,0.0,3.4243179171298834,7.825288999703844,12.664309088168011,18.039674151339568,24.028426414268324,30.63019439322852,37.75648323257337,45.258018440857995,52.96749137680672,60.73243824242127,68.42998847749732,75.96826984038125,83.28168238361468,90.32473213682897,97.06646202579941,103.48602548452982,109.56934991282469,115.30667968290436,120.69079430152487,125.71574328421411,130.3759826213427,134.6658288637227,138.5791671226143,142.10936213642344,145.24932994615665,147.9917335680875,150.32927045852557,152.25502312362732,153.76284725068035
BGD,Female,CKD,glp1,702.6981167391086,0.0,40.356856449294355,0.0,1.5431735886559181,3.4326257674356384,5.313903831328389,7.177141524214676,9.021947736627226,10.848020561210433,12.65419995076627,14.438266006961385,16.197133239550567,17.927198320836396,19.62467014788308,21.2857987159623,22.90698522169805,24.484792509718318,26.015888766884018,27.496957314102474,28.924598850680923,30.295244336924952,31.605089362190483,32.85005529708724,34.02577883112281,35.12762928914526,36.15075191519463,37.09013466556644,37.9406956353705,38.69738785765003,39.355317781601116,39.90987326344475,40.356856449294355
BGD,Female,CKD,diet,763.4846761693761,0.0,50.897868798483614,0.0,0.29749224525312457,0.7596061092008313,1.4567288224361619,2.4607461710165808,3.822812960825104,5.551887175507545,7.60924895104381,9.92297655420316,12.410744233735386,14.997460264272377,17.6231852185756,20.243812080239877,22.828396562692433,25.355722099859122,27.811249914033397,30.184770765758003,32.468723907461026,34.657046572374384,36.7444147305996,38.725762908194156,40.59600073309048,42.34986841218597,43.98189137727968,45.486406800517216,46.85764289254803,48.08983704187631,49.177381878898814,50.11498998721436,50.897868798483614
BGD,Female,CKD,combo,1461.936612018466,0.0,91.00429106915726,0.0,1.8387678286790106,4.18685468143849,6.760183569585934,9.62036984376391,12.81793617824951,16.36160571505843,20.211881117481425,24.295192272154054,28.52672155495202,32.828274479974425,37.136487233241496,41.403744766013915,45.595650268711324,49.68763137780297,53.66185911994398,57.50482765287052,61.205587582295266,64.75451581451671,68.14249484620268,71.3603956179777,74.39878394934021,77.24779268427483,79.89711834582886,82.33611280377045,84.55394818093191,86.53983793498082,88.28329961261079,89.77444591665699,91.00429106915726
USA,Male,CKD,glp1,24231.940341278314,0.0,1211.1266939917405,0.0,59.999077990447404,134.77488979839836,210.56884389308107,286.4207557547488,361.63978181891434,435.5416336403432,507.479141132746,576.8704162665381,643.217049698258,706.1132694546395,765.2481859419058,820.403210956807,871.446267196894,918.3238985626958,961.0520103142917,999.7057359117607,1034.4088101861707,1065.3227797254076,1092.6363622323406,1116.5552520238707,1137.2926461382885,1155.060730852143,1170.0633230082312,1182.4898079120758,1192.510459644327,1200.2731739958544,1205.9015916379285,1209.4945415974653,1211.1266939917405
USA,Male,CKD,diet,4312.51954664012,0.0,257.35070306039415,0.0,1.9488868224143516,5.015639931822079,9.664506659319159,16.354093229747377,25.385049108837848,36.75915233847627,50.15132726552838,65.01544963962806,80.74181210971437,96.77663048781687,112.67563036928186,128.1097685896093,142.84913996430987,156.74182109734102,169.69483721678262,181.65908002614742,192.61786432523513,202.57826948164438,211.564472321028,219.61248937359778,226.76594561047386,233.07263276742015,238.5817149196664,243.34149489928677,247.3976851342013,250.79214027863054,253.5620133383636,255.73929627340112,257.35070306039415
USA,Male,CKD,combo,28489.888101413046,0.0,1465.9599116974132,0.0,61.911897876736475,139.68822460887895,220.03500408766558,302.44459925698175,386.5246978155046,471.5970114911179,556.6993821626675,640.7168115317181,722.5537400604953,801.2605855185684,876.0889630162128,946.4951461257588,1012.1188349719596,1072.7547597290104,1128.3249163782311,1178.85374711841,1224.4463558878488,1265.2692636509892,1301.5332443505904,1333.4779728431604,1361.3583875567128,1385.4327784333,1405.9526576657954,1423.1544726530265,1437.253193828903,1448.4377676308504,1456.8683762447472,1462.6753972197912,1465.9599116974132
USA,Female,CKD,glp1,22035.143726539944,0.0,1121.3563254580804,0.0,52.67572791906423,117.89321745587222,183.926135228583,250.21669746433327,316.36046158849786,381.8846932680608,446.2822297137318,509.0458329674584,569.696137385632,627.8025307214411,682.9973689593025,734.9843574373517,783.5420351282519,828.5232596739224,869.8515115158662,907.514758277699,941.5575537184632,972.071984256836,999.1880137160624,1023.0637097654107,1043.8757631738845,1061.8106354826305,1077.0565951428143,1089.7968296248582,1100.2037538934383,1108.4345754951064,1114.6281240297103,1118.90290807758,1121.3563254580804
USA,Female,CKD,diet,3897.5217987642827,0.0,236.54542782559292,0.0,1.7110101595171727,4.385186115818215,8.42713267650106,14.240058321505785,22.09695114637725,32.01967150454584,43.75194319833827,56.84505635012465,70.78836667441647,85.10962407301122,99.42128562284051,113.42735237412853,126.91205160028767,139.72407163157186,151.76220761801233,162.96390437213995,173.29645741086279,182.75021198412287,191.3331608497101,199.06651667850383,205.98099409244605,212.1136489056953,217.5051918142999,222.19773230412102,226.23292692894756,229.6505125205731,232.48720475927985,234.77593925099063,236.54542782559292
USA,Female,CKD,combo,25888.892844188056,0.0,1356.035323666365,0.0,54.35507339007745,122.18932755966671,192.18168919168238,264.17259357933654,338.02898357002414,413.3037557628559,489.2421705440938,564.8994166563207,639.2962203733478,711.5382785233232,780.8762697556667,846.7213263232406,908.6377287606592,966.3271559422865,1019.6110717257834,1068.4134652592475,1112.7443980654934,1152.6843316688173,1188.3692040008464,1219.9763258817547,1247.7112518893264,1271.795814528101,1292.4575032296707,1309.9203348028677,1324.3973126823403,1336.084518224132,1345.156824422098,1351.765174208631,1356.035323666365
JPN,Male,CKD,glp1,2156.5478432341115,0.0,99.9452511465206,0.0,6.968152213448775,15.578494296369172,24.0427510767513,32.15986003787475,39.81095791029293,46.913518884804944,53.416381619936146,59.29738252150128,64.56069169707553,69.23280883802363,73.35723395230161,76.98842967092787,80.18585392443492,83.00871882377396,85.51188690229901,87.74306336162772,89.74124157293772,91.53622752548836,93.1490027507898,94.59266992770426,95.8737441973426,96.99359138929503,97.94986048737337,98.73780387899023,99.351420400184,99.7843904062538,100.03079822145082,100.08565559833733,99.9452511465206
JPN,Male,CKD,diet,2399.530734405598,0.0,135.29899662678508,0.0,1.4308963972835045,3.669799076302297,7.004368499423435,11.687634239984618,17.82682095851851,25.29861814799733,33.76061890316487,42.75804779061946,51.8513481169357,60.69760467123706,69.0731843688045,76.8591203040778,84.01304931634877,90.54158129893403,96.47836299092887,101.86858619384657,106.75898946934467,111.19202948303428,115.2030119317169,118.81920985528632,122.06023170769913,124.93909909814465,127.46365198184503,129.63802251297966,131.46401366755163,132.9422900788959,134.07334039218404,134.8582063257236,135.29899662678508
JPN,Male,CKD,combo,4554.113625084359,0.0,235.43301951164176,0.0,8.387696704507107,19.217832605128933,30.99190508306856,43.76229138236522,57.51912581056604,72.05973259072198,86.99425726210757,101.84889570614178,116.19008228680832,129.7018225818938,142.20335121040625,153.62894046693327,163.99425845585938,173.36375378392404,181.82475296329721,189.46921222896344,196.38216219835522,202.6353719093313,208.28479867030546,213.3706064689104,217.918784505473,221.94362993830873,225.45056080875293,228.43889345373464,230.9043543533735,232.84120160551902,234.24390917478377,235.1084213631766,235.43301951164176
JPN,Female,CKD,glp1,1733.5766068450503,0.0,80.76139816526484,0.0,5.8116693778029,12.815878164652531,19.552055608557566,25.942558816015662,31.95595241927731,37.565221976314206,42.746529574957094,47.4821886907157,51.764164465512295,55.59635094135592,58.99496610175993,61.98717000221586,64.60842318778668,66.89922412385931,68.90180030677584,70.65717529673566,72.20286212920837,73.57128203382672,74.78889320744202,75.8759402771575,76.84669611285426,77.71005578085169,78.47034926657943,79.1282577408856,79.68174175042441,80.12691453291336,80.4588168776063,80.6720699157413,80.76139816526484
JPN,Female,CKD,diet,1928.0059490232597,0.0,109.12606850697557,0.0,1.1934149140470254,3.0235373246468953,5.721753147590789,9.495112821823568,14.436651625357626,20.45556932285035,27.283259886909946,34.55607092320497,41.9165903232788,49.080003886705526,55.85472087697417,62.13352731212581,67.87352180466405,73.07549510779063,77.7668717494962,81.98896362322557,85.78803873687139,89.20942579648909,92.29392484545679,95.07591926051828,97.58270469334457,99.83465050665109,101.84589136212526,103.62531554574161,105.17767541663852,106.50469545409942,107.6060952756925,108.48047897196375,109.12606850697557
JPN,Female,CKD,combo,3662.978066852702,0.0,190.2288728270869,0.0,6.995616426655033,15.815003329607862,25.231133183671773,35.37395437100713,46.30667143016399,57.91407166211866,69.90660150150507,81.90522595282164,93.54569185146102,104.54714294571022,114.73343546079923,124.02327846363914,132.40783544369697,139.92704960423725,146.6493958500214,152.65625448842184,158.0306821324375,162.84991658430954,167.18088323972552,171.07801777900022,174.5827983109557,177.7244659866301,180.5215003483754,182.983501509676,185.11321280433913,186.90849190359222,188.36410321939547,189.47325824164,190.2288728270869
GBR,Male,CKD,glp1,1704.389876212711,0.0,89.5881603872349,0.0,3.848495805094899,8.777442355990388,13.887034814775689,19.07285484422482,24.2553361776354,29.36322879283489,34.33643005270733,39.128235376087105,43.70580994790362,48.049010116795216,52.148134037174714,56.00124280682485,59.61156201614358,62.985283006563805,66.12990663754044,69.05314030727914,71.76227645784365,74.26394071616687,76.56408887884209,78.66814290561251,80.58117764862436,82.30809537553432,83.8537497150619,85.22300181418996,86.42070799666726,87.45164976541855,88.3204239202596,89.03131353567915,89.5881603872349
GBR,Male,CKD,diet,195.8786600121275,0.0,12.314563454566269,0.0,0.08124853904973861,0.21183618426039175,0.41110312118235015,0.6980109535907104,1.0848636493465165,1.571660217515273,2.1451566963087316,2.783318872885502,3.4617401367004277,4.158423474172196,4.8558577291769325,5.541151048551001,6.205286363329833,6.842185435295505,7.447882807644419,8.019891805352017,8.556752318958388,9.057722080267013,9.522571232197151,9.95144655167951,10.344779817483868,10.703222220920907,11.0275928018591,11.3188336269086,11.577967944694137,11.806060026406158,12.004177001894277,12.17335389993059,12.314563454566269
GBR,Male,CKD,combo,1897.6275120279633,0.0,101.76179646511991,0.0,3.9283225071540073,8.9851859202181,14.290116900252542,19.757408891516206,25.319701175266346,30.90588862556615,36.442997104359165,41.86277508531566,47.108454975807035,52.138276316736665,56.925290063785724,61.45482586939215,65.72117418053222,69.72447612103952,73.46826065726054,76.9577214426181,80.19865229743937,83.1968924440398,85.95812160214246,88.4878622984761,90.79157619167745,92.8747737514741,94.7430871368042,96.40228190657763,97.85820314414832,99.11666555882584,100.18330563470408,101.06341775971396,101.76179646511991
GBR,Female,CKD,glp1,1970.82476334058,0.0,108.68828336076695,0.0,3.9004152175211857,8.897678495633954,14.141481316274621,19.56912485486464,25.125803834061117,30.74793963979937,36.368554600581774,41.92359908899107,47.35684053362911,52.622602589050075,57.686497390807745,62.524682202828444,67.12225207572646,71.4712953024191,75.5689895953683,79.4159642082177,83.01502636915757,86.37025949288181,89.48644477479684,92.36873081956401,95.02247014390923,97.45314926239735,99.66635438301637,101.66773279297922,103.46292755556533,105.05747817076917,106.45669136707511,107.66549390192631,108.68828336076695
GBR,Female,CKD,diet,224.44779438000933,0.0,14.822625663047802,0.0,0.08234464948418463,0.21440610961690254,0.41631097456229327,0.7084191413678127,1.1052643766624897,1.6098578175497096,2.212274306508334,2.893364304943134,3.6305466462135882,4.402335470932485,5.1905166564683896,5.980578929349576,6.761314357793708,7.524187255832658,8.26273971687624,8.972114256343048,9.64869542366796,10.28984794644748,10.893725978381553,11.459131651576172,11.985406016739944,12.472339993117203,12.92009680846786,13.329140584310153,13.700168258686972,14.03404397608574,14.331736449508753,14.594260659467182,14.822625663047802
GBR,Female,CKD,combo,2192.8399633270737,0.0,123.39174518007894,0.0,3.981318848250339,9.10796858073445,14.549770344308854,20.264146790004816,26.21073801034163,32.32912621903597,38.542778227009876,44.76897776133592,50.92938525100453,56.95722656713315,62.8001776285746,68.42006107817178,73.7908605981911,78.8961670561448,83.72669828409198,88.27819748418733,92.54981109289474,96.54293201913788,100.26043523886074,103.70620923923161,106.88488571285598,109.80168217134815,112.46229121450233,114.8727713356493,117.03941415975714,118.96857993802223,120.66650598612432,122.13910131008925,123.39174518007894
DEU,Male,CKD,glp1,4634.6222893849335,0.0,227.5475502285226,0.0,12.51387729965063,27.989844905463542,43.40138297975864,58.41457181149963,72.86624823810416,86.68331633677371,99.85026060158634,112.38027425833207,124.2940442535546,135.60687446381053,146.3227991915628,156.4337149799394,165.92164165243594,174.76258123388834,182.9308544393425,190.40316369207358,197.16192967260213,203.19767481412782,208.51039174327525,213.10994897722776,217.01566056131924,220.25518929359896,222.8629717200929,224.8783530402725,226.34360643814944,227.3019884642381,227.7959536332164,227.86562046051404,227.5475502285226
DEU,Male,CKD,diet,1314.6949554949351,0.0,77.58166946965139,0.0,0.652095043209556,1.666756567046832,3.1697386811938486,5.278310140805843,8.061183843961771,11.504767678998178,15.511375488131307,19.93097661331558,24.60235306242248,29.3812566752531,34.15090535178024,38.8212544513226,43.324165027301206,47.60842808696907,51.63597373467201,55.37931369015496,58.819863945798716,61.94677658857108,64.75600825774745,67.24945958172248,69.43410327938909,71.32107504080705,72.92473572417293,74.26173178239333,75.35008814688263,76.2083678061972,76.85492776714091,77.3072939679223,77.58166946965139
DEU,Male,CKD,combo,5933.699169039566,0.0,304.3825195472673,0.0,13.155161918493832,29.626278585245018,46.51318285685193,63.597999504017935,80.78603401815417,97.99182173075678,115.10465072810985,131.99072563147638,148.51237159968878,164.54290313582896,179.97115614436188,194.69999064892545,208.6438627583484,221.7278310115944,233.88819119364052,245.07404244980717,255.2489879898494,264.3923807156352,272.4997843703313,279.5825396781984,285.666481096996,290.78994827244605,295.00128877304087,298.3560668379723,300.91418655865345,302.7371151281659,303.8853589191931,304.4163072365154,304.3825195472673
DEU,Female,CKD,glp1,5926.572115328363,0.0,304.27940322878567,0.0,13.84142702129975,31.29097432360504,49.179265323884465,67.11904297592991,84.85054771436262,102.19637386657996,119.04888115788708,135.3481841838875,151.06055599292813,166.16197717148316,180.62786069226058,194.42818352011818,207.52662602013515,219.882291360198,231.452800693256,242.19785159849562,252.08260369582786,261.0804870980719,269.1752119529301,276.36189568138434,282.6473257507714,288.0494465222837,292.59620433978125,296.3239100843857,299.2752867873569,301.4973650777865,303.0393744923349,303.9507570003516,304.27940322878567
DEU,Female,CKD,diet,1663.3704297792974,0.0,102.91405363706872,0.0,0.7212733300293621,1.8592688187527528,3.564555663149804,5.978807052830234,9.190894179802854,13.199526180120301,17.9102415606867,23.168620046548313,28.803862690790993,34.65877359232036,40.60120701274718,46.52384365774196,52.339810315046634,57.97824939396378,63.38115295933312,68.50144338261816,73.30188644349982,77.75442698344341,81.83965583872123,85.5462372631664,88.87021722715144,91.81419358796484,94.38636587574729,96.59950238404417,98.46987086025547,100.01618020514798,101.2585768549543,102.21773278164983,102.91405363706872
DEU,Female,CKD,combo,7572.95366641221,0.0,406.4260887693381,0.0,14.550743090094329,33.11654480846846,52.67910439237312,72.9914911732667,93.88264057060587,115.1753432712394,136.67037620145857,158.15688761725687,179.43356750280873,200.32174011464303,220.6664644031407,240.33155790849196,259.1945128117695,277.1439169669429,294.0794769143358,309.9137197830314,324.57433485012734,338.0063492783265,350.1736305335944,361.0594642338947,370.6661468890816,379.01366331583995,386.13760039154295,392.08649362192955,396.9188199634009,400.69984672982173,403.4985280688561,405.3846122365285,406.4260887693381
GLB,Male,CKD,glp1,119150.74134757498,0.0,6774.498964928091,0.0,255.81405764096417,575.2698588626226,899.0233057059813,1223.514124032692,1546.9215398035012,1867.7261220955988,2184.585775153013,2496.2863079601666,2801.7287857838674,3099.9345087119145,3390.0530686276034,3671.365332484478,3943.2785740345716,4205.314377555973,4457.09151885123,4698.306339052389,4928.712737130234,5148.103258318151,5356.292125094333,5553.100580649334,5738.3446278898045,5911.825126267504,6073.3202033170965,6222.579991572304,6359.323766149115,6483.239599246765,6593.986645877594,6691.200124778086,6774.498964928091
GLB,Male,CKD,diet,115334.40884086583,0.0,7665.994440482929,0.0,44.25685673917178,114.14478240103927,220.5093149606837,374.3400091321673,583.3525437307544,848.7133171239402,1164.245338110486,1518.6871638033772,1899.1972826550482,2294.048541840166,2693.835855408339,3091.588280112599,3482.379635064164,3862.8269919744926,4230.646982585546,4584.314359236159,4922.815654908074,5245.476669177762,5551.842972392682,5841.597148904344,6114.501180990948,6370.356117118383,6608.973885052372,6830.157990160165,7033.691094341455,7219.3282729687635,7386.795222826069,7535.790936663747,7665.994440482929
GLB,Male,CKD,combo,233548.58075340965,0.0,14386.48445586767,0.0,299.63462602347136,688.1667929593241,1117.0916584983934,1593.7473432045663,2123.979094740469,2707.4587085621897,3336.7661537162494,3999.56756801391,4682.067164658103,5371.679891856853,6058.238137367764,6734.109211215167,7393.807905007969,8033.489933011006,8650.49684415781,9242.999126999523,9809.732731675263,10349.80955191073,10862.582196928794,11347.5473595683,11804.276414528722,12232.36545227957,12631.399630949367,13000.928638905985,13340.451365535613,13649.408711481141,13927.183938105358,14173.110145680374,14386.48445586767
GLB,Female,CKD,glp1,115704.34726083372,0.0,6718.979873652803,0.0,243.27472708770074,545.7395136287669,851.6581164187519,1158.1894269482,1464.0831277858233,1768.3312631208682,2070.0227248062147,2368.2690447903005,2662.180628272705,2950.876324703917,3233.507861963357,3509.2855253331363,3777.497489216854,4037.5200660306728,4288.819214568008,4530.945153305074,4763.522328913561,4986.236772618373,5198.822402509628,5401.047332166578,5592.700845507556,5773.581434176536,5943.486156944884,6102.201535967877,6249.496210953221,6385.115591931157,6508.778756454121,6620.177811057074,6718.979873652803
GLB,Female,CKD,diet,111985.53752240737,0.0,7596.063400755869,0.0,42.08750232204329,108.24719525652472,208.6405724179931,353.5639916000655,550.3224461303325,800.2345537671354,1097.9031607907964,1433.260846254765,1794.7370452355826,2171.6859610654647,2555.474674242898,2939.5928588900715,3319.32007352286,3691.2967945988057,4053.147260235157,4403.1908721006475,4740.234346355661,5063.4254064609995,5372.149910822511,5665.958613421419,5944.513941856916,6207.550407946459,6454.844553032424,6686.191888994072,6901.389334946638,7100.222322732443,7282.456156159518,7447.831430491293,7596.063400755869
GLB,Female,CKD,combo,226856.59067294176,0.0,14268.010612112703,0.0,284.9473267579451,652.8085415451787,1058.0087088935543,1507.9231029207585,2008.565303361509,2560.2726875470253,3156.8300164330285,3787.4115504006622,4439.688585321535,5102.243383342866,5765.674051013426,6422.7323401260655,7068.016392298043,7697.558253632626,8308.453261867398,8898.569741815561,9466.33368822746,10010.571558918105,10530.394876607927,11025.114077924518,11494.172777349944,11937.096539880033,12353.452378057875,12742.816684384597,13104.750343054067,13438.780450029997,13744.388483012095,14021.004956105258,14268.010612112703
