iso3,sex,outcome,arm,averted_10yr,averted_yr1,averted_yr10,yr1,yr2,yr3,yr4,yr5,yr6,yr7,yr8,yr9,yr10,yr11,yr12,yr13,yr14,yr15,yr16,yr17,yr18,yr19,yr20,yr21,yr22,yr23,yr24,yr25,yr26,yr27,yr28,yr29,yr30
CHN,Male,IHD,glp1,821368.1316813924,11842.29136567656,29221.048622960225,11842.29136567656,29480.106305108173,29023.462077180156,28397.30229673325,27807.04672097927,27305.25966430502,26914.688643206842,26639.044860288966,26470.559216741007,26395.837217911147,26399.860402481398,26468.30021084915,26588.526338124415,26749.75656308094,26942.751387950033,27159.357689138968,27392.093540115515,27633.86790981982,27877.85617021355,28117.507238585036,28346.63688733452,28559.557975230506,28751.205540219322,28917.227252364624,29054.0235034558,29158.73372310819,29229.174933681497,29263.74461462139,29261.302809927147,29221.048622960225
CHN,Male,IHD,diet,558923.1504059138,0.0,33149.76247303258,0.0,326.74064082535915,790.8725909912027,1463.3655047258362,2413.0139046842232,3682.6852050542366,5266.187779300148,7104.083541480126,9103.400694836397,11166.728296429152,13213.578466039151,15188.395932523767,17058.920759591274,18810.454895915696,20439.695958843455,21949.717225440312,23346.44385638577,24636.45294307731,25825.7765769877,26919.393926501274,27921.15482631349,28833.94136176235,29659.93113841419,30400.872861534357,31058.321557380492,31633.80827310984,32128.93862038036,32545.427326828707,32885.08326752507,33149.76247303258
CHN,Male,IHD,combo,1365676.3895177236,11842.29136567656,61613.182424493134,11842.29136567656,29794.51109054638,29784.66306856065,29807.261494773207,30134.329230793053,30860.264798554592,32002.462346055545,33507.85945165134,35279.3112535784,37209.41531489999,39205.15596653987,41198.06076658913,43143.75717457896,45016.68934888323,46803.921183593106,48499.858830177225,50102.43383023213,51610.68501920649,53023.45882058283,54338.90613986994,55554.48491722322,56667.23358842381,57674.14192207041,58572.50286536105,59360.1779136511,60035.74731355137,60598.544778080424,61048.59499054402,61386.482308982406,61613.182424493134
CHN,Female,IHD,glp1,732633.3043731635,10176.837065545144,28895.506299581146,10176.837065545144,24958.32516604429,24210.93751944299,23486.595404028543,22905.82062409958,22476.852091340697,22196.111550915637,22052.691697424627,22031.234276236617,22114.513056747965,22285.415574390674,22528.194459210616,22829.039791536285,23176.132225104026,23559.373014519806,23969.971789453295,24400.02959992818,24842.202925471123,25289.486916747177,25735.119801235618,26172.587080382276,26595.692809088156,26998.663278386695,27376.25275339,27723.828691416187,28037.422772110207,28313.74247257877,28550.144816308282,28744.57885049889,28895.506299581146
CHN,Female,IHD,diet,528361.6949786335,0.0,33215.77064665663,0.0,270.7517271172255,662.3084876200883,1235.740712132305,2050.645231931354,3145.715114341234,4519.6256913340185,6127.277924149064,7895.410440651816,9745.795909051783,11612.308481342625,13447.489007190918,15221.6117508756,16918.58896697976,18531.4958599041,20058.8776529514,21502.088259009062,22863.545084741432,24145.690924421884,25350.46256904141,26479.101710252464,27532.180813202634,28509.748381365323,29411.5241845611,30237.096538908314,30986.091386424843,31658.297135080444,32253.74020549562,32772.71418189909,33215.77064665663
CHN,Female,IHD,combo,1246563.3703770973,10176.837065545144,61298.766954005,10176.837065545144,25218.854858513456,24848.26111748838,24676.785395629006,24882.62846629857,25511.738174263737,26559.768333989312,27972.79977817496,29665.122287360136,31544.10927845142,33528.67811320315,35556.9513197724,37586.017337746685,39588.10363682045,41546.03438363108,43449.277473893366,45290.965762517415,47065.87306888122,48769.186416568,50395.886534929276,51940.558816586854,53397.48043196136,54760.85726076318,56025.11336436821,57185.16393682803,58236.62844205415,59175.96269730851,60000.50617821189,60708.45349133294,61298.766954005
IND,Male,IHD,glp1,477799.8854808557,6178.946478709229,17861.0538118931,6178.946478709229,15477.866542749573,15303.303952554124,15132.732169072493,15018.07915168174,14952.718933002325,14930.478967383271,14946.37658440962,14996.279302498093,15076.608601660351,15184.110632373602,15315.68544679624,15468.264177289093,15638.724604630144,15823.83717423398,16020.235102950828,16224.403593765106,16432.68430077657,16641.29207454389,16846.341698977165,17043.882835838012,17229.941744429525,17400.568558006315,17551.888988832943,17680.159318201942,17781.823430750985,17853.570505904034,17892.391819897108,17895.634977044305,17861.0538118931
IND,Male,IHD,diet,444832.02891782636,0.0,25439.974373718258,0.0,285.7411334643839,702.9614425745094,1307.6969763351372,2150.854455567198,3257.5145794658456,4609.870304657961,6148.024717968889,7789.647707772441,9454.407504652743,11079.705986443674,12624.930677357828,14068.477642955491,15402.338579138042,16626.987175217597,17747.506286809687,18770.98622927931,19704.918847436784,20556.28344724956,21331.081903886283,22034.152501148637,22669.150556324515,23238.625204388052,23744.148946464527,24186.47376686195,24565.698148840107,24881.43557755486,25132.978725152556,25319.455519139534,25439.974373718258
IND,Male,IHD,combo,915391.27723582,6178.946478709229,42962.55085290526,6178.946478709229,15756.835489095422,15989.4780753901,16409.721054728143,17119.417708436376,18136.752596268198,19438.529251536587,20961.581924994127,22621.532751013176,24336.315483149257,26041.342617249582,27693.552803777857,29268.44614904048,30754.760433515068,32149.44900014461,33453.87840135093,34671.276520877145,35805.16320985905,36858.46678392426,37833.08887655474,38729.75032332144,39548.00771300262,40286.37052338128,40942.475300164195,41513.29005517275,41995.33222122234,42384.88946562889,42678.23603479541,42871.83913661144,42962.55085290526
IND,Female,IHD,glp1,373103.3260839911,3981.24894956802,14383.560703916708,3981.24894956802,10368.210128156585,10477.252081736224,10592.320293556899,10737.188223265694,10902.891357157263,11083.27936381509,11274.102082523634,11472.287824914441,11675.550506169093,11882.129529543803,12090.593911692617,12299.688672879012,12508.21531696443,12714.941746776807,12918.537819475285,13117.53313929704,13310.294068649877,13495.017320614425,13669.737823084812,13832.348787365132,13980.632068014122,14112.296976227663,14225.025723401457,14316.523645749083,14384.572318495717,14427.083633526461,14442.152910448378,14428.109157005325,14383.560703916708
IND,Female,IHD,diet,385946.06672644103,0.0,22250.843668686226,0.0,267.8950921854703,649.727887408575,1195.9708572046366,1950.4843912707875,2932.499304082594,4122.375365543412,5463.891135777347,6883.088106767624,8310.283695955877,9693.318387227599,11000.241204412421,12215.792375441408,13336.128096531029,14364.144518277491,15306.096337277675,16169.4231685868,16961.47190354555,17688.813866067096,18356.93128257699,18970.122310916544,19531.530084145954,20043.238939675037,20506.40474673966,20921.40054835449,21287.967026339844,21605.361908740364,21872.50486841891,22088.115648283623,22250.843668686226
IND,Female,IHD,combo,752984.9282727285,3981.24894956802,36346.521383784246,3981.24894956802,10629.75599203736,11111.621109607513,11760.660774877644,12643.665581832756,13770.744175432483,15116.89379435021,16623.212084052968,18214.483843076858,19820.261054827017,21387.58563667815,22883.49174487556,24291.48390847305,25606.30784959963,26829.312646210194,27965.08706130495,29019.289061886724,29997.36598904268,30903.87147774303,31742.15803936671,32514.296594904154,33221.12884870928,33862.39509077661,34436.90313636919,34942.71803786047,35377.36027089879,35738.00458543468,36021.67410109681,36225.42544805072,36346.521383784246
BRA,Male,IHD,glp1,201537.2827195463,2138.7182487624523,7560.458984907513,2138.7182487624523,5455.62259773376,5600.451101614803,5728.589683611179,5857.0756011099875,5984.041657108275,6108.266829309243,6229.149685830111,6346.4425805640785,6460.074965071428,6570.042084473622,6676.3369746390235,6778.9102994635905,6877.647631709464,6972.3574448576255,7062.765655023206,7148.514302104784,7229.163104167921,7304.193325043161,7373.0137889907055,7434.969054249668,7489.349792042602,7535.40536354651,7572.358484499797,7599.42174436737,7615.815624609706,7620.787552457652,7613.631441713282,7593.707115963771,7560.458984907513
BRA,Male,IHD,diet,63706.64734124944,0.0,3805.573590137821,0.0,33.43117395201989,83.80928615818266,158.148648909264,263.14683866025007,402.767489372156,576.1257222122513,777.2996829560725,997.2915156509262,1226.6783591606218,1457.4682819083537,1683.7753855376795,1901.6973080160824,2108.8757363627956,2304.031431863332,2486.5872777422483,2656.3974520736374,2813.5652931085206,2958.325659275928,3090.97109484105,3211.8067364644958,3321.1238147257827,3419.185206024733,3506.218909117306,3582.4168609785847,3647.9374493412324,3702.9106361573504,3747.444924305106,3781.6355762356543,3805.573590137821
BRA,Male,IHD,combo,261274.6600383148,2138.7182487624523,11159.567217725911,2138.7182487624523,5486.449802588497,5677.593795343797,5874.217533088275,6099.583702132208,6355.5624503874715,6640.224873862797,6947.620458915349,7269.2917894213315,7596.524007889253,7921.942367716343,8240.075754125326,8547.216468392653,8841.003883444268,9119.992140147908,9383.302436905666,9630.374929172744,9860.80367862196,10074.232389115612,10270.29210413812,10448.567253765039,10608.580906930496,10749.79328656799,10871.6096934464,10973.395258790522,11054.49467851143,11114.255478286883,11152.0535609301,11167.319889187987,11159.567217725911
BRA,Female,IHD,glp1,173404.85215957882,1510.412712023557,7305.22165855662,1510.412712023557,3911.806270324334,4074.7582993897377,4235.69647956494,4402.772980888985,4572.084858850882,4741.078616992556,4908.194188719659,5072.467991114696,5233.285076531756,5390.230849983112,5543.004835224492,5691.371473676103,5835.131852075108,5974.1063657876075,6108.122419839143,6237.00396347676,6360.561390405492,6478.581421746931,6590.817228478336,6696.979383637779,6796.728357426342,6889.669248183927,6975.349328566401,7053.258816191359,7122.8350796286395,7183.470285123389,7234.522292749214,7275.328434420953,7305.22165855662
BRA,Female,IHD,diet,56050.13363616739,0.0,3563.0806585689133,0.0,27.597741225443315,68.801806510819,129.5495999460545,215.5594880963763,330.35858729887696,473.52157285388967,640.4761295635253,824.0885633215366,1016.8363359852083,1212.3333814613143,1405.8821861280157,1594.3693824839575,1775.9042273961531,1949.4410539503733,2114.4777266035235,2270.842748942625,2418.5547443228133,2557.7331727566198,2688.542705029424,2811.1587928465015,2925.746329968417,3032.4464322716667,3131.368429093418,3222.585437615431,3306.132640163589,3382.007790685064,3450.1736722377245,3510.5622988401155,3563.0806585689133
BRA,Female,IHD,combo,225937.52230568073,1510.412712023557,10668.253122067661,1510.412712023557,3937.254411137619,4138.1017685951665,4355.03343719212,4601.5139999754465,4876.960578883154,5178.5159428146435,5500.49362617296,5835.41984459947,6175.774480263179,6515.248553802754,6849.175749546674,7174.398271885453,7488.914872280264,7791.52201006205,8081.527398656181,8358.54518170908,8622.356991465756,8872.819540094628,9109.803118893906,9333.150293389379,9542.648135513227,9738.010154333562,9918.865851981056,10084.756829694103,10235.138855751633,10369.389474624186,10486.820719473966,10586.696378797904,10668.253122067661
CAN,Male,IHD,glp1,44729.757533493066,596.7214669125424,1469.4702480665655,596.7214669125424,1476.590593904275,1478.8867731073224,1479.6045046804247,1484.0170982734016,1491.226965123511,1500.1707672844896,1509.914129578101,1519.7162947412362,1529.0280575652941,1537.4623724463308,1544.7584468042587,1550.7493917185857,1555.3370694086589,1558.4742862524581,1560.152895563806,1560.395928587579,1559.252030094951,1556.7908904136784,1553.0988340586591,1548.274139848123,1542.4219849781002,1535.6491192675567,1528.0584978059633,1519.744150096656,1510.786561908717,1501.2488104040312,1491.1736380111906,1480.5815865865989,1469.4702480665655
CAN,Male,IHD,diet,9002.608875211747,0.0,539.831837407386,0.0,4.397670355312584,11.15059305892646,21.294823684023868,35.84936216679125,55.45204476549043,80.02427212616749,108.71977009341572,140.2094518072554,173.08644542297407,206.1559717817363,238.54204180582383,269.66805882073095,299.18764459359227,326.91280509895296,352.7575839968995,376.6995168366848,398.75532569702773,418.96632118119305,437.3897699903864,454.0936200749893,469.1529497733609,482.6472129680915,494.65781659609274,505.26584987971,514.5499428321164,522.5843085513588,529.4370505050938,535.1688133401622,539.831837407386
CAN,Male,IHD,combo,53158.70860317821,596.7214669125424,1977.8081772857768,596.7214669125424,1480.6530012340045,1489.1700996088148,1499.2533346083437,1517.1245495170006,1542.4867227215473,1574.217590887627,1610.6134405793673,1649.7133935273669,1689.669957004804,1728.988157050957,1766.5901431289021,1801.7668949848521,1834.0905896413133,1863.3312372568726,1889.3930776173147,1912.2711834011461,1932.0233996368006,1948.7522073176588,1962.5922546468064,1973.7007347977597,1982.2489932437347,1988.4146080312385,1992.3737366410205,1994.2938358709507,1994.3270075897817,1992.604260754455,1989.2309513136388,1984.2835963658144,1977.8081772857768
CAN,Female,IHD,glp1,28871.829786381415,428.0236301155019,998.6785283564932,428.0236301155019,1014.4743460770624,974.4129223360615,947.0667760155484,931.6101494494578,924.6445555103201,923.6526516813901,926.776540945626,932.6363852011127,940.2059244542143,948.7222076697581,957.6183408763609,966.4733454703855,974.9753109933044,982.8948662407711,990.066433156011,996.3750929913076,1001.7472724233485,1006.1438465294559,1009.5546285832897,1011.9935481387001,1013.4940935651794,1014.1048081323715,1013.8847826545825,1012.8991899297071,1011.2149660787254,1008.8967709669923,1006.0033628831552,1002.5845089552204,998.6785283564932
CAN,Female,IHD,diet,6295.547518834344,0.0,387.03814857271936,0.0,3.2390927383312373,7.924234964022617,14.802374228838744,24.590192605559423,37.74616838432485,54.25244082620702,73.57993314326086,94.87507532865857,117.226504279668,139.85582699235238,162.1875683081962,183.83645535270261,204.56256296808715,224.22519749247658,242.74719950785584,260.0909927771354,276.2439391412663,291.2099760409146,305.0050512755188,317.6546140147948,329.1920583011015,339.65748089882254,349.09642853919286,357.55850791177727,365.0958495757295,371.7614806899219,377.60768991969235,382.6844740552151,387.03814857271936
CAN,Female,IHD,combo,34758.75838637217,428.0236301155019,1362.195103226455,428.0236301155019,1017.4665017000989,981.7233469995372,960.7310658129827,954.3290213919354,959.5486569848144,973.8644662930783,994.9376804378007,1020.6049504746443,1048.9990652888446,1078.6352859170256,1108.409963759259,1137.539969097994,1165.4853653956488,1191.8808192090873,1216.4841069952236,1239.1409036375844,1259.7619031074464,1278.308133079834,1294.7811658206338,1309.2159286970455,1321.6746714558867,1332.2412863591235,1341.0156194599585,1348.1076972221126,1353.6319625448305,1357.701701480164,1360.4238723677045,1361.894542039914,1362.195103226455
TUR,Male,IHD,glp1,169589.85091913684,1765.7643858238152,6559.315255669266,1765.7643858238152,4556.422973118191,4650.388277493526,4740.290807833837,4840.467227543908,4946.891733557961,5055.848608643588,5164.535863352299,5271.0192482647835,5374.100238556071,5473.168454019586,5568.053604148241,5658.883665212765,5745.955718562967,5829.62495244162,5910.215158027975,5987.9516224526305,6062.91535834485,6135.016351559898,6203.982900675808,6269.363995842767,6330.541864195067,6386.752150070388,6437.109596458293,6480.6374803896615,6516.299388390558,6543.032179406975,6559.779169059999,6565.522690019541,6559.315255669266
TUR,Male,IHD,diet,23594.78963981071,0.0,1427.4820621390245,0.0,14.728345121940947,35.4830964912253,65.00479200320842,105.85536364352447,159.38906470574148,224.97721329389606,300.0598658402596,381.03891740257677,464.36289327946724,547.2105266686413,627.6713517892786,704.6227798051841,777.5111312759982,846.147862972517,910.5559033427853,970.8652454436524,1027.2463449643983,1079.8697078978876,1128.8827771068609,1174.3980082988855,1216.488133732084,1255.1860425377963,1290.487630198215,1322.3565522536373,1350.7301803646696,1375.5262829554704,1396.650089064904,1414.001475216981,1427.4820621390245
TUR,Male,IHD,combo,191633.52497933997,1765.7643858238152,7907.949619146355,1765.7643858238152,4569.753392298466,4682.526628086453,4799.31804182443,4936.815336474276,5092.27481222323,5261.470500031413,5439.322600299754,5620.647175427948,5801.007109765997,5977.19371419822,6147.254202005293,6310.247559376468,6465.922171098704,6614.422374653819,6756.0600890106,6891.1525225981895,7019.915049108386,7142.396697751319,7258.447428895393,7367.708685269594,7469.620757126046,7563.44211362768,7648.277074343612,7723.109101250549,7786.837650052388,7838.316982302902,7876.395649561906,7899.955555706751,7907.949619146355
TUR,Female,IHD,glp1,128417.91298774439,1349.4186475256356,5453.356575846337,1349.4186475256356,3420.7805598876876,3415.801645898049,3426.3119719411843,3460.8085926854765,3514.10575946093,3581.38721996767,3658.663439857708,3742.7661760760748,3831.2607851764405,3922.3367384665617,4014.6973421027506,4107.455674167439,4200.038932435593,4292.102032197508,4383.451000361354,4473.976594391483,4563.598390389918,4652.219325757804,4739.690400923646,4825.7849915000115,4910.182027177536,4992.457167224144,5072.081040413177,5148.423606282551,5220.763717622933,5288.303003972585,5350.18323874475,5405.506389289454,5453.356575846337
TUR,Female,IHD,diet,20000.549046449516,0.0,1269.667311459998,0.0,12.053514512561378,29.059917218815826,53.34249056404951,87.02984613146691,131.25173472166352,185.4819638528861,247.57194517575408,314.50570742757554,383.3271135565665,451.7255536180892,518.1852299796446,581.8691130616353,642.4205801542703,699.7821481814171,754.0620127685397,805.4462671721849,854.1450378298614,900.3610331799719,944.2720009883487,986.0215416833671,1025.714901766536,1063.4177875360037,1099.157095936258,1132.9229507641285,1164.6717011349683,1194.3296778420336,1221.7975687131839,1246.9552995177364,1269.667311459998
TUR,Female,IHD,combo,147085.18687260812,1349.4186475256356,6648.961392916914,1349.4186475256356,3431.6900272934145,3442.1120319451948,3474.722485161903,3539.9766102110734,3633.7600052237685,3750.832010479782,3885.295391323234,4031.2615488875163,4183.600789015181,4338.371252124278,4492.855050565042,4645.3583422921,4794.941529232165,4941.170977150774,5083.921806528015,5223.231269487398,5359.192940161607,5491.881615268736,5621.301067539913,5747.349117891965,5869.796225927712,5988.274940038071,6102.278259968254,6211.165401027029,6314.173718404272,6410.4357180598745,6499.000184494405,6578.856516462882,6648.961392916914
ZAF,Male,IHD,glp1,19006.27483228006,274.1086269174539,695.3526770520257,274.1086269174539,672.6191149832575,665.4139565612859,655.993164413836,647.311486057366,639.6174254766829,633.0342127064305,627.6233035301084,623.3970301484533,620.3298634541097,618.3696387025975,617.4479895083587,617.4890932769158,618.4161586727041,620.1554934555497,622.6383199073862,625.8007133158644,629.5821376266395,633.9230698401443,638.762170019927,644.0333901935919,649.6633393668199,655.5691437799469,661.6569674209786,667.8212906923436,673.9449862189831,679.9001803130814,685.549846382135,690.7500422850862,695.3526770520257
ZAF,Male,IHD,diet,715.0022594328948,0.0,46.679371773676394,0.0,0.32703556584783655,0.8189325793464377,1.5542600035059877,2.61117148336416,4.041371840168722,5.845035658701818,7.965552501696948,10.309031101583969,12.773720430541289,15.272066718447604,17.73971368471757,20.135005719552282,22.434345963592932,24.62690392836157,26.71015274636011,28.68655791809215,30.561272803810425,32.340584812489396,34.03088208911868,35.637970773717825,37.16662909968363,38.62032657312011,40.00106452999171,41.309311682354746,42.54401813890581,43.70269644942891,44.78156036442306,45.775712498292705,46.679371773676394
ZAF,Male,IHD,combo,19687.03362617512,274.1086269174539,739.9701213350054,274.1086269174539,672.9272993943068,666.1847290019305,657.4565444003929,649.771491465186,643.4274133507424,638.5485152242363,635.1437253924505,633.1375003167414,632.4086692062901,632.8224373205412,634.2493897880577,636.573887124403,639.6962816985924,643.5320708560103,648.0095500212283,653.0666518212201,658.6473163436094,664.6976484938714,671.1621062264057,677.9799552405493,685.0822017089231,692.3891755113764,699.808888443964,707.2362408818808,714.5531006515703,721.6292320835382,728.3240129378682,734.4888430167775,739.9701213350054
ZAF,Female,IHD,glp1,17116.709562394026,223.04060461806148,650.3659768074485,223.04060461806148,546.4018183517674,544.7477247482129,542.0522608312403,540.4135201756308,539.8261716847719,540.2319918679277,541.5602977702201,543.7303365203279,546.6532708344166,550.2348188394444,554.3784374425177,558.9887063999413,563.9745306028235,569.2518356287346,574.7455303377101,580.3906166023135,586.1324222542444,591.9260111945587,597.7348824043474,603.5291083684151,609.2830855156772,614.9730773309857,620.5747273266006,626.0607063317639,631.3986385640492,636.5494254931218,641.4660572865923,646.0929702601607,650.3659768074485
ZAF,Female,IHD,diet,500.5551150777301,0.0,33.89337379225071,0.0,0.22759384396704263,0.5599161216996436,1.0494045706309407,1.7478747911209211,2.6904572288858617,3.88001649753096,5.283811106501162,6.8453914190140495,8.50256824636017,10.200898910570686,11.899272466303955,13.5697815145395,15.19511481776135,16.765563723070954,18.27651941606382,19.726644558873886,21.11662512332623,22.448342803552805,23.724325058350587,24.947367605584077,26.120260071875236,27.24557315057973,28.325484863122256,29.361635954479425,30.355011868919973,31.30585264291949,32.2135935580427,33.07683935183195,33.89337379225071
ZAF,Female,IHD,combo,17591.245081398993,223.04060461806148,682.5793915180293,223.04060461806148,546.6162931125782,545.2745353787886,543.0396841590828,542.0587540823999,542.3597508073781,543.887498320868,546.5408456871355,550.1861649370767,554.6761960143758,559.865379715904,565.6183327413455,571.8131554056472,578.3422177447101,585.1120640284935,592.0430359039638,599.0686698576428,606.1347591303565,613.1979857683255,620.2241012480299,627.1857079066649,634.059748933083,640.824848559012,647.4586586429323,653.9353667827108,660.22350807779,666.2842008851858,672.0698991264308,677.5237223049917,682.5793915180293
MEX,Male,IHD,glp1,163068.1508530029,1939.6395106392738,6409.681079355811,1939.6395106392738,4740.92398812926,4668.934491782144,4632.253984718482,4636.188083501867,4670.860546909724,4728.519081021164,4803.193077537086,4890.223662448727,4985.9317407339695,5087.383375044257,5192.219858163749,5298.530838138016,5404.756725227649,5509.611805611377,5612.0227382418525,5711.079056060291,5805.993411870135,5896.069937333799,5980.679439947664,6059.240382306278,6131.204746922624,6196.048026206205,6253.26270476004,6302.354720216375,6342.8424934324285,6374.258201774981,6396.151025010433,6408.092119957233,6409.681079355811
MEX,Male,IHD,diet,21131.593872038356,0.0,1318.3245516838215,0.0,9.793747004907345,24.873365938619827,47.58416566095548,80.23448713721882,124.28625362396997,179.60299273591954,244.3303386249172,315.53183756553335,390.0989204789512,465.40510949147574,539.5479472526058,611.3044583514711,679.9712954020652,745.1964593649318,806.8448377352906,864.9041247452697,919.424157627931,970.4801225106639,1018.1514912424173,1062.510793190042,1103.618292475352,1141.5200862229103,1176.2481158228911,1207.8212113625777,1236.2466796050867,1261.5221804779867,1283.6377721041063,1302.5780765984673,1318.3245516838215
MEX,Male,IHD,combo,182820.78008927166,1939.6395106392738,7654.643642025476,1939.6395106392738,4749.859631939282,4691.595065905451,4675.64803298765,4709.458416245587,4784.525679462342,4893.022832696675,5027.333440332106,5180.149715361025,5344.964917184552,5516.437432318431,5690.447863677255,5863.938337672778,6034.674250897078,6201.016977176987,6361.7411713593465,6515.899874269351,6662.729287467198,6801.58319222409,6931.888490055921,7053.115516627193,7164.758681011488,7266.324409761088,7357.324381552433,7437.272726507916,7505.686325187489,7562.087641168764,7606.009702607291,7637.00294295013,7654.643642025476
MEX,Female,IHD,glp1,131103.37376322443,1612.5530816730388,5826.733527414282,1612.5530816730388,3791.269041765321,3583.2597351056174,3463.073977279353,3413.752842481088,3414.003366324847,3449.461136115351,3510.368503130987,3589.9277302241026,3683.2642948671637,3786.778135331122,3897.735262799295,4014.00684040731,4133.898541223563,4256.035474930686,4379.281777874363,4502.682289103643,4625.418696029505,4746.775470479159,4866.11266198325,4982.843674491742,5096.41682273442,5206.29991407592,5311.967421699432,5412.89004994143,5508.526661688826,5598.318647624808,5681.686870185047,5758.0313142397645,5826.733527414282
MEX,Female,IHD,diet,18069.481627847992,0.0,1199.0207297617017,0.0,8.229258328203287,20.7317284185483,39.48078105447348,66.41530046964908,102.73722456553514,148.27320360319573,201.40297655034374,259.6479499084526,320.47478443845466,381.84151609407854,442.3646196020127,501.2387867667858,558.0710933283117,612.7238438323257,665.198337811773,715.559907841176,763.8941297659476,810.2835085785628,854.7964326024958,897.4829214914353,938.3738157365879,977.4814920380595,1014.8010911892488,1050.3117840531777,1083.977909528301,1115.7499856783834,1145.5656776229443,1173.350837187827,1199.0207297617017
MEX,Female,IHD,combo,148031.36632617985,1612.5530816730388,6958.993245993566,1612.5530816730388,3798.777273416061,3602.166814644348,3499.14324001599,3474.5437907492887,3508.211483119572,3585.6675137257407,3695.7114664556575,3829.300570365762,3979.243129532595,4140.052905688986,4307.701389766356,4479.290963137682,4652.737475136804,4826.513729450773,4999.463286636907,5170.673173584422,5339.389230397064,5504.959950895296,5666.7985133635375,5824.356155080954,5977.1026077766,6124.511058317701,6266.046242916331,6401.155016015517,6529.259192789061,6649.750733473542,6761.989471616485,6865.303620444218,6958.993245993566
AUS,Male,IHD,glp1,32116.537551391237,321.17661084202336,1225.8976501196375,321.17661084202336,827.5679390672667,849.0066076570947,871.4423662431655,897.0617048573113,924.5570548322085,952.6784770459308,980.4326582743015,1007.1045355918068,1032.2279179269135,1055.5375613622782,1076.9186948211936,1096.3619613223163,1113.9269646837893,1129.7147969733778,1143.8484566457118,1156.4594985093208,1167.6792230565334,1177.6329494224083,1186.4362506098296,1194.192362933205,1200.9902667551614,1206.9031569998333,1211.9871809890901,1216.280426598525,1219.8022062827222,1222.552712270106,1224.5131237340393,1225.6462349641333,1225.8976501196375
AUS,Male,IHD,diet,9659.366194889699,0.0,574.4693592606964,0.0,5.821222225613383,14.202040714433679,26.46987927650116,43.81819429357347,66.88314393182918,95.36375820329704,128.01952221991814,163.09155601649763,198.84382345937775,233.9174297971549,267.42813465194195,298.90104350618276,328.15159330165625,355.1750431882683,380.0650522899923,402.96092335393405,424.016392747224,443.3826164848506,461.1997473584888,477.5933616188049,492.67342992088015,506.53449829922465,519.2563560534218,530.9048339048386,541.5325865280829,551.1798286964986,559.87505189898,567.6357716875355,574.4693592606964
AUS,Male,IHD,combo,41162.70470460086,321.17661084202336,1767.5356655579744,321.17661084202336,832.912031645099,862.0380762609693,895.7630186446586,937.3798455446031,986.1839596387108,1040.6703512286058,1098.7228164177268,1158.0163036210106,1216.4832520744167,1272.5943055684766,1325.40241462009,1374.4420353014466,1419.585851864289,1460.9167279395988,1498.633284478503,1532.9875819883346,1564.247008714301,1592.672335568699,1618.5057307499264,1641.964516753047,1663.2380333933943,1682.4860772849424,1699.8381098304671,1715.392871921722,1729.2183042340039,1741.3518115854677,1751.800971556746,1760.5447997716074,1767.5356655579744
AUS,Female,IHD,glp1,18892.557117507757,227.02117420308787,770.4696888073686,227.02117420308787,542.1077456136118,516.1155099676416,506.02106761947834,506.5005656861413,513.455233995066,524.427047727735,537.8441315764794,552.6509221493034,568.1210897511464,583.7523016258692,599.2001715069109,614.2332777033116,628.7011386352569,642.5110538450335,655.6113619819425,667.9794102693995,679.6129446803061,690.5239218984261,700.7339790255901,710.2709932422149,719.1663263752544,727.4524815592831,735.161004208936,742.3205408997947,748.9550307656191,755.0820474324973,760.711337604027,765.8436171510239,770.4696888073686
AUS,Female,IHD,diet,6594.364603820019,0.0,395.5715606918493,0.0,4.833232015611429,11.064024975014036,19.770560905297316,31.81949505231205,47.63795859979655,66.99118451492541,89.01340680304384,112.5181730501481,136.36962441182368,159.70792513979723,181.99524568639208,202.9575545420721,222.499104057184,240.62919498838892,257.41156645092633,272.93360712793947,287.289353461314,300.5709565913312,312.8649080234445,324.25071925873635,334.80072817813743,344.5803164734898,353.6481820732279,362.05651344547005,369.85102338352226,377.070858042347,383.7484255594609,389.90920031701535,395.5715606918493
AUS,Female,IHD,combo,25071.890711106287,227.02117420308787,1143.044968841392,227.02117420308787,546.5448274394694,526.2811440002552,524.2212910986382,535.8403288597892,557.4433714981278,586.3703063330777,620.2634200474913,656.9783914322288,694.7379198604085,732.2365059084259,768.6204903607686,803.392496456665,836.3022887995503,867.2566630649453,896.2559431914233,923.3531892255523,948.6294879124762,972.1795232598997,994.1032707705526,1014.501118812479,1033.4707737962308,1051.1050006867517,1067.4896893878213,1082.7020091791856,1096.8085793686641,1109.863683692456,1121.9076122180977,1132.9652414003758,1143.044968841392
NZL,Male,IHD,glp1,9614.69866870968,90.38058927999418,358.7979663901442,90.38058927999418,241.59495612912588,254.58035293723788,265.1311381297219,274.84416796176083,283.9659718395824,292.5339049335853,300.5252706048841,307.914357609332,314.6910748641376,320.86280475010426,326.4503148176309,331.48264348151497,335.99283897471923,340.0150054815176,343.5825192813436,346.72709093835783,349.47834292300104,351.8636345137984,353.90794558985726,355.63370588210273,357.0605184355509,358.204773699973,359.0791844903788,359.69229348078807,360.0480155128271,360.14527843365795,359.9778200910814,359.5341872519675,358.7979663901442
NZL,Male,IHD,diet,2254.329773427403,0.0,127.8031311870036,0.0,1.6440822846279843,3.9305726482662067,7.169217575567018,11.63271789020655,17.44455990199276,24.493750350983646,32.44843187223796,40.86805288388041,49.33485739387015,57.53356518831333,65.2680860164337,72.44104141096523,79.02272559665562,85.02373625315977,90.47546455172414,95.41785111411536,99.89243294980042,103.93878659153143,107.59296242470919,110.88698862416095,113.84888735058303,116.50289033568697,118.86969452995254,120.96669019218007,122.80814565030687,124.40535983699465,125.76680518603371,126.89828563545962,127.8031311870036
NZL,Male,IHD,combo,11730.204500926211,90.38058927999418,479.8368757118669,90.38058927999418,243.0969906127807,258.1716794581871,271.69512696302763,285.51703866020216,300.00246773971503,315.092938392766,330.4657429772433,345.6922091071101,360.3767598385739,374.23289410115103,387.0958371652414,398.899758036142,409.64565748795667,419.3735198032864,428.1425984282996,436.019103619019,443.0692335374306,449.3555835244006,454.9354708371675,459.8602168260968,464.17481901962765,467.91771594799866,471.12052264488557,473.80772152419013,475.9963528923927,477.6957767174863,478.9075827826164,479.62571728935563,479.8368757118669
NZL,Female,IHD,glp1,6201.795239169771,63.30700826972452,248.35229124812668,63.30700826972452,163.39139536121638,164.72767029905754,166.30026638751906,168.85933220743345,172.2641487574365,176.2947921901373,180.74250886953405,185.43542804698927,190.2409829419803,195.05992031439246,199.818532088957,204.46174776531007,208.9478595600026,213.24485187444543,217.32801924006708,221.1785021924402,224.78241086988373,228.1302765232349,231.2166430160446,234.03967300049771,236.60069414782583,238.9036502750405,240.95445208992896,242.76024417706458,244.3286200114444,245.66682610552652,246.7810005478682,247.67549079064065,248.35229124812668
NZL,Female,IHD,diet,1662.420866037502,0.0,97.24685123051495,0.0,1.250911936115699,2.9003296034452433,5.192206089530828,8.336865224058329,12.436990630868422,17.427046043195332,23.08144975684354,29.09414740399734,35.17318637853941,41.0982237136559,46.73244682136374,52.00765913319901,56.901974736755164,61.420420587795434,65.58137154424821,69.40827947760454,72.92519671847367,76.15468881651395,79.11710831914934,81.83056133611535,84.31116563884507,86.57337648652992,88.63026736664642,90.49371945310622,92.17451204696499,93.68232729605597,95.02569280485477,96.21188944251526,97.24685123051495
NZL,Female,IHD,combo,7758.340206033877,63.30700826972452,340.0275608828965,63.30700826972452,164.5342291972297,167.37924608967342,171.057797829857,176.5137300000315,183.70356793813608,192.35113631101422,202.04374736701857,212.32964171405501,222.80692696679307,233.17102286234285,243.21882242721358,252.82890387865882,261.93623439927296,270.5108442744854,278.54296269414635,286.0338528637758,292.9907021771601,299.4240479273899,305.3466167926931,310.7728393313146,315.71859231723283,320.2009230413855,324.2376418444733,327.8467531021993,331.0457463610978,333.85079887523034,336.27595519768647,338.33235309968813,340.0275608828965
ROU,Male,IHD,glp1,35875.816612303795,607.3641727656104,990.9540365850407,607.3641727656104,1529.135914009359,1475.9457371159915,1443.9516178485683,1421.3729176800116,1402.1875314692043,1383.1907953431619,1362.8378166767397,1340.6943920157719,1317.038722266785,1292.5418689479447,1268.018822495309,1244.2499756122743,1221.8682903861445,1201.3022251576258,1182.7616156297227,1166.2533072841325,1151.6146750711814,1138.5554244651685,1126.7006036663915,1115.6301494404506,1104.9123091746733,1094.1298399247426,1082.8989839106362,1070.8819139047955,1057.7937099903902,1043.4050550363245,1027.5417973941185,1010.0823910355248,990.9540365850407
ROU,Male,IHD,diet,11733.756604272767,0.0,571.0152119702652,0.0,12.714750171046035,29.219644921289728,51.87728627734032,82.17739210818036,120.34905301401159,164.9536752465865,213.2174311860581,261.9725277760772,308.564058191856,351.27592284896673,389.3036405564999,422.51270313557325,451.17168010567184,475.74215834184724,496.7395159386615,514.6519687236105,529.9003996745341,542.8241929133874,553.6824128227381,562.6631812942614,569.8966669293368,575.4688602812748,579.4344925982296,581.8282421621734,582.6738867638487,581.9913858873188,579.802067802113,576.1321946300086,571.0152119702652
ROU,Male,IHD,combo,47114.92277865666,607.3641727656104,1544.2420684422796,607.3641727656104,1540.9153286651017,1503.1144278849642,1492.3419432857008,1498.2259234591293,1514.9956477844898,1538.141581918946,1563.5478965832626,1587.8113484514324,1608.6935668737897,1625.2121934732277,1637.379693260711,1645.8076718675038,1651.3483200071678,1654.8411859455518,1656.9671563501834,1658.1858998312782,1658.7292999845522,1658.6278414438675,1657.753063824559,1655.8647360638279,1652.6557448176682,1647.7908631585196,1640.9377646117027,1631.7900848345016,1620.08319706775,1605.6038145128514,1588.1946900052317,1567.755651481304,1544.2420684422796
ROU,Female,IHD,glp1,29904.914476499132,624.6769679184363,895.4542012610909,624.6769679184363,1461.478583417531,1280.4870257734729,1181.4125040291037,1122.0475955809416,1085.5917900450004,1062.6642176575988,1047.435355815498,1036.2304248964538,1026.801512247046,1017.8871519451059,1008.9002434514077,999.6911385157218,990.3665569512486,981.1552869056504,972.313930147855,964.0660420747336,956.5678824317329,949.8942091928766,944.0381629347103,938.9201801843265,934.4018901983072,930.3019627884933,926.4117964266152,922.509715132277,918.3729595345249,913.7872140351283,908.5537242782666,902.4942507279775,895.4542012610909
ROU,Female,IHD,diet,11828.457055869578,0.0,574.5563712641233,0.0,14.940581214774284,33.147396842963644,57.976589204638,90.86129026242997,131.77196237359385,178.8287572657282,228.84050357298838,278.4282692663801,324.9568472180945,366.8592518978912,403.4998625168482,434.87890996249916,461.362102550338,483.4892996705312,501.8551055901553,517.039846625441,529.5723703253279,539.9121863320615,548.44329183015,555.4750836448511,561.2475323057188,565.9387969366799,569.6740462521266,572.534623101772,574.5669523408906,575.7907927464548,576.2065932618862,575.8018394922401,574.5563712641233
ROU,Female,IHD,combo,41266.44003927991,624.6769679184363,1451.7729766845841,624.6769679184363,1475.3200902469325,1311.398410118185,1235.6945003452201,1207.3800526792365,1209.6625255479412,1231.4348894662908,1263.8852419642753,1300.1455708061658,1335.447487944657,1367.0028749404191,1393.5757503046334,1414.9738532190095,1431.615314040766,1444.2142092890717,1453.5727991328786,1460.4541487516508,1465.5111991740778,1469.2541538145924,1472.0431269052424,1474.096721445123,1475.5098534516765,1476.276070960179,1476.3110721757148,1475.475246394417,1473.5939206543771,1470.474640737637,1465.9212806579344,1459.7450895085822,1451.7729766845841
BGR,Male,IHD,glp1,15368.424296736972,269.30723316541844,390.84053517140455,269.30723316541844,672.5424010916377,663.3077448428448,653.7357123855072,644.48040553996,634.7412286517792,624.0768201742139,612.3411281814897,599.6222711808259,586.1625902440919,572.2802741656415,558.3072141259418,544.5465368876776,531.2475662321613,518.5942343920797,506.7030331271126,495.6272532331477,485.3650018297212,475.86913884065143,467.0578045061138,458.82462930592555,451.0480452418615,443.5993693613091,436.3495191647744,429.17435498849954,421.9587352244471,414.5994245012953,407.00702059889954,399.10707038053806,390.84053517140455
BGR,Male,IHD,diet,3673.681457119659,0.0,178.17636440727074,0.0,3.454737847263459,8.283240530985495,15.090508366110953,24.326432336923972,36.10059259000627,50.013137954136255,65.22124109233664,80.72070510053527,95.64228273194021,109.40462023070904,121.71748497235603,132.50875857872597,141.83956222789493,149.83702313381582,156.65012349393328,162.42435447392927,167.28913512285362,171.353041371196,174.7034473754702,177.4084458044017,179.51977629886824,181.07603544191625,182.10577181755252,182.63026644936872,182.66591474077904,182.22619313228824,181.32323111972983,179.96902837636117,178.17636440727074
BGR,Male,IHD,combo,18868.068394372305,269.30723316541844,562.5074871054239,269.30723316541844,675.7412323367862,670.986234378106,667.7574067373262,667.1327902565154,668.4244270113286,670.830826696938,673.4292151917998,675.372453698521,676.0849873871193,675.3301982366629,673.1552492793526,669.78342147888,665.5112613468191,660.6344800727475,655.4043140248996,650.0075011986573,644.5619460514972,639.1216860401291,633.6866878880974,628.2145685366959,622.6324557293992,616.8479599851617,610.7587279915006,604.2603693542533,597.2527507323193,589.644771317211,581.3577968864101,572.3279542563268,562.5074871054239
BGR,Female,IHD,glp1,12460.876761081572,246.78160409068914,334.77939660058473,246.78160409068914,591.602041126991,549.9987249730057,522.5447434113667,504.1808617902825,491.04314194149265,480.75309215848756,471.8813378018076,463.62034716642484,455.55741632380705,447.52024871220056,439.47546435516233,431.46358973182214,423.55825594979615,415.8411526675627,408.38717465132686,401.25618102418775,394.489072949571,388.10670061633937,382.1106068093686,376.484922638052,371.1989292416001,366.209934695451,361.46621450603016,356.90984086481694,352.47928687259446,348.1117402210166,343.7450977927456,339.31963939698835,334.77939660058473
BGR,Female,IHD,diet,3401.7259379312654,0.0,163.79524932569075,0.0,3.352172883282037,7.834841558356857,14.120822503538875,22.723075854722993,33.82965590362255,47.112412202923224,61.76064220704029,76.75151649949112,91.16388618756355,104.35886639394266,116.00289535428965,126.00230237511823,134.41765756010136,141.39225588472073,147.10310300591846,151.7312826639427,155.44589234363775,158.39649363835633,160.71053664400824,162.49352328187524,163.83058088608595,164.78868546832564,165.41911024046203,165.75986751690107,165.83802079146335,165.67180517461748,165.27252952173694,164.64625405952938,163.79524932569075
BGR,Female,IHD,combo,15703.738172733987,246.78160409068914,492.1367189584762,246.78160409068914,594.7059048157207,557.2737523748219,535.6961121103977,525.3936298028166,522.6872244568185,524.9049242415003,529.8705263733518,535.8232434003403,541.4824523004463,546.0649341032276,549.2094189621039,550.8539979945872,551.1171251975011,550.2061845086173,548.3564868588146,545.7946800870523,542.7191199528133,539.2911142313187,535.6327758758107,531.828708973384,527.9297814168694,523.9579015489253,519.9111312985606,515.7687284062522,511.49587626106586,507.0479683558733,502.3743864623084,497.42175931352176,492.1367189584762
ISR,Male,IHD,glp1,7361.771892400358,70.32012416741736,307.2597383936645,70.32012416741736,180.7792880014813,186.9430674366181,192.6133104986793,198.48320673293438,204.49245879283717,210.54246292960352,216.53357020133944,222.37899432875338,228.0119287380694,233.3883157757332,238.48660747640133,243.3054777523671,247.86025704375334,252.17872228588567,256.296742885409,260.25415203182365,264.09108932380786,267.84495335347674,271.54801651726575,275.2256904262076,278.89538773205277,282.56590214518656,286.2372192074117,289.90067205291143,293.5393651664799,297.12880169920663,300.63766351404684,304.028705789533,307.2597383936645
ISR,Male,IHD,diet,1794.5365713400292,0.0,118.31462141484371,0.0,0.8886058985467571,2.2031524676490335,4.140300356448279,6.891224004848482,10.575700801769017,15.18134493536536,20.554332610846814,26.451340643845924,32.61401767749703,38.8234156469739,44.921442980672055,50.80886463146271,56.43321687171374,61.77518964312458,66.83706814663492,71.63403004567772,76.18797914594961,80.52332454265797,84.66416215615027,88.6324431941348,92.44683417321812,96.12206404374137,99.66861712112586,103.09267306053243,106.39622380587116,109.57731724020687,112.63039132871108,115.54667274980966,118.31462141484371
ISR,Male,IHD,combo,9031.679331118143,70.32012416741736,417.9337965460263,70.32012416741736,181.59353290736863,188.95873783348907,196.40401019358933,204.79914560871475,214.19598942500807,224.48753326762926,235.43589979054514,246.7330419238324,258.07569617951003,269.21813426519475,279.99199965150046,290.3026638242668,300.11497200490703,309.4368058311388,318.3042703115284,326.7696370335625,334.89202823203505,342.73046227645864,350.3388311713434,357.76242793683105,365.03570522784776,372.18100317024437,379.2080313421093,386.1139293764036,392.8837650376645,399.4913588949321,405.9003509782815,412.0654467087634,417.9337965460263
ISR,Female,IHD,glp1,4328.4375401028665,53.09557252732611,181.6810430399828,53.09557252732611,126.77768534761799,122.52595160518513,120.0284889765353,119.21240451504696,119.67392047034832,121.09664406710408,123.22528721082517,125.84922250045884,128.7950484208991,131.9230013805809,135.1244449842493,138.31919462416363,141.45229242564164,144.49027874734793,147.41718364119424,150.23049829696765,152.93735352437443,155.55107180065033,158.08819461263738,160.56602943253347,163.0007155256867,165.40577588410633,167.79110286097102,170.1623155317243,172.52042506386078,174.8617480931748,177.1780151563371,179.45662983533475,181.6810430399828
ISR,Female,IHD,diet,1197.7020888950865,0.0,75.89943908272153,0.0,0.6819459770367757,1.637910368429857,3.0143743695959984,4.949238833549089,7.528290700698108,10.743178540829831,14.484671305904612,18.579081201564804,22.840964837825595,27.111916291756188,31.276135832811633,35.259446042253785,39.021178798806886,42.5449383611749,45.83073715146247,48.889042168798824,51.73650251768049,54.392951763734345,56.879320819531586,59.2161898047093,61.42279128330483,63.5163387211428,65.51159496202035,67.42062168601706,69.2526674165747,71.01416246288773,72.70879662733296,74.33766096492946,75.89943908272153
ISR,Female,IHD,combo,5441.128846045291,53.09557252732611,252.48564703112606,53.09557252732611,127.40256420426363,124.02471707334576,122.78884216447568,123.7490289976081,126.58146067679763,130.96389797615575,136.54271309036767,142.9492652085985,149.8404400303507,156.9306353309912,164.0037721694889,170.91003267561064,177.55546577315044,183.88997480974922,189.89620472328443,195.58010174159654,200.9631822000556,206.07632004838206,210.95483159642572,215.6346599642602,220.14949091510016,224.52865441707627,228.79568295450554,232.96741129010115,237.05351536218814,241.0564013147873,244.97136933266984,248.78699044545192,252.48564703112606
NGA,Male,IHD,glp1,15356.293842128274,270.85007530519215,686.9848302644677,270.85007530519215,632.1220026864394,572.0710385537895,523.8214613434175,486.9369455200358,459.2978033886393,439.27664514185017,425.60603217491735,417.2814762856433,413.4955179226963,413.58921900075075,417.0156316244902,423.312240002866,432.0802396081199,442.96900402158644,455.6644557750624,469.88035200943705,485.3517316608413,501.8299584716806,519.0789438987777,536.8722546102144,554.990906459323,573.2217236480501,591.3561995400378,609.189834910052,626.5219512171097,643.1559824501019,658.9002418476157,673.5691427850688,686.9848302644677
NGA,Male,IHD,diet,4589.306989389814,0.0,308.5813384034118,0.0,2.999249547654472,6.965920752576494,12.521303692279616,20.165342111082282,30.124216948315734,42.21926719131443,55.90505504950124,70.47565255091467,85.29257119843533,99.9098195836632,114.08542970031704,127.73267028842383,140.85986655373563,153.52203840001312,165.78910790148802,177.7277352323581,189.3923304413329,200.82155986749422,212.03784928811365,223.04835800141882,233.84655973549525,244.41397760385735,254.7218624628149,264.7327404714597,274.40182839451154,283.6783499405137,292.5067984494963,300.8281896278204,308.5813384034118
NGA,Male,IHD,combo,19881.490196291277,270.85007530519215,991.790334775862,270.85007530519215,635.0590357982219,578.8951720406476,536.095540751332,506.71463556300296,488.85679265054205,480.72227328037843,480.51106621791405,486.5272273428491,497.3362887482508,511.83992089789535,529.2514612450104,549.0210875906487,570.7563590074278,594.1593069744486,618.9835595262994,645.0077049175306,672.0198176788472,699.8089882222121,728.1609935514207,756.8563146780143,785.6694507224311,814.3689600400976,842.7179547453707,870.474949095209,897.3950561885868,923.2315681748005,947.7379602301371,970.6703403306965,991.790334775862
NGA,Female,IHD,glp1,19388.551256769075,271.16812919001677,906.1845535224129,271.16812919001677,639.5677853982197,595.5967537545439,563.8586734988785,542.2407787576522,528.2985288247655,520.4923998573067,517.7527771689056,519.279635254592,524.442533154026,532.7247259749856,543.6899487747723,556.9619714322471,572.2115794857236,589.1478381364577,607.5117270801056,627.0709817317256,647.6154557018381,668.952639169649,690.9031874983775,713.2964666943881,735.9662249003741,758.7465618374117,781.4683969680482,803.9566367918014,826.028216750201,847.4911489423248,868.1446491101087,887.7803514072148,906.1845535224129
NGA,Female,IHD,diet,5595.971900991943,0.0,395.3967821695842,0.0,2.6017619467529585,6.173560952222033,11.385635294835083,18.839353877338,28.92687310517067,41.66957158589503,56.69286695931805,73.37525729474146,91.05919502927281,109.19857841503108,127.4085374556962,145.45029970287578,163.19245831308945,180.57290915319754,197.5699684319552,214.1831091175627,230.42107474241493,246.29490092354536,261.81392050389695,276.98345605767827,291.8034050202841,306.2672733988147,320.3614423123945,334.0645918991504,347.34728703116707,360.17176846215443,372.49200503398606,384.2540568019176,395.3967821695842
NGA,Female,IHD,combo,24904.868301329414,271.16812919001677,1296.6231280199572,271.16812919001677,642.1155763923016,601.6436796903872,575.0162612456334,560.7109339141098,556.6699915364516,561.3781376319312,573.401773648271,591.3338098275344,613.8998769218379,640.0471513976081,668.9604290687348,700.0273502349883,732.7877733423884,766.8879272553095,802.0458185148455,838.0272074839086,874.6293051234024,911.6694235629984,948.9765582500404,986.3846415251319,1023.7267988452732,1060.8303441662356,1097.512503307924,1133.5769913898112,1168.8116241079697,1202.9871370917972,1235.857341891795,1267.1606767508201,1296.6231280199572
EGY,Male,IHD,glp1,250110.51838926948,3623.4551205266034,8789.501329763269,3623.4551205266034,8947.823884366633,8683.427203049403,8498.012735104145,8369.252285380557,8274.43198674357,8202.598897252363,8148.594551457907,8110.236684123782,8086.833392570115,8078.3384637704585,8084.851937702479,8106.31651493581,8142.331101205578,8192.040165200044,8254.077268300985,8326.550943606475,8407.065528451349,8492.771217775473,8580.438016057306,8666.548238684598,8747.402142809122,8819.23130770473,8878.31457183804,8921.091658177873,8944.2700607632,8944.92130800063,8920.563349756412,8869.22652419057,8789.501329763269
EGY,Male,IHD,diet,28544.564759380213,0.0,1632.263958753174,0.0,19.58729657776712,46.34564069814223,84.7267936837452,138.25634205259848,208.6224981416599,294.65042402863037,392.40911430012784,496.558415067906,601.979935402429,704.788903283421,802.5659687984153,894.1182691380964,979.0974041543959,1057.6522645836521,1130.172520563472,1197.1199772294494,1258.9272379566683,1315.942867829668,1368.4070490665326,1416.4466744948586,1460.0825926067773,1499.2442573137232,1533.7886491448153,1563.521332749544,1588.2181323803961,1607.646299140004,1621.584309323196,1629.8396309169475,1632.263958753174
EGY,Male,IHD,combo,277011.4816643719,3623.4551205266034,10354.194321724848,3623.4551205266034,8965.454672801046,8725.269918761565,8574.772098665606,8494.891282018114,8464.558621485412,8471.881944863751,8508.23257798623,8566.615144994867,8641.656018162554,8729.6969211603,8828.534313570242,8936.92200949989,9054.051298620121,9179.130245394714,9311.094232220203,9448.43595129915,9589.13043562774,9730.631422199338,9869.919643351313,10003.587854488287,10127.950622892415,10239.169183142978,10333.383286169876,10406.843184839789,10456.035893070948,10477.800749777205,10469.43018915286,10428.752505903918,10354.194321724848
EGY,Female,IHD,glp1,185795.37887805392,2928.11572436773,7499.265637983102,2928.11572436773,6708.0981658946985,6058.029348338212,5736.031014202497,5562.9391372762475,5466.6202998510125,5417.714002288296,5402.486234807249,5413.571475170509,5446.545086861544,5498.516177884143,5567.45699031293,5651.816267400689,5750.256061009801,5861.456428131132,5983.969528170943,6116.116692516342,6255.9251088127785,6401.100880467944,6549.03460299877,6696.834978922474,6841.385552645937,6979.419385852088,7107.606378299155,7222.647950352461,7321.373945207335,7400.83689519082,7458.399240143684,7491.809686693392,7499.265637983102
EGY,Female,IHD,diet,24319.30932295324,0.0,1462.1647014750051,0.0,20.30059884345974,44.649395223968895,78.0476030614227,123.71694190072594,182.94788544114272,254.4992820102343,334.8905307813111,419.66808112060244,504.78660930834303,587.3712761358765,665.8041500670661,739.4494197808526,808.3024095640139,872.6977437858877,933.1068120424316,990.0112159647979,1043.829892285139,1094.881149292807,1143.3666779014602,1189.369364772836,1232.8599224348727,1273.7092777016514,1311.7047507005336,1346.5686460259603,1377.978186948225,1405.5858898742881,1429.0395794195065,1448.0013290888164,1462.1647014750051
EGY,Female,IHD,combo,208777.53766091558,2928.11572436773,8900.026899620716,2928.11572436773,6726.3710072681715,6098.49168034851,5807.0978215314535,5675.976465011292,5634.264468899113,5651.576745137063,5711.081836616242,5801.369533134406,5914.2820449914725,6044.224085149501,6187.597944888825,6342.185492506411,6506.574155038441,6679.6975765164825,6860.503329811429,7047.731385685314,7239.780833842189,7434.645027325474,7629.89968095244,7822.732041213487,8010.001661920396,8188.324801298819,8354.175331901002,8503.995601142815,8634.311100426683,8741.843233740685,8823.615008357214,8877.045142271789,8900.026899620716
BGD,Male,IHD,glp1,55312.076428882385,869.7782776906388,1941.4384379562107,869.7782776906388,2103.539974354717,1968.0253263183695,1876.3025805611687,1817.9163476231479,1781.7448987127573,1760.8825437823834,1750.925578841663,1748.9583249872667,1752.970511200343,1761.5144596408063,1773.4997178567573,1788.0674412686494,1804.5115355367598,1822.2277880963811,1840.6803392680304,1859.3793845326,1877.8664995428699,1895.705356687744,1912.4763785869582,1927.7743313663232,1941.2081439173198,1952.4024209543131,1961.0002341805957,1966.6668477618368,1969.0940754141193,1968.0049878779391,1963.1587009361247,1954.354983427591,1941.4384379562107
BGD,Male,IHD,diet,100587.06704309196,0.0,5344.164958380483,0.0,79.30779953357705,189.90494427084923,347.0393471309071,563.7924196345411,845.6689150037855,1186.2826635308302,1568.0642978833785,1968.0772265211272,2364.8423633879866,2742.4520748077775,3091.391416528524,3407.419886535936,3689.9043074977235,3940.3415904067515,4161.289071362058,4355.67498670175,4526.3914007647545,4676.075314838381,4807.007292454131,4921.08015412878,5019.807734502683,5104.355415354832,5175.58157392242,5234.083621735015,5280.245005463425,5314.281104685942,5336.282843325345,5346.257312798261,5344.164958380483
BGD,Male,IHD,combo,154484.6206821756,869.7782776906388,7229.04696051791,869.7782776906388,2180.924298999671,2153.393814242896,2215.3116591186845,2369.0546414065757,2608.9800141441374,2922.0637295624183,3286.8340701782145,3678.000749651619,4072.527870994236,4453.326902496803,4809.882915372786,5137.0628752294,5433.424984813464,5699.7323703857255,5937.87599087719,6150.176658740296,6338.969093695341,6506.374843462894,6654.194186715205,6783.869935771683,6896.493190605048,6992.832632311445,7073.376272261667,7138.379061162297,7187.912436648796,7221.9134425270895,7240.231933733186,7242.674868858274,7229.04696051791
BGD,Female,IHD,glp1,32228.420329576853,409.8164563938044,1259.2778864778666,409.8164563938044,997.7649058440875,933.7614990291258,907.4851936791165,901.2109831896305,905.7299969316446,916.7151111263956,931.8880008605192,949.8975668583007,969.8605705587688,991.1570995326329,1013.328022548958,1036.01617067623,1058.9285075952503,1081.8100098946888,1104.4251593430236,1126.5450165998627,1147.9387191675632,1168.3686382667802,1187.5886101305368,1205.34473672061,1221.3782798307657,1235.4301786817232,1247.2467217066005,1256.5859094378684,1263.2240638931107,1266.962273562429,1267.632311935129,1265.1017291038297,1259.2778864778666
BGD,Female,IHD,diet,64458.1308042093,0.0,3692.9185006271,0.0,52.14231056826975,120.36862946094334,215.4593200355739,345.9708936271636,515.4222761226265,719.9128524196858,948.7800778711389,1188.3510727043176,1426.1855819476623,1653.5001588008454,1865.4877272220474,2060.457082205394,2238.6982212533476,2401.5328662134852,2550.665796223984,2687.797774747858,2814.422507999101,2931.73888490221,3040.6297786030336,3141.676588537579,3235.1914255211013,3321.2569248639484,3399.7684342796856,3470.4759485508985,3533.0245054335537,3586.9923759468074,3631.926622546016,3667.3756649739225,3692.9185006271
BGD,Female,IHD,combo,95766.47412903057,409.8164563938044,4909.580281766292,409.8164563938044,1048.642593946468,1051.307972544535,1118.085169713937,1239.6269649316528,1410.2234903748322,1621.8105374543447,1861.7465375391184,2115.3307724689657,2369.4848678808776,2614.9324080928636,2846.431449407799,3061.8932081305247,3261.245176822238,3445.4795963927754,3615.99917643769,3774.222246044752,3921.371922952778,4058.382081772157,4185.872164657878,4304.160204605418,4413.29579843214,4513.102650311805,4603.224971397212,4683.1746128177765,4752.377159411146,4810.215865611477,4856.07261014315,4889.365180574168,4909.580281766292
USA,Male,IHD,glp1,640088.339234391,7071.662174223049,21532.84282659396,7071.662174223049,18329.147958517657,18984.361997852684,19519.27199257008,20014.485849827935,20473.47684489371,20895.42026916874,21278.703203377023,21621.93166629161,21924.283440525993,22185.567266012018,22406.172278212965,22586.993762036844,22729.3652761486,22834.999952003593,22905.934125031927,22944.465953290055,22953.08482229535,22934.391068236902,22891.008499545685,22825.493972010037,22740.248976250063,22637.438106007525,22518.91868052492,22386.18492564658,22240.32913477975,22082.021229497564,21911.50717495446,21728.62580806372,21532.84282659396
USA,Male,IHD,diet,152743.19955245446,0.0,8505.594394763873,0.0,96.71324023930356,236.54417576716514,439.0693098890479,722.1142633963027,1095.2845224589691,1554.3873845440103,2081.326343551278,2649.9536783928634,3233.63688826171,3810.365960598225,4364.437759600987,4885.916002962564,5369.273556684086,5812.035588136292,6213.71769805887,6575.0836793720955,6897.65518845222,7183.394895523961,7434.500776569301,7653.26890344749,7841.997996966704,8002.920037720702,8138.14824688778,8249.637929144781,8339.157993070083,8408.272132844257,8458.32913560298,8490.461869546562,8505.594394763873
USA,Male,IHD,combo,783111.8470401431,7071.662174223049,29579.472805184778,7071.662174223049,18417.46849889256,19200.21330646245,19920.49022881454,20675.427710048563,21477.634264406573,22322.847912155208,23193.230960586807,24063.633302905713,24908.83785278292,25708.3280273868,26447.841990046436,27118.863037216768,27717.3497055911,28242.457857549423,28695.522508063936,29079.31992340763,29397.547450896003,29654.45087700372,29854.545731834252,30002.39817039529,30102.446046903613,30158.85069919098,30175.375768120284,30155.292347970128,30101.310928386287,30015.540674642776,29899.476078553358,29754.010200521152,29579.472805184778
USA,Female,IHD,glp1,455231.67243784736,5130.682530884573,16215.91811440268,5130.682530884573,12992.426154696645,13057.628436113155,13230.958464940108,13480.334137787228,13767.237881614361,14070.517831722216,14377.077493620774,14677.903642772231,14966.407828499214,15237.661788575235,15488.000563330104,15714.791951926774,15916.287402472633,16091.513045234606,16240.178194328852,16362.588456808124,16459.55680186965,16532.3101688553,16582.391995586746,16611.562743291375,16621.70134848327,16614.710789093282,16592.430817001034,16556.56053813419,16508.593022366986,16449.76356641663,16381.012653263751,16302.964073755604,16215.91811440268
USA,Female,IHD,diet,133411.7367794854,0.0,7551.1375548137,0.0,91.84763958200347,216.08865151600912,392.2397816987359,636.7440365552611,958.3020360311784,1353.4083029099857,1806.4904111672658,2295.1594346094353,2796.817633855506,3292.9886403263663,3770.6260452909046,4221.53400291258,4641.1505324697355,5027.386885233689,5379.750026425754,5698.748665477848,5985.513107653824,6241.556787940732,6468.624826779065,6668.593416272721,6843.397998741304,6994.977732598083,7125.229702106386,7235.969846179418,7328.89953182498,7405.577681711642,7467.398772438872,7515.577094362408,7551.1375548137
USA,Female,IHD,combo,580084.1198731636,5130.682530884573,23340.990106399753,5130.682530884573,13076.303327459784,13255.044101836073,13589.929080685251,14064.030683474004,14647.06994725013,15315.021277423308,16040.813912792539,16795.07254472142,17550.47933583267,18285.008532403153,18982.78888483686,19633.397096514702,20230.629952151707,20771.350487203046,21254.59957663447,21680.965824831626,22052.146604930516,22370.633495432732,22639.473192337784,22862.073082466202,23042.034260273795,23183.00368431612,23288.542486884806,23362.01031977299,23406.466929894756,23424.592520958045,23418.628265151405,23390.337827409385,23340.990106399753
JPN,Male,IHD,glp1,53910.99677955448,837.3017225706717,1572.7337163334523,837.3017225706717,2036.0782945468673,2028.4297308516543,2018.7211551997898,2011.3004444737162,2004.1639222632366,1996.0011492119374,1986.0558044810168,1973.9620086899085,1959.6370974781603,1943.2044753357186,1924.9316614247655,1905.1770206517103,1884.3433000023797,1862.8381655228004,1841.0424677474948,1819.2867039208431,1797.8355925646247,1776.8801196545683,1756.5359953383304,1736.847219185598,1717.7933799871535,1699.2993777800148,1681.2464086238688,1663.4832568897546,1645.8371627595043,1628.1237500230782,1610.1556948973812,1591.7499811444795,1572.7337163334523
JPN,Male,IHD,diet,22289.612842524315,0.0,1243.120381448607,0.0,15.301685363781871,38.66019117718679,72.76903609240253,119.91319731649128,180.82499016389193,253.88568359817145,335.3639411859622,420.6024042942299,505.32489553981577,586.3886584116408,661.9126363916002,731.0512752658105,793.6721377769572,850.0705652301694,900.7599076427869,946.3324399304402,987.3738642143071,1024.4148626457536,1057.9071157544022,1088.2150377854268,1115.6173446690373,1140.3145146525203,1162.4394831777827,1182.069765046399,1199.2397799884275,1213.9525724058185,1226.1904203047743,1235.9240550497198,1243.120381448607
JPN,Male,IHD,combo,75439.46168261798,837.3017225706717,2775.6926086419335,837.3017225706717,2050.804741484346,2065.595710167385,2088.681005690538,2126.615764312315,2178.1129439882206,2240.317650382698,2308.8934188015555,2378.9969746142306,2446.428107442305,2508.278027604654,2562.993443466039,2610.1079109916755,2649.886632667971,2683.0131504535093,2710.3559513813307,2732.8109728104973,2751.203625049573,2766.233878551975,2778.451303296373,2788.2503725122297,2795.8790107126842,2801.4552884782242,2804.9885460616497,2806.4022474739395,2805.5566484188603,2802.2699767407466,2796.3373122267585,2787.546735623102,2775.6926086419335
JPN,Female,IHD,glp1,37769.57620964557,692.4241268051919,1097.6739046044604,692.4241268051919,1624.3973421025657,1550.5220472764995,1493.8364480639793,1452.5452459802764,1421.5324109049834,1397.3384094141875,1377.5906050293634,1360.6254692119692,1345.2722715149139,1330.7240668724698,1316.453929782816,1302.1539108671932,1287.6854464761127,1273.036248448254,1258.282002434673,1243.5527247032442,1229.004138348144,1214.7944150889161,1201.066385213191,1187.9350179837566,1175.4797091137007,1163.740720742404,1152.7190122302272,1142.378669761827,1132.6511740065762,1123.4408202693085,1114.6307077078309,1106.0888286865375,1097.6739046044604
JPN,Female,IHD,diet,19759.623306666224,0.0,1047.300364855968,0.0,17.12263988772611,41.12116080965643,74.74765123474208,120.22246381139848,178.20209142893145,247.06844884678867,323.1982362488634,402.1154451112161,479.73441807076597,553.0618764800529,620.3077806796064,680.6686961577288,734.0279258566297,780.6942196944001,821.2112780716488,856.2308364845812,886.4322348556889,912.4730873091612,934.9600553028431,954.4326018546271,971.3552943873365,986.1158916795539,999.0274222514345,1010.3330132315969,1020.2125480310133,1028.7904314284679,1036.1438843253636,1042.311308278433,1047.300364855968
JPN,Female,IHD,combo,56868.62386678939,692.4241268051919,2111.764692358047,692.4241268051919,1640.8762881624862,1590.0634281170278,1565.724211197121,1568.2050193713294,1593.0320031387673,1635.201648143353,1688.8656619716494,1748.0578759896525,1807.6725751576232,1864.0125392768678,1914.8148986701126,1958.9844010031593,1996.2571463285276,2026.9070164379518,2051.5243835009605,2070.8602727727266,2085.720079933788,2096.892501616683,2105.103263670746,2110.9866291797807,2115.0699738792537,2117.7681214606855,2119.3849543986,2120.1203136264303,2120.0805370278467,2119.2912533588606,2117.71128776345,2115.2467624707133,2111.764692358047
GBR,Male,IHD,glp1,104309.14854463225,1336.9213980119603,3431.6539899104246,1336.9213980119603,3402.90618583835,3458.6859192012125,3490.605350374368,3516.5144241180824,3538.5896040268563,3557.4045828668604,3573.0324526504846,3585.5044105714624,3594.982492456111,3601.7715075615706,3606.2603400319276,3608.848400944553,3609.885514347683,3609.6351878191417,3608.260796316463,3605.8294131033763,3602.326716426185,3597.6769762232507,3591.7635159885467,3584.4466169736115,3575.577251429335,3565.006155213283,3552.5885454344243,3538.1852818492916,3521.6615133565356,3502.8839022855245,3481.7174356829346,3458.022663618438,3431.6539899104246
GBR,Male,IHD,diet,23093.274393612708,0.0,1306.8559306599418,0.0,16.078510982828448,39.38835841229593,72.76645396644744,118.70216909384908,178.23382432105427,250.11631041034707,330.9763979200434,416.4265517959211,502.347784097532,585.6545259228005,664.4436455788891,737.7826610367774,805.3966243315081,867.3925371217192,924.063021550246,975.7641716185026,1022.8483458292685,1065.6328137419623,1104.3896224046111,1139.346730238918,1170.694156342688,1198.5915005194329,1223.1749128034717,1244.5626766801288,1262.85921864368,1278.1577144580078,1290.5416310775618,1300.0855920522736,1306.8559306599418
GBR,Male,IHD,combo,125899.96035355152,1336.9213980119603,4662.890207789584,1336.9213980119603,3417.6639824484737,3494.7970209678024,3557.387100745502,3625.597260922201,3702.5984072453357,3787.865464783681,3878.4069304872173,3970.234527695975,4059.7121133145483,4144.277136066557,4222.5290830430895,4293.969962111973,4358.661574127043,4416.937448070639,4469.208441664508,4515.8531475179625,4557.169582134404,4593.36502144955,4624.566098117793,4650.837012587268,4672.198460532345,4688.643371898266,4700.147932908425,4706.677861797165,4708.190761185091,4704.635764376864,4695.951777112932,4682.06550243737,4662.890207789584
GBR,Female,IHD,glp1,55479.93631138326,841.2968059210543,1883.4178482844436,841.2968059210543,2040.893673332168,1989.4449659909806,1944.754447037296,1912.1838093890437,1889.322512566534,1873.860937395577,1863.8255304547783,1857.6355951392543,1854.1037966190524,1852.393386366468,1851.9508548694394,1852.4313057346772,1853.628851076679,1855.418965658646,1857.7154011613275,1860.4413084470034,1863.5125169695966,1866.8301804201546,1870.2799067420092,1873.7347887241413,1877.0602439911818,1880.1191268557668,1882.7761049213877,1884.9007528788898,1886.3691826549693,1887.0642980150878,1886.874938617002,1885.6942751486495,1883.4178482844436
GBR,Female,IHD,diet,12205.481645468593,0.0,714.2197048948765,0.0,8.647756392667361,20.891609365593467,38.24125679623103,62.02018457073427,92.80712922020757,130.00205341689434,171.89371465834847,216.22635155869648,260.8644438221636,304.19787887445636,345.2305025628193,383.4791052510154,418.8152065396207,451.3218366950059,481.1883235568239,508.64207572392115,533.9087435650326,557.1917657147496,578.6641699476968,598.4675694562939,616.7149745981224,633.495258577168,648.8779592671781,662.9176711645014,675.657663273676,687.1326085195615,697.3704674177716,706.3936600667657,714.2197048948765
GBR,Female,IHD,combo,66832.20240826653,841.2968059210543,2550.9108745137673,841.2968059210543,2048.8310893101298,2008.5934015217754,1979.8315300825416,1969.1300920499234,1974.624859611209,1993.4735443378522,2022.146553027942,2056.9982806806584,2094.8760493090995,2133.451568854489,2171.239053782436,2207.4316997451715,2241.6893268330823,2273.9503946712393,2304.292507541366,2332.8405532743272,2359.7128265604406,2384.9942833150053,2408.7275985214073,2430.914840618887,2451.524574586925,2470.5008597119486,2487.7719050322485,2503.2571280541197,2516.8720811086023,2528.5312112284555,2538.148744470782,2545.6381699896483,2550.9108745137673
DEU,Male,IHD,glp1,168004.6303540177,2187.6551103442616,5285.246195672487,2187.6551103442616,5643.54948320573,5772.3978513741895,5818.941821945758,5825.010225391496,5809.593900469714,5787.258444771054,5767.715772977113,5756.193920292208,5754.384431477811,5761.5363215498655,5775.446114646489,5793.237799238399,5811.916071964573,5828.721046776671,5841.328173247559,5847.9367672043445,5847.28340313473,5838.607682205533,5821.590058133137,5796.275308649783,5762.990871917995,5722.266277923132,5674.757886811509,5621.181753846191,5562.256427158369,5498.6566950657725,5430.978649903991,5359.715886717822,5285.246195672487
DEU,Male,IHD,diet,29693.747396648658,0.0,1549.4778130007762,0.0,23.854308673922787,58.352041783131426,107.228511982481,173.30992564788903,257.2037576974544,356.47291291817965,466.14682355037075,580.3306776046084,693.7978583858348,802.7805961003032,904.9870043959672,999.2471466648567,1085.113246928624,1162.5529485410661,1231.7545902802522,1293.0183919456613,1346.7016851899098,1393.193716689566,1432.904411448224,1466.2582938300911,1493.6892084426363,1515.6341239361354,1532.5257504934707,1544.7844112849998,1552.809878875516,1556.973907253705,1557.614075072328,1555.0293780306965,1549.4778130007762
DEU,Male,IHD,combo,196026.65875998233,2187.6551103442616,6760.939926434643,2187.6551103442616,5665.545875540629,5826.177265041086,5917.933580350829,5985.316933486829,6047.947880760039,6118.194057146407,6201.195007200367,6296.71352647696,6401.5643754188495,6511.455102127176,6622.005071927924,6729.205101602594,6829.602742224684,6920.372327527832,6999.333042716244,7064.935297043936,7116.222510427135,7152.773162711106,7174.62818476111,7182.208960011427,7176.230980834705,7157.617702527728,7127.418500378262,7086.733932692034,7036.65077421318,6978.188529951978,6912.258393358556,6839.6349047438125,6760.939926434643
DEU,Female,IHD,glp1,113818.49996009876,1694.5598062830686,3765.224289329897,1694.5598062830686,4249.05276042629,4169.694195546879,4083.443451796731,4004.454437927212,3933.0612316309125,3870.9793520993553,3820.1622529955202,3781.9130596723553,3756.54210513625,3743.3917602109286,3741.0455964292196,3747.5938446816726,3760.8832740275393,3778.720168447471,3799.019133672031,3819.902292945015,3839.7577568820707,3857.266679119086,3871.4070105027204,3881.4404710016825,3886.8878206739173,3887.496395516573,3883.203064155954,3874.095175204551,3860.3716159743926,3842.3057243517105,3820.2114458074648,3794.4137876502937,3765.224289329897
DEU,Female,IHD,diet,24557.645653396452,0.0,1322.1925302743766,0.0,23.06324035617581,54.39810312834743,97.99304641399067,156.35770106344717,229.46993590977218,314.27452366109355,405.5592746064649,497.7972609860881,586.7132197095343,669.8406436983059,746.252332974429,815.9865702140087,879.5308439258952,937.4846357278293,990.3871819261985,1038.6559589250828,1082.5860122068698,1122.376166587419,1158.162474115903,1190.049010379429,1218.13192683339,1242.515800382229,1263.3228638552537,1280.6963587852078,1294.799442844349,1305.811040442015,1313.9198702971044,1319.3176831662422,1322.1925302743766
DEU,Female,IHD,combo,136950.58067655232,1694.5598062830686,5018.77662963068,1694.5598062830686,4270.3196975789615,4219.861700444046,4173.979276969767,4149.184711509282,4145.849635441904,4162.913685073072,4197.525610329438,4245.848807275892,4304.178411236688,4369.503222467698,4439.484574913382,4512.200319059033,4585.917836867491,4658.981187371406,4729.795545259665,4796.865197570689,4858.848467093703,4914.607394722523,4963.241800441829,5004.104742396972,5036.800380192479,5061.167114452226,5077.249565165781,5085.263029883921,5085.55382989897,5078.558559462297,5064.764776869182,5044.675160690269,5018.77662963068
GLB,Male,IHD,glp1,5270274.829442725,68049.17942743935,193664.12578827143,68049.17942743935,169631.94648441207,169419.78453468625,168746.78709939774,168332.96136036236,168209.35128656775,168369.87354137562,168792.39199416712,169446.59521387797,170299.7153049996,171320.16023138724,172479.3226441713,173752.0398351606,175116.21514960378,176552.03461428173,178041.08940427192,179565.5904732095,181107.76041379478,182649.41773719527,184171.7288584998,185655.08696738072,187079.07704020757,188422.49542942364,189663.40510772448,190779.2198123904,191746.81968361512,192542.70647926908,193143.20799946878,193524.73952611163,193664.12578827143
GLB,Male,IHD,diet,2775637.2184416987,0.0,168178.10645059682,0.0,1530.6753193642944,3793.231668494642,7108.671075899154,11779.550967219286,17979.023428496905,25653.754860991612,34518.075367564335,44149.83478609007,54117.407867287286,64066.32660690509,73747.85232408717,83009.23861741088,91769.69433824066,99996.30088072363,107685.16590309422,114848.37893153913,121505.64905283693,127679.24883501884,133391.12392443046,138661.3496208405,143507.38974373415,147943.81386398152,151982.26606569905,155631.56812329218,158897.89656486362,161785.0070882775,164294.49857296795,166426.1175917508,168178.10645059682
GLB,Male,IHD,combo,7947442.538229606,68049.17942743935,356642.7497452423,68049.17942743935,171091.25462217722,173033.94853431452,175523.98668855336,179571.73168059252,185376.1369633507,192883.47894029506,201801.9741441924,211700.26811986323,222133.96929686423,232732.1305348333,243226.80427938327,253444.70656952728,263284.2647331096,272692.06338885333,281644.0747860782,290132.4435842419,298156.87749023177,305719.3686959902,312821.14592797216,319461.04143780284,325634.71492917277,331334.3750607064,336548.7816262767,341263.4089567512,345460.7144560525,349120.49431305286,352220.3281601723,354736.1211365126,356642.7497452423
GLB,Female,IHD,glp1,4129778.7306952765,53973.2629743875,162410.5894208355,53973.2629743875,132841.33188872645,130116.22558463784,127868.0152004743,126437.53174666828,125696.84244066756,125534.5255293739,125854.03902969137,126570.50714336662,127609.96657769661,128909.05240611266,130414.37167475931,132081.4574549701,133873.4434616007,135759.6510673156,137714.24668930192,139715.06685590278,141742.65008666366,143779.4713385459,145809.3489741357,147816.98393392935,149787.5919820927,151706.59813326318,153559.37377095036,155331.00854658242,157006.11888903473,158568.70173416752,160002.04551090114,161288.71064852085,162410.5894208355
GLB,Female,IHD,diet,2363272.8216784485,0.0,147832.6101242341,0.0,1355.4891476011835,3303.40985819418,6119.993775316048,10058.197945626453,15257.537761512678,21666.528037180193,29042.637526211794,37036.08431933168,45296.1866721604,53540.9335681051,61577.26740226988,69290.36969879363,76622.47402718943,83552.75258733891,90082.14664607123,96223.20416945126,101993.7654859256,107413.25981288031,112500.64757407177,117273.34505061619,121746.70571735501,125933.79843780119,129845.33189288527,133489.644347243,136872.72132113762,139998.2299168976,142867.57326729316,145479.97558775358,147832.6101242341
GLB,Female,IHD,combo,6409841.990990251,53973.2629743875,305607.64886514284,53973.2629743875,134133.6218464449,133264.602360663,133705.24108115025,136039.01770394295,140273.3756595659,146250.47787565133,153644.71895503905,162038.7233437351,171023.79277815484,180266.20275800675,189526.39845821727,198648.17119646817,207537.42071935255,216141.70992611814,224434.50500403903,232404.30230968725,240047.60603694431,247364.59025177825,254356.5038313102,261024.14904335048,267366.9897081135,273382.60991292354,279066.35924534034,284411.09846650716,289407.0108404858,294041.47629038617,298299.02325740084,302161.3802899439,305607.64886514284
CHN,Male,IschStroke,glp1,749027.2429703034,5423.028432708874,29559.67910455959,5423.028432708874,15076.826841069735,16328.102592311101,17449.389876152854,18520.83076684689,19553.69024304021,20550.088167074253,21508.151069080224,22424.763138250913,23297.03149858897,24122.798200461082,24900.580199322314,25629.267535028397,26307.80755171948,26934.996600573068,27509.41570790892,28029.4916680397,28493.638047526125,28900.424906689906,29248.733754161512,29537.86838571797,29767.607656455366,29938.199644617736,30050.30646654498,30104.91477964935,30103.229122914607,30046.564464635914,29936.25157251605,29773.564976137364,29559.67910455959
CHN,Male,IschStroke,diet,867603.4166835189,0.0,49436.221997115994,0.0,500.38808936357964,1241.068245409173,2326.723433969193,3856.629923310131,5887.688318449771,8401.996303113992,11304.399550442351,14453.705066032591,17704.56956692878,20936.461014301283,24063.583984981407,27032.032835444086,29812.02016312431,32389.945974331233,34762.14917772962,36930.59994376334,38900.191780204885,40677.17299984023,42268.31644609617,43680.52818292915,44920.69094366883,45995.613250139635,46912.00989541481,47676.477203677176,48295.45088357362,48775.14870365686,49121.507399355294,49340.12540715141,49436.221997115994
CHN,Male,IschStroke,combo,1592544.1247454968,5423.028432708874,77814.52553684171,5423.028432708874,15558.323141850415,17521.945476010907,19688.87106712605,22235.29037450638,25228.041767459945,28652.988232193282,32417.540655346238,36383.17951948289,40407.11295813136,44370.7202732109,48189.204079618445,51808.716241356684,55198.68674919405,58344.053540091496,61239.21308138687,63883.93767104694,66280.89880017738,68434.3112564634,70349.27348040696,72031.489057258,73487.1593900097,74722.9223508758,75745.77383677289,76562.95118670748,77181.7831621177,77609.52450862294,77853.1975101449,77919.46140837623,77814.52553684171
CHN,Female,IschStroke,glp1,558911.0801526874,4069.0757144138333,23870.15600180498,4069.0757144138333,11039.135187389853,11679.128605101781,12294.523062697437,12932.27020932897,13592.879880998342,14272.128516420606,14963.389855057467,15659.19064360694,16352.323395657702,17036.432121646823,17706.16362407815,18357.045867015375,18985.2494303789,19587.347296968917,20160.138982178178,20700.56233940588,21205.686467583175,21672.76261321653,22099.304463357315,22483.171368045383,22822.634475029074,23116.413795883767,23363.681950502098,23564.03662890778,23717.448167989496,23824.19102262403,23884.76855914865,23899.839906249894,23870.15600180498
CHN,Female,IschStroke,diet,668485.3916234531,0.0,40475.06982652936,0.0,358.30485979106743,882.9357786916662,1649.9302507412503,2731.9719326712657,4173.151106071484,5966.167323636706,8049.933262982522,10330.541169137927,12709.885550812003,15105.611187701812,17458.102610333124,19728.771300977794,21894.97553904855,23944.791425520438,25872.87210300984,27677.57584643294,29359.150292380946,30918.682100098464,32357.556445738184,33677.23157412454,34879.19021761115,35964.974918548134,36936.24843342218,37794.845403448446,38542.79925495642,39182.340378451394,39715.86924723629,40145.91228334722,40475.06982652936
CHN,Female,IschStroke,combo,1208466.2551958873,4069.0757144138333,63332.306656581466,4069.0757144138333,11383.91250765085,12528.546003520896,13882.780819534324,15563.82041429315,17615.133107161033,20026.12015095126,22731.95891156944,25635.15282096248,28634.10324433958,31642.92601203709,34598.431229565875,37458.462015095865,40196.84855461423,42798.18350108166,45253.68175294262,47558.33137611626,49709.13253190229,51704.12724960444,53541.94895504392,55221.67967314005,56742.86258775194,58105.56849927246,59310.45492388692,60358.78678301931,61252.40909699828,61993.67619560973,62585.35006024677,63030.48384697933,63332.306656581466
IND,Male,IschStroke,glp1,180915.5995906012,1443.2200851096713,8202.81420993508,1443.2200851096713,3848.4950454525533,3999.3859181951557,4152.755564162711,4315.441330695699,4483.469301665202,4654.659982387442,4827.895459311199,5002.610882768873,5178.524785027141,5355.489331621386,5533.400731247035,5712.140331363829,5891.531906609831,6071.308306781866,6251.084586301411,6430.336720557127,6608.385929154581,6784.388970622327,6957.334825473023,7126.048092786863,7289.199261414411,7445.32181080681,7592.835860540916,7730.0778300585225,7855.335302583873,7966.886026617372,8063.039755835081,8142.181445514201,8202.81420993508
IND,Male,IschStroke,diet,185492.36240452455,0.0,11896.946627007506,0.0,101.72523843005183,250.62254990724614,469.28686695563374,778.0861101952032,1187.482650591759,1691.6250318686361,2268.8498035873054,2889.443765249918,3525.018493995536,4154.22478850442,4763.921212572837,5347.674493652303,5903.537253771967,6432.121201367525,6935.2442997444305,7415.090940339956,7873.736296334711,8312.900756455027,8733.839760763454,9137.30971013679,9523.575484658533,9892.440689471725,10243.290816803754,10575.144465698104,10886.71026307228,11176.448234939016,11442.634720369359,11683.429878079565,11896.946627007506
IND,Male,IschStroke,combo,363119.25740892044,1443.2200851096713,19909.933751125413,1443.2200851096713,3947.8093522083363,4244.077079619048,4611.148139642843,5075.809340371343,5644.4113800034975,6309.182829042315,7047.941473490559,7831.1293800106505,8630.692434773955,9425.534643394465,10202.602421563934,10955.38633464917,11681.72068390646,12381.871135750145,13057.184067883587,13709.24063032365,14339.372051667538,14948.406320094364,15536.554326539743,16103.377747540944,16647.80500424333,17168.17666371487,17662.310309592576,18127.57952637592,18561.003847142856,18959.34735335782,19319.22373058059,19637.205365200876,19909.933751125413
IND,Female,IschStroke,glp1,163340.81770179316,1590.6493410314142,7173.459015845205,1590.6493410314142,4215.096355010464,4064.4028469767945,4068.393789996975,4129.409954503062,4220.998243607988,4330.300091564655,4450.855608385988,4579.056097843277,4712.702521776082,4850.356253118545,4991.018660620495,5133.955642074172,5278.5860408229055,5424.400591115234,5570.897869931883,5717.532169920742,5863.671649443568,6008.566472850507,6151.327129238052,6290.91319304629,6426.13264765928,6555.651608436718,6678.013900794031,6791.669518328388,6895.010556205409,6986.412836405449,7064.281157046906,7127.0959381926805,7173.459015845205
IND,Female,IschStroke,diet,218535.5787989561,0.0,13273.3859947233,0.0,190.77113521107822,424.8966695070267,753.0373988085194,1201.550985863607,1777.2955408896087,2460.7048412857694,3211.480599700357,3983.801749887003,4740.434768284205,5458.540393493604,6128.282144271361,6748.591097077297,7323.131211524596,7857.498754012922,8357.597595428408,8828.823592067813,9275.722038050473,9701.891859752475,10110.005125762022,10501.873099766031,10878.526468871452,11240.296787258121,11586.895671301463,11917.492351893568,12230.791435561376,12525.112592504942,12798.473159431363,13048.67373676633,13273.3859947233
IND,Female,IschStroke,combo,378698.780460989,1590.6493410314142,20277.002248176956,1590.6493410314142,4401.346132694976,4479.9875023935165,4805.62643278559,5306.585031979135,5963.310746115516,6744.004373808682,7602.852522094327,8491.318108778505,9370.547529520642,10216.492007825116,11018.296717858233,11774.011842691747,12486.533661479829,13160.770523368614,13801.974194941518,14414.877198283852,15003.306687710574,15570.052648025448,16116.861201087886,16644.485282026813,17152.760623670067,17640.6938749532,18106.55872627831,18547.999557855597,18962.14297343057,19345.717104864074,19695.177589316852,20006.83807594143,20277.002248176956
BRA,Male,IschStroke,glp1,104544.4427988528,834.3803950573565,4572.953289184894,834.3803950573565,2186.0413515222244,2291.320739043571,2392.995337480643,2498.683342517448,2607.6705733419876,2719.001478167491,2831.7020628304163,2944.841229552767,3057.572470545587,3169.1573147675663,3278.972829651211,3386.5069250230226,3491.3453291062688,3593.153578818885,3691.6566489679753,3786.618172208313,3877.8206592459464,3965.047721674149,4048.068999729803,4126.628269574838,4200.435020941775,4269.159637295961,4332.4321670294885,4389.844542009741,4440.955979374834,4485.3011960773,4522.400976256453,4551.77456185488,4572.953289184894
BRA,Male,IschStroke,diet,34717.92147566725,0.0,2194.308884296028,0.0,16.156850144208875,40.785924969379266,77.58210118602437,130.17745218806522,200.9066259929532,289.6635186503627,393.70701277667104,508.5942380692504,629.5314999433904,752.3653947293787,873.9793912771929,992.2691797329244,1105.9383021235262,1214.267463983735,1316.921054872757,1413.8041329275438,1504.963317691043,1590.5204508394818,1670.6290372329386,1745.4460265667876,1815.113856214506,1879.749448964576,1939.43806692402,1994.2306965285534,2044.144111795962,2089.1630375813693,2129.2439854771364,2164.3204119874863,2194.308884296028
BRA,Male,IschStroke,combo,137045.55614968063,834.3803950573565,6640.027435468408,834.3803950573565,2200.9397373796164,2328.8663456655777,2464.4461265469654,2618.670549455892,2793.01957409655,2986.494787622447,3195.65164568794,3415.506522843585,3640.814018068704,3867.002821924063,4090.553875001926,4308.980190018505,4520.631967122252,4724.4706671508175,4919.873237415872,5106.481070794929,5284.089508817131,5452.568972800138,5611.809461205165,5761.682186035716,5902.014053848965,6032.572135110677,6153.056212297612,6263.098064546415,6362.266453334567,6450.076915303958,6526.005514465665,6589.5057045932335,6640.027435468408
BRA,Female,IschStroke,glp1,94472.06314307073,800.3623897230937,4332.515161911084,800.3623897230937,2061.1830140418315,2104.7572306183793,2158.1000798847526,2224.5503207487345,2300.928021965825,2384.8423523888923,2474.503745962109,2568.504704757106,2665.6833951070876,2765.045107960461,2865.7199292177247,2966.9411512365186,3068.03413106261,3168.409174573673,3267.5547613915696,3365.0292835431537,3460.450690141741,3553.4841959581972,3643.828657583377,3731.202441803791,3815.3296745279513,3895.9277145304804,3972.6965813224524,4045.3109085282777,4113.414814439064,4176.619895877069,4234.506372032309,4286.627240231406,4332.515161911084
BRA,Female,IschStroke,diet,33892.61663432407,0.0,2186.7655718932365,0.0,17.904307118122233,43.82172458949208,81.60894860038388,134.9116397802718,205.8906682792949,294.0880333810637,396.3479959651813,507.93135805674683,623.9981033848599,740.6123601971703,855.0605057503853,965.7201163791251,1071.7676588514878,1172.89414845399,1269.089084554973,1360.4962015520068,1447.3250110418667,1529.8000131264707,1608.1331894380128,1682.5099290209473,1753.0822389852983,1819.9656905622833,1883.238226241112,1942.9399626237864,1999.0736876799638,2051.606032718657,2100.469409701167,2145.5648163967126,2186.7655718932365
BRA,Female,IschStroke,combo,126293.282382133,800.3623897230937,6397.13449440962,800.3623897230937,2077.6927466675916,2145.1342210189323,2233.3747230009467,2349.1420066665232,2491.2971444103896,2657.0875188076316,2841.869129299812,3039.89709824077,3245.5478642930902,3454.1706817917584,3662.348880875419,3867.7682754576963,4068.9444135605954,4264.957692953714,4455.249068956808,4639.478850094463,4817.434035018072,4988.968163956721,5153.961299283961,5312.291996492604,5463.816515393773,5608.352832779434,5745.668433573155,5875.471629736407,5997.406502033962,6111.051640652469,6215.922788823955,6311.479344159627,6397.13449440962
CAN,Male,IschStroke,glp1,12917.925712229711,108.62040353953307,521.4286284747832,108.62040353953307,282.6452757910629,295.9725511117549,309.11414479408904,322.9633970761779,337.32567712466516,351.98089465864905,366.7168641659591,381.3379707442191,395.66905227912775,409.5563953163619,422.86740015455507,435.4899659654857,447.3320735639154,458.32161471041945,468.40628376656696,477.553277693778,485.74858561018027,492.99573518534,499.3139607309731,504.7358434376338,509.3045369578467,513.070729091979,516.0895051939533,518.4172757530287,520.1089145648784,521.2152296532076,521.7808604577822,521.8426646618045,521.4286284747832
CAN,Male,IschStroke,diet,2565.2839833673906,0.0,156.3129430997742,0.0,1.2241696240298552,3.099388289086164,5.90977704886518,9.939128157006053,15.370920588803529,22.195405725704404,30.192858207777135,39.008049756743276,48.258681150555276,57.61445992136032,66.8277991281766,75.73064720143066,84.21745636056039,92.22682644883844,99.72680103906896,106.70460544599155,113.16001855953618,119.1012617720844,124.54245692102722,129.5019791396935,134.0012747622768,138.0638959974931,141.7146266175605,144.97864968347494,147.8807526547189,150.44458777352884,152.692014168264,154.6425481239603,156.3129430997742
CAN,Male,IschStroke,combo,15307.939383329438,108.62040353953307,667.5768064723061,108.62040353953307,283.77611899933345,298.83023284631963,314.5642030921308,332.1344278404222,351.51775120191905,372.4879536419321,394.632914953444,417.43114132166465,440.3552165069259,462.94582428348986,484.8401455042813,505.7687871830949,525.5400157178037,544.0228718409135,561.133601999798,576.8259229758005,591.0841903404489,603.9183302715846,615.3596370306332,625.4568698772428,634.2723674101308,641.8781005603823,648.3517127645409,653.7726635549752,658.2186169769466,661.7622131758008,664.4683410949074,666.392000350731,667.5768064723061
CAN,Female,IschStroke,glp1,16437.293056235972,157.79508377430193,682.468545149055,157.79508377430193,390.89440911129077,386.79957340316014,391.96055915684883,402.6795907959922,416.6196399915516,432.56541565720363,449.77874621881165,467.74151288790017,486.0520481788262,504.3803146005721,522.4470912125871,540.0140159962302,556.8790279407622,572.8745432596788,587.8668151316961,601.7554856132174,614.4727064302951,625.9814874082476,636.2731516672393,645.3639401925866,653.2909188485846,660.1074050656098,665.8781581163676,670.6745754596195,674.5701167038296,677.6361435726303,679.9383244897126,681.5337102015637,682.468545149055
CAN,Female,IschStroke,diet,4104.438506284989,0.0,244.71326388249508,0.0,2.716223595270094,6.36487495026995,11.520195061285449,18.67355009909261,28.08946485929846,39.67032184274831,52.961879661996136,67.3142603351389,82.08203919351763,96.75150647325609,110.97378306536484,124.54081723503077,137.34404296360844,149.33721499979583,160.50992522073284,170.8711384597791,180.43998612890027,189.24112569657518,197.3026601690708,204.65530466875134,211.3320184899021,217.36768373784253,222.79864248522063,227.66204254621334,231.995018503756,235.83377161610224,239.21262467130146,242.16312567267232,244.71326388249508
CAN,Female,IschStroke,combo,20292.12701986204,157.79508377430193,913.3380376656278,157.79508377430193,393.40355730820556,392.68008825098514,402.61862755865604,419.97721942846147,442.668944344965,469.3953431723339,499.00415462032925,530.3787833989336,562.5190024336371,594.61475361466,626.0575969573583,656.4099795318616,685.363300165116,712.702060047046,738.2787565546987,761.9980866583282,783.8073893470955,803.6905496615891,821.6634081153206,837.7695058121371,852.0755895891762,864.6666988986635,875.6408968042142,885.1038354337634,893.163397972141,899.9246620438953,905.4854024748674,909.9323082236697,913.3380376656278
TUR,Male,IschStroke,glp1,40338.267267755145,385.8994614213716,1725.938010577207,385.8994614213716,1031.232911477653,958.626042288588,970.2636037712036,992.5284833334645,1024.4955388055605,1060.9074837617954,1099.787602550754,1139.7700996474268,1180.028133095082,1220.0296968077892,1259.4435212407334,1298.0668160340792,1335.7766423241264,1372.4943345850006,1408.1598003350991,1442.7131031686586,1476.0816911769325,1508.172060124998,1538.864948120503,1568.013363930826,1595.442904207317,1620.9539307153318,1644.3252645168905,1665.3191123148717,1683.6869733173844,1699.1762872251093,1711.5375814243707,1720.5318654550138,1725.938010577207
TUR,Male,IschStroke,diet,8737.746298024462,0.0,508.77086241368306,0.0,9.834393869517953,19.424694696865117,33.11470712388109,51.6326042071305,75.3113623337631,103.2831767840944,133.88087312019343,165.24721510582822,195.89893139534252,224.93096489887103,251.94383700000617,276.87264342425624,299.83250754392793,321.0141764946711,340.62428843619637,358.85537996886706,375.87299393314606,391.8116905149036,406.77530430891056,420.8390254759797,434.0521435293231,446.4409509946745,458.01162549489163,468.75305198369824,478.6396004152266,487.6338848087471,495.6895212318341,502.75388651603134,508.77086241368306
TUR,Male,IschStroke,combo,48558.3684970609,385.8994614213716,2207.6541355102163,385.8994614213716,1040.1338838258162,976.4550839065669,1000.7137367603464,1040.1241323024788,1094.056507122219,1156.498903966174,1223.9523909763993,1293.3333552494987,1362.4225970944426,1429.8226773480928,1494.8056657987545,1557.0871404587306,1616.635323475537,1673.5380283990999,1727.9203919147294,1779.8975193882507,1829.5488523757158,1876.9054517726,1921.944931363938,1964.5910517154553,2004.716315417645,2042.1466416537041,2076.667590123583,2108.0318013819087,2135.9674076556657,2160.1871932177346,2180.398274966912,2196.312050497316,2207.6541355102163
TUR,Female,IschStroke,glp1,44775.32289058712,497.27693647678825,1964.3248288554605,497.27693647678825,1305.238264446656,1119.0557437041098,1100.1676062022416,1107.7665344391353,1130.7502604874135,1161.880653633667,1197.8269791888051,1236.6783138952742,1277.2550768226974,1318.7923301052324,1360.7823779630198,1402.8824925541958,1444.8554617588088,1486.5287926799938,1527.7656538016054,1568.4437941738142,1608.440242562443,1647.6204184104681,1685.8307469616993,1722.8941404154684,1758.6078757897194,1792.743512480185,1825.0485680946513,1855.2497182742518,1883.0573091787082,1908.1709742649327,1930.2861352974796,1949.101147668196,1964.3248288554605
TUR,Female,IschStroke,diet,11094.298968423995,0.0,647.9061570597987,0.0,15.5928537542095,29.33329328228865,48.58549797224259,74.33703871215039,106.58440706194233,143.718795102086,183.158666306339,222.36684184248224,259.59104158859554,294.00235702468854,325.4532939246528,354.16750427506486,380.51208326242704,404.86997728532515,427.58256075029567,448.9310250049675,469.13585632177274,488.36317307833815,506.7326252399871,524.3247218091419,541.1869649181681,557.3388147871301,572.7757351355758,587.4726061974288,601.3867554725948,614.4607966576295,626.6254067252521,637.8021178714189,647.9061570597987
TUR,Female,IschStroke,combo,55281.80427819822,497.27693647678825,2581.5620977309227,497.27693647678825,1319.3511382990437,1146.0879093596595,1145.0744977020695,1176.6655622186481,1229.7805536429478,1295.7443923625833,1368.8474074498772,1444.7972170939174,1520.7347442636928,1595.071518267072,1667.122242548241,1736.7267862984918,1803.9758513746638,1869.0473932980967,1932.1209343258743,1993.3370800295597,2052.7804848957385,2110.474138190413,2166.378911690197,2220.395610349464,2272.368402598586,2322.089254918421,2369.3033002127777,2413.7151622722304,2454.9962528968317,2492.793008691013,2526.7359681142116,2556.4495206261927,2581.5620977309227
ZAF,Male,IschStroke,glp1,16108.449556229169,112.17319225991832,749.456687819038,112.17319225991832,306.6509595572579,327.75234879435993,347.04634961531156,365.9676613763968,384.65835754815635,403.15781088051517,421.4654079141437,439.56621598975835,457.4468124930463,475.1037555269795,492.5461826331157,509.7940634717106,526.8736121256334,543.8111939519367,560.6268060256953,577.3279377920098,593.9043700020211,610.3242613676885,626.531705325524,642.4458092585483,657.9612492524611,672.9501791948096,687.2653191396457,700.7440108544979,713.213005727066,724.4937397399372,734.4078504218487,742.7827001701371,749.456687819038
ZAF,Male,IschStroke,diet,474.7751669011823,0.0,30.019243804294092,0.0,0.24843282626534346,0.615813810479267,1.15851877770001,1.9299305526692478,2.961522819248785,4.245606480108108,5.733639452500938,7.35264203470615,9.027673324086209,10.697535083891125,12.320186182221732,13.871167477102063,15.339294436264026,16.722218456152405,18.022859772801894,19.24685411626524,20.40083915121977,21.49135261841002,22.524151534369594,23.503815855568973,24.43354545629336,25.315091376265627,26.1487830365877,26.933625775101973,27.667450453780475,28.347101095594553,28.968648883444985,29.527622257788607,30.019243804294092
ZAF,Male,IschStroke,combo,16562.610610307445,112.17319225991832,778.3083120272931,112.17319225991832,306.8850720888686,328.3323537760807,348.13839944293704,367.7886076414161,387.45535880463467,407.17156401503416,426.89157276181504,446.5320866881375,466.0090605804835,485.2610113108094,504.2568479383608,522.9927810885711,541.4837848154402,559.7533870102234,577.8238198499803,595.7074821720998,613.4001174522164,630.8758484499958,648.0840753737139,664.948163656909,681.3657899808295,697.2107705691778,712.3361610881911,726.5783921820766,739.7621887609275,751.7060145435426,762.2277857108602,771.1506082669002,778.3083120272931
ZAF,Female,IschStroke,glp1,22852.32684881005,171.32770149769203,1040.1153743347131,171.32770149769203,503.6862346828275,522.8845007645959,538.4639289218285,555.2773193071716,573.8466450180968,593.9705248564405,615.2407736659297,637.2296132226802,659.5654507646614,681.9576683649211,704.198229676258,726.1534511260652,747.7519040232182,768.9709412143384,789.822906602978,810.3415840124399,830.5693053581017,850.5451103420783,870.294330421304,889.8199277160784,909.0958515197526,928.0625871709526,946.624972476573,964.652253616794,981.9802526431413,998.4154283985772,1013.7405369445441,1027.7215401452995,1040.1153743347131
ZAF,Female,IschStroke,diet,800.2201923775283,0.0,48.617173116064805,0.0,0.6605280422500073,1.4813969665356126,2.617150288873745,4.174911635622266,6.196927497980141,8.63666045512582,11.368751266927575,14.234320337513054,17.09031644442075,19.83633720110447,22.41698140683002,24.811415861280693,27.020678060023783,29.05757485756476,30.940066290706454,32.68742809446849,34.31822045014633,35.84929509590438,37.29534563331981,38.668718956232624,39.97934391781382,41.23471376262387,42.43990150855461,43.59760750696296,44.708245708770846,45.77007570931528,46.779384935030976,47.73072136956034,48.617173116064805
ZAF,Female,IschStroke,combo,23623.476477760105,171.32770149769203,1087.1807994297487,171.32770149769203,504.3086882228763,524.2839641322516,540.941791622834,559.2367185199619,579.7323353154243,602.1851396518177,626.0696560632277,650.8078904410031,675.8917642333108,700.9337450493695,725.6712620092185,749.9490192015801,773.695067749075,796.8977958152464,819.5858211081431,841.8107308978797,863.6321964272865,885.1051355975615,906.2688276190929,927.1380400697635,947.6962915036493,967.8913618190709,987.6331043592654,1006.79353020286,1025.2090427078583,1042.6846109059115,1058.9995921705486,1073.914853416576,1087.1807994297487
MEX,Male,IschStroke,glp1,33581.86652788115,229.81479311011753,1611.0010042972099,229.81479311011753,607.372180668217,646.4544215270744,684.3410855806342,723.0835176035489,762.5455677708978,802.5851726022956,843.0830237425143,883.932059553912,925.0299339719804,966.2745386970146,1007.5615541087482,1048.7831727300963,1089.82742410014,1130.5777721940758,1170.9128212875148,1210.7060618686282,1249.8256359168008,1288.1341212935586,1325.488343745219,1361.739231712556,1396.7317381563953,1430.3048654500053,1462.2918421764807,1492.5205114462005,1520.8139961402776,1546.9917050270233,1570.8707338645763,1592.267697537438,1611.0010042972099
MEX,Male,IschStroke,diet,4874.459400163845,0.0,331.9627736372495,0.0,2.0271546859821683,5.134945353967851,9.796327565500178,16.480758191422865,25.49866794884838,36.857700060627394,50.238835260212,65.11408196549746,80.91509214524922,97.15460041238111,113.47226864628465,129.6281283861299,145.47476525376078,160.92761157297537,175.94103595335764,190.49150433404066,204.56664334533707,218.15854763132302,231.25989989114532,243.86185715573083,255.9530007928588,267.51890478183486,278.54205353148427,289.00195618160797,298.8753771614538,308.1366466750005,316.7580394592587,324.7102221833229,331.9627736372495
MEX,Male,IschStroke,combo,38079.080040285386,229.81479311011753,1918.7778438306632,229.81479311011753,609.2217212181913,651.1286152941902,693.2598796156144,738.0970737506032,785.7911978464253,836.2128973499457,888.9581412957377,943.4433882675839,999.0506820011342,1055.233751540496,1111.5579249727052,1167.6936574750216,1223.3911675102227,1278.4533982865323,1332.7141686989926,1386.0226676944385,1438.2332635853381,1489.199158238349,1538.768615905141,1586.7828421149716,1633.0749030911356,1677.4693179846472,1719.7821278939955,1759.821360916816,1797.3878844437495,1832.276674606048,1864.278545746296,1893.1823760002844,1918.7778438306632
MEX,Female,IschStroke,glp1,34690.31803045944,248.79515718270522,1746.357138098192,248.79515718270522,644.8187082720378,668.534946212234,695.1047290369934,725.7839458479793,759.7011108720726,796.190128393393,834.7675423085348,875.0725923168375,916.8210392782512,959.7733725295311,1003.7146236948283,1048.4425406453447,1093.761289649996,1139.4785225398336,1185.4042906813847,1231.3508081685322,1277.1324484330871,1322.565622724589,1367.4683664992845,1411.659578941988,1454.957942734869,1497.1806092335792,1538.1417755387665,1577.651307323089,1615.5135750483023,1651.5266709371972,1685.4821596285365,1717.1654876874745,1746.357138098192
MEX,Female,IschStroke,diet,5423.803578027797,0.0,377.106825663519,0.0,2.4980135445275664,6.171050165137785,11.55859517432873,19.18594530502196,29.382207813761852,42.11833394979476,56.991867442946386,73.37816389365253,90.63396173202636,108.23567344889489,125.82296608243269,143.18033884225588,160.19653544833636,176.8252534060266,193.055522478262,208.89223592810595,224.3445842234578,239.41983344925393,254.12039911591637,268.44279276356974,282.37753514217184,295.9094980512273,309.01838063521063,321.67917936054073,333.8626032271568,345.53543811578857,356.66089075459604,367.19895286987594,377.106825663519
MEX,Female,IschStroke,combo,39713.08147413106,248.79515718270522,2097.236372619165,248.79515718270522,647.0978522253499,674.1569961762361,705.6431895547394,743.2945565301907,786.5456524258534,834.7116110148781,886.9493904493738,942.3334140268435,999.9938298194302,1059.2111551686085,1119.4370831196939,1180.267210193957,1241.3987164249993,1302.5921418655853,1363.643476894751,1424.366149039528,1484.5803502023155,1544.1070911515562,1602.7649778892592,1660.3683732163554,1716.7261471590537,1771.6406078101681,1824.9064655247385,1876.3098505632188,1925.6275030743927,1972.6263029470501,2017.063318045908,2058.686531815154,2097.236372619165
AUS,Male,IschStroke,glp1,8518.99723034211,63.571682896716084,372.206940424463,63.571682896716084,167.28418201511568,177.02779725511027,187.26378163446452,198.16587561842198,209.4070263623521,220.72553069736523,231.91767689326934,242.82957065775054,253.35129988866674,263.41068081434787,272.9662986071544,282.00047276873283,290.5128246361419,298.51486544601084,306.0257395378658,313.0690520554581,319.67059891321514,325.8567793612765,331.6534815964387,337.0852669322885,342.1747223397215,346.94189518878375,351.40376275478957,355.5737203388462,359.4610951622808,363.0707088390209,366.40251993159745,369.45138077444335,372.206940424463
AUS,Male,IschStroke,diet,1376.0251365088325,0.0,85.24799742456617,0.0,0.7143029971043688,1.7825211020817733,3.372097047727948,5.6452696389596895,8.700409658687477,12.517553961691647,16.95104231661344,21.778304781093084,26.768656396725873,31.732274288629924,36.537638478942426,41.107087668913664,45.40362897468913,49.41726030485643,53.154095861899805,56.628805781610026,59.85980426940205,62.866402204863334,65.66724480602534,68.27953428715318,70.71870026119996,72.99830413234213,75.1300498083292,77.1238301303847,78.9877748346853,80.72828819071765,82.35007739282628,83.8561795061105,85.24799742456617
AUS,Male,IschStroke,combo,9795.883564403353,63.571682896716084,451.5919752647542,63.571682896716084,167.93993800538692,178.6614568135942,190.35576261489769,203.34622760764842,217.39756401419027,232.23172646848298,247.5132048871801,262.884962807811,278.02539102534683,292.68710198286726,306.70635257668573,319.99234229585727,332.5089806353435,344.25709103068584,355.2602333649802,365.55458474929674,375.18221168044784,384.18681701537935,392.6111411994707,400.4953899316415,407.87625008503164,414.78621094990467,421.2530247183395,427.2992235959391,432.94166780548494,438.1911351779927,443.05198391866634,447.5219292833308,451.5919752647542
AUS,Female,IschStroke,glp1,11574.964022270768,101.47032190066147,512.6075847038392,101.47032190066147,254.27866322440423,252.25950323274537,257.96902622117614,267.8263724079643,279.8747415103653,293.13013485054125,307.01010224532365,321.123831837278,335.19277611480993,349.01578814836466,362.44968742325,375.3958676834163,387.7900409901031,399.5941741569968,410.79018263590115,421.3750473586506,431.35704043789974,440.75277133287,449.584806785404,457.8796685607758,465.66606515109197,472.97326227886515,479.8295398195796,486.2607185408715,492.28876834646235,497.9305303074125,503.1965976601987,508.0904064035458,512.6075847038392
AUS,Female,IschStroke,diet,2376.721006994044,0.0,141.67490956708025,0.0,1.7993212820229019,4.1277455541321615,7.369337738737158,11.834293014942887,17.673242029954963,24.79346925334721,32.86937480433426,41.45669234761954,50.130185925801015,58.5684714185154,66.57262703544984,74.04539010104781,80.95908784970561,87.32732492438663,93.18481947184137,98.57476675603539,103.5416857967657,108.12779614731608,112.37147658814047,116.30685025067851,119.96391037660032,123.36884927911251,126.54441018430407,129.5101771383197,132.2827742806876,134.87597742399885,137.30075750971628,139.56528294344935,141.67490956708025
AUS,Female,IschStroke,combo,13802.450582038964,101.47032190066147,645.9812565023967,101.47032190066147,255.93050524927776,256.0528603533039,264.7547726287394,278.7414836021617,296.1989620049635,316.0632353283454,337.45639984203444,359.5799112527593,381.76146280057674,403.4991524461384,424.4607013504292,444.45218380812184,463.3789706116613,481.21184273579365,497.9620707897493,513.6647153230178,528.3680521685837,542.1270866205832,554.9995951360661,567.0436211282004,578.3157366333389,588.8696566870258,598.754980786347,608.0159606207626,616.6902745667667,624.8078404627695,632.389727494543,639.4472412038449,645.9812565023967
NZL,Male,IschStroke,glp1,2227.1412674821536,19.333573507073993,93.26515724952878,19.333573507073993,49.752398670406706,51.17027372074358,53.00291290778887,55.206811061737994,57.61643647912001,60.11431837230384,62.620971399925,65.0842237467051,67.47100034278424,69.76122291511479,71.94342284663276,74.01169101561413,75.96363566346804,77.79907232153573,79.51922233881623,81.12624505183953,82.6229713537989,84.01274272633441,85.29928981049852,86.48660884441006,87.57881347055559,88.57995418921018,89.49380868662843,90.32365387410164,91.0720351381699,91.74055039188465,92.3296664052973,92.83858298012456,93.26515724952878
NZL,Male,IschStroke,diet,423.7395139123728,0.0,25.216283995930553,0.0,0.2536175836420398,0.6250176941828158,1.1675463161535617,1.9312874365841708,2.9429577670263143,4.18920351592385,5.616590596753895,7.149617715627073,8.713664699222818,10.249995790343519,11.719967191195337,13.102381267254486,14.388533706264298,15.577560744657376,16.67297430255826,17.680395257379587,18.606203391412464,19.45680052276657,20.238248367284996,20.95611743520226,21.615443439244018,22.22073006645519,22.77596479501176,23.28463188857245,23.749717194883942,24.17370534152701,24.558572978136908,24.905782911175265,25.216283995930553
NZL,Male,IschStroke,combo,2620.4033206203503,19.333573507073993,116.77967952475683,19.333573507073993,49.98410383495536,51.740630593921196,54.069372699928294,56.972927306589895,60.3108292820682,63.95422041656059,67.77549000312547,71.65379836229909,75.48772747230873,79.20297679440819,82.75200184436721,86.10871866857178,89.26204975295582,92.21041554668614,94.95777747079751,97.51108628415977,99.87876038028116,102.06982883814408,104.09345919501902,105.9586798999569,107.67418024755102,109.24812353294237,110.68794541310808,112.00013307700215,113.18999522410877,114.26144055310624,115.21678529165229,116.05660960194405,116.77967952475683
NZL,Female,IschStroke,glp1,2583.9884225172123,28.910166395689203,107.25457010616879,28.910166395689203,69.56556867397853,66.22553160406505,65.40536394372066,66.10129259365158,67.64250132431994,69.65465183891115,71.92119452026009,74.31293867717977,76.75065223977049,79.1841392051956,81.58021244985684,83.91574908843245,86.17374212372829,88.3411323018795,90.40768163468738,92.36543036296916,94.20845180179208,95.9327293721467,97.53605155353648,99.01786764535382,100.37907869039964,101.62175899972294,102.74881770234492,103.76361863314264,104.66958189921752,105.46979242105544,106.16664020096596,106.76151451306964,107.25457010616879
NZL,Female,IschStroke,diet,592.8018735224994,0.0,33.95652257660163,0.0,0.47650421698836,1.10703261518006,1.9844973652723183,3.1858278382796925,4.743550430925325,6.6234364944739355,8.730173777587424,10.940877588044486,13.142906880742885,15.255424558915593,17.232306793371208,19.054698028738358,20.721238007059355,22.23997797279617,23.62295682706781,24.883053724926867,26.032410100433708,27.08180234868155,28.04052950536675,28.916542355895444,29.716656000959574,30.446762339507586,31.11200395778701,31.716896844279518,32.265403501302444,32.76096512001595,33.20650442660212,33.60441132469623,33.95652257660163
NZL,Female,IschStroke,combo,3138.6919932295605,28.910166395689203,139.20865850807854,28.910166395689203,70.00090318990578,67.23790709094715,67.22416795929439,69.02669069366493,72.00570314960623,75.75707966829987,79.97812754162442,84.42728948917784,88.92127954300895,93.33424256598755,97.58887483404487,101.64304249473685,105.47708050591064,109.08426804625219,112.46469581206497,115.62176853303549,118.56044066145841,121.28645673526376,123.80609687642936,126.12611857313618,128.25372142407855,130.19645055083015,131.9620100459092,133.55799109995473,134.99153805951687,136.26898464554029,137.39549512113194,138.37474341498114,139.20865850807854
ROU,Male,IschStroke,glp1,20949.463226718137,285.1600718605514,659.1342648447571,285.1600718605514,750.3087036656307,716.100275658684,704.8362251184408,702.6659127039347,705.646264582274,710.7674742492345,716.1908431433058,720.8838442246324,724.399658477163,726.6768466376161,727.8725116620626,728.235584895534,728.020175738613,727.4338365932745,726.6131688408168,725.6188197039955,724.4427560045224,723.0221030493485,721.2553687340696,719.0182790373801,716.1776079423908,712.6022562285507,708.1714350004186,702.7801829218806,696.342641900279,688.7935845385073,680.0886718646761,670.2038568955941,659.1342648447571
ROU,Male,IschStroke,diet,15250.344256758148,0.0,711.1185833309646,0.0,19.349208634595925,42.711743042653325,74.53783047796242,116.93160095525491,170.1702445891151,232.04981914977907,298.43567501164944,364.6695324716311,426.9120917112996,482.75920585298445,531.1813495394053,572.1472141519189,606.2157896384015,634.2190797206458,657.0544629052602,675.5657679976866,690.4853185392458,702.4140254686426,711.8233997486859,719.0689961712524,724.4087937643853,728.0226616255022,730.0307543989438,730.5097506229249,729.5065097735132,727.0491221403754,723.1555506402219,717.840174683246,711.1185833309646
ROU,Male,IschStroke,combo,35546.632449082346,285.1600718605514,1345.892112824693,285.1600718605514,768.2345259351314,755.8819216318934,774.4708109643725,812.1677137048919,865.3369390990993,928.9685573955812,997.38917290278,1065.19623905755,1128.2968915901783,1184.3033892685453,1232.330567883946,1272.5310999743378,1305.6332712128897,1332.5926241767447,1354.3703997365046,1371.8132665579542,1385.6024501314023,1396.245660317927,1404.0927187099587,1409.3622662154776,1412.1717350785111,1412.5660877480295,1410.5430188586324,1406.0737106553825,1399.1190733848707,1389.6418683752308,1377.6153291434675,1363.0289546858148,1345.892112824693
ROU,Female,IschStroke,glp1,23224.68964057589,374.5513852568074,725.1332235778827,374.5513852568074,1052.3808901039956,849.5183311419896,813.062592237864,797.1896067455928,792.8578819613431,792.4604553244171,793.2673270526575,793.9912191069561,794.1187471249832,793.5239818645023,792.2768156770653,790.5296409384246,788.4507226100432,786.1867608877619,783.8445259893742,781.4847614460923,779.1236223156047,776.7383422143503,774.2748711197492,771.6560059633994,768.7891116214923,765.5729439897368,761.9033728062277,757.6779876445798,752.7996799613793,747.1793477178908,740.7378840871024,733.4076020866232,725.1332235778827
ROU,Female,IschStroke,diet,22715.661179819974,0.0,977.1150284719406,0.0,56.903778073436115,104.98085473979881,168.74182966993249,250.65263288529968,348.7612235376837,455.8297263791974,562.1773854510247,659.362587030435,742.4384576137963,809.985218044847,862.9430045744812,903.3740065357124,933.6234877625066,955.88282206851,972.0160319060742,983.525227001428,991.5773918062587,997.0522666443649,1000.593067263555,1002.6529386710899,1003.535083723149,1003.4265270785836,1002.4261441786402,1000.5677173455297,997.8387362514113,994.1955776369578,989.575622554763,983.9068049195666,977.1150284719406
ROU,Female,IschStroke,combo,45194.79003956659,374.5513852568074,1676.6638295963858,374.5513852568074,1105.098653991441,948.3110349442504,972.4585214453036,1034.6544769876054,1124.1019545081945,1226.47731786035,1329.8789938025802,1424.8883157127966,1506.1034678786855,1571.8647795041834,1622.9997591103129,1661.5411777467962,1689.8520124888455,1710.1577734962339,1724.3507795750847,1733.942418497336,1740.0843794299362,1743.6163894567726,1745.120095911523,1744.9703386456276,1743.3806051143656,1740.441916237356,1736.155390268632,1730.4590928015677,1723.2498800907815,1714.4009402554875,1703.775694871867,1691.2386640794793,1676.6638295963858
BGR,Male,IschStroke,glp1,10803.133389443385,169.1018371120881,298.330813510187,169.1018371120881,432.74447104174214,417.4529497709218,409.6839066649245,405.2763479618152,402.386297118921,399.98937469513476,397.5696474180204,394.9040868798493,391.93262738884187,388.67900995345553,385.20259872322276,381.56978528665786,377.837931771297,374.04742974812143,370.2190048502707,366.354326351302,362.4385643947662,358.4439346278523,354.333562447584,350.06522463450165,345.5947010310083,340.87860073715274,335.8766213869785,330.5532619241367,324.8790450122833,318.8313211343029,312.3947285909071,305.5613772751385,298.330813510187
BGR,Male,IschStroke,diet,6308.220149583215,0.0,272.5805496347921,0.0,8.267914136780746,18.763570190945757,33.16504256156804,52.460910462450556,76.72175197598517,104.77505855954041,134.4944943066148,163.55911182208365,190.15941476410808,213.28578288141398,232.64014584662436,248.39168145403346,260.9431298529471,270.76953371848685,278.32815877467874,284.0180766721878,288.1685399204325,291.04171877717636,292.8413637246904,293.7230226566535,293.80380878527467,293.17095650110423,291.88899449247583,290.00561672781987,287.5564182254293,284.56867575318756,281.06433827730507,277.0623681264242,272.5805496347921
BGR,Male,IschStroke,combo,16845.348461713886,169.1018371120881,562.2417355567322,169.1018371120881,440.3999468671791,434.8925003451459,440.610854097411,454.32821313522436,474.29290960772596,498.41596824137923,524.2099055012732,549.2715854430262,571.8153667187689,590.8766975744438,606.1946214672589,617.9622897150075,626.5940446844343,632.5648819843555,636.3205747301763,638.2377265953073,638.6133707231565,637.6696903003212,635.5651580655103,632.407392749672,628.2654493503178,623.1805945136566,617.1753014868464,610.2605211415521,602.4414183201498,593.7218010273782,584.1074637402817,573.6086409181062,562.2417355567322
BGR,Female,IschStroke,glp1,11889.25181355267,216.56947498699265,332.3528034140454,216.56947498699265,527.533067050872,470.55292640825974,448.38512443326545,439.69020650131824,436.7503944338059,435.7305278692511,434.8234467430266,433.26339699602977,430.81198007088096,427.4906944137256,423.437934446858,418.8324557273736,413.8527681314572,408.6564868671285,403.37105508448076,398.0910600648622,392.8793587575092,387.77031348972014,382.7740645813119,377.88115344634025,373.06706436067543,368.2964277231531,363.52674905297135,358.7116110870975,353.8033507439959,348.7552454503184,343.52326006768817,338.0674111482549,332.3528034140454
BGR,Female,IschStroke,diet,8220.905203802236,0.0,331.8162364485488,0.0,14.989798665372291,31.822681894720517,54.19084781294623,83.79342371349776,120.57873693745023,162.2960476938406,205.1603539032276,245.28752258090208,279.92962535065635,307.8764581764226,329.1689566957357,344.5769023717221,355.15121851996446,361.9450433079346,365.879931581876,367.70364904952476,367.9948577780833,367.1867316756616,365.594882962625,363.4431815530843,360.8853578135986,358.0222422493098,354.91522810838615,351.59670379567797,348.0781360327619,344.3563537635964,340.41845343670684,336.24563992840194,331.8162364485488
BGR,Female,IschStroke,combo,19814.595012539747,216.56947498699265,655.0140112030404,216.56947498699265,541.4125098477507,500.23508347794996,499.16485762498814,518.4702754605732,550.4315582316922,589.1590013311306,629.3139601296643,666.4480267390172,697.6599045379298,721.7372933578517,738.7743676121681,749.618854503844,755.4110246383552,757.294046686895,756.2706887130134,753.1541712829676,748.5691189461613,742.974341905805,736.6920573998214,729.9363067715622,722.8377777462993,715.4644023242818,707.8380128407953,699.9476375928189,691.7600467152388,683.2280880267808,674.2972570411021,664.9108548632557,655.0140112030404
ISR,Male,IschStroke,glp1,2087.1883069196565,15.654558316561179,97.94120103949717,15.654558316561179,40.810499746625965,43.03638253940994,45.23869690182778,47.546609234090624,49.93400147609839,52.37035967575605,54.82588137255493,57.273439977502335,59.690088312149555,62.05804413137412,64.36511057976725,66.60456589202965,68.77461905050131,70.87755965059762,72.91873449134243,74.90546900636309,76.8460272719376,78.74867680763191,80.6208983069589,82.46875841290603,84.29644680470756,86.10596728255337,87.89696568499471,89.66667446802853,91.40995360670513,93.11940916170579,94.78557351339055,96.3971342040868,97.94120103949717
ISR,Male,IschStroke,diet,387.51863554710076,0.0,26.32277282946484,0.0,0.1708767600413239,0.4293706092556704,0.8151545480860705,1.3677518400110102,2.113446397177654,3.0528828217892396,4.158520426335144,5.384159938517087,6.679260167029838,7.999743597840165,9.312582706318608,10.595833955792159,11.836621368435544,13.028710389193975,14.17038546782237,15.26281158758161,16.308841060054874,17.312168533619342,18.27674118745722,19.20635185032711,20.104363315972478,20.973527905758147,21.815877327363978,22.63266525790641,23.424350017429106,24.190608071628958,24.930371480329995,25.641884128560832,26.32277282946484
ISR,Male,IschStroke,combo,2445.039772906485,15.654558316561179,122.32673876259582,15.654558316561179,40.96707706805239,43.42889625716282,45.983890718068096,48.79753369202854,51.868038535903224,55.16587479064458,58.63645617899658,62.210704486643294,65.81957212344628,69.40490285019632,72.92408953984693,76.35005494622249,79.6689170297301,82.8769585532051,85.9776857887216,88.97926260148711,91.89238205712536,94.72855613381103,97.49878085957175,100.21253042706394,102.87703522135985,105.4968011681035,108.07333076147233,110.6050097068794,113.08712735225618,115.5120037798406,117.86920122448441,120.14580197500413,122.32673876259582
ISR,Female,IschStroke,glp1,2770.2656821732053,23.744128367923054,127.21443984872485,23.744128367923054,60.72702499424679,61.23403059166219,62.55320880949671,64.55581850492945,67.03535529192936,69.84892336886492,72.88381282689761,76.04478033349642,79.25148610810788,82.43901948888674,85.55846750783735,88.5765287987283,91.47410331393485,94.24413806225448,96.88908197407159,99.41825857968706,101.84538303941781,104.18636678006987,106.45748314269304,108.67391498025677,110.84866929380087,112.99182218156534,115.11004654713201,117.20637222741016,119.28013085400562,121.32704366375447,123.33941787440449,125.30642481701511,127.21443984872485
ISR,Female,IschStroke,diet,654.224649391505,0.0,40.86341034813381,0.0,0.45196582980918265,1.0489648903843545,1.8834388485338422,3.034664672623876,4.545353323754853,6.39947236572425,8.522338999297745,10.806081846553525,13.142442286433152,15.444709056964939,17.65456500759774,19.73918188813309,21.68480449395861,23.490432624116238,25.1628791983635,26.713298197572385,28.1548775401111,29.501349988184757,30.76604688622706,31.961304329101495,33.09809850392776,34.185832838538545,35.232228666872516,36.243288802282905,37.22331399909217,38.17495870285006,39.099316541272174,39.996028715089324,40.86341034813381
ISR,Female,IschStroke,combo,3380.636384530635,23.744128367923054,165.49663532716977,23.744128367923054,61.14116907674622,62.19514677470124,64.28145110014907,67.3442970172432,71.21727809746949,75.74403599182278,80.74446054183704,86.02488871764899,91.40544122911456,96.74077916495025,101.92722682275416,106.89999786783437,111.62609767877711,116.09648099133233,120.31901189605583,124.31264710423511,128.10280992185267,131.71779326869955,135.18602032124045,138.53401295714775,141.78494172411843,144.95765012831885,148.06606126501015,151.11888796137782,154.11957985923868,157.0664526393166,159.95295573374938,162.76804498280035,165.49663532716977
NGA,Male,IschStroke,glp1,15218.821603651257,123.47213654857478,758.5715862380312,123.47213654857478,314.0185863467341,317.7396703618215,322.6573187745453,329.7789415006955,338.95328100470215,350.02553982090103,362.84695880694926,377.27016930118407,393.1473598090961,410.3294904588947,428.66563363521345,448.0021489651881,468.18170272795396,489.04226037929766,510.4162049604347,532.1297149612728,554.0025006595461,575.847961843865,597.4737978660414,618.6830746163978,639.2757317594005,659.0504962047489,677.8071531155801,695.3491129073373,711.486201274347,726.037589361491,738.8347732129259,749.7245062280854,758.5715862380312
NGA,Male,IschStroke,diet,2517.882299083107,0.0,175.91021314814134,0.0,1.094725458220637,2.704792992095463,5.065558469763346,8.406358328338683,12.876919811616972,18.480629432066053,25.066587151806743,32.38886506053677,40.18757385967183,48.244881365288165,56.40399582190366,64.56358789708247,72.66301211594691,80.66744671738707,88.55632209694886,96.31540050011245,103.93180611900607,111.39115004344058,118.67604679409851,125.76552124013688,132.63497303368058,139.25648601802095,145.59934987245651,151.63071180808038,157.31630696722277,162.6212342069848,167.510753851966,171.9510889010853,175.91021314814134
NGA,Male,IschStroke,combo,17695.306552943985,123.47213654857478,931.8845871366939,123.47213654857478,315.0906028188547,320.3875570941418,327.6173048418641,338.0122526014675,351.56849644421527,368.1354997515591,387.4176714524183,409.0275046513052,432.56299443291573,457.66172631156223,484.01891621990944,511.38124712589706,539.531510582081,568.2731027605332,597.4178359612561,626.7775656823433,656.1590551328336,685.3613082235679,714.1747166245113,742.3815363138783,769.7573516575576,796.0732850279965,821.0987732367503,844.6047686487946,866.367241638407,886.1708688173821,903.8127932131247,919.1063419915881,931.8845871366939
NGA,Female,IschStroke,glp1,15853.422631190366,119.42873702844372,830.8131963957567,119.42873702844372,300.75417815558103,300.1769569380449,304.34431113638857,312.82649594587565,324.6976508022526,339.31088805752734,356.1717504937769,374.877741465898,395.08997380742585,416.51810189649404,438.9112152431335,462.05155702978664,485.74956388952705,509.8394479743001,534.1749162103588,558.6248452088403,583.0688798175688,607.3930282898145,631.4853987184833,655.2322640039129,678.5146584034228,701.2056999589549,723.1688030705482,744.2568985701218,764.312720170492,783.1701519634153,800.6565675706806,816.596032973539,830.8131963957567
NGA,Female,IschStroke,diet,2863.4936579936766,0.0,206.93477827349852,0.0,1.1237217475390935,2.749562380333373,5.163494705346238,8.644446204860287,13.391394815807871,19.445408384617622,26.67029983991233,34.8099854013999,43.577127169315645,52.719404197108815,62.04613925435842,71.42671589323436,80.77728240357101,90.04612158148666,99.20179712338722,108.22474953973142,117.10173098355881,125.82223364811216,134.37620498768956,142.7525557990739,150.93815142347012,158.91711003514501,166.67032007791568,174.17514225418563,181.40529015152424,188.33089548722637,194.91876488510752,201.13282934515883,206.93477827349852
NGA,Female,IschStroke,combo,18672.887934239367,119.42873702844372,1034.9005681244453,119.42873702844372,301.8545894179624,302.86935559316044,309.40215460730906,321.2969421592352,337.82376146717434,358.3772865296378,382.33101635678395,409.03263009772127,437.86224991715426,468.2822917806843,499.8545868981928,532.2327261832324,565.1442175346092,598.3718278791494,631.7377404596118,665.0910191469884,698.2977612066243,731.2331909259592,763.7751507038483,795.7986951751591,827.1716890228272,857.7514307931706,887.3823810969552,915.8950789078444,943.106299357496,968.8204539668441,992.8321711629687,1014.9299307381734,1034.9005681244453
EGY,Male,IschStroke,glp1,66033.92864349556,720.2487821811592,2713.746959037053,720.2487821811592,1888.4389798155935,1694.4296581903982,1704.0573298815034,1716.1382020713063,1750.317442907417,1791.4162511061622,1838.5477303904372,1889.0403833185228,1941.8570197026274,1996.1459173212425,2051.40560809867,2107.270257663178,2163.4519332074415,2219.6696104832663,2275.6077294770366,2330.8876707884556,2385.0535390756922,2437.568781416412,2487.821850655004,2535.1388869879956,2578.801677867661,2618.069255513088,2652.2016165022433,2680.484155782564,2702.251531132257,2716.9098204777547,2723.956009925707,2722.994052517708,2713.746959037053
EGY,Male,IschStroke,diet,8726.067852742268,0.0,510.71875904797344,0.0,9.584054670031037,18.603192609010875,32.06718442394049,50.531561994161166,74.33651169011864,102.51460206018601,133.26758967572096,164.61998300943378,195.04292439860728,223.66149926916842,250.1542631866905,274.5497028379832,297.04985864445916,317.9149455941515,337.39962598994316,355.72252801621653,373.0544286651566,389.5160347643614,405.1803990022745,420.07746923151717,434.199590886441,447.5074322872824,459.9360927352609,471.4012638168206,481.80534279192943,491.0433936455229,499.0088410845856,505.59877671331924,510.71875904797344
EGY,Male,IschStroke,combo,74238.01431822791,720.2487821811592,3198.003678191213,720.2487821811592,1897.065716004534,1711.452579133791,1733.4243232014524,1762.5406693952646,1818.7367255374738,1886.002707685384,1961.8119563356522,2041.6658818170545,2123.086849265608,2204.3793758894317,2284.713451008327,2363.726764808518,2441.303850607779,2517.396650688919,2591.9221647214,2664.7041044500875,2735.446512970324,2803.7274195388163,2869.006062990069,2930.639279600764,2987.9041826418324,3040.02497702487,3086.202155426923,3125.642537470325,3157.588765881541,3181.347017531829,3196.3118529003477,3201.987323327223,3198.003678191213
EGY,Female,IschStroke,glp1,47205.3980145705,668.3573345373516,1988.1990561116982,668.3573345373516,1559.3624031009094,1251.3385959652514,1228.8239626642717,1205.3111995858635,1212.4377084672742,1230.2015571397606,1257.271479780673,1290.0817564195895,1327.0784346895198,1367.0663009205855,1409.2742217081104,1453.128373579777,1498.1706694818822,1543.988751735651,1590.1743606606797,1636.2969277142038,1681.8896613353318,1726.444815103474,1769.4160934233005,1810.2265172638363,1848.2803613939395,1882.9779101041859,1913.7318645118576,1939.9843080026767,1961.2232272559486,1976.9977068696244,1986.9310669425104,1990.731388100765,1988.1990561116982
EGY,Female,IschStroke,diet,6719.875285892009,0.0,402.1207998999598,0.0,10.472365592144342,17.400097288409597,28.25994755276406,42.679108884214656,60.82835764382253,81.82282245160604,104.30110286493436,126.90422132290041,148.68427938435343,169.17629925103392,188.27634722780203,206.08240244884655,222.775239037579,238.54832300921407,253.57301898535297,267.98435662070915,281.87736954800494,295.3083661867786,308.29829679645627,320.83693028773996,332.88732384957984,344.3904085013128,355.2696365355587,365.43565960618434,374.790989938243,383.2345718738288,390.66617042153666,396.990472881138,402.1207998999598
EGY,Female,IschStroke,combo,53533.937963023986,668.3573345373516,2369.861026134131,668.3573345373516,1568.7887198684912,1267.4046956687343,1254.853759411064,1244.7140559526015,1268.698877595467,1306.0395914563996,1354.1476104027934,1408.1896950243208,1465.7107837176627,1525.0621225406794,1585.3591222454706,1646.108020530919,1707.0125587939401,1767.8375003461406,1828.3335338235956,1888.196765047338,1947.0507323615493,2004.442345161784,2059.847028414908,2112.6801738167414,2162.313010911188,2208.0914695853644,2249.35680988228,2285.4668919193573,2315.8170350948276,2339.8595124367566,2357.120857219459,2367.216323122673,2369.861026134131
BGD,Male,IschStroke,glp1,17820.246980104104,146.61565557733047,791.2208096729955,146.61565557733047,388.8692390189681,398.04992863177176,409.62214572001903,424.17658420058797,440.91147728661235,459.0868900711648,478.0862628275863,497.42905494007937,516.7624633745727,535.8439503717673,554.5209275879242,572.7103452913507,590.379439986842,607.5283442040818,624.1749925331169,640.3425479930083,656.0493899323556,671.3015625462867,686.0874912808358,700.3747293412744,714.1084860403935,727.2116981703948,739.586422194734,751.1163400613004,761.6701804164841,771.1058592523405,779.2751414139202,786.0286201640047,791.2208096729955
BGD,Male,IschStroke,diet,25197.66563454073,0.0,1582.0198185419722,0.0,14.123468495392444,34.42904080194057,64.05765389085718,105.84480027095196,161.3618352737576,230.0549237302912,309.24274423102906,395.05474100523134,483.6187331627043,571.8316984474295,657.5813013865845,739.6281501614285,817.3758851053499,890.652695959121,959.5438696286292,1024.275323985028,1085.1362897073777,1142.4290883602807,1196.4369229529038,1247.4035974499348,1295.5213108728785,1340.9241376861755,1383.6857093021317,1423.8201436571544,1461.2855705331967,1495.9897612549757,1527.797450226928,1556.5389684590918,1582.0198185419722
BGD,Male,IschStroke,combo,42570.594275049196,146.61565557733047,2347.978502103615,146.61565557733047,402.6501669679019,431.6504690971851,472.1713565767568,527.5784907192683,598.6185518399616,684.0283425685047,780.588096055355,884.0448533532326,990.2620040303082,1095.9564083133373,1198.8979747882186,1297.7775013891442,1391.9650382474938,1481.2802422536624,1565.8141520759673,1645.8028554187767,1721.5417268830934,1793.3284861724387,1861.4260823432996,1926.039264158986,1987.300845173042,2045.2651029102926,2099.906644101844,2151.1235991980284,2198.744310199443,2242.536834323284,2282.22065990408,2317.480058305344,2347.978502103615
BGD,Female,IschStroke,glp1,18858.839680934798,221.5248383948565,893.7072762767493,221.5248383948565,467.76007970008504,414.91698096283653,409.64620260705124,421.75339393628747,437.6184030625773,455.70531608432793,474.70181947036326,494.32522273661743,514.3389735822784,534.6215119620974,555.0926544760077,575.7098701561408,596.4534844383379,617.316307193425,638.2931914453584,659.3718432743044,680.5247705990405,701.7025893793252,722.8288387037828,743.7964893100725,764.466305697686,784.6671650315475,804.1983447801977,822.8336808201202,840.3273839959802,856.4212008373288,870.8525249606028,883.3630170594115,893.7072762767493
BGD,Female,IschStroke,diet,32850.841896435915,0.0,2116.108697431053,0.0,26.13587056221877,56.18162218958969,98.38939361490702,156.43844933640503,232.1138648738197,323.84855216799406,427.2680031059208,536.8080506303668,647.451984017287,755.6413054337318,859.3521047818504,957.7496708133476,1050.7686304570452,1138.772826435801,1222.3235321901884,1302.035826188985,1378.4946960144807,1452.2080348731615,1523.5813444833038,1592.905042752369,1660.34933774823,1725.9640969160464,1789.682522494877,1851.328135662363,1910.624843496349,1967.209892542065,2020.649417313929,2070.456147908233,2116.108697431053
BGD,Female,IschStroke,combo,51211.16469270091,221.5248383948565,2981.1751822570805,221.5248383948565,493.2620694710895,469.86634493355086,505.9532953630005,574.9770298133626,665.0759333794958,773.2142739237715,893.8171035279738,1021.1578241782045,1150.0742268528775,1276.9366273348205,1399.6568449727129,1517.3516122989968,1629.9189507709889,1737.6950441312947,1841.2161609871619,1941.0678597368606,2037.793840606675,2131.8424093351205,2223.535846914274,2313.05393783778,2400.4268582285586,2485.534989227337,2568.1144901806256,2647.7680395414063,2723.980308176113,2796.137659191867,2863.5513965786013,2925.483694554452,2981.1751822570805
USA,Male,IschStroke,glp1,136932.10329768583,1181.7771672552626,5311.133658092978,1181.7771672552626,3062.1612533351363,3214.673180043763,3368.2908938474648,3529.6029303914474,3694.5887274913403,3859.682712577538,4021.8906263711324,4178.7383532020685,4328.230530105211,4468.811503427802,4599.326260011083,4718.981540820736,4827.30747679231,4924.119660384604,5009.4813127195375,5083.665246684031,5147.1155607755645,5200.409294941273,5244.218543813855,5279.2737077892525,5306.3286571788485,5326.128598067182,5339.381377194033,5346.732864344987,5348.7469188968535,5345.890293605145,5338.522662209638,5326.891785315747,5311.133658092978
USA,Male,IschStroke,diet,27451.52246598465,0.0,1649.4208889727015,0.0,12.945225647410552,32.92226856172783,63.0510201244324,106.42045678868453,165.0437000351085,238.87084258844698,325.58977492293343,421.38609205168905,522.0790697391785,623.97574332972,724.2327551700728,820.8619431864936,912.5790392626659,998.6242997032386,1078.6094169747812,1152.40280512748,1220.0484693319886,1281.7096347988554,1337.6291800465115,1388.1010161933227,1433.4485195352754,1474.0076064173045,1510.1130471848883,1542.0872565644531,1570.2311805111676,1594.8171105341462,1616.0833571015683,1634.230745578403,1649.4208889727015
USA,Male,IschStroke,combo,162245.3345329783,1181.7771672552626,6838.676080567529,1181.7771672552626,3073.9831023562874,3244.6671880045324,3425.7387605727126,3626.6185936875627,3845.1493503467354,4077.7562682468924,4319.37337456832,4564.07504925043,4806.06408020691,5040.4110805725795,5263.34929732747,5472.246020507882,5665.430766583508,5841.996959438038,6001.626418755521,6144.447717143295,6270.924299048405,6381.764785828491,6477.848863207095,6560.164181537752,6629.751546348256,6687.657017831851,6734.890392983594,6772.3900230572035,6800.994133280765,6821.4188494287955,6834.243060623034,6839.900104411601,6838.676080567529
USA,Female,IschStroke,glp1,169067.6377882022,1866.143599860763,6446.135528631101,1866.143599860763,4499.872052181818,4412.267307622358,4434.300505016508,4527.555713244059,4660.878385562159,4815.62901723395,4980.100505827679,5146.596711237595,5309.894650730741,5466.388446988072,5613.587972202615,5749.812207999072,5873.993743753366,5985.547890739952,6084.27927747817,6170.309768362931,6244.018173810822,6305.986375066772,6356.9491188132815,6397.746379136428,6429.278168805264,6452.462228255463,6468.19527893285,6477.318599344828,6480.588634917629,6478.653230685479,6472.03390760874,6461.114408151756,6446.135528631101
USA,Female,IschStroke,diet,39343.86471743787,0.0,2303.5730454201694,0.0,23.23301130910113,56.29793342539051,104.28019341790059,171.86953479259682,261.82389460576815,373.5539374343498,502.9982303982397,643.9862904626934,790.0852365448081,935.8850365574908,1077.4516377252003,1212.225364322192,1338.7083115614078,1456.1449810276972,1564.2713302884367,1663.139944606286,1753.0054324210796,1834.251034103465,1907.3411801119219,1972.7895074551197,2031.1357570843247,2082.927724203153,2128.706210429169,2168.9920078237483,2204.274563754763,2235.0023008245043,2261.5747104645416,2284.3363748623524,2303.5730454201694
USA,Female,IschStroke,combo,205604.01053260243,1866.143599860763,8597.029923711714,1866.143599860763,4521.08892081611,4463.6304326363315,4529.531655290819,4684.685276606149,4900.513330157148,5157.913549578472,5441.539791627409,5738.102123125587,6036.504087198657,6328.164207888141,6606.941036906777,6868.747146688373,7111.078145140986,7332.596015796298,7532.809242236472,7711.841805497912,7870.267933823314,8008.9904451782495,8129.146309352916,8232.028891756636,8319.020809399852,8391.53434365675,8450.95821837039,8498.610606835718,8535.698750882104,8563.285753794422,8582.265075975869,8593.343102812112,8597.029923711714
JPN,Male,IschStroke,glp1,40460.5349948005,483.3981666291729,1374.6770695712694,483.3981666291729,1231.1750462737473,1253.6700643532604,1276.3807739223776,1301.0108337805723,1325.338570639491,1347.7617619490557,1367.279563669712,1383.3841561192676,1395.9560795096477,1405.1658964261005,1411.383015570871,1415.0937646747407,1416.8312432409584,1417.1189012007671,1416.428645866341,1415.1530566527217,1413.5902868625126,1411.9395790006165,1410.3050183624728,1408.7051389718981,1407.0861934768036,1405.3372228603548,1403.3054443677756,1400.810865344618,1397.6593916182246,1393.654010556107,1388.6038809444872,1382.3313523845572,1374.6770695712694
JPN,Male,IschStroke,diet,22897.10274913215,0.0,1223.2044264485885,0.0,18.19282406199636,44.92393936547887,83.19689675643895,135.46753691232152,202.40276079547039,282.03436652439996,370.06878865776525,461.23718779929186,550.7595207005143,635.1775150146641,712.4871685470498,781.874189877868,843.3415611837845,897.3790966254601,944.719234443066,986.1743587207457,1022.536665428117,1054.5217500224317,1082.7412875289665,1107.6944349164041,1129.7708670107822,1149.260653326899,1166.3677407355353,1181.2248660756886,1193.9084574809895,1204.4526051388748,1212.8615595818846,1219.1204894506736,1223.2044264485885
JPN,Male,IschStroke,combo,62633.15609809562,483.3981666291729,2562.049819381107,483.3981666291729,1248.6839449226463,1296.873940163292,1356.4145373239007,1431.3844557673656,1520.2217738421168,1619.4504910728574,1723.9536301260887,1828.1579347033985,1927.3363082966025,2018.3138629252426,2099.5091534837557,2170.602184103991,2232.1088641926763,2285.0080475808354,2330.4649450913566,2369.6464231631617,2403.608849921773,2433.2385297678047,2459.22840499015,2482.0787259689023,2502.11270665365,2519.5006921966997,2534.2882338760755,2546.42486845651,2555.791464566508,2562.224812471468,2565.5387502977246,2565.5415761587865,2562.049819381107
JPN,Female,IschStroke,glp1,35213.885675641206,523.1242116994035,1175.01703491433,523.1242116994035,1236.526292670802,1178.8541442531496,1153.1305489358201,1147.4723160169451,1152.5930636005287,1163.0509438482622,1175.5613344386584,1188.1002723177735,1199.4339735915564,1208.858680677302,1216.044028087883,1220.9276440756657,1223.6361669785401,1224.4216204796685,1223.6087331651725,1221.5517046817258,1218.5999434276964,1215.0724309127763,1211.2401479392065,1207.3157074816118,1203.4491083673202,1199.728398594947,1196.1840192423406,1192.7956705680554,1189.5006750155662,1186.2029813429908,1182.78213759778,1179.1017407177278,1175.01703491433
JPN,Female,IschStroke,diet,22239.672742079645,0.0,1121.359285624094,0.0,22.78592432723235,53.695550982003624,96.21552050483297,152.9742196943189,224.47477117143717,308.28019352622505,399.4868671720542,492.3009379080395,581.6499030782215,664.027390063442,737.5524840751896,801.6198628234342,856.4681815691583,902.8210610847091,941.6349857420573,973.9383648171715,1000.7353039394948,1022.9515495605156,1041.4068422843993,1056.8035797543198,1069.7255569251065,1080.6429510491216,1089.921136050456,1097.8317346039548,1104.5648041381282,1110.2413600232248,1114.925651525431,1118.6367680618714,1121.359285624094
JPN,Female,IschStroke,combo,56771.270684431634,523.1242116994035,2264.402379465908,523.1242116994035,1258.4556225157503,1230.5132445320269,1245.7436921083572,1294.8018048457816,1368.9033953871913,1460.281461490631,1560.9453084293928,1663.2941673411187,1761.1968662608633,1850.5493368231546,1929.1815567527592,1996.4207163336541,2052.599886038057,2098.6499900588897,2135.804394840932,2165.400066902839,2188.7497567698447,2207.063386582886,2221.403004953034,2232.660772607327,2241.552902544783,2248.6246481813505,2254.262773072529,2258.7127969275243,2262.0989148788212,2264.4449524336014,2265.695107291591,2265.7335663616323,2264.402379465908
GBR,Male,IschStroke,glp1,26196.862715982235,279.1476990889896,999.5362185607955,279.1476990889896,711.9170460210935,722.3585347730732,734.5115912565179,749.600875534019,766.3733054903605,783.8283973768175,801.2691642601076,818.2664026999082,834.5995252879675,850.1908055110544,865.0453719995039,879.2038181104199,892.7095362447799,905.5897167181611,917.8473123164531,929.4607587058035,940.3884235983805,950.5752900719472,959.9600295404161,968.4812497311214,976.0822423637474,982.7139772848677,988.3363933657056,992.9182336926551,996.4357814512587,998.8708927792013,1000.2087120834403,1000.4354100636665,999.5362185607955
GBR,Male,IschStroke,diet,4734.394868851527,0.0,271.2763102714507,0.0,3.303339844547736,8.102062065847349,14.999811294363099,24.52745347929158,36.89990561923878,51.83376176382808,68.5842474672263,86.19494734132968,103.78331258663638,120.70773190432556,136.59510966534617,151.28781047248413,164.76940570772967,177.10071228467132,188.37519688644534,198.6920982226875,208.14247318361413,216.8035302563403,224.7377392590679,231.9943544128837,238.61188336571104,244.620659885446,250.0450878662832,254.9053808852659,259.21877434313683,263.00027162839797,266.2630258840654,269.01847100386476,271.2763102714507
GBR,Male,IschStroke,combo,30602.01353810958,279.1476990889896,1253.1160828231095,279.1476990889896,714.9490442958086,729.7857695350267,748.2734389583366,772.1275399923088,800.2989242621934,831.5350905526593,864.4619466701533,897.7744960337004,930.4388842707503,961.78129190252,991.455490420678,1019.3487311031349,1045.4820956829008,1069.9331912382895,1092.7870835309386,1114.1110101243794,1133.945627174282,1152.3061377943268,1169.188274256987,1184.5757553353997,1198.4471847018067,1210.781346227881,1221.560531827843,1230.771972920964,1238.4076993033777,1244.4632701108912,1248.9358506747667,1251.8220772951754,1253.1160828231095
GBR,Female,IschStroke,glp1,31780.423108885167,400.3863787803439,1219.4469577574164,400.3863787803439,980.3109083292748,944.0284587627648,929.9687557549369,930.5738889085587,939.4926001323402,952.9147663698677,968.51736311891,984.9130602188889,1001.3283907055265,1017.3872584568671,1032.955338325588,1048.028469893583,1062.6562263592568,1076.8937101718257,1090.7750647876856,1104.3026565938271,1117.4466409969245,1130.150592049842,1142.3398975417622,1153.9305853259284,1164.8370831373868,1174.9780933832408,1184.2802827090964,1192.6798554592242,1200.122320321203,1206.5608933937692,1211.9540316316452,1216.262579507682,1219.4469577574164
GBR,Female,IschStroke,diet,6770.129407936594,0.0,370.94354798767745,0.0,6.503872648387187,15.123134399262199,26.91616009380232,42.705058377545356,62.70621431381369,86.27801782002643,112.05003288036824,138.3915840082882,163.89725334228206,187.63726659164604,209.1631921194603,228.3871714170673,245.43975584716463,260.55616110361007,274.0013441092269,286.0275061727407,296.8539628058352,306.6607328648752,315.5897083645468,323.74945702586047,331.22128758794133,338.0652498800555,344.3253975993248,350.03404133011645,355.2149547605113,359.88562875055504,364.0587341898936,367.74297954470967,370.94354798767745
GBR,Female,IschStroke,combo,38121.862863940456,400.3863787803439,1568.6272484602887,400.3863787803439,986.280542571245,957.9149620497446,954.7300006913756,969.9271145377206,997.3665456647395,1032.6633645138972,1072.2443184844997,1113.221383369666,1153.515788825196,1191.8760016664964,1227.7330656346312,1260.9823101213915,1291.7783491661758,1320.3826368946393,1347.0674066614956,1372.0647024959253,1395.54635319738,1417.6227996458401,1438.3518879429103,1457.7516528612177,1475.8133756007628,1492.512830430871,1507.8187597612705,1521.698361477338,1534.1200374190448,1545.053914675329,1554.4707695253892,1562.3400008136305,1568.6272484602887
DEU,Male,IschStroke,glp1,46786.952910596825,495.4379996296302,1689.7317754101641,495.4379996296302,1277.4685956018839,1326.8313568935555,1363.7512474782234,1394.415144269653,1420.7547312501374,1444.5662556412026,1467.304612283555,1489.9656913368563,1513.0857871377812,1536.8075259334146,1560.9736868162072,1585.2244371559282,1609.0846751099525,1632.035680654597,1653.5697394289637,1673.2287477544523,1690.6288496252018,1705.4734820559934,1717.5571789491696,1726.7623077974094,1733.0506864769231,1736.4517894883975,1737.049016805966,1734.9652660839347,1730.3488205692774,1723.3603423042914,1714.1615466017138,1702.9059340523927,1689.7317754101641
DEU,Male,IschStroke,diet,9113.731941646281,0.0,515.926930087553,0.0,5.94960565762085,14.86201802791038,27.735110769634048,45.37906058011504,68.06021050566414,95.2665056962287,125.8127029070638,158.2329954469933,191.1837654150113,223.65404307953577,254.98285111906807,284.77996865718524,312.83132000636033,339.0253354171182,363.30649889761844,385.65030038670375,406.0517783018513,424.5213930388636,441.0841170471467,455.77937127396217,468.66062502325076,479.79420823162945,489.25730088529235,497.1352765370939,503.5186640186366,508.5000046126843,512.1708536633232,514.6191263551627,515.926930087553
DEU,Male,IschStroke,combo,55258.343970072274,495.4379996296302,2171.406569002451,495.4379996296302,1282.9548103596571,1340.5053294739882,1389.271261008078,1436.191944871116,1483.45286790705,1532.3877505691416,1583.367021310427,1636.0398074094592,1689.7039761471642,1743.567016919049,1796.8573614881534,1848.849808869265,1898.8663404931613,1946.2801412349909,1990.5274214689052,2031.1228745765366,2067.6737023866444,2099.8888451622843,2127.581973259501,2150.6682165830825,2169.155472642138,2183.1315730983442,2192.7487397781915,2198.206728573514,2199.735915220346,2197.581369131196,2191.9887237270414,2183.1924077717667,2171.406569002451
DEU,Female,IschStroke,glp1,52631.77290987337,614.627324782803,1914.5768539820347,614.627324782803,1564.069115403865,1590.3207189007626,1610.3291309148044,1627.3974650388445,1641.4130630064356,1653.4327239246413,1664.9157236519204,1677.1898175287533,1691.1927988923926,1707.4021175167363,1725.8728863292636,1746.3264296699526,1768.252899377545,1791.00783319537,1813.893371565744,1836.2212703509394,1857.3582376953564,1876.7556588986881,1893.9662849453562,1908.6504683436942,1920.5743263992554,1929.6019427825522,1935.6834449886119,1938.8405371871922,1939.1508262617135,1936.7320498205772,1931.7270957210421,1924.2904927965174,1914.5768539820347
DEU,Female,IschStroke,diet,11734.519476926795,0.0,644.1369894032359,0.0,9.93550731776486,23.921475915434712,43.499815496506926,69.74769529570767,102.75972397660735,141.37435275501048,183.4736075531,226.70602880500883,269.14019420292607,309.5375200987073,347.29130092990454,382.22529915471387,414.39572153268455,443.9519022162676,471.05737751704146,495.8545569364869,518.4553854523438,538.9450637884256,557.390776637847,573.8509882935941,588.3831716160639,601.0491855012151,611.91824880282,621.0678213540632,628.5828528169368,634.553892175165,639.0745197879623,642.2385015932487,644.1369894032359
DEU,Female,IschStroke,combo,63584.76028413155,614.627324782803,2518.640283541412,614.627324782803,1573.230785942942,1612.3478207350126,1650.4113192751174,1691.7282916775475,1736.289165540049,1784.0953666970418,1834.662309391977,1887.1480472989351,1940.6982632226682,1994.6317372825506,2048.426824353992,2101.6273170410423,2153.763563220553,2204.3203571566555,2252.744610152764,2298.474948332001,2340.977769290308,2379.7799592770607,2414.4933995541396,2444.8296955354635,2470.605483536725,2491.7396549002515,2508.2442528009487,2520.210885467015,2527.7944059515976,2531.195416353814,2530.642911645711,2526.378114173458,2518.640283541412
GLB,Male,IschStroke,glp1,2699434.8883749666,21873.301535349106,114366.45190127008,21873.301535349106,58149.2416809143,61186.049743166426,64041.70028173039,66915.92957704933,69793.43770642322,72655.96422569128,75486.49105307367,78270.01583808055,80994.10712722829,83649.03847318282,86227.53041747492,88724.24660169426,91135.19813069561,93457.16984462971,95687.2315767426,97822.35554211726,99859.13392304629,101793.57786423154,103620.9768988248,105335.80208702339,106931.64318189817,108401.17724210257,109736.1716184346,110927.52736660605,111965.36976492405,112839.19107228797,113538.04752992745,114050.80856914585,114366.45190127008
GLB,Male,IschStroke,diet,2237534.96106836,0.0,137171.22903612163,0.0,1224.046957926359,3038.3819502019323,5697.000925529981,9438.722922658082,14398.597030778416,20531.63614098588,27609.579347976018,35297.74632290937,43255.48928788444,51204.03541308548,58948.396022954024,66369.286060757,73404.02194856526,80027.53495946014,86237.56204859074,92044.39779827092,97464.29911444383,102515.45571452286,107215.63721324364,111580.88638198562,115624.8447920098,119358.45334169827,122789.87486456847,125924.55280162534,128765.36061259592,131312.81991251232,133565.37731869798,135519.73482580017,137171.22903612163
GLB,Male,IschStroke,combo,4854841.898275435,21873.301535349106,247017.04547150433,21873.301535349106,59316.21789337951,64080.91504109162,69472.41721800086,75919.36792865349,83537.23668684461,92267.34283039044,101877.30068533262,112034.37321514124,122401.46782560693,132702.07888428867,142741.30827735132,152398.07217741432,161606.6025904077,170337.95183615386,178585.4630156476,186354.63072018744,193656.51018473692,200503.63951993128,206907.61748553114,212877.72455106582,218420.18520831456,223537.8238441809,228229.9710134389,232492.54350667214,236318.2610671469,239696.98344833124,242616.15999135282,245061.3846219862,247017.04547150433
GLB,Female,IschStroke,glp1,2477810.7075053384,23054.64754415769,106554.20852172421,23054.64754415769,59671.31887325784,60250.44261494279,61326.50509774219,62831.80026017991,64613.24686740083,66579.72857641894,68670.95974309416,70842.78794510476,73061.01294462616,75298.57714758674,77533.99984000437,79750.2608130523,81933.87894931436,84074.12368437601,86162.34822185524,88191.43547409913,90155.3395285774,92048.70059821894,93866.51257728972,95603.8280266663,97255.49316860596,98815.91308099823,100278.85325043974,101637.28720868705,102883.30097225355,104008.06368723651,105001.87076574797,105854.26152167935,106554.20852172421
GLB,Female,IschStroke,diet,2351992.683064821,0.0,143392.09223397588,0.0,1572.4212572353426,3756.94904578547,6856.67386171408,11134.106103318045,16713.58902093093,23502.486179284286,31202.970831539016,39415.42842264706,47759.582178520504,55947.374908756465,63797.92212440958,71218.7853643056,78178.00760032423,84679.65645908518,90746.45626295824,96408.86409905786,101698.79618369043,106646.33254221501,111278.17992006382,115617.10008092178,119681.82548508886,123487.19269061275,127044.35353117436,130361.00125676906,133441.5924185426,136287.56797619676,138897.58695637388,141267.7880693241,143392.09223397588
GLB,Female,IschStroke,combo,4750383.119119901,23054.64754415769,245632.7966573718,23054.64754415769,61170.426559680374,63832.992963280994,67871.75411921204,73470.71170257777,80598.01765298657,89077.28652301035,98566.55866186647,108641.27896356862,118903.41401575226,129048.63168674475,138879.75151976338,148288.41042890353,157227.8529553907,165688.9676423655,173683.05849047424,181230.80329486355,188355.71982923523,195080.54879830312,201425.37958155293,207406.74977248115,213037.2537435377,218325.4004448224,223275.59021863528,227888.1579779978,232159.4732837039,236082.10879009962,239645.09532525204,242834.2799723097,245632.7966573718
CHN,Male,CKD,glp1,48062.22198393858,0.0,2613.9426867843576,0.0,107.19024974231434,240.57465103667346,375.0079073353845,509.2037290956796,642.6391462874308,774.8649884656334,905.4231047013891,1033.8262577663263,1159.5694001165975,1282.152433277195,1401.1014882735326,1515.982823117898,1626.4085541103268,1732.036206166973,1832.5649339449883,1927.730940109759,2017.3037493193842,2101.084050519057,2178.903060787052,2250.622895011489,2316.1372431328928,2375.3716982882906,2428.283261781791,2474.858794662505,2515.1124274710746,2549.082137085643,2576.825830552538,2598.417334994403,2613.9426867843576
CHN,Male,CKD,diet,14768.26028225862,0.0,937.5464340216276,0.0,5.904533783774241,15.210207558149705,29.37217916440568,49.86983789042279,77.74275568545272,113.14014745685563,155.20537142454123,202.38038019574014,252.8863759371161,305.0966110997979,357.70448749170464,409.73894608595583,460.5093562544498,509.5347341110464,556.4816975263966,601.1177561791992,643.2789689658093,682.8487596662162,719.7446030046121,753.9098892292386,785.3089684052975,813.9239826178527,839.7525775791873,862.805951863149,883.1069690361182,900.6882421673945,915.5902167807071,927.8593410764006,937.5464340216276
CHN,Male,CKD,combo,62275.49876698652,0.0,3519.057018599051,0.0,112.8595558594825,255.1088375251129,403.05046420695726,556.82188713082,716.9052436217171,883.0071979907952,1053.8626397779735,1227.5028459008317,1401.7252314258367,1574.4731375831761,1744.019181351905,1908.9951985909283,2068.34627483692,2221.2632480145257,2367.119955493443,2505.424155631452,2635.7829323750484,2757.880279637626,2871.4637089402677,2976.336810796085,3072.3551704343117,3159.4236535156524,3237.493717793739,3306.559998853132,3366.655914440984,3417.8484058334434,3460.2321782050712,3493.9239226202335,3519.057018599051
CHN,Female,CKD,glp1,50175.718734847425,0.0,2846.5309673963056,0.0,102.86089157171955,231.61026940123702,362.3565710103576,493.9457860303228,625.9872205727588,758.1709015579254,890.1566038063902,1021.5320144981379,1151.8136759349145,1280.4697937108722,1406.9487240146264,1530.7036626795161,1651.2098007347668,1767.9739780794334,1880.5387302305899,1988.4830884404655,2091.422137219779,2189.006632191784,2280.9232583780977,2366.895541639926,2446.6850789436576,2520.0926180432143,2586.9585467446595,2647.16248522792,2700.621853896213,2747.2894675285497,2787.1503527012537,2820.2180826620315,2846.5309673963056
CHN,Female,CKD,diet,15464.190744674415,0.0,1019.2724017807632,0.0,5.66605274991889,14.636793358702562,28.338904494798044,48.24405278498307,75.43259335146286,110.15957778350275,151.72747250851535,198.75326734108967,249.60861331342312,302.76835664219107,356.973912306843,411.2563759320328,464.89358810875274,517.3510761274229,568.2293000968348,617.2235100491234,664.0956771825877,708.6559156597505,750.75069031163,790.25557384282,827.070867881077,861.1188830702595,892.3420583672705,920.701398139412,946.1749319249211,968.7560677673173,988.4518252287817,1005.2810065682279,1019.2724017807632
CHN,Female,CKD,combo,65086.8906685329,0.0,3832.9396313842735,0.0,108.30121737753507,245.59847160555364,389.41976402328874,540.0290226289362,698.081534748504,863.5261454624124,1035.3692681650136,1211.8855694992963,1391.0387242435245,1570.8381175046816,1749.524886041385,1925.6199993757036,2097.9013209497934,2265.357413648584,2427.141514087227,2582.534152517561,2730.91597385396,2871.749636646535,3004.5688130581257,3128.9721823665604,3244.62048208747,3351.2349996382545,3448.5962809864286,3536.5422488088516,3614.9653168029035,3683.8084237345465,3743.060167805059,3792.7493894809304,3832.9396313842735
IND,Male,CKD,glp1,20714.74121702303,0.0,1204.4201599919907,0.0,44.06898882103269,99.30977582101332,155.26317351299804,211.20696114398015,266.76056487126334,321.6393733488221,375.63219298425247,428.5849345388124,480.38733543950366,530.9624338168651,580.2581655376271,628.2404238723248,674.8870529606356,720.1824328859802,764.1124951288075,806.6601495887153,847.8011958374263,887.5008337698528,925.7108925588545,962.3678748991806,997.3918782073597,1030.6864151428308,1062.1391185307875,1091.6232834470866,1119.0001726304326,1144.1219900192955,1166.8354101479927,1186.985537567307,1204.4201599919907
IND,Male,CKD,diet,5055.54705500017,0.0,340.8664379426482,0.0,1.9121097616225597,4.947267456460395,9.589411335691693,16.327954702122952,25.501178291320684,37.146722598496126,50.96792283744435,66.44245691745891,82.98786886435119,100.08672635175753,117.33981074785697,134.4668404111435,151.28384008798457,167.6761343616963,183.57511623475875,198.9407528876909,213.74927593607572,227.98485670755326,241.6341411554895,254.68278245678812,267.11336507795204,278.9043098117254,290.02948471748095,300.45833566741203,310.15640642393555,319.0861528359237,327.2079765603412,334.481415858987,340.8664379426482
IND,Male,CKD,combo,25659.362197082424,0.0,1538.5415168642212,0.0,45.93341925016284,104.11999284870399,164.5834251177148,227.0804317661532,291.5629202002892,357.78655485874333,425.25446922639094,493.30591754788475,561.2639278062416,628.5469301081612,694.7126356187655,759.4522384935408,822.56266865012,883.9150425677508,943.4271282696427,1001.041753061203,1056.710713605862,1110.383150476293,1161.997418602914,1211.4757158542197,1258.7209436760022,1303.6154239694297,1346.0211904573662,1385.7816266340233,1422.7242503822927,1456.6644576132385,1487.4100403916382,1514.766293163455,1538.5415168642212
IND,Female,CKD,glp1,18642.37984231959,0.0,1068.179443730478,0.0,41.62444670742116,93.32516906300589,145.11578536674642,196.37156707695976,246.84714646529756,296.39546956408594,344.919730626978,392.350558547354,438.6358705619714,483.7363456229723,527.6226966608592,570.2731110220484,611.6703838146495,651.7987732753827,690.6407774644031,728.1740544875793,764.3686772140354,799.1848685658915,832.5713198160956,864.4641560436576,894.7865801928274,923.4491992609546,950.3510121002037,975.3810174047248,998.4203821026167,1019.3450942225027,1038.029010242928,1054.3471950949606,1068.179443730478
IND,Female,CKD,diet,4544.43630523757,0.0,302.15760639414657,0.0,1.8060435013467213,4.650214498899004,8.970614122910774,15.204303088365123,23.646387554428657,34.31608963289909,46.92977265162335,61.003139482789265,76.00285950177931,91.45917516389454,107.01216170492262,122.41058786904614,137.4902704827109,152.14908508650842,166.32581150491023,179.9844055421563,193.1030737778492,205.6669940087595,217.66362238679721,229.07978450829978,239.89998948965513,250.10558967968973,259.67453550077335,268.5815580165945,276.79866433196,284.29586309811566,291.0420565052773,297.00604615046177,302.15760639414657
IND,Female,CKD,combo,23094.971917961862,0.0,1364.981585407746,0.0,43.38545568706468,97.8474502001045,153.83817115089914,211.16156493677408,269.8632526079018,329.81869131898566,390.6578125579399,451.84100590434537,512.7965785137203,573.0263336293501,632.1484581417681,689.8943010933872,746.0847015078616,800.6026430272759,853.3694769523718,904.3265246152732,953.4216674475028,1000.5999569903215,1045.7973229867494,1088.9366654577607,1129.925817666066,1168.6570169232,1205.0076193124696,1238.8418542871368,1270.013447853882,1298.3689582350926,1323.751672449056,1346.0059110998554,1364.981585407746
BRA,Male,CKD,glp1,38261.19672902663,0.0,2279.50007356688,0.0,72.3910210332615,163.66289910018168,257.5681385068856,353.25063691208925,450.2342583950449,548.0730356684326,646.3447086666638,744.6475797720414,842.5976852546519,939.8273503130804,1035.985101825041,1130.7364402758685,1223.7648793039043,1314.7727476118162,1403.4814049373817,1489.6306942782976,1572.977607277986,1653.2942643329443,1730.3653999590679,1803.9855969584023,1873.9565330504483,1940.084496010917,2002.1783941356407,2060.048444350461,2113.5056664691874,2162.3622541641234,2206.4328354653553,2245.536581430577,2279.50007356688
BRA,Male,CKD,diet,3006.120177744102,0.0,207.74595111191593,0.0,1.0371469717829314,2.6850071231965558,5.208269530212419,8.87958220560904,13.899590210483439,20.318655614817544,28.015114277597604,36.744743154889875,46.22052034056469,56.17497291138716,66.38881811754254,76.6944501100952,86.96780725208373,97.11757886475243,107.07568018743768,116.79001886484912,126.21937694207008,135.32990787718154,144.09276698677422,152.48250763236865,160.47599035636813,168.05164146191964,175.18895941815572,181.86820737054222,188.07025416656688,193.776539817889,198.96914801483945,203.63097085020854,207.74595111191593
BRA,Male,CKD,combo,41034.65224055607,0.0,2472.6890599481194,0.0,73.34219394265892,166.09909420063923,262.28332001187664,361.2895738461302,462.8281026657678,566.5039531032198,671.7896602461442,778.065897389075,884.6905201274712,991.0538031966098,1096.6047478515247,1200.8554443910762,1303.375060167702,1403.7810651651162,1501.7309388831127,1596.9151390668994,1689.0511710286373,1777.878418114029,1863.1534941188147,1944.6460313500575,2022.1349406147565,2095.4052520130645,2164.2456720724877,2228.44698444158,2287.8013894947944,2342.1028325767475,2391.148318948406,2434.740161579546,2472.6890599481194
BRA,Female,CKD,glp1,34538.51872982181,0.0,2087.6403100318494,0.0,64.01484526423519,144.65543411244653,227.60353847012811,312.1825772652701,398.0516982453373,484.8909807340715,572.3896238544039,660.2386069167515,748.126055638957,835.7361012000001,922.750672512906,1008.8531789997032,1093.7330208406129,1177.090041924639,1258.6382848636931,1338.108653963609,1415.2503118084132,1489.8308155934792,1561.6351363520007,1630.463798158853,1696.1304285204315,1758.4590305689926,1817.281278559436,1872.4341071232557,1923.7578182434881,1971.0948739263695,2014.289482224769,2053.1880239037055,2087.6403100318494
BRA,Female,CKD,diet,2711.416829219743,0.0,189.33970583967312,0.0,0.917141407422605,2.3725835372824804,4.601476317133347,7.84719590192617,12.291086270372034,17.983046888111858,24.82143641599032,32.595707212851266,41.05610020938184,49.96840685389179,59.139302681418485,68.41966241650152,77.69771050176132,86.8898574979321,95.93265101496945,104.77671585293865,113.38250811611942,121.71742968822946,129.7538732866742,137.46787478165788,144.83815546512778,151.84541898113093,158.47182420865283,164.70059145810228,170.51572059837054,175.90181092514104,180.84397727531905,185.327857615659,189.33970583967312
BRA,Female,CKD,combo,37074.111396570144,0.0,2266.766393268241,0.0,64.85596044323029,146.81016108316544,231.77731001806387,319.3070774506232,409.22979770629536,501.27818980810116,595.0557227769823,690.0667192671681,785.7746281438303,881.6509686350873,977.2007526315101,1071.9697383012208,1165.543110791048,1257.5418536545112,1347.6193350156027,1435.4585513805905,1520.7697222648858,1603.2878438119806,1682.769960495163,1758.9921006190198,1831.74597002878,1900.8355919034584,1966.0741229396517,2027.2810783369132,2084.2801712124274,2136.8979265639646,2184.963174025128,2228.3074639935003,2266.766393268241
CAN,Male,CKD,glp1,7514.905343260824,0.0,398.3774144213112,0.0,15.35974512761095,35.15235011611094,55.83996199557896,77.12649630147735,98.79743704434986,120.63613552300285,142.42607849327942,163.95802980006647,185.03676625370554,205.4860514086713,225.15179681089467,243.90380693829684,261.6365250215258,278.26906644261453,293.7446878740893,308.029748806307,321.11218445466875,332.999511564306,343.71641300325064,353.30197770185805,361.80669907592164,369.2893521745773,375.8138758160212,381.4463817109672,386.2524000595131,390.29445278901403,393.63002383690855,396.3099726949249,398.3774144213112
CAN,Male,CKD,diet,422.7271632126476,0.0,26.388038702874837,0.0,0.1585469725623625,0.41531648279396904,0.8126777387351467,1.3945635036334352,2.1931050475031952,3.2152938220497163,4.4388294606751515,5.819902522384837,7.306413932753458,8.848716333112861,10.404961882357384,11.94226849757797,13.435844243671454,14.867531105106536,16.224431177226506,17.497805338093713,18.682234435072132,19.774976336877444,20.77545318582088,21.684820786535965,22.50559027656618,23.241286254087754,23.896134898258424,24.47478115476042,24.982036835485815,25.422662414233855,25.80118508544001,26.121754786396195,26.388038702874837
CAN,Male,CKD,combo,7909.6671725192555,0.0,423.25127385421456,0.0,15.50543303930408,35.53030548829338,56.578550282034485,78.39497374512302,100.79544347913361,123.57096396810357,146.48587123502512,169.29180496250046,191.7463841085928,213.62801118312564,234.74401911177847,254.9335953407599,274.0678225878437,292.04845178585947,308.80616548613307,324.2985679359281,338.50791626195587,351.43855626288496,363.11405038668727,373.57403152001916,382.87085909255256,391.06618379063184,398.2275417238934,404.4250997007375,409.728663312344,414.20504206744226,417.9158438494014,420.9157469569518,423.25127385421456
CAN,Female,CKD,glp1,8104.775250087262,0.0,446.3364331618086,0.0,15.91548189313562,35.97957879770729,56.75010782679237,78.10938491382058,99.97144678011773,122.21133584704239,144.6736762996561,167.18369209367575,189.55768414622798,211.61204230169187,233.17052442522981,254.06989289094963,274.16412251276233,293.32738823370437,311.4559898362795,328.4693224341863,344.30997425545684,358.9430284199261,372.35465630918225,384.55010815344485,395.55122435237627,405.3936039748214,414.1235724440521,421.79508811561846,428.46671805593814,434.1987982669243,439.05087454988916,443.07949879484386,446.3364331618086
CAN,Female,CKD,diet,454.6690447082765,0.0,29.332986582936428,0.0,0.16428342072504165,0.42483890151379455,0.8243529215997114,1.407436023635455,2.2080108305617614,3.2364188228975763,4.4749898237687376,5.884865592793176,7.418122736132318,9.027798534581052,10.673038140447716,12.320426035517812,13.943440678698607,15.521356112155445,17.038187812234355,18.48185247975107,19.843532845229674,21.11718923690114,22.29916148342636,23.387820825689232,24.383247821659097,25.286924696305505,26.10143889704068,26.830199550270663,27.477171008365076,28.046628516181045,28.542940805730723,28.970383571527236,29.332986582936428
CAN,Female,CKD,combo,8530.837436849215,0.0,474.11356530437934,0.0,16.066440994432014,36.366289017805684,57.49961735558645,79.39031362141395,101.98451897384439,125.16809075479159,148.7708439791386,172.58351896107342,196.3791907925788,219.93144920942632,243.02646934291715,265.4699689330364,287.0910069812053,307.74403593064017,327.3099141009043,345.69614713422743,362.836435416667,378.6895530785232,393.23759574385804,406.48366640950735,418.44910141235323,429.1703627215511,438.6957359841581,447.08197602625387,454.3910344502119,460.6869897131037,466.0332808330868,470.4903236725395,474.11356530437934
TUR,Male,CKD,glp1,20823.6730867246,0.0,1246.6829724014533,0.0,41.07501949991274,92.2651421459359,143.95694194264615,195.8924286807196,248.09220794150315,300.5413266947162,353.16142813225997,405.8178473994885,458.3377264679784,510.5295324906874,562.1994972335469,613.1632593003105,663.2525521892912,712.3176065200514,760.2262863016076,806.8610381116923,852.1146285477516,895.8854678643074,938.0731217687717,978.5744300049773,1017.2804942793991,1054.0746736991314,1088.8316317393546,1121.417410449525,1151.6904597073844,1179.5035165404697,1204.7062073831476,1227.1482312865774,1246.6829724014533
TUR,Male,CKD,diet,522.2386852381424,0.0,35.89900001913338,0.0,0.1853136317586177,0.47735128640670155,0.9223629367988906,1.5691222647183167,2.4541156776685966,3.5868090036437934,4.945091964416861,6.4840012881104485,8.150437767404583,9.894949789078964,11.677315682951303,13.467356870380172,15.24346369147679,16.990526914010843,18.698045381876,20.358633980005834,21.96692370287201,23.518777017339744,25.010738674845925,26.43965826115891,27.802438376911596,29.09587629762973,30.316576774530404,31.460920136847562,32.525074016768485,33.50503961872164,34.39672504702685,35.1960391636494,35.89900001913338
TUR,Male,CKD,combo,21300.47527666563,0.0,1279.790877156247,0.0,41.24154507182902,92.68888823240923,144.77452776248902,197.28487504428995,250.27422460748858,303.73744730706494,357.5777645475555,411.62132713691426,465.64833432859086,519.4231124332964,572.7156638923389,625.3141669800407,677.0304498725691,727.7006146322656,777.1825258613499,825.3514512138827,872.094828070014,917.3068899622194,960.8836862441094,1002.7188586417178,1042.700397410572,1080.708487536951,1116.614469785607,1150.2808787088034,1181.562475403396,1210.3081622204772,1236.3636458080473,1259.574700793095,1279.790877156247
TUR,Female,CKD,glp1,24884.101745834283,0.0,1531.574173733483,0.0,46.40547909422094,104.58720484564219,164.0453440670317,224.37020961080998,285.4164723393933,347.0354844859794,409.06078303839604,471.3089859492575,533.5857172491742,595.6930556014995,657.4365127563105,718.6304452469303,779.1014106612492,838.6894029128998,897.2471843450985,954.6381030495359,1010.7328641989006,1065.4057364433938,1118.5306392112725,1169.9774922479373,1219.609129643588,1267.2789978631336,1312.8297782388727,1356.09300328682,1396.88967499289,1435.031842224289,1470.325053085271,1502.5715654110027,1531.574173733483
TUR,Female,CKD,diet,616.0119624576764,0.0,43.62310653401073,0.0,0.20936247795179952,0.5401770579410368,1.045129682534025,1.7789742768763972,2.7824691120968055,4.066543027993248,5.607731800304464,7.357963604565157,9.260548209200351,11.262746026975947,13.321574195375433,15.404532882894273,17.4879660632796,19.554861593100213,21.592886020480364,23.59286598149265,25.547687600414065,27.45152032781334,29.29927489659167,31.0862267061857,32.80775738815282,34.45918354069727,36.03565252928456,37.532092052701046,38.943204159520974,40.2634965780926,41.48734530295769,42.609082828192186,43.62310653401073
TUR,Female,CKD,combo,25451.12193697817,0.0,1572.239284750227,0.0,46.59361531522154,105.06689156671746,164.97233002874782,225.95039036966955,287.8937822462558,350.6655775140207,414.080205867991,477.9126949713427,541.9187162808194,605.8533267359417,669.4833021634804,732.5933655412155,794.9882044527658,856.4918227120397,916.945166036814,976.2026109230683,1034.1277680286257,1090.589002408211,1145.4550385649782,1198.5909719503688,1249.8549480348775,1299.095701564689,1346.1510791781366,1390.8476034544547,1433.0010787464635,1472.4181900348085,1508.899005592757,1542.2402619434579,1572.239284750227
ZAF,Male,CKD,glp1,7214.2092282312515,0.0,393.1002231146322,0.0,17.576405822906963,39.26510452254661,60.84071857090112,82.01937813367294,102.66859117653257,122.70078412491421,142.05774726587606,160.7035055143624,178.6211725574194,195.81073099293462,212.28621301525345,228.07192154801123,243.19793552363808,257.6953586446598,271.5917762414156,284.90729630031456,297.6514332216757,309.8209784957853,321.3989049424199,332.35427448264454,342.64306297563235,352.2097768664444,360.98971212166725,368.91169322252244,375.9011263666398,381.8832045784875,386.7861117048251,390.54408618251546,393.1002231146322
ZAF,Male,CKD,diet,29.43762360747678,0.0,1.851338183203552,0.0,0.01276008164131781,0.03273650461414945,0.06308629358500184,0.10689056572391564,0.16614355711863027,0.2407685134357962,0.32843606126152736,0.4253596972539526,0.5274636593803734,0.6312447623222397,0.734115950168416,0.8343779911083402,0.9310298059608613,1.0235533461291197,1.1117309413129988,1.1955087678816199,1.2749021482850367,1.349933722840433,1.4205959610389982,1.4868312519793108,1.5485245577892783,1.6055049676378985,1.6575534494822932,1.7044147539800178,1.74581187504009,1.7814617882686434,1.8110914245153253,1.834453024517643,1.851338183203552
ZAF,Male,CKD,combo,7242.682404964359,0.0,394.91008194832466,0.0,17.58838650943926,39.29568221949012,60.89971889470689,82.11962041336574,102.82488624121197,122.92798632236554,142.3686008272307,161.10721643855322,179.12308007282445,196.41280778392502,212.9879103227213,228.87100451847436,244.09115022312653,258.6789012991594,272.66159165991667,286.0592467886054,298.88137624703086,311.1247835377235,322.77243230195927,333.79333268669325,344.14335683431455,353.7668548826732,362.5989194603444,370.56813454674375,377.59964135152586,383.61835769822574,388.55219688231955,392.33514605136406,394.91008194832466
ZAF,Female,CKD,glp1,6353.9823494064185,0.0,326.9308944258064,0.0,18.588075622879842,40.98032099693228,62.45173192445327,82.83385962143257,102.16220718360273,120.46151014504721,137.74151839574188,154.01096556775155,169.28848313566232,183.60759220698856,197.0168391762345,209.57673516141404,221.35494156922323,232.4207911643134,242.83991404694098,252.66948130328456,261.9543816033656,270.72449704986866,278.99313385026653,286.75658220023433,293.9947210665141,300.6725418388978,306.7424360727691,312.14707409512084,316.82269151126457,320.70259877218814,323.7207344491544,325.81509524906505,326.9308944258064
ZAF,Female,CKD,diet,25.631379916814694,0.0,1.5296864996435033,0.0,0.013494531523974729,0.03421240078023402,0.06526112558458408,0.10943637974924059,0.1683037948787387,0.24117118930189463,0.3250417797753471,0.4156238351115462,0.508642470873383,0.6007061445070576,0.6895590053718479,0.7739415354608354,0.853315501659381,0.9275989590205427,0.9969615046429681,1.0616824366934452,1.1220590042885306,1.1783505903877085,1.2307476246696751,1.2793573535163887,1.324201173534675,1.3652199710140849,1.4022849966931972,1.4352124593533517,1.463780412585038,1.4877467519581842,1.5068673097139254,1.5209131745214108,1.5296864996435033
ZAF,Female,CKD,combo,6379.237953191374,0.0,328.45465415442413,0.0,18.600745898564128,41.01241644615038,62.513290406843225,82.93769181719836,102.3227537735147,120.69268122215544,138.05442996324746,154.41261045906322,169.78166892115587,184.1917458494081,197.68909019456078,210.33288858018204,222.1901969709561,233.3302087000975,243.81868091756405,253.71303752252425,263.0584528889485,271.88506963376494,280.20639541993296,288.01884566370427,295.3023427526623,302.021842324466,308.1296294533604,313.56820977096686,318.2736111820377,322.1789101827744,325.2178024269451,327.3280496942007,328.45465415442413
MEX,Male,CKD,glp1,47060.8139728487,0.0,2526.363465324619,0.0,104.77449292353049,234.63288348522474,365.72718293216894,496.8628536548422,627.4475398030918,756.954183176269,884.8968746166356,1010.8177274663831,1134.2771172069115,1254.8473786356553,1372.1094992918734,1485.6521325645008,1595.0722695359,1699.9770162863933,1799.9860499245187,1894.7344387758058,1983.8756000507055,2067.08423387073,2144.0591219477865,2214.5257185110167,2278.2384941446217,2334.9830214482936,2384.5778143674324,2426.875949222027,2461.7665034388992,2489.175847030965,2509.068812328369,2521.4497508835266,2526.363465324619
MEX,Male,CKD,diet,2271.958034718882,0.0,141.62697708081396,0.0,0.9430439831849071,2.416138027154375,4.640742721465358,7.838461845058191,12.16093829357851,17.624326609155105,24.09556775279634,31.340374823499587,39.09481427866558,47.11888006575464,55.219356087189226,63.250757688918384,71.10673059558758,78.70976814140158,86.002525939919,92.94146260582784,99.49252736595372,105.62837215324544,111.32661016974453,116.56875941464386,121.33962037554738,125.62692203959887,129.42112996459036,132.71534996030823,135.50528664853482,137.78923225861945,139.5680706699859,140.8452871581394,141.62697708081396
MEX,Male,CKD,combo,49227.3745121087,0.0,2665.237907129871,0.0,105.6294161216938,236.80175458558006,369.8932066862071,503.9177714311554,638.4309650317227,772.9327145021962,906.8280834121324,1039.4552346502096,1170.1396092470604,1298.2366137973731,1423.150063094734,1544.333042775077,1661.2815107618517,1773.5272107491837,1880.632521291387,1982.1876614528883,2077.809824872027,2167.1436379832885,2249.8624136847066,2325.669808456136,2394.301620023274,2455.5275658488317,2509.152958835599,2555.02024867414,2593.010428622678,2623.0443212764585,2645.083756224536,2659.1326408867026,2665.237907129871
MEX,Female,CKD,glp1,53038.565377041974,0.0,3094.756633184079,0.0,104.145746555394,234.39056093306135,367.2429048769591,501.6493575185268,637.1504109605376,773.327697142915,909.7738426634824,1046.0787705592156,1181.8215394207728,1316.5665657420905,1449.8632608629414,1581.2481344543557,1710.248500788628,1836.3870644365816,1959.186827176898,2078.175919149937,2192.892097058684,2302.886763852126,2407.728448671711,2507.00574744233,2600.32976863948,2687.3361597794865,2767.68681074887,2841.071341378047,2907.20848286806,2965.847455675452,3016.7694304141914,3059.7891340871574,3094.756633184079
MEX,Female,CKD,diet,2602.216509447506,0.0,175.39238660249976,0.0,0.9373848245195404,2.4144950518420956,4.6625932520473725,7.919337553066725,12.358209092577454,18.020065029711986,24.794935822777916,32.46631936720223,40.78140530190285,49.50530127630918,58.44536508818419,67.4535474768054,76.41880562378356,85.25746193312807,93.90489994279051,102.30943049395864,110.42811932837503,118.22409428747778,125.66487524849799,132.72137547401508,139.36732826105435,145.57897540559497,151.33491294870328,156.61602966657665,161.40549999634823,165.68880971120234,169.45380269127782,172.69074269527482,175.39238660249976
MEX,Female,CKD,combo,55477.91720114506,0.0,3262.3884232672717,0.0,104.99553940320038,236.55600130901075,371.42055822573093,508.7561146069893,648.2676654760508,789.5834148467911,932.2062273273114,1075.5380178478517,1218.9341135510986,1361.7485993525333,1503.356591121672,1643.159151333377,1780.5806727305317,1915.0651015637995,2046.0735543463088,2173.083735728309,2295.590748754228,2413.1087387953157,2525.1729088693974,2631.3415947589965,2731.19822420783,2824.353088592463,2910.4449287469033,2989.1423840258067,3060.1453798244693,3123.1865370983796,3178.0326807424717,3224.4865046909617,3262.3884232672717
AUS,Male,CKD,glp1,5545.245385578578,0.0,316.2172617957276,0.0,10.510688525547721,24.108702205691316,38.41884487988091,53.24562126443561,68.43318125615906,83.8185685044773,99.23985758084245,114.54530213159069,129.6002460989298,144.2910701105784,158.52645459918722,172.2366630786023,185.37159914049516,197.89825945594202,209.79801926993514,221.06401407004432,231.69874821580015,241.71197237337128,251.11882013676677,259.9381705023952,268.19119753083214,275.90007397843146,283.0868063326616,289.7721907296136,295.97489024071547,301.7106425705033,306.9916126128428,311.8259063865771,316.2172617957276
AUS,Male,CKD,diet,100.88736305702196,0.0,6.737341147614643,0.0,0.035006556290682056,0.09188942958599,0.1802883087934788,0.3102112132128241,0.48904790333199344,0.7185672636469462,0.9939752198292808,1.3056737218812486,1.6422628891177737,1.9929861845630512,2.348940952918383,2.7033198693707163,3.0511712255365637,3.3890186174676273,3.714500110397239,4.026077228320901,4.3228156235809365,4.604223699526301,4.870133676545265,5.120612297293519,5.355891819239332,5.576314918843309,5.782289387184392,5.9742501044484015,6.1526268820425685,6.3178174853010205,6.47016559689564,6.60994372424193,6.737341147614643
AUS,Male,CKD,combo,5638.5916902578465,0.0,322.50505782693654,0.0,10.542638780892958,24.191674969920314,38.58136195386032,53.52543337936959,68.87495670025237,84.46885554672826,100.14113164568107,115.73154409113022,131.09520947269357,146.1087675659901,160.67276418409347,174.71117939746546,188.16928898103106,201.010788294981,213.2147610677448,224.7728038401856,235.6864397636582,245.96485202092026,255.62291376292978,264.67946998764455,273.155824451901,281.07439277286994,288.45749552231973,295.3262785897432,301.69976008073536,307.5940122192824,313.0214925287619,317.9905408581235,322.50505782693654
AUS,Female,CKD,glp1,4803.757016830745,0.0,285.2094117129318,0.0,8.163944026230638,18.638500692912658,29.709714931113012,41.32603784699859,53.437675657773525,65.9627169219143,78.79554076716158,91.81724194108301,104.90531885042583,117.94144225772698,130.81694711810724,143.43620374090506,155.718261221989,167.59720955118382,179.02166329051943,189.95368829107883,200.36740721764954,210.24744555279085,219.58732254726146,228.38785109751734,236.65558423218135,244.40133055740807,251.6387535202648,258.383066976452,264.64984005865153,270.4539259829726,275.80853090501114,280.72443936252876,285.2094117129318
AUS,Female,CKD,diet,86.16837535633249,0.0,5.963243297995177,0.0,0.027190565624096052,0.0709325597354109,0.1387674066377258,0.2387170413626336,0.37712584171413255,0.5563864922914945,0.774065397081813,1.0239700822071427,1.2981916081625968,1.5888523186749808,1.8890440467098415,2.193104785875221,2.496551866920072,2.7958991896357475,3.0884676442669843,3.3722251742483422,3.6456607485097265,3.9076860554987434,4.157557278123932,4.394810718769804,4.619207905537223,4.830687375590969,5.029321474800781,5.2152772991184975,5.388781425413072,5.550088413783669,5.699453261141571,5.837108080901089,5.963243297995177
AUS,Female,CKD,combo,4884.9000452111995,0.0,290.9011761458987,0.0,8.188760677930532,18.702615464536393,29.835056962685485,41.542012776330466,53.779718624568886,66.46876528808389,79.50164617351084,92.75408530250706,106.09654564259563,119.4035854222916,132.5602217051828,145.46557682102093,158.03448212309604,170.19769042970938,181.90119972148932,193.10504366008672,203.78178938747305,213.91489921431275,223.4970540920085,232.52849744228388,241.0154332460006,248.9684983463858,256.4013224487426,263.3291876268777,269.7678001215272,275.732189153583,281.23574912266577,286.289442067814,290.9011761458987
NZL,Male,CKD,glp1,1132.3816392033045,0.0,62.05398604034201,0.0,2.5402241938505767,5.712709082708443,8.933376793617072,12.165846101699913,15.386942803225338,18.57426093315155,21.70700634343325,24.7668432733675,27.738302366298285,30.608819381147782,33.36854207443844,36.010026710836314,38.52790773734023,40.91858771201203,43.17996715997674,45.311216425666885,47.312582089048306,49.18521683552228,50.9310217536613,52.55249227779268,54.052562244669616,55.43444401596446,56.701465825807645,57.85691013469818,58.90385863644474,59.845050604694734,60.68276149022222,61.41870816166602,62.05398604034201
NZL,Male,CKD,diet,33.416913597325674,0.0,2.1535366142977637,0.0,0.01372625761598556,0.03534509464225266,0.06813875316606754,0.11539802072229577,0.17935044939929412,0.2601667718851104,0.3557554282538149,0.4624952068933226,0.5763304016745678,0.6935965712096959,0.8113797318842444,0.9275385562045813,1.040576374625516,1.1494832158824693,1.2535991393521044,1.3525111420352687,1.4459801715489675,1.5338907203893086,1.61621593788675,1.692992874966194,1.7643041445944618,1.8302635975956036,1.8910045596525151,1.9466698204369095,1.9974029874299504,2.0433410780850636,2.084608371082936,2.121311603912659,2.1535366142977637
NZL,Male,CKD,combo,1162.996640040908,0.0,64.04353968788746,0.0,2.5526859939021733,5.7444235654967315,8.994384174211405,12.269200057742182,15.5477697683732,18.80792529690075,22.02707115721205,25.183671067125715,28.25863279902012,31.236092327731058,34.10355181288321,36.851604400469,39.473495191110715,41.964673367631576,44.322401743432465,46.545437408667,48.63377334463155,50.588423399018666,52.41123340241484,54.10470488847568,55.671822591375644,57.11588153868263,58.44031360528845,59.64851659184524,60.74369113476064,61.72869203036976,62.60590091430913,63.37712677993886,64.04353968788746
NZL,Female,CKD,glp1,888.122406216883,0.0,49.324234863437255,0.0,1.9080448836111827,4.280948773408909,6.692439812584098,9.124047824585205,11.564593012352589,14.00109009894129,16.41968096978394,18.80664276795494,21.14907506822078,23.435279633290293,25.654919115137204,27.799042084139955,29.86004001923027,31.83157735547013,33.70851580201588,35.48684060773405,37.16358858668707,38.736774109535986,40.20530850320483,41.568909226337496,42.82799695911558,43.98358078864533,45.03713361466248,45.990461518071356,46.845571999654794,47.60454665113059,48.26942396002892,48.842097607910546,49.324234863437255
NZL,Female,CKD,diet,25.841008113284033,0.0,1.68436070677717,0.0,0.010310237843782488,0.026456439789512842,0.05087075048652423,0.08601011782025125,0.13358454815647747,0.19383625650300473,0.2653779368963569,0.3456997743927559,0.4319386105208878,0.5214621731645366,0.6121282912338302,0.7023090865149015,0.7908101881077982,0.8767683822089793,0.9595630641790649,1.0387498901441177,1.1140142222261602,1.1851392344756277,1.2519839043255843,1.3144672836638165,1.3725565891502356,1.4262575482475768,1.475606077656039,1.5206608050959858,1.5614962280266127,1.5981964773866366,1.6308497523582446,1.6595435359315616,1.68436070677717
NZL,Female,CKD,combo,912.1619431851722,0.0,50.91232921823871,0.0,1.9174053463162863,4.304708433457449,6.738066122280884,9.201282843370109,11.68479866711266,14.175939325127615,16.659682578645516,19.120104737023098,21.541753526345474,23.91055735552277,26.214225403628802,28.442302317945405,30.586058452346606,32.63833180023687,34.593375196842544,36.446724541537606,38.19508604315024,39.836234285696264,41.36891237310476,42.79272733244932,44.10803672746499,45.31582527018543,46.4175727334723,47.41511647569109,48.31051331012122,49.10590626645012,49.80340202193713,50.40496447947089,50.91232921823871
ROU,Male,CKD,glp1,2120.6485277914553,0.0,98.93204176044651,0.0,6.635160954720277,14.586731689801354,22.28448373735,29.64807969726644,36.645427068897334,43.25360295192377,49.45602699955839,55.24213980262971,60.607773969772325,65.55535795044102,70.09354600643769,74.23622733912566,78.00108348767981,81.4079468712905,84.47720441709635,87.22843105339871,89.6793619686614,91.84524152233621,93.73853154819426,95.36892584442558,96.74359951378142,97.86761778751088,98.74443464326168,99.37642282132788,99.76539045998061,99.91305315249701,99.82144230212634,99.49324046951597,98.93204176044651
ROU,Male,CKD,diet,359.23454754621434,0.0,20.087620276359758,0.0,0.20995178080420374,0.5289008614827253,0.9980321525913496,1.6551467719230004,2.5198719924680972,3.5815372603979085,4.799231364295565,6.114610210874844,7.4682269505597105,8.810619185814858,10.106156682328674,11.33209596956317,12.47573030386252,13.531366465040264,14.497817609448248,15.376547594663862,16.170389498237455,16.88271018681371,17.516901143321093,18.076099135537106,18.563063391190553,18.980154897589728,19.329378181252196,19.61245722724425,19.83092583898383,19.986219301460324,20.079759120377275,20.113026191728068,20.087620276359758
ROU,Male,CKD,combo,2454.6598119813707,0.0,117.75900688501997,0.0,6.828691045045844,15.069624795850586,23.194333413339336,31.157824702163225,38.94684540497133,46.52966132810229,53.85301606328767,60.85332216718393,67.47193440876299,73.66559683027458,79.40974105390433,84.69676120556323,89.53205372053458,93.92966071799174,97.90840132423091,101.4888096181021,104.69092525798851,107.53286306991208,110.03003857661588,112.19491052609874,114.0371034483178,115.56378583392984,116.78019816288156,117.69024630040826,118.29709709658641,118.60373251714623,118.61343518275157,118.33019132440495,117.75900688501997
ROU,Female,CKD,glp1,2165.6059829590204,0.0,103.18781531310265,0.0,6.591280218839302,14.522602775138012,22.23360968946122,29.635749410219205,36.69419473965672,43.386536689063405,49.69687305785669,55.613525255958166,61.128761548877264,66.23936547719995,70.94721195892112,75.25940889364574,79.1878822657452,82.7484852057762,85.95980714384564,88.84187787938868,91.41493420132724,93.69836867681329,95.70992855231725,97.4651874030219,98.97727780166565,100.25685077482262,101.31221595121497,102.1496128498768,102.77356621692593,103.18728440373093,103.39306760909335,103.39270099551504,103.18781531310265
ROU,Female,CKD,diet,364.3527268206615,0.0,20.848888278573213,0.0,0.20856329321463818,0.5262783005202891,0.9936313502041685,1.6475766834980732,2.507322311104872,3.56274339985589,4.774521186421225,6.08642384971904,7.440855797943186,8.789394141416778,10.096511405994988,11.338834186871281,12.502637341516447,13.581157744518805,14.572340525901382,15.477131118489524,16.298244532383933,17.039305990367666,17.704268684159842,18.297035609265095,18.82123089443462,19.280079694409096,19.676365465176104,20.012440568179272,20.290271607140312,20.51150526245692,20.67754395909651,20.7896236378283,20.848888278573213
ROU,Female,CKD,combo,2504.0958774474393,0.0,122.7047538470838,0.0,6.783530424194851,15.003064504036047,23.139263453126432,31.138088315878804,38.98310403450046,46.6435434340965,54.06828528193819,61.19461482387237,67.96212346677339,74.32298931890341,80.24607839815712,85.71651790120904,90.7330688228933,95.30482794927661,99.44800296102608,103.18306599865105,106.53239584104426,109.5184352683184,112.16234810174183,114.48313376583633,116.49713918590783,118.21789737398944,119.65621874269618,120.82046394846111,121.71693428463936,122.35032554847544,122.72420229020668,122.84146016050477,122.7047538470838
BGR,Male,CKD,glp1,1170.2680927635524,0.0,51.17116901012548,0.0,4.00230252857682,8.80329474586074,13.43333270835592,17.830699641500814,21.966428599331948,25.81874313569756,29.37245908023533,32.61988188544274,35.56101780881204,38.20281189604111,40.55772838265398,42.642072593764624,44.474355002307675,46.073873414158925,47.45959070690594,48.64932111841847,49.65920125164598,50.503403995522376,51.19404735396006,51.74125082199862,52.153296309243274,52.436856738980055,52.597262153141855,52.638779702637635,52.56488987136993,52.37854644161996,52.08241196826816,51.67906389697441,51.17116901012548
BGR,Male,CKD,diet,194.28305148240827,0.0,10.291333206580362,0.0,0.12518389035722066,0.3156270631429834,0.5952703090461,0.985453801619542,1.4959345095248864,2.117699960878099,2.8235326072797307,3.576406437418882,4.339754494604449,5.084162439007741,5.78940581580423,6.44351307973443,7.040737452359281,7.579531500052099,8.060932090898177,8.487407621777265,8.862090296134284,9.188293027213263,9.46922441139668,9.70783660776101,9.906759881536686,10.068291900553959,10.194420074969116,10.286862313435563,10.34711644933384,10.376511952220653,10.376259856383626,10.34749843138411,10.291333206580362
BGR,Male,CKD,combo,1350.6679041665325,0.0,60.802444039937996,0.0,4.117625867013203,9.091248033158536,13.975564452270191,18.728822922661266,23.331501870223292,27.75414475577736,31.95710918148643,35.899015650305046,39.54633122505379,42.87880025937966,45.88998683391128,48.58482252481508,50.976168454403705,53.08157144444431,54.920672874724914,56.513338218587705,57.87841808229416,59.033010401602496,59.992098532564796,60.76845929433705,61.372756144540745,61.81375158071569,62.098588707997465,62.233104840474994,62.22215038921274,62.06989450966364,61.78010536570787,61.35639770926707,60.802444039937996
BGR,Female,CKD,glp1,960.9054533122483,0.0,42.37863975763446,0.0,3.210931484301568,7.060348408549999,10.781495932671874,14.336529964512465,17.70857960572596,20.880217294523277,23.83428275178926,26.556727371637407,29.03879084619132,31.27787346154014,33.27729427972645,35.04535329650059,36.59408090988927,37.93794590971925,39.0926833980061,40.07432127302968,40.8984295434027,41.5795846745591,42.13102444869344,42.56446182018101,42.89002502325184,43.11629316536619,43.25040011821318,43.29818373144201,43.264361670464154,43.15271919074871,42.966297730314295,42.707576249662566,42.37863975763446
BGR,Female,CKD,diet,158.42730365858836,0.0,8.47795707842829,0.0,0.10043141216965523,0.2531141685503826,0.4773902021837557,0.7908756407226747,1.2021915239747614,1.704961139902025,2.27791267269572,2.8913621207450433,3.515438978620523,4.125645553025947,4.704743054309802,5.242207147245722,5.732726743106468,6.174631315056672,6.568595843492858,6.9166858486801175,7.2216957742623435,7.486710098398817,7.714823863781703,7.90897395718423,8.071846013713184,8.205832245331976,8.313022962101286,8.395219762426109,8.45396198275239,8.490560523292515,8.50613495337268,8.501651079060707,8.47795707842829
BGR,Female,CKD,combo,1107.1085548069814,0.0,50.2495196573409,0.0,3.3034520610488016,7.29116412610108,11.215922945285797,15.05622424745809,18.803369882880816,22.434464621156053,25.91323333390801,29.19869417453947,32.25481617165099,35.056496491500184,37.59109511989254,39.857051309161534,41.86129894345265,43.616559870526316,45.13899910318912,46.44638162551064,47.55671554442836,48.487311425942835,49.25417682041473,49.87167081153609,50.35235421973755,50.70698236871988,50.94459758742494,51.07268750583546,51.09738273035475,51.023673774959434,50.85563231229855,50.59662602072581,50.2495196573409
ISR,Male,CKD,glp1,2914.9083247428616,0.0,175.40258689493294,0.0,5.24585082360727,12.03512633437822,19.214230942548284,26.689837366814572,34.38238341649708,42.20687920402952,50.07844814141731,57.91757730743052,65.65419733313865,73.23038768461015,80.60170317253733,87.73726614652628,94.61886230467553,101.23931848952748,107.60043895073795,113.71074598332143,119.58322448534409,125.23321817573697,130.67657531400027,135.9280983126887,141.00031688617992,145.9025788860722,150.64043612577416,155.2152929883664,159.62428180738425,163.8603292206135,167.9123803710536,171.7657516729173,175.40258689493294
ISR,Male,CKD,diet,125.89718824300644,0.0,8.848359873918525,0.0,0.04135777635337945,0.10840997215882453,0.21236601297232482,0.36487591925697416,0.5746819840874196,0.8442665055792986,1.168771723230293,1.5378800154328474,1.939067113978581,2.3602903727246485,2.791383038293361,3.2244220040549862,3.653566335992764,4.074712139853091,4.485128458524741,4.883131933025197,5.26781190457541,5.638802666662286,5.996096713650331,6.339893458647111,6.670478939809527,6.988132744226732,7.293058760474196,7.585336590419047,7.864890639013993,8.131474120804796,8.384665484176821,8.623875041108931,8.848359873918525
ISR,Male,CKD,combo,3032.349201518479,0.0,183.74697076787288,0.0,5.283520701227417,12.132851844437255,19.40544539917778,27.01878765241213,34.901594257878514,42.97156029849407,51.139829699256325,59.31785746426999,67.424391408249,75.3906173134169,83.16278053418068,90.70264935365594,97.9864977849204,105.0031963914023,111.75183725813122,118.2391925811744,124.477218201092,130.48074783939865,136.2654711390005,141.84624560654402,147.23575865836074,152.44353103035655,157.47523621907476,162.33230122198665,167.01175012744625,171.50625244051434,175.80434088089396,179.8907674436532,183.74697076787288
ISR,Female,CKD,glp1,2711.9858419403677,0.0,163.10388228538113,0.0,4.449183396435046,10.256758992365576,16.499480883914202,23.125264438658633,30.079567341433858,37.29058313511564,44.67528753307124,52.14612921332673,59.61734456282784,67.01024048593285,74.25703957521182,81.30316441998593,88.10806298758098,94.64481839129849,100.89885070559012,106.86602485550247,112.55044762358966,117.96218603033458,123.11508180981582,128.0247811263289,132.7070501658186,137.17640818455948,141.445080512784,145.52225418723629,149.41360693103115,153.1210744208206,156.64281946315123,159.9733682812648,163.10388228538113
ISR,Female,CKD,diet,115.50564847456917,0.0,8.136766563173296,0.0,0.03507692804328144,0.09226753786356312,0.18155005153880666,0.3134875814610041,0.4964283760461967,0.7335869809539872,1.0219249790727645,1.3534902679243714,1.7179860823719082,2.104992713993852,2.505211376292209,2.9109057554567244,3.3159140777490848,3.715493418942742,4.106120714252029,4.485294857124245,4.851351261639138,5.203290599188222,5.540622164792239,5.863222915129427,6.171213529058605,6.464852553890978,6.744449040226755,7.010293313256625,7.262604869047209,7.5014959100426495,7.726948759906463,7.938805296130795,8.136766563173296
ISR,Female,CKD,combo,2820.883539652512,0.0,170.8788430661334,0.0,4.48113249290941,10.339982491521141,16.663141375118812,23.408389192336926,30.529153859213693,37.957030375292106,45.606714726193104,53.38381288129358,61.193434450244695,68.94748905228471,76.56968667749743,83.99825766901085,91.18682206842982,98.10388586539375,104.73138447311953,111.06262821331757,117.0999437065625,122.85224547685539,128.33271342122816,133.55669679275798,138.539917142979,143.2970033547008,147.84036217537277,152.1793670887837,156.31983572999025,160.26375975570863,164.00924943528798,167.550656642974,170.8788430661334
NGA,Male,CKD,glp1,7258.233934117332,0.0,417.56955410687806,0.0,15.896204891083471,35.333970636962476,54.6151730797319,73.61386921517988,92.33602313089068,110.79892315697361,129.02163105065847,147.02156301864306,164.81145955389002,182.39663250303784,199.77292699504324,216.92557745757222,233.82886833936936,250.44637991075433,266.7315844815457,282.62860784109944,298.0730444201763,312.99278742123715,327.30889330309947,340.93653740939044,353.78613288321503,365.76468018822925,376.77739357084647,386.7296189568442,395.5290208947263,403.0879798314709,409.32610998814926,414.17278588063346,417.56955410687806
NGA,Male,CKD,combo,7258.233934117332,0.0,417.56955410687806,0.0,15.896204891083471,35.333970636962476,54.6151730797319,73.61386921517988,92.33602313089068,110.79892315697361,129.02163105065847,147.02156301864306,164.81145955389002,182.39663250303784,199.77292699504324,216.92557745757222,233.82886833936936,250.44637991075433,266.7315844815457,282.62860784109944,298.0730444201763,312.99278742123715,327.30889330309947,340.93653740939044,353.78613288321503,365.76468018822925,376.77739357084647,386.7296189568442,395.5290208947263,403.0879798314709,409.32610998814926,414.17278588063346,417.56955410687806
NGA,Female,CKD,glp1,4480.05061040486,0.0,252.11983546861302,0.0,9.493000328253402,21.53872143622175,33.710027360624736,45.92588672929378,58.116059464835416,70.20817635897583,82.1392364845251,93.85793867023312,105.32390786145697,116.50616038032604,127.38147573602328,137.93279862128838,148.14765555597114,158.0165604013273,167.5314065767343,176.68387204196915,185.4638881458668,193.8582428164591,201.84940038127388,209.4146226819139,216.52546791417626,223.14772497574086,229.24181381508606,234.76364945236492,239.6659328599235,243.89979971817957,247.41673166108376,250.17061650611868,252.11983546861302
NGA,Female,CKD,combo,4480.05061040486,0.0,252.11983546861302,0.0,9.493000328253402,21.53872143622175,33.710027360624736,45.92588672929378,58.116059464835416,70.20817635897583,82.1392364845251,93.85793867023312,105.32390786145697,116.50616038032604,127.38147573602328,137.93279862128838,148.14765555597114,158.0165604013273,167.5314065767343,176.68387204196915,185.4638881458668,193.8582428164591,201.84940038127388,209.4146226819139,216.52546791417626,223.14772497574086,229.24181381508606,234.76364945236492,239.6659328599235,243.89979971817957,247.41673166108376,250.17061650611868,252.11983546861302
EGY,Male,CKD,glp1,37877.09710732325,0.0,2268.331908301345,0.0,74.58622062881477,167.8122242078316,262.5706862752304,358.23203229093633,454.50735174492,551.0481897614918,647.4678394828588,743.3803348242873,838.4341219020826,932.3333292911702,1024.845682983152,1115.799196069791,1205.07081356661,1292.5701690323913,1378.2211552156077,1461.9434567540084,1543.6356707896157,1623.1611854013827,1700.3375939046564,1774.930085732005,1846.6489645525107,1915.151197901374,1980.0456985255914,2040.9018752898191,2097.2608700407654,2148.648814971435,2194.591400813486,2234.62903706808,2268.331908301345
EGY,Male,CKD,diet,1066.106231507536,0.0,73.23219175302074,0.0,0.3741801137839502,0.9659014091448626,1.873339346384455,3.1989528595731826,5.018562918132375,7.350190256896894,10.144520841997291,13.303961866949976,16.71473868760586,20.27262089364376,23.894989281121525,27.522270332665357,31.114202445223782,34.64474211675042,38.09739045709648,41.461487341810425,44.729478796252806,47.89499289598825,50.95154303437812,53.891708698392904,56.706680793668056,59.38608808815843,61.918041771332355,64.2893482361178,66.48584833100176,68.4928464756158,70.2955966065274,71.87981485830096,73.23219175302074
EGY,Male,CKD,combo,38837.64106115878,0.0,2334.91875107287,0.0,74.92043357241346,168.66312460912013,264.2170697335896,361.0447973479386,458.92645255628304,557.5320784317155,656.4338676188963,755.1613812392534,853.2633054803155,950.3515403446145,1046.1200495604353,1140.3431058934075,1232.8608599995569,1323.5587411691522,1412.3449796170353,1499.1289008595631,1583.8016384646326,1666.2203005096708,1746.1962151864027,1823.4875689653636,1897.7964918044745,1968.7704226423484,2036.007401740655,2099.064785151193,2157.4707618936663,2210.7379767257953,2258.3785199688973,2299.9195389995184,2334.91875107287
EGY,Female,CKD,glp1,42248.9168537422,0.0,2567.167352620112,0.0,87.2741178747965,192.83255495731646,297.6857690953402,402.03417116944183,506.1885417133053,610.2105255402457,714.0056610167449,817.407400790642,920.2352738569425,1022.327890099732,1123.5556802709216,1223.8191194415922,1323.0375974860435,1421.1331011189177,1518.0119092072564,1613.546706496316,1707.5608843354894,1799.8162780947641,1890.0051522376561,1977.7468629711766,2062.589295237827,2144.014883337648,2221.45078379432,2294.2825770814234,2361.87073282482,2423.5689813053905,2478.7436913515558,2526.793358414463,2567.167352620112
EGY,Female,CKD,diet,1188.683382741463,0.0,82.81200840263045,0.0,0.43783206980879186,1.1090903318072378,2.119379954707256,3.5775976575787354,5.5634701090275485,8.095584783641243,11.122601875675173,14.544030192544597,18.243724067760922,22.116057479528536,26.07773180296499,30.068721427171113,34.048110489431565,37.98871141440031,41.872230149267125,45.68548836861737,49.417678557758336,53.05846935293448,56.59677052336701,60.02000266958203,63.31375515149557,66.46174521634384,69.44601093776873,72.24728274461086,74.84548567994352,77.22032923588267,79.35194515676994,81.22153693844302,82.81200840263045
EGY,Female,CKD,combo,43323.35346349093,0.0,2642.773280803718,0.0,87.66518394021114,193.81005418646237,299.54987624997375,405.1831940225384,511.09366222002063,617.3622671708654,723.8518845394246,830.309015889372,936.4513047261862,1042.023809705901,1146.8224940959553,1250.6935962075695,1353.5190519385105,1455.1955655190068,1555.6121088433028,1654.628726859013,1752.0584129071794,1847.653153755291,1941.0947945364132,2031.991021928272,2119.8764632656384,2204.218636899517,2284.4282651288304,2359.8732792292867,2429.8957101047126,2493.8305699700577,2551.0257904161554,2600.862288431541,2642.773280803718
BGD,Male,CKD,glp1,4992.01598277921,0.0,273.8388210871017,0.0,11.49534353704803,25.669992455375905,39.84743180249279,53.896921493753325,67.76696233761868,81.41860864576302,94.81800452036987,107.9322868313011,120.72795222716559,133.1710785955529,145.22853369418226,156.86939938739488,168.06609730803757,178.79497263811209,189.03630396089284,198.77383878218825,207.99401493160985,216.68503721708112,224.83595686432818,232.43586507241707,239.47327296784715,245.93571511114715,251.80958561404623,257.08019551946927,261.7320266320021,265.7491490846587,269.1157661010948,271.81684835915803,273.8388210871017
BGD,Male,CKD,diet,1341.9363746990512,0.0,86.02619670458807,0.0,0.5540166679784306,1.4194343069229944,2.7271042212487373,4.608583644077953,7.154020758551269,10.37241833191365,14.182795373955742,18.442805775825036,22.992208686833692,27.685905435602763,32.40845903554691,37.075125647164896,41.626794946245354,46.02362358849496,50.239419363257184,54.25729822217545,58.06651928636347,61.66024264939915,65.0339666146283,68.18445661036094,71.10903159941518,73.80511406365986,76.2699771468724,78.50064062750243,80.4938792273606,82.24631463224796,83.75456799524545,85.01545353561232,86.02619670458807
BGD,Male,CKD,combo,6303.750229749463,0.0,358.1496649131732,0.0,12.035221664602432,27.04910044969438,42.49581329402099,58.373208126247846,74.71827896954164,91.50181850722765,108.61212682976111,125.87853183629522,143.11194486258864,160.13724942389308,176.80872762337458,193.0125872974604,208.66324550170793,223.697775052824,238.07048774638315,251.7482668655357,264.7067208638182,276.92708223866794,288.3937645310725,299.0925078268083,309.0090559016644,318.1283119558393,326.43391832807174,333.9082025714051,340.53243013675456,346.2873035015218,351.1536488611746,355.11323406833253,358.1496649131732
BGD,Female,CKD,glp1,2819.8353790964347,0.0,162.13490046861625,0.0,6.1726943546236726,13.734314756083222,21.267517870343,28.732256721815247,36.12646022638455,43.44850952031629,50.693429795865086,57.85205294438856,64.91176834698854,71.8578992283401,78.67501960839036,85.34787407729164,91.861825766131,98.20290564885181,104.357592823897,110.31245636694257,116.05376415431965,121.56713181825762,126.83725582418629,131.84775249077393,136.58110992962975,141.01875096591903,145.14120019580332,148.92834567280624,152.3597839780159,155.41523582849732,158.0750175912981,160.3205521216587,162.13490046861625
BGD,Female,CKD,diet,763.4846761693761,0.0,50.897868798483614,0.0,0.29749224525312457,0.7596061092008313,1.4567288224361619,2.4607461710165808,3.822812960825104,5.551887175507545,7.60924895104381,9.92297655420316,12.410744233735386,14.997460264272377,17.6231852185756,20.243812080239877,22.828396562692433,25.355722099859122,27.811249914033397,30.184770765758003,32.468723907461026,34.657046572374384,36.7444147305996,38.725762908194156,40.59600073309048,42.34986841218597,43.98189137727968,45.486406800517216,46.85764289254803,48.08983704187631,49.177381878898814,50.11498998721436,50.897868798483614
BGD,Female,CKD,combo,3566.2149556715212,0.0,212.0212453815202,0.0,6.462594578953031,14.472400230581115,22.682403559300838,31.12281564982368,39.84174451391755,48.84678838673426,58.09577891071331,67.50991416315082,76.99663858711028,86.46819468899412,95.85069325108088,105.08574849388242,114.12837199193928,122.94370984383022,131.50387377091465,139.7853076559768,147.76676399098687,155.42783246023828,162.74793064827463,169.70567060560097,176.2785289155563,182.44276265107328,188.17352610088528,193.44515250431505,198.23157121465738,202.5068340615053,206.24572579158848,209.42443306841596,212.0212453815202
USA,Male,CKD,glp1,123556.56565199912,0.0,6220.440258995528,0.0,299.99538995225157,674.757231217809,1055.7166885361512,1438.0619978858304,1818.2967797973251,2192.928440007963,2558.6245210779452,2912.3589790277038,3251.509482693611,3573.9095442885737,3877.8655553519056,4162.148874457314,4425.970935275094,4668.946918607035,4891.05168137468,5092.5705005933705,5274.046616362393,5436.227320095495,5580.010242313554,5706.3914237276185,5816.416640542608,5911.137280127543,5991.57183228372,6058.673791773152,6113.306479712992,6156.225003052037,6188.065297030276,6209.339945837637,6220.440258995528
USA,Male,CKD,diet,4312.51954664012,0.0,257.35070306039415,0.0,1.9488868224143516,5.015639931822079,9.664506659319159,16.354093229747377,25.385049108837848,36.75915233847627,50.15132726552838,65.01544963962806,80.74181210971437,96.77663048781687,112.67563036928186,128.1097685896093,142.84913996430987,156.74182109734102,169.69483721678262,181.65908002614742,192.61786432523513,202.57826948164438,211.564472321028,219.61248937359778,226.76594561047386,233.07263276742015,238.5817149196664,243.34149489928677,247.3976851342013,250.79214027863054,253.5620133383636,255.73929627340112,257.35070306039415
USA,Male,CKD,combo,127581.44185192957,0.0,6464.1595063207205,0.0,301.76394209396676,679.260003255069,1064.3839394848037,1452.7506303517875,1841.1519263297232,2226.116606464828,2604.0368247167353,2971.4056599421165,3325.0548104106274,3662.31529619325,3981.084741110215,4279.826589593431,4557.532267598639,4813.666888609572,5048.108770028004,5261.087069435351,5453.119319805279,5624.9498900976905,5777.490342527031,5911.762767603141,6028.847239467097,6129.834488057706,6215.784737355047,6287.693438598028,6346.46436521734,6392.890259074615,6427.640945915089,6451.25858627267,6464.1595063207205
USA,Female,CKD,glp1,112667.38637939401,0.0,5782.124239354991,0.0,263.3786395953066,590.331138784095,922.4318621796119,1256.8828397080797,1591.63416231249,1924.2726945882605,2252.1903359565913,2572.7575647251506,2883.4668592465896,3182.041864858169,3466.5136348162923,3735.2676114992646,3987.0656933660794,4221.047662698475,4436.715948491925,4633.907384253835,4812.755339286072,4973.645334547371,5117.166970451784,5244.064676845752,5355.18944441792,5451.453323331109,5533.788095602693,5603.109159256914,5660.285317758011,5706.114856420696,5741.308012848414,5766.47571219207,5782.124239354991
USA,Female,CKD,diet,3897.5217987642827,0.0,236.54542782559292,0.0,1.7110101595171727,4.385186115818215,8.42713267650106,14.240058321505785,22.09695114637725,32.01967150454584,43.75194319833827,56.84505635012465,70.78836667441647,85.10962407301122,99.42128562284051,113.42735237412853,126.91205160028767,139.72407163157186,151.76220761801233,162.96390437213995,173.29645741086279,182.75021198412287,191.3331608497101,199.06651667850383,205.98099409244605,212.1136489056953,217.5051918142999,222.19773230412102,226.23292692894756,229.6505125205731,232.48720475927985,234.77593925099063,236.54542782559292
USA,Female,CKD,combo,116331.40433624119,0.0,6008.300983485198,0.0,264.93132631228946,594.269629511633,929.9957277873182,1269.688322155911,1611.5607186222187,1953.2390087902604,2291.9015287338116,2624.5258144660474,2948.1482059801638,3260.0641898977046,3557.9481132723595,3839.9080881941773,4104.4992708589125,4350.712113753616,4577.944926916927,4785.965831018519,4974.867323759332,5145.016011766638,5296.999818032258,5431.574809082304,5549.613575731986,5652.056828246088,5739.869549779949,5814.002717686715,5875.361273594841,5924.778716134213,5962.998414238769,5990.661498431029,6008.300983485198
JPN,Male,CKD,glp1,10968.885040861507,0.0,511.2510254469162,0.0,34.84076106725479,78.00820980389472,120.58104086553067,161.5367914260969,200.2606501362352,236.3181759348845,269.4316812054676,299.469501196636,326.4336599942908,350.44062821397165,371.69515165190023,390.4601956937113,407.0269271214711,421.6880876049254,434.71691005998946,446.3524637179653,456.7912895768168,466.1845067996037,474.6392165392972,482.22293340736724,488.96985440526987,494.8879567211952,499.9661416997769,504.18087216726417,507.50195888129747,509.897325696631,511.3367170995407,511.79440672630517,511.2510254469162
JPN,Male,CKD,diet,2399.530734405598,0.0,135.29899662678508,0.0,1.4308963972835045,3.669799076302297,7.004368499423435,11.687634239984618,17.82682095851851,25.29861814799733,33.76061890316487,42.75804779061946,51.8513481169357,60.69760467123706,69.0731843688045,76.8591203040778,84.01304931634877,90.54158129893403,96.47836299092887,101.86858619384657,106.75898946934467,111.19202948303428,115.2030119317169,118.81920985528632,122.06023170769913,124.93909909814465,127.46365198184503,129.63802251297966,131.46401366755163,132.9422900788959,134.07334039218404,134.8582063257236,135.29899662678508
JPN,Male,CKD,combo,13356.738171246005,0.0,647.3972545751094,0.0,36.214897933386965,81.52522840781239,127.30747230273482,172.7938862640658,217.48546275413173,260.8401776978244,302.2567106127899,341.1647307735475,377.13634413398904,409.947715190945,439.57719027193525,466.1629125324762,489.9466908439208,511.2210512459751,530.286933786414,547.4238296415133,562.8714271506069,576.8207463156432,589.4124635201406,600.7402391650976,610.8571523536957,619.7837098870623,627.5162698909407,634.0350669633044,639.311325403014,643.3131905109476,646.0103935708321,647.3776975461478,647.3972545751094
JPN,Female,CKD,glp1,8843.630928187893,0.0,414.5860215083849,0.0,29.058346889021777,64.20613422397946,98.14676614513155,130.46447011227065,160.9797240533626,189.5382853315714,216.00352331181784,240.27072222436254,262.2846070044252,282.0510721593091,299.63957908446173,315.1765784398376,328.83245262122364,340.8051498632012,351.30340942340626,360.53174106870574,368.6784706006001,375.9074004480499,382.3530515825805,388.119068281434,393.27915886945993,397.87987501744647,401.9445580991669,405.4778665303638,408.47041329934655,410.9031662812995,412.7513807500691,413.98793496360304,414.5860215083849
JPN,Female,CKD,diet,1928.0059490232597,0.0,109.12606850697557,0.0,1.1934149140470254,3.0235373246468953,5.721753147590789,9.495112821823568,14.436651625357626,20.45556932285035,27.283259886909946,34.55607092320497,41.9165903232788,49.080003886705526,55.85472087697417,62.13352731212581,67.87352180466405,73.07549510779063,77.7668717494962,81.98896362322557,85.78803873687139,89.20942579648909,92.29392484545679,95.07591926051828,97.58270469334457,99.83465050665109,101.84589136212526,103.62531554574161,105.17767541663852,106.50469545409942,107.6060952756925,108.48047897196375,109.12606850697557
JPN,Female,CKD,combo,10777.190135526856,0.0,525.3547044081424,0.0,30.204422477090702,67.10708879426602,103.65320477253772,139.63649212890596,174.97829075502523,209.44655431944193,242.65072218367277,274.13435635040514,303.49122068872384,330.4431606110229,354.86453772420646,376.768631043371,396.27606032302356,413.57886235352635,428.9072784861055,442.5022762203298,454.5947267717347,465.39109341779476,475.0649299446559,483.75321057517795,491.55641031754567,498.54127297213563,504.74530358131597,510.18217016710696,514.8473692658044,518.7236803726992,521.786091518341,524.006012982747,525.3547044081424
GBR,Male,CKD,glp1,8654.772187070248,0.0,457.2863202416738,0.0,19.242479025474495,43.93510961118409,69.59280530334672,95.69396019665874,121.83828448552504,147.66462404874437,172.86573585665337,197.20025853653715,220.4957606636808,242.64341728483942,263.5871679503989,283.31056045707555,301.82385536990296,319.15302573094414,335.3314049412993,350.3940697903445,364.3746243269061,377.30384086913546,389.20956197763644,400.1173161690667,410.05120413941495,419.0347368774719,427.0914292402904,434.24505866529216,440.51958207047574,445.9387628941249,450.5255960305685,454.3016343155823,457.2863202416738
GBR,Male,CKD,diet,195.8786600121275,0.0,12.314563454566269,0.0,0.08124853904973861,0.21183618426039175,0.41110312118235015,0.6980109535907104,1.0848636493465165,1.571660217515273,2.1451566963087316,2.783318872885502,3.4617401367004277,4.158423474172196,4.8558577291769325,5.541151048551001,6.205286363329833,6.842185435295505,7.447882807644419,8.019891805352017,8.556752318958388,9.057722080267013,9.522571232197151,9.95144655167951,10.344779817483868,10.703222220920907,11.0275928018591,11.3188336269086,11.577967944694137,11.806060026406158,12.004177001894277,12.17335389993059,12.314563454566269
GBR,Male,CKD,combo,8836.903213707195,0.0,468.8556012954241,0.0,19.31661837957199,44.12643792777271,69.96361711757618,96.32420442313105,122.81965912778833,149.08950410243142,174.81508925071194,199.73546072051704,223.65618003551754,246.44837122193985,268.03983256623815,288.40207104596357,307.536784361846,325.4640462569005,342.2132253963655,357.81680388277164,372.30675545999657,385.71290753117955,398.06265600424103,409.38145621752847,419.69362411443035,429.0231128716432,437.39405772100145,444.83099201151254,451.35872409417243,457.0019257600725,461.78452024562193,465.72897456332885,468.8556012954241
GBR,Female,CKD,glp1,10059.819154469653,0.0,558.7320320354738,0.0,19.50207608760411,44.54586139703315,70.89864133733681,98.25169835044471,126.33305245923111,154.82377958278357,183.3848789734302,211.68931080903894,239.44710542046596,266.4198191365922,292.4249167841099,317.3326540349344,341.05848289302867,363.55361541443835,384.7956579630427,404.7804740497131,423.51580011435544,441.01667958537837,457.3024944587396,472.3952318287993,486.3185875957315,499.0975442257477,510.7581329075474,521.327179005868,530.8319168275557,539.2994350751778,546.7559726034033,553.226123512648,558.7320320354738
GBR,Female,CKD,diet,224.44779438000933,0.0,14.822625663047802,0.0,0.08234464948418463,0.21440610961690254,0.41631097456229327,0.7084191413678127,1.1052643766624897,1.6098578175497096,2.212274306508334,2.893364304943134,3.6305466462135882,4.402335470932485,5.1905166564683896,5.980578929349576,6.761314357793708,7.524187255832658,8.26273971687624,8.972114256343048,9.64869542366796,10.28984794644748,10.893725978381553,11.459131651576172,11.985406016739944,12.472339993117203,12.92009680846786,13.329140584310153,13.700168258686972,14.03404397608574,14.331736449508753,14.594260659467182,14.822625663047802
GBR,Female,CKD,combo,10271.33773929145,0.0,572.8997985931419,0.0,19.57721564331314,44.73963367097076,71.27461818637676,98.89254567362332,127.33544477513715,156.28807736464478,185.40332057474916,214.3373912007737,242.78013375610135,270.47360597987426,297.2185068059489,322.8715265229557,347.33745354022267,370.55921301689887,392.50799544527763,413.1747096511481,432.56328912384834,450.685898793221,467.5597999690044,483.20549219379427,497.64571965019877,510.90496828467985,523.0091566014289,533.9853143999862,543.8611330776548,552.6643482042582,560.4219745594673,567.1594540327496,572.8997985931419
DEU,Male,CKD,glp1,23555.364875396815,0.0,1163.1690200814446,0.0,62.569386498245876,140.12386248039184,217.56419672257107,293.20472407552006,366.20737423981336,436.18211720168983,503.0270342645599,566.7852933587274,627.5395171913042,685.3473095744957,740.2114995975098,792.0754471823675,840.8340782215564,886.3530381745986,928.4903631700035,967.1168882332349,1002.1330907688061,1033.4811973562719,1061.1522086746445,1085.188076095128,1105.6796439411482,1122.7611949272796,1136.602536902421,1147.3995754229509,1155.364253596541,1160.714629576949,1163.6657216094245,1164.4215962572162,1163.1690200814446
DEU,Male,CKD,diet,1314.6949554949351,0.0,77.58166946965139,0.0,0.652095043209556,1.666756567046832,3.1697386811938486,5.278310140805843,8.061183843961771,11.504767678998178,15.511375488131307,19.93097661331558,24.60235306242248,29.3812566752531,34.15090535178024,38.8212544513226,43.324165027301206,47.60842808696907,51.63597373467201,55.37931369015496,58.819863945798716,61.94677658857108,64.75600825774745,67.24945958172248,69.43410327938909,71.32107504080705,72.92473572417293,74.26173178239333,75.35008814688263,76.2083678061972,76.85492776714091,77.3072939679223,77.58166946965139
DEU,Male,CKD,combo,24788.422312400242,0.0,1236.7688278435235,0.0,63.1674294196273,141.63862306420924,220.4427085455318,298.004775374,373.5538498142596,446.6921333089085,517.2323608193692,585.0829668308943,650.1798691750082,712.4480259977536,771.7817342288654,828.0396731266264,881.051806790194,930.6341723405058,976.6072042550368,1018.8138873456264,1057.1351300237584,1091.5008542873184,1121.8962105088322,1148.3629991702583,1170.9968376143588,1189.940885116579,1205.3770721819528,1217.515803793256,1226.5850505135932,1232.819630743219,1236.4513430803818,1237.7004470867942,1236.7688278435235
DEU,Female,CKD,glp1,30219.130380146853,0.0,1562.4445461786345,0.0,69.20713510648056,156.66083165928285,246.56866992236246,336.99398140044286,426.6268810529182,514.5615227121634,600.2360072047013,683.3246066608772,763.6313200881305,841.0085378221993,915.306168608935,986.3475705852252,1053.9254268722616,1117.810508833274,1177.7673446924382,1233.5722392336538,1285.0304535901814,1331.9905030727168,1374.3544407211193,1412.0836873698936,1445.2004794092318,1473.7853647605043,1497.9714121524303,1517.9359303339224,1533.8905412384993,1546.0704314884533,1554.7235360505256,1560.100301325394,1562.4445461786345
DEU,Female,CKD,diet,1663.3704297792974,0.0,102.91405363706872,0.0,0.7212733300293621,1.8592688187527528,3.564555663149804,5.978807052830234,9.190894179802854,13.199526180120301,17.9102415606867,23.168620046548313,28.803862690790993,34.65877359232036,40.60120701274718,46.52384365774196,52.339810315046634,57.97824939396378,63.38115295933312,68.50144338261816,73.30188644349982,77.75442698344341,81.83965583872123,85.5462372631664,88.87021722715144,91.81419358796484,94.38636587574729,96.59950238404417,98.46987086025547,100.01618020514798,101.2585768549543,102.21773278164983,102.91405363706872
DEU,Female,CKD,combo,31792.412553116385,0.0,1661.1488657869122,0.0,69.86862213034692,158.3511588295769,249.80780227620198,342.4362913832447,435.01416863326085,526.64127537881,616.675409587453,704.6537143349778,790.225698375576,873.0996113284491,953.0025918766296,1029.656911035534,1102.7722278632937,1172.0505694927815,1237.1992950869171,1297.947505109838,1354.0623446806858,1405.3627925324035,1451.729539615666,1493.1103620997274,1529.5209865450452,1561.0418599659788,1587.8115062597135,1610.0173009615137,1627.884552188385,1641.6647575580864,1651.6238332560242,1658.0309989433517,1661.1488657869122
GLB,Male,CKD,glp1,600326.7302122138,0.0,34223.22213030851,0.0,1279.0702882048208,2877.990252200514,4500.383115829434,6128.336582776508,7752.607938535861,9365.447465214645,10959.984336756286,12529.982837350108,14069.781689851312,15574.321603864664,17039.188437810284,18460.630972183426,19835.53907875216,21161.385156729608,22436.139748906367,23658.17392348172,24826.159140276955,25938.972114640754,26995.609043582343,27995.111159199267,28936.50211574207,29818.737089470844,30640.663425367326,31400.99292278802,32098.286170755397,32730.949548294302,33297.24549738481,33795.316425955505,34223.22213030851
GLB,Male,CKD,diet,115334.40884086583,0.0,7665.994440482929,0.0,44.25685673917178,114.14478240103927,220.5093149606837,374.3400091321673,583.3525437307544,848.7133171239402,1164.245338110486,1518.6871638033772,1899.1972826550482,2294.048541840166,2693.835855408339,3091.588280112599,3482.379635064164,3862.8269919744926,4230.646982585546,4584.314359236159,4922.815654908074,5245.476669177762,5551.842972392682,5841.597148904344,6114.501180990948,6370.356117118383,6608.973885052372,6830.157990160165,7033.691094341455,7219.3282729687635,7386.795222826069,7535.790936663747,7665.994440482929
GLB,Male,CKD,combo,710891.6491447812,0.0,41612.227998213726,0.0,1321.1457031606697,2985.8887187737273,4708.658783664927,6482.069132387522,8304.335479887784,10168.99120413023,12063.47994398023,13971.013860177714,15873.817362144822,17755.713874604087,19603.330107873655,21406.237198830582,23156.57312455261,24848.517709891894,26477.793153026723,28041.245869558305,29536.51444076083,30961.77158384421,32315.52514722664,33596.46489072335,34803.34470356349,35934.892780740745,36989.744776996784,37966.39697959903,38863.17803997756,39678.238765044836,40409.559910814394,41054.977900630096,41612.227998213726
GLB,Female,CKD,glp1,583744.1073125043,0.0,34002.73452792154,0.0,1216.3736354389694,2730.5065858147573,4264.075371260173,5802.750971639645,7340.1397890097,8871.052764285123,10390.781333037652,11894.727105839178,13378.282939159777,14836.881243373035,16266.117608244182,17661.881489945925,19020.45556761662,20338.569642892806,21613.410456967074,22842.596463064663,24024.128746014205,25156.328282523784,26237.767412431655,27267.20091960195,28243.50011597376,29165.59199190722,30032.404797760537,30842.821187426685,31595.6400791622,32289.54848513205,32923.104587602196,33494.733211457264,34002.73452792154
GLB,Female,CKD,diet,111985.53752240737,0.0,7596.063400755869,0.0,42.08750232204329,108.24719525652472,208.6405724179931,353.5639916000655,550.3224461303325,800.2345537671354,1097.9031607907964,1433.260846254765,1794.7370452355826,2171.6859610654647,2555.474674242898,2939.5928588900715,3319.32007352286,3691.2967945988057,4053.147260235157,4403.1908721006475,4740.234346355661,5063.4254064609995,5372.149910822511,5665.958613421419,5944.513941856916,6207.550407946459,6454.844553032424,6686.191888994072,6901.389334946638,7100.222322732443,7282.456156159518,7447.831430491293,7596.063400755869
GLB,Female,CKD,combo,691468.4329420002,0.0,41356.002929928014,0.0,1256.3866245017853,2832.855145544978,4461.2344716228545,6137.083315536613,7861.098081475939,9629.534002010012,11432.746339478646,13256.720331320888,15085.93940587528,16905.74214212119,18703.49438061728,20468.84083141084,22193.501912431908,23870.929672774044,25495.965587261366,27064.54515152308,28573.453816094203,30020.12671731494,31402.483198052738,32718.788611449767,33967.537801121245,35147.35634660593,36256.91711064405,37294.8708552795,38259.79069603467,39150.130894192494,39964.200903142686,40700.155666633276,41356.002929928014
