iso3,arm,coverage,flow,yr
AUS,combo,0.20,142.64795796849603,1
AUS,combo,0.50,356.6198949212453,1
AUS,combo,afford,713.2397898424888,1
AUS,diet,0.20,0.0,1
AUS,diet,0.50,0.0,1
AUS,diet,afford,0.0,1
AUS,glp1,0.20,142.64795796849603,1
AUS,glp1,0.50,356.6198949212453,1
AUS,glp1,afford,713.2397898424888,1
BGD,combo,0.20,411.933807014153,1
BGD,combo,0.50,1029.834517535346,1
BGD,combo,afford,1647.73522805663,1
BGD,diet,0.20,0.0,1
BGD,diet,0.50,0.0,1
BGD,diet,afford,0.0,1
BGD,glp1,0.20,411.933807014153,1
BGD,glp1,0.50,1029.834517535346,1
BGD,glp1,afford,1647.73522805663,1
BGR,combo,0.20,180.3520298710337,1
BGR,combo,0.50,450.880074677596,1
BGR,combo,afford,901.7601493551884,1
BGR,diet,0.20,0.0,1
BGR,diet,0.50,0.0,1
BGR,diet,afford,0.0,1
BGR,glp1,0.20,180.3520298710337,1
BGR,glp1,0.50,450.880074677596,1
BGR,glp1,afford,901.7601493551884,1
BRA,combo,0.20,1056.774749113276,1
BRA,combo,0.50,2641.936872783248,1
BRA,combo,afford,5283.87374556646,1
BRA,diet,0.20,0.0,1
BRA,diet,0.50,0.0,1
BRA,diet,afford,0.0,1
BRA,glp1,0.20,1056.774749113276,1
BRA,glp1,0.50,2641.936872783248,1
BRA,glp1,afford,5283.87374556646,1
CAN,combo,0.20,258.23211686837567,1
CAN,combo,0.50,645.5802921709419,1
CAN,combo,afford,1291.1605843418793,1
CAN,diet,0.20,0.0,1
CAN,diet,0.50,0.0,1
CAN,diet,afford,0.0,1
CAN,glp1,0.20,258.23211686837567,1
CAN,glp1,0.50,645.5802921709419,1
CAN,glp1,afford,1291.1605843418793,1
CHN,combo,0.20,6302.246515669336,1
CHN,combo,0.50,15755.616289172149,1
CHN,combo,afford,31511.23257834441,1
CHN,diet,0.20,0.0,1
CHN,diet,0.50,0.0,1
CHN,diet,afford,0.0,1
CHN,glp1,0.20,6302.246515669336,1
CHN,glp1,0.50,15755.616289172149,1
CHN,glp1,afford,31511.23257834441,1
DEU,combo,0.20,998.4560482079688,1
DEU,combo,0.50,2496.140120519911,1
DEU,combo,afford,4992.280241039764,1
DEU,diet,0.20,0.0,1
DEU,diet,0.50,0.0,1
DEU,diet,afford,0.0,1
DEU,glp1,0.20,998.4560482079688,1
DEU,glp1,0.50,2496.140120519911,1
DEU,glp1,afford,4992.280241039764,1
EGY,combo,0.20,1588.0353923225591,1
EGY,combo,0.50,3970.088480806382,1
EGY,combo,afford,7940.176961612844,1
EGY,diet,0.20,0.0,1
EGY,diet,0.50,0.0,1
EGY,diet,afford,0.0,1
EGY,glp1,0.20,1588.0353923225591,1
EGY,glp1,0.50,3970.088480806382,1
EGY,glp1,afford,7940.176961612844,1
GBR,combo,0.20,571.5504563604754,1
GBR,combo,0.50,1428.8761409011786,1
GBR,combo,afford,2857.752281802348,1
GBR,diet,0.20,0.0,1
GBR,diet,0.50,0.0,1
GBR,diet,afford,0.0,1
GBR,glp1,0.20,571.5504563604754,1
GBR,glp1,0.50,1428.8761409011786,1
GBR,glp1,afford,2857.752281802348,1
GLB,combo,0.20,33390.07829626626,1
GLB,combo,0.50,83475.1957406674,1
GLB,combo,afford,166950.39148133365,1
GLB,diet,0.20,0.0,1
GLB,diet,0.50,0.0,1
GLB,diet,afford,0.0,1
GLB,glp1,0.20,33390.07829626626,1
GLB,glp1,0.50,83475.1957406674,1
GLB,glp1,afford,166950.39148133365,1
IND,combo,0.20,2638.812970883737,1
IND,combo,0.50,6597.032427208789,1
IND,combo,afford,13194.064854418337,1
IND,diet,0.20,0.0,1
IND,diet,0.50,0.0,1
IND,diet,afford,0.0,1
IND,glp1,0.20,2638.812970883737,1
IND,glp1,0.50,6597.032427208789,1
IND,glp1,afford,13194.064854418337,1
ISR,combo,0.20,32.56287667584513,1
ISR,combo,0.50,81.40719168961357,1
ISR,combo,afford,162.8143833792277,1
ISR,diet,0.20,0.0,1
ISR,diet,0.50,0.0,1
ISR,diet,afford,0.0,1
ISR,glp1,0.20,32.56287667584513,1
ISR,glp1,0.50,81.40719168961357,1
ISR,glp1,afford,162.8143833792277,1
JPN,combo,0.20,507.2496455408837,1
JPN,combo,0.50,1268.1241138522164,1
JPN,combo,afford,2536.24822770444,1
JPN,diet,0.20,0.0,1
JPN,diet,0.50,0.0,1
JPN,diet,afford,0.0,1
JPN,glp1,0.20,507.2496455408837,1
JPN,glp1,0.50,1268.1241138522164,1
JPN,glp1,afford,2536.24822770444,1
MEX,combo,0.20,806.160508521014,1
MEX,combo,0.50,2015.4012713025656,1
MEX,combo,afford,4030.802542605136,1
MEX,diet,0.20,0.0,1
MEX,diet,0.50,0.0,1
MEX,diet,afford,0.0,1
MEX,glp1,0.20,806.160508521014,1
MEX,glp1,0.50,2015.4012713025656,1
MEX,glp1,afford,4030.802542605136,1
NGA,combo,0.20,392.4595390360992,1
NGA,combo,0.50,981.1488475902916,1
NGA,combo,afford,784.9190780722274,1
NGA,diet,0.20,0.0,1
NGA,diet,0.50,0.0,1
NGA,diet,afford,0.0,1
NGA,glp1,0.20,392.4595390360992,1
NGA,glp1,0.50,981.1488475902916,1
NGA,glp1,afford,784.9190780722274,1
NZL,combo,0.20,40.386267490496834,1
NZL,combo,0.50,100.96566872624136,1
NZL,combo,afford,201.9313374524819,1
NZL,diet,0.20,0.0,1
NZL,diet,0.50,0.0,1
NZL,diet,afford,0.0,1
NZL,glp1,0.20,40.386267490496834,1
NZL,glp1,0.50,100.96566872624136,1
NZL,glp1,afford,201.9313374524819,1
ROU,combo,0.20,378.3505195602829,1
ROU,combo,0.50,945.8762989006956,1
ROU,combo,afford,1891.7525978014053,1
ROU,diet,0.20,0.0,1
ROU,diet,0.50,0.0,1
ROU,diet,afford,0.0,1
ROU,glp1,0.20,378.3505195602829,1
ROU,glp1,0.50,945.8762989006956,1
ROU,glp1,afford,1891.7525978014053,1
TUR,combo,0.20,799.6718862495309,1
TUR,combo,0.50,1999.179715623812,1
TUR,combo,afford,3998.3594312476102,1
TUR,diet,0.20,0.0,1
TUR,diet,0.50,0.0,1
TUR,diet,afford,0.0,1
TUR,glp1,0.20,799.6718862495309,1
TUR,glp1,0.50,1999.179715623812,1
TUR,glp1,afford,3998.3594312476102,1
USA,combo,0.20,3050.05309444476,1
USA,combo,0.50,7625.132736111926,1
USA,combo,afford,15250.265472223648,1
USA,diet,0.20,0.0,1
USA,diet,0.50,0.0,1
USA,diet,afford,0.0,1
USA,glp1,0.20,3050.05309444476,1
USA,glp1,0.50,7625.132736111926,1
USA,glp1,afford,15250.265472223648,1
ZAF,combo,0.20,195.16253132328347,1
ZAF,combo,0.50,487.9063283082087,1
ZAF,combo,afford,780.6501252931257,1
ZAF,diet,0.20,0.0,1
ZAF,diet,0.50,0.0,1
ZAF,diet,afford,0.0,1
ZAF,glp1,0.20,195.16253132328347,1
ZAF,glp1,0.50,487.9063283082087,1
ZAF,glp1,afford,780.6501252931257,1
AUS,combo,0.20,375.16103175439184,2
AUS,combo,0.50,917.9024119716692,2
AUS,combo,afford,1822.0587017980563,2
AUS,diet,0.20,13.23027564226686,2
AUS,diet,0.50,13.23027564226686,2
AUS,diet,afford,13.23027564226686,2
AUS,glp1,0.20,362.1507071235892,2
AUS,glp1,0.50,905.2191978441424,2
AUS,glp1,afford,1809.9131624721767,2
BGD,combo,0.20,1165.3168855672911,2
BGD,combo,0.50,2654.5733635521883,2
BGD,combo,afford,4143.976945628686,2
BGD,diet,0.20,172.56095807268957,2
BGD,diet,0.50,172.56095807268957,2
BGD,diet,afford,172.56095807268957,2
BGD,glp1,0.20,993.8064116188252,2
BGD,glp1,0.50,2484.633713526505,2
BGD,glp1,afford,3975.602236809529,2
BGR,combo,0.20,476.0635233577061,2
BGR,combo,0.50,1144.8217020816528,2
BGR,combo,afford,2259.6806717954987,2
BGR,diet,0.20,30.29023883522541,2
BGR,diet,0.50,30.29023883522541,2
BGR,diet,afford,30.29023883522541,2
BGR,glp1,0.20,446.2278230415309,2
BGR,glp1,0.50,1115.6625761881728,2
BGR,glp1,afford,2231.635214324121,2
BRA,combo,0.20,2847.819687807907,2
BRA,combo,0.50,6972.035276365477,2
BRA,combo,afford,13840.534852159211,2
BRA,diet,0.20,97.04436081899983,2
BRA,diet,0.50,97.04436081899983,2
BRA,diet,afford,97.04436081899983,2
BRA,glp1,0.20,2752.3086027732534,2
BRA,glp1,0.50,6878.805773068132,2
BRA,glp1,afford,13751.059099919648,2
CAN,combo,0.20,650.9378032370741,2
CAN,combo,0.50,1609.4536500174,2
CAN,combo,afford,3206.8710532753785,2
CAN,diet,0.20,11.899986706231177,2
CAN,diet,0.50,11.899986706231177,2
CAN,diet,afford,11.899986706231177,2
CAN,glp1,0.20,639.221852639007,2
CAN,glp1,0.50,1598.0116169805333,2
CAN,glp1,afford,3195.8798519044376,2
CHN,combo,0.20,17612.129439020573,2
CHN,combo,0.50,41826.27826545856,2
CHN,combo,afford,82176.76237179812,2
CHN,diet,0.20,1467.7559036309249,2
CHN,diet,0.50,1467.7559036309249,2
CHN,diet,afford,1467.7559036309249,2
CHN,glp1,0.20,16155.530332314767,2
CHN,glp1,0.50,40386.34951441499,2
CHN,glp1,afford,80764.44464092609,2
DEU,combo,0.20,2637.6259917918323,2
DEU,combo,0.50,6496.61244332296,2
DEU,combo,afford,12925.087220972164,2
DEU,diet,0.20,64.17603037872323,2
DEU,diet,0.50,64.17603037872323,2
DEU,diet,afford,64.17603037872323,2
DEU,glp1,0.20,2574.4639316101384,2
DEU,glp1,0.50,6434.959232436282,2
DEU,glp1,afford,12865.916476242495,2
EGY,combo,0.20,3909.429327926988,2
EGY,combo,0.50,9685.46590400843,2
EGY,combo,afford,19320.265733454868,2
EGY,diet,0.20,60.75632786699498,2
EGY,diet,0.50,60.75632786699498,2
EGY,diet,afford,60.75632786699498,2
EGY,glp1,0.20,3849.9083396601054,2
EGY,glp1,0.50,9627.778737909215,2
EGY,glp1,afford,19265.58377168145,2
GBR,combo,0.20,1469.691761140869,2
GBR,combo,0.50,3621.611539361488,2
GBR,combo,afford,7206.618492648542,2
GBR,diet,0.20,34.697073056964655,2
GBR,diet,0.50,34.697073056964655,2
GBR,diet,afford,34.697073056964655,2
GBR,glp1,0.20,1435.572790078808,2
GBR,glp1,0.50,3588.3523036170163,2
GBR,glp1,afford,7174.772368633965,2
GLB,combo,0.20,90292.1124690734,2
GLB,combo,0.50,217058.8904362901,2
GLB,combo,afford,428289.05324934446,2
GLB,diet,0.20,5768.977041188395,2
GLB,diet,0.50,5768.977041188395,2
GLB,diet,afford,5768.977041188395,2
GLB,glp1,0.20,84577.38992129872,2
GLB,glp1,0.50,211425.16228658427,2
GLB,glp1,afford,422789.2828509545,2
IND,combo,0.20,7646.047159623689,2
IND,combo,0.50,17839.260467678592,2
IND,combo,afford,34825.06584097332,2
IND,diet,0.20,849.8507525539535,2
IND,diet,0.50,849.8507525539535,2
IND,diet,afford,849.8507525539535,2
IND,glp1,0.20,6800.241434972013,2
IND,glp1,0.50,16999.507524686902,2
IND,glp1,afford,33995.36150689763,2
ISR,combo,0.20,86.03460759439088,2
ISR,combo,0.50,211.63963932334357,2
ISR,combo,afford,420.8689964505677,2
ISR,diet,0.20,2.2698291698307003,2
ISR,diet,0.50,2.2698291698307003,2
ISR,diet,afford,2.2698291698307003,2
ISR,glp1,0.20,83.80337335531897,2
ISR,glp1,0.50,209.46580817581253,2
ISR,glp1,afford,418.7895323100144,2
JPN,combo,0.20,1314.1186772689398,2
JPN,combo,0.50,3171.022379049125,2
JPN,combo,afford,6265.239917495706,2
JPN,diet,0.20,76.02738495206722,2
JPN,diet,0.50,76.02738495206722,2
JPN,diet,afford,76.02738495206722,2
JPN,glp1,0.20,1238.6674589112772,2
JPN,glp1,0.50,3096.432170214546,2
JPN,glp1,afford,6192.076083550259,2
MEX,combo,0.20,2022.5532496872163,2
MEX,combo,0.50,5019.839519793473,2
MEX,combo,afford,10015.581434323778,2
MEX,diet,0.20,24.42860237132481,2
MEX,diet,0.50,24.42860237132481,2
MEX,diet,afford,24.42860237132481,2
MEX,glp1,0.20,1998.560804440436,2
MEX,glp1,0.50,4996.4957866220175,2
MEX,glp1,afford,9993.30415831376,2
NGA,combo,0.20,963.6278805261665,2
NGA,combo,0.50,2397.4768394424154,2
NGA,combo,afford,1919.5090096466772,2
NGA,diet,0.20,7.819458700167161,2
NGA,diet,0.50,7.819458700167161,2
NGA,diet,afford,7.819458700167161,2
NGA,glp1,0.20,955.8896992032842,2
NGA,glp1,0.50,2389.8599218827057,2
NGA,glp1,afford,1911.851757806311,2
NZL,combo,0.20,109.42441596564868,2
NZL,combo,0.50,268.00497021652984,2
NZL,combo,afford,532.08631817509,2
NZL,diet,0.20,3.6491525168338512,2
NZL,diet,0.50,3.6491525168338512,2
NZL,diet,afford,3.6491525168338512,2
NZL,glp1,0.20,105.83926850559853,2
NZL,glp1,0.50,264.5149672735322,2
NZL,glp1,afford,528.7525879121893,2
ROU,combo,0.20,1063.9209360715367,2
ROU,combo,0.50,2503.4777415435965,2
ROU,combo,afford,4903.180820307847,2
ROU,diet,0.20,104.3268331678712,2
ROU,diet,0.50,104.3268331678712,2
ROU,diet,afford,104.3268331678712,2
ROU,glp1,0.20,961.1484356316528,2
ROU,glp1,0.50,2403.01890549386,2
ROU,glp1,afford,4806.530532370076,2
TUR,combo,0.20,2132.599719077867,2
TUR,combo,0.50,5251.877398927667,2
TUR,combo,afford,10448.76360210379,2
TUR,diet,0.20,52.6037833679402,2
TUR,diet,0.50,52.6037833679402,2
TUR,diet,afford,52.6037833679402,2
TUR,glp1,0.20,2081.0110733760484,2
TUR,glp1,0.50,5201.796403560897,2
TUR,glp1,afford,10401.155207524322,2
USA,combo,0.20,8117.318514624487,2
USA,combo,0.50,19947.42450339313,2
USA,combo,afford,39655.539117931,2
USA,diet,0.20,228.39901375975023,2
USA,diet,0.50,228.39901375975023,2
USA,diet,afford,228.39901375975023,2
USA,glp1,0.20,7892.9453549824975,2
USA,glp1,0.50,19729.03613871252,2
USA,glp1,afford,39446.98144827881,2
ZAF,combo,0.20,518.1185464780947,2
ZAF,combo,0.50,1292.724671979483,2
ZAF,combo,afford,2066.9264852266333,2
ZAF,diet,0.20,1.4898448914955222,2
ZAF,diet,0.50,1.4898448914955222,2
ZAF,diet,afford,1.4898448914955222,2
ZAF,glp1,0.20,516.6503852528194,2
ZAF,glp1,0.50,1291.2887968850428,2
ZAF,glp1,afford,2065.522609020897,2
AUS,combo,0.20,397.85369869065113,3
AUS,combo,0.50,948.0038706165064,3
AUS,combo,afford,1865.9278278625795,3
AUS,diet,0.20,31.33915433498305,3
AUS,diet,0.50,31.33915433498305,3
AUS,diet,afford,31.33915433498305,3
AUS,glp1,0.20,367.0346755082032,3
AUS,glp1,0.50,917.9589251118988,3
AUS,glp1,afford,1837.156621011196,3
BGD,combo,0.20,1338.165702541486,3
BGD,combo,0.50,2742.1521542715464,3
BGD,combo,afford,4147.7401014984425,3
BGD,diet,0.20,403.06327713944665,3
BGD,diet,0.50,403.06327713944665,3
BGD,diet,afford,403.06327713944665,3
BGD,glp1,0.20,937.47980097806,3
BGD,glp1,0.50,2345.0234854724918,3
BGD,glp1,afford,3754.1580421535614,3
BGR,combo,0.20,488.0354428031601,3
BGR,combo,0.50,1120.8064314515648,3
BGR,combo,afford,2179.7699827352835,3
BGR,diet,0.20,67.27307540670199,3
BGR,diet,0.50,67.27307540670199,3
BGR,diet,afford,67.27307540670199,3
BGR,glp1,0.20,421.70557679559965,3
BGR,glp1,0.50,1055.8845011259789,3
BGR,glp1,afford,2117.1759891494426,3
BRA,combo,0.20,3114.770214594424,3
BRA,combo,0.50,7423.113694627878,3
BRA,combo,afford,14602.605385907278,3
BRA,diet,0.20,242.27633288835204,3
BRA,diet,0.50,242.27633288835204,3
BRA,diet,afford,242.27633288835204,3
BRA,glp1,0.20,2876.398982928149,3
BRA,glp1,0.50,7190.553501092098,3
BRA,glp1,afford,14379.60570387912,3
CAN,combo,0.20,669.7616774661064,3
CAN,combo,0.50,1630.8994620904523,3
CAN,combo,afford,3234.300362211756,3
CAN,diet,0.20,29.379246646612955,3
CAN,diet,0.50,29.379246646612955,3
CAN,diet,afford,29.379246646612955,3
CAN,glp1,0.20,640.8445635846947,3
CAN,glp1,0.50,1602.6702979536367,3
CAN,glp1,afford,3207.203748872117,3
CHN,combo,0.20,19913.683429265977,3
CHN,combo,0.50,44381.88430812338,3
CHN,combo,afford,85184.1229747115,3
CHN,diet,0.20,3607.0321036289824,3
CHN,diet,0.50,3607.0321036289824,3
CHN,diet,afford,3607.0321036289824,3
CHN,glp1,0.20,16334.15609495314,3
CHN,glp1,0.50,40843.46444799643,3
CHN,glp1,afford,81713.81571447394,3
DEU,combo,0.20,2782.4378039776966,3
DEU,combo,0.50,6724.807768414059,3
DEU,combo,afford,13298.88189758792,3
DEU,diet,0.20,155.05966424062353,3
DEU,diet,0.50,155.05966424062353,3
DEU,diet,afford,155.05966424062353,3
DEU,glp1,0.20,2629.8493508999272,3
DEU,glp1,0.50,6575.898151637288,3
DEU,glp1,afford,13156.02881685506,3
EGY,combo,0.20,3713.194779554513,3
EGY,combo,0.50,9110.961995124206,3
EGY,combo,afford,18165.092052708183,3
EGY,diet,0.20,129.0733175604837,3
EGY,diet,0.50,129.0733175604837,3
EGY,diet,afford,129.0733175604837,3
EGY,glp1,0.20,3586.51218225322,3
EGY,glp1,0.50,8987.846517477792,3
EGY,glp1,afford,18047.869584708413,3
GBR,combo,0.20,1522.1638157855225,3
GBR,combo,0.50,3680.425881520797,3
GBR,combo,afford,7279.957225673093,3
GBR,diet,0.20,83.93140653687624,3
GBR,diet,0.50,83.93140653687624,3
GBR,diet,afford,83.93140653687624,3
GBR,glp1,0.20,1439.645812925527,3
GBR,glp1,0.50,3600.0103879046483,3
GBR,glp1,afford,7202.998849736248,3
GLB,combo,0.20,99253.0989715046,3
GLB,combo,0.50,227003.072947209,3
GLB,combo,afford,440031.2027636688,3
GLB,diet,0.20,14114.364500333788,3
GLB,diet,0.50,14114.364500333788,3
GLB,diet,afford,14114.364500333788,3
GLB,glp1,0.20,85272.53682881733,3
GLB,glp1,0.50,213222.305696926,3
GLB,glp1,afford,426580.9993154486,3
IND,combo,0.20,8832.486565247113,3
IND,combo,0.50,19027.493803364865,3
IND,combo,afford,36027.131210058986,3
IND,diet,0.20,2037.806031352717,3
IND,diet,0.50,2037.806031352717,3
IND,diet,afford,2037.806031352717,3
IND,glp1,0.20,6804.243828866536,3
IND,glp1,0.50,17013.565677177554,3
IND,glp1,afford,34036.97974434632,3
ISR,combo,0.20,92.59909335931434,3
ISR,combo,0.50,223.2486933238093,3
ISR,combo,afford,441.0803322746573,3
ISR,diet,0.20,5.520075845741302,3
ISR,diet,0.50,5.520075845741302,3
ISR,diet,afford,5.520075845741302,3
ISR,glp1,0.20,87.1744868858649,3
ISR,glp1,0.50,217.96611390317628,3
ISR,glp1,afford,436.0313174996192,3
JPN,combo,0.20,1414.24896353023,3
JPN,combo,0.50,3258.133288455356,3
JPN,combo,afford,6331.67864018181,3
JPN,diet,0.20,185.0941787352749,3
JPN,diet,0.50,185.0941787352749,3
JPN,diet,afford,185.0941787352749,3
JPN,glp1,0.20,1230.5843557138503,3
JPN,glp1,0.50,3076.6051686598366,3
JPN,glp1,afford,6153.690330762438,3
MEX,combo,0.20,2064.177359348787,3
MEX,combo,0.50,5071.29499083621,3
MEX,combo,afford,10092.405247914816,3
MEX,diet,0.20,61.74172295527024,3
MEX,diet,0.50,61.74172295527024,3
MEX,diet,afford,61.74172295527024,3
MEX,glp1,0.20,2003.5587797238456,3
MEX,glp1,0.50,5012.347608983639,3
MEX,glp1,afford,10036.207039045355,3
NGA,combo,0.20,939.1889692544736,3
NGA,combo,0.50,2321.73992137158,3
NGA,combo,afford,1860.6684564915213,3
NGA,diet,0.20,18.593837077227363,3
NGA,diet,0.50,18.593837077227363,3
NGA,diet,afford,18.593837077227363,3
NGA,glp1,0.20,920.7867456407348,3
NGA,glp1,0.50,2303.6237400207247,3
NGA,glp1,afford,1842.457111681384,3
NZL,combo,0.20,117.7650420691932,3
NZL,combo,0.50,281.52312162570763,3
NZL,combo,afford,554.578595231683,3
NZL,diet,0.20,8.624754095506091,3
NZL,diet,0.50,8.624754095506091,3
NZL,diet,afford,8.624754095506091,3
NZL,glp1,0.20,109.29099123310392,3
NZL,glp1,0.50,273.2732795499991,3
NZL,glp1,afford,546.6974864172214,3
ROU,combo,0.20,1072.984392675442,3
ROU,combo,0.50,2371.0946268449543,3
ROU,combo,afford,4548.77848387918,3
ROU,diet,0.20,211.11481870870853,3
ROU,diet,0.50,211.11481870870853,3
ROU,diet,afford,211.11481870870853,3
ROU,glp1,0.20,864.5781508199518,3
ROU,glp1,0.50,2166.7429208224385,3
ROU,glp1,afford,4351.160704155078,3
TUR,combo,0.20,2173.302470649016,3
TUR,combo,0.50,5268.47321428238,3
TUR,combo,afford,10444.937433097,3
TUR,diet,0.20,114.31853003354264,3
TUR,diet,0.50,114.31853003354264,3
TUR,diet,afford,114.31853003354264,3
TUR,glp1,0.20,2061.024212945644,3
TUR,glp1,0.50,5159.237531441962,3
TUR,glp1,afford,10340.724056375851,3
USA,combo,0.20,8722.606908209265,3
USA,combo,0.50,20985.090029470644,3
USA,combo,afford,41437.08466170609,3
USA,diet,0.20,551.2538553179329,3
USA,diet,0.50,551.2538553179329,3
USA,diet,afford,551.2538553179329,3
USA,glp1,0.20,8181.122347738375,3
USA,glp1,0.50,20458.136280309147,3
USA,glp1,afford,40934.01929163386,3
ZAF,combo,0.20,538.4861451583647,3
ZAF,combo,0.50,1341.2357189700506,3
ZAF,combo,afford,2144.383680954692,3
ZAF,diet,0.20,3.5430083834553443,3
ZAF,diet,0.50,3.5430083834553443,3
ZAF,diet,afford,3.5430083834553443,3
ZAF,glp1,0.20,534.9943590893345,3
ZAF,glp1,0.50,1337.8202653458677,3
ZAF,glp1,afford,2141.0439563879336,3
AUS,combo,0.20,433.8971116028838,4
AUS,combo,0.50,999.39472618428,4
AUS,combo,afford,1943.51126390348,4
AUS,diet,0.20,57.30093068369479,4
AUS,diet,0.50,57.30093068369479,4
AUS,diet,afford,57.30093068369479,4
AUS,glp1,0.20,377.5296637767001,4
AUS,glp1,0.50,944.4176127110836,4
AUS,glp1,afford,1890.8248015292784,4
BGD,combo,0.20,1639.597136666942,4
BGD,combo,0.50,3007.0769708584203,4
BGD,combo,afford,4376.6996976257005,4
BGD,diet,0.20,729.1295477159301,4
BGD,diet,0.50,729.1295477159301,4
BGD,diet,afford,729.1295477159301,4
BGD,glp1,0.20,914.6282760410204,4
BGD,glp1,0.50,2288.336086098615,4
BGD,glp1,afford,3664.1710722401913,4
BGR,combo,0.20,525.5294817395861,4
BGR,combo,0.50,1139.4744517374224,4
BGR,combo,afford,2168.420717967679,4
BGR,diet,0.20,117.63988175539396,4
BGR,diet,0.50,117.63988175539396,4
BGR,diet,afford,117.63988175539396,4
BGR,glp1,0.20,409.4551221637814,4
BGR,glp1,0.50,1025.7401803148268,4
BGR,glp1,afford,2058.564315536092,4
BRA,combo,0.20,3448.706329117668,4
BRA,combo,0.50,7937.544245491882,4
BRA,combo,afford,15421.132449858247,4
BRA,diet,0.20,456.69904448907255,4
BRA,diet,0.50,456.69904448907255,4
BRA,diet,afford,456.69904448907255,4
BRA,glp1,0.20,2999.319601562001,4
BRA,glp1,0.50,7499.043325999391,4
BRA,glp1,afford,15000.553257518528,4
CAN,combo,0.20,701.3991322986049,4
CAN,combo,0.50,1671.6697200056706,4
CAN,combo,afford,3291.245398709734,4
CAN,diet,0.20,55.1642006833481,4
CAN,diet,0.50,55.1642006833481,4
CAN,diet,afford,55.1642006833481,4
CAN,glp1,0.20,647.0957014273699,4
CAN,glp1,0.50,1618.6482773537673,4
CAN,glp1,afford,3240.3360544692823,4
CHN,combo,0.20,23139.023327731014,4
CHN,combo,0.50,47763.64316823729,4
CHN,combo,afford,88848.16900529283,4
CHN,diet,0.20,6733.470985227788,4
CHN,diet,0.50,6733.470985227788,4
CHN,diet,afford,6733.470985227788,4
CHN,glp1,0.20,16455.909860782078,4
CHN,glp1,0.50,41155.82066889561,4
CHN,glp1,afford,82365.17511795783,4
DEU,combo,0.20,2943.5248439620336,4
DEU,combo,0.50,6937.208100814511,4
DEU,combo,afford,13601.845948425524,4
DEU,diet,0.20,283.1907790069563,4
DEU,diet,0.50,283.1907790069563,4
DEU,diet,afford,283.1907790069563,4
DEU,glp1,0.20,2664.770982751059,4
DEU,glp1,0.50,6665.06452700587,4
DEU,glp1,afford,13340.59851878045,4
EGY,combo,0.20,3744.125501932198,4
EGY,combo,0.50,9042.121600716786,4
EGY,combo,afford,17933.91494879314,4
EGY,diet,0.20,227.09424802296417,4
EGY,diet,0.50,227.09424802296417,4
EGY,diet,afford,227.09424802296417,4
EGY,glp1,0.20,3521.139442689924,4
EGY,glp1,0.50,8825.264170955976,4
EGY,glp1,afford,17727.181497222988,4
GBR,combo,0.20,1597.340353229365,4
GBR,combo,0.50,3764.552243996416,4
GBR,combo,afford,7381.4603057817085,4
GBR,diet,0.20,153.75109624658853,4
GBR,diet,0.50,153.75109624658853,4
GBR,diet,afford,153.75109624658853,4
GBR,glp1,0.20,1446.1452589015198,4
GBR,glp1,0.50,3617.16167896122,4
GBR,glp1,afford,7240.331591063802,4
GLB,combo,0.20,112028.80970217008,4
GLB,combo,0.50,240838.18564590148,4
GLB,combo,afford,455743.2923622043,4
GLB,diet,0.20,26211.48952583794,4
GLB,diet,0.50,26211.48952583794,4
GLB,diet,afford,26211.48952583794,4
GLB,glp1,0.20,86062.07219738618,4
GLB,glp1,0.50,215237.0606643177,4
GLB,glp1,afford,430747.4661664342,4
IND,combo,0.20,10571.209228898158,4
IND,combo,0.50,20816.389714954945,4
IND,combo,afford,37905.57799830283,4
IND,diet,0.20,3744.552124762529,4
IND,diet,0.50,3744.552124762529,4
IND,diet,afford,3744.552124762529,4
IND,glp1,0.20,6843.819926773242,4
IND,glp1,0.50,17114.696098984765,4
IND,glp1,afford,34246.58077566882,4
ISR,combo,0.20,101.21784222729866,4
ISR,combo,0.50,237.7536987950631,4
ISR,combo,afford,465.5267809505788,4
ISR,diet,0.20,10.24718418717532,4
ISR,diet,0.50,10.24718418717532,4
ISR,diet,afford,10.24718418717532,4
ISR,glp1,0.20,91.14637462906067,4
ISR,glp1,0.50,227.9437930088833,4
ISR,glp1,afford,456.1474170130016,4
JPN,combo,0.20,1568.8354437766247,4
JPN,combo,0.50,3412.974456148637,4
JPN,combo,afford,6487.524123395189,4
JPN,diet,0.20,339.65522623543075,4
JPN,diet,0.50,339.65522623543075,4
JPN,diet,afford,339.65522623543075,4
JPN,glp1,0.20,1231.7799520283952,4
JPN,glp1,0.50,3079.805295850106,4
JPN,glp1,afford,6160.796733132628,4
MEX,combo,0.20,2151.1610083188352,4
MEX,combo,0.50,5206.944536860827,4
MEX,combo,afford,10315.008107085932,4
MEX,diet,0.20,117.7232054287706,4
MEX,diet,0.50,117.7232054287706,4
MEX,diet,afford,117.7232054287706,4
MEX,glp1,0.20,2035.554095404785,4
MEX,glp1,0.50,5094.489161474943,4
MEX,glp1,afford,10207.74386442459,4
NGA,combo,0.20,934.599635630282,4
NGA,combo,0.50,2287.908458096172,4
NGA,combo,afford,1836.4564618864952,4
NGA,diet,0.20,34.135992162224284,4
NGA,diet,0.50,34.135992162224284,4
NGA,diet,afford,34.135992162224284,4
NGA,glp1,0.20,900.8074750345768,4
NGA,glp1,0.50,2254.6298543235825,4
NGA,glp1,afford,1803.0069651935864,4
NZL,combo,0.20,128.3310487364855,4
NZL,combo,0.50,297.5013834686997,4
NZL,combo,afford,579.7789157485996,4
NZL,diet,0.20,15.632476850176316,4
NZL,diet,0.50,15.632476850176316,4
NZL,diet,afford,15.632476850176316,4
NZL,glp1,0.20,112.9654535912307,4
NZL,glp1,0.50,282.5332461438928,4
NZL,glp1,afford,565.4654979749516,4
ROU,combo,0.20,1183.161116882228,4
ROU,combo,0.50,2430.009534013389,4
ROU,combo,afford,4521.299372907062,4
ROU,diet,0.20,355.12519913266874,4
ROU,diet,0.50,355.12519913266874,4
ROU,diet,afford,355.12519913266874,4
ROU,glp1,0.20,832.3716969548127,4
ROU,glp1,0.50,2085.7103165858016,4
ROU,glp1,afford,4187.781032660788,4
TUR,combo,0.20,2299.861268197865,4
TUR,combo,0.50,5453.7008877073295,4
TUR,combo,afford,10729.575619239986,4
TUR,diet,0.20,202.01498028271453,4
TUR,diet,0.50,202.01498028271453,4
TUR,diet,afford,202.01498028271453,4
TUR,glp1,0.20,2101.375012539622,4
TUR,glp1,0.50,5260.476317335115,4
TUR,glp1,afford,10545.036275758144,4
USA,combo,0.20,9494.054915972658,4
USA,combo,0.50,22220.63447576292,4
USA,combo,afford,43460.06939263544,4
USA,diet,0.20,1016.731944465937,4
USA,diet,0.50,1016.731944465937,4
USA,diet,afford,1016.731944465937,4
USA,glp1,0.20,8495.067558136921,4
USA,glp1,0.50,21248.06031774378,4
USA,glp1,afford,42530.97040708992,4
ZAF,combo,0.20,557.4567852739347,4
ZAF,combo,0.50,1384.7185296145772,4
ZAF,combo,afford,2212.989428926797,4
ZAF,diet,0.20,6.5076810598802695,4
ZAF,diet,0.50,6.5076810598802695,4
ZAF,diet,afford,6.5076810598802695,4
ZAF,glp1,0.20,551.0413540320733,4
ZAF,glp1,0.50,1378.4406642852357,4
ZAF,glp1,afford,2206.8481542775708,4
AUS,combo,0.20,484.2410502138096,5
AUS,combo,0.50,1070.8179633249256,5
AUS,combo,afford,2050.3753317699025,5
AUS,diet,0.20,93.66618025436355,5
AUS,diet,0.50,93.66618025436355,5
AUS,diet,afford,93.66618025436355,5
AUS,glp1,0.20,392.0737842663093,5
AUS,glp1,0.50,980.8845998302336,5
AUS,glp1,afford,1964.126177681273,5
BGD,combo,0.20,2082.9034411649736,5
BGD,combo,0.50,3440.6015806715195,5
BGD,combo,afford,4800.733150646931,5
BGD,diet,0.20,1179.1158926841565,5
BGD,diet,0.50,1179.1158926841565,5
BGD,diet,afford,1179.1158926841565,5
BGD,glp1,0.20,910.3186763936336,5
BGD,glp1,0.50,2277.7962603098413,5
BGD,glp1,afford,3647.6864871652224,5
BGR,combo,0.20,585.313844807867,5
BGR,combo,0.50,1188.0546057226074,5
BGR,combo,afford,2199.109955825249,5
BGR,diet,0.20,185.0801718099375,5
BGR,diet,0.50,185.0801718099375,5
BGR,diet,afford,185.0801718099375,5
BGR,glp1,0.20,402.596176550165,5
BGR,glp1,0.50,1008.8719493301516,5
BGR,glp1,afford,2025.7950513993887,5
BRA,combo,0.20,3876.3343878030937,5
BRA,combo,0.50,8551.911814439522,5
BRA,combo,afford,16349.506909526825,5
BRA,diet,0.20,760.5221968324986,5
BRA,diet,0.50,760.5221968324986,5
BRA,diet,afford,760.5221968324986,5
BRA,glp1,0.20,3127.855322540036,5
BRA,glp1,0.50,7821.369369676562,5
BRA,glp1,afford,15648.515459442517,5
CAN,combo,0.20,748.5238585883853,5
CAN,combo,0.50,1734.6774715107397,5
CAN,combo,afford,3381.350505544357,5
CAN,diet,0.20,91.85423255571824,5
CAN,diet,0.50,91.85423255571824,5
CAN,diet,afford,91.85423255571824,5
CAN,glp1,0.20,658.0867061004719,5
CAN,glp1,0.50,1646.3518130295315,5
CAN,glp1,afford,3296.5061168103275,5
CHN,combo,0.20,27679.13325223107,5
CHN,combo,0.50,52494.505453618505,5
CHN,combo,afford,93912.91939565093,5
CHN,diet,0.20,11150.37488327238,5
CHN,diet,0.50,11150.37488327238,5
CHN,diet,afford,11150.37488327238,5
CHN,glp1,0.20,16610.454531908807,5
CHN,glp1,0.50,41548.01414180259,5
CHN,glp1,afford,83169.11783638071,5
DEU,combo,0.20,3140.4771199571187,5
DEU,combo,0.50,7171.73298348879,5
DEU,combo,afford,13902.86294830202,5
DEU,diet,0.20,456.051499780795,5
DEU,diet,0.50,456.051499780795,5
DEU,diet,afford,456.051499780795,5
DEU,glp1,0.20,2691.4262795253744,5
DEU,glp1,0.50,6733.119904580391,5
DEU,glp1,afford,13481.475978103168,5
EGY,combo,0.20,3849.6799608226574,5
EGY,combo,0.50,9107.907129497637,5
EGY,combo,afford,17944.35046374775,5
EGY,diet,0.20,361.96050534885217,5
EGY,diet,0.50,361.96050534885217,5
EGY,diet,afford,361.96050534885217,5
EGY,glp1,0.20,3494.0650759126,5
EGY,glp1,0.50,8761.771601110755,5
EGY,glp1,afford,17613.907027774352,5
GBR,combo,0.20,1703.2782468160194,5
GBR,combo,0.50,3886.593746615636,5
GBR,combo,afford,7531.998757598908,5
GBR,diet,0.20,249.3612956163788,5
GBR,diet,0.50,249.3612956163788,5
GBR,diet,afford,249.3612956163788,5
GBR,glp1,0.20,1457.9998261379724,5
GBR,glp1,0.50,3647.396083202261,5
GBR,glp1,afford,7302.818656496807,5
GLB,combo,0.20,129913.4312428306,5
GLB,combo,0.50,260189.3930547285,5
GLB,combo,afford,477619.98146369087,5
GLB,diet,0.20,43138.4819395541,5
GLB,diet,0.50,43138.4819395541,5
GLB,diet,afford,43138.4819395541,5
GLB,glp1,0.20,87170.9022387159,5
GLB,glp1,0.50,218038.55743695225,5
GLB,glp1,afford,436449.310498676,5
IND,combo,0.20,12999.4529022266,5
IND,combo,0.50,23336.69998253959,5
IND,combo,afford,40583.71965932254,5
IND,diet,0.20,6112.508200687284,5
IND,diet,0.50,6112.508200687284,5
IND,diet,afford,6112.508200687284,5
IND,glp1,0.20,6914.315255087488,5
IND,glp1,0.50,17292.549449460137,5
IND,glp1,afford,34607.697188367136,5
ISR,combo,0.20,112.43490063160608,5
ISR,combo,0.50,255.8227672719016,5
ISR,combo,afford,495.1171821603437,5
ISR,diet,0.20,16.921242851750435,5
ISR,diet,0.50,16.921242851750435,5
ISR,diet,afford,16.921242851750435,5
ISR,glp1,0.20,95.8003568430779,5
ISR,glp1,0.50,239.6152271583184,5
ISR,glp1,afford,479.6131407924746,5
JPN,combo,0.20,1785.9341375530312,5
JPN,combo,0.50,3640.720571263875,5
JPN,combo,afford,6733.437422689764,5
JPN,diet,0.20,549.7601647963384,5
JPN,diet,0.50,549.7601647963384,5
JPN,diet,afford,549.7601647963384,5
JPN,glp1,0.20,1240.325408077766,5
JPN,glp1,0.50,3101.319454082095,5
JPN,glp1,afford,6204.3301017898775,5
MEX,combo,0.20,2286.4170479833647,5
MEX,combo,0.50,5426.0747093964,5
MEX,combo,afford,10678.067723313814,5
MEX,diet,0.20,198.07429050143764,5
MEX,diet,0.50,198.07429050143764,5
MEX,diet,afford,198.07429050143764,5
MEX,glp1,0.20,2091.844350195086,5
MEX,glp1,0.50,5236.720641548147,5
MEX,glp1,afford,10497.320600607853,5
NGA,combo,0.20,950.2981343096872,5
NGA,combo,0.50,2294.915333713663,5
NGA,combo,afford,1846.274520182289,5
NGA,diet,0.20,56.05550052161925,5
NGA,diet,0.50,56.05550052161925,5
NGA,diet,afford,56.05550052161925,5
NGA,glp1,0.20,894.7954259568323,5
NGA,glp1,0.50,2240.2386496179133,5
NGA,glp1,afford,1791.3229176687328,5
NZL,combo,0.20,141.94673795544543,5
NZL,combo,0.50,317.1066042429119,5
NZL,combo,afford,609.5008695616008,5
NZL,diet,0.20,25.28810652767129,5
NZL,diet,0.50,25.28810652767129,5
NZL,diet,afford,25.28810652767129,5
NZL,glp1,0.20,117.08066521419596,5
NZL,glp1,0.50,292.8695886299304,5
NZL,glp1,afford,586.301497750869,5
ROU,combo,0.20,1352.645409136448,5
ROU,combo,0.50,2570.7581665200405,5
ROU,combo,afford,4614.724079848905,5
ROU,diet,0.20,543.925639666586,5
ROU,diet,0.50,543.925639666586,5
ROU,diet,afford,543.925639666586,5
ROU,glp1,0.20,815.0843306668548,5
ROU,glp1,0.50,2042.7325841289544,5
ROU,glp1,afford,4102.559861817967,5
TUR,combo,0.20,2471.7996853699788,5
TUR,combo,0.50,5704.847017432474,5
TUR,combo,afford,11116.816906620435,5
TUR,diet,0.20,322.202949235867,5
TUR,diet,0.50,322.202949235867,5
TUR,diet,afford,322.202949235867,5
TUR,glp1,0.20,2155.0845629324995,5
TUR,glp1,0.50,5396.32279357103,5
TUR,glp1,afford,10821.833476293514,5
USA,combo,0.20,10473.204826534922,5
USA,combo,0.50,23695.96690576617,5
USA,combo,afford,45773.20121632398,5
USA,diet,0.20,1667.7424430840983,5
USA,diet,0.50,1667.7424430840983,5
USA,diet,afford,1667.7424430840983,5
USA,glp1,0.20,8834.076135387812,5
USA,glp1,0.50,22099.45943754552,5
USA,glp1,afford,44246.92346884457,5
ZAF,combo,0.20,577.9798685634796,5
ZAF,combo,0.50,1430.1858462873051,5
ZAF,combo,afford,2283.912883939528,5
ZAF,diet,0.20,10.680215408249753,5
ZAF,diet,0.50,10.680215408249753,5
ZAF,diet,afford,10.680215408249753,5
ZAF,glp1,0.20,567.4482438901005,5
ZAF,glp1,0.50,1419.875920456806,5
ZAF,glp1,afford,2273.8232246716707,5
AUS,combo,0.20,548.5347609160026,6
AUS,combo,0.50,1159.486138858946,6
AUS,combo,afford,2179.8785324808136,6
AUS,diet,0.20,141.7609279653143,6
AUS,diet,0.50,141.7609279653143,6
AUS,diet,afford,141.7609279653143,6
AUS,glp1,0.20,409.0044142843449,6
AUS,glp1,0.50,1023.2819803708549,6
AUS,glp1,afford,2049.1649136139245,6
BGD,combo,0.20,2671.7743789763044,6
BGD,combo,0.50,4033.299993942129,6
BGD,combo,afford,5397.458013221886,6
BGD,diet,0.20,1765.5437249933657,6
BGD,diet,0.50,1765.5437249933657,6
BGD,diet,afford,1765.5437249933657,6
BGD,glp1,0.20,915.7435363755058,6
BGD,glp1,0.50,2291.5173853612787,6
BGD,glp1,afford,3669.8981985575942,6
BGR,combo,0.20,664.7668353743416,6
BGR,combo,0.50,1259.594279549296,6
BGR,combo,afford,2257.9709910606693,6
BGR,diet,0.20,269.9288634405639,6
BGR,diet,0.50,269.9288634405639,6
BGR,diet,afford,269.9288634405639,6
BGR,glp1,0.20,398.1573963611553,6
BGR,glp1,0.50,997.9560292850986,6
BGR,glp1,afford,2004.5960703510568,6
BRA,combo,0.20,4407.688207270883,6
BRA,combo,0.50,9272.83868530668,6
BRA,combo,afford,17388.89764814963,6
BRA,diet,0.20,1166.1140474241363,6
BRA,diet,0.50,1166.1140474241363,6
BRA,diet,afford,1166.1140474241363,6
BRA,glp1,0.20,3259.8144224856624,6
BRA,glp1,0.50,8152.143319180119,6
BRA,glp1,afford,16313.011067907351,6
CAN,combo,0.20,811.2357274317073,6
CAN,combo,0.50,1817.8187723103283,6
CAN,combo,afford,3499.002037706224,6
CAN,diet,0.20,141.05971447598222,6
CAN,diet,0.50,141.05971447598222,6
CAN,diet,afford,141.05971447598222,6
CAN,glp1,0.20,672.326163523895,6
CAN,glp1,0.50,1682.1143765572206,6
CAN,glp1,afford,3368.5857215745154,6
CHN,combo,0.20,33731.56607271476,6
CHN,combo,0.50,58791.861362881216,6
CHN,combo,afford,100630.16462580951,6
CHN,diet,0.20,17042.41509295364,6
CHN,diet,0.50,17042.41509295364,6
CHN,diet,afford,17042.41509295364,6
CHN,glp1,0.20,16811.57626310413,6
CHN,glp1,0.50,42055.0294106753,6
CHN,glp1,afford,84197.30824654446,6
DEU,combo,0.20,3378.097292799179,6
DEU,combo,0.50,7438.844054329969,6
DEU,combo,afford,14222.107568096562,6
DEU,diet,0.20,674.7457061132627,6
DEU,diet,0.50,674.7457061132627,6
DEU,diet,afford,674.7457061132627,6
DEU,glp1,0.20,2713.4974810023195,6
DEU,glp1,0.50,6789.382167321049,6
DEU,glp1,afford,13597.65718164993,6
EGY,combo,0.20,4030.109079901624,6
EGY,combo,0.50,9297.929330320829,6
EGY,combo,afford,18156.27880829377,6
EGY,diet,0.20,537.3172859439037,6
EGY,diet,0.50,537.3172859439037,6
EGY,diet,afford,537.3172859439037,6
EGY,glp1,0.20,3501.948139486685,6
EGY,glp1,0.50,8783.45847656169,6
EGY,glp1,afford,17664.5033314275,6
GBR,combo,0.20,1840.1801189329965,6
GBR,combo,0.50,4044.087768387465,6
GBR,combo,afford,7725.043840686404,6
GBR,diet,0.20,372.8372015003233,6
GBR,diet,0.50,372.8372015003233,6
GBR,diet,afford,372.8372015003233,6
GBR,glp1,0.20,1473.3550674279077,6
GBR,glp1,0.50,3686.22159407196,6
GBR,glp1,afford,7381.949359160847,6
GLB,combo,0.20,153429.9602588839,6
GLB,combo,0.50,285487.78074430954,6
GLB,combo,afford,505950.2005241115,6
GLB,diet,0.20,65482.422231580014,6
GLB,diet,0.50,65482.422231580014,6
GLB,diet,afford,65482.422231580014,6
GLB,glp1,0.20,88538.36223733064,6
GLB,glp1,0.50,221479.3767476529,6
GLB,glp1,afford,443405.6260286049,6
IND,combo,0.20,16169.864169914616,6
IND,combo,0.50,26626.81215641933,6
IND,combo,afford,44076.64507062789,6
IND,diet,0.20,9203.939640875557,6
IND,diet,0.50,9203.939640875557,6
IND,diet,afford,9203.939640875557,6
IND,glp1,0.20,7006.216164060767,6
IND,glp1,0.50,17523.512132636235,6
IND,glp1,afford,35073.68554676934,6
ISR,combo,0.20,126.36358058525832,6
ISR,combo,0.50,277.3096489287798,6
ISR,combo,afford,529.2935148522706,6
ISR,diet,0.20,25.833901583533248,6
ISR,diet,0.50,25.833901583533248,6
ISR,diet,afford,25.833901583533248,6
ISR,glp1,0.20,100.96184739133092,6
ISR,glp1,0.50,252.55191678928892,6
ISR,glp1,afford,505.5976867891442,6
JPN,combo,0.20,2064.361987781638,6
JPN,combo,0.50,3934.325476292168,6
JPN,combo,afford,7052.733869865453,6
JPN,diet,0.20,818.1680861436072,6
JPN,diet,0.50,818.1680861436072,6
JPN,diet,afford,818.1680861436072,6
JPN,glp1,0.20,1252.2825975805026,6
JPN,glp1,0.50,3131.352739999802,6
JPN,glp1,afford,6264.868341597838,6
MEX,combo,0.20,2466.5230823626757,6
MEX,combo,0.50,5715.03067012166,6
MEX,combo,afford,11151.772643361966,6
MEX,diet,0.20,306.4235013382713,6
MEX,diet,0.50,306.4235013382713,6
MEX,diet,afford,306.4235013382713,6
MEX,glp1,0.20,2165.42008648714,6
MEX,glp1,0.50,5421.863084074792,6
MEX,glp1,afford,10871.70854264117,6
NGA,combo,0.20,984.3578902419322,6
NGA,combo,0.50,2336.62212893942,6
NGA,combo,afford,1885.3711246941093,6
NGA,diet,0.20,85.31940468091125,6
NGA,diet,0.50,85.31940468091125,6
NGA,diet,afford,85.31940468091125,6
NGA,glp1,0.20,899.8634340252429,6
NGA,glp1,0.50,2253.360835157797,6
NGA,glp1,afford,1801.6993466160857,6
NZL,combo,0.20,158.7299929837733,6
NZL,combo,0.50,340.21436709333,6
NZL,combo,afford,643.2551365450114,6
NZL,diet,0.20,37.880993728368594,6
NZL,diet,0.50,37.880993728368594,6
NZL,diet,afford,37.880993728368594,6
NZL,glp1,0.20,121.46784317961874,6
NZL,glp1,0.50,303.8753178469734,6
NZL,glp1,afford,608.4405942160367,6
ROU,combo,0.20,1573.752897556793,6
ROU,combo,0.50,2775.3596229068235,6
ROU,combo,afford,4792.0270163791965,6
ROU,diet,0.20,776.0796778179772,6
ROU,diet,0.50,776.0796778179772,6
ROU,diet,afford,776.0796778179772,6
ROU,glp1,0.20,806.4154918794688,6
ROU,glp1,0.50,2021.129085419856,6
ROU,glp1,afford,4059.623089866376,6
TUR,combo,0.20,2689.4181882362973,6
TUR,combo,0.50,6016.521263943359,6
TUR,combo,afford,11588.03988506591,6
TUR,diet,0.20,477.77315361287583,6
TUR,diet,0.50,477.77315361287583,6
TUR,diet,afford,477.77315361287583,6
TUR,glp1,0.20,2219.596703223833,6
TUR,glp1,0.50,5558.576521829695,6
TUR,glp1,afford,11149.75197259276,6
USA,combo,0.20,11667.315730531443,6
USA,combo,0.50,25394.68527814147,6
USA,combo,afford,48323.07953711253,6
USA,diet,0.20,2527.9361533862398,6
USA,diet,0.50,2527.9361533862398,6
USA,diet,afford,2527.9361533862398,6
USA,glp1,0.20,9182.008594302271,6
USA,glp1,0.50,22972.91600628641,6
USA,glp1,afford,46006.112781671385,6
ZAF,combo,0.20,600.3895210692144,6
ZAF,combo,0.50,1478.266185779422,6
ZAF,combo,afford,2358.122498292906,6
ZAF,diet,0.20,16.22472673828088,6
ZAF,diet,0.50,16.22472673828088,6
ZAF,diet,afford,16.22472673828088,6
ZAF,glp1,0.20,584.3865005603238,6
ZAF,glp1,0.50,1462.594103587874,6
ZAF,glp1,afford,2342.779398087843,6
AUS,combo,0.20,625.0788232335631,7
AUS,combo,0.50,1262.149251972743,7
AUS,combo,afford,2326.273240193324,7
AUS,diet,0.20,200.94091968919972,7
AUS,diet,0.50,200.94091968919972,7
AUS,diet,afford,200.94091968919972,7
AUS,glp1,0.20,427.24672832367565,7
AUS,glp1,0.50,1068.9554476683247,7
AUS,glp1,afford,2140.742475747964,7
BGD,combo,0.20,3390.5454743388027,7
BGD,combo,0.50,4764.620464649265,7
BGD,combo,afford,6141.465490403001,7
BGD,diet,0.20,2476.0232973562224,7
BGD,diet,0.50,2476.0232973562224,7
BGD,diet,afford,2476.0232973562224,7
BGD,glp1,0.20,927.4945541889756,7
BGD,glp1,0.50,2321.004816222131,7
BGD,glp1,afford,3717.256979230351,7
BGR,combo,0.20,758.1892037930661,7
BGR,combo,0.50,1346.156700943306,7
BGR,combo,afford,2333.4993298878817,7
BGR,diet,0.20,368.0193175112206,7
BGR,diet,0.50,368.0193175112206,7
BGR,diet,afford,368.0193175112206,7
BGR,glp1,0.20,394.528880121552,7
BGR,glp1,0.50,989.0301282545114,7
BGR,glp1,afford,1987.2487753273083,7
BRA,combo,0.20,5039.453636103259,7
BRA,combo,0.50,10094.752912556149,7
BRA,combo,afford,18530.10526601884,7
BRA,diet,0.20,1671.7005496004967,7
BRA,diet,0.50,1671.7005496004967,7
BRA,diet,afford,1671.7005496004967,7
BRA,glp1,0.20,3393.560241621228,7
BRA,glp1,0.50,8487.329898923286,7
BRA,glp1,afford,16986.153293260686,7
CAN,combo,0.20,888.2528214522645,7
CAN,combo,0.50,1918.2000913449565,7
CAN,combo,afford,3638.7044087178665,7
CAN,diet,0.20,202.5941531657745,7
CAN,diet,0.50,202.5941531657745,7
CAN,diet,afford,202.5941531657745,7
CAN,glp1,0.20,688.7084866520672,7
CAN,glp1,0.50,1723.2039435205515,7
CAN,glp1,afford,3451.2172006517776,7
CHN,combo,0.20,41267.590541256985,7
CHN,combo,0.50,66632.80177760201,7
CHN,combo,afford,108987.8724066426,7
CHN,diet,0.20,24377.276822625223,7
CHN,diet,0.50,24377.276822625223,7
CHN,diet,afford,24377.276822625223,7
CHN,glp1,0.20,17062.04839581826,7
CHN,glp1,0.50,42684.26069102007,7
CHN,glp1,afford,85466.0527676409,7
DEU,combo,0.20,3652.826531004743,7
DEU,combo,0.50,7740.494408975938,7
DEU,combo,afford,14570.92426817338,7
DEU,diet,0.20,932.0925888896307,7
DEU,diet,0.50,932.0925888896307,7
DEU,diet,afford,932.0925888896307,7
DEU,glp1,0.20,2734.466668209436,7
DEU,glp1,0.50,6842.637810186046,7
DEU,glp1,afford,13706.980416350108,7
EGY,combo,0.20,4263.829120204871,7
EGY,combo,0.50,9567.023035686114,7
EGY,combo,afford,18490.39533474518,7
EGY,diet,0.20,748.9329055911949,7
EGY,diet,0.50,748.9329055911949,7
EGY,diet,afford,748.9329055911949,7
EGY,glp1,0.20,3527.287325706424,7
EGY,glp1,0.50,8849.025804117857,7
EGY,glp1,afford,17803.18942308832,7
GBR,combo,0.20,2003.815116687514,7
GBR,combo,0.50,4230.684078563099,7
GBR,combo,afford,7950.915045655166,7
GBR,diet,0.20,521.4116614461609,7
GBR,diet,0.50,521.4116614461609,7
GBR,diet,afford,521.4116614461609,7
GBR,glp1,0.20,1490.6830396916148,7
GBR,glp1,0.50,3729.8960188602296,7
GBR,glp1,afford,7470.49708764065,7
GLB,combo,0.20,182292.33933951508,7
GLB,combo,0.50,316380.7095356296,7
GLB,combo,afford,540277.1113754874,7
GLB,diet,0.20,93003.35308933305,7
GLB,diet,0.50,93003.35308933305,7
GLB,diet,afford,93003.35308933305,7
GLB,glp1,0.20,90113.6736387564,7
GLB,glp1,0.50,225435.22542611323,7
GLB,glp1,afford,451376.5921023595,7
IND,combo,0.20,20014.4177392528,7
IND,combo,0.50,30611.017680074565,7
IND,combo,afford,48296.21549491552,7
IND,diet,0.20,12956.038355587174,7
IND,diet,0.50,12956.038355587174,7
IND,diet,afford,12956.038355587174,7
IND,glp1,0.20,7113.809296211512,7
IND,glp1,0.50,17793.446823925027,7
IND,glp1,afford,35616.75324806337,7
ISR,combo,0.20,142.82138289696684,7
ISR,combo,0.50,301.8084262221813,7
ISR,combo,afford,567.2899327000385,7
ISR,diet,0.20,36.954732150241966,7
ISR,diet,0.50,36.954732150241966,7
ISR,diet,afford,36.954732150241966,7
ISR,glp1,0.20,106.47671358126796,7
ISR,glp1,0.50,266.3733165969337,7
ISR,glp1,afford,533.3558523804737,7
JPN,combo,0.20,2393.837605811532,7
JPN,combo,0.50,4279.889892010047,7
JPN,combo,afford,7425.537983106806,7
JPN,diet,0.20,1137.0228799664328,7
JPN,diet,0.50,1137.0228799664328,7
JPN,diet,afford,1137.0228799664328,7
JPN,glp1,0.20,1265.148861123711,7
JPN,glp1,0.50,3163.6691956953478,7
JPN,glp1,afford,6330.008725689899,7
MEX,combo,0.20,2686.24708805336,7
MEX,combo,0.50,6061.345565894844,7
MEX,combo,afford,11712.130984136227,7
MEX,diet,0.20,442.4966219884045,7
MEX,diet,0.50,442.4966219884045,7
MEX,diet,afford,442.4966219884045,7
MEX,glp1,0.20,2251.2912179786417,7
MEX,glp1,0.50,5637.644793879632,7
MEX,glp1,afford,11307.037398451388,7
NGA,combo,0.20,1034.6393419877932,7
NGA,combo,0.50,2407.924705570049,7
NGA,combo,afford,1949.620296709456,7
NGA,diet,0.20,121.81487659389312,7
NGA,diet,0.50,121.81487659389312,7
NGA,diet,afford,121.81487659389312,7
NGA,glp1,0.20,913.9794665902772,7
NGA,glp1,0.50,2288.991983036265,7
NGA,glp1,afford,1830.1125723935347,7
NZL,combo,0.20,178.3136448735945,7
NZL,combo,0.50,366.2495344543551,7
NZL,combo,afford,680.139239410669,7
NZL,diet,0.20,53.18743943296489,7
NZL,diet,0.50,53.18743943296489,7
NZL,diet,afford,53.18743943296489,7
NZL,glp1,0.20,125.97713330813416,7
NZL,glp1,0.50,315.18320885611774,7
NZL,glp1,afford,631.1730183670304,7
ROU,combo,0.20,1829.031603819286,7
ROU,combo,0.50,3019.5931008170483,7
ROU,combo,afford,5018.195551403367,7
ROU,diet,0.20,1038.806258701545,7
ROU,diet,0.50,1038.806258701545,7
ROU,diet,afford,1038.806258701545,7
ROU,glp1,0.20,801.488345484056,7
ROU,glp1,0.50,2008.947967551901,7
ROU,glp1,afford,4035.7230822154,7
TUR,combo,0.20,2944.4011085077145,7
TUR,combo,0.50,6373.959385153734,7
TUR,combo,afford,12118.94883166104,7
TUR,diet,0.20,665.1145010645996,7
TUR,diet,0.50,665.1145010645996,7
TUR,diet,afford,665.1145010645996,7
TUR,glp1,0.20,2290.1016888720715,7
TUR,glp1,0.50,5735.825278016358,7
TUR,glp1,afford,11507.600777187416,7
USA,combo,0.20,13057.99942872084,7
USA,combo,0.50,27283.639569564963,7
USA,combo,afford,51052.89462265897,7
USA,diet,0.20,3588.999291319815,7
USA,diet,0.50,3588.999291319815,7
USA,diet,afford,3588.999291319815,7
USA,glp1,0.20,9528.459476755115,7
USA,glp1,0.50,23842.77813613961,7
USA,glp1,afford,47758.45096529867,7
ZAF,combo,0.20,624.5793987941997,7
ZAF,combo,0.50,1528.791965501954,7
ZAF,combo,afford,2435.413384756477,7
ZAF,diet,0.20,23.0892587942044,7
ZAF,diet,0.50,23.0892587942044,7
ZAF,diet,afford,23.0892587942044,7
ZAF,glp1,0.20,601.7999722204258,7
ZAF,glp1,0.50,1506.475223169099,7
ZAF,glp1,afford,2413.556834581276,7
AUS,combo,0.20,710.5993775291522,8
AUS,combo,0.50,1374.512601597639,8
AUS,combo,afford,2483.598619013625,8
AUS,diet,0.20,268.6213867608208,8
AUS,diet,0.50,268.6213867608208,8
AUS,diet,afford,268.6213867608208,8
AUS,glp1,0.20,446.06223690804376,8
AUS,glp1,0.50,1116.0723509260183,8
AUS,glp1,afford,2235.239967337378,8
BGD,combo,0.20,4201.877103531821,8
BGD,combo,0.50,5594.348327322747,8
BGD,combo,afford,6989.693713041136,8
BGD,diet,0.20,3275.147167416467,8
BGD,diet,0.50,3275.147167416467,8
BGD,diet,afford,3275.147167416467,8
BGD,glp1,0.20,943.3897991620544,8
BGD,glp1,0.50,2360.828106544367,8
BGD,glp1,afford,3781.113096316367,8
BGR,combo,0.20,857.2755386319084,8
BGR,combo,0.50,1438.411107011509,8
BGR,combo,afford,2414.693949711484,8
BGR,diet,0.20,471.7381767891948,8
BGR,diet,0.50,471.7381767891948,8
BGR,diet,afford,471.7381767891948,8
BGR,glp1,0.20,390.9094002482184,8
BGR,glp1,0.50,980.1043929986894,8
BGR,glp1,afford,1969.8223019763689,8
BRA,combo,0.20,5754.179178331164,8
BRA,combo,0.50,10998.97588463129,8
BRA,combo,afford,19752.480243099188,8
BRA,diet,0.20,2260.667371955038,8
BRA,diet,0.50,2260.667371955038,8
BRA,diet,afford,2260.667371955038,8
BRA,glp1,0.20,3527.9243086529787,8
BRA,glp1,0.50,8824.042859668916,8
BRA,glp1,afford,17662.284015863363,8
CAN,combo,0.20,976.6834530229288,8
CAN,combo,0.50,2031.742693290032,8
CAN,combo,afford,3794.444905805105,8
CAN,diet,0.20,274.36826039089374,8
CAN,diet,0.50,274.36826039089374,8
CAN,diet,afford,274.36826039089374,8
CAN,glp1,0.20,706.3923529389476,8
CAN,glp1,0.50,1767.534418489162,8
CAN,glp1,afford,3540.2860357014333,8
CHN,combo,0.20,50023.63446873079,8
CHN,combo,0.50,75752.24904725706,8
CHN,combo,afford,118719.39070468496,8
CHN,diet,0.20,32892.62712298712,8
CHN,diet,0.50,32892.62712298712,8
CHN,diet,afford,32892.62712298712,8
CHN,glp1,0.20,17358.17566173199,8
CHN,glp1,0.50,43426.842871754125,8
CHN,glp1,afford,86958.85719035906,8
DEU,combo,0.20,3953.919452572063,8
DEU,combo,0.50,8070.405471526068,8
DEU,combo,afford,14950.657718639031,8
DEU,diet,0.20,1214.4140256658177,8
DEU,diet,0.50,1214.4140256658177,8
DEU,diet,afford,1214.4140256658177,8
DEU,glp1,0.20,2757.0426930750477,8
DEU,glp1,0.50,6899.728957307008,8
DEU,glp1,afford,13823.36140337737,8
EGY,combo,0.20,4536.637106900271,8
EGY,combo,0.50,9895.048669395925,8
EGY,combo,afford,18915.55973349924,8
EGY,diet,0.20,986.1354603397668,8
EGY,diet,0.50,986.1354603397668,8
EGY,diet,afford,986.1354603397668,8
EGY,glp1,0.20,3566.325612674642,8
EGY,glp1,0.50,8948.44197210121,8
EGY,glp1,afford,18008.37349693587,8
GBR,combo,0.20,2185.936003917338,8
GBR,combo,0.50,4436.638223649726,8
GBR,combo,afford,8197.478158495273,8
GBR,diet,0.20,687.8618239288035,8
GBR,diet,0.50,687.8618239288035,8
GBR,diet,afford,687.8618239288035,8
GBR,glp1,0.20,1508.826169432853,8
GBR,glp1,0.50,3775.5667630128255,8
GBR,glp1,afford,7562.895125314364,8
GLB,combo,0.20,215403.38640481653,8
GLB,combo,0.50,351725.620833045,8
GLB,combo,afford,579386.7787298894,8
GLB,diet,0.20,124635.41157219245,8
GLB,diet,0.50,124635.41157219245,8
GLB,diet,afford,124635.41157219245,8
GLB,glp1,0.20,91853.49631307703,8
GLB,glp1,0.50,229799.47065307255,8
GLB,glp1,afford,460154.64748982026,8
IND,combo,0.20,24351.923999236664,8
IND,combo,0.50,35104.403434538515,8
IND,combo,afford,53051.50028641631,8
IND,diet,0.20,17190.143952522965,8
IND,diet,0.50,17190.143952522965,8
IND,diet,afford,17190.143952522965,8
IND,glp1,0.20,7233.591604915979,8
IND,glp1,0.50,18093.670111789917,8
IND,glp1,afford,36219.78165824167,8
ISR,combo,0.20,161.3068705314363,8
ISR,combo,0.50,328.6279077045907,8
ISR,combo,afford,608.1060740271959,8
ISR,diet,0.20,49.91056004468737,8
ISR,diet,0.50,49.91056004468737,8
ISR,diet,afford,49.91056004468737,8
ISR,glp1,0.20,112.2088999752059,8
ISR,glp1,0.50,280.74207730931187,8
ISR,glp1,afford,562.2222872861057,8
JPN,combo,0.20,2755.768196184865,8
JPN,combo,0.50,4656.681346046113,8
JPN,combo,afford,7827.565452125149,8
JPN,diet,0.20,1489.1617120547198,8
JPN,diet,0.50,1489.1617120547198,8
JPN,diet,afford,1489.1617120547198,8
JPN,glp1,0.20,1277.351909958874,8
JPN,glp1,0.50,3194.344181663484,8
JPN,glp1,afford,6391.922512136036,8
MEX,combo,0.20,2937.682793323504,8
MEX,combo,0.50,6452.02823577352,8
MEX,combo,afford,12337.98674927232,8
MEX,diet,0.20,601.8545214539936,8
MEX,diet,0.50,601.8545214539936,8
MEX,diet,afford,601.8545214539936,8
MEX,glp1,0.20,2345.886855924248,8
MEX,glp1,0.50,5875.256478308909,8
MEX,glp1,afford,11786.08286399924,8
NGA,combo,0.20,1098.42641476503,8
NGA,combo,0.50,2503.8911466565023,8
NGA,combo,afford,2034.822395210571,8
NGA,diet,0.20,164.33480900053837,8
NGA,diet,0.50,164.33480900053837,8
NGA,diet,afford,164.33480900053837,8
NGA,glp1,0.20,935.6186719319904,8
NGA,glp1,0.50,2343.3677481570503,8
NGA,glp1,afford,1873.5383861797327,8
NZL,combo,0.20,199.88575894324083,8
NZL,combo,0.50,394.2500549580691,8
NZL,combo,afford,718.9498616248693,8
NZL,diet,0.20,70.49777936857299,8
NZL,diet,0.50,70.49777936857299,8
NZL,diet,afford,70.49777936857299,8
NZL,glp1,0.20,130.4923452850212,8
NZL,glp1,0.50,326.5062825492065,8
NZL,glp1,afford,653.9366327078204,8
ROU,combo,0.20,2096.5065725265363,8
ROU,combo,0.50,3278.2719161077875,8
ROU,combo,afford,5262.622606598124,8
ROU,diet,0.20,1312.2447477724374,8
ROU,diet,0.50,1312.2447477724374,8
ROU,diet,afford,1312.2447477724374,8
ROU,glp1,0.20,797.9430421442405,8
ROU,glp1,0.50,2000.2490190691103,8
ROU,glp1,afford,4018.884242745616,8
TUR,combo,0.20,3225.466276018394,8
TUR,combo,0.50,6762.4257729536985,8
TUR,combo,afford,12689.075760464812,8
TUR,diet,0.20,875.2241742072674,8
TUR,diet,0.50,875.2241742072674,8
TUR,diet,afford,875.2241742072674,8
TUR,glp1,0.20,2364.1427407328065,8
TUR,glp1,0.50,5921.894211636674,8
TUR,glp1,afford,11883.036096120222,8
USA,combo,0.20,14598.276697750458,8
USA,combo,0.50,29306.43685906185,8
USA,combo,afford,53890.89639302562,8
USA,diet,0.20,4810.308030503584,8
USA,diet,0.50,4810.308030503584,8
USA,diet,afford,4810.308030503584,8
USA,glp1,0.20,9866.21171657613,8
USA,glp1,0.50,24691.13811382209,8
USA,glp1,afford,49468.586686231145,8
ZAF,combo,0.20,650.160469038261,8
ZAF,combo,0.50,1581.2040292608365,8
ZAF,combo,afford,2515.068830695107,8
ZAF,diet,0.20,31.005232168663497,8
ZAF,diet,0.50,31.005232168663497,8
ZAF,diet,afford,31.005232168663497,8
ZAF,glp1,0.20,619.5635693808526,8
ZAF,glp1,0.50,1551.2171719433445,8
ZAF,glp1,afford,2485.68904854202,8
AUS,combo,0.20,801.0076353109948,9
AUS,combo,0.50,1491.8002355373128,9
AUS,combo,afford,2645.945198507447,9
AUS,diet,0.20,341.17436999944675,9
AUS,diet,0.50,341.17436999944675,9
AUS,diet,afford,341.17436999944675,9
AUS,glp1,0.20,464.92850579993774,9
AUS,glp1,0.50,1163.3313455890398,9
AUS,glp1,afford,2330.0714043088124,9
BGD,combo,0.20,5058.515602694456,9
BGD,combo,0.50,6473.743054114319,9
BGD,combo,afford,7891.922645651468,9
BGD,diet,0.20,4116.656873191071,9
BGD,diet,0.50,4116.656873191071,9
BGD,diet,afford,4116.656873191071,9
BGD,glp1,0.20,962.1558992818308,9
BGD,glp1,0.50,2407.8104542494048,9
BGD,glp1,afford,3856.3945092979534,9
BGR,combo,0.20,953.4751831636858,9
BGR,combo,0.50,1527.431845074292,9
BGR,combo,afford,2492.013019105749,9
BGR,diet,0.20,572.786624561176,9
BGR,diet,0.50,572.786624561176,9
BGR,diet,afford,572.786624561176,9
BGR,glp1,0.20,386.9500943626267,9
BGR,glp1,0.50,970.309081660801,9
BGR,glp1,afford,1950.58671148021,9
BRA,combo,0.20,6525.679382167858,9
BRA,combo,0.50,11958.711553426663,9
BRA,combo,afford,21028.2478717614,9
BRA,diet,0.20,2907.246125466201,9
BRA,diet,0.50,2907.246125466201,9
BRA,diet,afford,2907.246125466201,9
BRA,glp1,0.20,3662.031679209984,9
BRA,glp1,0.50,9160.116416834448,9
BRA,glp1,afford,18337.14269267744,9
CAN,combo,0.20,1072.658155852404,9
CAN,combo,0.50,2153.6870587597323,9
CAN,combo,afford,3960.0035926461833,9
CAN,diet,0.20,353.11160534297414,9
CAN,diet,0.50,353.11160534297414,9
CAN,diet,afford,353.11160534297414,9
CAN,glp1,0.20,724.7242378587662,9
CAN,glp1,0.50,1813.4811646024675,9
CAN,glp1,afford,3632.5738854682095,9
CHN,combo,0.20,59591.48521169487,9
CHN,combo,0.50,85736.3464835244,9
CHN,combo,afford,129402.15429678404,9
CHN,diet,0.20,42184.19101819556,9
CHN,diet,0.50,42184.19101819556,9
CHN,diet,afford,42184.19101819556,9
CHN,glp1,0.20,17692.735883527246,9
CHN,glp1,0.50,44265.001063521006,9
CHN,glp1,afford,88641.10554709994,9
DEU,combo,0.20,4267.710556490947,9
DEU,combo,0.50,8417.791050242988,9
DEU,combo,afford,15355.48686962712,9
DEU,diet,0.20,1506.1665595025624,9
DEU,diet,0.50,1506.1665595025624,9
DEU,diet,afford,1506.1665595025624,9
DEU,glp1,0.20,2782.871939603377,9
DEU,glp1,0.50,6964.835363762559,9
DEU,glp1,afford,13955.372388849775,9
EGY,combo,0.20,4831.927060085305,9
EGY,combo,0.50,10260.756671169083,9
EGY,combo,afford,19403.310652099277,9
EGY,diet,0.20,1235.5986925803372,9
EGY,diet,0.50,1235.5986925803372,9
EGY,diet,afford,1235.5986925803372,9
EGY,glp1,0.20,3615.541457210744,9
EGY,glp1,0.50,9073.180423633125,9
EGY,glp1,afford,18263.71803464733,9
GBR,combo,0.20,2376.619035951804,9
GBR,combo,0.50,4651.066913570863,9
GBR,combo,afford,8452.30153970129,9
GBR,diet,0.20,862.9161178820641,9
GBR,diet,0.50,862.9161178820641,9
GBR,diet,afford,862.9161178820641,9
GBR,glp1,0.20,1526.9755726237863,9
GBR,glp1,0.50,3821.232042367916,9
GBR,glp1,afford,7655.20903797509,9
GLB,combo,0.20,251212.6118685318,9
GLB,combo,0.50,389938.6364255579,9
GLB,combo,afford,621642.3778338068,9
GLB,diet,0.20,158851.04186103633,9
GLB,diet,0.50,158851.04186103633,9
GLB,diet,afford,158851.04186103633,9
GLB,glp1,0.20,93719.60369249922,9
GLB,glp1,0.50,234477.6620523316,9
GLB,glp1,afford,469554.6160836192,9
IND,combo,0.20,28948.29114941108,9
IND,combo,0.50,39871.03158207058,9
IND,combo,afford,58103.61100633142,9
IND,diet,0.20,21673.426926077234,9
IND,diet,0.50,21673.426926077234,9
IND,diet,afford,21673.426926077234,9
IND,glp1,0.20,7363.189313278002,9
IND,glp1,0.50,18418.297794145685,9
IND,glp1,afford,36871.16960111085,9
ISR,combo,0.20,181.12272368902316,9
ISR,combo,0.50,356.91008412095925,9
ISR,combo,afford,650.6195706822867,9
ISR,diet,0.20,64.11203391383856,9
ISR,diet,0.50,64.11203391383856,9
ISR,diet,afford,64.11203391383856,9
ISR,glp1,0.20,118.03951041089942,9
ISR,glp1,0.50,295.3623724071376,9
ISR,glp1,afford,591.6101436609682,9
JPN,combo,0.20,3128.3420278407684,9
JPN,combo,0.50,5041.690428992122,9
JPN,combo,afford,8233.806039772353,9
JPN,diet,0.20,1853.5700938266016,9
JPN,diet,0.50,1853.5700938266016,9
JPN,diet,afford,1853.5700938266016,9
JPN,glp1,0.20,1287.9334231167811,9
JPN,glp1,0.50,3220.980748040056,9
JPN,glp1,afford,6445.812129759917,9
MEX,combo,0.20,3211.3224856789493,9
MEX,combo,0.50,6873.901140791255,9
MEX,combo,afford,13010.220340519276,9
MEX,diet,0.20,777.4787275238377,9
MEX,diet,0.50,777.4787275238377,9
MEX,diet,afford,777.4787275238377,9
MEX,glp1,0.20,2446.5774877638214,9
MEX,glp1,0.50,6128.190264532101,9
MEX,glp1,afford,12296.052542569178,9
NGA,combo,0.20,1172.707838209004,9
NGA,combo,0.50,2619.768102399717,9
NGA,combo,afford,2136.800673608286,9
NGA,diet,0.20,211.0497603075928,9
NGA,diet,0.50,211.0497603075928,9
NGA,diet,afford,211.0497603075928,9
NGA,glp1,0.20,963.5787014205744,9
NGA,glp1,0.50,2413.513074201492,9
NGA,glp1,afford,1929.588523996193,9
NZL,combo,0.20,222.42799841204248,9
NZL,combo,0.50,423.09803493358334,9
NZL,combo,afford,758.4067144767909,9
NZL,diet,0.20,88.86089057283539,9
NZL,diet,0.50,88.86089057283539,9
NZL,diet,afford,88.86089057283539,9
NZL,glp1,0.20,134.9297283526529,9
NZL,glp1,0.50,337.6365828620792,9
NZL,glp1,afford,676.3204341215286,9
ROU,combo,0.20,2355.342051231215,9
ROU,combo,0.50,3528.9334136327484,9
ROU,combo,afford,5500.089411019001,9
ROU,diet,0.20,1576.6339506051172,9
ROU,diet,0.50,1576.6339506051172,9
ROU,diet,afford,1576.6339506051172,9
ROU,glp1,0.20,794.5076508640662,9
ROU,glp1,0.50,1991.8361250407177,9
ROU,glp1,afford,4002.655545302402,9
TUR,combo,0.20,3519.916930953277,9
TUR,combo,0.50,7166.878614653848,9
TUR,combo,afford,13279.573318767138,9
TUR,diet,0.20,1097.0006466711384,9
TUR,diet,0.50,1097.0006466711384,9
TUR,diet,afford,1097.0006466711384,9
TUR,glp1,0.20,2439.9330004089297,9
TUR,glp1,0.50,6112.365234431931,9
TUR,glp1,afford,12267.360671232304,9
USA,combo,0.20,16224.457846664764,9
USA,combo,0.50,31393.14663221207,9
USA,combo,afford,56756.81449441132,9
USA,diet,0.20,6132.346001506435,9
USA,diet,0.50,6132.346001506435,9
USA,diet,afford,6132.346001506435,9
USA,glp1,0.20,10189.98129042478,9
USA,glp1,0.50,25504.81889654884,9
USA,glp1,afford,51110.28691725636,9
ZAF,combo,0.20,676.6100505720788,9
ZAF,combo,0.50,1634.7856284396605,9
ZAF,combo,afford,2596.183469280575,9
ZAF,diet,0.20,39.58236842518272,9
ZAF,diet,0.50,39.58236842518272,9
ZAF,diet,afford,39.58236842518272,9
ZAF,glp1,0.20,637.5390274155379,9
ZAF,glp1,0.50,1596.4788758499417,9
ZAF,glp1,afford,2558.6376669633337,9
AUS,combo,0.20,892.4430426594981,10
AUS,combo,0.50,1609.6815484811227,10
AUS,combo,afford,2808.1997808760384,10
AUS,diet,0.20,415.0527446910086,10
AUS,diet,0.50,415.0527446910086,10
AUS,diet,afford,415.0527446910086,10
AUS,glp1,0.20,483.4773231127664,10
AUS,glp1,0.50,1209.812334978572,10
AUS,glp1,afford,2423.398648630892,10
BGD,combo,0.20,5916.743531467122,10
BGD,combo,0.50,7358.094332770296,10
BGD,combo,afford,8802.457553207998,10
BGD,diet,0.20,4957.501615436209,10
BGD,diet,0.50,4957.501615436209,10
BGD,diet,afford,4957.501615436209,10
BGD,glp1,0.20,982.9049996263028,10
BGD,glp1,0.50,2459.739250313538,10
BGD,glp1,afford,3939.572239290117,10
BGR,combo,0.20,1040.3331459969695,10
BGR,combo,0.50,1606.703668241158,10
BGR,combo,afford,2558.8438583409693,10
BGR,diet,0.20,664.7504025074932,10
BGR,diet,0.50,664.7504025074932,10
BGR,diet,afford,664.7504025074932,10
BGR,glp1,0.20,382.5554548807735,10
BGR,glp1,0.50,959.4052760383488,10
BGR,glp1,afford,1929.0644226826253,10
BRA,combo,0.20,7326.596424323248,10
BRA,combo,0.50,12946.247326288194,10
BRA,combo,afford,22329.125518785528,10
BRA,diet,0.20,3584.320919024027,10
BRA,diet,0.50,3584.320919024027,10
BRA,diet,afford,3584.320919024027,10
BRA,glp1,0.20,3795.190465065938,10
BRA,glp1,0.50,9493.83398166278,10
BRA,glp1,afford,19007.339648149467,10
CAN,combo,0.20,1172.2734466492766,10
CAN,combo,0.50,2279.4474924356364,10
CAN,combo,afford,4129.668816135383,10
CAN,diet,0.20,435.3782067156008,10
CAN,diet,0.50,435.3782067156008,10
CAN,diet,afford,435.3782067156008,10
CAN,glp1,0.20,743.1929979528213,10
CAN,glp1,0.50,1859.7708598848503,10
CAN,glp1,afford,3725.549532877396,10
CHN,combo,0.20,69543.21616669868,10
CHN,combo,0.50,96149.2057088394,10
CHN,combo,afford,140587.5047514917,10
CHN,diet,0.20,51829.47431247226,10
CHN,diet,0.50,51829.47431247226,10
CHN,diet,afford,51829.47431247226,10
CHN,glp1,0.20,18057.17586737682,10
CHN,glp1,0.50,45177.55002925846,10
CHN,glp1,afford,90471.0882449573,10
DEU,combo,0.20,4581.880448071141,10
DEU,combo,0.50,8771.572138378338,10
DEU,combo,afford,15776.550593575954,10
DEU,diet,0.20,1794.24125346652,10
DEU,diet,0.50,1794.24125346652,10
DEU,diet,afford,1794.24125346652,10
DEU,glp1,0.20,2812.566605187294,10
DEU,glp1,0.50,7039.5438592067,10
DEU,glp1,afford,14106.37595992367,10
EGY,combo,0.20,5136.386718012676,10
EGY,combo,0.50,10648.63542154924,10
EGY,combo,afford,19934.4503063438,10
EGY,diet,0.20,1485.4522112490995,10
EGY,diet,0.50,1485.4522112490995,10
EGY,diet,afford,1485.4522112490995,10
EGY,glp1,0.20,3673.3115181253415,10
EGY,glp1,0.50,9219.14527622515,10
EGY,glp1,afford,18560.983329582832,10
GBR,combo,0.20,2566.903072876433,10
GBR,combo,0.50,4864.459171579716,10
GBR,combo,afford,8704.979149511213,10
GBR,diet,0.20,1037.985080631528,10
GBR,diet,0.50,1037.985080631528,10
GBR,diet,afford,1037.985080631528,10
GBR,glp1,0.20,1544.6255314927466,10
GBR,glp1,0.50,3865.636170079292,10
GBR,glp1,afford,7744.957071152804,10
GLB,combo,0.20,288172.9022573704,10
GLB,combo,0.50,429444.0893467737,10
GLB,combo,afford,665422.4006843984,10
GLB,diet,0.20,194122.6003337433,10
GLB,diet,0.50,194122.6003337433,10
GLB,diet,afford,194122.6003337433,10
GLB,glp1,0.20,95678.50579033594,10
GLB,glp1,0.50,239386.78804592264,10
GLB,glp1,afford,479412.86658356176,10
IND,combo,0.20,33585.94694938536,10
IND,combo,0.50,44692.13381191363,10
IND,combo,afford,63231.87700859083,10
IND,diet,0.20,26189.13519125449,10
IND,diet,0.50,26189.13519125449,10
IND,diet,afford,26189.13519125449,10
IND,glp1,0.20,7500.863468895704,10
IND,glp1,0.50,18763.017598274742,10
IND,glp1,afford,37562.40962063414,10
ISR,combo,0.20,201.5539592682105,10
ISR,combo,0.50,385.8059425830165,10
ISR,combo,afford,693.7589754209152,10
ISR,diet,0.20,78.9337381651361,10
ISR,diet,0.50,78.9337381651361,10
ISR,diet,afford,78.9337381651361,10
ISR,glp1,0.20,123.86820310661426,10
ISR,glp1,0.50,309.9837757223604,10
ISR,glp1,afford,621.0200934751924,10
JPN,combo,0.20,3492.155547349048,10
JPN,combo,0.50,5414.920413066076,10
JPN,combo,afford,8623.261421980107,10
JPN,diet,0.20,2211.236675829532,10
JPN,diet,0.50,2211.236675829532,10
JPN,diet,afford,2211.236675829532,10
JPN,glp1,0.20,1296.3662674996085,10
JPN,glp1,0.50,3242.2565166592685,10
JPN,glp1,afford,6489.017689092994,10
MEX,combo,0.20,3497.9329578833003,10
MEX,combo,0.50,7314.969549512461,10
MEX,combo,afford,13712.32628133587,10
MEX,diet,0.20,961.99897837525,10
MEX,diet,0.50,961.99897837525,10
MEX,diet,afford,961.99897837525,10
MEX,glp1,0.20,2551.365844245578,10
MEX,glp1,0.50,6391.486990910937,10
MEX,glp1,afford,12827.145665479047,10
NGA,combo,0.20,1254.6775039985696,10
NGA,combo,0.50,2751.32507929498,10
NGA,combo,afford,2251.7967774355056,10
NGA,diet,0.20,260.1164672566956,10
NGA,diet,0.50,260.1164672566956,10
NGA,diet,afford,260.1164672566956,10
NGA,glp1,0.20,996.8781168972891,10
NGA,glp1,0.50,2496.994330232679,10
NGA,glp1,afford,1996.3107521085915,10
NZL,combo,0.20,244.99357581062168,10
NZL,combo,0.50,451.782627673136,10
NZL,combo,afford,797.3930801460502,10
NZL,diet,0.20,107.37288436457072,10
NZL,diet,0.50,107.37288436457072,10
NZL,diet,afford,107.37288436457072,10
NZL,glp1,0.20,139.23221697003794,10
NZL,glp1,0.50,348.43179441743735,10
NZL,glp1,afford,698.0410878231917,10
ROU,combo,0.20,2590.878989096224,10
ROU,combo,0.50,3756.201375052753,10
ROU,combo,afford,5713.975472162847,10
ROU,diet,0.20,1817.780537483549,10
ROU,diet,0.50,1817.780537483549,10
ROU,diet,afford,1817.780537483549,10
ROU,glp1,0.20,790.6154083844776,10
ROU,glp1,0.50,1982.2720373334027,10
ROU,glp1,afford,3984.0951756346262,10
TUR,combo,0.20,3816.843922456921,10
TUR,combo,0.50,7574.82735600576,10
TUR,combo,afford,13875.332290748724,10
TUR,diet,0.20,1320.5909657965767,10
TUR,diet,0.50,1320.5909657965767,10
TUR,diet,afford,1320.5909657965767,10
TUR,glp1,0.20,2516.2659810004443,10
TUR,glp1,0.50,6304.22517225529,10
TUR,glp1,afford,12654.567677367444,10
USA,combo,0.20,17872.685949617247,10
USA,combo,0.50,33475.546692636104,10
USA,combo,afford,59575.08837241195,10
USA,diet,0.20,7494.149007185333,10
USA,diet,0.50,7494.149007185333,10
USA,diet,afford,7494.149007185333,10
USA,glp1,0.20,10495.833868672002,10
USA,glp1,0.50,26273.966889459247,10
USA,glp1,afford,52663.79279180136,10
ZAF,combo,0.20,703.417972942143,10
ZAF,combo,0.50,1688.8476955700137,10
ZAF,combo,afford,2677.8904390284406,10
ZAF,diet,0.20,48.430384575662174,10
ZAF,diet,0.50,48.430384575662174,10
ZAF,diet,afford,48.430384575662174,10
ZAF,glp1,0.20,655.6011730513892,10
ZAF,glp1,0.50,1641.9483623625365,10
ZAF,glp1,afford,2631.905053239316,10
AUS,combo,0.20,981.9418422876332,11
AUS,combo,0.50,1724.8683540786242,11
AUS,combo,afford,2966.52941889419,11
AUS,diet,0.20,487.5079391473355,11
AUS,diet,0.50,487.5079391473355,11
AUS,diet,afford,487.5079391473355,11
AUS,glp1,0.20,501.455793285471,11
AUS,glp1,0.50,1254.8814375439474,11
AUS,glp1,afford,2513.9488443191653,11
BGD,combo,0.20,6744.49236082668,11
BGD,combo,0.50,8214.594732343156,11
BGD,combo,afford,9687.757790350712,11
BGD,diet,0.20,5766.108603189659,11
BGD,diet,0.50,5766.108603189659,11
BGD,diet,afford,5766.108603189659,11
BGD,glp1,0.20,1005.0137653795337,11
BGD,glp1,0.50,2515.060222197919,11
BGD,glp1,afford,4028.165999331197,11
BGR,combo,0.20,1114.4042978606467,11
BGR,combo,0.50,1672.856090435977,11
BGR,combo,afford,2611.944420023066,11
BGR,diet,0.20,744.135535674522,11
BGR,diet,0.50,744.135535674522,11
BGR,diet,afford,744.135535674522,11
BGR,glp1,0.20,377.7642586784544,11
BGR,glp1,0.50,947.4901548149136,11
BGR,glp1,afford,1905.4509126026044,11
BRA,combo,0.20,8133.740968282782,11
BRA,combo,0.50,13938.06835971724,11
BRA,combo,afford,23631.069197066616,11
BRA,diet,0.20,4268.922798061496,11
BRA,diet,0.50,4268.922798061496,11
BRA,diet,afford,4268.922798061496,11
BRA,glp1,0.20,3926.825229265596,11
BRA,glp1,0.50,9823.764660215164,11
BRA,glp1,afford,19670.03880869784,11
CAN,combo,0.20,1272.257150827636,11
CAN,combo,0.50,2405.215813810688,11
CAN,combo,afford,4298.743481258684,11
CAN,diet,0.20,518.254280036399,11
CAN,diet,0.50,518.254280036399,11
CAN,diet,afford,518.254280036399,11
CAN,glp1,0.20,761.3979192312563,11
CAN,glp1,0.50,1905.40354554652,11
CAN,glp1,afford,3817.219383743386,11
CHN,combo,0.20,79520.03650131421,11
CHN,combo,0.50,106622.95827744673,11
CHN,combo,afford,151892.79162007885,11
CHN,diet,0.20,61475.82411712686,11
CHN,diet,0.50,61475.82411712686,11
CHN,diet,afford,61475.82411712686,11
CHN,glp1,0.20,18443.019321388987,11
CHN,glp1,0.50,46143.43062465832,11
CHN,glp1,afford,92407.12852596804,11
DEU,combo,0.20,4887.5217172013,11
DEU,combo,0.50,9122.705024345105,11
DEU,combo,afford,16204.704716122676,11
DEU,diet,0.20,2069.8528332444257,11
DEU,diet,0.50,2069.8528332444257,11
DEU,diet,afford,2069.8528332444257,11
DEU,glp1,0.20,2845.9012637513697,11
DEU,glp1,0.50,7123.337169787686,11
DEU,glp1,afford,14275.49357260764,11
EGY,combo,0.20,5440.664546336677,11
EGY,combo,0.50,11047.827270130949,11
EGY,combo,afford,20495.737854790423,11
EGY,diet,0.20,1727.386656312672,11
EGY,diet,0.50,1727.386656312672,11
EGY,diet,afford,1727.386656312672,11
EGY,glp1,0.20,3738.4935338466794,11
EGY,glp1,0.50,9383.536269431655,11
EGY,glp1,afford,18894.72807928733,11
GBR,combo,0.20,2750.296406362727,11
GBR,combo,0.50,5070.0539382898105,11
GBR,combo,afford,8948.307975691878,11
GBR,diet,0.20,1206.7581622383332,11
GBR,diet,0.50,1206.7581622383332,11
GBR,diet,afford,1206.7581622383332,11
GBR,glp1,0.20,1561.5066620952705,11
GBR,glp1,0.50,3908.1081655826574,11
GBR,glp1,afford,7830.806194317392,11
GLB,combo,0.20,325039.9817566108,11
GLB,combo,0.50,468970.2424985297,11
GLB,combo,afford,709410.4998805987,11
GLB,diet,0.20,229224.40499975777,11
GLB,diet,0.50,229224.40499975777,11
GLB,diet,afford,229224.40499975777,11
GLB,glp1,0.20,97701.45266833284,11
GLB,glp1,0.50,244455.41744530003,11
GLB,glp1,afford,489588.0311055072,11
IND,combo,0.20,38104.16200530458,11
IND,combo,0.50,49405.81350842762,11
IND,combo,afford,68272.52816888483,11
IND,diet,0.20,30577.33545718495,11
IND,diet,0.50,30577.33545718495,11
IND,diet,afford,30577.33545718495,11
IND,glp1,0.20,7645.242711365187,11
IND,glp1,0.50,19124.427286017555,11
IND,glp1,afford,38286.78452609717,11
ISR,combo,0.20,221.9980672152036,11
ISR,combo,0.50,414.6048012464138,11
ISR,combo,afford,736.6325579770341,11
ISR,diet,0.20,93.84506768025368,11
ISR,diet,0.50,93.84506768025368,11
ISR,diet,afford,93.84506768025368,11
ISR,glp1,0.20,129.6146225579456,11
ISR,glp1,0.50,324.4051299891679,11
ISR,glp1,afford,650.049008947118,11
JPN,combo,0.20,3833.35481829695,11
JPN,combo,0.50,5762.323294714992,11
JPN,combo,afford,8981.544642431887,11
JPN,diet,0.20,2548.4330485277424,11
JPN,diet,0.50,2548.4330485277424,11
JPN,diet,afford,2548.4330485277424,11
JPN,glp1,0.20,1302.4377823873074,11
JPN,glp1,0.50,3257.6340292740097,11
JPN,glp1,afford,6520.444819684872,11
MEX,combo,0.20,3789.898371697014,11
MEX,combo,0.50,7765.439136408531,11
MEX,combo,afford,14430.920457866428,11
MEX,diet,0.20,1149.261080788894,11
MEX,diet,0.50,1149.261080788894,11
MEX,diet,afford,1149.261080788894,11
MEX,glp1,0.20,2658.688205348144,11
MEX,glp1,0.50,6661.251587586639,11
MEX,glp1,afford,13371.62336597967,11
NGA,combo,0.20,1342.0624335492394,11
NGA,combo,0.50,2895.0859240311947,11
NGA,combo,afford,2376.733883271114,11
NGA,diet,0.20,310.07268356109125,11
NGA,diet,0.50,310.07268356109125,11
NGA,diet,afford,310.07268356109125,11
NGA,glp1,0.20,1034.6931021903802,11
NGA,glp1,0.50,2591.7649082744138,11
NGA,glp1,afford,2072.064330214489,11
NZL,combo,0.20,266.8731906412577,11
NZL,combo,0.50,479.5526851825798,11
NZL,combo,afford,835.0877860071434,11
NZL,diet,0.20,125.35226799560256,11
NZL,diet,0.50,125.35226799560256,11
NZL,diet,afford,125.35226799560256,11
NZL,glp1,0.20,143.36269002206632,11
NZL,glp1,0.50,358.7989468231896,11
NZL,glp1,afford,718.9121861992452,11
ROU,combo,0.20,2795.7851558737493,11
ROU,combo,0.50,3952.540143782117,11
ROU,combo,afford,5896.371823335554,11
ROU,diet,0.20,2028.4796119719213,11
ROU,diet,0.50,2028.4796119719213,11
ROU,diet,afford,2028.4796119719213,11
ROU,glp1,0.20,786.1257951674183,11
ROU,glp1,0.50,1971.1914455987128,11
ROU,glp1,afford,3962.42457282281,11
TUR,combo,0.20,4108.550076033611,11
TUR,combo,0.50,7977.480535452241,11
TUR,combo,afford,14465.7356011069,11
TUR,diet,0.20,1539.027098026345,11
TUR,diet,0.50,1539.027098026345,11
TUR,diet,afford,1539.027098026345,11
TUR,glp1,0.20,2592.321431457971,11
TUR,glp1,0.50,6495.422308511254,11
TUR,glp1,afford,13040.549807491356,11
USA,combo,0.20,19490.2322007662,11
USA,combo,0.50,35497.6915437748,11
USA,combo,afford,62284.29133434164,11
USA,diet,0.20,8845.10163537263,11
USA,diet,0.50,8845.10163537263,11
USA,diet,afford,8845.10163537263,11
USA,glp1,0.20,10780.871020085297,11
USA,glp1,0.50,26991.291659989634,11
USA,glp1,afford,54114.38041414987,11
ZAF,combo,0.20,730.1764896440145,11
ZAF,combo,0.50,1742.8356591194606,11
ZAF,combo,afford,2759.4871270299573,11
ZAF,diet,0.20,57.23878882084318,11
ZAF,diet,0.50,57.23878882084318,11
ZAF,diet,afford,57.23878882084318,11
ZAF,glp1,0.20,673.6490296937063,11
ZAF,glp1,0.50,1687.3722488103158,11
ZAF,glp1,afford,2705.0842046338657,11
AUS,combo,0.20,1067.5895694109972,12
AUS,combo,0.50,1835.224661440553,12
AUS,combo,afford,3118.42294479725,12
AUS,diet,0.20,556.7716308523545,12
AUS,diet,0.50,556.7716308523545,12
AUS,diet,afford,556.7716308523545,12
AUS,glp1,0.20,518.6978210641319,12
AUS,glp1,0.50,1298.1208880169856,12
AUS,glp1,afford,2600.8782540758034,12
BGD,combo,0.20,7522.709709671524,12
BGD,combo,0.50,9023.568089241771,12
BGD,combo,afford,10527.528605415971,12
BGD,diet,0.20,6523.844194173129,12
BGD,diet,0.50,6523.844194173129,12
BGD,diet,afford,6523.844194173129,12
BGD,glp1,0.20,1028.021733981701,12
BGD,glp1,0.50,2572.6256299304223,12
BGD,glp1,afford,4120.34487577222,12
BGR,combo,0.20,1174.8516732354965,12
BGR,combo,0.50,1725.1763540185948,12
BGR,combo,afford,2650.814739274688,12
BGR,diet,0.20,810.0236317391198,12
BGR,diet,0.50,810.0236317391198,12
BGR,diet,afford,810.0236317391198,12
BGR,glp1,0.20,372.6776180806055,12
BGR,glp1,0.50,934.8176775240496,12
BGR,glp1,afford,1880.2582343135653,12
BRA,combo,0.20,8930.024303169681,12
BRA,combo,0.50,14916.69582901055,12
BRA,combo,afford,24915.95976003238,12
BRA,diet,0.20,4944.225589492235,12
BRA,diet,0.50,4944.225589492235,12
BRA,diet,afford,4944.225589492235,12
BRA,glp1,0.20,4056.4375326781774,12
BRA,glp1,0.50,10148.666509278431,12
BRA,glp1,afford,20322.7703430704,12
CAN,combo,0.20,1370.1926335457174,12
CAN,combo,0.50,2528.146617444032,12
CAN,combo,afford,4463.668337804496,12
CAN,diet,0.20,599.6091923303666,12
CAN,diet,0.50,599.6091923303666,12
CAN,diet,afford,599.6091923303666,12
CAN,glp1,0.20,779.024717812973,12
CAN,glp1,0.50,1949.5937766601885,12
CAN,glp1,afford,3906.0136002838863,12
CHN,combo,0.20,89264.69471639361,12
CHN,combo,0.50,116891.04918063982,12
CHN,combo,afford,163036.19146293914,12
CHN,diet,0.20,70872.24993482776,12
CHN,diet,0.50,70872.24993482776,12
CHN,diet,afford,70872.24993482776,12
CHN,glp1,0.20,18842.588993276546,12
CHN,glp1,0.50,47143.533256268594,12
CHN,glp1,afford,94411.2887057484,12
DEU,combo,0.20,5179.12925332411,12
DEU,combo,0.50,9464.566064868177,12
DEU,combo,afford,16631.558158788946,12
DEU,diet,0.20,2328.2656017838963,12
DEU,diet,0.50,2328.2656017838963,12
DEU,diet,afford,2328.2656017838963,12
DEU,glp1,0.20,2882.064796091076,12
DEU,glp1,0.50,7214.222074664325,12
DEU,glp1,afford,14458.855952427624,12
EGY,combo,0.20,5739.422060908615,12
EGY,combo,0.50,11451.955615627185,12
EGY,combo,afford,21079.14737536925,12
EGY,diet,0.20,1956.7734503640604,12
EGY,diet,0.50,1956.7734503640604,12
EGY,diet,afford,1956.7734503640604,12
EGY,glp1,0.20,3810.346890958343,12
EGY,glp1,0.50,9564.526501797303,12
EGY,glp1,afford,19261.390121076263,12
GBR,combo,0.20,2922.9787884609214,12
GBR,combo,0.50,5263.935726585473,12
GBR,combo,afford,9178.21503225302,12
GBR,diet,0.20,1365.4788243121602,12
GBR,diet,0.50,1365.4788243121602,12
GBR,diet,afford,1365.4788243121602,12
GBR,glp1,0.20,1577.5125724313366,12
GBR,glp1,0.50,3948.381886112873,12
GBR,glp1,afford,7912.223989960968,12
GLB,combo,0.20,360959.8555452528,12
GLB,combo,0.50,507635.9594449775,12
GLB,combo,afford,752681.0870232062,12
GLB,diet,0.20,263320.7484033719,12
GLB,diet,0.50,263320.7484033719,12
GLB,diet,afford,263320.7484033719,12
GLB,glp1,0.20,99764.24031771754,12
GLB,glp1,0.50,249623.3078011881,12
GLB,glp1,afford,499960.5306224644,12
IND,combo,0.20,42405.72031771524,12
IND,combo,0.50,53913.50359400578,12
IND,combo,afford,73124.80478183611,12
IND,diet,0.20,34741.72721106723,12
IND,diet,0.50,34741.72721106723,12
IND,diet,afford,34741.72721106723,12
IND,glp1,0.20,7795.16237238561,12
IND,glp1,0.50,19499.635533830988,12
IND,glp1,afford,39038.57961255487,12
ISR,combo,0.20,242.01589496594545,12
ISR,combo,0.50,442.78510739324577,12
ISR,combo,afford,778.5795553952686,12
ISR,diet,0.20,108.4613209419856,12
ISR,diet,0.50,108.4613209419856,12
ISR,diet,afford,108.4613209419856,12
ISR,glp1,0.20,135.21883371778767,12
ISR,glp1,0.50,338.47586650785047,12
ISR,glp1,afford,678.3933732960044,12
JPN,combo,0.20,4144.025817243084,12
JPN,combo,0.50,6076.065326804273,12
JPN,combo,afford,9300.94078036881,12
JPN,diet,0.20,2857.1879749392247,12
JPN,diet,0.50,2857.1879749392247,12
JPN,diet,afford,2857.1879749392247,12
JPN,glp1,0.20,1306.1649765742986,12
JPN,glp1,0.50,3267.1499925227617,12
JPN,glp1,afford,6540.147365602697,12
MEX,combo,0.20,4081.631298644077,12
MEX,combo,0.50,8217.932359671075,12
MEX,combo,afford,15155.650915752416,12
MEX,diet,0.20,1334.8725227587092,12
MEX,diet,0.50,1334.8725227587092,12
MEX,diet,afford,1334.8725227587092,12
MEX,glp1,0.20,2767.285657363944,12
MEX,glp1,0.50,6934.338613735961,12
MEX,glp1,afford,13923.204058921436,12
NGA,combo,0.20,1433.1871427970143,12
NGA,combo,0.50,3048.3317687438503,12
NGA,combo,afford,2509.239796162914,12
NGA,diet,0.20,359.9441022322753,12
NGA,diet,0.50,359.9441022322753,12
NGA,diet,afford,359.9441022322753,12
NGA,glp1,0.20,1076.31522213039,12
NGA,glp1,0.50,2696.062060770389,12
NGA,glp1,afford,2155.436832008676,12
NZL,combo,0.20,287.6254634838847,12
NZL,combo,0.50,505.9385524616485,12
NZL,combo,afford,870.9733134873791,12
NZL,diet,0.20,142.37631484548206,12
NZL,diet,0.50,142.37631484548206,12
NZL,diet,afford,142.37631484548206,12
NZL,glp1,0.20,147.2979879885072,12
NZL,glp1,0.50,368.6797576992869,12
NZL,glp1,afford,738.8159433926531,12
ROU,combo,0.20,2968.5197259183788,12
ROU,combo,0.50,4116.4921857822,12
ROU,combo,afford,6045.941590011665,12
ROU,diet,0.20,2207.1305252755583,12
ROU,diet,0.50,2207.1305252755583,12
ROU,diet,afford,2207.1305252755583,12
ROU,glp1,0.20,781.1402267961662,12
ROU,glp1,0.50,1958.8402744896207,12
ROU,glp1,afford,3938.109151251204,12
TUR,combo,0.20,4390.487621592883,12
TUR,combo,0.50,8369.546700439501,12
TUR,combo,afford,15044.23612697315,12
TUR,diet,0.20,1748.252602571909,12
TUR,diet,0.50,1748.252602571909,12
TUR,diet,afford,1748.252602571909,12
TUR,glp1,0.20,2667.568292739777,12
TUR,glp1,0.50,6684.621387771139,12
TUR,glp1,afford,13422.612855444602,12
USA,combo,0.20,21039.174394707617,12
USA,combo,0.50,37419.25839891542,12
USA,combo,afford,64839.95406350012,12
USA,diet,0.20,10148.845113779287,12
USA,diet,0.50,10148.845113779287,12
USA,diet,afford,10148.845113779287,12
USA,glp1,0.20,11043.03729444163,12
USA,glp1,0.50,27651.596651692787,12
USA,glp1,afford,55451.466263924965,12
ZAF,combo,0.20,756.6059706212836,12
ZAF,combo,0.50,1796.3604193294868,12
ZAF,combo,afford,2840.4728329942645,12
ZAF,diet,0.20,65.79982869561354,12
ZAF,diet,0.50,65.79982869561354,12
ZAF,diet,afford,65.79982869561354,12
ZAF,glp1,0.20,691.6086610521361,12
ZAF,glp1,0.50,1732.5640264361828,12
ZAF,glp1,afford,2777.873891451738,12
AUS,combo,0.20,1148.354859541309,13
AUS,combo,0.50,1939.5740827981704,13
AUS,combo,afford,3262.455814080577,13
AUS,diet,0.20,621.9075004734623,13
AUS,diet,0.50,621.9075004734623,13
AUS,diet,afford,621.9075004734623,13
AUS,glp1,0.20,535.101848019619,13
AUS,glp1,0.50,1339.2740260682376,13
AUS,glp1,afford,2683.6644462972845,13
BGD,combo,0.20,8242.895160192284,13
BGD,combo,0.50,9775.9688488273,13
BGD,combo,afford,11312.183532839408,13
BGD,diet,0.20,7222.5737274435105,13
BGD,diet,0.50,7222.5737274435105,13
BGD,diet,afford,7222.5737274435105,13
BGD,glp1,0.20,1051.5798799425884,13
BGD,glp1,0.50,2631.5655064687508,13
BGD,glp1,afford,4214.7211008570575,13
BGR,combo,0.20,1222.5142388326997,13
BGR,combo,0.50,1764.638346750537,13
BGR,combo,afford,2676.660437526295,13
BGR,diet,0.20,863.1653650065799,13
BGR,diet,0.50,863.1653650065799,13
BGR,diet,afford,863.1653650065799,13
BGR,glp1,0.20,367.416067896655,13
BGR,glp1,0.50,921.6911586799732,13
BGR,glp1,afford,1854.0997935237965,13
BRA,combo,0.20,9704.07420909881,13
BRA,combo,0.50,15870.29086179637,13
BRA,combo,afford,26171.188388446604,13
BRA,diet,0.20,5599.170099138686,13
BRA,diet,0.50,5599.170099138686,13
BRA,diet,afford,5599.170099138686,13
BRA,glp1,0.20,4183.582407382422,13
BRA,glp1,0.50,10467.428944995529,13
BRA,glp1,afford,20963.319468674807,13
CAN,combo,0.20,1464.4461538930682,13
CAN,combo,0.50,2646.261456145768,13
CAN,combo,afford,4621.889195071599,13
CAN,diet,0.20,678.0386731429908,13
CAN,diet,0.50,678.0386731429908,13
CAN,diet,afford,678.0386731429908,13
CAN,glp1,0.20,795.8276663042388,13
CAN,glp1,0.50,1991.726627274863,13
CAN,glp1,afford,3990.7004189799336,13
CHN,combo,0.20,98614.76345141222,13
CHN,combo,0.50,126782.09948141068,13
CHN,combo,afford,173831.56796674483,13
CHN,diet,0.20,79862.33196890674,13
CHN,diet,0.50,79862.33196890674,13
CHN,diet,afford,79862.33196890674,13
CHN,glp1,0.20,19249.2287594408,13
CHN,glp1,0.50,48161.26920770011,13
CHN,glp1,afford,96450.56601750189,13
DEU,combo,0.20,5453.654654054815,13
DEU,combo,0.50,9792.401177622703,13
DEU,combo,afford,17049.579130734095,13
DEU,diet,0.20,2567.584082799829,13
DEU,diet,0.50,2567.584082799829,13
DEU,diet,afford,2567.584082799829,13
DEU,glp1,0.20,2919.901147314369,13
DEU,glp1,0.50,7309.331094378966,13
DEU,glp1,afford,14650.805528513543,13
EGY,combo,0.20,6030.224609455632,13
EGY,combo,0.50,11857.701661256586,13
EGY,combo,afford,21679.978989446718,13
EGY,diet,0.20,2171.790785965615,13
EGY,diet,0.50,2171.790785965615,13
EGY,diet,afford,2171.790785965615,13
EGY,glp1,0.20,3888.272464622104,13
EGY,glp1,0.50,9760.65137732036,13
EGY,glp1,afford,19658.14972909084,13
GBR,combo,0.20,3083.260594845511,13
GBR,combo,0.50,5444.41327546989,13
GBR,combo,afford,9393.00630065059,13
GBR,diet,0.20,1512.4584781552448,13
GBR,diet,0.50,1512.4584781552448,13
GBR,diet,afford,1512.4584781552448,13
GBR,glp1,0.20,1592.6330604106315,13
GBR,glp1,0.50,3986.4309915134654,13
GBR,glp1,afford,7989.155209175242,13
GLB,combo,0.20,395422.14909424086,13
GLB,combo,0.50,544904.6571319173,13
GLB,combo,afford,794654.4384025547,13
GLB,diet,0.20,295918.8608802698,13
GLB,diet,0.50,295918.8608802698,13
GLB,diet,afford,295918.8608802698,13
GLB,glp1,0.20,101846.7288896495,13
GLB,glp1,0.50,254840.26701609127,13
GLB,glp1,afford,510430.5171670066,13
IND,combo,0.20,46444.67772197303,13
IND,combo,0.50,58167.70833324893,13
IND,combo,afford,77738.67477444137,13
IND,diet,0.20,38637.41303740669,13
IND,diet,0.50,38637.41303740669,13
IND,diet,afford,38637.41303740669,13
IND,glp1,0.20,7949.558426855423,13
IND,glp1,0.50,19885.998677487514,13
IND,glp1,afford,39812.56235850048,13
ISR,combo,0.20,261.3261212897657,13
ISR,combo,0.50,470.0083658773552,13
ISR,combo,afford,819.1636563366011,13
ISR,diet,0.20,122.53865427715346,13
ISR,diet,0.50,122.53865427715346,13
ISR,diet,afford,122.53865427715346,13
ISR,glp1,0.20,140.64049957412294,13
ISR,glp1,0.50,352.09414257009723,13
ISR,glp1,afford,705.8461976338009,13
JPN,combo,0.20,4421.057177745639,13
JPN,combo,0.50,6353.305552604517,13
JPN,combo,afford,9579.046756008329,13
JPN,diet,0.20,3134.2066717410453,13
JPN,diet,0.50,3134.2066717410453,13
JPN,diet,afford,3134.2066717410453,13
JPN,glp1,0.20,1307.7260901318114,13
JPN,glp1,0.50,3271.2449109257323,13
JPN,glp1,afford,6548.989114402859,13
MEX,combo,0.20,4369.3478676325685,13
MEX,combo,0.50,8667.150331513883,13
MEX,combo,afford,15878.682362587891,13
MEX,diet,0.20,1516.0560175123665,13
MEX,diet,0.50,1516.0560175123665,13
MEX,diet,afford,1516.0560175123665,13
MEX,glp1,0.20,2876.1192380779667,13
MEX,glp1,0.50,7208.144729684989,13
MEX,glp1,afford,14476.663658939624,13
NGA,combo,0.20,1526.8746107268234,13
NGA,combo,0.50,3208.96160978169,13
NGA,combo,afford,2647.520787213627,13
NGA,diet,0.20,409.1732737816165,13
NGA,diet,0.50,409.1732737816165,13
NGA,diet,afford,409.1732737816165,13
NGA,glp1,0.20,1121.122080057059,13
NGA,glp1,0.50,2808.335106439703,13
NGA,glp1,afford,2245.1862935089484,13
NZL,combo,0.20,307.02816712915023,13
NZL,combo,0.50,530.6984167446788,13
NZL,combo,afford,904.7743297965238,13
NZL,diet,0.20,158.23562748287657,13
NZL,diet,0.50,158.23562748287657,13
NZL,diet,afford,158.23562748287657,13
NZL,glp1,0.20,151.024288909515,13
NZL,glp1,0.50,378.0392254330996,13
NZL,glp1,afford,757.6809001458479,13
ROU,combo,0.20,3111.080750429237,13
ROU,combo,0.50,4250.275922506531,13
ROU,combo,afford,6165.26708191442,13
ROU,diet,0.20,2355.5837639421384,13
ROU,diet,0.50,2355.5837639421384,13
ROU,diet,afford,2355.5837639421384,13
ROU,glp1,0.20,775.8713072898863,13
ROU,glp1,0.50,1945.748325049739,13
ROU,glp1,afford,3912.2019761947263,13
TUR,combo,0.20,4660.472355785792,13
TUR,combo,0.50,8748.353144043313,13
TUR,combo,afford,15607.327360947049,13
TUR,diet,0.20,1946.403930319415,13
TUR,diet,0.50,1946.403930319415,13
TUR,diet,afford,1946.403930319415,13
TUR,glp1,0.20,2741.6807205783243,13
TUR,glp1,0.50,6870.999232784321,13
TUR,glp1,afford,13799.08235251572,13
USA,combo,0.20,22495.11313092854,13
USA,combo,0.50,39214.14769626371,13
USA,combo,afford,67212.98797871533,13
USA,diet,0.20,11382.074434347567,13
USA,diet,0.50,11382.074434347567,13
USA,diet,afford,11382.074434347567,13
USA,glp1,0.20,11280.989694217904,13
USA,glp1,0.50,28251.4605374284,13
USA,glp1,afford,56667.995948740005,13
ZAF,combo,0.20,782.5407001514031,13
ZAF,combo,0.50,1849.1827781834927,13
ZAF,combo,afford,2920.5327359188577,13
ZAF,diet,0.20,73.99569009904371,13
ZAF,diet,0.50,73.99569009904371,13
ZAF,diet,afford,73.99569009904371,13
ZAF,glp1,0.20,709.4313992644711,13
ZAF,glp1,0.50,1777.4003736183113,13
ZAF,glp1,afford,2850.073970984058,13
AUS,combo,0.20,1223.8270523673025,14
AUS,combo,0.50,2037.419233217358,14
AUS,combo,afford,3397.979863014971,14
AUS,diet,0.20,682.5611372756916,14
AUS,diet,0.50,682.5611372756916,14
AUS,diet,afford,682.5611372756916,14
AUS,glp1,0.20,550.6133906348277,14
AUS,glp1,0.50,1378.2019799181362,14
AUS,glp1,afford,2762.020829307776,14
BGD,combo,0.20,8903.631006995533,14
BGD,combo,0.50,10469.898037290326,14
BGD,combo,afford,12039.345768147832,14
BGD,diet,0.20,7861.202235822405,14
BGD,diet,0.50,7861.202235822405,14
BGD,diet,afford,7861.202235822405,14
BGD,glp1,0.20,1075.413072179066,14
BGD,glp1,0.50,2691.1941222584446,14
BGD,glp1,afford,4310.200890631359,14
BGR,combo,0.20,1259.038433392759,14
BGR,combo,0.50,1793.0143751633248,14
BGR,combo,afford,2691.470923264966,14
BGR,diet,0.20,905.1250323563736,14
BGR,diet,0.50,905.1250323563736,14
BGR,diet,afford,905.1250323563736,14
BGR,glp1,0.20,362.0947973648474,14
BGR,glp1,0.50,908.4010508344898,14
BGR,glp1,afford,1827.5649579969088,14
BRA,combo,0.20,10448.936018399738,14
BRA,combo,0.50,16791.376340292183,14
BRA,combo,afford,27388.41330736613,14
BRA,diet,0.20,6227.151442487808,14
BRA,diet,0.50,6227.151442487808,14
BRA,diet,afford,6227.151442487808,14
BRA,glp1,0.20,4307.853564227808,14
BRA,glp1,0.50,10779.03658787734,14
BRA,glp1,afford,21589.656844097968,14
CAN,combo,0.20,1553.9836792183632,14
CAN,combo,0.50,2758.2519491159264,14
CAN,combo,afford,4771.638100488931,14
CAN,diet,0.20,752.6909918082183,14
CAN,diet,0.50,752.6909918082183,14
CAN,diet,afford,752.6909918082183,14
CAN,glp1,0.20,811.616752556657,14
CAN,glp1,0.50,2031.3259947102551,14
CAN,glp1,afford,4070.324129440929,14
CHN,combo,0.20,107480.02695693009,14
CHN,combo,0.50,136197.55271737365,14
CHN,combo,afford,184166.57588529863,14
CHN,diet,0.20,88361.44250943152,14
CHN,diet,0.50,88361.44250943152,14
CHN,diet,afford,88361.44250943152,14
CHN,glp1,0.20,19657.22472639002,14
CHN,glp1,0.50,49182.38579541155,14
CHN,glp1,afford,98496.56412512844,14
DEU,combo,0.20,5709.506908241641,14
DEU,combo,0.50,10102.655264997316,14
DEU,combo,afford,17451.974517459377,14
DEU,diet,0.20,2787.535107735912,14
DEU,diet,0.50,2787.535107735912,14
DEU,diet,afford,2787.535107735912,14
DEU,glp1,0.20,2958.1082787735577,14
DEU,glp1,0.50,7405.420885345458,14
DEU,glp1,afford,14844.896425573428,14
EGY,combo,0.20,6312.414191650962,14
EGY,combo,0.50,12263.529510916447,14
EGY,combo,afford,22295.321774998345,14
EGY,diet,0.20,2372.3872243351034,14
EGY,diet,0.50,2372.3872243351034,14
EGY,diet,afford,2372.3872243351034,14
EGY,glp1,0.20,3971.699461287764,14
EGY,glp1,0.50,9970.514360065565,14
EGY,glp1,afford,20082.31817595736,14
GBR,combo,0.20,3230.854705113443,14
GBR,combo,0.50,5611.23330461582,14
GBR,combo,afford,9592.48558371127,14
GBR,diet,0.20,1647.3875931471466,14
GBR,diet,0.50,1647.3875931471466,14
GBR,diet,afford,1647.3875931471466,14
GBR,glp1,0.20,1606.901222801399,14
GBR,glp1,0.50,4022.337669190458,14
GBR,glp1,afford,8061.76246629133,14
GLB,combo,0.20,428167.56821910513,14
GLB,combo,0.50,580492.5071298858,14
GLB,combo,afford,835006.2160352451,14
GLB,diet,0.20,326775.8976229066,14
GLB,diet,0.50,326775.8976229066,14
GLB,diet,afford,326775.8976229066,14
GLB,glp1,0.20,103932.16580930456,14
GLB,glp1,0.50,260064.50630306604,14
GLB,glp1,afford,520914.7303375832,14
IND,combo,0.20,50209.39692608208,14
IND,combo,0.50,62155.075661076975,14
IND,combo,afford,82097.96999865897,14
IND,diet,0.20,42253.90925153633,14
IND,diet,0.50,42253.90925153633,14
IND,diet,afford,42253.90925153633,14
IND,glp1,0.20,8107.392849157448,14
IND,glp1,0.50,20280.93524740319,14
IND,glp1,afford,40603.6153058026,14
ISR,combo,0.20,279.7752393011815,14
ISR,combo,0.50,496.087404370604,14
ISR,combo,afford,858.1387723399149,14
ISR,diet,0.20,135.94530194665663,14
ISR,diet,0.50,135.94530194665663,14
ISR,diet,afford,135.94530194665663,14
ISR,glp1,0.20,145.8569497932382,14
ISR,glp1,0.50,365.2021690107849,14
ISR,glp1,afford,732.2881971260877,14
JPN,combo,0.20,4664.621129952753,14
JPN,combo,0.50,6594.610082707815,14
JPN,combo,afford,9817.075280394176,14
JPN,diet,0.20,3379.396377507542,14
JPN,diet,0.50,3379.396377507542,14
JPN,diet,afford,3379.396377507542,14
JPN,glp1,0.20,1307.402529648698,14
JPN,glp1,0.50,3270.6183059284485,14
JPN,glp1,afford,6548.355536440686,14
MEX,combo,0.20,4650.610177074528,14
MEX,combo,0.50,9109.346970957506,14
MEX,combo,afford,16594.06379346149,14
MEX,diet,0.20,1691.2392256518451,14
MEX,diet,0.50,1691.2392256518451,14
MEX,diet,afford,1691.2392256518451,14
MEX,glp1,0.20,2984.312621750818,14
MEX,glp1,0.50,7480.468356821795,14
MEX,glp1,afford,15027.564750525877,14
NGA,combo,0.20,1622.29991852045,14
NGA,combo,0.50,3375.3178717735173,14
NGA,combo,afford,2790.196384361847,14
NGA,diet,0.20,457.492619386343,14
NGA,diet,0.50,457.492619386343,14
NGA,diet,afford,457.492619386343,14
NGA,glp1,0.20,1168.5562480355911,14
NGA,glp1,0.50,2927.193761401548,14
NGA,glp1,afford,2340.199609606665,14
NZL,combo,0.20,325.008129764817,14
NZL,combo,0.50,553.7455306435171,14
NZL,combo,afford,936.3805757895536,14
NZL,diet,0.20,172.86585860946775,14
NZL,diet,0.50,172.86585860946775,14
NZL,diet,afford,172.86585860946775,14
NZL,glp1,0.20,154.5338512494783,14
NZL,glp1,0.50,386.8575571721258,14
NZL,glp1,afford,775.4660240784887,14
ROU,combo,0.20,3227.1478309445747,14
ROU,combo,0.50,4357.825317892884,14
ROU,combo,afford,6258.714040293096,14
ROU,diet,0.20,2477.351427702297,14
ROU,diet,0.50,2477.351427702297,14
ROU,diet,afford,2477.351427702297,14
ROU,glp1,0.20,770.5545328387466,14
ROU,glp1,0.50,1932.507087551706,14
ROU,glp1,afford,3885.894711439474,14
TUR,combo,0.20,4917.829834147513,14
TUR,combo,0.50,9112.9168094614,14
TUR,combo,afford,16153.493529506404,14
TUR,diet,0.20,2133.00773199138,14
TUR,diet,0.50,2133.00773199138,14
TUR,diet,afford,2133.00773199138,14
TUR,glp1,0.20,2814.471652828346,14
TUR,glp1,0.50,7054.080221710919,14
TUR,glp1,afford,14168.980717932036,14
USA,combo,0.20,23844.08269117454,14
USA,combo,0.50,40867.36211159341,14
USA,combo,afford,69386.52010792485,14
USA,diet,0.20,12531.472631542494,14
USA,diet,0.50,12531.472631542494,14
USA,diet,afford,12531.472631542494,14
USA,glp1,0.20,11494.001679499808,14
USA,glp1,0.50,28789.002094900003,14
USA,glp1,afford,57759.99052780808,14
ZAF,combo,0.20,807.9001931236198,14
ZAF,combo,0.50,1901.179232241668,14
ZAF,combo,afford,2999.4986992019003,14
ZAF,diet,0.20,81.77377858526233,14
ZAF,diet,0.50,81.77377858526233,14
ZAF,diet,afford,81.77377858526233,14
ZAF,glp1,0.20,727.0894175605063,14
ZAF,glp1,0.50,1821.810517981932,14
ZAF,glp1,afford,2921.5690825172405,14
AUS,combo,0.20,1293.9805256099717,15
AUS,combo,0.50,2128.692126311732,15
AUS,combo,afford,3524.850803495714,15
AUS,diet,0.20,738.7337412130037,15
AUS,diet,0.50,738.7337412130037,15
AUS,diet,afford,738.7337412130037,15
AUS,glp1,0.20,565.211606154202,15
AUS,glp1,0.50,1414.8502405001443,15
AUS,glp1,afford,2835.830359428545,15
BGD,combo,0.20,9507.581052504913,15
BGD,combo,0.50,11107.592938512507,15
BGD,combo,afford,12710.828738060112,15
BGD,diet,0.20,8442.679324703513,15
BGD,diet,0.50,8442.679324703513,15
BGD,diet,afford,8442.679324703513,15
BGD,glp1,0.20,1099.2939985921166,15
BGD,glp1,0.50,2750.9448526905944,15
BGD,glp1,afford,4405.880327675541,15
BGR,combo,0.20,1286.2879756951015,15
BGR,combo,0.50,1812.273328013196,15
BGR,combo,afford,2697.397724567586,15
BGR,diet,0.20,937.6980188600668,15
BGR,diet,0.50,937.6980188600668,15
BGR,diet,afford,937.6980188600668,15
BGR,glp1,0.20,356.8103602077145,15
BGR,glp1,0.50,895.1914409120892,15
BGR,glp1,afford,1801.1511229987705,15
BRA,combo,0.20,11160.711671853564,15
BRA,combo,0.50,17675.50087215722,15
BRA,combo,afford,28562.26542913412,15
BRA,diet,0.20,6824.641534614115,15
BRA,diet,0.50,6824.641534614115,15
BRA,diet,afford,6824.641534614115,15
BRA,glp1,0.20,4428.872938029395,15
BRA,glp1,0.50,11082.54370403718,15
BRA,glp1,afford,22199.889353574246,15
CAN,combo,0.20,1638.1890861706052,15
CAN,combo,0.50,2863.289514366345,15
CAN,combo,afford,4911.729476070419,15
CAN,diet,0.20,823.0909312573258,15
CAN,diet,0.50,823.0909312573258,15
CAN,diet,afford,823.0909312573258,15
CAN,glp1,0.20,826.2487620337397,15
CAN,glp1,0.50,2068.032543182856,15
CAN,glp1,afford,4144.161765139646,15
CHN,combo,0.20,115818.55965281882,15
CHN,combo,0.50,145087.77436689287,15
CHN,combo,afford,193978.8132700605,15
CHN,diet,0.20,96332.8150288377,15
CHN,diet,0.50,96332.8150288377,15
CHN,diet,afford,96332.8150288377,15
CHN,glp1,0.20,20061.59336682489,15
CHN,glp1,0.50,50194.44507875906,15
CHN,glp1,afford,100524.47848425824,15
DEU,combo,0.20,5945.847301668975,15
DEU,combo,0.50,10392.510677183029,15
DEU,combo,afford,17832.63875512417,15
DEU,diet,0.20,2988.6014993832136,15
DEU,diet,0.50,2988.6014993832136,15
DEU,diet,afford,2988.6014993832136,15
DEU,glp1,0.20,2995.387077830645,15
DEU,glp1,0.50,7499.24627089725,15
DEU,glp1,afford,15034.648276081982,15
EGY,combo,0.20,6586.191421414773,15
EGY,combo,0.50,12668.646845754847,15
EGY,combo,afford,22922.81627963441,15
EGY,diet,0.20,2559.446730504056,15
EGY,diet,0.50,2559.446730504056,15
EGY,diet,afford,2559.446730504056,15
EGY,glp1,0.20,4059.9868878402303,15
EGY,glp1,0.50,10192.544026593743,15
EGY,glp1,afford,20530.8582257014,15
GBR,combo,0.20,3366.2523112776216,15
GBR,combo,0.50,5764.91734251722,15
GBR,combo,afford,9777.226930148609,15
GBR,diet,0.20,1770.737619896135,15
GBR,diet,0.50,1770.737619896135,15
GBR,diet,afford,1770.737619896135,15
GBR,glp1,0.20,1620.356700288573,15
GBR,glp1,0.50,4056.201065206821,15
GBR,glp1,afford,8130.244221513157,15
GLB,combo,0.20,459099.5548498385,15
GLB,combo,0.50,614280.4513145798,15
GLB,combo,afford,873580.1401761568,15
GLB,diet,0.20,355810.3686731812,15
GLB,diet,0.50,355810.3686731812,15
GLB,diet,afford,355810.3686731812,15
GLB,glp1,0.20,106006.44164763276,15
GLB,glp1,0.50,265260.809273534,15
GLB,glp1,afford,531342.9340102255,15
IND,combo,0.20,53707.99872091779,15
IND,combo,0.50,65881.87924131982,15
IND,combo,afford,86205.92099106859,15
IND,diet,0.20,45600.57686832374,15
IND,diet,0.50,45600.57686832374,15
IND,diet,afford,45600.57686832374,15
IND,glp1,0.20,8267.599445832064,15
IND,glp1,0.50,20681.791264173706,15
IND,glp1,afford,41406.46902506925,15
ISR,combo,0.20,297.30341564033847,15
ISR,combo,0.50,520.9492769550222,15
ISR,combo,afford,895.4073024422215,15
ISR,diet,0.20,148.62947657640552,15
ISR,diet,0.50,148.62947657640552,15
ISR,diet,afford,148.62947657640552,15
ISR,glp1,0.20,150.86046130306227,15
ISR,glp1,0.50,377.7795312848458,15
ISR,glp1,afford,757.6748356269117,15
JPN,combo,0.20,4876.85059712689,15
JPN,combo,0.50,6802.5714158191295,15
JPN,combo,afford,10018.378118130688,15
JPN,diet,0.20,3594.582019041464,15
JPN,diet,0.50,3594.582019041464,15
JPN,diet,afford,3594.582019041464,15
JPN,glp1,0.20,1305.5295955114416,15
JPN,glp1,0.50,3266.10567026243,15
JPN,glp1,afford,6539.908173119617,15
MEX,combo,0.20,4923.880906529061,15
MEX,combo,0.50,9541.838852215433,15
MEX,combo,afford,17297.16855909286,15
MEX,diet,0.20,1859.640398250789,15
MEX,diet,0.50,1859.640398250789,15
MEX,diet,afford,1859.640398250789,15
MEX,glp1,0.20,3091.1122542246703,15
MEX,glp1,0.50,7749.411950140917,15
MEX,glp1,afford,15572.067655998948,15
NGA,combo,0.20,1718.8599860121358,15
NGA,combo,0.50,3546.035268424952,15
NGA,combo,afford,2936.1551051815222,15
NGA,diet,0.20,504.8085158520844,15
NGA,diet,0.50,504.8085158520844,15
NGA,diet,afford,504.8085158520844,15
NGA,glp1,0.20,1218.109570037359,15
NGA,glp1,0.50,3051.36955464046,15
NGA,glp1,afford,2439.461490823724,15
NZL,combo,0.20,341.58044244934456,15
NZL,combo,0.50,575.0858933901586,15
NZL,combo,afford,965.7820528385786,15
NZL,diet,0.20,186.2879471565002,15
NZL,diet,0.50,186.2879471565002,15
NZL,diet,afford,186.2879471565002,15
NZL,glp1,0.20,157.822886594314,15
NZL,glp1,0.50,395.12487831906,15
NZL,glp1,afford,792.1502270468604,15
ROU,combo,0.20,3320.876403142112,15
ROU,combo,0.50,4443.516075887244,15
ROU,combo,afford,6331.04028157487,15
ROU,diet,0.20,2576.4458840110933,15
ROU,diet,0.50,2576.4458840110933,15
ROU,diet,afford,2576.4458840110933,15
ROU,glp1,0.20,765.3934089866013,15
ROU,glp1,0.50,1919.6309103560843,15
ROU,glp1,afford,3860.2345416213793,15
TUR,combo,0.20,5162.729499704372,15
TUR,combo,0.50,9463.212662323644,15
TUR,combo,afford,16682.371210846097,15
TUR,diet,0.20,2308.359553441041,15
TUR,diet,0.50,2308.359553441041,15
TUR,diet,afford,2308.359553441041,15
TUR,glp1,0.20,2885.837529966615,15
TUR,glp1,0.50,7233.5992773958205,15
TUR,glp1,afford,14531.757121337074,15
USA,combo,0.20,25079.483533997045,15
USA,combo,0.50,42371.91974093668,15
USA,combo,afford,71352.78032235,15
USA,diet,0.20,13590.65764682983,15
USA,diet,0.50,13590.65764682983,15
USA,diet,afford,13590.65764682983,15
USA,glp1,0.20,11681.885328700737,15
USA,glp1,0.50,29263.688893424274,15
USA,glp1,afford,58726.17512966826,15
ZAF,combo,0.20,832.6603306139586,15
ZAF,combo,0.50,1952.304981360674,15
ZAF,combo,afford,3077.3044277092304,15
ZAF,diet,0.20,89.12341327029935,15
ZAF,diet,0.50,89.12341327029935,15
ZAF,diet,afford,89.12341327029935,15
ZAF,glp1,0.20,744.5697950993326,15
ZAF,glp1,0.50,1865.7616125220684,15
ZAF,glp1,afford,2992.3056140595327,15
AUS,combo,0.20,1359.003600333178,16
AUS,combo,0.50,2213.57191454512,16
AUS,combo,afford,3643.22749261389,16
AUS,diet,0.20,790.618501829324,16
AUS,diet,0.50,790.618501829324,16
AUS,diet,afford,790.618501829324,16
AUS,glp1,0.20,578.8992019819116,16
AUS,glp1,0.50,1449.2234942603243,16
AUS,glp1,afford,2905.095423361876,16
BGD,combo,0.20,10059.35679898378,16
BGD,combo,0.50,11693.282011160683,16
BGD,combo,afford,13330.479841895309,16
BGD,diet,0.20,8971.87293868215,16
BGD,diet,0.50,8971.87293868215,16
BGD,diet,afford,8971.87293868215,16
BGD,glp1,0.20,1123.0236621172662,16
BGD,glp1,0.50,2810.321492701938,16
BGD,glp1,afford,4500.967579374319,16
BGR,combo,0.20,1306.0194716083229,16
BGR,combo,0.50,1824.2495116321047,16
BGR,combo,afford,2696.411736304818,16
BGR,diet,0.20,962.5908447907976,16
BGR,diet,0.50,962.5908447907976,16
BGR,diet,afford,962.5908447907976,16
BGR,glp1,0.20,351.63467739242674,16
BGR,glp1,0.50,882.2448366288161,16
BGR,glp1,afford,1775.232541818103,16
BRA,combo,0.20,11837.465943513747,16
BRA,combo,0.50,18520.16286791053,16
BRA,combo,afford,29689.30241583324,16
BRA,diet,0.20,7390.083474975909,16
BRA,diet,0.50,7390.083474975909,16
BRA,diet,afford,7390.083474975909,16
BRA,glp1,0.20,4546.282060897451,16
BRA,glp1,0.50,11377.053053183085,16
BRA,glp1,afford,22792.21917502297,16
CAN,combo,0.20,1716.7246109464331,16
CAN,combo,0.50,2960.880097260162,16
CAN,combo,afford,5041.405622754072,16
CAN,diet,0.20,889.004128754018,16
CAN,diet,0.50,889.004128754018,16
CAN,diet,afford,889.004128754018,16
CAN,glp1,0.20,839.6211266501741,16
CAN,glp1,0.50,2101.588466312969,16
CAN,glp1,afford,4211.693105328449,16
CHN,combo,0.20,123617.44237639615,16
CHN,combo,0.50,153432.67207935677,16
CHN,combo,afford,203236.29260798075,16
CHN,diet,0.20,103768.3271567544,16
CHN,diet,0.50,103768.3271567544,16
CHN,diet,afford,103768.3271567544,16
CHN,glp1,0.20,20457.854612211333,16
CHN,glp1,0.50,51186.26145111969,16
CHN,glp1,afford,102511.98783285494,16
DEU,combo,0.20,6162.198421185833,16
DEU,combo,0.50,10659.66075415404,16
DEU,combo,afford,18186.20711893953,16
DEU,diet,0.20,3171.522775315116,16
DEU,diet,0.50,3171.522775315116,16
DEU,diet,afford,3171.522775315116,16
DEU,glp1,0.20,3030.54355229684,16
DEU,glp1,0.50,7587.817785428353,16
DEU,glp1,afford,15214.06812577674,16
EGY,combo,0.20,6851.994449113863,16
EGY,combo,0.50,13072.301244101423,16
EGY,combo,afford,23559.81034903697,16
EGY,diet,0.20,2734.221598187564,16
EGY,diet,0.50,2734.221598187564,16
EGY,diet,afford,2734.221598187564,16
EGY,glp1,0.20,4152.360587607549,16
EGY,glp1,0.50,10424.8350027148,16
EGY,glp1,afford,21000.06195103251,16
GBR,combo,0.20,3490.285411209481,16
GBR,combo,0.50,5906.301606811095,16
GBR,combo,afford,9948.07666023995,16
GBR,diet,0.20,1883.3385086272629,16
GBR,diet,0.50,1883.3385086272629,16
GBR,diet,afford,1883.3385086272629,16
GBR,glp1,0.20,1633.0238750064343,16
GBR,glp1,0.50,4088.0827457261594,16
GBR,glp1,afford,8194.725637486272,16
GLB,combo,0.20,488217.2349514654,16
GLB,combo,0.50,646247.1065311207,16
GLB,combo,afford,910320.8600365272,16
GLB,diet,0.20,383035.12510353513,16
GLB,diet,0.50,383035.12510353513,16
GLB,diet,afford,383035.12510353513,16
GLB,glp1,0.20,108057.38081176276,16
GLB,glp1,0.50,270398.7766017857,16
GLB,glp1,afford,541654.4660980451,16
IND,combo,0.20,56958.09333053276,16
IND,combo,0.50,69363.76144896398,16
IND,combo,afford,90074.920330703,16
IND,diet,0.20,48696.34544699987,16
IND,diet,0.50,48696.34544699987,16
IND,diet,afford,48696.34544699987,16
IND,glp1,0.20,8429.044694517128,16
IND,glp1,0.50,21085.74277561625,16
IND,glp1,afford,42215.50865125262,16
ISR,combo,0.20,313.91481931098315,16
ISR,combo,0.50,544.6017385511568,16
ISR,combo,afford,930.980394450841,16
ISR,diet,0.20,160.59231913706003,16
ISR,diet,0.50,160.59231913706003,16
ISR,diet,afford,160.59231913706003,16
ISR,glp1,0.20,155.65510754481556,16
ISR,glp1,0.50,389.8353980377237,16
ISR,glp1,afford,782.0210326483453,16
JPN,combo,0.20,5060.870356989395,16
JPN,combo,0.50,6980.789640568695,16
JPN,combo,afford,10187.3438870871,16
JPN,diet,0.20,3782.570640639984,16
JPN,diet,0.50,3782.570640639984,16
JPN,diet,afford,3782.570640639984,16
JPN,glp1,0.20,1302.4560214869923,16
JPN,glp1,0.50,3258.577282268096,16
JPN,glp1,afford,6525.382168697077,16
MEX,combo,0.20,5188.179782249084,16
MEX,combo,0.50,9962.629419105257,16
MEX,combo,afford,17984.268179227693,16
MEX,diet,0.20,2020.9471598613927,16
MEX,diet,0.50,2020.9471598613927,16
MEX,diet,afford,2020.9471598613927,16
MEX,glp1,0.20,3195.85876331052,16
MEX,glp1,0.50,8013.311823147509,16
MEX,glp1,afford,16106.794505186532,16
NGA,combo,0.20,1816.078149814828,16
NGA,combo,0.50,3719.9288339929262,16
NGA,combo,afford,3084.4479455202927,16
NGA,diet,0.20,551.1171955537793,16
NGA,diet,0.50,551.1171955537793,16
NGA,diet,afford,551.1171955537793,16
NGA,glp1,0.20,1269.3109606369835,16
NGA,glp1,0.50,3179.6857646760764,16
NGA,glp1,afford,2542.030295084241,16
NZL,combo,0.20,356.8056598933166,16
NZL,combo,0.50,594.774540975738,16
NZL,combo,afford,993.0238113455836,16
NZL,diet,0.20,198.5659294291296,16
NZL,diet,0.50,198.5659294291296,16
NZL,diet,afford,198.5659294291296,16
NZL,glp1,0.20,160.89026327590545,16
NZL,glp1,0.50,402.83799878045374,16
NZL,glp1,afford,807.7259254569069,16
ROU,combo,0.20,3396.228005150447,16
ROU,combo,0.50,4511.4566603609765,16
ROU,combo,afford,6386.617539079908,16
ROU,diet,0.20,2656.735274475501,16
ROU,diet,0.50,2656.735274475501,16
ROU,diet,afford,2656.735274475501,16
ROU,glp1,0.20,760.5302634885106,16
ROU,glp1,0.50,1907.482545748851,16
ROU,glp1,afford,3835.970252168711,16
TUR,combo,0.20,5395.738086491016,16
TUR,combo,0.50,9799.669748415265,16
TUR,combo,afford,17194.150913677382,16
TUR,diet,0.20,2473.115696700173,16
TUR,diet,0.50,2473.115696700173,16
TUR,diet,afford,2473.115696700173,16
TUR,glp1,0.20,2955.7133799172334,16
TUR,glp1,0.50,7409.38995091719,16
TUR,glp1,afford,14887.06508317274,16
USA,combo,0.20,26199.680925523066,16
USA,combo,0.50,43726.41767506473,16
USA,combo,afford,73110.61144263533,16
USA,diet,0.20,14557.805516582635,16
USA,diet,0.50,14557.805516582635,16
USA,diet,afford,14557.805516582635,16
USA,glp1,0.20,11844.921109133342,16
USA,glp1,0.50,29676.164061303178,16
USA,glp1,afford,59567.64053942509,16
ZAF,combo,0.20,856.8294097152047,16
ZAF,combo,0.50,2002.560422492099,16
ZAF,combo,afford,3153.942499460796,16
ZAF,diet,0.20,96.05829067188824,16
ZAF,diet,0.50,96.05829067188824,16
ZAF,diet,afford,96.05829067188824,16
ZAF,glp1,0.20,761.8678476172608,16
ZAF,glp1,0.50,1909.24212855638,16
ZAF,glp1,afford,3062.265253162126,16
AUS,combo,0.20,1419.1883713342922,17
AUS,combo,0.50,2292.3657641924733,17
AUS,combo,afford,3753.437918786474,17
AUS,diet,0.20,838.4964054220883,17
AUS,diet,0.50,838.4964054220883,17
AUS,diet,afford,838.4964054220883,17
AUS,glp1,0.20,591.694999956479,17
AUS,glp1,0.50,1481.3670410556329,17
AUS,glp1,afford,2969.900710553952,17
BGD,combo,0.20,10564.16553618726,17
BGD,combo,0.50,12231.820257817397,17
BGD,combo,afford,13902.803194462198,17
BGD,diet,0.20,9454.225980611554,17
BGD,diet,0.50,9454.225980611554,17
BGD,diet,afford,9454.225980611554,17
BGD,glp1,0.20,1146.4168966775687,17
BGD,glp1,0.50,2868.862086464578,17
BGD,glp1,afford,4594.725087548906,17
BGR,combo,0.20,1319.740858728151,17
BGR,combo,0.50,1830.498235760443,17
BGR,combo,afford,2690.153799008083,17
BGR,diet,0.20,981.281456330042,17
BGR,diet,0.50,981.281456330042,17
BGR,diet,afford,981.281456330042,17
BGR,glp1,0.20,346.6136382255281,17
BGR,glp1,0.50,869.6785081017136,17
BGR,glp1,afford,1750.052463064948,17
BRA,combo,0.20,12478.447897326914,17
BRA,combo,0.50,19324.0407220122,17
BRA,combo,afford,30767.253722218706,17
BRA,diet,0.20,7923.107270213601,17
BRA,diet,0.50,7923.107270213601,17
BRA,diet,afford,7923.107270213601,17
BRA,glp1,0.20,4659.734003677258,17
BRA,glp1,0.50,11661.69603909726,17
BRA,glp1,afford,23364.90506957492,17
CAN,combo,0.20,1789.4366535464187,17
CAN,combo,0.50,3050.765504122379,17
CAN,combo,afford,5160.230811743015,17
CAN,diet,0.20,950.3459113374356,17
CAN,diet,0.50,950.3459113374356,17
CAN,diet,afford,950.3459113374356,17
CAN,glp1,0.20,851.667465465076,17
CAN,glp1,0.50,2131.8264271724047,17
CAN,glp1,afford,4272.578856126375,17
CHN,combo,0.20,130879.2361703383,17
CHN,combo,0.50,161228.0594828598,17
CHN,combo,afford,211923.62694806172,17
CHN,diet,0.20,110675.04917181944,17
CHN,diet,0.50,110675.04917181944,17
CHN,diet,afford,110675.04917181944,17
CHN,glp1,0.20,20841.856806166677,17
CHN,glp1,0.50,52147.466293414895,17
CHN,glp1,afford,104438.3911760395,17
DEU,combo,0.20,6358.274577913657,17
DEU,combo,0.50,10902.24074596702,17
DEU,combo,afford,18508.159709978627,17
DEU,diet,0.20,3337.059965266708,17
DEU,diet,0.50,3337.059965266708,17
DEU,diet,afford,3337.059965266708,17
DEU,glp1,0.20,3062.552199953334,17
DEU,glp1,0.50,7668.562145807176,17
DEU,glp1,afford,15377.97820572164,17
EGY,combo,0.20,7110.115078164341,17
EGY,combo,0.50,13473.341019366726,17
EGY,combo,afford,24202.825834200463,17
EGY,diet,0.20,2897.985053541601,17
EGY,diet,0.50,2897.985053541601,17
EGY,diet,afford,2897.985053541601,17
EGY,glp1,0.20,4247.872363259034,17
EGY,glp1,0.50,10665.045130376566,17
EGY,glp1,afford,21485.3423978758,17
GBR,combo,0.20,3603.859831540375,17
GBR,combo,0.50,6036.260654972081,17
GBR,combo,afford,10105.860926946514,17
GBR,diet,0.20,1986.117857799547,17
GBR,diet,0.50,1986.117857799547,17
GBR,diet,afford,1986.117857799547,17
GBR,glp1,0.20,1644.9020866842557,17
GBR,glp1,0.50,4117.982049119297,17
GBR,glp1,afford,8255.208680690068,17
GLB,combo,0.20,515570.2052445064,17
GLB,combo,0.50,676423.2535686317,17
GLB,combo,afford,945227.9709300617,17
GLB,diet,0.20,408512.350229656,17
GLB,diet,0.50,408512.350229656,17
GLB,diet,afford,408512.350229656,17
GLB,glp1,0.20,110074.12673835002,17
GLB,glp1,0.50,275451.2990652028,17
GLB,glp1,afford,551795.2187318751,17
IND,combo,0.20,59980.3147202165,17
IND,combo,0.50,72619.26542638837,17
IND,combo,afford,93720.05168904785,17
IND,diet,0.20,51563.24908870373,17
IND,diet,0.50,51563.24908870373,17
IND,diet,afford,51563.24908870373,17
IND,glp1,0.20,8590.500656908887,17
IND,glp1,0.50,21489.728398454085,17
IND,glp1,afford,43024.63982761631,17
ISR,combo,0.20,329.65443926375906,17
ISR,combo,0.50,567.1057748716628,17
ISR,combo,afford,964.9434692753732,17
ISR,diet,0.20,171.86760878977998,17
ISR,diet,0.50,171.86760878977998,17
ISR,diet,afford,171.86760878977998,17
ISR,glp1,0.20,160.25349594708223,17
ISR,glp1,0.50,401.4004196600174,17
ISR,glp1,afford,805.3851487536654,17
JPN,combo,0.20,5220.152070060794,17
JPN,combo,0.50,7133.186640352793,17
JPN,combo,afford,10328.643841511068,17
JPN,diet,0.20,3946.5335497700103,17
JPN,diet,0.50,3946.5335497700103,17
JPN,diet,afford,3946.5335497700103,17
JPN,glp1,0.20,1298.512552592616,17
JPN,glp1,0.50,3248.859505003187,17
JPN,glp1,afford,6506.428394745206,17
MEX,combo,0.20,5442.848551496139,17
MEX,combo,0.50,10370.149045381746,17
MEX,combo,afford,18652.23326176894,17
MEX,diet,0.20,2175.0986659483788,17
MEX,diet,0.50,2175.0986659483788,17
MEX,diet,afford,2175.0986659483788,17
MEX,glp1,0.20,3297.965863522146,17
MEX,glp1,0.50,8270.686295077245,17
MEX,glp1,afford,16628.728573126835,17
NGA,combo,0.20,1913.5410061541409,17
NGA,combo,0.50,3895.9169586142016,17
NGA,combo,afford,3234.2159771138395,17
NGA,diet,0.20,596.4509943897647,17
NGA,diet,0.50,596.4509943897647,17
NGA,diet,afford,596.4509943897647,17
NGA,glp1,0.20,1321.7164980383675,17
NGA,glp1,0.50,3311.0329525499765,17
NGA,glp1,afford,2647.0183737943444,17
NZL,combo,0.20,370.76332465786425,17
NZL,combo,0.50,612.8885054519639,17
NZL,combo,afford,1018.1779732501948,17
NZL,diet,0.20,209.78084060620571,17
NZL,diet,0.50,209.78084060620571,17
NZL,diet,afford,209.78084060620571,17
NZL,glp1,0.20,163.73676401186117,17
NZL,glp1,0.50,409.99855607579866,17
NZL,glp1,afford,822.1953255790077,17
ROU,combo,0.20,3456.6530740898656,17
ROU,combo,0.50,4565.154727226685,17
ROU,combo,afford,6429.067609254972,17
ROU,diet,0.20,2721.6364890613195,17
ROU,diet,0.50,2721.6364890613195,17
ROU,diet,afford,2721.6364890613195,17
ROU,glp1,0.20,756.0357243008946,17
ROU,glp1,0.50,1896.245664911823,17
ROU,glp1,afford,3813.493239441741,17
TUR,combo,0.20,5617.5436361492975,17
TUR,combo,0.50,10122.846940197203,17
TUR,combo,afford,17689.17245364035,17
TUR,diet,0.20,2628.0494175511703,17
TUR,diet,0.50,2628.0494175511703,17
TUR,diet,afford,2628.0494175511703,17
TUR,glp1,0.20,3024.0371619557845,17
TUR,glp1,0.50,7581.295277614867,17
TUR,glp1,afford,15234.584255347816,17
USA,combo,0.20,27206.313293479383,17
USA,combo,0.50,44933.28278670232,17
USA,combo,afford,74663.62817133433,17
USA,diet,0.20,15433.998078981998,17
USA,diet,0.50,15433.998078981998,17
USA,diet,afford,15433.998078981998,17
USA,glp1,0.20,11983.788826654796,17
USA,glp1,0.50,30028.07537460794,17
USA,glp1,afford,60287.50730999235,17
ZAF,combo,0.20,880.4296749492587,17
ZAF,combo,0.50,2051.962657615344,17
ZAF,combo,afford,3229.425819059972,17
ZAF,diet,0.20,102.60467589227484,17
ZAF,diet,0.50,102.60467589227484,17
ZAF,diet,afford,102.60467589227484,17
ZAF,glp1,0.20,778.9803125067065,17
ZAF,glp1,0.50,1952.2447848355716,17
ZAF,glp1,afford,3131.4376293262267,17
AUS,combo,0.20,1474.865453495447,18
AUS,combo,0.50,2365.4364972005897,18
AUS,combo,afford,3855.89498962694,18
AUS,diet,0.20,882.6757126467965,18
AUS,diet,0.50,882.6757126467965,18
AUS,diet,afford,882.6757126467965,18
AUS,glp1,0.20,603.6285021837666,18
AUS,glp1,0.50,1511.3531922744965,18
AUS,glp1,afford,3030.385962521404,18
BGD,combo,0.20,11027.025761052671,18
BGD,combo,0.50,12727.892111541189,18
BGD,combo,afford,14432.150068992692,18
BGD,diet,0.20,9894.98013767954,18
BGD,diet,0.50,9894.98013767954,18
BGD,diet,afford,9894.98013767954,18
BGD,glp1,0.20,1169.2917393141431,18
BGD,glp1,0.50,2926.112390028964,18
BGD,glp1,afford,4686.427158327759,18
BGR,combo,0.20,1328.6746706947088,18
BGR,combo,0.50,1832.2594234755109,18
BGR,combo,afford,2679.898689300351,18
BGR,diet,0.20,994.9822112354038,18
BGR,diet,0.50,994.9822112354038,18
BGR,diet,afford,994.9822112354038,18
BGR,glp1,0.20,341.76851859130693,18
BGR,glp1,0.50,857.547923676697,18
BGR,glp1,afford,1725.7296287266165,18
BRA,combo,0.20,13083.571987103052,18
BRA,combo,0.50,20086.47506530044,18
BRA,combo,afford,31794.50510721644,18
BRA,diet,0.20,8424.010251222433,18
BRA,diet,0.50,8424.010251222433,18
BRA,diet,afford,8424.010251222433,18
BRA,glp1,0.20,4768.885434232572,18
BRA,glp1,0.50,11935.613058931893,18
BRA,glp1,afford,23916.2237630475,18
CAN,combo,0.20,1856.296697510844,18
CAN,combo,0.50,3132.8601483530074,18
CAN,combo,afford,5268.021234110414,18
CAN,diet,0.20,1007.1250368070322,18
CAN,diet,0.50,1007.1250368070322,18
CAN,diet,afford,1007.1250368070322,18
CAN,glp1,0.20,862.3539377078268,18
CAN,glp1,0.50,2158.6605032512643,18
CAN,glp1,afford,4326.6427532689,18
CHN,combo,0.20,137613.40970298214,18
CHN,combo,0.50,168477.01941278332,18
CHN,combo,afford,220033.2883263964,18
CHN,diet,0.20,117066.71474655296,18
CHN,diet,0.50,117066.71474655296,18
CHN,diet,afford,117066.71474655296,18
CHN,glp1,0.20,21209.678671476824,18
CHN,glp1,0.50,53068.26355439324,18
CHN,glp1,afford,106284.1212369394,18
DEU,combo,0.20,6533.936282159953,18
DEU,combo,0.50,11118.834385783946,18
DEU,combo,afford,18794.919923902235,18
DEU,diet,0.20,3485.916611540273,18
DEU,diet,0.50,3485.916611540273,18
DEU,diet,afford,3485.916611540273,18
DEU,glp1,0.20,3090.589194538974,18
DEU,glp1,0.50,7739.407071612579,18
DEU,glp1,afford,15522.191791696348,18
EGY,combo,0.20,7360.485848867069,18
EGY,combo,0.50,13869.974522341883,18
EGY,combo,afford,24847.26856617361,18
EGY,diet,0.20,3051.83608580898,18
EGY,diet,0.50,3051.83608580898,18
EGY,diet,afford,3051.83608580898,18
EGY,glp1,0.20,4345.380668998405,18
EGY,glp1,0.50,10910.345936955848,18
EGY,glp1,afford,21981.130392800256,18
GBR,combo,0.20,3707.8136262774487,18
GBR,combo,0.50,6155.566095811447,18
GBR,combo,afford,10251.24443365035,18
GBR,diet,0.20,2079.958973126377,18
GBR,diet,0.50,2079.958973126377,18
GBR,diet,afford,2079.958973126377,18
GBR,glp1,0.20,1655.9643872180122,18
GBR,glp1,0.50,4145.832750547494,18
GBR,glp1,afford,8311.564722432347,18
GLB,combo,0.20,541230.2611004179,18
GLB,combo,0.50,704863.1619217201,18
GLB,combo,afford,978326.6817980031,18
GLB,diet,0.20,432325.5598381605,18
GLB,diet,0.50,432325.5598381605,18
GLB,diet,afford,432325.5598381605,18
GLB,glp1,0.20,112046.64317666284,18
GLB,glp1,0.50,280393.31576141366,18
GLB,glp1,afford,561715.1718383733,18
IND,combo,0.20,62794.59048046535,18
IND,combo,0.50,75666.09749585457,18
IND,combo,afford,97155.3403193332,18
IND,diet,0.20,54222.70143508144,18
IND,diet,0.50,54222.70143508144,18
IND,diet,afford,54222.70143508144,18
IND,glp1,0.20,8750.628254833136,18
IND,glp1,0.50,21890.40764696641,18
IND,glp1,afford,43827.20582107606,18
ISR,combo,0.20,344.5908031502472,18
ISR,combo,0.50,588.5540260477944,18
ISR,combo,afford,997.4275643187232,18
ISR,diet,0.20,182.50736343001063,18
ISR,diet,0.50,182.50736343001063,18
ISR,diet,afford,182.50736343001063,18
ISR,glp1,0.20,164.67364391322303,18
ISR,glp1,0.50,412.51894725377815,18
ISR,glp1,afford,827.8535252684715,18
JPN,combo,0.20,5358.112832757099,18
JPN,combo,0.50,7263.574108276611,18
JPN,combo,afford,10446.74846559732,18
JPN,diet,0.20,4089.625096643824,18
JPN,diet,0.50,4089.625096643824,18
JPN,diet,afford,4089.625096643824,18
JPN,glp1,0.20,1293.9894193573273,18
JPN,glp1,0.50,3237.678264685659,18
JPN,glp1,afford,6484.4997213803945,18
MEX,combo,0.20,5687.401805187132,18
MEX,combo,0.50,10763.08586082758,18
MEX,combo,afford,19298.33270527817,18
MEX,diet,0.20,2322.150161657002,18
MEX,diet,0.50,2322.150161657002,18
MEX,diet,afford,2322.150161657002,18
MEX,glp1,0.20,3396.9044135861186,18
MEX,glp1,0.50,8520.19644110764,18
MEX,glp1,afford,17135.137889358917,18
NGA,combo,0.20,2010.8589130637372,18
NGA,combo,0.50,4072.969965005352,18
NGA,combo,afford,3384.6428717077506,18
NGA,diet,0.20,640.8469422863127,18
NGA,diet,0.50,640.8469422863127,18
NGA,diet,afford,640.8469422863127,18
NGA,glp1,0.20,1374.90108359847,18
NGA,glp1,0.50,3444.3483162591947,18
NGA,glp1,afford,2753.5755004058374,18
NZL,combo,0.20,383.5372373511085,18
NZL,combo,0.50,629.5117068011073,18
NZL,combo,afford,1041.327996144112,18
NZL,diet,0.20,220.0162375538954,18
NZL,diet,0.50,220.0162375538954,18
NZL,diet,afford,220.0162375538954,18
NZL,glp1,0.20,166.3646734991096,18
NZL,glp1,0.50,416.6119814451166,18
NZL,glp1,afford,835.5683476242111,18
ROU,combo,0.20,3504.980598273083,18
ROU,combo,0.50,4607.407067144002,18
ROU,combo,afford,6461.150649819001,18
ROU,diet,0.20,2774.004114375988,18
ROU,diet,0.50,2774.004114375988,18
ROU,diet,afford,2774.004114375988,18
ROU,glp1,0.20,751.9107653697088,18
ROU,glp1,0.50,1885.929144101284,18
ROU,glp1,afford,3792.84323199303,18
TUR,combo,0.20,5828.793871848342,18
TUR,combo,0.50,10433.232751629432,18
TUR,combo,afford,18167.659922640087,18
TUR,diet,0.20,2773.914844352465,18
TUR,diet,0.50,2773.914844352465,18
TUR,diet,afford,2773.914844352465,18
TUR,glp1,0.20,3090.722586319105,18
TUR,glp1,0.50,7749.099561357783,18
TUR,glp1,afford,15573.883175220795,18
USA,combo,0.20,28103.152963571974,18
USA,combo,0.50,45997.55440917521,18
USA,combo,afford,76018.87293226285,18
USA,diet,0.20,16222.13651959521,18
USA,diet,0.50,16222.13651959521,18
USA,diet,afford,16222.13651959521,18
USA,glp1,0.20,12099.49658025906,18
USA,glp1,0.50,30321.89887826616,18
USA,glp1,afford,60890.57731439985,18
ZAF,combo,0.20,903.4834339638,18
ZAF,combo,0.50,2100.5219095410207,18
ZAF,combo,afford,3303.754218489448,18
ZAF,diet,0.20,108.79391868107632,18
ZAF,diet,0.50,108.79391868107632,18
ZAF,diet,afford,108.79391868107632,18
ZAF,glp1,0.20,795.8988615150756,18
ZAF,glp1,0.50,1994.7502296563707,18
ZAF,glp1,afford,3199.794050066048,18
AUS,combo,0.20,1526.3679710531642,19
AUS,combo,0.50,2433.16096562809,19
AUS,combo,afford,3951.0455136997934,19
AUS,diet,0.20,923.4596811833862,19
AUS,diet,0.50,923.4596811833862,19
AUS,diet,afford,923.4596811833862,19
AUS,glp1,0.20,614.73588967455,19
AUS,glp1,0.50,1539.2712428509403,19
AUS,glp1,afford,3086.725839941143,19
BGD,combo,0.20,11452.352635589514,19
BGD,combo,0.50,13185.586047058052,19
BGD,combo,afford,14922.282735441517,19
BGD,diet,0.20,10298.768612195809,19
BGD,diet,0.50,10298.768612195809,19
BGD,diet,afford,10298.768612195809,19
BGD,glp1,0.20,1191.462000528245,19
BGD,glp1,0.50,2981.607320237532,19
BGD,glp1,afford,4775.330315915475,19
BGR,combo,0.20,1333.772988006976,19
BGR,combo,0.50,1830.475271441965,19
BGR,combo,afford,2666.57715430512,19
BGR,diet,0.20,1004.6529885880024,19
BGR,diet,0.50,1004.6529885880024,19
BGR,diet,afford,1004.6529885880024,19
BGR,glp1,0.20,337.0990142263181,19
BGR,glp1,0.50,845.8542659367829,19
BGR,glp1,afford,1702.2730762446447,19
BRA,combo,0.20,13653.084930802535,19
BRA,combo,0.50,20807.131715783544,19
BRA,combo,afford,32769.75532789311,19
BRA,diet,0.20,8893.426633563911,19
BRA,diet,0.50,8893.426633563911,19
BRA,diet,afford,8893.426633563911,19
BRA,glp1,0.20,4873.388843560184,19
BRA,glp1,0.50,12197.934192392728,19
BRA,glp1,afford,24444.43174434886,19
CAN,combo,0.20,1917.3654474565992,19
CAN,combo,0.50,3207.210708992404,19
CAN,combo,afford,5364.797329672075,19
CAN,diet,0.20,1059.4108502645458,19
CAN,diet,0.50,1059.4108502645458,19
CAN,diet,afford,1059.4108502645458,19
CAN,glp1,0.20,871.6757763650194,19
CAN,glp1,0.50,2182.0775702799783,19
CAN,glp1,afford,4373.854499520954,19
CHN,combo,0.20,143831.4453310759,19
CHN,combo,0.50,175185.00973672816,19
CHN,combo,afford,227560.7136595029,19
CHN,diet,0.20,122958.82727667424,19
CHN,diet,0.50,122958.82727667424,19
CHN,diet,afford,122958.82727667424,19
CHN,glp1,0.20,21557.60478006795,19
CHN,glp1,0.50,53939.368320424444,19
CHN,glp1,afford,108030.621289578,19
DEU,combo,0.20,6689.199262280556,19
DEU,combo,0.50,11308.49987044448,19
DEU,combo,afford,19043.913008692696,19
DEU,diet,0.20,3618.7375436762886,19
DEU,diet,0.50,3618.7375436762886,19
DEU,diet,afford,3618.7375436762886,19
DEU,glp1,0.20,3114.0430910578543,19
DEU,glp1,0.50,7798.809627153041,19
DEU,glp1,afford,15643.575202708287,19
EGY,combo,0.20,7602.581459370856,19
EGY,combo,0.50,14259.668933752791,19
EGY,combo,afford,25487.31966849037,19
EGY,diet,0.20,3196.601880322538,19
EGY,diet,0.50,3196.601880322538,19
EGY,diet,afford,3196.601880322538,19
EGY,glp1,0.20,4443.549642208083,19
EGY,glp1,0.50,11157.419013877015,19
EGY,glp1,afford,22480.86315825945,19
GBR,combo,0.20,3802.857004491439,19
GBR,combo,0.50,6264.832932698574,19
GBR,combo,afford,10384.687048529122,19
GBR,diet,0.20,2165.636412604642,19
GBR,diet,0.50,2165.636412604642,19
GBR,diet,afford,2165.636412604642,19
GBR,glp1,0.20,1666.1615450744766,19
GBR,glp1,0.50,4171.512884731694,19
GBR,glp1,afford,8363.553559219708,19
GLB,combo,0.20,565274.7168242703,19
GLB,combo,0.50,731627.4982827824,19
GLB,combo,afford,1009650.045567162,19
GLB,diet,0.20,454563.1989802758,19
GLB,diet,0.50,454563.1989802758,19
GLB,diet,afford,454563.1989802758,19
GLB,glp1,0.20,113965.326911828,19
GLB,glp1,0.50,285200.8479551844,19
GLB,glp1,afford,571366.4679353562,19
IND,combo,0.20,65418.18403541419,19
IND,combo,0.50,78519.1636422068,19
IND,combo,afford,100391.78033725372,19
IND,diet,0.20,56693.54178024047,19
IND,diet,0.50,56693.54178024047,19
IND,diet,afford,56693.54178024047,19
IND,glp1,0.20,8907.96981349845,19
IND,glp1,0.50,22284.14234850304,19
IND,glp1,afford,44615.95054096689,19
ISR,combo,0.20,358.8033644784882,19
ISR,combo,0.50,609.0541903816936,19
ISR,combo,afford,1028.5861250436053,19
ISR,diet,0.20,192.57188809404693,19
ISR,diet,0.50,192.57188809404693,19
ISR,diet,afford,192.57188809404693,19
ISR,glp1,0.20,168.93616676884517,19
ISR,glp1,0.50,423.2420108390961,19
ISR,glp1,afford,849.5264729479004,19
JPN,combo,0.20,5477.881966001849,19
JPN,combo,0.50,7375.400255714339,19
JPN,combo,afford,10545.640136252789,19
JPN,diet,0.20,4214.762704817385,19
JPN,diet,0.50,4214.762704817385,19
JPN,diet,afford,4214.762704817385,19
JPN,glp1,0.20,1289.122070025358,19
JPN,glp1,0.50,3225.623151277472,19
JPN,glp1,afford,6460.778451904531,19
MEX,combo,0.20,5921.437321691603,19
MEX,combo,0.50,11140.279789464712,19
MEX,combo,afford,19920.101769287896,19
MEX,diet,0.20,2462.194478610527,19
MEX,diet,0.50,2462.194478610527,19
MEX,diet,afford,2462.194478610527,19
MEX,glp1,0.20,3492.19014354152,19
MEX,glp1,0.50,8760.615821842177,19
MEX,glp1,afford,17623.51614955396,19
NGA,combo,0.20,2107.642014484765,19
NGA,combo,0.50,4250.0756842454575,19
NGA,combo,afford,3534.923941172434,19
NGA,diet,0.20,684.3298444825923,19
NGA,diet,0.50,684.3298444825923,19
NGA,diet,afford,684.3298444825923,19
NGA,glp1,0.20,1428.451279514098,19
NGA,glp1,0.50,3578.59792060357,19
NGA,glp1,afford,2860.874618012705,19
NZL,combo,0.20,395.2081627771072,19
NZL,combo,0.50,644.7273556073549,19
NZL,combo,afford,1062.5605747099132,19
NZL,diet,0.20,229.35110823435843,19
NZL,diet,0.50,229.35110823435843,19
NZL,diet,afford,229.35110823435843,19
NZL,glp1,0.20,168.7775300464874,19
NZL,glp1,0.50,422.6868769209609,19
NZL,glp1,afford,847.8613740805727,19
ROU,combo,0.20,3543.420055349457,19
ROU,combo,0.50,4640.312613587548,19
ROU,combo,afford,6484.79534337139,19
ROU,diet,0.20,2816.124687535638,19
ROU,diet,0.50,2816.124687535638,19
ROU,diet,afford,2816.124687535638,19
ROU,glp1,0.20,748.0963350960774,19
ROU,glp1,0.50,1876.3906362377052,19
ROU,glp1,afford,3773.753689120893,19
TUR,combo,0.20,6030.006149261066,19
TUR,combo,0.50,10731.126457405906,19
TUR,combo,afford,18629.5537953535,19
TUR,diet,0.20,2911.3759020162543,19
TUR,diet,0.50,2911.3759020162543,19
TUR,diet,afford,2911.3759020162543,19
TUR,glp1,0.20,3155.639554167439,19
TUR,glp1,0.50,7912.479073148472,19
TUR,glp1,afford,15904.31936016087,19
USA,combo,0.20,28895.342744486537,19
USA,combo,0.50,46926.0274301069,19
USA,combo,afford,77185.80550530752,19
USA,diet,0.20,16926.24083383278,19
USA,diet,0.50,16926.24083383278,19
USA,diet,afford,16926.24083383278,19
USA,glp1,0.20,12193.30702086074,19
USA,glp1,0.50,30560.755348074337,19
USA,glp1,afford,61382.96956174311,19
ZAF,combo,0.20,926.002728028956,19
ZAF,combo,0.50,2148.2224486111554,19
ZAF,combo,afford,3376.8864714812426,19
ZAF,diet,0.20,114.65785964358474,19
ZAF,diet,0.50,114.65785964358474,19
ZAF,diet,afford,114.65785964358474,19
ZAF,glp1,0.20,812.6043202430465,19
ZAF,glp1,0.50,2036.7124488733896,19
ZAF,glp1,afford,3267.263928290124,19
AUS,combo,0.20,1574.0130773391247,20
AUS,combo,0.50,2495.907081379235,20
AUS,combo,afford,4039.339705710954,20
AUS,diet,0.20,961.1310677307685,20
AUS,diet,0.50,961.1310677307685,20
AUS,diet,afford,961.1310677307685,20
AUS,glp1,0.20,625.0569962186345,20
AUS,glp1,0.50,1565.219880728052,20
AUS,glp1,afford,3139.11466070129,20
BGD,combo,0.20,11843.770025441818,20
BGD,combo,0.50,13608.198328775574,20
BGD,combo,afford,15376.169975810004,20
BGD,diet,0.20,10669.4337198386,20
BGD,diet,0.50,10669.4337198386,20
BGD,diet,afford,10669.4337198386,20
BGD,glp1,0.20,1212.7325578774398,20
BGD,glp1,0.50,3034.859206039981,20
BGD,glp1,afford,4860.654531390628,20
BGR,combo,0.20,1335.7533507791395,20
BGR,combo,0.50,1825.830366940152,20
BGR,combo,afford,2650.822954582219,20
BGR,diet,0.20,1011.0342789819722,20
BGR,diet,0.50,1011.0342789819722,20
BGR,diet,afford,1011.0342789819722,20
BGR,glp1,0.20,332.5870706991003,20
BGR,glp1,0.50,834.5539740411284,20
BGR,glp1,afford,1679.6011101470317,20
BRA,combo,0.20,14187.35641939853,20
BRA,combo,0.50,21485.78579220041,20
BRA,combo,afford,33691.78943813513,20
BRA,diet,0.20,9332.122666814874,20
BRA,diet,0.50,9332.122666814874,20
BRA,diet,afford,9332.122666814874,20
BRA,glp1,0.20,4972.885276581968,20
BRA,glp1,0.50,12447.761081897392,20
BRA,glp1,afford,24947.72921109329,20
CAN,combo,0.20,1972.770661950953,20
CAN,combo,0.50,3273.968853309588,20
CAN,combo,afford,5450.748111743939,20
CAN,diet,0.20,1107.3145530252505,20
CAN,diet,0.50,1107.3145530252505,20
CAN,diet,afford,1107.3145530252505,20
CAN,glp1,0.20,879.6536180573148,20
CAN,glp1,0.50,2202.1281695638045,20
CAN,glp1,afford,4414.311644352594,20
CHN,combo,0.20,149544.43949718183,20
CHN,combo,0.50,181357.5171658884,20
CHN,combo,afford,234502.0476322485,20
CHN,diet,0.20,128366.22468069328,20
CHN,diet,0.50,128366.22468069328,20
CHN,diet,afford,128366.22468069328,20
CHN,glp1,0.20,21882.155120214346,20
CHN,glp1,0.50,54752.08046526209,20
CHN,glp1,afford,109660.49157650465,20
DEU,combo,0.20,6824.256943061126,20
DEU,combo,0.50,11470.784493626245,20
DEU,combo,afford,19253.57110814108,20
DEU,diet,0.20,3736.137443345589,20
DEU,diet,0.50,3736.137443345589,20
DEU,diet,afford,3736.137443345589,20
DEU,glp1,0.20,3132.509325168256,20
DEU,glp1,0.50,7845.743749595822,20
DEU,glp1,afford,15740.027181926149,20
EGY,combo,0.20,7835.395856220006,20
EGY,combo,0.50,14639.147523163254,20
EGY,combo,afford,26115.963425431542,20
EGY,diet,0.20,3332.8007363244687,20
EGY,diet,0.50,3332.8007363244687,20
EGY,diet,afford,3332.8007363244687,20
EGY,glp1,0.20,4540.8641657331245,20
EGY,glp1,0.50,11402.492506864644,20
EGY,glp1,afford,22977.053309276693,20
GBR,combo,0.20,3889.5601797676527,20
GBR,combo,0.50,6364.516761558301,20
GBR,combo,afford,10506.456314812343,20
GBR,diet,0.20,2243.7975371865014,20
GBR,diet,0.50,2243.7975371865014,20
GBR,diet,afford,2243.7975371865014,20
GBR,glp1,0.20,1675.4285788758043,20
GBR,glp1,0.50,4194.8609539706895,20
GBR,glp1,afford,8410.85540624911,20
GLB,combo,0.20,587777.0948330904,20
GLB,combo,0.50,756773.641700485,20
GLB,combo,afford,1039228.6551716458,20
GLB,diet,0.20,475309.5815150249,20
GLB,diet,0.50,475309.5815150249,20
GLB,diet,afford,475309.5815150249,20
GLB,glp1,0.20,115820.71356305516,20
GLB,glp1,0.50,289850.26403397263,20
GLB,glp1,afford,580701.943764764,20
IND,combo,0.20,67864.81567198288,20
IND,combo,0.50,81189.69100937972,20
IND,combo,afford,103436.45718513874,20
IND,diet,0.20,58991.15583653104,20
IND,diet,0.50,58991.15583653104,20
IND,diet,afford,58991.15583653104,20
IND,glp1,0.20,9060.95008787763,20
IND,glp1,0.50,22666.99921353205,20
IND,glp1,afford,45383.023689148,20
ISR,combo,0.20,372.3734091837978,20
ISR,combo,0.50,628.7164621578659,20
ISR,combo,afford,1058.57664850881,20
ISR,diet,0.20,202.1229899278087,20
ISR,diet,0.50,202.1229899278087,20
ISR,diet,afford,202.1229899278087,20
ISR,glp1,0.20,173.06188019504134,20
ISR,glp1,0.50,433.621318304899,20
ISR,glp1,afford,870.5062497033712,20
JPN,combo,0.20,5582.1795834485565,20
JPN,combo,0.50,7471.617972372824,20
JPN,combo,afford,10628.6633703751,20
JPN,diet,0.20,4324.512237647785,20
JPN,diet,0.50,4324.512237647785,20
JPN,diet,afford,4324.512237647785,20
JPN,glp1,0.20,1284.0841087214503,20
JPN,glp1,0.50,3213.1295398649163,20
JPN,glp1,afford,6436.139814975079,20
MEX,combo,0.20,6144.584654571292,20
MEX,combo,0.50,11500.657795708426,20
MEX,combo,afford,20515.25591976796,20
MEX,diet,0.20,2595.319708270217,20
MEX,diet,0.50,2595.319708270217,20
MEX,diet,afford,2595.319708270217,20
MEX,glp1,0.20,3583.374083988925,20
MEX,glp1,0.50,8990.806828113167,20
MEX,glp1,afford,18091.536382794915,20
NGA,combo,0.20,2203.485876268067,20
NGA,combo,0.50,4426.216017149825,20
NGA,combo,afford,3684.245712814194,20
NGA,diet,0.20,726.9040215737987,20
NGA,diet,0.50,726.9040215737987,20
NGA,diet,afford,726.9040215737987,20
NGA,glp1,0.20,1481.9591787864847,20
NGA,glp1,0.50,3712.761451724488,20
NGA,glp1,afford,2968.0996216660533,20
NZL,combo,0.20,405.8507983681642,20
NZL,combo,0.50,658.6146114467107,20
NZL,combo,afford,1081.9617894768285,20
NZL,diet,0.20,237.85704845872263,20
NZL,diet,0.50,237.85704845872263,20
NZL,diet,afford,237.85704845872263,20
NZL,glp1,0.20,170.97992793157675,20
NZL,glp1,0.50,428.2345208696436,20
NZL,glp1,afford,859.096260226803,20
ROU,combo,0.20,3573.619455244016,20
ROU,combo,0.50,4665.347379855981,20
ROU,combo,afford,6501.201392029641,20
ROU,diet,0.20,2849.76334149261,20
ROU,diet,0.50,2849.76334149261,20
ROU,diet,afford,2849.76334149261,20
ROU,glp1,0.20,744.4867451307421,20
ROU,glp1,0.50,1867.36981477751,20
ROU,glp1,afford,3755.717466555432,20
TUR,combo,0.20,6221.521073207838,20
TUR,combo,0.50,11016.572084682946,20
TUR,combo,afford,19074.41106429853,20
TUR,diet,0.20,3040.972721215545,20
TUR,diet,0.50,3040.972721215545,20
TUR,diet,afford,3040.972721215545,20
TUR,glp1,0.20,3218.6013404314654,20
TUR,glp1,0.50,8070.969543320141,20
TUR,glp1,afford,16224.9727576617,20
USA,combo,0.20,29588.87065634881,20
USA,combo,0.50,47726.62393088156,20
USA,combo,afford,78175.50425729134,20
USA,diet,0.20,17550.993596677537,20
USA,diet,0.50,17550.993596677537,20
USA,diet,afford,17550.993596677537,20
USA,glp1,0.20,12266.661904895096,20
USA,glp1,0.50,30748.222096449885,20
USA,glp1,afford,61771.745370524906,20
ZAF,combo,0.20,947.9817871304168,20
ZAF,combo,0.50,2195.0077416972963,20
ZAF,combo,afford,3448.7179381891347,20
ZAF,diet,0.20,120.22604790086734,20
ZAF,diet,0.50,120.22604790086734,20
ZAF,diet,afford,120.22604790086734,20
ZAF,glp1,0.20,829.0618854478107,20
ZAF,glp1,0.50,2078.046646341696,20
ZAF,glp1,afford,3333.715126963789,20
AUS,combo,0.20,1618.093265687582,21
AUS,combo,0.50,2554.021436421438,21
AUS,combo,afford,4121.212614055296,21
AUS,diet,0.20,995.9458884314364,21
AUS,diet,0.50,995.9458884314364,21
AUS,diet,afford,995.9458884314364,21
AUS,glp1,0.20,634.6329153132283,21
AUS,glp1,0.50,1589.301181032134,21
AUS,glp1,afford,3187.754313268397,21
BGD,combo,0.20,12204.055614591873,21
BGD,combo,0.50,13998.172764857887,21
BGD,combo,afford,15795.921520806276,21
BGD,diet,0.20,11009.975602387218,21
BGD,diet,0.50,11009.975602387218,21
BGD,diet,afford,11009.975602387218,21
BGD,glp1,0.20,1232.8970161883772,21
BGD,glp1,0.50,3085.351951957191,21
BGD,glp1,afford,4941.573904301471,21
BGR,combo,0.20,1335.1398552681935,21
BGR,combo,0.50,1818.7977226129744,21
BGR,combo,afford,2633.027107137187,21
BGR,diet,0.20,1014.68498386096,21
BGR,diet,0.50,1014.68498386096,21
BGR,diet,afford,1014.68498386096,21
BGR,glp1,0.20,328.20095782114754,21
BGR,glp1,0.50,823.5689243885176,21
BGR,glp1,afford,1657.5616426669992,21
BRA,combo,0.20,14686.749498783684,21
BRA,combo,0.50,22122.184836676657,21
BRA,combo,afford,34559.329861651815,21
BRA,diet,0.20,9740.87186731276,21
BRA,diet,0.50,9740.87186731276,21
BRA,diet,afford,9740.87186731276,21
BRA,glp1,0.20,5066.998035848716,21
BRA,glp1,0.50,12684.151182184462,21
BRA,glp1,afford,25424.22854438333,21
CAN,combo,0.20,2022.6921923524924,21
CAN,combo,0.50,3333.370436258255,21
CAN,combo,afford,5526.200737113712,21
CAN,diet,0.20,1150.978159510454,21
CAN,diet,0.50,1150.978159510454,21
CAN,diet,afford,1150.978159510454,21
CAN,glp1,0.20,886.329458565072,21
CAN,glp1,0.50,2218.91643306126,21
CAN,glp1,afford,4448.219557472346,21
CHN,combo,0.20,154762.26018506507,21
CHN,combo,0.50,186999.297530525,21
CHN,combo,afford,240853.5214573708,21
CHN,diet,0.20,133302.18175669172,21
CHN,diet,0.50,133302.18175669172,21
CHN,diet,afford,133302.18175669172,21
CHN,glp1,0.20,22180.143745333902,21
CHN,glp1,0.50,55498.431199487066,21
CHN,glp1,afford,111157.78215813157,21
DEU,combo,0.20,6939.495734732809,21
DEU,combo,0.50,11605.71508279473,21
DEU,combo,afford,19423.28497579693,21
DEU,diet,0.20,3838.733360621965,21
DEU,diet,0.50,3838.733360621965,21
DEU,diet,afford,3838.733360621965,21
DEU,glp1,0.20,3145.7734285300285,21
DEU,glp1,0.50,7879.659278506551,21
DEU,glp1,afford,15810.400319257593,21
EGY,combo,0.20,8057.469439683118,21
EGY,combo,0.50,15004.456616721804,21
EGY,combo,afford,26725.117940012915,21
EGY,diet,0.20,3460.642150154926,21
EGY,diet,0.50,3460.642150154926,21
EGY,diet,afford,3460.642150154926,21
EGY,glp1,0.20,4635.658280981785,21
EGY,glp1,0.50,11641.411170005333,21
EGY,glp1,afford,23461.425570562085,21
GBR,combo,0.20,3968.366107907838,21
GBR,combo,0.50,6454.936307765863,21
GBR,combo,afford,10616.666209814097,21
GBR,diet,0.20,2314.968689337212,21
GBR,diet,0.50,2314.968689337212,21
GBR,diet,afford,2314.968689337212,21
GBR,glp1,0.20,1683.691800162599,21
GBR,glp1,0.50,4215.693475466118,21
GBR,glp1,afford,8453.10578875267,21
GLB,combo,0.20,608802.2572689829,21
GLB,combo,0.50,780350.4931340493,21
GLB,combo,afford,1067084.9183068734,21
GLB,diet,0.20,494640.23689668986,21
GLB,diet,0.50,494640.23689668986,21
GLB,diet,afford,494640.23689668986,21
GLB,glp1,0.20,117603.25442832452,21
GLB,glp1,0.50,294317.72133337054,21
GLB,glp1,afford,589674.013093801,21
IND,combo,0.20,70144.41301174012,21
IND,combo,0.50,83684.9874283283,21
IND,combo,afford,106292.32232910531,21
IND,diet,0.20,61127.22018893309,21
IND,diet,0.50,61127.22018893309,21
IND,diet,afford,61127.22018893309,21
IND,glp1,0.20,9207.88513003668,21
IND,glp1,0.50,23034.771975267184,21
IND,glp1,afford,46120.024939979136,21
ISR,combo,0.20,385.3775926605288,21
ISR,combo,0.50,647.6442166866027,21
ISR,combo,afford,1087.546573684605,21
ISR,diet,0.20,211.21940555204924,21
ISR,diet,0.50,211.21940555204924,21
ISR,diet,afford,211.21940555204924,21
ISR,glp1,0.20,177.06986112859113,21
ISR,glp1,0.50,443.70438983047393,21
ISR,glp1,afford,890.8872726909215,21
JPN,combo,0.20,5673.268045668599,21
JPN,combo,0.50,7554.634096678634,21
JPN,combo,afford,10698.469950008515,21
JPN,diet,0.20,4421.040783426583,21
JPN,diet,0.50,4421.040783426583,21
JPN,diet,afford,4421.040783426583,21
JPN,glp1,0.20,1278.986133276343,21
JPN,glp1,0.50,3200.475486032436,21
JPN,glp1,afford,6411.145085311666,21
MEX,combo,0.20,6356.477055374413,21
MEX,combo,0.50,11843.194927781442,21
MEX,combo,afford,21081.63429025461,21
MEX,diet,0.20,2721.588499489437,21
MEX,diet,0.50,2721.588499489437,21
MEX,diet,afford,2721.588499489437,21
MEX,glp1,0.20,3670.035050236478,21
MEX,glp1,0.50,9209.702059592688,21
MEX,glp1,afford,18537.01433340591,21
NGA,combo,0.20,2297.9629770685096,21
NGA,combo,0.50,4600.350823356468,21
NGA,combo,afford,3831.772347783488,21
NGA,diet,0.20,768.5498910983079,21
NGA,diet,0.50,768.5498910983079,21
NGA,diet,afford,768.5498910983079,21
NGA,glp1,0.20,1535.0173273639411,21
NGA,glp1,0.50,3845.819555099279,21
NGA,glp1,afford,3074.435220016217,21
NZL,combo,0.20,415.5329331539249,21
NZL,combo,0.50,671.2473714174461,21
NZL,combo,afford,1099.6152868514296,21
NZL,diet,0.20,245.597669910004,21
NZL,diet,0.50,245.597669910004,21
NZL,diet,afford,245.597669910004,21
NZL,glp1,0.20,172.97730069239924,21
NZL,glp1,0.50,433.26832730951935,21
NZL,glp1,afford,869.2992568764945,21
ROU,combo,0.20,3596.747503534026,21
ROU,combo,0.50,4683.465560332089,21
ROU,combo,afford,6510.972106661991,21
ROU,diet,0.20,2876.2333345262573,21
ROU,diet,0.50,2876.2333345262573,21
ROU,diet,afford,2876.2333345262573,21
ROU,glp1,0.20,740.9440880744437,21
ROU,glp1,0.50,1858.5243926942812,21
ROU,glp1,afford,3738.058727873004,21
TUR,combo,0.20,6403.482825007402,21
TUR,combo,0.50,11289.32746472512,21
TUR,combo,afford,19501.354295818564,21
TUR,diet,0.20,3163.109182234719,21
TUR,diet,0.50,3163.109182234719,21
TUR,diet,afford,3163.109182234719,21
TUR,glp1,0.20,3279.357636024626,21
TUR,glp1,0.50,8223.948290358388,21
TUR,glp1,afford,16534.608413941987,21
USA,combo,0.20,30190.1904412367,21
USA,combo,0.50,48407.906750448325,21
USA,combo,afford,79000.00190284132,21
USA,diet,0.20,18101.431849420755,21
USA,diet,0.50,18101.431849420755,21
USA,diet,afford,18101.431849420755,21
USA,glp1,0.20,12321.106921862302,21
USA,glp1,0.50,30888.145090184364,21
USA,glp1,afford,62064.53290280046,21
ZAF,combo,0.20,969.3917775857244,21
ZAF,combo,0.50,2240.769670658112,21
ZAF,combo,afford,3519.064045224284,21
ZAF,diet,0.20,125.5240617965992,21
ZAF,diet,0.50,125.5240617965992,21
ZAF,diet,afford,125.5240617965992,21
ZAF,glp1,0.20,845.2175458517704,21
ZAF,glp1,0.50,2118.6201258495093,21
ZAF,glp1,afford,3398.9390922195125,21
AUS,combo,0.20,1658.8727319003574,22
AUS,combo,0.50,2607.8225186404843,22
AUS,combo,afford,4197.072051605897,22
AUS,diet,0.20,1028.1318684615944,22
AUS,diet,0.50,1028.1318684615944,22
AUS,diet,afford,1028.1318684615944,22
AUS,glp1,0.20,643.5040032724401,22
AUS,glp1,0.50,1611.6155929454244,22
AUS,glp1,afford,3232.8441623842427,22
BGD,combo,0.20,12535.161900768955,22
BGD,combo,0.50,14357.119302658051,22
BGD,combo,afford,16182.80427725601,22
BGD,diet,0.20,11322.5748409774,22
BGD,diet,0.50,11322.5748409774,22
BGD,diet,afford,11322.5748409774,22
BGD,glp1,0.20,1251.7374332448398,22
BGD,glp1,0.50,3132.5403627159885,22
BGD,glp1,afford,5017.215598383642,22
BGR,combo,0.20,1332.302251244237,22
BGR,combo,0.50,1809.6829599378177,22
BGR,combo,afford,2613.390574607164,22
BGR,diet,0.20,1016.0181296790772,22
BGR,diet,0.50,1016.0181296790772,22
BGR,diet,afford,1016.0181296790772,22
BGR,glp1,0.20,323.8992272844757,22
BGR,glp1,0.50,812.7963398530333,22
BGR,glp1,afford,1635.9520612076403,22
BRA,combo,0.20,15151.541722996626,22
BRA,combo,0.50,22715.96361475417,22
BRA,combo,afford,35370.94052233,22
BRA,diet,0.20,10120.3803857155,22
BRA,diet,0.50,10120.3803857155,22
BRA,diet,afford,10120.3803857155,22
BRA,glp1,0.20,5155.327847863911,22
BRA,glp1,0.50,12906.10561230676,22
BRA,glp1,afford,25871.92980650955,22
CAN,combo,0.20,2067.3502794003925,22
CAN,combo,0.50,3385.71730863478,22
CAN,combo,afford,5591.591582203834,22
CAN,diet,0.20,1190.5671394248666,22
CAN,diet,0.50,1190.5671394248666,22
CAN,diet,afford,1190.5671394248666,22
CAN,glp1,0.20,891.7622275880394,22
CAN,glp1,0.50,2232.5890489402545,22
CAN,glp1,afford,4475.869457778009,22
CHN,combo,0.20,159493.57658441877,22
CHN,combo,0.50,192114.4909114654,22
CHN,combo,afford,246611.7116506686,22
CHN,diet,0.20,137778.38317253132,22
CHN,diet,0.50,137778.38317253132,22
CHN,diet,afford,137778.38317253132,22
CHN,glp1,0.20,22448.74295151503,22
CHN,glp1,0.50,56171.34378681143,22
CHN,glp1,afford,112508.31523787968,22
DEU,combo,0.20,7035.495114956393,22
DEU,combo,0.50,11713.762119146835,22
DEU,combo,afford,19553.31014136545,22
DEU,diet,0.20,3927.1692524218815,22
DEU,diet,0.50,3927.1692524218815,22
DEU,diet,afford,3927.1692524218815,22
DEU,glp1,0.20,3153.7867964348043,22
DEU,glp1,0.50,7900.422103056499,22
DEU,glp1,afford,15854.38382881847,22
EGY,combo,0.20,8266.949724052705,22
EGY,combo,0.50,15351.08198252972,22
EGY,combo,afford,27305.842433435944,22
EGY,diet,0.20,3580.0498657228345,22
EGY,diet,0.50,3580.0498657228345,22
EGY,diet,afford,3580.0498657228345,22
EGY,glp1,0.20,4726.154237030278,22
EGY,glp1,0.50,11869.7332569291,22
EGY,glp1,afford,23925.107994507,22
GBR,combo,0.20,4039.613471112923,22
GBR,combo,0.50,6536.304955112213,22
GBR,combo,afford,10715.32293918647,22
GBR,diet,0.20,2379.5724877286866,22
GBR,diet,0.50,2379.5724877286866,22
GBR,diet,afford,2379.5724877286866,22
GBR,glp1,0.20,1690.8750318022285,22
GBR,glp1,0.50,4233.820524197334,22
GBR,glp1,afford,8489.926612656796,22
GLB,combo,0.20,628404.096030126,22
GLB,combo,0.50,802395.8947276147,22
GLB,combo,afford,1093230.0260938234,22
GLB,diet,0.20,512619.7808610357,22
GLB,diet,0.50,512619.7808610357,22
GLB,diet,afford,512619.7808610357,22
GLB,glp1,0.20,119303.14530515822,22
GLB,glp1,0.50,298578.7375767061,22
GLB,glp1,afford,598233.8076045202,22
IND,combo,0.20,72263.2170705979,22
IND,combo,0.50,86008.56608807201,22
IND,combo,afford,108958.34895096737,22
IND,diet,0.20,63109.79594856806,22
IND,diet,0.50,63109.79594856806,22
IND,diet,afford,63109.79594856806,22
IND,glp1,0.20,9346.998386144784,22
IND,glp1,0.50,23383.021586877017,22
IND,glp1,afford,46818.084179917525,22
ISR,combo,0.20,397.8834603580117,22
ISR,combo,0.50,665.9273207965484,22
ISR,combo,afford,1115.622848889766,22
ISR,diet,0.20,219.9137797452913,22
ISR,diet,0.50,219.9137797452913,22
ISR,diet,afford,219.9137797452913,22
ISR,glp1,0.20,180.9759670634205,22
ISR,glp1,0.50,453.5308317272993,22
ISR,glp1,afford,910.7485864082464,22
JPN,combo,0.20,5752.950247832781,22
JPN,combo,0.50,7626.311964952772,22
JPN,combo,afford,10757.028156461613,22
JPN,diet,0.20,4506.111999393306,22
JPN,diet,0.50,4506.111999393306,22
JPN,diet,afford,4506.111999393306,22
JPN,glp1,0.20,1273.879075368237,22
JPN,glp1,0.50,3187.789912512741,22
JPN,glp1,afford,6386.057404219708,22
MEX,combo,0.20,6556.737080815186,22
MEX,combo,0.50,12166.891136952983,22
MEX,combo,afford,21617.16218326938,22
MEX,diet,0.20,2841.0295927835723,22
MEX,diet,0.50,2841.0295927835723,22
MEX,diet,afford,2841.0295927835723,22
MEX,glp1,0.20,3751.773745536171,22
MEX,glp1,0.50,9416.289672985373,22
MEX,glp1,afford,18957.87951333241,22
NGA,combo,0.20,2390.6178956293043,22
NGA,combo,0.50,4771.407201572427,22
NGA,combo,afford,3976.63689104548,22
NGA,diet,0.20,809.2230892129301,22
NGA,diet,0.50,809.2230892129301,22
NGA,diet,afford,809.2230892129301,22
NGA,glp1,0.20,1587.2148194659203,22
NGA,glp1,0.50,3976.7440670538817,22
NGA,glp1,afford,3179.059122319912,22
NZL,combo,0.20,424.3155532271636,22
NZL,combo,0.50,682.6939175482578,22
NZL,combo,afford,1115.6011723273307,22
NZL,diet,0.20,252.6290131633764,22
NZL,diet,0.50,252.6290131633764,22
NZL,diet,afford,252.6290131633764,22
NZL,glp1,0.20,174.77564977041231,22
NZL,glp1,0.50,437.8031693761988,22
NZL,glp1,afford,878.4996639481171,22
ROU,combo,0.20,3613.5820958622903,22
ROU,combo,0.50,4695.206399473258,22
ROU,combo,afford,6514.252181096447,22
ROU,diet,0.20,2896.4723710082158,22
ROU,diet,0.50,2896.4723710082158,22
ROU,diet,afford,2896.4723710082158,22
ROU,glp1,0.20,737.3118940841509,22
ROU,glp1,0.50,1849.4643752235163,22
ROU,glp1,afford,3720.001796252311,22
TUR,combo,0.20,6575.83625004697,22
TUR,combo,0.50,11548.857381144437,22
TUR,combo,afford,19909.05704651544,22
TUR,diet,0.20,3278.052339711176,22
TUR,diet,0.50,3278.052339711176,22
TUR,diet,afford,3278.052339711176,22
TUR,glp1,0.20,3337.592599792082,22
TUR,glp1,0.50,8370.62889550523,22
TUR,glp1,afford,16831.664295292627,22
USA,combo,0.20,30705.93146197914,22
USA,combo,0.50,48978.68384278103,22
USA,combo,afford,79671.7134781246,22
USA,diet,0.20,18582.727212030528,22
USA,diet,0.50,18582.727212030528,22
USA,diet,afford,18582.727212030528,22
USA,glp1,0.20,12358.219201900996,22
USA,glp1,0.50,30984.45742315229,22
USA,glp1,afford,62269.16323567797,22
ZAF,combo,0.20,990.1775440985984,22
ZAF,combo,0.50,2285.341729175256,22
ZAF,combo,afford,3587.6497317134617,22
ZAF,diet,0.20,130.57250427699,22
ZAF,diet,0.50,130.57250427699,22
ZAF,diet,afford,130.57250427699,22
ZAF,glp1,0.20,860.9958306569079,22
ZAF,glp1,0.50,2158.246496644193,22
ZAF,glp1,afford,3462.641309696857,22
AUS,combo,0.20,1696.5860620487902,23
AUS,combo,0.50,2657.596622616107,23
AUS,combo,afford,4267.28983672788,23
AUS,diet,0.20,1057.8889704786034,23
AUS,diet,0.50,1057.8889704786034,23
AUS,diet,afford,1057.8889704786034,23
AUS,glp1,0.20,651.7081302095621,23
AUS,glp1,0.50,1632.2575475256544,23
AUS,glp1,afford,3274.572200562605,23
BGD,combo,0.20,12838.279535319723,23
BGD,combo,0.50,14685.87774702672,23
BGD,combo,afford,16537.306449367792,23
BGD,diet,0.20,11608.655557296848,23
BGD,diet,0.50,11608.655557296848,23
BGD,diet,afford,11608.655557296848,23
BGD,glp1,0.20,1269.0258338764652,23
BGD,glp1,0.50,3175.853938203536,23
BGD,glp1,afford,5086.665928915045,23
BGR,combo,0.20,1327.490320872745,23
BGR,combo,0.50,1798.6635181946465,23
BGR,combo,afford,2591.971592321461,23
BGR,diet,0.20,1015.3320438065418,23
BGR,diet,0.50,1015.3320438065418,23
BGR,diet,afford,1015.3320438065418,23
BGR,glp1,0.20,319.63433203184616,23
BGR,glp1,0.50,802.1178677480019,23
BGR,glp1,afford,1614.5374824214125,23
BRA,combo,0.20,15581.879180408769,23
BRA,combo,0.50,23266.59385900672,23
BRA,combo,afford,36124.969252708186,23
BRA,diet,0.20,10471.24383826631,23
BRA,diet,0.50,10471.24383826631,23
BRA,diet,afford,10471.24383826631,23
BRA,glp1,0.20,5237.449927086047,23
BRA,glp1,0.50,13112.561707775953,23
BRA,glp1,afford,26288.70549013679,23
CAN,combo,0.20,2106.9949839414576,23
CAN,combo,0.50,3431.359814088569,23
CAN,combo,afford,5647.437240361591,23
CAN,diet,0.20,1226.264484552643,23
CAN,diet,0.50,1226.264484552643,23
CAN,diet,afford,1226.264484552643,23
CAN,glp1,0.20,896.0230885899555,23
CAN,glp1,0.50,2243.3235304869504,23
CAN,glp1,afford,4497.615017706916,23
CHN,combo,0.20,163746.2897101273,23
CHN,combo,0.50,196707.11829151356,23
CHN,combo,afford,251774.14868613577,23
CHN,diet,0.20,141805.3105541554,23
CHN,diet,0.50,141805.3105541554,23
CHN,diet,afford,141805.3105541554,23
CHN,glp1,0.20,22685.534907089703,23
CHN,glp1,0.50,56764.76323292134,23
CHN,glp1,afford,113699.946575439,23
DEU,combo,0.20,7113.01155575156,23
DEU,combo,0.50,11795.781138328884,23
DEU,combo,afford,19644.638790061108,23
DEU,diet,0.20,4002.128586679981,23
DEU,diet,0.50,4002.128586679981,23
DEU,diet,afford,4002.128586679981,23
DEU,glp1,0.20,3156.638032721956,23
DEU,glp1,0.50,7908.243019650381,23
DEU,glp1,afford,15872.36296539844,23
EGY,combo,0.20,8461.674111072982,23
EGY,combo,0.50,15674.099356279352,23
EGY,combo,afford,27848.599490593897,23
EGY,diet,0.20,3690.699209108472,23
EGY,diet,0.50,3690.699209108472,23
EGY,diet,afford,3690.699209108472,23
EGY,glp1,0.20,4810.509373220993,23
EGY,glp1,0.50,12082.847293748044,23
EGY,glp1,afford,24358.863940413117,23
GBR,combo,0.20,4103.561263721303,23
GBR,combo,0.50,6608.761649773269,23
GBR,combo,afford,10802.36648942529,23
GBR,diet,0.20,2437.9482310761405,23
GBR,diet,0.50,2437.9482310761405,23
GBR,diet,afford,2437.9482310761405,23
GBR,glp1,0.20,1696.9042630791846,23
GBR,glp1,0.50,4249.05740761266,23
GBR,glp1,afford,8520.949633840377,23
GLB,combo,0.20,646624.6334873565,23
GLB,combo,0.50,822935.5073457012,23
GLB,combo,afford,1117662.4583899798,23
GLB,diet,0.20,529301.1648591586,23
GLB,diet,0.50,529301.1648591586,23
GLB,diet,afford,529301.1648591586,23
GLB,glp1,0.20,120910.19454164314,23
GLB,glp1,0.50,302607.86021421244,23
GLB,glp1,afford,606330.5129671657,23
IND,combo,0.20,74224.08381519286,23
IND,combo,0.50,88160.47526353494,23
IND,combo,afford,111429.9085937186,23
IND,diet,0.20,64943.61152028435,23
IND,diet,0.50,64943.61152028435,23
IND,diet,afford,64943.61152028435,23
IND,glp1,0.20,9476.443361118045,23
IND,glp1,0.50,23707.13283450445,23
IND,glp1,afford,47467.97456788129,23
ISR,combo,0.20,409.94648459522045,23
ISR,combo,0.50,683.6375735578531,23
ISR,combo,afford,1142.9046432688003,23
ISR,diet,0.20,228.25074880729855,23
ISR,diet,0.50,228.25074880729855,23
ISR,diet,afford,228.25074880729855,23
ISR,glp1,0.20,184.79178372313163,23
ISR,glp1,0.50,463.1296779663792,23
ISR,glp1,afford,930.1484545640432,23
JPN,combo,0.20,5822.597257002457,23
JPN,combo,0.50,7688.007915078073,23
JPN,combo,afford,10805.673733176158,23
JPN,diet,0.20,4581.107760312891,23
JPN,diet,0.50,4581.107760312891,23
JPN,diet,afford,4581.107760312891,23
JPN,glp1,0.20,1268.7606888434275,23
JPN,glp1,0.50,3175.0687057997893,23
JPN,glp1,afford,6360.873551716362,23
MEX,combo,0.20,6744.9699822807015,23
MEX,combo,0.50,12470.757704497695,23
MEX,combo,afford,22119.8260483149,23
MEX,diet,0.20,2953.635878539226,23
MEX,diet,0.50,2953.635878539226,23
MEX,diet,afford,2953.635878539226,23
MEX,glp1,0.20,3828.2081983608696,23
MEX,glp1,0.50,9609.602005193272,23
MEX,glp1,afford,19352.15259619349,23
NGA,combo,0.20,2480.965085762211,23
NGA,combo,0.50,4938.273325337439,23
NGA,combo,afford,4117.93642519147,23
NGA,diet,0.20,848.854847055838,23
NGA,diet,0.50,848.854847055838,23
NGA,diet,afford,848.854847055838,23
NGA,glp1,0.20,1638.1347319635606,23
NGA,glp1,0.50,4104.491562442519,23
NGA,glp1,afford,3281.136886813136,23
NZL,combo,0.20,432.2532067236259,23
NZL,combo,0.50,693.0167329804494,23
NZL,combo,afford,1129.9949198820248,23
NZL,diet,0.20,259.00028037402285,23
NZL,diet,0.50,259.00028037402285,23
NZL,diet,afford,259.00028037402285,23
NZL,glp1,0.20,176.38120877424808,23
NZL,glp1,0.50,441.854541805881,23
NZL,glp1,afford,886.7281619685564,23
ROU,combo,0.20,3624.5954886539566,23
ROU,combo,0.50,4700.795587674431,23
ROU,combo,afford,6510.856621312003,23
ROU,diet,0.20,2911.117080514039,23
ROU,diet,0.50,2911.117080514039,23
ROU,diet,afford,2911.117080514039,23
ROU,glp1,0.20,733.4269926829222,23
ROU,glp1,0.50,1839.7819052293116,23
ROU,glp1,afford,3700.7314714938566,23
TUR,combo,0.20,6738.334924293649,23
TUR,combo,0.50,11794.34399138967,23
TUR,combo,afford,20295.75713933952,23
TUR,diet,0.20,3385.938655693932,23
TUR,diet,0.50,3385.938655693932,23
TUR,diet,afford,3385.938655693932,23
TUR,glp1,0.20,3392.927131038181,23
TUR,glp1,0.50,8510.06647126585,23
TUR,glp1,afford,17114.260432052313,23
USA,combo,0.20,31142.666189291544,23
USA,combo,0.50,49447.67621996964,23
USA,combo,afford,80202.9370612995,23
USA,diet,0.20,19000.01938261236,23
USA,diet,0.50,19000.01938261236,23
USA,diet,afford,19000.01938261236,23
USA,glp1,0.20,12379.539933122156,23
USA,glp1,0.50,31041.01025724082,23
USA,glp1,afford,62393.3303248821,23
ZAF,combo,0.20,1010.2561545824828,23
ZAF,combo,0.50,2328.49609251135,23
ZAF,combo,afford,3654.104853665776,23
ZAF,diet,0.20,135.38642980124132,23
ZAF,diet,0.50,135.38642980124132,23
ZAF,diet,afford,135.38642980124132,23
ZAF,glp1,0.20,876.29893388645,23
ZAF,glp1,0.50,2196.6833318737463,23
ZAF,glp1,afford,3524.437306182037,23
AUS,combo,0.20,1731.4377878665737,24
AUS,combo,0.50,2703.5948994412074,24
AUS,combo,afford,4332.194622694037,24
AUS,diet,0.20,1085.390608981268,24
AUS,diet,0.50,1085.390608981268,24
AUS,diet,afford,1085.390608981268,24
AUS,glp1,0.20,659.2791007174892,24
AUS,glp1,0.50,1651.3114897250234,24
AUS,glp1,afford,3313.1070476253217,24
BGD,combo,0.20,13113.92390148423,24
BGD,combo,0.50,14984.607180847162,24
BGD,combo,afford,16859.229822370304,24
BGD,diet,0.20,11868.970108523266,24
BGD,diet,0.50,11868.970108523266,24
BGD,diet,afford,11868.970108523266,24
BGD,glp1,0.20,1284.5272377349993,24
BGD,glp1,0.50,3214.7044537976435,24
BGD,glp1,afford,5148.9825086719775,24
BGR,combo,0.20,1320.8629339675772,24
BGR,combo,0.50,1785.8220380123464,24
BGR,combo,afford,2568.726359913125,24
BGR,diet,0.20,1012.8365476959468,24
BGR,diet,0.50,1012.8365476959468,24
BGR,diet,afford,1012.8365476959468,24
BGR,glp1,0.20,315.3557877830701,24
BGR,glp1,0.50,791.4075222441172,24
BGR,glp1,afford,1593.0667663821096,24
BRA,combo,0.20,15977.752734856622,24
BRA,combo,0.50,23773.35910060723,24
BRA,combo,afford,36819.51998631036,24
BRA,diet,0.20,10793.924415002664,24
BRA,diet,0.50,10793.924415002664,24
BRA,diet,afford,10793.924415002664,24
BRA,glp1,0.20,5312.91326838432,24
BRA,glp1,0.50,13302.391111369412,24
BRA,glp1,afford,26672.29623411321,24
CAN,combo,0.20,2141.8958241188675,24
CAN,combo,0.50,3470.6793226834725,24
CAN,combo,afford,5694.305243377785,24
CAN,diet,0.20,1258.2650880333658,24
CAN,diet,0.50,1258.2650880333658,24
CAN,diet,afford,1258.2650880333658,24
CAN,glp1,0.20,899.1906350315539,24
CAN,glp1,0.50,2251.316215229584,24
CAN,glp1,afford,4513.84839203094,24
CHN,combo,0.20,167528.06102631104,24
CHN,combo,0.50,200781.6427610397,24
CHN,combo,afford,256339.93498916924,24
CHN,diet,0.20,145392.7500108789,24
CHN,diet,0.50,145392.7500108789,24
CHN,diet,afford,145392.7500108789,24
CHN,glp1,0.20,22888.53968225229,24
CHN,glp1,0.50,57273.72722256926,24
CHN,glp1,afford,114722.71023132816,24
DEU,combo,0.20,7172.94892005534,24
DEU,combo,0.50,11852.937625949671,24
DEU,combo,afford,19698.84963656485,24
DEU,diet,0.20,4064.335265636757,24
DEU,diet,0.50,4064.335265636757,24
DEU,diet,afford,4064.335265636757,24
DEU,glp1,0.20,3154.5222959658317,24
DEU,glp1,0.50,7903.60139050454,24
DEU,glp1,afford,15865.267361816892,24
EGY,combo,0.20,8639.266528845357,24
EGY,combo,0.50,15968.346799748164,24
EGY,combo,afford,28343.553250249566,24
EGY,diet,0.20,3792.0631818252696,24
EGY,diet,0.50,3792.0631818252696,24
EGY,diet,afford,3792.0631818252696,24
EGY,glp1,0.20,4886.868029926842,24
EGY,glp1,0.50,12276.101742056202,24
EGY,glp1,afford,24753.350913471208,24
GBR,combo,0.20,4160.410386638051,24
GBR,combo,0.50,6672.396226821814,24
GBR,combo,afford,10877.702343852216,24
GBR,diet,0.20,2490.3710471465847,24
GBR,diet,0.50,2490.3710471465847,24
GBR,diet,afford,2490.3710471465847,24
GBR,glp1,0.20,1701.7104727506112,24
GBR,glp1,0.50,4261.231782665254,24
GBR,glp1,afford,8545.830888578452,24
GLB,combo,0.20,663493.8739489019,24
GLB,combo,0.50,841982.4857210905,24
GLB,combo,afford,1140367.363991332,24
GLB,diet,0.20,544725.644792412,24
GLB,diet,0.50,544725.644792412,24
GLB,diet,afford,544725.644792412,24
GLB,glp1,0.20,122413.72468712508,24
GLB,glp1,0.50,306378.41958755825,24
GLB,glp1,afford,613910.871970677,24
IND,combo,0.20,76026.89048035767,24
IND,combo,0.50,90137.74169819144,24
IND,combo,afford,113699.2762821741,24
IND,diet,0.20,66630.44420152766,24
IND,diet,0.50,66630.44420152766,24
IND,diet,afford,66630.44420152766,24
IND,glp1,0.20,9594.332076127888,24
IND,glp1,0.50,24002.385440750542,24
IND,glp1,afford,48060.25460420034,24
ISR,combo,0.20,421.6082732292541,24
ISR,combo,0.50,700.825872888312,24
ISR,combo,afford,1169.4587047175448,24
ISR,diet,0.20,236.2658258780837,24
ISR,diet,0.50,236.2658258780837,24
ISR,diet,afford,236.2658258780837,24
ISR,glp1,0.20,188.5239533975714,24
ISR,glp1,0.50,472.5176826781301,24
ISR,glp1,afford,949.1208509390676,24
JPN,combo,0.20,5883.193371394616,24
JPN,combo,0.50,7740.628104059055,24
JPN,combo,afford,10845.18608088111,24
JPN,diet,0.20,4647.065325559179,24
JPN,diet,0.50,4647.065325559179,24
JPN,diet,afford,4647.065325559179,24
JPN,glp1,0.20,1263.5839697284828,24
JPN,glp1,0.50,3162.1956807107563,24
JPN,glp1,afford,6335.365584263156,24
MEX,combo,0.20,6920.761460759477,24
MEX,combo,0.50,12753.809690406311,24
MEX,combo,afford,22587.65710547,24
MEX,diet,0.20,3059.3656840921285,24
MEX,diet,0.50,3059.3656840921285,24
MEX,diet,afford,3059.3656840921285,24
MEX,glp1,0.20,3898.970362613931,24
MEX,glp1,0.50,9788.707057090784,24
MEX,glp1,afford,19717.92836929102,24
NGA,combo,0.20,2568.488758891821,24
NGA,combo,0.50,5099.796613718147,24
NGA,combo,afford,4254.730819772933,24
NGA,diet,0.20,887.3529747255816,24
NGA,diet,0.50,887.3529747255816,24
NGA,diet,afford,887.3529747255816,24
NGA,glp1,0.20,1687.3530602053215,24
NGA,glp1,0.50,4228.000633562671,24
NGA,glp1,afford,3379.819760080147,24
NZL,combo,0.20,439.39429362133967,24
NZL,combo,0.50,702.27216910926,24
NZL,combo,afford,1142.866006287137,24
NZL,diet,0.20,264.7545412867063,24
NZL,diet,0.50,264.7545412867063,24
NZL,diet,afford,264.7545412867063,24
NZL,glp1,0.20,177.80005234657654,24
NZL,glp1,0.50,445.4375841391,24
NZL,glp1,afford,894.0148624097512,24
ROU,combo,0.20,3630.0311787576056,24
ROU,combo,0.50,4700.235435036038,24
ROU,combo,afford,6500.38366282026,24
ROU,diet,0.20,2920.5711810743687,24
ROU,diet,0.50,2920.5711810743687,24
ROU,diet,afford,2920.5711810743687,24
ROU,glp1,0.20,729.1291133135483,24
ROU,glp1,0.50,1829.075490503279,24
ROU,glp1,afford,3679.4422387383743,24
TUR,combo,0.20,6890.556800584895,24
TUR,combo,0.50,12024.710123677014,24
TUR,combo,afford,20659.29177361197,24
TUR,diet,0.20,3486.7843160687557,24
TUR,diet,0.50,3486.7843160687557,24
TUR,diet,afford,3486.7843160687557,24
TUR,glp1,0.20,3444.9246477774104,24
TUR,glp1,0.50,8641.171748997676,24
TUR,glp1,afford,17380.22587946124,24
USA,combo,0.20,31506.718881753,24
USA,combo,0.50,49823.23690500751,24
USA,combo,afford,80605.42115349407,24
USA,diet,0.20,19358.28411334219,24
USA,diet,0.50,19358.28411334219,24
USA,diet,afford,19358.28411334219,24
USA,glp1,0.20,12386.51428079902,24
USA,glp1,0.50,31061.42176078389,24
USA,glp1,afford,62444.28608153925,24
ZAF,combo,0.20,1029.5170980364892,24
ZAF,combo,0.50,2369.944388329868,24
ZAF,combo,afford,3717.9653614480576,24
ZAF,diet,0.20,139.97507238443177,24
ZAF,diet,0.50,139.97507238443177,24
ZAF,diet,afford,139.97507238443177,24
ZAF,glp1,0.20,891.0071934326352,24
ZAF,glp1,0.50,2233.633233982422,24
ZAF,glp1,afford,3583.8541345582344,24
AUS,combo,0.20,1763.602119009165,25
AUS,combo,0.50,2746.0308207517883,25
AUS,combo,afford,4392.06553153423,25
AUS,diet,0.20,1110.78488202258,25
AUS,diet,0.50,1110.78488202258,25
AUS,diet,afford,1110.78488202258,25
AUS,glp1,0.20,666.2452186726578,25
AUS,glp1,0.50,1668.8482694839377,25
AUS,glp1,afford,3348.590664084103,25
BGD,combo,0.20,13362.034184459664,25
BGD,combo,0.50,15252.889942483562,25
BGD,combo,afford,17147.79866779523,25
BGD,diet,0.20,12103.69489703345,25
BGD,diet,0.50,12103.69489703345,25
BGD,diet,afford,12103.69489703345,25
BGD,glp1,0.20,1298.0039161663954,25
BGD,glp1,0.50,3248.4966162137043,25
BGD,glp1,afford,5203.211319273401,25
BGR,combo,0.20,1312.5120699422348,25
BGR,combo,0.50,1771.174087088831,25
BGR,combo,afford,2543.543048841186,25
BGR,diet,0.20,1008.6745365656294,25
BGR,diet,0.50,1008.6745365656294,25
BGR,diet,afford,1008.6745365656294,25
BGR,glp1,0.20,311.0128297677286,25
BGR,glp1,0.50,780.5383694446853,25
BGR,glp1,afford,1571.2860322986303,25
BRA,combo,0.20,16338.990285175125,25
BRA,combo,0.50,24235.348871509865,25
BRA,combo,afford,37452.44984554594,25
BRA,diet,0.20,11088.741756575,25
BRA,diet,0.50,11088.741756575,25
BRA,diet,afford,11088.741756575,25
BRA,glp1,0.20,5381.2423658940825,25
BRA,glp1,0.50,13474.403910055613,25
BRA,glp1,afford,27020.318562570465,25
CAN,combo,0.20,2172.331415406031,25
CAN,combo,0.50,3504.070899523644,25
CAN,combo,afford,5732.785107808793,25
CAN,diet,0.20,1286.7700307262066,25
CAN,diet,0.50,1286.7700307262066,25
CAN,diet,afford,1286.7700307262066,25
CAN,glp1,0.20,901.3461816858136,25
CAN,glp1,0.50,2256.7704903671247,25
CAN,glp1,afford,4524.976661065597,25
CHN,combo,0.20,170846.7635262998,25
CHN,combo,0.50,204343.4143529741,25
CHN,combo,afford,260310.18206786792,25
CHN,diet,0.20,148550.248053417,25
CHN,diet,0.50,148550.248053417,25
CHN,diet,afford,148550.248053417,25
CHN,glp1,0.20,23056.215469293427,25
CHN,glp1,0.50,57694.36764732198,25
CHN,glp1,afford,115568.82488331954,25
DEU,combo,0.20,7216.319460216801,25
DEU,combo,0.50,11886.62241820593,25
DEU,combo,afford,19717.947681371254,25
DEU,diet,0.20,4114.545102127802,25
DEU,diet,0.50,4114.545102127802,25
DEU,diet,afford,4114.545102127802,25
DEU,glp1,0.20,3147.710605734253,25
DEU,glp1,0.50,7887.168529665509,25
DEU,glp1,afford,15834.418238078742,25
EGY,combo,0.20,8797.241454090803,25
EGY,combo,0.50,16228.608361257971,25
EGY,combo,afford,28780.886279752765,25
EGY,diet,0.20,3883.463533179238,25
EGY,diet,0.50,3883.463533179238,25
EGY,diet,afford,3883.463533179238,25
EGY,glp1,0.20,4953.415735296498,25
EGY,glp1,0.50,12444.940674669897,25
EGY,glp1,afford,25099.392524686817,25
GBR,combo,0.20,4210.320285647531,25
GBR,combo,0.50,6727.26729664418,25
GBR,combo,afford,10941.221630661086,25
GBR,diet,0.20,2537.0677442712317,25
GBR,diet,0.50,2537.0677442712317,25
GBR,diet,afford,2537.0677442712317,25
GBR,glp1,0.20,1705.2306923832266,25
GBR,glp1,0.50,4270.186380015408,25
GBR,glp1,afford,8564.25636155122,25
GLB,combo,0.20,679030.0559881288,25
GLB,combo,0.50,859537.6054394941,25
GLB,combo,afford,1161316.4767428068,25
GLB,diet,0.20,558923.1164080838,25
GLB,diet,0.50,558923.1164080838,25
GLB,diet,afford,558923.1164080838,25
GLB,glp1,0.20,123802.50826467387,25
GLB,glp1,0.50,309862.3671716389,25
GLB,glp1,afford,620918.8570444806,25
IND,combo,0.20,77668.99627450827,25
IND,combo,0.50,91934.87609908172,25
IND,combo,afford,115756.2106581859,25
IND,diet,0.20,68169.55102649212,25
IND,diet,0.50,68169.55102649212,25
IND,diet,afford,68169.55102649212,25
IND,glp1,0.20,9698.768389302684,25
IND,glp1,0.50,24264.0373444304,25
IND,glp1,afford,48585.43461318975,25
ISR,combo,0.20,432.89568911595165,25
ISR,combo,0.50,717.5207714328092,25
ISR,combo,afford,1195.3169066455323,25
ISR,diet,0.20,243.98487871041448,25
ISR,diet,0.50,243.98487871041448,25
ISR,diet,afford,243.98487871041448,25
ISR,glp1,0.20,192.1738284119706,25
ISR,glp1,0.50,481.6984266207981,25
ISR,glp1,afford,967.6735814556772,25
JPN,combo,0.20,5935.390315005112,25
JPN,combo,0.50,7784.695880812666,25
JPN,combo,afford,10875.877463614815,25
JPN,diet,0.20,4704.722717016361,25
JPN,diet,0.50,4704.722717016361,25
JPN,diet,afford,4704.722717016361,25
JPN,glp1,0.20,1258.2664847207998,25
JPN,glp1,0.50,3148.9658508894936,25
JPN,glp1,afford,6309.127201261883,25
MEX,combo,0.20,7083.677946533844,25
MEX,combo,0.50,13015.062481852943,25
MEX,combo,afford,23018.721586703414,25
MEX,diet,0.20,3158.145510584789,25
MEX,diet,0.50,3158.145510584789,25
MEX,diet,afford,3158.145510584789,25
MEX,glp1,0.20,3963.703796552829,25
MEX,glp1,0.50,9952.70263799334,25
MEX,glp1,afford,20053.36387952717,25
NGA,combo,0.20,2652.6447283691414,25
NGA,combo,0.50,5254.786282313711,25
NGA,combo,afford,4386.045056450868,25
NGA,diet,0.20,924.603186432876,25
NGA,diet,0.50,924.603186432876,25
NGA,diet,afford,924.603186432876,25
NGA,glp1,0.20,1734.4392746649282,25
NGA,glp1,0.50,4346.19320890931,25
NGA,glp1,afford,3474.2457515885217,25
NZL,combo,0.20,445.7811583296877,25
NZL,combo,0.50,710.509873476988,25
NZL,combo,afford,1154.2762318708826,25
NZL,diet,0.20,269.92926900367115,25
NZL,diet,0.50,269.92926900367115,25
NZL,diet,afford,269.92926900367115,25
NZL,glp1,0.20,179.03767127463686,25
NZL,glp1,0.50,448.5660181408725,25
NZL,glp1,afford,900.3871818178665,25
ROU,combo,0.20,3629.970282058109,25
ROU,combo,0.50,4693.381411423557,25
ROU,combo,afford,6482.308844934738,25
ROU,diet,0.20,2925.0652310278238,25
ROU,diet,0.50,2925.0652310278238,25
ROU,diet,afford,2925.0652310278238,25
ROU,glp1,0.20,724.2681527525053,25
ROU,glp1,0.50,1816.9684013013093,25
ROU,glp1,afford,3655.3758352747377,25
TUR,combo,0.20,7031.925357083601,25
TUR,combo,0.50,12238.652447772336,25
TUR,combo,afford,20997.14994809497,25
TUR,diet,0.20,3580.498173388441,25
TUR,diet,0.50,3580.498173388441,25
TUR,diet,afford,3580.498173388441,25
TUR,glp1,0.20,3493.09973044505,25
TUR,glp1,0.50,8762.732391453344,25
TUR,glp1,afford,17627.14033099768,25
USA,combo,0.20,31804.00803011945,25
USA,combo,0.50,50113.11647177223,25
USA,combo,afford,80889.99945392078,25
USA,diet,0.20,19662.226266915808,25
USA,diet,0.50,19662.226266915808,25
USA,diet,afford,19662.226266915808,25
USA,glp1,0.20,12380.440411950112,25
USA,glp1,0.50,31048.948609315805,25
USA,glp1,afford,62428.57987850065,25
ZAF,combo,0.20,1047.823987421103,25
ZAF,combo,0.50,2409.341903342945,25
ZAF,combo,afford,3778.679874367239,25
ZAF,diet,0.20,144.34180813223247,25
ZAF,diet,0.50,144.34180813223247,25
ZAF,diet,afford,144.34180813223247,25
ZAF,glp1,0.20,904.9808424229795,25
ZAF,glp1,0.50,2268.748106031304,25
ZAF,glp1,afford,3640.3370288130423,25
AUS,combo,0.20,1793.222609240418,26
AUS,combo,0.50,2785.077828433681,26
AUS,combo,afford,4447.126386177182,26
AUS,diet,0.20,1134.1955673344337,26
AUS,diet,0.50,1134.1955673344337,26
AUS,diet,afford,1134.1955673344337,26
AUS,glp1,0.20,672.6280075673985,26
AUS,glp1,0.50,1684.9219195664243,26
AUS,glp1,afford,3381.1318308564514,26
BGD,combo,0.20,13582.07878198765,26
BGD,combo,0.50,15489.843555906607,26
BGD,combo,afford,17401.778215786908,26
BGD,diet,0.20,12312.531447046433,26
BGD,diet,0.50,12312.531447046433,26
BGD,diet,afford,12312.531447046433,26
BGD,glp1,0.20,1309.2205787766145,26
BGD,glp1,0.50,3276.641047630193,26
BGD,glp1,afford,5248.407514329712,26
BGR,combo,0.20,1302.4824082127975,26
BGR,combo,0.50,1754.6907950146117,26
BGR,combo,afford,2516.269625148341,26
BGR,diet,0.20,1002.9395682225198,26
BGR,diet,0.50,1002.9395682225198,26
BGR,diet,afford,1002.9395682225198,26
BGR,glp1,0.20,306.55656711194445,26
BGR,glp1,0.50,769.3879577883391,26
BGR,glp1,afford,1548.9496693951548,26
BRA,combo,0.20,16665.261426090416,26
BRA,combo,0.50,24651.46885105444,26
BRA,combo,afford,38021.38805033881,26
BRA,diet,0.20,11355.873863745685,26
BRA,diet,0.50,11355.873863745685,26
BRA,diet,afford,11355.873863745685,26
BRA,glp1,0.20,5441.941411517793,26
BRA,glp1,0.50,13627.358964129096,26
BRA,glp1,afford,27330.28498276492,26
CAN,combo,0.20,2198.57930592552,26
CAN,combo,0.50,3531.9265947260856,26
CAN,combo,afford,5763.460682846256,26
CAN,diet,0.20,1311.9807714101717,26
CAN,diet,0.50,1311.9807714101717,26
CAN,diet,afford,1311.9807714101717,26
CAN,glp1,0.20,902.5693486433764,26
CAN,glp1,0.50,2259.885738733201,26
CAN,glp1,afford,4531.399677371602,26
CHN,combo,0.20,173710.77252536645,26
CHN,combo,0.50,207398.91783723145,26
CHN,combo,afford,263688.1892459654,26
CHN,diet,0.20,151287.43169902576,26
CHN,diet,0.50,151287.43169902576,26
CHN,diet,afford,151287.43169902576,26
CHN,glp1,0.20,23187.43240805609,26
CHN,glp1,0.50,58023.84612546952,26
CHN,glp1,afford,116232.5680674898,26
DEU,combo,0.20,7244.199882531313,26
DEU,combo,0.50,11898.364373457913,26
DEU,combo,afford,19704.204527986072,26
DEU,diet,0.20,4153.5307975625765,26
DEU,diet,0.50,4153.5307975625765,26
DEU,diet,afford,4153.5307975625765,26
DEU,glp1,0.20,3136.520679157071,26
DEU,glp1,0.50,7859.734770429797,26
DEU,glp1,afford,15781.382484798793,26
EGY,combo,0.20,8933.109896047365,26
EGY,combo,0.50,16449.79970983445,26
EGY,combo,afford,29151.11926647238,26
EGY,diet,0.20,3964.1239860697383,26
EGY,diet,0.50,3964.1239860697383,26
EGY,diet,afford,3964.1239860697383,26
EGY,glp1,0.20,5008.433041420227,26
EGY,glp1,0.50,12585.038883393754,26
EGY,glp1,afford,25388.25036722433,26
GBR,combo,0.20,4253.420298107572,26
GBR,combo,0.50,6773.4127681747495,26
GBR,combo,afford,10992.810436187943,26
GBR,diet,0.20,2578.228747224385,26
GBR,diet,0.50,2578.228747224385,26
GBR,diet,afford,2578.228747224385,26
GBR,glp1,0.20,1707.4076045764978,26
GBR,glp1,0.50,4275.778059267558,26
GBR,glp1,afford,8575.940296681998,26
GLB,combo,0.20,693240.1450110986,26
GLB,combo,0.50,875589.6891991496,26
GLB,combo,afford,1180468.4283834014,26
GLB,diet,0.20,571912.6513464279,26
GLB,diet,0.50,571912.6513464279,26
GLB,diet,afford,571912.6513464279,26
GLB,glp1,0.20,125064.74239047153,26
GLB,glp1,0.50,313030.21066196123,26
GLB,glp1,afford,627295.535559745,26
IND,combo,0.20,79145.7295098303,26
IND,combo,0.50,93544.41121262858,26
IND,combo,afford,117588.57701093072,26
IND,diet,0.20,69558.1219445695,26
IND,diet,0.50,69558.1219445695,26
IND,diet,afford,69558.1219445695,26
IND,glp1,0.20,9787.88507529178,26
IND,glp1,0.50,24487.417404202788,26
IND,glp1,afford,49034.16216276903,26
ISR,combo,0.20,443.8206777295432,26
ISR,combo,0.50,733.7281400436921,26
ISR,combo,afford,1220.475573468784,26
ISR,diet,0.20,251.42405074702836,26
ISR,diet,0.50,251.42405074702836,26
ISR,diet,afford,251.42405074702836,26
ISR,glp1,0.20,195.7373936211661,26
ISR,glp1,0.50,490.662098543673,26
ISR,glp1,afford,985.7877634294668,26
JPN,combo,0.20,5979.564756854652,26
JPN,combo,0.50,7820.42272555247,26
JPN,combo,afford,10897.686259560856,26
JPN,diet,0.20,4754.567278722749,26
JPN,diet,0.50,4754.567278722749,26
JPN,diet,afford,4754.567278722749,26
JPN,glp1,0.20,1252.6998013127777,26
JPN,glp1,0.50,3135.1089823853144,26
JPN,glp1,afford,6281.620775580515,26
MEX,combo,0.20,7233.268526505952,26
MEX,combo,0.50,13253.53155323376,26
MEX,combo,afford,23411.11671394184,26
MEX,diet,0.20,3249.8733561668814,26
MEX,diet,0.50,3249.8733561668814,26
MEX,diet,afford,3249.8733561668814,26
MEX,glp1,0.20,4022.062398469247,26
MEX,glp1,0.50,10100.713125077104,26
MEX,glp1,afford,20356.671712616797,26
NGA,combo,0.20,2732.864208102212,26
NGA,combo,0.50,5402.020348083388,26
NGA,combo,afford,4510.875175047109,26
NGA,diet,0.20,960.4707125444256,26
NGA,diet,0.50,960.4707125444256,26
NGA,diet,afford,960.4707125444256,26
NGA,glp1,0.20,1778.9585454491971,26
NGA,glp1,0.50,4457.980040062743,26
NGA,glp1,afford,3563.5440431667994,26
NZL,combo,0.20,451.4499849370966,26
NZL,combo,0.50,717.7720196281739,26
NZL,combo,afford,1164.277836981998,26
NZL,diet,0.20,274.5566776089148,26
NZL,diet,0.50,274.5566776089148,26
NZL,diet,afford,274.5566776089148,26
NZL,glp1,0.20,180.0985429767493,26
NZL,glp1,0.50,451.2510718606229,26
NZL,glp1,afford,905.8676831977584,26
ROU,combo,0.20,3624.386855033217,26
ROU,combo,0.50,4680.004673632714,26
ROU,combo,afford,6456.060102579005,26
ROU,diet,0.20,2924.707282575788,26
ROU,diet,0.50,2924.707282575788,26
ROU,diet,afford,2924.707282575788,26
ROU,glp1,0.20,718.7092866676485,26
ROU,glp1,0.50,1803.121660571732,26
ROU,glp1,afford,3627.84794806348,26
TUR,combo,0.20,7161.734880877491,26
TUR,combo,0.50,12434.682306167131,26
TUR,combo,afford,21306.538583159017,26
TUR,diet,0.20,3666.896515563749,26
TUR,diet,0.50,3666.896515563749,26
TUR,diet,afford,3666.896515563749,26
TUR,glp1,0.20,3536.929055551609,26
TUR,glp1,0.50,8873.440094309808,26
TUR,glp1,afford,17852.387523209858,26
USA,combo,0.20,32039.919916026152,26
USA,combo,0.50,50324.27471422372,26
USA,combo,afford,81066.29638125609,26
USA,diet,0.20,19916.193881224142,26
USA,diet,0.50,19916.193881224142,26
USA,diet,afford,19916.193881224142,26
USA,glp1,0.20,12362.428966245005,26
USA,glp1,0.50,31006.38346031973,26
USA,glp1,afford,62351.84950843222,26
ZAF,combo,0.20,1065.0175995916725,26
ZAF,combo,0.50,2446.2948598733965,26
ZAF,combo,afford,3835.6210927317097,26
ZAF,diet,0.20,148.48431845800224,26
ZAF,diet,0.50,148.48431845800224,26
ZAF,diet,afford,148.48431845800224,26
ZAF,glp1,0.20,918.0628982096624,26
ZAF,glp1,0.50,2301.6362954317337,26
ZAF,glp1,afford,3693.260701031144,26
AUS,combo,0.20,1820.4117634036147,27
AUS,combo,0.50,2820.8672238250056,27
AUS,combo,afford,4497.540672291551,27
AUS,diet,0.20,1155.7228582526468,27
AUS,diet,0.50,1155.7228582526468,27
AUS,diet,afford,1155.7228582526468,27
AUS,glp1,0.20,678.44112124186,27
AUS,glp1,0.50,1699.5669068971329,27
AUS,glp1,afford,3410.800567402513,27
BGD,combo,0.20,13773.163268899903,27
BGD,combo,0.50,15694.236341720316,27
BGD,combo,afford,17619.597939216743,27
BGD,diet,0.20,12494.809286103917,27
BGD,diet,0.50,12494.809286103917,27
BGD,diet,afford,12494.809286103917,27
BGD,glp1,0.20,1317.9501770789611,27
BGD,glp1,0.50,3298.5688173449525,27
BGD,glp1,afford,5283.658706443193,27
BGR,combo,0.20,1290.7871431923322,27
BGR,combo,0.50,1736.317076040248,27
BGR,combo,afford,2486.7361970118664,27
BGR,diet,0.20,995.6901002992028,27
BGR,diet,0.50,995.6901002992028,27
BGR,diet,afford,995.6901002992028,27
BGR,glp1,0.20,301.9416683831066,27
BGR,glp1,0.50,757.8425750385775,27
BGR,glp1,afford,1525.8289969393018,27
BRA,combo,0.20,16956.092267877575,27
BRA,combo,0.50,25020.464650526483,27
BRA,combo,afford,38523.77426800821,27
BRA,diet,0.20,11595.36584788547,27
BRA,diet,0.50,11595.36584788547,27
BRA,diet,afford,11595.36584788547,27
BRA,glp1,0.20,5494.500882699453,27
BRA,glp1,0.50,13759.980215302525,27
BRA,glp1,afford,27599.636057625903,27
CAN,combo,0.20,2220.9063788509666,27
CAN,combo,0.50,3554.6199871633034,27
CAN,combo,afford,5786.884869234861,27
CAN,diet,0.20,1334.0934395613267,27
CAN,diet,0.50,1334.0934395613267,27
CAN,diet,afford,1334.0934395613267,27
CAN,glp1,0.20,902.9341149131114,27
CAN,glp1,0.50,2260.847448542695,27
CAN,glp1,afford,4533.4902056528,27
CHN,combo,0.20,176129.07758190497,27
CHN,combo,0.50,209955.8123388792,27
CHN,combo,afford,266479.3650091896,27
CHN,diet,0.20,153614.16914750377,27
CHN,diet,0.50,153614.16914750377,27
CHN,diet,afford,153614.16914750377,27
CHN,glp1,0.20,23281.425366427007,27
CHN,glp1,0.50,58260.23677752008,27
CHN,glp1,afford,116710.0444981344,27
DEU,combo,0.20,7257.686625769479,27
DEU,combo,0.50,11889.746255621363,27
DEU,combo,afford,19660.00826320059,27
DEU,diet,0.20,4182.063392494914,27
DEU,diet,0.50,4182.063392494914,27
DEU,diet,afford,4182.063392494914,27
DEU,glp1,0.20,3121.2905187551405,27
DEU,glp1,0.50,7822.143294055582,27
DEU,glp1,afford,15707.839872607754,27
EGY,combo,0.20,9044.482648086654,27
EGY,combo,0.50,16627.14741047622,27
EGY,combo,afford,29445.41906018233,27
EGY,diet,0.20,4033.2233302451423,27
EGY,diet,0.50,4033.2233302451423,27
EGY,diet,afford,4033.2233302451423,27
EGY,glp1,0.20,5050.346583378734,27
EGY,glp1,0.50,12692.430323892018,27
EGY,glp1,afford,25611.88352681565,27
GBR,combo,0.20,4289.816314640251,27
GBR,combo,0.50,6810.854202757184,27
GBR,combo,afford,11032.35043435587,27
GBR,diet,0.20,2614.016327359014,27
GBR,diet,0.50,2614.016327359014,27
GBR,diet,afford,2614.016327359014,27
GBR,glp1,0.20,1708.1880921783577,27
GBR,glp1,0.50,4277.874226807608,27
GBR,glp1,afford,8580.618184442887,27
GLB,combo,0.20,706120.5142391659,27
GLB,combo,0.50,890116.2903270188,27
GLB,combo,afford,1197769.4325011072,27
GLB,diet,0.20,583703.1754895854,27
GLB,diet,0.50,583703.1754895854,27
GLB,diet,afford,583703.1754895854,27
GLB,glp1,0.20,126188.06886080116,27
GLB,glp1,0.50,315851.06245820434,27
GLB,glp1,afford,632979.1610063874,27
IND,combo,0.20,80450.88489079982,27
IND,combo,0.50,94957.4543280012,27
IND,combo,afford,119182.9919251338,27
IND,diet,0.20,70791.74032967322,27
IND,diet,0.50,70791.74032967322,27
IND,diet,afford,70791.74032967322,27
IND,glp1,0.20,9859.88338975882,27
IND,glp1,0.50,24668.02434782385,27
IND,glp1,afford,49397.42008669512,27
ISR,combo,0.20,454.380643781484,27
ISR,combo,0.50,749.4317051465418,27
ISR,combo,afford,1244.8962288250996,27
ISR,diet,0.20,258.59001650842106,27
ISR,diet,0.50,258.59001650842106,27
ISR,diet,afford,258.59001650842106,27
ISR,glp1,0.20,199.2054060236262,27
ISR,glp1,0.50,499.3858223677187,27
ISR,glp1,afford,1003.4184062592758,27
JPN,combo,0.20,6015.875112246395,27
JPN,combo,0.50,7847.77783870215,27
JPN,combo,afford,10910.267865888323,27
JPN,diet,0.20,4796.883954529381,27
JPN,diet,0.50,4796.883954529381,27
JPN,diet,afford,4796.883954529381,27
JPN,glp1,0.20,1246.7584276379566,27
JPN,glp1,0.50,3120.3119440778464,27
JPN,glp1,afford,6252.222054169415,27
MEX,combo,0.20,7369.068202959537,27
MEX,combo,0.50,13468.23515498064,27
MEX,combo,afford,23762.97221057024,27
MEX,diet,0.20,3334.422292916981,27
MEX,diet,0.50,3334.422292916981,27
MEX,diet,afford,3334.422292916981,27
MEX,glp1,0.20,4073.71021443927,27
MEX,glp1,0.50,10231.888884559115,27
MEX,glp1,afford,20626.118528070427,27
NGA,combo,0.20,2808.5595710644848,27
NGA,combo,0.50,5540.257037976513,27
NGA,combo,afford,4628.197807600474,27
NGA,diet,0.20,994.8022480968792,27
NGA,diet,0.50,994.8022480968792,27
NGA,diet,afford,994.8022480968792,27
NGA,glp1,0.20,1820.4755913114425,27
NGA,glp1,0.50,4562.270258755711,27
NGA,glp1,afford,3646.842652266984,27
NZL,combo,0.20,456.4305590479922,27
NZL,combo,0.50,724.0924483728256,27
NZL,combo,afford,1172.911599088183,27
NZL,diet,0.20,278.6638951500653,27
NZL,diet,0.50,278.6638951500653,27
NZL,diet,afford,278.6638951500653,27
NZL,glp1,0.20,180.98572956447765,27
NZL,glp1,0.50,453.5004706412549,27
NZL,glp1,afford,910.4720446079498,27
ROU,combo,0.20,3613.192593252735,27
ROU,combo,0.50,4659.841404955978,27
ROU,combo,afford,6421.075321946829,27
ROU,diet,0.20,2919.524602975024,27
ROU,diet,0.50,2919.524602975024,27
ROU,diet,afford,2919.524602975024,27
ROU,glp1,0.20,712.3362375247198,27
ROU,glp1,0.50,1787.2423958236632,27
ROU,glp1,afford,3596.265538884079,27
TUR,combo,0.20,7279.178882393357,27
TUR,combo,0.50,12611.172418737193,27
TUR,combo,afford,21584.45925452681,27
TUR,diet,0.20,3745.719178460695,27
TUR,diet,0.50,3745.719178460695,27
TUR,diet,afford,3745.719178460695,27
TUR,glp1,0.20,3575.86409275706,27
TUR,glp1,0.50,8971.92216095575,27
TUR,glp1,afford,18053.21780363436,27
USA,combo,0.20,32219.21281788325,27
USA,combo,0.50,50462.73938078919,27
USA,combo,afford,81142.50677403287,27
USA,diet,0.20,20124.111878713757,27
USA,diet,0.50,20124.111878713757,27
USA,diet,afford,20124.111878713757,27
USA,glp1,0.20,12333.3738265524,27
USA,glp1,0.50,30935.98059479927,27
USA,glp1,afford,62218.66817967755,27
ZAF,combo,0.20,1080.9200559624005,27
ZAF,combo,0.50,2480.370302484198,27
ZAF,combo,afford,3888.101326299178,27
ZAF,diet,0.20,152.39493443748506,27
ZAF,diet,0.50,152.39493443748506,27
ZAF,diet,afford,152.39493443748506,27
ZAF,glp1,0.20,930.0830118177018,27
ZAF,glp1,0.50,2331.8721688347214,27
ZAF,glp1,afford,3741.944577295393,27
AUS,combo,0.20,1845.2507198660412,28
AUS,combo,0.50,2853.486495604633,28
AUS,combo,afford,4543.407536839481,28
AUS,diet,0.20,1175.443931219021,28
AUS,diet,0.50,1175.443931219021,28
AUS,diet,afford,1175.443931219021,28
AUS,glp1,0.20,683.6894918369526,28
AUS,glp1,0.50,1712.7959744723769,28
AUS,glp1,afford,3437.6237224477163,28
BGD,combo,0.20,13934.138235280603,28
BGD,combo,0.50,15864.603531157793,28
BGD,combo,afford,17799.47597501178,28
BGD,diet,0.20,12649.588283286364,28
BGD,diet,0.50,12649.588283286364,28
BGD,diet,afford,12649.588283286364,28
BGD,glp1,0.20,1323.9800062429367,28
BGD,glp1,0.50,3313.7467237646324,28
BGD,glp1,afford,5308.10946293817,28
BGR,combo,0.20,1277.4206337055311,28
BGR,combo,0.50,1715.986105744082,28
BGR,combo,afford,2454.772641808109,28
BGR,diet,0.20,986.960947165235,28
BGR,diet,0.50,986.960947165235,28
BGR,diet,afford,986.960947165235,28
BGR,glp1,0.20,297.1276287496228,28
BGR,glp1,0.50,745.8004563575024,28
BGR,glp1,afford,1501.718816748823,28
BRA,combo,0.20,17210.88881236563,28
BRA,combo,0.50,25340.95734947848,28
BRA,combo,afford,38956.91407666722,28
BRA,diet,0.20,11807.145117011292,28
BRA,diet,0.50,11807.145117011292,28
BRA,diet,afford,11807.145117011292,28
BRA,glp1,0.20,5538.406296379886,28
BRA,glp1,0.50,13870.97842774581,28
BRA,glp1,afford,27825.78340044138,28
CAN,combo,0.20,2239.560236280142,28
CAN,combo,0.50,3572.492607887143,28
CAN,combo,afford,5803.557691933606,28
CAN,diet,0.20,1353.2935051555223,28
CAN,diet,0.50,1353.2935051555223,28
CAN,diet,afford,1353.2935051555223,28
CAN,glp1,0.20,902.5054856018014,28
CAN,glp1,0.50,2259.8188484777684,28
CAN,glp1,afford,4531.577084228638,28
CHN,combo,0.20,178111.23779680757,28
CHN,combo,0.50,212022.79554872404,28
CHN,combo,afford,268690.9410851577,28
CHN,diet,0.20,155540.58622092538,28
CHN,diet,0.50,155540.58622092538,28
CHN,diet,afford,155540.58622092538,28
CHN,glp1,0.20,23337.73321212541,28
CHN,glp1,0.50,58402.375023155226,28
CHN,glp1,afford,116998.88574584817,28
DEU,combo,0.20,7257.853848750368,28
DEU,combo,0.50,11862.32864284993,28
DEU,combo,afford,19587.729981936896,28
DEU,diet,0.20,4200.892823442813,28
DEU,diet,0.50,4200.892823442813,28
DEU,diet,afford,4200.892823442813,28
DEU,glp1,0.20,3102.355644519976,28
DEU,glp1,0.50,7775.232979024728,28
DEU,glp1,afford,15615.467995694162,28
EGY,combo,0.20,9129.166725905714,28
EGY,combo,0.50,16756.354510172954,28
EGY,combo,afford,29655.882218014933,28
EGY,diet,0.20,4089.946442012122,28
EGY,diet,0.50,4089.946442012122,28
EGY,diet,afford,4089.946442012122,28
EGY,glp1,0.20,5077.775210879554,28
EGY,glp1,0.50,12763.62448120404,28
EGY,glp1,afford,25763.18475893336,28
GBR,combo,0.20,4319.593837356433,28
GBR,combo,0.50,6839.596730666447,28
GBR,combo,afford,11059.71363658896,28
GBR,diet,0.20,2644.5697720206954,28
GBR,diet,0.50,2644.5697720206954,28
GBR,diet,afford,2644.5697720206954,28
GBR,glp1,0.20,1707.5211959366034,28
GBR,glp1,0.50,4276.347755032984,28
GBR,glp1,afford,8578.036686648993,28
GLB,combo,0.20,717657.8179286083,28
GLB,combo,0.50,903084.6463533829,28
GLB,combo,afford,1213154.367548135,28
GLB,diet,0.20,594294.2874943186,28
GLB,diet,0.50,594294.2874943186,28
GLB,diet,afford,594294.2874943186,28
GLB,glp1,0.20,127159.64601553256,28
GLB,glp1,0.50,318292.8173733982,28
GLB,glp1,afford,637905.5218910323,28
IND,combo,0.20,81577.22022834416,28
IND,combo,0.50,96164.24135267585,28
IND,combo,afford,120525.47316863036,28
IND,diet,0.20,71864.8415064378,28
IND,diet,0.50,71864.8415064378,28
IND,diet,afford,71864.8415064378,28
IND,glp1,0.20,9913.073704918424,28
IND,glp1,0.50,24801.62843671917,28
IND,glp1,afford,49666.73006361839,28
ISR,combo,0.20,464.559251839853,28
ISR,combo,0.50,764.5942694151547,28
ISR,combo,afford,1268.507467585367,28
ISR,diet,0.20,265.4804902217295,28
ISR,diet,0.50,265.4804902217295,28
ISR,diet,afford,265.4804902217295,28
ISR,glp1,0.20,202.5637064197704,28
ISR,glp1,0.50,507.8344177963961,28
ISR,glp1,afford,1020.4958698923838,28
JPN,combo,0.20,6044.314903653445,28
JPN,combo,0.50,7866.553065863314,28
JPN,combo,afford,10913.078942668695,28
JPN,diet,0.20,4831.80095140533,28
JPN,diet,0.50,4831.80095140533,28
JPN,diet,afford,4831.80095140533,28
JPN,glp1,0.20,1240.3078668806593,28
JPN,glp1,0.50,3104.2388607023604,28
JPN,glp1,afford,6220.260518997089,28
MEX,combo,0.20,7490.602464925545,28
MEX,combo,0.50,13658.199958882236,28
MEX,combo,afford,24072.457474982988,28
MEX,diet,0.20,3411.644253302169,28
MEX,diet,0.50,3411.644253302169,28
MEX,diet,afford,3411.644253302169,28
MEX,glp1,0.20,4118.322345387165,28
MEX,glp1,0.50,10345.408431136148,28
MEX,glp1,afford,20860.029031431157,28
NGA,combo,0.20,2879.1320112788926,28
NGA,combo,0.50,5668.250343031152,28
NGA,combo,afford,4736.9831081472585,28
NGA,diet,0.20,1027.428322220556,28
NGA,diet,0.50,1027.428322220556,28
NGA,diet,afford,1027.428322220556,28
NGA,glp1,0.20,1858.5600128777403,28
NGA,glp1,0.50,4657.984662719897,28
NGA,glp1,afford,3723.279073390564,28
NZL,combo,0.20,460.7459875473379,28
NZL,combo,0.50,729.49585655182,28
NZL,combo,afford,1180.2051213293337,28
NZL,diet,0.20,282.2730335190687,28
NZL,diet,0.50,282.2730335190687,28
NZL,diet,afford,282.2730335190687,28
NZL,glp1,0.20,181.70053500542645,28
NZL,glp1,0.50,455.31757391510325,28
NZL,glp1,afford,914.207312695464,28
ROU,combo,0.20,3596.2719052779544,28
ROU,combo,0.50,4632.630448106703,28
ROU,combo,afford,6376.844632151458,28
ROU,diet,0.20,2909.497137338458,28
ROU,diet,0.50,2909.497137338458,28
ROU,diet,afford,2909.497137338458,28
ROU,glp1,0.20,705.0530621999944,28
ROU,glp1,0.50,1769.0884564187036,28
ROU,glp1,afford,3560.136587535384,28
TUR,combo,0.20,7383.380801831929,28
TUR,combo,0.50,12766.407882972388,28
TUR,combo,afford,21827.79272853824,28
TUR,diet,0.20,3816.646656085159,28
TUR,diet,0.50,3816.646656085159,28
TUR,diet,afford,3816.646656085159,28
TUR,glp1,0.20,3609.34507062806,28
TUR,glp1,0.50,9056.776312955648,28
TUR,glp1,afford,18226.817384995014,28
USA,combo,0.20,32345.952036147966,28
USA,combo,0.50,50533.51280075871,28
USA,combo,afford,81125.25184045752,28
USA,diet,0.20,20289.435193705605,28
USA,diet,0.50,20289.435193705605,28
USA,diet,afford,20289.435193705605,28
USA,glp1,0.20,12293.93455919782,28
USA,glp1,0.50,30839.41070805755,28
USA,glp1,afford,62032.44970791528,28
ZAF,combo,0.20,1095.3399193599523,28
ZAF,combo,0.50,2511.108057258385,28
ZAF,combo,afford,3935.391289254973,28
ZAF,diet,0.20,156.06114647517097,28
ZAF,diet,0.50,156.06114647517097,28
ZAF,diet,afford,156.06114647517097,28
ZAF,glp1,0.20,940.8620688205956,28
ZAF,glp1,0.50,2359.0075957900444,28
ZAF,glp1,afford,3785.6711371891,28
AUS,combo,0.20,1867.7891952921557,29
AUS,combo,0.50,2882.978341891736,29
AUS,combo,afford,4584.759194585096,29
AUS,diet,0.20,1193.4134862592537,29
AUS,diet,0.50,1193.4134862592537,29
AUS,diet,afford,1193.4134862592537,29
AUS,glp1,0.20,688.3687640796807,29
AUS,glp1,0.50,1724.598697039949,29
AUS,glp1,afford,3461.581985042252,29
BGD,combo,0.20,14063.70476496287,29
BGD,combo,0.50,15999.361159706696,29
BGD,combo,afford,17939.541469428987,29
BGD,diet,0.20,12775.758537662336,29
BGD,diet,0.50,12775.758537662336,29
BGD,diet,afford,12775.758537662336,29
BGD,glp1,0.20,1327.117790152079,29
BGD,glp1,0.50,3321.6925394589616,29
BGD,glp1,afford,5320.9857502356535,29
BGR,combo,0.20,1262.3684187812937,29
BGR,combo,0.50,1693.630655268871,29
BGR,combo,afford,2420.2222330812037,29
BGR,diet,0.20,976.7724400011616,29
BGR,diet,0.50,976.7724400011616,29
BGR,diet,afford,976.7724400011616,29
BGR,glp1,0.20,292.07967581664093,29
BGR,glp1,0.50,733.1740851802538,29
BGR,glp1,afford,1476.442138347557,29
BRA,combo,0.20,17428.96750198769,29
BRA,combo,0.50,25611.48893393256,29
BRA,combo,afford,39318.0489423118,29
BRA,diet,0.20,11991.041931925836,29
BRA,diet,0.50,11991.041931925836,29
BRA,diet,afford,11991.041931925836,29
BRA,glp1,0.20,5573.148791371161,29
BRA,glp1,0.50,13959.077527870351,29
BRA,glp1,afford,28006.16195780529,29
CAN,combo,0.20,2254.761939914617,29
CAN,combo,0.50,3585.842772490031,29
CAN,combo,afford,5813.9085176096205,29
CAN,diet,0.20,1369.751099549933,29
CAN,diet,0.50,1369.751099549933,29
CAN,diet,afford,1369.751099549933,29
CAN,glp1,0.20,901.3368772942476,29
CAN,glp1,0.50,2256.9343316798904,29
CAN,glp1,afford,4525.931941894956,29
CHN,combo,0.20,179667.2250829155,29
CHN,combo,0.50,213609.34859466777,29
CHN,combo,afford,270331.55436777207,29
CHN,diet,0.20,157076.97548756743,29
CHN,diet,0.50,157076.97548756743,29
CHN,diet,afford,157076.97548756743,29
CHN,glp1,0.20,23356.1327517818,29
CHN,glp1,0.50,58449.69280401345,29
CHN,glp1,afford,117097.92196046971,29
DEU,combo,0.20,7245.716819180143,29
DEU,combo,0.50,11817.585422445762,29
DEU,combo,afford,19489.61203340945,29
DEU,diet,0.20,4210.729715894922,29
DEU,diet,0.50,4210.729715894922,29
DEU,diet,afford,4210.729715894922,29
DEU,glp1,0.20,3080.0305524147007,29
DEU,glp1,0.50,7719.791752154859,29
DEU,glp1,afford,15505.847998799636,29
EGY,combo,0.20,9185.251523154686,29
EGY,combo,0.50,16833.74621653492,29
EGY,combo,afford,29775.783122056662,29
EGY,diet,0.20,4133.531561396965,29
EGY,diet,0.50,4133.531561396965,29
EGY,diet,afford,4133.531561396965,29
EGY,glp1,0.20,5089.569389115088,29
EGY,glp1,0.50,12795.706097078832,29
EGY,glp1,afford,25836.184046984978,29
GBR,combo,0.20,4342.818678424538,29
GBR,combo,0.50,6859.626402764343,29
GBR,combo,afford,11074.754179131902,29
GBR,diet,0.20,2670.0083172270115,29
GBR,diet,0.50,2670.0083172270115,29
GBR,diet,afford,2670.0083172270115,29
GBR,glp1,0.20,1705.3559196353726,29
GBR,glp1,0.50,4271.071499223394,29
GBR,glp1,afford,8567.942686166665,29
GLB,combo,0.20,727830.0815827332,29
GLB,combo,0.50,914452.9332518522,29
GLB,combo,afford,1226548.2995880158,29
GLB,diet,0.20,603677.2384417837,29
GLB,diet,0.50,603677.2384417837,29
GLB,diet,afford,603677.2384417837,29
GLB,glp1,0.20,127966.27656881232,29
GLB,glp1,0.50,320322.4701573069,29
GLB,glp1,afford,642008.5699028705,29
IND,combo,0.20,82516.94401963994,29
IND,combo,0.50,97154.68163642474,29
IND,combo,afford,121602.08023006778,29
IND,diet,0.20,72771.1622442785,29
IND,diet,0.50,72771.1622442785,29
IND,diet,afford,72771.1622442785,29
IND,glp1,0.20,9945.915713520022,29
IND,glp1,0.50,24884.3720912923,29
IND,glp1,afford,49834.35425041878,29
ISR,combo,0.20,474.32755354903793,29
ISR,combo,0.50,779.159463499481,29
ISR,combo,afford,1291.207708198647,29
ISR,diet,0.20,272.084926895629,29
ISR,diet,0.50,272.084926895629,29
ISR,diet,afford,272.084926895629,29
ISR,glp1,0.20,205.79366576854383,29
ISR,glp1,0.50,515.9615010253485,29
ISR,glp1,afford,1036.9280146001518,29
JPN,combo,0.20,6064.760972400836,29
JPN,combo,0.50,7876.421104616715,29
JPN,combo,afford,10905.452351143129,29
JPN,diet,0.20,4859.331306138385,29
JPN,diet,0.50,4859.331306138385,29
JPN,diet,afford,4859.331306138385,29
JPN,glp1,0.20,1233.2115596690855,29
JPN,glp1,0.50,3086.54849628605,29
JPN,glp1,afford,6185.05424462321,29
MEX,combo,0.20,7597.3932771162035,29
MEX,combo,0.50,13822.46979202492,29
MEX,combo,afford,24337.79461678745,29
MEX,diet,0.20,3481.374118692908,29
MEX,diet,0.50,3481.374118692908,29
MEX,diet,afford,3481.374118692908,29
MEX,glp1,0.20,4155.586968488227,29
MEX,glp1,0.50,10440.483371657774,29
MEX,glp1,afford,21056.795504392598,29
NGA,combo,0.20,2943.980952383161,29
NGA,combo,0.50,5784.769218865458,29
NGA,combo,afford,4836.21069219803,29
NGA,diet,0.20,1058.166164675982,29
NGA,diet,0.50,1058.166164675982,29
NGA,diet,afford,1058.166164675982,29
NGA,glp1,0.20,1892.792877153977,29
NGA,glp1,0.50,4744.072155451529,29
NGA,glp1,afford,3792.01343578066,29
NZL,combo,0.20,464.41247185095096,29
NZL,combo,0.50,733.9971686032667,29
NZL,combo,afford,1186.1715146653787,29
NZL,diet,0.20,285.4012244536906,29
NZL,diet,0.50,285.4012244536906,29
NZL,diet,afford,285.4012244536906,29
NZL,glp1,0.20,182.2422491828036,29
NZL,glp1,0.50,456.7007274984072,29
NZL,glp1,afford,917.0705813053788,29
ROU,combo,0.20,3573.5086379051813,29
ROU,combo,0.50,4598.140995934004,29
ROU,combo,afford,6322.94001124009,29
ROU,diet,0.20,2894.583663554617,29
ROU,diet,0.50,2894.583663554617,29
ROU,diet,afford,2894.583663554617,29
ROU,glp1,0.20,696.7848171114065,29
ROU,glp1,0.50,1748.4701910440906,29
ROU,glp1,afford,3519.0740422107506,29
TUR,combo,0.20,7473.426224509127,29
TUR,combo,0.50,12898.639971564297,29
TUR,combo,afford,22033.388606029694,29
TUR,diet,0.20,3879.317901114009,29
TUR,diet,0.50,3879.317901114009,29
TUR,diet,afford,3879.317901114009,29
TUR,glp1,0.20,3636.8157333191593,29
TUR,glp1,0.50,9126.607540230149,29
TUR,glp1,afford,18370.381889129785,29
USA,combo,0.20,32423.475676045917,29
USA,combo,0.50,50540.52629665121,29
USA,combo,afford,81019.51131985795,29
USA,diet,0.20,20415.12131987412,29
USA,diet,0.50,20415.12131987412,29
USA,diet,afford,20415.12131987412,29
USA,glp1,0.20,12244.53043271076,29
USA,glp1,0.50,30717.74467465414,29
USA,glp1,afford,61795.41173331653,29
ZAF,combo,0.20,1108.0779600042424,29
ZAF,combo,0.50,2538.034171338555,29
ZAF,combo,afford,3976.74122275081,29
ZAF,diet,0.20,159.46626167651266,29
ZAF,diet,0.50,159.46626167651266,29
ZAF,diet,afford,159.46626167651266,29
ZAF,glp1,0.20,950.2173118784794,29
ZAF,glp1,0.50,2382.584765616839,29
ZAF,glp1,afford,3823.706434292264,29
AUS,combo,0.20,1888.045883189592,30
AUS,combo,0.50,2909.340639520384,30
AUS,combo,afford,4621.5601001393525,30
AUS,diet,0.20,1209.664411389802,30
AUS,diet,0.50,1209.664411389802,30
AUS,diet,afford,1209.664411389802,30
AUS,glp1,0.20,692.4650594225868,30
AUS,glp1,0.50,1734.9408601040668,30
AUS,glp1,afford,3482.608537563968,30
BGD,combo,0.20,14160.51546978906,30
BGD,combo,0.50,16096.915193195557,30
BGD,combo,afford,18037.95183693959,30
BGD,diet,0.20,12872.13604048368,30
BGD,diet,0.50,12872.13604048368,30
BGD,diet,afford,12872.13604048368,30
BGD,glp1,0.20,1327.1974516502978,30
BGD,glp1,0.50,3321.9894732184,30
BGD,glp1,afford,5321.61813193954,30
BGR,combo,0.20,1245.615050177812,30
BGR,combo,0.50,1669.1918084846045,30
BGR,combo,afford,2382.951916520952,30
BGR,diet,0.20,965.137690101311,30
BGR,diet,0.50,965.137690101311,30
BGR,diet,afford,965.137690101311,30
BGR,glp1,0.20,286.76937071361067,30
BGR,glp1,0.50,719.8917279394864,30
BGR,glp1,afford,1449.8533574639816,30
BRA,combo,0.20,17609.591559086657,30
BRA,combo,0.50,25830.57564370133,30
BRA,combo,afford,39604.43772288796,30
BRA,diet,0.20,12146.814361847588,30
BRA,diet,0.50,12146.814361847588,30
BRA,diet,afford,12146.814361847588,30
BRA,glp1,0.20,5598.237109706992,30
BRA,glp1,0.50,14023.044477489297,30
BRA,glp1,afford,28138.28947815884,30
CAN,combo,0.20,2266.7004002093763,30
CAN,combo,0.50,3594.9172075578253,30
CAN,combo,afford,5818.28296380876,30
CAN,diet,0.20,1383.617218248186,30
CAN,diet,0.50,1383.617218248186,30
CAN,diet,afford,1383.617218248186,30
CAN,glp1,0.20,899.4682847345366,30
CAN,glp1,0.50,2252.2948286415603,30
CAN,glp1,afford,4516.759797630017,30
CHN,combo,0.20,180807.20827749145,30
CHN,combo,0.50,214725.42519448945,30
CHN,combo,afford,271410.77822190465,30
CHN,diet,0.20,158233.64377913697,30
CHN,diet,0.50,158233.64377913697,30
CHN,diet,afford,158233.64377913697,30
CHN,glp1,0.20,23336.57494689146,30
CHN,glp1,0.50,58402.05925614109,30
CHN,glp1,afford,117006.8636830866,30
DEU,combo,0.20,7222.202558765834,30
DEU,combo,0.50,11756.853174868662,30
DEU,combo,afford,19367.68110223962,30
DEU,diet,0.20,4212.229985872662,30
DEU,diet,0.50,4212.229985872662,30
DEU,diet,afford,4212.229985872662,30
DEU,glp1,0.20,3054.5946916164685,30
DEU,glp1,0.50,7656.521196885606,30
DEU,glp1,afford,15380.392680654662,30
EGY,combo,0.20,9211.18187605046,30
EGY,combo,0.50,16856.39070313902,30
EGY,combo,afford,29799.777957547496,30
EGY,diet,0.20,4163.312419331764,30
EGY,diet,0.50,4163.312419331764,30
EGY,diet,afford,4163.312419331764,30
EGY,glp1,0.20,5084.842470835567,30
EGY,glp1,0.50,12786.414706672853,30
EGY,glp1,afford,25826.21224381658,30
GBR,combo,0.20,4359.536502030429,30
GBR,combo,0.50,6870.906727447196,30
GBR,combo,afford,11077.299813475316,30
GBR,diet,0.20,2690.4326829315605,30
GBR,diet,0.50,2690.4326829315605,30
GBR,diet,afford,2690.4326829315605,30
GBR,glp1,0.20,1701.639262364688,30
GBR,glp1,0.50,4261.9133625585055,30
GBR,glp1,afford,8550.073366790228,30
GLB,combo,0.20,736608.0328360281,30
GLB,combo,0.50,924171.8450753732,30
GLB,combo,afford,1237868.4716674031,30
GLB,diet,0.20,611836.0956861672,30
GLB,diet,0.50,611836.0956861672,30
GLB,diet,afford,611836.0956861672,30
GLB,glp1,0.20,128594.59223265645,30
GLB,glp1,0.50,321906.5750513342,30
GLB,glp1,afford,645221.3322903313,30
IND,combo,0.20,83262.1858511124,30
IND,combo,0.50,97918.8832039694,30
IND,combo,afford,122399.53133826384,30
IND,diet,0.20,73504.17470847207,30
IND,diet,0.50,73504.17470847207,30
IND,diet,afford,73504.17470847207,30
IND,glp1,0.20,9957.056677073531,30
IND,glp1,0.50,24912.86566579476,30
IND,glp1,afford,49893.48734531256,30
ISR,combo,0.20,483.645366203081,30
ISR,combo,0.50,793.0539091678547,30
ISR,combo,afford,1312.8686315009245,30
ISR,diet,0.20,278.3853701122557,30
ISR,diet,0.50,278.3853701122557,30
ISR,diet,afford,278.3853701122557,30
ISR,glp1,0.20,208.8727362598213,30
ISR,glp1,0.50,523.7108504608939,30
ISR,glp1,afford,1052.6028915021834,30
JPN,combo,0.20,6077.01561510397,30
JPN,combo,0.50,7876.985921292631,30
JPN,combo,afford,10886.661458830247,30
JPN,diet,0.20,4879.409523511018,30
JPN,diet,0.50,4879.409523511018,30
JPN,diet,afford,4879.409523511018,30
JPN,glp1,0.20,1225.3366236367765,30
JPN,glp1,0.50,3066.9086361325462,30
JPN,glp1,afford,6145.938772378813,30
MEX,combo,0.20,7688.966600821721,30
MEX,combo,0.50,13960.11755193426,30
MEX,combo,afford,24557.277434866013,30
MEX,diet,0.20,3543.4342444296053,30
MEX,diet,0.50,3543.4342444296053,30
MEX,diet,afford,3543.4342444296053,30
MEX,glp1,0.20,4185.208454857508,30
MEX,glp1,0.50,10516.36609622174,30
MEX,glp1,afford,21214.892847674197,30
NGA,combo,0.20,3002.514933542592,30
NGA,combo,0.50,5888.619700792402,30
NGA,combo,afford,4924.888007632449,30
NGA,diet,0.20,1086.8231119946358,30
NGA,diet,0.50,1086.8231119946358,30
NGA,diet,afford,1086.8231119946358,30
NGA,glp1,0.20,1922.7742412794505,30
NGA,glp1,0.50,4819.528564870921,30
NGA,glp1,afford,3852.24355599616,30
NZL,combo,0.20,467.4392199375517,30
NZL,combo,0.50,737.6012075785821,30
NZL,combo,afford,1190.808643533725,30
NZL,diet,0.20,288.06068631112566,30
NZL,diet,0.50,288.06068631112566,30
NZL,diet,afford,288.06068631112566,30
NZL,glp1,0.20,182.60800059127223,30
NZL,glp1,0.50,457.64288611829727,30
NZL,glp1,afford,919.0482058977476,30
ROU,combo,0.20,3544.8058092306837,30
ROU,combo,0.50,4556.192137909784,30
ROU,combo,afford,6259.034748280046,30
ROU,diet,0.20,2874.7417035922267,30
ROU,diet,0.50,2874.7417035922267,30
ROU,diet,afford,2874.7417035922267,30
ROU,glp1,0.20,687.4774187904113,30
ROU,glp1,0.50,1725.2501834229804,30
ROU,glp1,afford,3472.7955833423207,30
TUR,combo,0.20,7548.395820722999,30
TUR,combo,0.50,13006.141238605696,30
TUR,combo,afford,22198.15740721088,30
TUR,diet,0.20,3933.348499625648,30
TUR,diet,0.50,3933.348499625648,30
TUR,diet,afford,3933.348499625648,30
TUR,glp1,0.20,3657.738417770856,30
TUR,glp1,0.50,9180.065812688405,30
TUR,glp1,afford,18481.191817083207,30
USA,combo,0.20,32454.39043697463,30
USA,combo,0.50,50486.64094676376,30
USA,combo,afford,80828.6294056697,30
USA,diet,0.20,20503.62201485643,30
USA,diet,0.50,20503.62201485643,30
USA,diet,afford,20503.62201485643,30
USA,glp1,0.20,12185.345496354392,30
USA,glp1,0.50,30571.465038235605,30
USA,glp1,afford,61508.59462607124,30
ZAF,combo,0.20,1118.933330012378,30
ZAF,combo,0.50,2560.6752115101845,30
ZAF,combo,afford,4011.403360412826,30
ZAF,diet,0.20,162.59018716913306,30
ZAF,diet,0.50,162.59018716913306,30
ZAF,diet,afford,162.59018716913306,30
ZAF,glp1,0.20,957.9677457744748,30
ZAF,glp1,0.50,2402.149737228536,30
ZAF,glp1,afford,3855.321833553664,30
